Tick,Aircraft X,Aircraft Y,Aircraft Heading,A1,A2,A3,A4,Radar X,Radar Y,Radar Azimuth,Radar RPM,Radar Scan Pattern
0,1100,700,12.619318585210708,-85,-85,-85,-85,1350,700,89.53181309529836,10.705206870130725,circular
1,1100,700,12.619318585210708,-85,-85,-85,-85,1350,700,100.23701996542908,10.705206870130725,circular
2,1100,700,12.619318585210708,-85,-85,-85,-85,1350,700,110.94222683555981,10.705206870130725,circular
3,1100,700,12.619318585210708,-85,-85,-85,-85,1350,700,121.64743370569053,10.705206870130725,circular
4,1100,700,12.619318585210708,-85,-85,-85,-85,1350,700,132.35264057582125,10.705206870130725,circular
5,1100,700,12.619318585210708,-85,-85,-85,-85,1350,700,143.05784744595198,10.705206870130725,circular
6,1100,700,12.619318585210708,21.813356630230874,-85,-85,19.91435422725632,1350,700,153.7630543160827,10.705206870130725,circular
7,1100,700,12.619318585210708,24.33271141113945,-85,-85,23.769789312347285,1350,700,164.46826118621343,10.705206870130725,circular
8,1100,700,12.619318585210708,25.614204328866276,-85,-85,25.36180729449956,1350,700,175.17346805634415,10.705206870130725,circular
9,1100,700,12.619318585210708,26.067010357935978,-85,-85,25.9816463993744,1350,700,185.87867492647487,10.705206870130725,circular
10,1100,700,12.619318585210708,25.946643644493044,-85,-85,26.035130213615616,1350,700,196.5838817966056,10.705206870130725,circular
11,1100,700,12.619318585210708,25.157178905256924,-85,-85,25.452908776355446,1350,700,207.28908866673632,10.705206870130725,circular
12,1100,700,12.619318585210708,23.319699537123853,-85,-85,23.97102224645776,1350,700,217.99429553686704,10.705206870130725,circular
13,1100,700,12.619318585210708,19.25639156218219,-85,-85,20.97742610025735,1350,700,228.69950240699777,10.705206870130725,circular
14,1100,700,12.619318585210708,-85,-85,-85,-85,1350,700,239.4047092771285,10.705206870130725,circular
15,1100,700,12.619318585210708,-85,-85,-85,-85,1350,700,250.1099161472592,10.705206870130725,circular
16,1100,700,12.619318585210708,-85,-85,-85,-85,1350,700,260.81512301738996,10.705206870130725,circular
17,1100,700,12.619318585210708,-85,-85,-85,-85,1350,700,271.5203298875207,10.705206870130725,circular
18,1100,700,12.619318585210708,-85,-85,-85,-85,1350,700,282.2255367576514,10.705206870130725,circular
19,1100,700,12.619318585210708,-85,-85,-85,-85,1350,700,292.93074362778214,10.705206870130725,circular
20,1100,700,12.619318585210708,-85,-85,-85,-85,1350,700,303.63595049791286,10.705206870130725,circular
21,1100,700,12.619318585210708,-85,-85,-85,-85,1350,700,314.3411573680436,10.705206870130725,circular
22,1100,700,12.619318585210708,-85,-85,-85,-85,1350,700,325.0463642381743,10.705206870130725,circular
23,1100,700,12.619318585210708,-85,-85,-85,-85,1350,700,335.75157110830503,10.705206870130725,circular
24,1100,700,12.619318585210708,-85,-85,-85,-85,1350,700,346.45677797843575,10.705206870130725,circular
25,1100,700,12.619318585210708,-85,-85,-85,-85,1350,700,357.1619848485665,10.705206870130725,circular
26,1100,700,12.619318585210708,-85,-85,-85,-85,1350,700,7.8671917186972,10.705206870130725,circular
27,1100,700,12.619318585210708,-85,-85,-85,-85,1350,700,18.572398588827923,10.705206870130725,circular
28,1100,700,12.619318585210708,-85,-85,-85,-85,1350,700,29.277605458958647,10.705206870130725,circular
29,1100,700,12.619318585210708,-85,-85,-85,-85,1350,700,39.98281232908937,10.705206870130725,circular
30,1100,700,12.619318585210708,-85,-85,-85,-85,1350,700,50.68801919922009,10.705206870130725,circular
31,1100,700,12.619318585210708,-85,-85,-85,-85,1350,700,61.39322606935082,10.705206870130725,circular
32,1100,700,12.619318585210708,-85,-85,-85,-85,1350,700,72.09843293948154,10.705206870130725,circular
33,1100,700,12.619318585210708,-85,-85,-85,-85,1350,700,82.80363980961226,10.705206870130725,circular
34,1100,700,12.619318585210708,-85,-85,-85,-85,1350,700,93.50884667974299,10.705206870130725,circular
35,1100,700,12.619318585210708,-85,-85,-85,-85,1350,700,104.21405354987371,10.705206870130725,circular
36,1100,700,12.619318585210708,-85,-85,-85,-85,1350,700,114.91926042000443,10.705206870130725,circular
37,1100,700,12.619318585210708,-85,-85,-85,-85,1350,700,125.62446729013516,10.705206870130725,circular
38,1100,700,12.619318585210708,-85,-85,-85,-85,1350,700,136.32967416026588,10.705206870130725,circular
39,1100,700,12.619318585210708,17.513155499392102,-85,-85,11.505794098357505,1350,700,147.0348810303966,10.705206870130725,circular
40,1100,700,12.619318585210708,23.06730250275713,-85,-85,21.813356630230874,1350,700,157.74008790052733,10.705206870130725,circular
41,1100,700,12.619318585210708,24.92014212493214,-85,-85,24.495315191602927,1350,700,168.44529477065805,10.705206870130725,circular
42,1100,700,12.619318585210708,25.859665714847075,-85,-85,25.684904084789974,1350,700,179.15050164078878,10.705206870130725,circular
43,1100,700,12.619318585210708,26.074956048612798,-85,-85,26.067010357935978,1350,700,189.8557085109195,10.705206870130725,circular
44,1100,700,12.619318585210708,25.7492610641292,-85,-85,25.906018829630398,1350,700,200.56091538105022,10.705206870130725,circular
45,1100,700,12.619318585210708,24.646943359767004,-85,-85,25.042923900792417,1350,700,211.26612225118095,10.705206870130725,circular
46,1100,700,12.619318585210708,22.170735458799452,-85,-85,23.319699537123853,1350,700,221.97132912131167,10.705206870130725,circular
47,1100,700,12.619318585210708,14.513447644213265,-85,-85,18.474304759512954,1350,700,232.6765359914424,10.705206870130725,circular
48,1100,700,12.619318585210708,-85,-85,-85,-85,1350,700,243.38174286157312,10.705206870130725,circular
49,1100,700,12.619318585210708,-85,-85,-85,-85,1350,700,254.08694973170384,10.705206870130725,circular
50,1100,700,12.619318585210708,-85,-85,-85,-85,1350,700,264.79215660183456,10.705206870130725,circular
51,1100,700,12.619318585210708,-85,-85,-85,-85,1350,700,275.4973634719653,10.705206870130725,circular
52,1100,700,12.619318585210708,-85,-85,-85,-85,1350,700,286.202570342096,10.705206870130725,circular
53,1100,700,12.619318585210708,-85,-85,-85,-85,1350,700,296.90777721222673,10.705206870130725,circular
54,1100,700,12.619318585210708,-85,-85,-85,-85,1350,700,307.61298408235746,10.705206870130725,circular
55,1100,700,12.619318585210708,-85,-85,-85,-85,1350,700,318.3181909524882,10.705206870130725,circular
56,1100,700,12.619318585210708,-85,-85,-85,-85,1350,700,329.0233978226189,10.705206870130725,circular
57,1100,700,12.619318585210708,-85,-85,-85,-85,1350,700,339.7286046927496,10.705206870130725,circular
58,1100,700,12.619318585210708,-85,-85,-85,-85,1350,700,350.43381156288035,10.705206870130725,circular
59,1100,700,12.619318585210708,-85,-85,-85,-85,1350,700,1.1390184330110742,10.705206870130725,circular
60,1100,700,12.619318585210708,-85,-85,-85,-85,1350,700,11.8442253031418,10.705206870130725,circular
61,1100,700,12.619318585210708,-85,-85,-85,-85,1350,700,22.549432173272525,10.705206870130725,circular
62,1100,700,12.619318585210708,-85,-85,-85,-85,1350,700,33.25463904340325,10.705206870130725,circular
63,1100,700,12.619318585210708,-85,-85,-85,-85,1350,700,43.959845913533975,10.705206870130725,circular
64,1100,700,12.619318585210708,-85,-85,-85,-85,1350,700,54.6650527836647,10.705206870130725,circular
65,1100,700,12.619318585210708,-85,-85,-85,-85,1350,700,65.37025965379543,10.705206870130725,circular
66,1100,700,12.619318585210708,-85,-85,-85,-85,1350,700,76.07546652392615,10.705206870130725,circular
67,1100,700,12.619318585210708,-85,-85,-85,-85,1350,700,86.78067339405688,10.705206870130725,circular
68,1100,700,12.619318585210708,-85,-85,-85,-85,1350,700,97.4858802641876,10.705206870130725,circular
69,1100,700,12.619318585210708,-85,-85,-85,-85,1350,700,108.19108713431832,10.705206870130725,circular
70,1100,700,12.619318585210708,-85,-85,-85,-85,1350,700,118.89629400444905,10.705206870130725,circular
71,1100,700,12.619318585210708,-85,-85,-85,-85,1350,700,129.60150087457978,10.705206870130725,circular
72,1100,700,12.619318585210708,-85,-85,-85,-85,1350,700,140.3067077447105,10.705206870130725,circular
73,1100,700,12.619318585210708,20.48098321025059,-85,-85,18.47430475951294,1350,700,151.01191461484123,10.705206870130725,circular
74,1100,700,12.619318585210708,23.769789312347285,-85,-85,23.06730250275713,1350,700,161.71712148497195,10.705206870130725,circular
75,1100,700,12.619318585210708,25.36180729449956,-85,-85,25.042923900792417,1350,700,172.42232835510268,10.705206870130725,circular
76,1100,700,12.619318585210708,26.011117049096303,-85,-85,25.906018829630398,1350,700,183.1275352252334,10.705206870130725,circular
77,1100,700,12.619318585210708,26.011117049096303,-85,-85,26.074956048612798,1350,700,193.83274209536413,10.705206870130725,circular
78,1100,700,12.619318585210708,25.452908776355446,-85,-85,25.684904084789977,1350,700,204.53794896549485,10.705206870130725,circular
79,1100,700,12.619318585210708,23.97102224645776,-85,-85,24.495315191602927,1350,700,215.24315583562557,10.705206870130725,circular
80,1100,700,12.619318585210708,20.48098321025059,-85,-85,22.170735458799452,1350,700,225.9483627057563,10.705206870130725,circular
81,1100,700,12.619318585210708,-85,-85,-85,11.50579409835762,1350,700,236.65356957588702,10.705206870130725,circular
82,1100,700,12.619318585210708,-85,-85,-85,-85,1350,700,247.35877644601774,10.705206870130725,circular
83,1100,700,12.619318585210708,-85,-85,-85,-85,1350,700,258.0639833161485,10.705206870130725,circular
84,1100,700,12.619318585210708,-85,-85,-85,-85,1350,700,268.7691901862792,10.705206870130725,circular
85,1100,700,12.619318585210708,-85,-85,-85,-85,1350,700,279.47439705640994,10.705206870130725,circular
86,1100,700,12.619318585210708,-85,-85,-85,-85,1350,700,290.17960392654066,10.705206870130725,circular
87,1100,700,12.619318585210708,-85,-85,-85,-85,1350,700,300.8848107966714,10.705206870130725,circular
88,1100,700,12.619318585210708,-85,-85,-85,-85,1350,700,311.5900176668021,10.705206870130725,circular
89,1100,700,12.619318585210708,-85,-85,-85,-85,1350,700,322.29522453693284,10.705206870130725,circular
90,1100,700,12.619318585210708,-85,-85,-85,-85,1350,700,333.00043140706356,10.705206870130725,circular
91,1100,700,12.619318585210708,-85,-85,-85,-85,1350,700,343.7056382771943,10.705206870130725,circular
92,1100,700,12.619318585210708,-85,-85,-85,-85,1350,700,354.410845147325,10.705206870130725,circular
93,1100,700,12.619318585210708,-85,-85,-85,-85,1350,700,5.116052017455729,10.705206870130725,circular
94,1100,700,12.619318585210708,-85,-85,-85,-85,1350,700,15.821258887586454,10.705206870130725,circular
95,1100,700,12.619318585210708,-85,-85,-85,-85,1350,700,26.52646575771718,10.705206870130725,circular
96,1100,700,12.619318585210708,-85,-85,-85,-85,1350,700,37.23167262784791,10.705206870130725,circular
97,1100,700,12.619318585210708,-85,-85,-85,-85,1350,700,47.93687949797863,10.705206870130725,circular
98,1100,700,12.619318585210708,-85,-85,-85,-85,1350,700,58.642086368109354,10.705206870130725,circular
99,1100,700,12.619318585210708,-85,-85,-85,-85,1350,700,69.34729323824008,10.705206870130725,circular
100,1100,700,12.619318585210708,-85,-85,-85,-85,1350,700,80.05250010837081,10.705206870130725,circular
101,1100,700,12.619318585210708,-85,-85,-85,-85,1350,700,90.75770697850153,10.705206870130725,circular
102,1100,700,12.619318585210708,-85,-85,-85,-85,1350,700,101.46291384863225,10.705206870130725,circular
103,1100,700,12.619318585210708,-85,-85,-85,-85,1350,700,112.16812071876298,10.705206870130725,circular
104,1100,700,12.619318585210708,-85,-85,-85,-85,1350,700,122.8733275888937,10.705206870130725,circular
105,1100,700,12.619318585210708,-85,-85,-85,-85,1350,700,133.57853445902444,10.705206870130725,circular
106,1100,700,12.619318585210708,11.505794098357505,-85,-85,-85,1350,700,144.28374132915516,10.705206870130725,circular
107,1100,700,12.619318585210708,22.170735458799452,-85,-85,20.97742610025734,1350,700,154.9889481992859,10.705206870130725,circular
108,1100,700,12.619318585210708,24.495315191602927,-85,-85,23.971022246457757,1350,700,165.6941550694166,10.705206870130725,circular
109,1100,700,12.619318585210708,25.684904084789974,-85,-85,25.452908776355446,1350,700,176.39936193954733,10.705206870130725,circular
110,1100,700,12.619318585210708,26.074956048612798,-85,-85,26.035130213615616,1350,700,187.10456880967806,10.705206870130725,circular
111,1100,700,12.619318585210708,25.859665714847075,-85,-85,26.011117049096303,1350,700,197.80977567980878,10.705206870130725,circular
112,1100,700,12.619318585210708,25.042923900792417,-85,-85,25.361807294499556,1350,700,208.5149825499395,10.705206870130725,circular
113,1100,700,12.619318585210708,23.067302502757133,-85,-85,23.769789312347285,1350,700,219.22018942007023,10.705206870130725,circular
114,1100,700,12.619318585210708,17.51315549939211,-85,-85,20.48098321025059,1350,700,229.92539629020095,10.705206870130725,circular
115,1100,700,12.619318585210708,-85,-85,-85,-85,1350,700,240.63060316033167,10.705206870130725,circular
116,1100,700,12.619318585210708,-85,-85,-85,-85,1350,700,251.3358100304624,10.705206870130725,circular
117,1100,700,12.619318585210708,-85,-85,-85,-85,1350,700,262.04101690059315,10.705206870130725,circular
118,1100,700,12.619318585210708,-85,-85,-85,-85,1350,700,272.7462237707239,10.705206870130725,circular
119,1100,700,12.619318585210708,-85,-85,-85,-85,1350,700,283.4514306408546,10.705206870130725,circular
120,1100,700,12.619318585210708,-85,-85,-85,-85,1350,700,294.1566375109853,10.705206870130725,circular
121,1100,700,12.619318585210708,-85,-85,-85,-85,1350,700,304.86184438111604,10.705206870130725,circular
122,1100,700,12.619318585210708,-85,-85,-85,-85,1350,700,315.56705125124677,10.705206870130725,circular
123,1100,700,12.619318585210708,-85,-85,-85,-85,1350,700,326.2722581213775,10.705206870130725,circular
124,1100,700,12.619318585210708,-85,-85,-85,-85,1350,700,336.9774649915082,10.705206870130725,circular
125,1100,700,12.619318585210708,-85,-85,-85,-85,1350,700,347.68267186163894,10.705206870130725,circular
126,1100,700,12.619318585210708,-85,-85,-85,-85,1350,700,358.38787873176966,10.705206870130725,circular
127,1100,700,12.619318585210708,-85,-85,-85,-85,1350,700,9.093085601900384,10.705206870130725,circular
128,1100,700,12.619318585210708,-85,-85,-85,-85,1350,700,19.798292472031108,10.705206870130725,circular
129,1100,700,12.619318585210708,-85,-85,-85,-85,1350,700,30.50349934216183,10.705206870130725,circular
130,1100,700,12.619318585210708,-85,-85,-85,-85,1350,700,41.208706212292554,10.705206870130725,circular
131,1100,700,12.619318585210708,-85,-85,-85,-85,1350,700,51.91391308242328,10.705206870130725,circular
132,1100,700,12.619318585210708,-85,-85,-85,-85,1350,700,62.619119952554,10.705206870130725,circular
133,1100,700,12.619318585210708,-85,-85,-85,-85,1350,700,73.32432682268472,10.705206870130725,circular
134,1100,700,12.619318585210708,-85,-85,-85,-85,1350,700,84.02953369281545,10.705206870130725,circular
135,1100,700,12.619318585210708,-85,-85,-85,-85,1350,700,94.73474056294617,10.705206870130725,circular
136,1100,700,12.619318585210708,-85,-85,-85,-85,1350,700,105.4399474330769,10.705206870130725,circular
137,1100,700,12.619318585210708,-85,-85,-85,-85,1350,700,116.14515430320762,10.705206870130725,circular
138,1100,700,12.619318585210708,-85,-85,-85,-85,1350,700,126.85036117333834,10.705206870130725,circular
139,1100,700,12.619318585210708,-85,-85,-85,-85,1350,700,137.55556804346907,10.705206870130725,circular
140,1100,700,12.619318585210708,18.47430475951294,-85,-85,14.513447644213304,1350,700,148.2607749135998,10.705206870130725,circular
141,1100,700,12.619318585210708,23.31969953712386,-85,-85,22.170735458799452,1350,700,158.9659817837305,10.705206870130725,circular
142,1100,700,12.619318585210708,25.042923900792417,-85,-85,24.646943359767004,1350,700,169.67118865386124,10.705206870130725,circular
143,1100,700,12.619318585210708,25.906018829630398,-85,-85,25.7492610641292,1350,700,180.37639552399196,10.705206870130725,circular
144,1100,700,12.619318585210708,26.067010357935978,-85,-85,26.077602459396946,1350,700,191.08160239412268,10.705206870130725,circular
145,1100,700,12.619318585210708,25.614204328866276,-85,-85,25.859665714847075,1350,700,201.7868092642534,10.705206870130725,circular
146,1100,700,12.619318585210708,24.495315191602927,-85,-85,24.92014212493214,1350,700,212.49201613438413,10.705206870130725,circular
147,1100,700,12.619318585210708,21.81335663023087,-85,-85,22.793695368992225,1350,700,223.19722300451485,10.705206870130725,circular
148,1100,700,12.619318585210708,-85,-85,-85,17.51315549939211,1350,700,233.90242987464558,10.705206870130725,circular
149,1100,700,12.619318585210708,-85,-85,-85,-85,1350,700,244.6076367447763,10.705206870130725,circular
150,1100,700,12.619318585210708,-85,-85,-85,-85,1350,700,255.31284361490702,10.705206870130725,circular
151,1100,700,12.619318585210708,-85,-85,-85,-85,1350,700,266.01805048503775,10.705206870130725,circular
152,1100,700,12.619318585210708,-85,-85,-85,-85,1350,700,276.72325735516847,10.705206870130725,circular
153,1100,700,12.619318585210708,-85,-85,-85,-85,1350,700,287.4284642252992,10.705206870130725,circular
154,1100,700,12.619318585210708,-85,-85,-85,-85,1350,700,298.1336710954299,10.705206870130725,circular
155,1100,700,12.619318585210708,-85,-85,-85,-85,1350,700,308.83887796556064,10.705206870130725,circular
156,1100,700,12.619318585210708,-85,-85,-85,-85,1350,700,319.54408483569136,10.705206870130725,circular
157,1100,700,12.619318585210708,-85,-85,-85,-85,1350,700,330.2492917058221,10.705206870130725,circular
158,1100,700,12.619318585210708,-85,-85,-85,-85,1350,700,340.9544985759528,10.705206870130725,circular
159,1100,700,12.619318585210708,-85,-85,-85,-85,1350,700,351.65970544608354,10.705206870130725,circular
160,1100,700,12.619318585210708,-85,-85,-85,-85,1350,700,2.3649123162142587,10.705206870130725,circular
161,1100,700,12.619318585210708,-85,-85,-85,-85,1350,700,13.070119186344984,10.705206870130725,circular
162,1100,700,12.619318585210708,-85,-85,-85,-85,1350,700,23.77532605647571,10.705206870130725,circular
163,1100,700,12.619318585210708,-85,-85,-85,-85,1350,700,34.480532926606436,10.705206870130725,circular
164,1100,700,12.619318585210708,-85,-85,-85,-85,1350,700,45.18573979673716,10.705206870130725,circular
165,1100,700,12.619318585210708,-85,-85,-85,-85,1350,700,55.89094666686788,10.705206870130725,circular
166,1100,700,12.619318585210708,-85,-85,-85,-85,1350,700,66.59615353699861,10.705206870130725,circular
167,1100,700,12.619318585210708,-85,-85,-85,-85,1350,700,77.30136040712934,10.705206870130725,circular
168,1100,700,12.619318585210708,-85,-85,-85,-85,1350,700,88.00656727726006,10.705206870130725,circular
169,1100,700,12.619318585210708,-85,-85,-85,-85,1350,700,98.71177414739078,10.705206870130725,circular
170,1100,700,12.619318585210708,-85,-85,-85,-85,1350,700,109.41698101752151,10.705206870130725,circular
171,1100,700,12.619318585210708,-85,-85,-85,-85,1350,700,120.12218788765223,10.705206870130725,circular
172,1100,700,12.619318585210708,-85,-85,-85,-85,1350,700,130.82739475778297,10.705206870130725,circular
173,1100,700,12.619318585210708,-85,-85,-85,-85,1350,700,141.5326016279137,10.705206870130725,circular
174,1100,700,12.619318585210708,20.97742610025734,-85,-85,19.25639156218217,1350,700,152.23780849804442,10.705206870130725,circular
175,1100,700,12.619318585210708,24.1582774269213,-85,-85,23.31969953712386,1350,700,162.94301536817514,10.705206870130725,circular
176,1100,700,12.619318585210708,25.452908776355446,-85,-85,25.157178905256924,1350,700,173.64822223830586,10.705206870130725,circular
177,1100,700,12.619318585210708,26.035130213615616,-85,-85,25.946643644493044,1350,700,184.3534291084366,10.705206870130725,circular
178,1100,700,12.619318585210708,25.9816463993744,-85,-85,26.053745949214605,1350,700,195.0586359785673,10.705206870130725,circular
179,1100,700,12.619318585210708,25.263344594616918,-85,-85,25.614204328866276,1350,700,205.76384284869803,10.705206870130725,circular
180,1100,700,12.619318585210708,23.769789312347285,-85,-85,24.332711411139446,1350,700,216.46904971882876,10.705206870130725,circular
181,1100,700,12.619318585210708,19.914354227256315,-85,-85,21.418119305852123,1350,700,227.17425658895948,10.705206870130725,circular
182,1100,700,12.619318585210708,-85,-85,-85,-85,1350,700,237.8794634590902,10.705206870130725,circular
183,1100,700,12.619318585210708,-85,-85,-85,-85,1350,700,248.58467032922093,10.705206870130725,circular
184,1100,700,12.619318585210708,-85,-85,-85,-85,1350,700,259.2898771993517,10.705206870130725,circular
185,1100,700,12.619318585210708,-85,-85,-85,-85,1350,700,269.9950840694824,10.705206870130725,circular
186,1100,700,12.619318585210708,-85,-85,-85,-85,1350,700,280.7002909396131,10.705206870130725,circular
187,1100,700,12.619318585210708,-85,-85,-85,-85,1350,700,291.40549780974385,10.705206870130725,circular
188,1100,700,12.619318585210708,-85,-85,-85,-85,1350,700,302.1107046798746,10.705206870130725,circular
189,1100,700,12.619318585210708,-85,-85,-85,-85,1350,700,312.8159115500053,10.705206870130725,circular
190,1100,700,12.619318585210708,-85,-85,-85,-85,1350,700,323.521118420136,10.705206870130725,circular
191,1100,700,12.619318585210708,-85,-85,-85,-85,1350,700,334.22632529026674,10.705206870130725,circular
192,1100,700,12.619318585210708,-85,-85,-85,-85,1350,700,344.93153216039747,10.705206870130725,circular
193,1100,700,12.619318585210708,-85,-85,-85,-85,1350,700,355.6367390305282,10.705206870130725,circular
194,1100,700,12.619318585210708,-85,-85,-85,-85,1350,700,6.341945900658914,10.705206870130725,circular
195,1100,700,12.619318585210708,-85,-85,-85,-85,1350,700,17.047152770789637,10.705206870130725,circular
196,1100,700,12.619318585210708,-85,-85,-85,-85,1350,700,27.75235964092036,10.705206870130725,circular
197,1100,700,12.619318585210708,-85,-85,-85,-85,1350,700,38.457566511051084,10.705206870130725,circular
198,1100,700,12.619318585210708,-85,-85,-85,-85,1350,700,49.16277338118181,10.705206870130725,circular
199,1100,700,12.619318585210708,-85,-85,-85,-85,1350,700,59.86798025131253,10.705206870130725,circular
200,1100,700,12.619318585210708,-85,-85,-85,-85,1350,700,70.57318712144325,10.705206870130725,circular
201,1100,700,12.619318585210708,-85,-85,-85,-85,1350,700,81.27839399157398,10.705206870130725,circular
202,1100,700,12.619318585210708,-85,-85,-85,-85,1350,700,91.9836008617047,10.705206870130725,circular
203,1100,700,12.619318585210708,-85,-85,-85,-85,1350,700,102.68880773183542,10.705206870130725,circular
204,1100,700,12.619318585210708,-85,-85,-85,-85,1350,700,113.39401460196615,10.705206870130725,circular
205,1100,700,12.619318585210708,-85,-85,-85,-85,1350,700,124.09922147209687,10.705206870130725,circular
206,1100,700,12.619318585210708,-85,-85,-85,-85,1350,700,134.8044283422276,10.705206870130725,circular
207,1100,700,12.619318585210708,14.513447644213304,-85,-85,-85,1350,700,145.50963521235832,10.705206870130725,circular
208,1100,700,12.619318585210708,22.496022074683278,-85,-85,21.41811930585211,1350,700,156.21484208248904,10.705206870130725,circular
209,1100,700,12.619318585210708,24.78833704083229,-85,-85,24.1582774269213,1350,700,166.92004895261977,10.705206870130725,circular
210,1100,700,12.619318585210708,25.7492610641292,-85,-85,25.536951728381826,1350,700,177.6252558227505,10.705206870130725,circular
211,1100,700,12.619318585210708,26.077602459396946,-85,-85,26.053745949214605,1350,700,188.3304626928812,10.705206870130725,circular
212,1100,700,12.619318585210708,25.807460623826316,-85,-85,25.946643644493044,1350,700,199.03566956301194,10.705206870130725,circular
213,1100,700,12.619318585210708,24.788337040832293,-85,-85,25.263344594616918,1350,700,209.74087643314266,10.705206870130725,circular
214,1100,700,12.619318585210708,22.793695368992225,-85,-85,23.553218972269416,1350,700,220.44608330327338,10.705206870130725,circular
215,1100,700,12.619318585210708,16.269948115724716,-85,-85,19.25639156218219,1350,700,231.1512901734041,10.705206870130725,circular
216,1100,700,12.619318585210708,-85,-85,-85,-85,1350,700,241.85649704353483,10.705206870130725,circular
217,1100,700,12.619318585210708,-85,-85,-85,-85,1350,700,252.56170391366555,10.705206870130725,circular
218,1100,700,12.619318585210708,-85,-85,-85,-85,1350,700,263.2669107837963,10.705206870130725,circular
219,1100,700,12.619318585210708,-85,-85,-85,-85,1350,700,273.972117653927,10.705206870130725,circular
220,1100,700,12.619318585210708,-85,-85,-85,-85,1350,700,284.6773245240577,10.705206870130725,circular
221,1100,700,12.619318585210708,-85,-85,-85,-85,1350,700,295.38253139418845,10.705206870130725,circular
222,1100,700,12.619318585210708,-85,-85,-85,-85,1350,700,306.08773826431917,10.705206870130725,circular
223,1100,700,12.619318585210708,-85,-85,-85,-85,1350,700,316.7929451344499,10.705206870130725,circular
224,1100,700,12.619318585210708,-85,-85,-85,-85,1350,700,327.4981520045806,10.705206870130725,circular
225,1100,700,12.619318585210708,-85,-85,-85,-85,1350,700,338.20335887471134,10.705206870130725,circular
226,1100,700,12.619318585210708,-85,-85,-85,-85,1350,700,348.90856574484206,10.705206870130725,circular
227,1100,700,12.619318585210708,-85,-85,-85,-85,1350,700,359.6137726149728,10.705206870130725,circular
228,1100,700,12.619318585210708,-85,-85,-85,-85,1350,700,10.318979485103512,10.705206870130725,circular
229,1100,700,12.619318585210708,-85,-85,-85,-85,1350,700,21.024186355234235,10.705206870130725,circular
230,1100,700,12.619318585210708,-85,-85,-85,-85,1350,700,31.72939322536496,10.705206870130725,circular
231,1100,700,12.619318585210708,-85,-85,-85,-85,1350,700,42.43460009549568,10.705206870130725,circular
232,1100,700,12.619318585210708,-85,-85,-85,-85,1350,700,53.139806965626406,10.705206870130725,circular
233,1100,700,12.619318585210708,-85,-85,-85,-85,1350,700,63.84501383575713,10.705206870130725,circular
234,1100,700,12.619318585210708,-85,-85,-85,-85,1350,700,74.55022070588785,10.705206870130725,circular
235,1100,700,12.619318585210708,-85,-85,-85,-85,1350,700,85.25542757601858,10.705206870130725,circular
236,1100,700,12.619318585210708,-85,-85,-85,-85,1350,700,95.9606344461493,10.705206870130725,circular
237,1100,700,12.619318585210708,-85,-85,-85,-85,1350,700,106.66584131628002,10.705206870130725,circular
238,1100,700,12.619318585210708,-85,-85,-85,-85,1350,700,117.37104818641075,10.705206870130725,circular
239,1100,700,12.619318585210708,-85,-85,-85,-85,1350,700,128.07625505654147,10.705206870130725,circular
240,1100,700,12.619318585210708,-85,-85,-85,-85,1350,700,138.7814619266722,10.705206870130725,circular
241,1100,700,12.619318585210708,19.25639156218217,-85,-85,16.269948115724727,1350,700,149.48666879680292,10.705206870130725,circular
242,1100,700,12.619318585210708,23.553218972269416,-85,-85,22.793695368992218,1350,700,160.19187566693364,10.705206870130725,circular
243,1100,700,12.619318585210708,25.26334459461691,-85,-85,24.78833704083229,1350,700,170.89708253706436,10.705206870130725,circular
244,1100,700,12.619318585210708,25.946643644493044,-85,-85,25.80746062382631,1350,700,181.6022894071951,10.705206870130725,circular
245,1100,700,12.619318585210708,26.053745949214605,-85,-85,26.077602459396946,1350,700,192.3074962773258,10.705206870130725,circular
246,1100,700,12.619318585210708,25.536951728381826,-85,-85,25.7492610641292,1350,700,203.01270314745653,10.705206870130725,circular
247,1100,700,12.619318585210708,24.332711411139446,-85,-85,24.788337040832293,1350,700,213.71791001758726,10.705206870130725,circular
248,1100,700,12.619318585210708,21.418119305852123,-85,-85,22.496022074683278,1350,700,224.42311688771798,10.705206870130725,circular
249,1100,700,12.619318585210708,-85,-85,-85,14.513447644213265,1350,700,235.1283237578487,10.705206870130725,circular
250,1100,700,12.619318585210708,-85,-85,-85,-85,1350,700,245.83353062797943,10.705206870130725,circular
251,1100,700,12.619318585210708,-85,-85,-85,-85,1350,700,256.53873749811015,10.705206870130725,circular
252,1100,700,12.619318585210708,-85,-85,-85,-85,1350,700,267.2439443682409,10.705206870130725,circular
253,1100,700,12.619318585210708,-85,-85,-85,-85,1350,700,277.9491512383716,10.705206870130725,circular
254,1100,700,12.619318585210708,-85,-85,-85,-85,1350,700,288.6543581085023,10.705206870130725,circular
255,1100,700,12.619318585210708,-85,-85,-85,-85,1350,700,299.35956497863305,10.705206870130725,circular
256,1100,700,12.619318585210708,-85,-85,-85,-85,1350,700,310.06477184876377,10.705206870130725,circular
257,1100,700,12.619318585210708,-85,-85,-85,-85,1350,700,320.7699787188945,10.705206870130725,circular
258,1100,700,12.619318585210708,-85,-85,-85,-85,1350,700,331.4751855890252,10.705206870130725,circular
259,1100,700,12.619318585210708,-85,-85,-85,-85,1350,700,342.18039245915594,10.705206870130725,circular
260,1100,700,12.619318585210708,-85,-85,-85,-85,1350,700,352.88559932928666,10.705206870130725,circular
261,1100,700,12.619318585210708,-85,-85,-85,-85,1350,700,3.5908061994173863,10.705206870130725,circular
262,1100,700,12.619318585210708,-85,-85,-85,-85,1350,700,14.296013069548112,10.705206870130725,circular
263,1100,700,12.619318585210708,-85,-85,-85,-85,1350,700,25.001219939678837,10.705206870130725,circular
264,1100,700,12.619318585210708,-85,-85,-85,-85,1350,700,35.706426809809564,10.705206870130725,circular
265,1100,700,12.619318585210708,-85,-85,-85,-85,1350,700,46.41163367994029,10.705206870130725,circular
266,1100,700,12.619318585210708,-85,-85,-85,-85,1350,700,57.11684055007101,10.705206870130725,circular
267,1100,700,12.619318585210708,-85,-85,-85,-85,1350,700,67.82204742020174,10.705206870130725,circular
268,1100,700,12.619318585210708,-85,-85,-85,-85,1350,700,78.52725429033246,10.705206870130725,circular
269,1100,700,12.619318585210708,-85,-85,-85,-85,1350,700,89.23246116046319,10.705206870130725,circular
270,1100,700,12.619318585210708,-85,-85,-85,-85,1350,700,99.93766803059391,10.705206870130725,circular
271,1100,700,12.619318585210708,-85,-85,-85,-85,1350,700,110.64287490072464,10.705206870130725,circular
272,1100,700,12.619318585210708,-85,-85,-85,-85,1350,700,121.34808177085536,10.705206870130725,circular
273,1100,700,12.619318585210708,-85,-85,-85,-85,1350,700,132.0532886409861,10.705206870130725,circular
274,1100,700,12.619318585210708,-85,-85,-85,-85,1350,700,142.75849551111682,10.705206870130725,circular
275,1100,700,12.619318585210708,21.41811930585211,-85,-85,19.91435422725632,1350,700,153.46370238124754,10.705206870130725,circular
276,1100,700,12.619318585210708,24.33271141113945,-85,-85,23.769789312347285,1350,700,164.16890925137827,10.705206870130725,circular
277,1100,700,12.619318585210708,25.614204328866276,-85,-85,25.26334459461691,1350,700,174.874116121509,10.705206870130725,circular
278,1100,700,12.619318585210708,26.053745949214605,-85,-85,25.9816463993744,1350,700,185.5793229916397,10.705206870130725,circular
279,1100,700,12.619318585210708,25.946643644493044,-85,-85,26.035130213615616,1350,700,196.28452986177044,10.705206870130725,circular
280,1100,700,12.619318585210708,25.157178905256924,-85,-85,25.452908776355446,1350,700,206.98973673190116,10.705206870130725,circular
281,1100,700,12.619318585210708,23.553218972269416,-85,-85,24.1582774269213,1350,700,217.69494360203188,10.705206870130725,circular
282,1100,700,12.619318585210708,19.25639156218219,-85,-85,20.97742610025735,1350,700,228.4001504721626,10.705206870130725,circular
283,1100,700,12.619318585210708,-85,-85,-85,-85,1350,700,239.10535734229333,10.705206870130725,circular
284,1100,700,12.619318585210708,-85,-85,-85,-85,1350,700,249.81056421242405,10.705206870130725,circular
285,1100,700,12.619318585210708,-85,-85,-85,-85,1350,700,260.5157710825548,10.705206870130725,circular
286,1100,700,12.619318585210708,-85,-85,-85,-85,1350,700,271.22097795268553,10.705206870130725,circular
287,1100,700,12.619318585210708,-85,-85,-85,-85,1350,700,281.92618482281625,10.705206870130725,circular
288,1100,700,12.619318585210708,-85,-85,-85,-85,1350,700,292.631391692947,10.705206870130725,circular
289,1100,700,12.619318585210708,-85,-85,-85,-85,1350,700,303.3365985630777,10.705206870130725,circular
290,1100,700,12.619318585210708,-85,-85,-85,-85,1350,700,314.0418054332084,10.705206870130725,circular
291,1100,700,12.619318585210708,-85,-85,-85,-85,1350,700,324.74701230333915,10.705206870130725,circular
292,1100,700,12.619318585210708,-85,-85,-85,-85,1350,700,335.45221917346987,10.705206870130725,circular
293,1100,700,12.619318585210708,-85,-85,-85,-85,1350,700,346.1574260436006,10.705206870130725,circular
294,1100,700,12.619318585210708,-85,-85,-85,-85,1350,700,356.8626329137313,10.705206870130725,circular
295,1100,700,12.619318585210708,-85,-85,-85,-85,1350,700,7.567839783862041,10.705206870130725,circular
296,1100,700,12.619318585210708,-85,-85,-85,-85,1350,700,18.273046653992765,10.705206870130725,circular
297,1100,700,12.619318585210708,-85,-85,-85,-85,1350,700,28.978253524123488,10.705206870130725,circular
298,1100,700,12.619318585210708,-85,-85,-85,-85,1350,700,39.68346039425421,10.705206870130725,circular
299,1100,700,12.619318585210708,-85,-85,-85,-85,1350,700,50.388667264384935,10.705206870130725,circular
300,1100,700,12.619318585210708,-85,-85,-85,-85,1350,700,61.09387413451566,10.705206870130725,circular
301,1100,700,12.619318585210708,-85,-85,-85,-85,1350,700,71.79908100464638,10.705206870130725,circular
302,1100,700,12.619318585210708,-85,-85,-85,-85,1350,700,82.5042878747771,10.705206870130725,circular
303,1100,700,12.619318585210708,-85,-85,-85,-85,1350,700,93.20949474490783,10.705206870130725,circular
304,1100,700,12.619318585210708,-85,-85,-85,-85,1350,700,103.91470161503855,10.705206870130725,circular
305,1100,700,12.619318585210708,-85,-85,-85,-85,1350,700,114.61990848516928,10.705206870130725,circular
306,1100,700,12.619318585210708,-85,-85,-85,-85,1350,700,125.3251153553,10.705206870130725,circular
307,1100,700,12.619318585210708,-85,-85,-85,-85,1350,700,136.03032222543072,10.705206870130725,circular
308,1100,700,12.619318585210708,17.513155499392102,-85,-85,-85,1350,700,146.73552909556145,10.705206870130725,circular
309,1100,700,12.619318585210708,22.793695368992218,-85,-85,21.813356630230874,1350,700,157.44073596569217,10.705206870130725,circular
310,1100,700,12.619318585210708,24.92014212493214,-85,-85,24.495315191602927,1350,700,168.1459428358229,10.705206870130725,circular
311,1100,700,12.619318585210708,25.859665714847075,-85,-85,25.614204328866276,1350,700,178.85114970595362,10.705206870130725,circular
312,1100,700,12.619318585210708,26.077602459396946,-85,-85,26.067010357935978,1350,700,189.55635657608434,10.705206870130725,circular
313,1100,700,12.619318585210708,25.7492610641292,-85,-85,25.906018829630398,1350,700,200.26156344621506,10.705206870130725,circular
314,1100,700,12.619318585210708,24.646943359767004,-85,-85,25.157178905256924,1350,700,210.9667703163458,10.705206870130725,circular
315,1100,700,12.619318585210708,22.496022074683278,-85,-85,23.319699537123853,1350,700,221.6719771864765,10.705206870130725,circular
316,1100,700,12.619318585210708,14.513447644213265,-85,-85,18.474304759512954,1350,700,232.37718405660723,10.705206870130725,circular
317,1100,700,12.619318585210708,-85,-85,-85,-85,1350,700,243.08239092673796,10.705206870130725,circular
318,1100,700,12.619318585210708,-85,-85,-85,-85,1350,700,253.78759779686868,10.705206870130725,circular
319,1100,700,12.619318585210708,-85,-85,-85,-85,1350,700,264.4928046669994,10.705206870130725,circular
320,1100,700,12.619318585210708,-85,-85,-85,-85,1350,700,275.1980115371301,10.705206870130725,circular
321,1100,700,12.619318585210708,-85,-85,-85,-85,1350,700,285.90321840726085,10.705206870130725,circular
322,1100,700,12.619318585210708,-85,-85,-85,-85,1350,700,296.6084252773916,10.705206870130725,circular
323,1100,700,12.619318585210708,-85,-85,-85,-85,1350,700,307.3136321475223,10.705206870130725,circular
324,1100,700,12.619318585210708,-85,-85,-85,-85,1350,700,318.018839017653,10.705206870130725,circular
325,1100,700,12.619318585210708,-85,-85,-85,-85,1350,700,328.72404588778375,10.705206870130725,circular
326,1100,700,12.619318585210708,-85,-85,-85,-85,1350,700,339.42925275791447,10.705206870130725,circular
327,1100,700,12.619318585210708,-85,-85,-85,-85,1350,700,350.1344596280452,10.705206870130725,circular
328,1100,700,12.619318585210708,-85,-85,-85,-85,1350,700,0.8396664981759159,10.705206870130725,circular
329,1100,700,12.619318585210708,-85,-85,-85,-85,1350,700,11.544873368306641,10.705206870130725,circular
330,1100,700,12.619318585210708,-85,-85,-85,-85,1350,700,22.250080238437366,10.705206870130725,circular
331,1100,700,12.619318585210708,-85,-85,-85,-85,1350,700,32.95528710856809,10.705206870130725,circular
332,1100,700,12.619318585210708,-85,-85,-85,-85,1350,700,43.66049397869882,10.705206870130725,circular
333,1100,700,12.619318585210708,-85,-85,-85,-85,1350,700,54.36570084882954,10.705206870130725,circular
334,1100,700,12.619318585210708,-85,-85,-85,-85,1350,700,65.07090771896027,10.705206870130725,circular
335,1100,700,12.619318585210708,-85,-85,-85,-85,1350,700,75.776114589091,10.705206870130725,circular
336,1100,700,12.619318585210708,-85,-85,-85,-85,1350,700,86.48132145922172,10.705206870130725,circular
337,1100,700,12.619318585210708,-85,-85,-85,-85,1350,700,97.18652832935244,10.705206870130725,circular
338,1100,700,12.619318585210708,-85,-85,-85,-85,1350,700,107.89173519948316,10.705206870130725,circular
339,1100,700,12.619318585210708,-85,-85,-85,-85,1350,700,118.59694206961389,10.705206870130725,circular
340,1100,700,12.619318585210708,-85,-85,-85,-85,1350,700,129.30214893974463,10.705206870130725,circular
341,1100,700,12.619318585210708,-85,-85,-85,-85,1350,700,140.00735580987535,10.705206870130725,circular
342,1100,700,12.619318585210708,19.91435422725632,-85,-85,17.513155499392102,1350,700,150.71256268000607,10.705206870130725,circular
343,1100,700,12.619318585210708,23.769789312347285,-85,-85,23.06730250275713,1350,700,161.4177695501368,10.705206870130725,circular
344,1100,700,12.619318585210708,25.36180729449956,-85,-85,25.042923900792417,1350,700,172.12297642026752,10.705206870130725,circular
345,1100,700,12.619318585210708,26.011117049096303,-85,-85,25.859665714847075,1350,700,182.82818329039824,10.705206870130725,circular
346,1100,700,12.619318585210708,26.035130213615616,-85,-85,26.074956048612798,1350,700,193.53339016052897,10.705206870130725,circular
347,1100,700,12.619318585210708,25.452908776355446,-85,-85,25.684904084789977,1350,700,204.2385970306597,10.705206870130725,circular
348,1100,700,12.619318585210708,23.97102224645776,-85,-85,24.646943359767004,1350,700,214.9438039007904,10.705206870130725,circular
349,1100,700,12.619318585210708,20.97742610025735,-85,-85,22.170735458799452,1350,700,225.64901077092114,10.705206870130725,circular
350,1100,700,12.619318585210708,-85,-85,-85,11.50579409835762,1350,700,236.35421764105186,10.705206870130725,circular
351,1100,700,12.619318585210708,-85,-85,-85,-85,1350,700,247.05942451118258,10.705206870130725,circular
352,1100,700,12.619318585210708,-85,-85,-85,-85,1350,700,257.76463138131334,10.705206870130725,circular
353,1100,700,12.619318585210708,-85,-85,-85,-85,1350,700,268.46983825144406,10.705206870130725,circular
354,1100,700,12.619318585210708,-85,-85,-85,-85,1350,700,279.1750451215748,10.705206870130725,circular
355,1100,700,12.619318585210708,-85,-85,-85,-85,1350,700,289.8802519917055,10.705206870130725,circular
356,1100,700,12.619318585210708,-85,-85,-85,-85,1350,700,300.58545886183623,10.705206870130725,circular
357,1100,700,12.619318585210708,-85,-85,-85,-85,1350,700,311.29066573196695,10.705206870130725,circular
358,1100,700,12.619318585210708,-85,-85,-85,-85,1350,700,321.9958726020977,10.705206870130725,circular
359,1100,700,12.619318585210708,-85,-85,-85,-85,1350,700,332.7010794722284,10.705206870130725,circular
360,1100,700,12.619318585210708,-85,-85,-85,-85,1350,700,343.4062863423591,10.705206870130725,circular
361,1100,700,12.619318585210708,-85,-85,-85,-85,1350,700,354.11149321248985,10.705206870130725,circular
362,1100,700,12.619318585210708,-85,-85,-85,-85,1350,700,4.816700082620571,10.705206870130725,circular
363,1100,700,12.619318585210708,-85,-85,-85,-85,1350,700,15.521906952751296,10.705206870130725,circular
364,1100,700,12.619318585210708,-85,-85,-85,-85,1350,700,26.22711382288202,10.705206870130725,circular
365,1100,700,12.619318585210708,-85,-85,-85,-85,1350,700,36.93232069301275,10.705206870130725,circular
366,1100,700,12.619318585210708,-85,-85,-85,-85,1350,700,47.63752756314347,10.705206870130725,circular
367,1100,700,12.619318585210708,-85,-85,-85,-85,1350,700,58.342734433274195,10.705206870130725,circular
368,1100,700,12.619318585210708,-85,-85,-85,-85,1350,700,69.04794130340493,10.705206870130725,circular
369,1100,700,12.619318585210708,-85,-85,-85,-85,1350,700,79.75314817353565,10.705206870130725,circular
370,1100,700,12.619318585210708,-85,-85,-85,-85,1350,700,90.45835504366637,10.705206870130725,circular
371,1100,700,12.619318585210708,-85,-85,-85,-85,1350,700,101.1635619137971,10.705206870130725,circular
372,1100,700,12.619318585210708,-85,-85,-85,-85,1350,700,111.86876878392782,10.705206870130725,circular
373,1100,700,12.619318585210708,-85,-85,-85,-85,1350,700,122.57397565405854,10.705206870130725,circular
374,1100,700,12.619318585210708,-85,-85,-85,-85,1350,700,133.27918252418928,10.705206870130725,circular
375,1100,700,12.619318585210708,11.505794098357505,-85,-85,-85,1350,700,143.98438939432,10.705206870130725,circular
376,1100,700,12.619318585210708,21.813356630230874,-85,-85,20.48098321025059,1350,700,154.68959626445073,10.705206870130725,circular
377,1100,700,12.619318585210708,24.495315191602927,-85,-85,23.971022246457757,1350,700,165.39480313458145,10.705206870130725,circular
378,1100,700,12.619318585210708,25.684904084789974,-85,-85,25.452908776355446,1350,700,176.10001000471217,10.705206870130725,circular
379,1100,700,12.619318585210708,26.074956048612798,-85,-85,26.011117049096303,1350,700,186.8052168748429,10.705206870130725,circular
380,1100,700,12.619318585210708,25.906018829630398,-85,-85,26.011117049096303,1350,700,197.51042374497362,10.705206870130725,circular
381,1100,700,12.619318585210708,25.042923900792417,-85,-85,25.361807294499556,1350,700,208.21563061510435,10.705206870130725,circular
382,1100,700,12.619318585210708,23.067302502757133,-85,-85,23.97102224645776,1350,700,218.92083748523507,10.705206870130725,circular
383,1100,700,12.619318585210708,18.474304759512954,-85,-85,20.48098321025059,1350,700,229.6260443553658,10.705206870130725,circular
384,1100,700,12.619318585210708,-85,-85,-85,-85,1350,700,240.33125122549652,10.705206870130725,circular
385,1100,700,12.619318585210708,-85,-85,-85,-85,1350,700,251.03645809562724,10.705206870130725,circular
386,1100,700,12.619318585210708,-85,-85,-85,-85,1350,700,261.741664965758,10.705206870130725,circular
387,1100,700,12.619318585210708,-85,-85,-85,-85,1350,700,272.4468718358887,10.705206870130725,circular
388,1100,700,12.619318585210708,-85,-85,-85,-85,1350,700,283.15207870601944,10.705206870130725,circular
389,1100,700,12.619318585210708,-85,-85,-85,-85,1350,700,293.85728557615016,10.705206870130725,circular
390,1100,700,12.619318585210708,-85,-85,-85,-85,1350,700,304.5624924462809,10.705206870130725,circular
391,1100,700,12.619318585210708,-85,-85,-85,-85,1350,700,315.2676993164116,10.705206870130725,circular
392,1100,700,12.619318585210708,-85,-85,-85,-85,1350,700,325.97290618654233,10.705206870130725,circular
393,1100,700,12.619318585210708,-85,-85,-85,-85,1350,700,336.67811305667306,10.705206870130725,circular
394,1100,700,12.619318585210708,-85,-85,-85,-85,1350,700,347.3833199268038,10.705206870130725,circular
395,1100,700,12.619318585210708,-85,-85,-85,-85,1350,700,358.0885267969345,10.705206870130725,circular
396,1100,700,12.619318585210708,-85,-85,-85,-85,1350,700,8.793733667065226,10.705206870130725,circular
397,1100,700,12.619318585210708,-85,-85,-85,-85,1350,700,19.49894053719595,10.705206870130725,circular
398,1100,700,12.619318585210708,-85,-85,-85,-85,1350,700,30.204147407326673,10.705206870130725,circular
399,1100,700,12.619318585210708,-85,-85,-85,-85,1350,700,40.909354277457396,10.705206870130725,circular
400,1100,700,12.619318585210708,-85,-85,-85,-85,1350,700,51.61456114758812,10.705206870130725,circular
401,1100,700,12.619318585210708,-85,-85,-85,-85,1350,700,62.31976801771884,10.705206870130725,circular
402,1100,700,12.619318585210708,-85,-85,-85,-85,1350,700,73.02497488784957,10.705206870130725,circular
403,1100,700,12.619318585210708,-85,-85,-85,-85,1350,700,83.73018175798029,10.705206870130725,circular
404,1100,700,12.619318585210708,-85,-85,-85,-85,1350,700,94.43538862811101,10.705206870130725,circular
405,1100,700,12.619318585210708,-85,-85,-85,-85,1350,700,105.14059549824174,10.705206870130725,circular
406,1100,700,12.619318585210708,-85,-85,-85,-85,1350,700,115.84580236837246,10.705206870130725,circular
407,1100,700,12.619318585210708,-85,-85,-85,-85,1350,700,126.55100923850318,10.705206870130725,circular
408,1100,700,12.619318585210708,-85,-85,-85,-85,1350,700,137.2562161086339,10.705206870130725,circular
409,1100,700,12.619318585210708,18.47430475951294,-85,-85,11.505794098357505,1350,700,147.96142297876463,10.705206870130725,circular
410,1100,700,12.619318585210708,23.06730250275713,-85,-85,22.170735458799452,1350,700,158.66662984889535,10.705206870130725,circular
411,1100,700,12.619318585210708,25.042923900792417,-85,-85,24.646943359767004,1350,700,169.37183671902608,10.705206870130725,circular
412,1100,700,12.619318585210708,25.906018829630398,-85,-85,25.7492610641292,1350,700,180.0770435891568,10.705206870130725,circular
413,1100,700,12.619318585210708,26.067010357935978,-85,-85,26.074956048612798,1350,700,190.78225045928752,10.705206870130725,circular
414,1100,700,12.619318585210708,25.684904084789977,-85,-85,25.859665714847075,1350,700,201.48745732941825,10.705206870130725,circular
415,1100,700,12.619318585210708,24.495315191602927,-85,-85,24.92014212493214,1350,700,212.19266419954897,10.705206870130725,circular
416,1100,700,12.619318585210708,21.81335663023087,-85,-85,23.067302502757133,1350,700,222.8978710696797,10.705206870130725,circular
417,1100,700,12.619318585210708,11.50579409835762,-85,-85,17.51315549939211,1350,700,233.60307793981042,10.705206870130725,circular
418,1100,700,12.619318585210708,-85,-85,-85,-85,1350,700,244.30828480994114,10.705206870130725,circular
419,1100,700,12.619318585210708,-85,-85,-85,-85,1350,700,255.01349168007187,10.705206870130725,circular
420,1100,700,12.619318585210708,-85,-85,-85,-85,1350,700,265.7186985502026,10.705206870130725,circular
421,1100,700,12.619318585210708,-85,-85,-85,-85,1350,700,276.4239054203333,10.705206870130725,circular
422,1100,700,12.619318585210708,-85,-85,-85,-85,1350,700,287.12911229046404,10.705206870130725,circular
423,1100,700,12.619318585210708,-85,-85,-85,-85,1350,700,297.83431916059476,10.705206870130725,circular
424,1100,700,12.619318585210708,-85,-85,-85,-85,1350,700,308.5395260307255,10.705206870130725,circular
425,1100,700,12.619318585210708,-85,-85,-85,-85,1350,700,319.2447329008562,10.705206870130725,circular
426,1100,700,12.619318585210708,-85,-85,-85,-85,1350,700,329.94993977098693,10.705206870130725,circular
427,1100,700,12.619318585210708,-85,-85,-85,-85,1350,700,340.65514664111765,10.705206870130725,circular
428,1100,700,12.619318585210708,-85,-85,-85,-85,1350,700,351.3603535112484,10.705206870130725,circular
429,1100,700,12.619318585210708,-85,-85,-85,-85,1350,700,2.0655603813791004,10.705206870130725,circular
430,1100,700,12.619318585210708,-85,-85,-85,-85,1350,700,12.770767251509826,10.705206870130725,circular
431,1100,700,12.619318585210708,-85,-85,-85,-85,1350,700,23.47597412164055,10.705206870130725,circular
432,1100,700,12.619318585210708,-85,-85,-85,-85,1350,700,34.18118099177128,10.705206870130725,circular
433,1100,700,12.619318585210708,-85,-85,-85,-85,1350,700,44.886387861902,10.705206870130725,circular
434,1100,700,12.619318585210708,-85,-85,-85,-85,1350,700,55.591594732032725,10.705206870130725,circular
435,1100,700,12.619318585210708,-85,-85,-85,-85,1350,700,66.29680160216346,10.705206870130725,circular
436,1100,700,12.619318585210708,-85,-85,-85,-85,1350,700,77.00200847229418,10.705206870130725,circular
437,1100,700,12.619318585210708,-85,-85,-85,-85,1350,700,87.7072153424249,10.705206870130725,circular
438,1100,700,12.619318585210708,-85,-85,-85,-85,1350,700,98.41242221255563,10.705206870130725,circular
439,1100,700,12.619318585210708,-85,-85,-85,-85,1350,700,109.11762908268635,10.705206870130725,circular
440,1100,700,12.619318585210708,-85,-85,-85,-85,1350,700,119.82283595281707,10.705206870130725,circular
441,1100,700,12.619318585210708,-85,-85,-85,-85,1350,700,130.5280428229478,10.705206870130725,circular
442,1100,700,12.619318585210708,-85,-85,-85,-85,1350,700,141.23324969307853,10.705206870130725,circular
443,1100,700,12.619318585210708,20.97742610025734,-85,-85,18.47430475951294,1350,700,151.93845656320926,10.705206870130725,circular
444,1100,700,12.619318585210708,23.971022246457757,-85,-85,23.31969953712386,1350,700,162.64366343333998,10.705206870130725,circular
445,1100,700,12.619318585210708,25.452908776355446,-85,-85,25.157178905256924,1350,700,173.3488703034707,10.705206870130725,circular
446,1100,700,12.619318585210708,26.035130213615616,-85,-85,25.946643644493044,1350,700,184.05407717360143,10.705206870130725,circular
447,1100,700,12.619318585210708,25.9816463993744,-85,-85,26.067010357935978,1350,700,194.75928404373215,10.705206870130725,circular
448,1100,700,12.619318585210708,25.361807294499556,-85,-85,25.614204328866276,1350,700,205.46449091386287,10.705206870130725,circular
449,1100,700,12.619318585210708,23.769789312347285,-85,-85,24.332711411139446,1350,700,216.1696977839936,10.705206870130725,circular
450,1100,700,12.619318585210708,19.914354227256315,-85,-85,21.81335663023087,1350,700,226.87490465412432,10.705206870130725,circular
451,1100,700,12.619318585210708,-85,-85,-85,-85,1350,700,237.58011152425505,10.705206870130725,circular
452,1100,700,12.619318585210708,-85,-85,-85,-85,1350,700,248.28531839438577,10.705206870130725,circular
453,1100,700,12.619318585210708,-85,-85,-85,-85,1350,700,258.9905252645165,10.705206870130725,circular
454,1100,700,12.619318585210708,-85,-85,-85,-85,1350,700,269.69573213464724,10.705206870130725,circular
455,1100,700,12.619318585210708,-85,-85,-85,-85,1350,700,280.40093900477797,10.705206870130725,circular
456,1100,700,12.619318585210708,-85,-85,-85,-85,1350,700,291.1061458749087,10.705206870130725,circular
457,1100,700,12.619318585210708,-85,-85,-85,-85,1350,700,301.8113527450394,10.705206870130725,circular
458,1100,700,12.619318585210708,-85,-85,-85,-85,1350,700,312.51655961517014,10.705206870130725,circular
459,1100,700,12.619318585210708,-85,-85,-85,-85,1350,700,323.22176648530086,10.705206870130725,circular
460,1100,700,12.619318585210708,-85,-85,-85,-85,1350,700,333.9269733554316,10.705206870130725,circular
461,1100,700,12.619318585210708,-85,-85,-85,-85,1350,700,344.6321802255623,10.705206870130725,circular
462,1100,700,12.619318585210708,-85,-85,-85,-85,1350,700,355.33738709569303,10.705206870130725,circular
463,1100,700,12.619318585210708,-85,-85,-85,-85,1350,700,6.042593965823755,10.705206870130725,circular
464,1100,700,12.619318585210708,-85,-85,-85,-85,1350,700,16.74780083595448,10.705206870130725,circular
465,1100,700,12.619318585210708,-85,-85,-85,-85,1350,700,27.453007706085202,10.705206870130725,circular
466,1100,700,12.619318585210708,-85,-85,-85,-85,1350,700,38.158214576215926,10.705206870130725,circular
467,1100,700,12.619318585210708,-85,-85,-85,-85,1350,700,48.86342144634665,10.705206870130725,circular
468,1100,700,12.619318585210708,-85,-85,-85,-85,1350,700,59.56862831647737,10.705206870130725,circular
469,1100,700,12.619318585210708,-85,-85,-85,-85,1350,700,70.2738351866081,10.705206870130725,circular
470,1100,700,12.619318585210708,-85,-85,-85,-85,1350,700,80.97904205673882,10.705206870130725,circular
471,1100,700,12.619318585210708,-85,-85,-85,-85,1350,700,91.68424892686954,10.705206870130725,circular
472,1100,700,12.619318585210708,-85,-85,-85,-85,1350,700,102.38945579700027,10.705206870130725,circular
473,1100,700,12.619318585210708,-85,-85,-85,-85,1350,700,113.09466266713099,10.705206870130725,circular
474,1100,700,12.619318585210708,-85,-85,-85,-85,1350,700,123.79986953726171,10.705206870130725,circular
475,1100,700,12.619318585210708,-85,-85,-85,-85,1350,700,134.50507640739244,10.705206870130725,circular
476,1100,700,12.619318585210708,14.513447644213304,-85,-85,-85,1350,700,145.21028327752316,10.705206870130725,circular
477,1100,700,12.619318585210708,22.496022074683278,-85,-85,20.97742610025734,1350,700,155.91549014765388,10.705206870130725,circular
478,1100,700,12.619318585210708,24.646943359767004,-85,-85,24.1582774269213,1350,700,166.6206970177846,10.705206870130725,circular
479,1100,700,12.619318585210708,25.7492610641292,-85,-85,25.536951728381826,1350,700,177.32590388791533,10.705206870130725,circular
480,1100,700,12.619318585210708,26.077602459396946,-85,-85,26.053745949214605,1350,700,188.03111075804605,10.705206870130725,circular
481,1100,700,12.619318585210708,25.807460623826316,-85,-85,25.9816463993744,1350,700,198.73631762817678,10.705206870130725,circular
482,1100,700,12.619318585210708,24.92014212493214,-85,-85,25.263344594616918,1350,700,209.4415244983075,10.705206870130725,circular
483,1100,700,12.619318585210708,22.793695368992225,-85,-85,23.553218972269416,1350,700,220.14673136843822,10.705206870130725,circular
484,1100,700,12.619318585210708,16.269948115724716,-85,-85,19.914354227256315,1350,700,230.85193823856895,10.705206870130725,circular
485,1100,700,12.619318585210708,-85,-85,-85,-85,1350,700,241.55714510869967,10.705206870130725,circular
486,1100,700,12.619318585210708,-85,-85,-85,-85,1350,700,252.2623519788304,10.705206870130725,circular
487,1100,700,12.619318585210708,-85,-85,-85,-85,1350,700,262.9675588489611,10.705206870130725,circular
488,1100,700,12.619318585210708,-85,-85,-85,-85,1350,700,273.67276571909184,10.705206870130725,circular
489,1100,700,12.619318585210708,-85,-85,-85,-85,1350,700,284.37797258922257,10.705206870130725,circular
490,1100,700,12.619318585210708,-85,-85,-85,-85,1350,700,295.0831794593533,10.705206870130725,circular
491,1100,700,12.619318585210708,-85,-85,-85,-85,1350,700,305.788386329484,10.705206870130725,circular
492,1100,700,12.619318585210708,-85,-85,-85,-85,1350,700,316.49359319961474,10.705206870130725,circular
493,1100,700,12.619318585210708,-85,-85,-85,-85,1350,700,327.19880006974546,10.705206870130725,circular
494,1100,700,12.619318585210708,-85,-85,-85,-85,1350,700,337.9040069398762,10.705206870130725,circular
495,1100,700,12.619318585210708,-85,-85,-85,-85,1350,700,348.6092138100069,10.705206870130725,circular
496,1100,700,12.619318585210708,-85,-85,-85,-85,1350,700,359.31442068013763,10.705206870130725,circular
497,1100,700,12.619318585210708,-85,-85,-85,-85,1350,700,10.019627550268353,10.705206870130725,circular
498,1100,700,12.619318585210708,-85,-85,-85,-85,1350,700,20.724834420399077,10.705206870130725,circular
499,1100,700,12.619318585210708,-85,-85,-85,-85,1350,700,31.4300412905298,10.705206870130725,circular
500,1100,700,12.619318585210708,-85,-85,-85,-85,1350,700,42.135248160660524,10.705206870130725,circular
501,1100,700,12.619318585210708,-85,-85,-85,-85,1350,700,52.84045503079125,10.705206870130725,circular
502,1100,700,12.619318585210708,-85,-85,-85,-85,1350,700,63.54566190092197,10.705206870130725,circular
503,1100,700,12.619318585210708,-85,-85,-85,-85,1350,700,74.2508687710527,10.705206870130725,circular
504,1100,700,12.619318585210708,-85,-85,-85,-85,1350,700,84.95607564118342,10.705206870130725,circular
505,1100,700,12.619318585210708,-85,-85,-85,-85,1350,700,95.66128251131414,10.705206870130725,circular
506,1100,700,12.619318585210708,-85,-85,-85,-85,1350,700,106.36648938144486,10.705206870130725,circular
507,1100,700,12.619318585210708,-85,-85,-85,-85,1350,700,117.07169625157559,10.705206870130725,circular
508,1100,700,12.619318585210708,-85,-85,-85,-85,1350,700,127.77690312170631,10.705206870130725,circular
509,1100,700,12.619318585210708,-85,-85,-85,-85,1350,700,138.48210999183704,10.705206870130725,circular
510,1100,700,12.619318585210708,19.25639156218217,-85,-85,16.269948115724727,1350,700,149.18731686196776,10.705206870130725,circular
511,1100,700,12.619318585210708,23.553218972269416,-85,-85,22.496022074683278,1350,700,159.89252373209848,10.705206870130725,circular
512,1100,700,12.619318585210708,25.157178905256924,-85,-85,24.78833704083229,1350,700,170.5977306022292,10.705206870130725,circular
513,1100,700,12.619318585210708,25.946643644493044,-85,-85,25.80746062382631,1350,700,181.30293747235993,10.705206870130725,circular
514,1100,700,12.619318585210708,26.053745949214605,-85,-85,26.077602459396946,1350,700,192.00814434249065,10.705206870130725,circular
515,1100,700,12.619318585210708,25.614204328866276,-85,-85,25.807460623826316,1350,700,202.71335121262138,10.705206870130725,circular
516,1100,700,12.619318585210708,24.332711411139446,-85,-85,24.788337040832293,1350,700,213.4185580827521,10.705206870130725,circular
517,1100,700,12.619318585210708,21.418119305852123,-85,-85,22.496022074683278,1350,700,224.12376495288282,10.705206870130725,circular
518,1100,700,12.619318585210708,-85,-85,-85,16.269948115724716,1350,700,234.82897182301355,10.705206870130725,circular
519,1100,700,12.619318585210708,-85,-85,-85,-85,1350,700,245.53417869314427,10.705206870130725,circular
520,1100,700,12.619318585210708,-85,-85,-85,-85,1350,700,256.239385563275,10.705206870130725,circular
521,1100,700,12.619318585210708,-85,-85,-85,-85,1350,700,266.9445924334057,10.705206870130725,circular
522,1100,700,12.619318585210708,-85,-85,-85,-85,1350,700,277.64979930353644,10.705206870130725,circular
523,1100,700,12.619318585210708,-85,-85,-85,-85,1350,700,288.35500617366716,10.705206870130725,circular
524,1100,700,12.619318585210708,-85,-85,-85,-85,1350,700,299.0602130437979,10.705206870130725,circular
525,1100,700,12.619318585210708,-85,-85,-85,-85,1350,700,309.7654199139286,10.705206870130725,circular
526,1100,700,12.619318585210708,-85,-85,-85,-85,1350,700,320.47062678405933,10.705206870130725,circular
527,1100,700,12.619318585210708,-85,-85,-85,-85,1350,700,331.17583365419006,10.705206870130725,circular
528,1100,700,12.619318585210708,-85,-85,-85,-85,1350,700,341.8810405243208,10.705206870130725,circular
529,1100,700,12.619318585210708,-85,-85,-85,-85,1350,700,352.5862473944515,10.705206870130725,circular
530,1100,700,12.619318585210708,-85,-85,-85,-85,1350,700,3.291454264582228,10.705206870130725,circular
531,1100,700,12.619318585210708,-85,-85,-85,-85,1350,700,13.996661134712953,10.705206870130725,circular
532,1100,700,12.619318585210708,-85,-85,-85,-85,1350,700,24.70186800484368,10.705206870130725,circular
533,1100,700,12.619318585210708,-85,-85,-85,-85,1350,700,35.407074874974406,10.705206870130725,circular
534,1100,700,12.619318585210708,-85,-85,-85,-85,1350,700,46.11228174510513,10.705206870130725,circular
535,1100,700,12.619318585210708,-85,-85,-85,-85,1350,700,56.81748861523585,10.705206870130725,circular
536,1100,700,12.619318585210708,-85,-85,-85,-85,1350,700,67.52269548536658,10.705206870130725,circular
537,1100,700,12.619318585210708,-85,-85,-85,-85,1350,700,78.2279023554973,10.705206870130725,circular
538,1100,700,12.619318585210708,-85,-85,-85,-85,1350,700,88.93310922562803,10.705206870130725,circular
539,1100,700,12.619318585210708,-85,-85,-85,-85,1350,700,99.63831609575875,10.705206870130725,circular
540,1100,700,12.619318585210708,-85,-85,-85,-85,1350,700,110.34352296588948,10.705206870130725,circular
541,1100,700,12.619318585210708,-85,-85,-85,-85,1350,700,121.0487298360202,10.705206870130725,circular
542,1100,700,12.619318585210708,-85,-85,-85,-85,1350,700,131.75393670615094,10.705206870130725,circular
543,1100,700,12.619318585210708,-85,-85,-85,-85,1350,700,142.45914357628166,10.705206870130725,circular
544,1100,700,12.619318585210708,21.41811930585211,-85,-85,19.91435422725632,1350,700,153.16435044641239,10.705206870130725,circular
545,1100,700,12.619318585210708,24.33271141113945,-85,-85,23.553218972269416,1350,700,163.8695573165431,10.705206870130725,circular
546,1100,700,12.619318585210708,25.536951728381826,-85,-85,25.26334459461691,1350,700,174.57476418667383,10.705206870130725,circular
547,1100,700,12.619318585210708,26.053745949214605,-85,-85,25.9816463993744,1350,700,185.27997105680456,10.705206870130725,circular
548,1100,700,12.619318585210708,25.946643644493044,-85,-85,26.035130213615616,1350,700,195.98517792693528,10.705206870130725,circular
549,1100,700,12.619318585210708,25.263344594616918,-85,-85,25.536951728381826,1350,700,206.690384797066,10.705206870130725,circular
550,1100,700,12.619318585210708,23.553218972269416,-85,-85,24.1582774269213,1350,700,217.39559166719673,10.705206870130725,circular
551,1100,700,12.619318585210708,19.25639156218219,-85,-85,20.97742610025735,1350,700,228.10079853732745,10.705206870130725,circular
552,1100,700,12.619318585210708,-85,-85,-85,-85,1350,700,238.80600540745817,10.705206870130725,circular
553,1100,700,12.619318585210708,-85,-85,-85,-85,1350,700,249.5112122775889,10.705206870130725,circular
554,1100,700,12.619318585210708,-85,-85,-85,-85,1350,700,260.21641914771965,10.705206870130725,circular
555,1100,700,12.619318585210708,-85,-85,-85,-85,1350,700,270.9216260178504,10.705206870130725,circular
556,1100,700,12.619318585210708,-85,-85,-85,-85,1350,700,281.6268328879811,10.705206870130725,circular
557,1100,700,12.619318585210708,-85,-85,-85,-85,1350,700,292.3320397581118,10.705206870130725,circular
558,1100,700,12.619318585210708,-85,-85,-85,-85,1350,700,303.03724662824254,10.705206870130725,circular
559,1100,700,12.619318585210708,-85,-85,-85,-85,1350,700,313.74245349837327,10.705206870130725,circular
560,1100,700,12.619318585210708,-85,-85,-85,-85,1350,700,324.447660368504,10.705206870130725,circular
561,1100,700,12.619318585210708,-85,-85,-85,-85,1350,700,335.1528672386347,10.705206870130725,circular
562,1100,700,12.619318585210708,-85,-85,-85,-85,1350,700,345.85807410876544,10.705206870130725,circular
563,1100,700,12.619318585210708,-85,-85,-85,-85,1350,700,356.56328097889616,10.705206870130725,circular
564,1100,700,12.619318585210708,-85,-85,-85,-85,1350,700,7.268487849026883,10.705206870130725,circular
565,1100,700,12.619318585210708,-85,-85,-85,-85,1350,700,17.973694719157606,10.705206870130725,circular
566,1100,700,12.619318585210708,-85,-85,-85,-85,1350,700,28.67890158928833,10.705206870130725,circular
567,1100,700,12.619318585210708,-85,-85,-85,-85,1350,700,39.38410845941905,10.705206870130725,circular
568,1100,700,12.619318585210708,-85,-85,-85,-85,1350,700,50.08931532954978,10.705206870130725,circular
569,1100,700,12.619318585210708,-85,-85,-85,-85,1350,700,60.7945221996805,10.705206870130725,circular
570,1100,700,12.619318585210708,-85,-85,-85,-85,1350,700,71.49972906981122,10.705206870130725,circular
571,1100,700,12.619318585210708,-85,-85,-85,-85,1350,700,82.20493593994195,10.705206870130725,circular
572,1100,700,12.619318585210708,-85,-85,-85,-85,1350,700,92.91014281007267,10.705206870130725,circular
573,1100,700,12.619318585210708,-85,-85,-85,-85,1350,700,103.6153496802034,10.705206870130725,circular
574,1100,700,12.619318585210708,-85,-85,-85,-85,1350,700,114.32055655033412,10.705206870130725,circular
575,1100,700,12.619318585210708,-85,-85,-85,-85,1350,700,125.02576342046484,10.705206870130725,circular
576,1100,700,12.619318585210708,-85,-85,-85,-85,1350,700,135.73097029059556,10.705206870130725,circular
577,1100,700,12.619318585210708,16.269948115724727,-85,-85,-85,1350,700,146.4361771607263,10.705206870130725,circular
578,1100,700,12.619318585210708,22.793695368992218,-85,-85,21.813356630230874,1350,700,157.141384030857,10.705206870130725,circular
579,1100,700,12.619318585210708,24.92014212493214,-85,-85,24.33271141113945,1350,700,167.84659090098774,10.705206870130725,circular
580,1100,700,12.619318585210708,25.80746062382631,-85,-85,25.614204328866276,1350,700,178.55179777111846,10.705206870130725,circular
581,1100,700,12.619318585210708,26.077602459396946,-85,-85,26.067010357935978,1350,700,189.25700464124918,10.705206870130725,circular
582,1100,700,12.619318585210708,25.7492610641292,-85,-85,25.946643644493044,1350,700,199.9622115113799,10.705206870130725,circular
583,1100,700,12.619318585210708,24.788337040832293,-85,-85,25.157178905256924,1350,700,210.66741838151063,10.705206870130725,circular
584,1100,700,12.619318585210708,22.496022074683278,-85,-85,23.319699537123853,1350,700,221.37262525164135,10.705206870130725,circular
585,1100,700,12.619318585210708,14.513447644213265,-85,-85,18.474304759512954,1350,700,232.07783212177208,10.705206870130725,circular
586,1100,700,12.619318585210708,-85,-85,-85,-85,1350,700,242.7830389919028,10.705206870130725,circular
587,1100,700,12.619318585210708,-85,-85,-85,-85,1350,700,253.48824586203352,10.705206870130725,circular
588,1100,700,12.619318585210708,-85,-85,-85,-85,1350,700,264.19345273216425,10.705206870130725,circular
589,1100,700,12.619318585210708,-85,-85,-85,-85,1350,700,274.89865960229497,10.705206870130725,circular
590,1100,700,12.619318585210708,-85,-85,-85,-85,1350,700,285.6038664724257,10.705206870130725,circular
591,1100,700,12.619318585210708,-85,-85,-85,-85,1350,700,296.3090733425564,10.705206870130725,circular
592,1100,700,12.619318585210708,-85,-85,-85,-85,1350,700,307.01428021268714,10.705206870130725,circular
593,1100,700,12.619318585210708,-85,-85,-85,-85,1350,700,317.71948708281786,10.705206870130725,circular
594,1100,700,12.619318585210708,-85,-85,-85,-85,1350,700,328.4246939529486,10.705206870130725,circular
595,1100,700,12.619318585210708,-85,-85,-85,-85,1350,700,339.1299008230793,10.705206870130725,circular
596,1100,700,12.619318585210708,-85,-85,-85,-85,1350,700,349.83510769321003,10.705206870130725,circular
597,1100,700,12.619318585210708,-85,-85,-85,-85,1350,700,0.5403145633407576,10.705206870130725,circular
598,1100,700,12.619318585210708,-85,-85,-85,-85,1350,700,11.245521433471483,10.705206870130725,circular
599,1100,700,12.619318585210708,-85,-85,-85,-85,1350,700,21.950728303602208,10.705206870130725,circular
600,1100,700,12.619318585210708,-85,-85,-85,-85,1350,700,32.655935173732935,10.705206870130725,circular
601,1100,700,12.619318585210708,-85,-85,-85,-85,1350,700,43.36114204386366,10.705206870130725,circular
602,1100,700,12.619318585210708,-85,-85,-85,-85,1350,700,54.06634891399438,10.705206870130725,circular
603,1100,700,12.619318585210708,-85,-85,-85,-85,1350,700,64.77155578412511,10.705206870130725,circular
604,1100,700,12.619318585210708,-85,-85,-85,-85,1350,700,75.47676265425584,10.705206870130725,circular
605,1100,700,12.619318585210708,-85,-85,-85,-85,1350,700,86.18196952438656,10.705206870130725,circular
606,1100,700,12.619318585210708,-85,-85,-85,-85,1350,700,96.88717639451728,10.705206870130725,circular
607,1100,700,12.619318585210708,-85,-85,-85,-85,1350,700,107.592383264648,10.705206870130725,circular
608,1100,700,12.619318585210708,-85,-85,-85,-85,1350,700,118.29759013477873,10.705206870130725,circular
609,1100,700,12.619318585210708,-85,-85,-85,-85,1350,700,129.00279700490947,10.705206870130725,circular
610,1100,700,12.619318585210708,-85,-85,-85,-85,1350,700,139.7080038750402,10.705206870130725,circular
611,1100,700,12.619318585210708,19.91435422725632,-85,-85,17.513155499392102,1350,700,150.41321074517091,10.705206870130725,circular
612,1100,700,12.619318585210708,23.769789312347285,-85,-85,23.06730250275713,1350,700,161.11841761530164,10.705206870130725,circular
613,1100,700,12.619318585210708,25.36180729449956,-85,-85,24.92014212493214,1350,700,171.82362448543236,10.705206870130725,circular
614,1100,700,12.619318585210708,25.9816463993744,-85,-85,25.859665714847075,1350,700,182.52883135556309,10.705206870130725,circular
615,1100,700,12.619318585210708,26.035130213615616,-85,-85,26.074956048612798,1350,700,193.2340382256938,10.705206870130725,circular
616,1100,700,12.619318585210708,25.452908776355446,-85,-85,25.7492610641292,1350,700,203.93924509582453,10.705206870130725,circular
617,1100,700,12.619318585210708,24.1582774269213,-85,-85,24.646943359767004,1350,700,214.64445196595526,10.705206870130725,circular
618,1100,700,12.619318585210708,20.97742610025735,-85,-85,22.170735458799452,1350,700,225.34965883608598,10.705206870130725,circular
619,1100,700,12.619318585210708,-85,-85,-85,11.50579409835762,1350,700,236.0548657062167,10.705206870130725,circular
620,1100,700,12.619318585210708,-85,-85,-85,-85,1350,700,246.76007257634743,10.705206870130725,circular
621,1100,700,12.619318585210708,-85,-85,-85,-85,1350,700,257.4652794464782,10.705206870130725,circular
622,1100,700,12.619318585210708,-85,-85,-85,-85,1350,700,268.1704863166089,10.705206870130725,circular
623,1100,700,12.619318585210708,-85,-85,-85,-85,1350,700,278.8756931867396,10.705206870130725,circular
624,1100,700,12.619318585210708,-85,-85,-85,-85,1350,700,289.58090005687035,10.705206870130725,circular
625,1100,700,12.619318585210708,-85,-85,-85,-85,1350,700,300.2861069270011,10.705206870130725,circular
626,1100,700,12.619318585210708,-85,-85,-85,-85,1350,700,310.9913137971318,10.705206870130725,circular
627,1100,700,12.619318585210708,-85,-85,-85,-85,1350,700,321.6965206672625,10.705206870130725,circular
628,1100,700,12.619318585210708,-85,-85,-85,-85,1350,700,332.40172753739324,10.705206870130725,circular
629,1100,700,12.619318585210708,-85,-85,-85,-85,1350,700,343.10693440752397,10.705206870130725,circular
630,1100,700,12.619318585210708,-85,-85,-85,-85,1350,700,353.8121412776547,10.705206870130725,circular
631,1100,700,12.619318585210708,-85,-85,-85,-85,1350,700,4.5173481477854125,10.705206870130725,circular
632,1100,700,12.619318585210708,-85,-85,-85,-85,1350,700,15.222555017916138,10.705206870130725,circular
633,1100,700,12.619318585210708,-85,-85,-85,-85,1350,700,25.927761888046863,10.705206870130725,circular
634,1100,700,12.619318585210708,-85,-85,-85,-85,1350,700,36.63296875817759,10.705206870130725,circular
635,1100,700,12.619318585210708,-85,-85,-85,-85,1350,700,47.33817562830831,10.705206870130725,circular
636,1100,700,12.619318585210708,-85,-85,-85,-85,1350,700,58.04338249843904,10.705206870130725,circular
637,1100,700,12.619318585210708,-85,-85,-85,-85,1350,700,68.74858936856977,10.705206870130725,circular
638,1100,700,12.619318585210708,-85,-85,-85,-85,1350,700,79.45379623870049,10.705206870130725,circular
639,1100,700,12.619318585210708,-85,-85,-85,-85,1350,700,90.15900310883121,10.705206870130725,circular
640,1100,700,12.619318585210708,-85,-85,-85,-85,1350,700,100.86420997896194,10.705206870130725,circular
641,1100,700,12.619318585210708,-85,-85,-85,-85,1350,700,111.56941684909266,10.705206870130725,circular
642,1100,700,12.619318585210708,-85,-85,-85,-85,1350,700,122.27462371922338,10.705206870130725,circular
643,1100,700,12.619318585210708,-85,-85,-85,-85,1350,700,132.97983058935412,10.705206870130725,circular
644,1100,700,12.619318585210708,-85,-85,-85,-85,1350,700,143.68503745948485,10.705206870130725,circular
645,1100,700,12.619318585210708,21.813356630230874,-85,-85,20.48098321025059,1350,700,154.39024432961557,10.705206870130725,circular
646,1100,700,12.619318585210708,24.495315191602927,-85,-85,23.971022246457757,1350,700,165.0954511997463,10.705206870130725,circular
647,1100,700,12.619318585210708,25.684904084789974,-85,-85,25.36180729449956,1350,700,175.80065806987702,10.705206870130725,circular
648,1100,700,12.619318585210708,26.067010357935978,-85,-85,26.011117049096303,1350,700,186.50586494000774,10.705206870130725,circular
649,1100,700,12.619318585210708,25.906018829630398,-85,-85,26.011117049096303,1350,700,197.21107181013846,10.705206870130725,circular
650,1100,700,12.619318585210708,25.042923900792417,-85,-85,25.452908776355446,1350,700,207.9162786802692,10.705206870130725,circular
651,1100,700,12.619318585210708,23.319699537123853,-85,-85,23.97102224645776,1350,700,218.6214855503999,10.705206870130725,circular
652,1100,700,12.619318585210708,18.474304759512954,-85,-85,20.48098321025059,1350,700,229.32669242053063,10.705206870130725,circular
653,1100,700,12.619318585210708,-85,-85,-85,-85,1350,700,240.03189929066136,10.705206870130725,circular
654,1100,700,12.619318585210708,-85,-85,-85,-85,1350,700,250.73710616079208,10.705206870130725,circular
655,1100,700,12.619318585210708,-85,-85,-85,-85,1350,700,261.44231303092283,10.705206870130725,circular
656,1100,700,12.619318585210708,-85,-85,-85,-85,1350,700,272.14751990105356,10.705206870130725,circular
657,1100,700,12.619318585210708,-85,-85,-85,-85,1350,700,282.8527267711843,10.705206870130725,circular
658,1100,700,12.619318585210708,-85,-85,-85,-85,1350,700,293.557933641315,10.705206870130725,circular
659,1100,700,12.619318585210708,-85,-85,-85,-85,1350,700,304.2631405114457,10.705206870130725,circular
660,1100,700,12.619318585210708,-85,-85,-85,-85,1350,700,314.96834738157645,10.705206870130725,circular
661,1100,700,12.619318585210708,-85,-85,-85,-85,1350,700,325.6735542517072,10.705206870130725,circular
662,1100,700,12.619318585210708,-85,-85,-85,-85,1350,700,336.3787611218379,10.705206870130725,circular
663,1100,700,12.619318585210708,-85,-85,-85,-85,1350,700,347.0839679919686,10.705206870130725,circular
664,1100,700,12.619318585210708,-85,-85,-85,-85,1350,700,357.78917486209934,10.705206870130725,circular
665,1100,700,12.619318585210708,-85,-85,-85,-85,1350,700,8.494381732230067,10.705206870130725,circular
666,1100,700,12.619318585210708,-85,-85,-85,-85,1350,700,19.19958860236079,10.705206870130725,circular
667,1100,700,12.619318585210708,-85,-85,-85,-85,1350,700,29.904795472491514,10.705206870130725,circular
668,1100,700,12.619318585210708,-85,-85,-85,-85,1350,700,40.61000234262224,10.705206870130725,circular
669,1100,700,12.619318585210708,-85,-85,-85,-85,1350,700,51.31520921275296,10.705206870130725,circular
670,1100,700,12.619318585210708,-85,-85,-85,-85,1350,700,62.020416082883685,10.705206870130725,circular
671,1100,700,12.619318585210708,-85,-85,-85,-85,1350,700,72.72562295301441,10.705206870130725,circular
672,1100,700,12.619318585210708,-85,-85,-85,-85,1350,700,83.43082982314513,10.705206870130725,circular
673,1100,700,12.619318585210708,-85,-85,-85,-85,1350,700,94.13603669327586,10.705206870130725,circular
674,1100,700,12.619318585210708,-85,-85,-85,-85,1350,700,104.84124356340658,10.705206870130725,circular
675,1100,700,12.619318585210708,-85,-85,-85,-85,1350,700,115.5464504335373,10.705206870130725,circular
676,1100,700,12.619318585210708,-85,-85,-85,-85,1350,700,126.25165730366803,10.705206870130725,circular
677,1100,700,12.619318585210708,-85,-85,-85,-85,1350,700,136.95686417379875,10.705206870130725,circular
678,1100,700,12.619318585210708,17.513155499392102,-85,-85,11.505794098357505,1350,700,147.66207104392947,10.705206870130725,circular
679,1100,700,12.619318585210708,23.06730250275713,-85,-85,22.170735458799452,1350,700,158.3672779140602,10.705206870130725,circular
680,1100,700,12.619318585210708,25.042923900792417,-85,-85,24.646943359767004,1350,700,169.07248478419092,10.705206870130725,circular
681,1100,700,12.619318585210708,25.906018829630398,-85,-85,25.684904084789974,1350,700,179.77769165432164,10.705206870130725,circular
682,1100,700,12.619318585210708,26.074956048612798,-85,-85,26.074956048612798,1350,700,190.48289852445237,10.705206870130725,circular
683,1100,700,12.619318585210708,25.684904084789977,-85,-85,25.859665714847075,1350,700,201.1881053945831,10.705206870130725,circular
684,1100,700,12.619318585210708,24.495315191602927,-85,-85,25.042923900792417,1350,700,211.8933122647138,10.705206870130725,circular
685,1100,700,12.619318585210708,22.170735458799452,-85,-85,23.067302502757133,1350,700,222.59851913484454,10.705206870130725,circular
686,1100,700,12.619318585210708,11.50579409835762,-85,-85,17.51315549939211,1350,700,233.30372600497526,10.705206870130725,circular
687,1100,700,12.619318585210708,-85,-85,-85,-85,1350,700,244.00893287510598,10.705206870130725,circular
688,1100,700,12.619318585210708,-85,-85,-85,-85,1350,700,254.7141397452367,10.705206870130725,circular
689,1100,700,12.619318585210708,-85,-85,-85,-85,1350,700,265.41934661536743,10.705206870130725,circular
690,1100,700,12.619318585210708,-85,-85,-85,-85,1350,700,276.12455348549815,10.705206870130725,circular
691,1100,700,12.619318585210708,-85,-85,-85,-85,1350,700,286.8297603556289,10.705206870130725,circular
692,1100,700,12.619318585210708,-85,-85,-85,-85,1350,700,297.5349672257596,10.705206870130725,circular
693,1100,700,12.619318585210708,-85,-85,-85,-85,1350,700,308.2401740958903,10.705206870130725,circular
694,1100,700,12.619318585210708,-85,-85,-85,-85,1350,700,318.94538096602105,10.705206870130725,circular
695,1100,700,12.619318585210708,-85,-85,-85,-85,1350,700,329.6505878361518,10.705206870130725,circular
696,1100,700,12.619318585210708,-85,-85,-85,-85,1350,700,340.3557947062825,10.705206870130725,circular
697,1100,700,12.619318585210708,-85,-85,-85,-85,1350,700,351.0610015764132,10.705206870130725,circular
698,1100,700,12.619318585210708,-85,-85,-85,-85,1350,700,1.766208446543942,10.705206870130725,circular
699,1100,700,12.619318585210708,-85,-85,-85,-85,1350,700,12.471415316674667,10.705206870130725,circular
700,1100,700,12.619318585210708,-85,-85,-85,-85,1350,700,23.176622186805393,10.705206870130725,circular
701,1100,700,12.619318585210708,-85,-85,-85,-85,1350,700,33.88182905693612,10.705206870130725,circular
702,1100,700,12.619318585210708,-85,-85,-85,-85,1350,700,44.58703592706684,10.705206870130725,circular
703,1100,700,12.619318585210708,-85,-85,-85,-85,1350,700,55.29224279719757,10.705206870130725,circular
704,1100,700,12.619318585210708,-85,-85,-85,-85,1350,700,65.9974496673283,10.705206870130725,circular
705,1100,700,12.619318585210708,-85,-85,-85,-85,1350,700,76.70265653745902,10.705206870130725,circular
706,1100,700,12.619318585210708,-85,-85,-85,-85,1350,700,87.40786340758974,10.705206870130725,circular
707,1100,700,12.619318585210708,-85,-85,-85,-85,1350,700,98.11307027772047,10.705206870130725,circular
708,1100,700,12.619318585210708,-85,-85,-85,-85,1350,700,108.81827714785119,10.705206870130725,circular
709,1100,700,12.619318585210708,-85,-85,-85,-85,1350,700,119.52348401798191,10.705206870130725,circular
710,1100,700,12.619318585210708,-85,-85,-85,-85,1350,700,130.22869088811265,10.705206870130725,circular
711,1100,700,12.619318585210708,-85,-85,-85,-85,1350,700,140.93389775824338,10.705206870130725,circular
712,1100,700,12.619318585210708,20.48098321025059,-85,-85,18.47430475951294,1350,700,151.6391046283741,10.705206870130725,circular
713,1100,700,12.619318585210708,23.971022246457757,-85,-85,23.31969953712386,1350,700,162.34431149850482,10.705206870130725,circular
714,1100,700,12.619318585210708,25.452908776355446,-85,-85,25.157178905256924,1350,700,173.04951836863555,10.705206870130725,circular
715,1100,700,12.619318585210708,26.035130213615616,-85,-85,25.906018829630398,1350,700,183.75472523876627,10.705206870130725,circular
716,1100,700,12.619318585210708,26.011117049096303,-85,-85,26.067010357935978,1350,700,194.459932108897,10.705206870130725,circular
717,1100,700,12.619318585210708,25.361807294499556,-85,-85,25.614204328866276,1350,700,205.16513897902772,10.705206870130725,circular
718,1100,700,12.619318585210708,23.769789312347285,-85,-85,24.495315191602927,1350,700,215.87034584915844,10.705206870130725,circular
719,1100,700,12.619318585210708,20.48098321025059,-85,-85,21.81335663023087,1350,700,226.57555271928916,10.705206870130725,circular
720,1100,700,12.619318585210708,-85,-85,-85,-85,1350,700,237.2807595894199,10.705206870130725,circular
721,1100,700,12.619318585210708,-85,-85,-85,-85,1350,700,247.9859664595506,10.705206870130725,circular
722,1100,700,12.619318585210708,-85,-85,-85,-85,1350,700,258.69117332968136,10.705206870130725,circular
723,1100,700,12.619318585210708,-85,-85,-85,-85,1350,700,269.3963801998121,10.705206870130725,circular
724,1100,700,12.619318585210708,-85,-85,-85,-85,1350,700,280.1015870699428,10.705206870130725,circular
725,1100,700,12.619318585210708,-85,-85,-85,-85,1350,700,290.80679394007353,10.705206870130725,circular
726,1100,700,12.619318585210708,-85,-85,-85,-85,1350,700,301.51200081020426,10.705206870130725,circular
727,1100,700,12.619318585210708,-85,-85,-85,-85,1350,700,312.217207680335,10.705206870130725,circular
728,1100,700,12.619318585210708,-85,-85,-85,-85,1350,700,322.9224145504657,10.705206870130725,circular
729,1100,700,12.619318585210708,-85,-85,-85,-85,1350,700,333.6276214205964,10.705206870130725,circular
730,1100,700,12.619318585210708,-85,-85,-85,-85,1350,700,344.33282829072715,10.705206870130725,circular
731,1100,700,12.619318585210708,-85,-85,-85,-85,1350,700,355.0380351608579,10.705206870130725,circular
732,1100,700,12.619318585210708,-85,-85,-85,-85,1350,700,5.743242030988597,10.705206870130725,circular
733,1100,700,12.619318585210708,-85,-85,-85,-85,1350,700,16.44844890111932,10.705206870130725,circular
734,1100,700,12.619318585210708,-85,-85,-85,-85,1350,700,27.153655771250044,10.705206870130725,circular
735,1100,700,12.619318585210708,-85,-85,-85,-85,1350,700,37.85886264138077,10.705206870130725,circular
736,1100,700,12.619318585210708,-85,-85,-85,-85,1350,700,48.56406951151149,10.705206870130725,circular
737,1100,700,12.619318585210708,-85,-85,-85,-85,1350,700,59.269276381642214,10.705206870130725,circular
738,1100,700,12.619318585210708,-85,-85,-85,-85,1350,700,69.97448325177294,10.705206870130725,circular
739,1100,700,12.619318585210708,-85,-85,-85,-85,1350,700,80.67969012190366,10.705206870130725,circular
740,1100,700,12.619318585210708,-85,-85,-85,-85,1350,700,91.38489699203438,10.705206870130725,circular
741,1100,700,12.619318585210708,-85,-85,-85,-85,1350,700,102.09010386216511,10.705206870130725,circular
742,1100,700,12.619318585210708,-85,-85,-85,-85,1350,700,112.79531073229583,10.705206870130725,circular
743,1100,700,12.619318585210708,-85,-85,-85,-85,1350,700,123.50051760242656,10.705206870130725,circular
744,1100,700,12.619318585210708,-85,-85,-85,-85,1350,700,134.20572447255728,10.705206870130725,circular
745,1100,700,12.619318585210708,14.513447644213304,-85,-85,-85,1350,700,144.910931342688,10.705206870130725,circular
746,1100,700,12.619318585210708,22.170735458799452,-85,-85,20.97742610025734,1350,700,155.61613821281873,10.705206870130725,circular
747,1100,700,12.619318585210708,24.646943359767004,-85,-85,24.1582774269213,1350,700,166.32134508294945,10.705206870130725,circular
748,1100,700,12.619318585210708,25.7492610641292,-85,-85,25.536951728381826,1350,700,177.02655195308017,10.705206870130725,circular
749,1100,700,12.619318585210708,26.077602459396946,-85,-85,26.035130213615616,1350,700,187.7317588232109,10.705206870130725,circular
750,1100,700,12.619318585210708,25.859665714847075,-85,-85,25.9816463993744,1350,700,198.43696569334162,10.705206870130725,circular
751,1100,700,12.619318585210708,24.92014212493214,-85,-85,25.263344594616918,1350,700,209.14217256347234,10.705206870130725,circular
752,1100,700,12.619318585210708,22.793695368992225,-85,-85,23.769789312347285,1350,700,219.84737943360307,10.705206870130725,circular
753,1100,700,12.619318585210708,17.51315549939211,-85,-85,19.914354227256315,1350,700,230.5525863037338,10.705206870130725,circular
754,1100,700,12.619318585210708,-85,-85,-85,-85,1350,700,241.2577931738645,10.705206870130725,circular
755,1100,700,12.619318585210708,-85,-85,-85,-85,1350,700,251.96300004399524,10.705206870130725,circular
756,1100,700,12.619318585210708,-85,-85,-85,-85,1350,700,262.66820691412596,10.705206870130725,circular
757,1100,700,12.619318585210708,-85,-85,-85,-85,1350,700,273.3734137842567,10.705206870130725,circular
758,1100,700,12.619318585210708,-85,-85,-85,-85,1350,700,284.0786206543874,10.705206870130725,circular
759,1100,700,12.619318585210708,-85,-85,-85,-85,1350,700,294.78382752451813,10.705206870130725,circular
760,1100,700,12.619318585210708,-85,-85,-85,-85,1350,700,305.48903439464885,10.705206870130725,circular
761,1100,700,12.619318585210708,-85,-85,-85,-85,1350,700,316.1942412647796,10.705206870130725,circular
762,1100,700,12.619318585210708,-85,-85,-85,-85,1350,700,326.8994481349103,10.705206870130725,circular
763,1100,700,12.619318585210708,-85,-85,-85,-85,1350,700,337.604655005041,10.705206870130725,circular
764,1100,700,12.619318585210708,-85,-85,-85,-85,1350,700,348.30986187517175,10.705206870130725,circular
765,1100,700,12.619318585210708,-85,-85,-85,-85,1350,700,359.0150687453025,10.705206870130725,circular
766,1100,700,12.619318585210708,-85,-85,-85,-85,1350,700,9.720275615433195,10.705206870130725,circular
767,1100,700,12.619318585210708,-85,-85,-85,-85,1350,700,20.42548248556392,10.705206870130725,circular
768,1100,700,12.619318585210708,-85,-85,-85,-85,1350,700,31.130689355694642,10.705206870130725,circular
769,1100,700,12.619318585210708,-85,-85,-85,-85,1350,700,41.835896225825365,10.705206870130725,circular
770,1100,700,12.619318585210708,-85,-85,-85,-85,1350,700,52.54110309595609,10.705206870130725,circular
771,1100,700,12.619318585210708,-85,-85,-85,-85,1350,700,63.24630996608681,10.705206870130725,circular
772,1100,700,12.619318585210708,-85,-85,-85,-85,1350,700,73.95151683621754,10.705206870130725,circular
773,1100,700,12.619318585210708,-85,-85,-85,-85,1350,700,84.65672370634826,10.705206870130725,circular
774,1100,700,12.619318585210708,-85,-85,-85,-85,1350,700,95.36193057647898,10.705206870130725,circular
775,1100,700,12.619318585210708,-85,-85,-85,-85,1350,700,106.0671374466097,10.705206870130725,circular
776,1100,700,12.619318585210708,-85,-85,-85,-85,1350,700,116.77234431674043,10.705206870130725,circular
777,1100,700,12.619318585210708,-85,-85,-85,-85,1350,700,127.47755118687115,10.705206870130725,circular
778,1100,700,12.619318585210708,-85,-85,-85,-85,1350,700,138.18275805700188,10.705206870130725,circular
779,1100,700,12.619318585210708,19.25639156218217,-85,-85,14.513447644213304,1350,700,148.8879649271326,10.705206870130725,circular
780,1100,700,12.619318585210708,23.31969953712386,-85,-85,22.496022074683278,1350,700,159.59317179726332,10.705206870130725,circular
781,1100,700,12.619318585210708,25.157178905256924,-85,-85,24.78833704083229,1350,700,170.29837866739405,10.705206870130725,circular
782,1100,700,12.619318585210708,25.946643644493044,-85,-85,25.80746062382631,1350,700,181.00358553752477,10.705206870130725,circular
783,1100,700,12.619318585210708,26.067010357935978,-85,-85,26.077602459396946,1350,700,191.7087924076555,10.705206870130725,circular
784,1100,700,12.619318585210708,25.614204328866276,-85,-85,25.807460623826316,1350,700,202.41399927778622,10.705206870130725,circular
785,1100,700,12.619318585210708,24.332711411139446,-85,-85,24.788337040832293,1350,700,213.11920614791694,10.705206870130725,circular
786,1100,700,12.619318585210708,21.418119305852123,-85,-85,22.793695368992225,1350,700,223.82441301804766,10.705206870130725,circular
787,1100,700,12.619318585210708,-85,-85,-85,16.269948115724716,1350,700,234.5296198881784,10.705206870130725,circular
788,1100,700,12.619318585210708,-85,-85,-85,-85,1350,700,245.2348267583091,10.705206870130725,circular
789,1100,700,12.619318585210708,-85,-85,-85,-85,1350,700,255.94003362843983,10.705206870130725,circular
790,1100,700,12.619318585210708,-85,-85,-85,-85,1350,700,266.64524049857056,10.705206870130725,circular
791,1100,700,12.619318585210708,-85,-85,-85,-85,1350,700,277.3504473687013,10.705206870130725,circular
792,1100,700,12.619318585210708,-85,-85,-85,-85,1350,700,288.055654238832,10.705206870130725,circular
793,1100,700,12.619318585210708,-85,-85,-85,-85,1350,700,298.76086110896273,10.705206870130725,circular
794,1100,700,12.619318585210708,-85,-85,-85,-85,1350,700,309.46606797909345,10.705206870130725,circular
795,1100,700,12.619318585210708,-85,-85,-85,-85,1350,700,320.1712748492242,10.705206870130725,circular
796,1100,700,12.619318585210708,-85,-85,-85,-85,1350,700,330.8764817193549,10.705206870130725,circular
797,1100,700,12.619318585210708,-85,-85,-85,-85,1350,700,341.5816885894856,10.705206870130725,circular
798,1100,700,12.619318585210708,-85,-85,-85,-85,1350,700,352.28689545961635,10.705206870130725,circular
799,1100,700,12.619318585210708,-85,-85,-85,-85,1350,700,2.9921023297470697,10.705206870130725,circular
800,1100,700,12.619318585210708,-85,-85,-85,-85,1350,700,13.697309199877795,10.705206870130725,circular
801,1100,700,12.619318585210708,-85,-85,-85,-85,1350,700,24.40251607000852,10.705206870130725,circular
802,1100,700,12.619318585210708,-85,-85,-85,-85,1350,700,35.10772294013925,10.705206870130725,circular
803,1100,700,12.619318585210708,-85,-85,-85,-85,1350,700,45.81292981026997,10.705206870130725,circular
804,1100,700,12.619318585210708,-85,-85,-85,-85,1350,700,56.518136680400694,10.705206870130725,circular
805,1100,700,12.619318585210708,-85,-85,-85,-85,1350,700,67.22334355053142,10.705206870130725,circular
806,1100,700,12.619318585210708,-85,-85,-85,-85,1350,700,77.92855042066215,10.705206870130725,circular
807,1100,700,12.619318585210708,-85,-85,-85,-85,1350,700,88.63375729079287,10.705206870130725,circular
808,1100,700,12.619318585210708,-85,-85,-85,-85,1350,700,99.3389641609236,10.705206870130725,circular
809,1100,700,12.619318585210708,-85,-85,-85,-85,1350,700,110.04417103105432,10.705206870130725,circular
810,1100,700,12.619318585210708,-85,-85,-85,-85,1350,700,120.74937790118504,10.705206870130725,circular
811,1100,700,12.619318585210708,-85,-85,-85,-85,1350,700,131.45458477131578,10.705206870130725,circular
812,1100,700,12.619318585210708,-85,-85,-85,-85,1350,700,142.1597916414465,10.705206870130725,circular
813,1100,700,12.619318585210708,21.41811930585211,-85,-85,19.25639156218217,1350,700,152.86499851157723,10.705206870130725,circular
814,1100,700,12.619318585210708,24.1582774269213,-85,-85,23.553218972269416,1350,700,163.57020538170795,10.705206870130725,circular
815,1100,700,12.619318585210708,25.536951728381826,-85,-85,25.26334459461691,1350,700,174.27541225183867,10.705206870130725,circular
816,1100,700,12.619318585210708,26.053745949214605,-85,-85,25.9816463993744,1350,700,184.9806191219694,10.705206870130725,circular
817,1100,700,12.619318585210708,25.9816463993744,-85,-85,26.053745949214605,1350,700,195.68582599210012,10.705206870130725,circular
818,1100,700,12.619318585210708,25.263344594616918,-85,-85,25.536951728381826,1350,700,206.39103286223084,10.705206870130725,circular
819,1100,700,12.619318585210708,23.553218972269416,-85,-85,24.1582774269213,1350,700,217.09623973236157,10.705206870130725,circular
820,1100,700,12.619318585210708,19.25639156218219,-85,-85,21.418119305852123,1350,700,227.8014466024923,10.705206870130725,circular
821,1100,700,12.619318585210708,-85,-85,-85,-85,1350,700,238.50665347262301,10.705206870130725,circular
822,1100,700,12.619318585210708,-85,-85,-85,-85,1350,700,249.21186034275374,10.705206870130725,circular
823,1100,700,12.619318585210708,-85,-85,-85,-85,1350,700,259.9170672128845,10.705206870130725,circular
824,1100,700,12.619318585210708,-85,-85,-85,-85,1350,700,270.6222740830152,10.705206870130725,circular
825,1100,700,12.619318585210708,-85,-85,-85,-85,1350,700,281.32748095314594,10.705206870130725,circular
826,1100,700,12.619318585210708,-85,-85,-85,-85,1350,700,292.03268782327666,10.705206870130725,circular
827,1100,700,12.619318585210708,-85,-85,-85,-85,1350,700,302.7378946934074,10.705206870130725,circular
828,1100,700,12.619318585210708,-85,-85,-85,-85,1350,700,313.4431015635381,10.705206870130725,circular
829,1100,700,12.619318585210708,-85,-85,-85,-85,1350,700,324.14830843366883,10.705206870130725,circular
830,1100,700,12.619318585210708,-85,-85,-85,-85,1350,700,334.85351530379955,10.705206870130725,circular
831,1100,700,12.619318585210708,-85,-85,-85,-85,1350,700,345.5587221739303,10.705206870130725,circular
832,1100,700,12.619318585210708,-85,-85,-85,-85,1350,700,356.263929044061,10.705206870130725,circular
833,1100,700,12.619318585210708,-85,-85,-85,-85,1350,700,6.969135914191725,10.705206870130725,circular
834,1100,700,12.619318585210708,-85,-85,-85,-85,1350,700,17.674342784322448,10.705206870130725,circular
835,1100,700,12.619318585210708,-85,-85,-85,-85,1350,700,28.37954965445317,10.705206870130725,circular
836,1100,700,12.619318585210708,-85,-85,-85,-85,1350,700,39.084756524583895,10.705206870130725,circular
837,1100,700,12.619318585210708,-85,-85,-85,-85,1350,700,49.78996339471462,10.705206870130725,circular
838,1100,700,12.619318585210708,-85,-85,-85,-85,1350,700,60.49517026484534,10.705206870130725,circular
839,1100,700,12.619318585210708,-85,-85,-85,-85,1350,700,71.20037713497607,10.705206870130725,circular
840,1100,700,12.619318585210708,-85,-85,-85,-85,1350,700,81.90558400510679,10.705206870130725,circular
841,1100,700,12.619318585210708,-85,-85,-85,-85,1350,700,92.61079087523751,10.705206870130725,circular
842,1100,700,12.619318585210708,-85,-85,-85,-85,1350,700,103.31599774536824,10.705206870130725,circular
843,1100,700,12.619318585210708,-85,-85,-85,-85,1350,700,114.02120461549896,10.705206870130725,circular
844,1100,700,12.619318585210708,-85,-85,-85,-85,1350,700,124.72641148562968,10.705206870130725,circular
845,1100,700,12.619318585210708,-85,-85,-85,-85,1350,700,135.4316183557604,10.705206870130725,circular
846,1100,700,12.619318585210708,16.269948115724727,-85,-85,-85,1350,700,146.13682522589113,10.705206870130725,circular
847,1100,700,12.619318585210708,22.793695368992218,-85,-85,21.41811930585211,1350,700,156.84203209602185,10.705206870130725,circular
848,1100,700,12.619318585210708,24.78833704083229,-85,-85,24.33271141113945,1350,700,167.54723896615258,10.705206870130725,circular
849,1100,700,12.619318585210708,25.80746062382631,-85,-85,25.614204328866276,1350,700,178.2524458362833,10.705206870130725,circular
850,1100,700,12.619318585210708,26.077602459396946,-85,-85,26.053745949214605,1350,700,188.95765270641402,10.705206870130725,circular
851,1100,700,12.619318585210708,25.807460623826316,-85,-85,25.946643644493044,1350,700,199.66285957654475,10.705206870130725,circular
852,1100,700,12.619318585210708,24.788337040832293,-85,-85,25.157178905256924,1350,700,210.36806644667547,10.705206870130725,circular
853,1100,700,12.619318585210708,22.496022074683278,-85,-85,23.319699537123853,1350,700,221.0732733168062,10.705206870130725,circular
854,1100,700,12.619318585210708,14.513447644213265,-85,-85,19.25639156218219,1350,700,231.77848018693692,10.705206870130725,circular
855,1100,700,12.619318585210708,-85,-85,-85,-85,1350,700,242.48368705706764,10.705206870130725,circular
856,1100,700,12.619318585210708,-85,-85,-85,-85,1350,700,253.18889392719836,10.705206870130725,circular
857,1100,700,12.619318585210708,-85,-85,-85,-85,1350,700,263.8941007973291,10.705206870130725,circular
858,1100,700,12.619318585210708,-85,-85,-85,-85,1350,700,274.5993076674598,10.705206870130725,circular
859,1100,700,12.619318585210708,-85,-85,-85,-85,1350,700,285.30451453759053,10.705206870130725,circular
860,1100,700,12.619318585210708,-85,-85,-85,-85,1350,700,296.00972140772126,10.705206870130725,circular
861,1100,700,12.619318585210708,-85,-85,-85,-85,1350,700,306.714928277852,10.705206870130725,circular
862,1100,700,12.619318585210708,-85,-85,-85,-85,1350,700,317.4201351479827,10.705206870130725,circular
863,1100,700,12.619318585210708,-85,-85,-85,-85,1350,700,328.12534201811343,10.705206870130725,circular
864,1100,700,12.619318585210708,-85,-85,-85,-85,1350,700,338.83054888824415,10.705206870130725,circular
865,1100,700,12.619318585210708,-85,-85,-85,-85,1350,700,349.5357557583749,10.705206870130725,circular
866,1100,700,12.619318585210708,-85,-85,-85,-85,1350,700,0.24096262850559924,10.705206870130725,circular
867,1100,700,12.619318585210708,-85,-85,-85,-85,1350,700,10.946169498636324,10.705206870130725,circular
868,1100,700,12.619318585210708,-85,-85,-85,-85,1350,700,21.65137636876705,10.705206870130725,circular
869,1100,700,12.619318585210708,-85,-85,-85,-85,1350,700,32.35658323889778,10.705206870130725,circular
870,1100,700,12.619318585210708,-85,-85,-85,-85,1350,700,43.0617901090285,10.705206870130725,circular
871,1100,700,12.619318585210708,-85,-85,-85,-85,1350,700,53.766996979159224,10.705206870130725,circular
872,1100,700,12.619318585210708,-85,-85,-85,-85,1350,700,64.47220384928995,10.705206870130725,circular
873,1100,700,12.619318585210708,-85,-85,-85,-85,1350,700,75.17741071942068,10.705206870130725,circular
874,1100,700,12.619318585210708,-85,-85,-85,-85,1350,700,85.8826175895514,10.705206870130725,circular
875,1100,700,12.619318585210708,-85,-85,-85,-85,1350,700,96.58782445968212,10.705206870130725,circular
876,1100,700,12.619318585210708,-85,-85,-85,-85,1350,700,107.29303132981285,10.705206870130725,circular
877,1100,700,12.619318585210708,-85,-85,-85,-85,1350,700,117.99823819994357,10.705206870130725,circular
878,1100,700,12.619318585210708,-85,-85,-85,-85,1350,700,128.7034450700743,10.705206870130725,circular
879,1100,700,12.619318585210708,-85,-85,-85,-85,1350,700,139.40865194020503,10.705206870130725,circular
880,1100,700,12.619318585210708,19.91435422725632,-85,-85,17.513155499392102,1350,700,150.11385881033576,10.705206870130725,circular
881,1100,700,12.619318585210708,23.769789312347285,-85,-85,22.793695368992218,1350,700,160.81906568046648,10.705206870130725,circular
882,1100,700,12.619318585210708,25.26334459461691,-85,-85,24.92014212493214,1350,700,171.5242725505972,10.705206870130725,circular
883,1100,700,12.619318585210708,25.9816463993744,-85,-85,25.859665714847075,1350,700,182.22947942072793,10.705206870130725,circular
884,1100,700,12.619318585210708,26.035130213615616,-85,-85,26.077602459396946,1350,700,192.93468629085865,10.705206870130725,circular
885,1100,700,12.619318585210708,25.536951728381826,-85,-85,25.7492610641292,1350,700,203.63989316098937,10.705206870130725,circular
886,1100,700,12.619318585210708,24.1582774269213,-85,-85,24.646943359767004,1350,700,214.3451000311201,10.705206870130725,circular
887,1100,700,12.619318585210708,20.97742610025735,-85,-85,22.170735458799452,1350,700,225.05030690125082,10.705206870130725,circular
888,1100,700,12.619318585210708,-85,-85,-85,14.513447644213265,1350,700,235.75551377138154,10.705206870130725,circular
889,1100,700,12.619318585210708,-85,-85,-85,-85,1350,700,246.46072064151227,10.705206870130725,circular
890,1100,700,12.619318585210708,-85,-85,-85,-85,1350,700,257.165927511643,10.705206870130725,circular
891,1100,700,12.619318585210708,-85,-85,-85,-85,1350,700,267.87113438177374,10.705206870130725,circular
892,1100,700,12.619318585210708,-85,-85,-85,-85,1350,700,278.57634125190447,10.705206870130725,circular
893,1100,700,12.619318585210708,-85,-85,-85,-85,1350,700,289.2815481220352,10.705206870130725,circular
894,1100,700,12.619318585210708,-85,-85,-85,-85,1350,700,299.9867549921659,10.705206870130725,circular
895,1100,700,12.619318585210708,-85,-85,-85,-85,1350,700,310.69196186229664,10.705206870130725,circular
896,1100,700,12.619318585210708,-85,-85,-85,-85,1350,700,321.39716873242736,10.705206870130725,circular
897,1100,700,12.619318585210708,-85,-85,-85,-85,1350,700,332.1023756025581,10.705206870130725,circular
898,1100,700,12.619318585210708,-85,-85,-85,-85,1350,700,342.8075824726888,10.705206870130725,circular
899,1100,700,12.619318585210708,-85,-85,-85,-85,1350,700,353.51278934281953,10.705206870130725,circular
900,1100,700,12.619318585210708,-85,-85,-85,-85,1350,700,4.217996212950254,10.705206870130725,circular
901,1100,700,12.619318585210708,-85,-85,-85,-85,1350,700,14.92320308308098,10.705206870130725,circular
902,1100,700,12.619318585210708,-85,-85,-85,-85,1350,700,25.628409953211705,10.705206870130725,circular
903,1100,700,12.619318585210708,-85,-85,-85,-85,1350,700,36.33361682334243,10.705206870130725,circular
904,1100,700,12.619318585210708,-85,-85,-85,-85,1350,700,47.038823693473155,10.705206870130725,circular
905,1100,700,12.619318585210708,-85,-85,-85,-85,1350,700,57.74403056360388,10.705206870130725,circular
906,1100,700,12.619318585210708,-85,-85,-85,-85,1350,700,68.44923743373461,10.705206870130725,circular
907,1100,700,12.619318585210708,-85,-85,-85,-85,1350,700,79.15444430386533,10.705206870130725,circular
908,1100,700,12.619318585210708,-85,-85,-85,-85,1350,700,89.85965117399606,10.705206870130725,circular
909,1100,700,12.619318585210708,-85,-85,-85,-85,1350,700,100.56485804412678,10.705206870130725,circular
910,1100,700,12.619318585210708,-85,-85,-85,-85,1350,700,111.2700649142575,10.705206870130725,circular
911,1100,700,12.619318585210708,-85,-85,-85,-85,1350,700,121.97527178438823,10.705206870130725,circular
912,1100,700,12.619318585210708,-85,-85,-85,-85,1350,700,132.68047865451896,10.705206870130725,circular
913,1100,700,12.619318585210708,-85,-85,-85,-85,1350,700,143.3856855246497,10.705206870130725,circular
914,1100,700,12.619318585210708,21.813356630230874,-85,-85,20.48098321025059,1350,700,154.0908923947804,10.705206870130725,circular
915,1100,700,12.619318585210708,24.495315191602927,-85,-85,23.769789312347285,1350,700,164.79609926491113,10.705206870130725,circular
916,1100,700,12.619318585210708,25.614204328866276,-85,-85,25.36180729449956,1350,700,175.50130613504186,10.705206870130725,circular
917,1100,700,12.619318585210708,26.067010357935978,-85,-85,26.011117049096303,1350,700,186.20651300517258,10.705206870130725,circular
918,1100,700,12.619318585210708,25.906018829630398,-85,-85,26.035130213615616,1350,700,196.9117198753033,10.705206870130725,circular
919,1100,700,12.619318585210708,25.157178905256924,-85,-85,25.452908776355446,1350,700,207.61692674543403,10.705206870130725,circular
920,1100,700,12.619318585210708,23.319699537123853,-85,-85,23.97102224645776,1350,700,218.32213361556475,10.705206870130725,circular
921,1100,700,12.619318585210708,18.474304759512954,-85,-85,20.48098321025059,1350,700,229.02734048569548,10.705206870130725,circular
922,1100,700,12.619318585210708,-85,-85,-85,-85,1350,700,239.7325473558262,10.705206870130725,circular
923,1100,700,12.619318585210708,-85,-85,-85,-85,1350,700,250.43775422595692,10.705206870130725,circular
924,1100,700,12.619318585210708,-85,-85,-85,-85,1350,700,261.1429610960877,10.705206870130725,circular
925,1100,700,12.619318585210708,-85,-85,-85,-85,1350,700,271.8481679662184,10.705206870130725,circular
926,1100,700,12.619318585210708,-85,-85,-85,-85,1350,700,282.5533748363491,10.705206870130725,circular
927,1100,700,12.619318585210708,-85,-85,-85,-85,1350,700,293.25858170647984,10.705206870130725,circular
928,1100,700,12.619318585210708,-85,-85,-85,-85,1350,700,303.96378857661057,10.705206870130725,circular
929,1100,700,12.619318585210708,-85,-85,-85,-85,1350,700,314.6689954467413,10.705206870130725,circular
930,1100,700,12.619318585210708,-85,-85,-85,-85,1350,700,325.374202316872,10.705206870130725,circular
931,1100,700,12.619318585210708,-85,-85,-85,-85,1350,700,336.07940918700274,10.705206870130725,circular
932,1100,700,12.619318585210708,-85,-85,-85,-85,1350,700,346.78461605713346,10.705206870130725,circular
933,1100,700,12.619318585210708,-85,-85,-85,-85,1350,700,357.4898229272642,10.705206870130725,circular
934,1100,700,12.619318585210708,-85,-85,-85,-85,1350,700,8.195029797394909,10.705206870130725,circular
935,1100,700,12.619318585210708,-85,-85,-85,-85,1350,700,18.900236667525633,10.705206870130725,circular
936,1100,700,12.619318585210708,-85,-85,-85,-85,1350,700,29.605443537656356,10.705206870130725,circular
937,1100,700,12.619318585210708,-85,-85,-85,-85,1350,700,40.31065040778708,10.705206870130725,circular
938,1100,700,12.619318585210708,-85,-85,-85,-85,1350,700,51.0158572779178,10.705206870130725,circular
939,1100,700,12.619318585210708,-85,-85,-85,-85,1350,700,61.72106414804853,10.705206870130725,circular
940,1100,700,12.619318585210708,-85,-85,-85,-85,1350,700,72.42627101817925,10.705206870130725,circular
941,1100,700,12.619318585210708,-85,-85,-85,-85,1350,700,83.13147788830997,10.705206870130725,circular
942,1100,700,12.619318585210708,-85,-85,-85,-85,1350,700,93.8366847584407,10.705206870130725,circular
943,1100,700,12.619318585210708,-85,-85,-85,-85,1350,700,104.54189162857142,10.705206870130725,circular
944,1100,700,12.619318585210708,-85,-85,-85,-85,1350,700,115.24709849870214,10.705206870130725,circular
945,1100,700,12.619318585210708,-85,-85,-85,-85,1350,700,125.95230536883287,10.705206870130725,circular
946,1100,700,12.619318585210708,-85,-85,-85,-85,1350,700,136.6575122389636,10.705206870130725,circular
947,1100,700,12.619318585210708,17.513155499392102,-85,-85,11.505794098357505,1350,700,147.36271910909431,10.705206870130725,circular
948,1100,700,12.619318585210708,23.06730250275713,-85,-85,22.170735458799452,1350,700,158.06792597922504,10.705206870130725,circular
949,1100,700,12.619318585210708,25.042923900792417,-85,-85,24.495315191602927,1350,700,168.77313284935576,10.705206870130725,circular
950,1100,700,12.619318585210708,25.859665714847075,-85,-85,25.684904084789974,1350,700,179.47833971948648,10.705206870130725,circular
951,1100,700,12.619318585210708,26.074956048612798,-85,-85,26.074956048612798,1350,700,190.1835465896172,10.705206870130725,circular
952,1100,700,12.619318585210708,25.684904084789977,-85,-85,25.906018829630398,1350,700,200.88875345974793,10.705206870130725,circular
953,1100,700,12.619318585210708,24.646943359767004,-85,-85,25.042923900792417,1350,700,211.59396032987866,10.705206870130725,circular
954,1100,700,12.619318585210708,22.170735458799452,-85,-85,23.067302502757133,1350,700,222.29916720000938,10.705206870130725,circular
955,1100,700,12.619318585210708,11.50579409835762,-85,-85,17.51315549939211,1350,700,233.0043740701401,10.705206870130725,circular
956,1100,700,12.619318585210708,-85,-85,-85,-85,1350,700,243.70958094027083,10.705206870130725,circular
957,1100,700,12.619318585210708,-85,-85,-85,-85,1350,700,254.41478781040155,10.705206870130725,circular
958,1100,700,12.619318585210708,-85,-85,-85,-85,1350,700,265.1199946805323,10.705206870130725,circular
959,1100,700,12.619318585210708,-85,-85,-85,-85,1350,700,275.825201550663,10.705206870130725,circular
960,1100,700,12.619318585210708,-85,-85,-85,-85,1350,700,286.5304084207937,10.705206870130725,circular
961,1100,700,12.619318585210708,-85,-85,-85,-85,1350,700,297.23561529092444,10.705206870130725,circular
962,1100,700,12.619318585210708,-85,-85,-85,-85,1350,700,307.94082216105517,10.705206870130725,circular
963,1100,700,12.619318585210708,-85,-85,-85,-85,1350,700,318.6460290311859,10.705206870130725,circular
964,1100,700,12.619318585210708,-85,-85,-85,-85,1350,700,329.3512359013166,10.705206870130725,circular
965,1100,700,12.619318585210708,-85,-85,-85,-85,1350,700,340.05644277144734,10.705206870130725,circular
966,1100,700,12.619318585210708,-85,-85,-85,-85,1350,700,350.76164964157806,10.705206870130725,circular
967,1100,700,12.619318585210708,-85,-85,-85,-85,1350,700,1.4668565117087837,10.705206870130725,circular
968,1100,700,12.619318585210708,-85,-85,-85,-85,1350,700,12.172063381839509,10.705206870130725,circular
969,1100,700,12.619318585210708,-85,-85,-85,-85,1350,700,22.877270251970234,10.705206870130725,circular
970,1100,700,12.619318585210708,-85,-85,-85,-85,1350,700,33.58247712210096,10.705206870130725,circular
971,1100,700,12.619318585210708,-85,-85,-85,-85,1350,700,44.287683992231685,10.705206870130725,circular
972,1100,700,12.619318585210708,-85,-85,-85,-85,1350,700,54.99289086236241,10.705206870130725,circular
973,1100,700,12.619318585210708,-85,-85,-85,-85,1350,700,65.69809773249314,10.705206870130725,circular
974,1100,700,12.619318585210708,-85,-85,-85,-85,1350,700,76.40330460262386,10.705206870130725,circular
975,1100,700,12.619318585210708,-85,-85,-85,-85,1350,700,87.10851147275459,10.705206870130725,circular
976,1100,700,12.619318585210708,-85,-85,-85,-85,1350,700,97.81371834288531,10.705206870130725,circular
977,1100,700,12.619318585210708,-85,-85,-85,-85,1350,700,108.51892521301603,10.705206870130725,circular
978,1100,700,12.619318585210708,-85,-85,-85,-85,1350,700,119.22413208314676,10.705206870130725,circular
979,1100,700,12.619318585210708,-85,-85,-85,-85,1350,700,129.9293389532775,10.705206870130725,circular
980,1100,700,12.619318585210708,-85,-85,-85,-85,1350,700,140.63454582340822,10.705206870130725,circular
981,1100,700,12.619318585210708,20.48098321025059,-85,-85,18.47430475951294,1350,700,151.33975269353894,10.705206870130725,circular
982,1100,700,12.619318585210708,23.971022246457757,-85,-85,23.31969953712386,1350,700,162.04495956366966,10.705206870130725,circular
983,1100,700,12.619318585210708,25.452908776355446,-85,-85,25.042923900792417,1350,700,172.7501664338004,10.705206870130725,circular
984,1100,700,12.619318585210708,26.011117049096303,-85,-85,25.906018829630398,1350,700,183.4553733039311,10.705206870130725,circular
985,1100,700,12.619318585210708,26.011117049096303,-85,-85,26.067010357935978,1350,700,194.16058017406183,10.705206870130725,circular
986,1100,700,12.619318585210708,25.361807294499556,-85,-85,25.684904084789977,1350,700,204.86578704419256,10.705206870130725,circular
987,1100,700,12.619318585210708,23.97102224645776,-85,-85,24.495315191602927,1350,700,215.57099391432328,10.705206870130725,circular
988,1100,700,12.619318585210708,20.48098321025059,-85,-85,21.81335663023087,1350,700,226.276200784454,10.705206870130725,circular
989,1100,700,12.619318585210708,-85,-85,-85,-85,1350,700,236.98140765458473,10.705206870130725,circular
990,1100,700,12.619318585210708,-85,-85,-85,-85,1350,700,247.68661452471545,10.705206870130725,circular
991,1100,700,12.619318585210708,-85,-85,-85,-85,1350,700,258.3918213948462,10.705206870130725,circular
992,1100,700,12.619318585210708,-85,-85,-85,-85,1350,700,269.0970282649769,10.705206870130725,circular
993,1100,700,12.619318585210708,-85,-85,-85,-85,1350,700,279.80223513510765,10.705206870130725,circular
994,1100,700,12.619318585210708,-85,-85,-85,-85,1350,700,290.5074420052384,10.705206870130725,circular
995,1100,700,12.619318585210708,-85,-85,-85,-85,1350,700,301.2126488753691,10.705206870130725,circular
996,1100,700,12.619318585210708,-85,-85,-85,-85,1350,700,311.9178557454998,10.705206870130725,circular
997,1100,700,12.619318585210708,-85,-85,-85,-85,1350,700,322.62306261563054,10.705206870130725,circular
998,1100,700,12.619318585210708,-85,-85,-85,-85,1350,700,333.32826948576127,10.705206870130725,circular
999,1100,700,12.619318585210708,-85,-85,-85,-85,1350,700,344.033476355892,10.705206870130725,circular
