Tick,Aircraft X,Aircraft Y,Aircraft Heading,A1,A2,A3,A4,Radar X,Radar Y,Radar Azimuth,Radar RPM,Radar Scan Pattern
0,1100,700,268.4127564513546,-85,-85,-85,-85,1350,700,259.5845862031293,12.719640704907075,circular
1,1100,700,268.4127564513546,-85,-85,-85,-85,1350,700,272.30422690803636,12.719640704907075,circular
2,1100,700,268.4127564513546,-85,-85,-85,-85,1350,700,285.02386761294343,12.719640704907075,circular
3,1100,700,268.4127564513546,-85,-85,-85,-85,1350,700,297.7435083178505,12.719640704907075,circular
4,1100,700,268.4127564513546,-85,-85,-85,-85,1350,700,310.4631490227576,12.719640704907075,circular
5,1100,700,268.4127564513546,-85,-85,-85,-85,1350,700,323.18278972766467,12.719640704907075,circular
6,1100,700,268.4127564513546,-85,-85,-85,-85,1350,700,335.90243043257175,12.719640704907075,circular
7,1100,700,268.4127564513546,-85,-85,-85,-85,1350,700,348.6220711374788,12.719640704907075,circular
8,1100,700,268.4127564513546,-85,-85,-85,-85,1350,700,1.3417118423859051,12.719640704907075,circular
9,1100,700,268.4127564513546,-85,-85,-85,-85,1350,700,14.06135254729298,12.719640704907075,circular
10,1100,700,268.4127564513546,-85,-85,-85,-85,1350,700,26.780993252200055,12.719640704907075,circular
11,1100,700,268.4127564513546,-85,-85,-85,-85,1350,700,39.50063395710713,12.719640704907075,circular
12,1100,700,268.4127564513546,-85,-85,-85,-85,1350,700,52.220274662014205,12.719640704907075,circular
13,1100,700,268.4127564513546,-85,-85,-85,-85,1350,700,64.93991536692128,12.719640704907075,circular
14,1100,700,268.4127564513546,-85,-85,-85,-85,1350,700,77.65955607182836,12.719640704907075,circular
15,1100,700,268.4127564513546,-85,-85,-85,-85,1350,700,90.37919677673544,12.719640704907075,circular
16,1100,700,268.4127564513546,-85,-85,-85,-85,1350,700,103.09883748164252,12.719640704907075,circular
17,1100,700,268.4127564513546,-85,-85,-85,-85,1350,700,115.8184781865496,12.719640704907075,circular
18,1100,700,268.4127564513546,-85,-85,-85,-85,1350,700,128.53811889145666,12.719640704907075,circular
19,1100,700,268.4127564513546,-85,-85,-85,-85,1350,700,141.25775959636374,12.719640704907075,circular
20,1100,700,268.4127564513546,18.47430475951294,20.48098321025059,-85,-85,1350,700,153.97740030127082,12.719640704907075,circular
21,1100,700,268.4127564513546,23.769789312347285,24.33271141113945,-85,-85,1350,700,166.6970410061779,12.719640704907075,circular
22,1100,700,268.4127564513546,25.452908776355446,25.7492610641292,-85,-85,1350,700,179.41668171108498,12.719640704907075,circular
23,1100,700,268.4127564513546,26.067010357935978,26.074956048612798,-85,-85,1350,700,192.13632241599205,12.719640704907075,circular
24,1100,700,268.4127564513546,25.807460623826316,25.614204328866276,-85,-85,1350,700,204.85596312089913,12.719640704907075,circular
25,1100,700,268.4127564513546,24.495315191602927,23.97102224645776,-85,-85,1350,700,217.5756038258062,12.719640704907075,circular
26,1100,700,268.4127564513546,21.418119305852123,19.25639156218219,-85,-85,1350,700,230.2952445307133,12.719640704907075,circular
27,1100,700,268.4127564513546,-85,-85,-85,-85,1350,700,243.01488523562037,12.719640704907075,circular
28,1100,700,268.4127564513546,-85,-85,-85,-85,1350,700,255.73452594052745,12.719640704907075,circular
29,1100,700,268.4127564513546,-85,-85,-85,-85,1350,700,268.4541666454345,12.719640704907075,circular
30,1100,700,268.4127564513546,-85,-85,-85,-85,1350,700,281.1738073503416,12.719640704907075,circular
31,1100,700,268.4127564513546,-85,-85,-85,-85,1350,700,293.89344805524865,12.719640704907075,circular
32,1100,700,268.4127564513546,-85,-85,-85,-85,1350,700,306.61308876015573,12.719640704907075,circular
33,1100,700,268.4127564513546,-85,-85,-85,-85,1350,700,319.3327294650628,12.719640704907075,circular
34,1100,700,268.4127564513546,-85,-85,-85,-85,1350,700,332.0523701699699,12.719640704907075,circular
35,1100,700,268.4127564513546,-85,-85,-85,-85,1350,700,344.77201087487697,12.719640704907075,circular
36,1100,700,268.4127564513546,-85,-85,-85,-85,1350,700,357.49165157978405,12.719640704907075,circular
37,1100,700,268.4127564513546,-85,-85,-85,-85,1350,700,10.211292284691126,12.719640704907075,circular
38,1100,700,268.4127564513546,-85,-85,-85,-85,1350,700,22.9309329895982,12.719640704907075,circular
39,1100,700,268.4127564513546,-85,-85,-85,-85,1350,700,35.650573694505276,12.719640704907075,circular
40,1100,700,268.4127564513546,-85,-85,-85,-85,1350,700,48.37021439941235,12.719640704907075,circular
41,1100,700,268.4127564513546,-85,-85,-85,-85,1350,700,61.089855104319426,12.719640704907075,circular
42,1100,700,268.4127564513546,-85,-85,-85,-85,1350,700,73.8094958092265,12.719640704907075,circular
43,1100,700,268.4127564513546,-85,-85,-85,-85,1350,700,86.52913651413358,12.719640704907075,circular
44,1100,700,268.4127564513546,-85,-85,-85,-85,1350,700,99.24877721904066,12.719640704907075,circular
45,1100,700,268.4127564513546,-85,-85,-85,-85,1350,700,111.96841792394774,12.719640704907075,circular
46,1100,700,268.4127564513546,-85,-85,-85,-85,1350,700,124.68805862885482,12.719640704907075,circular
47,1100,700,268.4127564513546,-85,-85,-85,-85,1350,700,137.40769933376188,12.719640704907075,circular
48,1100,700,268.4127564513546,11.505794098357505,18.47430475951294,-85,-85,1350,700,150.12734003866896,12.719640704907075,circular
49,1100,700,268.4127564513546,22.793695368992218,23.553218972269416,-85,-85,1350,700,162.84698074357604,12.719640704907075,circular
50,1100,700,268.4127564513546,25.157178905256924,25.452908776355446,-85,-85,1350,700,175.56662144848312,12.719640704907075,circular
51,1100,700,268.4127564513546,25.9816463993744,26.067010357935978,-85,-85,1350,700,188.2862621533902,12.719640704907075,circular
52,1100,700,268.4127564513546,25.9816463993744,25.859665714847075,-85,-85,1350,700,201.00590285829728,12.719640704907075,circular
53,1100,700,268.4127564513546,25.042923900792417,24.646943359767004,-85,-85,1350,700,213.72554356320435,12.719640704907075,circular
54,1100,700,268.4127564513546,22.496022074683278,21.418119305852123,-85,-85,1350,700,226.44518426811143,12.719640704907075,circular
55,1100,700,268.4127564513546,11.50579409835762,-85,-85,-85,1350,700,239.1648249730185,12.719640704907075,circular
56,1100,700,268.4127564513546,-85,-85,-85,-85,1350,700,251.8844656779256,12.719640704907075,circular
57,1100,700,268.4127564513546,-85,-85,-85,-85,1350,700,264.60410638283264,12.719640704907075,circular
58,1100,700,268.4127564513546,-85,-85,-85,-85,1350,700,277.3237470877397,12.719640704907075,circular
59,1100,700,268.4127564513546,-85,-85,-85,-85,1350,700,290.0433877926468,12.719640704907075,circular
60,1100,700,268.4127564513546,-85,-85,-85,-85,1350,700,302.7630284975539,12.719640704907075,circular
61,1100,700,268.4127564513546,-85,-85,-85,-85,1350,700,315.48266920246095,12.719640704907075,circular
62,1100,700,268.4127564513546,-85,-85,-85,-85,1350,700,328.20230990736803,12.719640704907075,circular
63,1100,700,268.4127564513546,-85,-85,-85,-85,1350,700,340.9219506122751,12.719640704907075,circular
64,1100,700,268.4127564513546,-85,-85,-85,-85,1350,700,353.6415913171822,12.719640704907075,circular
65,1100,700,268.4127564513546,-85,-85,-85,-85,1350,700,6.361232022089268,12.719640704907075,circular
66,1100,700,268.4127564513546,-85,-85,-85,-85,1350,700,19.080872726996343,12.719640704907075,circular
67,1100,700,268.4127564513546,-85,-85,-85,-85,1350,700,31.80051343190342,12.719640704907075,circular
68,1100,700,268.4127564513546,-85,-85,-85,-85,1350,700,44.52015413681049,12.719640704907075,circular
69,1100,700,268.4127564513546,-85,-85,-85,-85,1350,700,57.23979484171757,12.719640704907075,circular
70,1100,700,268.4127564513546,-85,-85,-85,-85,1350,700,69.95943554662465,12.719640704907075,circular
71,1100,700,268.4127564513546,-85,-85,-85,-85,1350,700,82.67907625153173,12.719640704907075,circular
72,1100,700,268.4127564513546,-85,-85,-85,-85,1350,700,95.3987169564388,12.719640704907075,circular
73,1100,700,268.4127564513546,-85,-85,-85,-85,1350,700,108.11835766134588,12.719640704907075,circular
74,1100,700,268.4127564513546,-85,-85,-85,-85,1350,700,120.83799836625296,12.719640704907075,circular
75,1100,700,268.4127564513546,-85,-85,-85,-85,1350,700,133.55763907116003,12.719640704907075,circular
76,1100,700,268.4127564513546,-85,11.505794098357505,-85,-85,1350,700,146.2772797760671,12.719640704907075,circular
77,1100,700,268.4127564513546,21.41811930585211,22.496022074683278,-85,-85,1350,700,158.99692048097418,12.719640704907075,circular
78,1100,700,268.4127564513546,24.646943359767004,25.042923900792417,-85,-85,1350,700,171.71656118588126,12.719640704907075,circular
79,1100,700,268.4127564513546,25.859665714847075,25.9816463993744,-85,-85,1350,700,184.43620189078834,12.719640704907075,circular
80,1100,700,268.4127564513546,26.067010357935978,25.9816463993744,-85,-85,1350,700,197.15584259569542,12.719640704907075,circular
81,1100,700,268.4127564513546,25.452908776355446,25.157178905256924,-85,-85,1350,700,209.8754833006025,12.719640704907075,circular
82,1100,700,268.4127564513546,23.553218972269416,22.793695368992225,-85,-85,1350,700,222.59512400550958,12.719640704907075,circular
83,1100,700,268.4127564513546,18.474304759512954,11.50579409835762,-85,-85,1350,700,235.31476471041665,12.719640704907075,circular
84,1100,700,268.4127564513546,-85,-85,-85,-85,1350,700,248.03440541532373,12.719640704907075,circular
85,1100,700,268.4127564513546,-85,-85,-85,-85,1350,700,260.7540461202308,12.719640704907075,circular
86,1100,700,268.4127564513546,-85,-85,-85,-85,1350,700,273.47368682513786,12.719640704907075,circular
87,1100,700,268.4127564513546,-85,-85,-85,-85,1350,700,286.19332753004494,12.719640704907075,circular
88,1100,700,268.4127564513546,-85,-85,-85,-85,1350,700,298.912968234952,12.719640704907075,circular
89,1100,700,268.4127564513546,-85,-85,-85,-85,1350,700,311.6326089398591,12.719640704907075,circular
90,1100,700,268.4127564513546,-85,-85,-85,-85,1350,700,324.3522496447662,12.719640704907075,circular
91,1100,700,268.4127564513546,-85,-85,-85,-85,1350,700,337.07189034967325,12.719640704907075,circular
92,1100,700,268.4127564513546,-85,-85,-85,-85,1350,700,349.79153105458033,12.719640704907075,circular
93,1100,700,268.4127564513546,-85,-85,-85,-85,1350,700,2.511171759487411,12.719640704907075,circular
94,1100,700,268.4127564513546,-85,-85,-85,-85,1350,700,15.230812464394486,12.719640704907075,circular
95,1100,700,268.4127564513546,-85,-85,-85,-85,1350,700,27.95045316930156,12.719640704907075,circular
96,1100,700,268.4127564513546,-85,-85,-85,-85,1350,700,40.67009387420863,12.719640704907075,circular
97,1100,700,268.4127564513546,-85,-85,-85,-85,1350,700,53.38973457911571,12.719640704907075,circular
98,1100,700,268.4127564513546,-85,-85,-85,-85,1350,700,66.10937528402279,12.719640704907075,circular
99,1100,700,268.4127564513546,-85,-85,-85,-85,1350,700,78.82901598892987,12.719640704907075,circular
100,1100,700,268.4127564513546,-85,-85,-85,-85,1350,700,91.54865669383695,12.719640704907075,circular
101,1100,700,268.4127564513546,-85,-85,-85,-85,1350,700,104.26829739874402,12.719640704907075,circular
102,1100,700,268.4127564513546,-85,-85,-85,-85,1350,700,116.9879381036511,12.719640704907075,circular
103,1100,700,268.4127564513546,-85,-85,-85,-85,1350,700,129.70757880855817,12.719640704907075,circular
104,1100,700,268.4127564513546,-85,-85,-85,-85,1350,700,142.42721951346525,12.719640704907075,circular
105,1100,700,268.4127564513546,19.25639156218217,21.41811930585211,-85,-85,1350,700,155.14686021837232,12.719640704907075,circular
106,1100,700,268.4127564513546,23.971022246457757,24.495315191602927,-85,-85,1350,700,167.8665009232794,12.719640704907075,circular
107,1100,700,268.4127564513546,25.614204328866276,25.80746062382631,-85,-85,1350,700,180.58614162818648,12.719640704907075,circular
108,1100,700,268.4127564513546,26.074956048612798,26.067010357935978,-85,-85,1350,700,193.30578233309356,12.719640704907075,circular
109,1100,700,268.4127564513546,25.7492610641292,25.536951728381826,-85,-85,1350,700,206.02542303800064,12.719640704907075,circular
110,1100,700,268.4127564513546,24.332711411139446,23.769789312347285,-85,-85,1350,700,218.74506374290772,12.719640704907075,circular
111,1100,700,268.4127564513546,20.48098321025059,18.474304759512954,-85,-85,1350,700,231.4647044478148,12.719640704907075,circular
112,1100,700,268.4127564513546,-85,-85,-85,-85,1350,700,244.18434515272187,12.719640704907075,circular
113,1100,700,268.4127564513546,-85,-85,-85,-85,1350,700,256.9039858576289,12.719640704907075,circular
114,1100,700,268.4127564513546,-85,-85,-85,-85,1350,700,269.623626562536,12.719640704907075,circular
115,1100,700,268.4127564513546,-85,-85,-85,-85,1350,700,282.3432672674431,12.719640704907075,circular
116,1100,700,268.4127564513546,-85,-85,-85,-85,1350,700,295.06290797235016,12.719640704907075,circular
117,1100,700,268.4127564513546,-85,-85,-85,-85,1350,700,307.78254867725724,12.719640704907075,circular
118,1100,700,268.4127564513546,-85,-85,-85,-85,1350,700,320.5021893821643,12.719640704907075,circular
119,1100,700,268.4127564513546,-85,-85,-85,-85,1350,700,333.2218300870714,12.719640704907075,circular
120,1100,700,268.4127564513546,-85,-85,-85,-85,1350,700,345.9414707919785,12.719640704907075,circular
121,1100,700,268.4127564513546,-85,-85,-85,-85,1350,700,358.66111149688555,12.719640704907075,circular
122,1100,700,268.4127564513546,-85,-85,-85,-85,1350,700,11.380752201792632,12.719640704907075,circular
123,1100,700,268.4127564513546,-85,-85,-85,-85,1350,700,24.100392906699707,12.719640704907075,circular
124,1100,700,268.4127564513546,-85,-85,-85,-85,1350,700,36.82003361160678,12.719640704907075,circular
125,1100,700,268.4127564513546,-85,-85,-85,-85,1350,700,49.53967431651385,12.719640704907075,circular
126,1100,700,268.4127564513546,-85,-85,-85,-85,1350,700,62.25931502142093,12.719640704907075,circular
127,1100,700,268.4127564513546,-85,-85,-85,-85,1350,700,74.97895572632801,12.719640704907075,circular
128,1100,700,268.4127564513546,-85,-85,-85,-85,1350,700,87.69859643123509,12.719640704907075,circular
129,1100,700,268.4127564513546,-85,-85,-85,-85,1350,700,100.41823713614217,12.719640704907075,circular
130,1100,700,268.4127564513546,-85,-85,-85,-85,1350,700,113.13787784104925,12.719640704907075,circular
131,1100,700,268.4127564513546,-85,-85,-85,-85,1350,700,125.85751854595632,12.719640704907075,circular
132,1100,700,268.4127564513546,-85,-85,-85,-85,1350,700,138.5771592508634,12.719640704907075,circular
133,1100,700,268.4127564513546,14.513447644213304,19.25639156218217,-85,-85,1350,700,151.29679995577047,12.719640704907075,circular
134,1100,700,268.4127564513546,23.06730250275713,23.769789312347285,-85,-85,1350,700,164.01644066067755,12.719640704907075,circular
135,1100,700,268.4127564513546,25.26334459461691,25.536951728381826,-85,-85,1350,700,176.73608136558462,12.719640704907075,circular
136,1100,700,268.4127564513546,26.035130213615616,26.074956048612798,-85,-85,1350,700,189.4557220704917,12.719640704907075,circular
137,1100,700,268.4127564513546,25.946643644493044,25.7492610641292,-85,-85,1350,700,202.17536277539878,12.719640704907075,circular
138,1100,700,268.4127564513546,24.92014212493214,24.495315191602927,-85,-85,1350,700,214.89500348030586,12.719640704907075,circular
139,1100,700,268.4127564513546,22.170735458799452,20.97742610025735,-85,-85,1350,700,227.61464418521294,12.719640704907075,circular
140,1100,700,268.4127564513546,-85,-85,-85,-85,1350,700,240.33428489012002,12.719640704907075,circular
141,1100,700,268.4127564513546,-85,-85,-85,-85,1350,700,253.0539255950271,12.719640704907075,circular
142,1100,700,268.4127564513546,-85,-85,-85,-85,1350,700,265.77356629993415,12.719640704907075,circular
143,1100,700,268.4127564513546,-85,-85,-85,-85,1350,700,278.4932070048412,12.719640704907075,circular
144,1100,700,268.4127564513546,-85,-85,-85,-85,1350,700,291.2128477097483,12.719640704907075,circular
145,1100,700,268.4127564513546,-85,-85,-85,-85,1350,700,303.9324884146554,12.719640704907075,circular
146,1100,700,268.4127564513546,-85,-85,-85,-85,1350,700,316.65212911956246,12.719640704907075,circular
147,1100,700,268.4127564513546,-85,-85,-85,-85,1350,700,329.37176982446954,12.719640704907075,circular
148,1100,700,268.4127564513546,-85,-85,-85,-85,1350,700,342.0914105293766,12.719640704907075,circular
149,1100,700,268.4127564513546,-85,-85,-85,-85,1350,700,354.8110512342837,12.719640704907075,circular
150,1100,700,268.4127564513546,-85,-85,-85,-85,1350,700,7.530691939190774,12.719640704907075,circular
151,1100,700,268.4127564513546,-85,-85,-85,-85,1350,700,20.25033264409785,12.719640704907075,circular
152,1100,700,268.4127564513546,-85,-85,-85,-85,1350,700,32.969973349004924,12.719640704907075,circular
153,1100,700,268.4127564513546,-85,-85,-85,-85,1350,700,45.689614053911995,12.719640704907075,circular
154,1100,700,268.4127564513546,-85,-85,-85,-85,1350,700,58.409254758819074,12.719640704907075,circular
155,1100,700,268.4127564513546,-85,-85,-85,-85,1350,700,71.12889546372615,12.719640704907075,circular
156,1100,700,268.4127564513546,-85,-85,-85,-85,1350,700,83.84853616863323,12.719640704907075,circular
157,1100,700,268.4127564513546,-85,-85,-85,-85,1350,700,96.56817687354031,12.719640704907075,circular
158,1100,700,268.4127564513546,-85,-85,-85,-85,1350,700,109.28781757844739,12.719640704907075,circular
159,1100,700,268.4127564513546,-85,-85,-85,-85,1350,700,122.00745828335447,12.719640704907075,circular
160,1100,700,268.4127564513546,-85,-85,-85,-85,1350,700,134.72709898826153,12.719640704907075,circular
161,1100,700,268.4127564513546,-85,14.513447644213304,-85,-85,1350,700,147.4467396931686,12.719640704907075,circular
162,1100,700,268.4127564513546,21.813356630230874,23.06730250275713,-85,-85,1350,700,160.1663803980757,12.719640704907075,circular
163,1100,700,268.4127564513546,24.78833704083229,25.157178905256924,-85,-85,1350,700,172.88602110298277,12.719640704907075,circular
164,1100,700,268.4127564513546,25.906018829630398,26.011117049096303,-85,-85,1350,700,185.60566180788985,12.719640704907075,circular
165,1100,700,268.4127564513546,26.053745949214605,25.946643644493044,-85,-85,1350,700,198.32530251279692,12.719640704907075,circular
166,1100,700,268.4127564513546,25.361807294499556,25.042923900792417,-85,-85,1350,700,211.044943217704,12.719640704907075,circular
167,1100,700,268.4127564513546,23.319699537123853,22.496022074683278,-85,-85,1350,700,223.76458392261108,12.719640704907075,circular
168,1100,700,268.4127564513546,16.269948115724716,-85,-85,-85,1350,700,236.48422462751816,12.719640704907075,circular
169,1100,700,268.4127564513546,-85,-85,-85,-85,1350,700,249.20386533242524,12.719640704907075,circular
170,1100,700,268.4127564513546,-85,-85,-85,-85,1350,700,261.9235060373323,12.719640704907075,circular
171,1100,700,268.4127564513546,-85,-85,-85,-85,1350,700,274.64314674223937,12.719640704907075,circular
172,1100,700,268.4127564513546,-85,-85,-85,-85,1350,700,287.36278744714645,12.719640704907075,circular
173,1100,700,268.4127564513546,-85,-85,-85,-85,1350,700,300.0824281520535,12.719640704907075,circular
174,1100,700,268.4127564513546,-85,-85,-85,-85,1350,700,312.8020688569606,12.719640704907075,circular
175,1100,700,268.4127564513546,-85,-85,-85,-85,1350,700,325.5217095618677,12.719640704907075,circular
176,1100,700,268.4127564513546,-85,-85,-85,-85,1350,700,338.24135026677476,12.719640704907075,circular
177,1100,700,268.4127564513546,-85,-85,-85,-85,1350,700,350.96099097168184,12.719640704907075,circular
178,1100,700,268.4127564513546,-85,-85,-85,-85,1350,700,3.6806316765889164,12.719640704907075,circular
179,1100,700,268.4127564513546,-85,-85,-85,-85,1350,700,16.40027238149599,12.719640704907075,circular
180,1100,700,268.4127564513546,-85,-85,-85,-85,1350,700,29.119913086403066,12.719640704907075,circular
181,1100,700,268.4127564513546,-85,-85,-85,-85,1350,700,41.83955379131014,12.719640704907075,circular
182,1100,700,268.4127564513546,-85,-85,-85,-85,1350,700,54.559194496217216,12.719640704907075,circular
183,1100,700,268.4127564513546,-85,-85,-85,-85,1350,700,67.2788352011243,12.719640704907075,circular
184,1100,700,268.4127564513546,-85,-85,-85,-85,1350,700,79.99847590603137,12.719640704907075,circular
185,1100,700,268.4127564513546,-85,-85,-85,-85,1350,700,92.71811661093845,12.719640704907075,circular
186,1100,700,268.4127564513546,-85,-85,-85,-85,1350,700,105.43775731584553,12.719640704907075,circular
187,1100,700,268.4127564513546,-85,-85,-85,-85,1350,700,118.15739802075261,12.719640704907075,circular
188,1100,700,268.4127564513546,-85,-85,-85,-85,1350,700,130.87703872565967,12.719640704907075,circular
189,1100,700,268.4127564513546,-85,-85,-85,-85,1350,700,143.59667943056675,12.719640704907075,circular
190,1100,700,268.4127564513546,19.91435422725632,21.813356630230874,-85,-85,1350,700,156.31632013547383,12.719640704907075,circular
191,1100,700,268.4127564513546,24.1582774269213,24.646943359767004,-85,-85,1350,700,169.0359608403809,12.719640704907075,circular
192,1100,700,268.4127564513546,25.684904084789974,25.859665714847075,-85,-85,1350,700,181.755601545288,12.719640704907075,circular
193,1100,700,268.4127564513546,26.077602459396946,26.053745949214605,-85,-85,1350,700,194.47524225019507,12.719640704907075,circular
194,1100,700,268.4127564513546,25.684904084789977,25.361807294499556,-85,-85,1350,700,207.19488295510214,12.719640704907075,circular
195,1100,700,268.4127564513546,24.1582774269213,23.553218972269416,-85,-85,1350,700,219.91452366000922,12.719640704907075,circular
196,1100,700,268.4127564513546,19.914354227256315,17.51315549939211,-85,-85,1350,700,232.6341643649163,12.719640704907075,circular
197,1100,700,268.4127564513546,-85,-85,-85,-85,1350,700,245.35380506982338,12.719640704907075,circular
198,1100,700,268.4127564513546,-85,-85,-85,-85,1350,700,258.07344577473043,12.719640704907075,circular
199,1100,700,268.4127564513546,-85,-85,-85,-85,1350,700,270.7930864796375,12.719640704907075,circular
200,1100,700,268.4127564513546,-85,-85,-85,-85,1350,700,283.5127271845446,12.719640704907075,circular
201,1100,700,268.4127564513546,-85,-85,-85,-85,1350,700,296.23236788945167,12.719640704907075,circular
202,1100,700,268.4127564513546,-85,-85,-85,-85,1350,700,308.95200859435874,12.719640704907075,circular
203,1100,700,268.4127564513546,-85,-85,-85,-85,1350,700,321.6716492992658,12.719640704907075,circular
204,1100,700,268.4127564513546,-85,-85,-85,-85,1350,700,334.3912900041729,12.719640704907075,circular
205,1100,700,268.4127564513546,-85,-85,-85,-85,1350,700,347.11093070908,12.719640704907075,circular
206,1100,700,268.4127564513546,-85,-85,-85,-85,1350,700,359.83057141398706,12.719640704907075,circular
207,1100,700,268.4127564513546,-85,-85,-85,-85,1350,700,12.550212118894137,12.719640704907075,circular
208,1100,700,268.4127564513546,-85,-85,-85,-85,1350,700,25.269852823801212,12.719640704907075,circular
209,1100,700,268.4127564513546,-85,-85,-85,-85,1350,700,37.98949352870829,12.719640704907075,circular
210,1100,700,268.4127564513546,-85,-85,-85,-85,1350,700,50.70913423361536,12.719640704907075,circular
211,1100,700,268.4127564513546,-85,-85,-85,-85,1350,700,63.42877493852244,12.719640704907075,circular
212,1100,700,268.4127564513546,-85,-85,-85,-85,1350,700,76.14841564342952,12.719640704907075,circular
213,1100,700,268.4127564513546,-85,-85,-85,-85,1350,700,88.8680563483366,12.719640704907075,circular
214,1100,700,268.4127564513546,-85,-85,-85,-85,1350,700,101.58769705324367,12.719640704907075,circular
215,1100,700,268.4127564513546,-85,-85,-85,-85,1350,700,114.30733775815075,12.719640704907075,circular
216,1100,700,268.4127564513546,-85,-85,-85,-85,1350,700,127.02697846305783,12.719640704907075,circular
217,1100,700,268.4127564513546,-85,-85,-85,-85,1350,700,139.7466191679649,12.719640704907075,circular
218,1100,700,268.4127564513546,17.513155499392102,19.91435422725632,-85,-85,1350,700,152.46625987287197,12.719640704907075,circular
219,1100,700,268.4127564513546,23.31969953712386,24.1582774269213,-85,-85,1350,700,165.18590057777905,12.719640704907075,circular
220,1100,700,268.4127564513546,25.36180729449956,25.614204328866276,-85,-85,1350,700,177.90554128268613,12.719640704907075,circular
221,1100,700,268.4127564513546,26.053745949214605,26.077602459396946,-85,-85,1350,700,190.6251819875932,12.719640704907075,circular
222,1100,700,268.4127564513546,25.906018829630398,25.684904084789977,-85,-85,1350,700,203.3448226925003,12.719640704907075,circular
223,1100,700,268.4127564513546,24.788337040832293,24.332711411139446,-85,-85,1350,700,216.06446339740737,12.719640704907075,circular
224,1100,700,268.4127564513546,21.81335663023087,20.48098321025059,-85,-85,1350,700,228.78410410231444,12.719640704907075,circular
225,1100,700,268.4127564513546,-85,-85,-85,-85,1350,700,241.50374480722152,12.719640704907075,circular
226,1100,700,268.4127564513546,-85,-85,-85,-85,1350,700,254.2233855121286,12.719640704907075,circular
227,1100,700,268.4127564513546,-85,-85,-85,-85,1350,700,266.94302621703565,12.719640704907075,circular
228,1100,700,268.4127564513546,-85,-85,-85,-85,1350,700,279.66266692194273,12.719640704907075,circular
229,1100,700,268.4127564513546,-85,-85,-85,-85,1350,700,292.3823076268498,12.719640704907075,circular
230,1100,700,268.4127564513546,-85,-85,-85,-85,1350,700,305.1019483317569,12.719640704907075,circular
231,1100,700,268.4127564513546,-85,-85,-85,-85,1350,700,317.82158903666397,12.719640704907075,circular
232,1100,700,268.4127564513546,-85,-85,-85,-85,1350,700,330.54122974157104,12.719640704907075,circular
233,1100,700,268.4127564513546,-85,-85,-85,-85,1350,700,343.2608704464781,12.719640704907075,circular
234,1100,700,268.4127564513546,-85,-85,-85,-85,1350,700,355.9805111513852,12.719640704907075,circular
235,1100,700,268.4127564513546,-85,-85,-85,-85,1350,700,8.70015185629228,12.719640704907075,circular
236,1100,700,268.4127564513546,-85,-85,-85,-85,1350,700,21.419792561199355,12.719640704907075,circular
237,1100,700,268.4127564513546,-85,-85,-85,-85,1350,700,34.13943326610643,12.719640704907075,circular
238,1100,700,268.4127564513546,-85,-85,-85,-85,1350,700,46.8590739710135,12.719640704907075,circular
239,1100,700,268.4127564513546,-85,-85,-85,-85,1350,700,59.57871467592058,12.719640704907075,circular
240,1100,700,268.4127564513546,-85,-85,-85,-85,1350,700,72.29835538082766,12.719640704907075,circular
241,1100,700,268.4127564513546,-85,-85,-85,-85,1350,700,85.01799608573474,12.719640704907075,circular
242,1100,700,268.4127564513546,-85,-85,-85,-85,1350,700,97.73763679064182,12.719640704907075,circular
243,1100,700,268.4127564513546,-85,-85,-85,-85,1350,700,110.4572774955489,12.719640704907075,circular
244,1100,700,268.4127564513546,-85,-85,-85,-85,1350,700,123.17691820045597,12.719640704907075,circular
245,1100,700,268.4127564513546,-85,-85,-85,-85,1350,700,135.89655890536304,12.719640704907075,circular
246,1100,700,268.4127564513546,-85,16.269948115724727,-85,-85,1350,700,148.61619961027012,12.719640704907075,circular
247,1100,700,268.4127564513546,22.170735458799452,23.31969953712386,-85,-85,1350,700,161.3358403151772,12.719640704907075,circular
248,1100,700,268.4127564513546,24.92014212493214,25.26334459461691,-85,-85,1350,700,174.05548102008427,12.719640704907075,circular
249,1100,700,268.4127564513546,25.946643644493044,26.035130213615616,-85,-85,1350,700,186.77512172499135,12.719640704907075,circular
250,1100,700,268.4127564513546,26.011117049096303,25.906018829630398,-85,-85,1350,700,199.49476242989843,12.719640704907075,circular
251,1100,700,268.4127564513546,25.263344594616918,24.788337040832293,-85,-85,1350,700,212.2144031348055,12.719640704907075,circular
252,1100,700,268.4127564513546,23.067302502757133,22.170735458799452,-85,-85,1350,700,224.9340438397126,12.719640704907075,circular
253,1100,700,268.4127564513546,14.513447644213265,-85,-85,-85,1350,700,237.65368454461967,12.719640704907075,circular
254,1100,700,268.4127564513546,-85,-85,-85,-85,1350,700,250.37332524952674,12.719640704907075,circular
255,1100,700,268.4127564513546,-85,-85,-85,-85,1350,700,263.0929659544338,12.719640704907075,circular
256,1100,700,268.4127564513546,-85,-85,-85,-85,1350,700,275.8126066593409,12.719640704907075,circular
257,1100,700,268.4127564513546,-85,-85,-85,-85,1350,700,288.53224736424795,12.719640704907075,circular
258,1100,700,268.4127564513546,-85,-85,-85,-85,1350,700,301.25188806915503,12.719640704907075,circular
259,1100,700,268.4127564513546,-85,-85,-85,-85,1350,700,313.9715287740621,12.719640704907075,circular
260,1100,700,268.4127564513546,-85,-85,-85,-85,1350,700,326.6911694789692,12.719640704907075,circular
261,1100,700,268.4127564513546,-85,-85,-85,-85,1350,700,339.41081018387627,12.719640704907075,circular
262,1100,700,268.4127564513546,-85,-85,-85,-85,1350,700,352.13045088878334,12.719640704907075,circular
263,1100,700,268.4127564513546,-85,-85,-85,-85,1350,700,4.850091593690422,12.719640704907075,circular
264,1100,700,268.4127564513546,-85,-85,-85,-85,1350,700,17.569732298597497,12.719640704907075,circular
265,1100,700,268.4127564513546,-85,-85,-85,-85,1350,700,30.289373003504572,12.719640704907075,circular
266,1100,700,268.4127564513546,-85,-85,-85,-85,1350,700,43.00901370841164,12.719640704907075,circular
267,1100,700,268.4127564513546,-85,-85,-85,-85,1350,700,55.72865441331872,12.719640704907075,circular
268,1100,700,268.4127564513546,-85,-85,-85,-85,1350,700,68.4482951182258,12.719640704907075,circular
269,1100,700,268.4127564513546,-85,-85,-85,-85,1350,700,81.16793582313288,12.719640704907075,circular
270,1100,700,268.4127564513546,-85,-85,-85,-85,1350,700,93.88757652803996,12.719640704907075,circular
271,1100,700,268.4127564513546,-85,-85,-85,-85,1350,700,106.60721723294704,12.719640704907075,circular
272,1100,700,268.4127564513546,-85,-85,-85,-85,1350,700,119.32685793785411,12.719640704907075,circular
273,1100,700,268.4127564513546,-85,-85,-85,-85,1350,700,132.04649864276118,12.719640704907075,circular
274,1100,700,268.4127564513546,-85,-85,-85,-85,1350,700,144.76613934766826,12.719640704907075,circular
275,1100,700,268.4127564513546,20.97742610025734,22.170735458799452,-85,-85,1350,700,157.48578005257534,12.719640704907075,circular
276,1100,700,268.4127564513546,24.33271141113945,24.92014212493214,-85,-85,1350,700,170.20542075748241,12.719640704907075,circular
277,1100,700,268.4127564513546,25.7492610641292,25.906018829630398,-85,-85,1350,700,182.9250614623895,12.719640704907075,circular
278,1100,700,268.4127564513546,26.074956048612798,26.035130213615616,-85,-85,1350,700,195.64470216729657,12.719640704907075,circular
279,1100,700,268.4127564513546,25.614204328866276,25.263344594616918,-85,-85,1350,700,208.36434287220365,12.719640704907075,circular
280,1100,700,268.4127564513546,23.97102224645776,23.319699537123853,-85,-85,1350,700,221.08398357711073,12.719640704907075,circular
281,1100,700,268.4127564513546,19.25639156218219,16.269948115724716,-85,-85,1350,700,233.8036242820178,12.719640704907075,circular
282,1100,700,268.4127564513546,-85,-85,-85,-85,1350,700,246.5232649869249,12.719640704907075,circular
283,1100,700,268.4127564513546,-85,-85,-85,-85,1350,700,259.24290569183194,12.719640704907075,circular
284,1100,700,268.4127564513546,-85,-85,-85,-85,1350,700,271.962546396739,12.719640704907075,circular
285,1100,700,268.4127564513546,-85,-85,-85,-85,1350,700,284.6821871016461,12.719640704907075,circular
286,1100,700,268.4127564513546,-85,-85,-85,-85,1350,700,297.4018278065532,12.719640704907075,circular
287,1100,700,268.4127564513546,-85,-85,-85,-85,1350,700,310.12146851146025,12.719640704907075,circular
288,1100,700,268.4127564513546,-85,-85,-85,-85,1350,700,322.84110921636733,12.719640704907075,circular
289,1100,700,268.4127564513546,-85,-85,-85,-85,1350,700,335.5607499212744,12.719640704907075,circular
290,1100,700,268.4127564513546,-85,-85,-85,-85,1350,700,348.2803906261815,12.719640704907075,circular
291,1100,700,268.4127564513546,-85,-85,-85,-85,1350,700,1.0000313310885645,12.719640704907075,circular
292,1100,700,268.4127564513546,-85,-85,-85,-85,1350,700,13.71967203599564,12.719640704907075,circular
293,1100,700,268.4127564513546,-85,-85,-85,-85,1350,700,26.439312740902714,12.719640704907075,circular
294,1100,700,268.4127564513546,-85,-85,-85,-85,1350,700,39.158953445809786,12.719640704907075,circular
295,1100,700,268.4127564513546,-85,-85,-85,-85,1350,700,51.878594150716864,12.719640704907075,circular
296,1100,700,268.4127564513546,-85,-85,-85,-85,1350,700,64.59823485562394,12.719640704907075,circular
297,1100,700,268.4127564513546,-85,-85,-85,-85,1350,700,77.31787556053102,12.719640704907075,circular
298,1100,700,268.4127564513546,-85,-85,-85,-85,1350,700,90.0375162654381,12.719640704907075,circular
299,1100,700,268.4127564513546,-85,-85,-85,-85,1350,700,102.75715697034518,12.719640704907075,circular
300,1100,700,268.4127564513546,-85,-85,-85,-85,1350,700,115.47679767525226,12.719640704907075,circular
301,1100,700,268.4127564513546,-85,-85,-85,-85,1350,700,128.19643838015932,12.719640704907075,circular
302,1100,700,268.4127564513546,-85,-85,-85,-85,1350,700,140.9160790850664,12.719640704907075,circular
303,1100,700,268.4127564513546,18.47430475951294,20.48098321025059,-85,-85,1350,700,153.63571978997348,12.719640704907075,circular
304,1100,700,268.4127564513546,23.553218972269416,24.33271141113945,-85,-85,1350,700,166.35536049488056,12.719640704907075,circular
305,1100,700,268.4127564513546,25.452908776355446,25.684904084789974,-85,-85,1350,700,179.07500119978764,12.719640704907075,circular
306,1100,700,268.4127564513546,26.067010357935978,26.077602459396946,-85,-85,1350,700,191.7946419046947,12.719640704907075,circular
307,1100,700,268.4127564513546,25.807460623826316,25.614204328866276,-85,-85,1350,700,204.5142826096018,12.719640704907075,circular
308,1100,700,268.4127564513546,24.646943359767004,23.97102224645776,-85,-85,1350,700,217.23392331450887,12.719640704907075,circular
309,1100,700,268.4127564513546,21.418119305852123,19.914354227256315,-85,-85,1350,700,229.95356401941595,12.719640704907075,circular
310,1100,700,268.4127564513546,-85,-85,-85,-85,1350,700,242.67320472432303,12.719640704907075,circular
311,1100,700,268.4127564513546,-85,-85,-85,-85,1350,700,255.3928454292301,12.719640704907075,circular
312,1100,700,268.4127564513546,-85,-85,-85,-85,1350,700,268.11248613413716,12.719640704907075,circular
313,1100,700,268.4127564513546,-85,-85,-85,-85,1350,700,280.83212683904424,12.719640704907075,circular
314,1100,700,268.4127564513546,-85,-85,-85,-85,1350,700,293.5517675439513,12.719640704907075,circular
315,1100,700,268.4127564513546,-85,-85,-85,-85,1350,700,306.2714082488584,12.719640704907075,circular
316,1100,700,268.4127564513546,-85,-85,-85,-85,1350,700,318.99104895376547,12.719640704907075,circular
317,1100,700,268.4127564513546,-85,-85,-85,-85,1350,700,331.71068965867255,12.719640704907075,circular
318,1100,700,268.4127564513546,-85,-85,-85,-85,1350,700,344.4303303635796,12.719640704907075,circular
319,1100,700,268.4127564513546,-85,-85,-85,-85,1350,700,357.1499710684867,12.719640704907075,circular
320,1100,700,268.4127564513546,-85,-85,-85,-85,1350,700,9.869611773393785,12.719640704907075,circular
321,1100,700,268.4127564513546,-85,-85,-85,-85,1350,700,22.58925247830086,12.719640704907075,circular
322,1100,700,268.4127564513546,-85,-85,-85,-85,1350,700,35.308893183207935,12.719640704907075,circular
323,1100,700,268.4127564513546,-85,-85,-85,-85,1350,700,48.02853388811501,12.719640704907075,circular
324,1100,700,268.4127564513546,-85,-85,-85,-85,1350,700,60.748174593022085,12.719640704907075,circular
325,1100,700,268.4127564513546,-85,-85,-85,-85,1350,700,73.46781529792916,12.719640704907075,circular
326,1100,700,268.4127564513546,-85,-85,-85,-85,1350,700,86.18745600283624,12.719640704907075,circular
327,1100,700,268.4127564513546,-85,-85,-85,-85,1350,700,98.90709670774332,12.719640704907075,circular
328,1100,700,268.4127564513546,-85,-85,-85,-85,1350,700,111.6267374126504,12.719640704907075,circular
329,1100,700,268.4127564513546,-85,-85,-85,-85,1350,700,124.34637811755748,12.719640704907075,circular
330,1100,700,268.4127564513546,-85,-85,-85,-85,1350,700,137.06601882246454,12.719640704907075,circular
331,1100,700,268.4127564513546,11.505794098357505,17.513155499392102,-85,-85,1350,700,149.78565952737162,12.719640704907075,circular
332,1100,700,268.4127564513546,22.793695368992218,23.553218972269416,-85,-85,1350,700,162.5053002322787,12.719640704907075,circular
333,1100,700,268.4127564513546,25.042923900792417,25.452908776355446,-85,-85,1350,700,175.22494093718578,12.719640704907075,circular
334,1100,700,268.4127564513546,25.9816463993744,26.053745949214605,-85,-85,1350,700,187.94458164209286,12.719640704907075,circular
335,1100,700,268.4127564513546,25.9816463993744,25.859665714847075,-85,-85,1350,700,200.66422234699994,12.719640704907075,circular
336,1100,700,268.4127564513546,25.157178905256924,24.646943359767004,-85,-85,1350,700,213.383863051907,12.719640704907075,circular
337,1100,700,268.4127564513546,22.793695368992225,21.418119305852123,-85,-85,1350,700,226.1035037568141,12.719640704907075,circular
338,1100,700,268.4127564513546,11.50579409835762,-85,-85,-85,1350,700,238.82314446172117,12.719640704907075,circular
339,1100,700,268.4127564513546,-85,-85,-85,-85,1350,700,251.54278516662825,12.719640704907075,circular
340,1100,700,268.4127564513546,-85,-85,-85,-85,1350,700,264.2624258715353,12.719640704907075,circular
341,1100,700,268.4127564513546,-85,-85,-85,-85,1350,700,276.9820665764424,12.719640704907075,circular
342,1100,700,268.4127564513546,-85,-85,-85,-85,1350,700,289.70170728134946,12.719640704907075,circular
343,1100,700,268.4127564513546,-85,-85,-85,-85,1350,700,302.42134798625654,12.719640704907075,circular
344,1100,700,268.4127564513546,-85,-85,-85,-85,1350,700,315.1409886911636,12.719640704907075,circular
345,1100,700,268.4127564513546,-85,-85,-85,-85,1350,700,327.8606293960707,12.719640704907075,circular
346,1100,700,268.4127564513546,-85,-85,-85,-85,1350,700,340.58027010097777,12.719640704907075,circular
347,1100,700,268.4127564513546,-85,-85,-85,-85,1350,700,353.29991080588485,12.719640704907075,circular
348,1100,700,268.4127564513546,-85,-85,-85,-85,1350,700,6.019551510791928,12.719640704907075,circular
349,1100,700,268.4127564513546,-85,-85,-85,-85,1350,700,18.739192215699003,12.719640704907075,circular
350,1100,700,268.4127564513546,-85,-85,-85,-85,1350,700,31.458832920606078,12.719640704907075,circular
351,1100,700,268.4127564513546,-85,-85,-85,-85,1350,700,44.17847362551315,12.719640704907075,circular
352,1100,700,268.4127564513546,-85,-85,-85,-85,1350,700,56.89811433042023,12.719640704907075,circular
353,1100,700,268.4127564513546,-85,-85,-85,-85,1350,700,69.6177550353273,12.719640704907075,circular
354,1100,700,268.4127564513546,-85,-85,-85,-85,1350,700,82.33739574023438,12.719640704907075,circular
355,1100,700,268.4127564513546,-85,-85,-85,-85,1350,700,95.05703644514146,12.719640704907075,circular
356,1100,700,268.4127564513546,-85,-85,-85,-85,1350,700,107.77667715004854,12.719640704907075,circular
357,1100,700,268.4127564513546,-85,-85,-85,-85,1350,700,120.49631785495562,12.719640704907075,circular
358,1100,700,268.4127564513546,-85,-85,-85,-85,1350,700,133.21595855986268,12.719640704907075,circular
359,1100,700,268.4127564513546,-85,-85,-85,-85,1350,700,145.93559926476976,12.719640704907075,circular
360,1100,700,268.4127564513546,21.41811930585211,22.496022074683278,-85,-85,1350,700,158.65523996967684,12.719640704907075,circular
361,1100,700,268.4127564513546,24.495315191602927,25.042923900792417,-85,-85,1350,700,171.37488067458392,12.719640704907075,circular
362,1100,700,268.4127564513546,25.80746062382631,25.946643644493044,-85,-85,1350,700,184.094521379491,12.719640704907075,circular
363,1100,700,268.4127564513546,26.067010357935978,26.011117049096303,-85,-85,1350,700,196.81416208439808,12.719640704907075,circular
364,1100,700,268.4127564513546,25.452908776355446,25.157178905256924,-85,-85,1350,700,209.53380278930516,12.719640704907075,circular
365,1100,700,268.4127564513546,23.769789312347285,22.793695368992225,-85,-85,1350,700,222.25344349421223,12.719640704907075,circular
366,1100,700,268.4127564513546,18.474304759512954,14.513447644213265,-85,-85,1350,700,234.9730841991193,12.719640704907075,circular
367,1100,700,268.4127564513546,-85,-85,-85,-85,1350,700,247.6927249040264,12.719640704907075,circular
368,1100,700,268.4127564513546,-85,-85,-85,-85,1350,700,260.41236560893344,12.719640704907075,circular
369,1100,700,268.4127564513546,-85,-85,-85,-85,1350,700,273.1320063138405,12.719640704907075,circular
370,1100,700,268.4127564513546,-85,-85,-85,-85,1350,700,285.8516470187476,12.719640704907075,circular
371,1100,700,268.4127564513546,-85,-85,-85,-85,1350,700,298.5712877236547,12.719640704907075,circular
372,1100,700,268.4127564513546,-85,-85,-85,-85,1350,700,311.29092842856176,12.719640704907075,circular
373,1100,700,268.4127564513546,-85,-85,-85,-85,1350,700,324.01056913346883,12.719640704907075,circular
374,1100,700,268.4127564513546,-85,-85,-85,-85,1350,700,336.7302098383759,12.719640704907075,circular
375,1100,700,268.4127564513546,-85,-85,-85,-85,1350,700,349.449850543283,12.719640704907075,circular
376,1100,700,268.4127564513546,-85,-85,-85,-85,1350,700,2.16949124819007,12.719640704907075,circular
377,1100,700,268.4127564513546,-85,-85,-85,-85,1350,700,14.889131953097145,12.719640704907075,circular
378,1100,700,268.4127564513546,-85,-85,-85,-85,1350,700,27.60877265800422,12.719640704907075,circular
379,1100,700,268.4127564513546,-85,-85,-85,-85,1350,700,40.32841336291129,12.719640704907075,circular
380,1100,700,268.4127564513546,-85,-85,-85,-85,1350,700,53.04805406781837,12.719640704907075,circular
381,1100,700,268.4127564513546,-85,-85,-85,-85,1350,700,65.76769477272545,12.719640704907075,circular
382,1100,700,268.4127564513546,-85,-85,-85,-85,1350,700,78.48733547763253,12.719640704907075,circular
383,1100,700,268.4127564513546,-85,-85,-85,-85,1350,700,91.2069761825396,12.719640704907075,circular
384,1100,700,268.4127564513546,-85,-85,-85,-85,1350,700,103.92661688744668,12.719640704907075,circular
385,1100,700,268.4127564513546,-85,-85,-85,-85,1350,700,116.64625759235376,12.719640704907075,circular
386,1100,700,268.4127564513546,-85,-85,-85,-85,1350,700,129.36589829726083,12.719640704907075,circular
387,1100,700,268.4127564513546,-85,-85,-85,-85,1350,700,142.0855390021679,12.719640704907075,circular
388,1100,700,268.4127564513546,19.25639156218217,20.97742610025734,-85,-85,1350,700,154.80517970707498,12.719640704907075,circular
389,1100,700,268.4127564513546,23.971022246457757,24.495315191602927,-85,-85,1350,700,167.52482041198206,12.719640704907075,circular
390,1100,700,268.4127564513546,25.536951728381826,25.80746062382631,-85,-85,1350,700,180.24446111688914,12.719640704907075,circular
391,1100,700,268.4127564513546,26.074956048612798,26.074956048612798,-85,-85,1350,700,192.96410182179622,12.719640704907075,circular
392,1100,700,268.4127564513546,25.7492610641292,25.536951728381826,-85,-85,1350,700,205.6837425267033,12.719640704907075,circular
393,1100,700,268.4127564513546,24.495315191602927,23.769789312347285,-85,-85,1350,700,218.40338323161038,12.719640704907075,circular
394,1100,700,268.4127564513546,20.97742610025735,18.474304759512954,-85,-85,1350,700,231.12302393651746,12.719640704907075,circular
395,1100,700,268.4127564513546,-85,-85,-85,-85,1350,700,243.84266464142453,12.719640704907075,circular
396,1100,700,268.4127564513546,-85,-85,-85,-85,1350,700,256.5623053463316,12.719640704907075,circular
397,1100,700,268.4127564513546,-85,-85,-85,-85,1350,700,269.28194605123866,12.719640704907075,circular
398,1100,700,268.4127564513546,-85,-85,-85,-85,1350,700,282.00158675614574,12.719640704907075,circular
399,1100,700,268.4127564513546,-85,-85,-85,-85,1350,700,294.7212274610528,12.719640704907075,circular
400,1100,700,268.4127564513546,-85,-85,-85,-85,1350,700,307.4408681659599,12.719640704907075,circular
401,1100,700,268.4127564513546,-85,-85,-85,-85,1350,700,320.160508870867,12.719640704907075,circular
402,1100,700,268.4127564513546,-85,-85,-85,-85,1350,700,332.88014957577406,12.719640704907075,circular
403,1100,700,268.4127564513546,-85,-85,-85,-85,1350,700,345.59979028068113,12.719640704907075,circular
404,1100,700,268.4127564513546,-85,-85,-85,-85,1350,700,358.3194309855882,12.719640704907075,circular
405,1100,700,268.4127564513546,-85,-85,-85,-85,1350,700,11.039071690495291,12.719640704907075,circular
406,1100,700,268.4127564513546,-85,-85,-85,-85,1350,700,23.758712395402366,12.719640704907075,circular
407,1100,700,268.4127564513546,-85,-85,-85,-85,1350,700,36.47835310030944,12.719640704907075,circular
408,1100,700,268.4127564513546,-85,-85,-85,-85,1350,700,49.19799380521651,12.719640704907075,circular
409,1100,700,268.4127564513546,-85,-85,-85,-85,1350,700,61.91763451012359,12.719640704907075,circular
410,1100,700,268.4127564513546,-85,-85,-85,-85,1350,700,74.63727521503067,12.719640704907075,circular
411,1100,700,268.4127564513546,-85,-85,-85,-85,1350,700,87.35691591993775,12.719640704907075,circular
412,1100,700,268.4127564513546,-85,-85,-85,-85,1350,700,100.07655662484483,12.719640704907075,circular
413,1100,700,268.4127564513546,-85,-85,-85,-85,1350,700,112.7961973297519,12.719640704907075,circular
414,1100,700,268.4127564513546,-85,-85,-85,-85,1350,700,125.51583803465898,12.719640704907075,circular
415,1100,700,268.4127564513546,-85,-85,-85,-85,1350,700,138.23547873956605,12.719640704907075,circular
416,1100,700,268.4127564513546,14.513447644213304,18.47430475951294,-85,-85,1350,700,150.95511944447313,12.719640704907075,circular
417,1100,700,268.4127564513546,23.06730250275713,23.769789312347285,-85,-85,1350,700,163.6747601493802,12.719640704907075,circular
418,1100,700,268.4127564513546,25.157178905256924,25.536951728381826,-85,-85,1350,700,176.39440085428728,12.719640704907075,circular
419,1100,700,268.4127564513546,26.011117049096303,26.074956048612798,-85,-85,1350,700,189.11404155919436,12.719640704907075,circular
420,1100,700,268.4127564513546,25.946643644493044,25.807460623826316,-85,-85,1350,700,201.83368226410144,12.719640704907075,circular
421,1100,700,268.4127564513546,24.92014212493214,24.495315191602927,-85,-85,1350,700,214.55332296900852,12.719640704907075,circular
422,1100,700,268.4127564513546,22.496022074683278,20.97742610025735,-85,-85,1350,700,227.2729636739156,12.719640704907075,circular
423,1100,700,268.4127564513546,-85,-85,-85,-85,1350,700,239.99260437882268,12.719640704907075,circular
424,1100,700,268.4127564513546,-85,-85,-85,-85,1350,700,252.71224508372975,12.719640704907075,circular
425,1100,700,268.4127564513546,-85,-85,-85,-85,1350,700,265.4318857886368,12.719640704907075,circular
426,1100,700,268.4127564513546,-85,-85,-85,-85,1350,700,278.1515264935439,12.719640704907075,circular
427,1100,700,268.4127564513546,-85,-85,-85,-85,1350,700,290.87116719845096,12.719640704907075,circular
428,1100,700,268.4127564513546,-85,-85,-85,-85,1350,700,303.59080790335804,12.719640704907075,circular
429,1100,700,268.4127564513546,-85,-85,-85,-85,1350,700,316.3104486082651,12.719640704907075,circular
430,1100,700,268.4127564513546,-85,-85,-85,-85,1350,700,329.0300893131722,12.719640704907075,circular
431,1100,700,268.4127564513546,-85,-85,-85,-85,1350,700,341.7497300180793,12.719640704907075,circular
432,1100,700,268.4127564513546,-85,-85,-85,-85,1350,700,354.46937072298635,12.719640704907075,circular
433,1100,700,268.4127564513546,-85,-85,-85,-85,1350,700,7.189011427893433,12.719640704907075,circular
434,1100,700,268.4127564513546,-85,-85,-85,-85,1350,700,19.90865213280051,12.719640704907075,circular
435,1100,700,268.4127564513546,-85,-85,-85,-85,1350,700,32.62829283770758,12.719640704907075,circular
436,1100,700,268.4127564513546,-85,-85,-85,-85,1350,700,45.347933542614655,12.719640704907075,circular
437,1100,700,268.4127564513546,-85,-85,-85,-85,1350,700,58.06757424752173,12.719640704907075,circular
438,1100,700,268.4127564513546,-85,-85,-85,-85,1350,700,70.78721495242881,12.719640704907075,circular
439,1100,700,268.4127564513546,-85,-85,-85,-85,1350,700,83.50685565733589,12.719640704907075,circular
440,1100,700,268.4127564513546,-85,-85,-85,-85,1350,700,96.22649636224297,12.719640704907075,circular
441,1100,700,268.4127564513546,-85,-85,-85,-85,1350,700,108.94613706715005,12.719640704907075,circular
442,1100,700,268.4127564513546,-85,-85,-85,-85,1350,700,121.66577777205713,12.719640704907075,circular
443,1100,700,268.4127564513546,-85,-85,-85,-85,1350,700,134.3854184769642,12.719640704907075,circular
444,1100,700,268.4127564513546,-85,14.513447644213304,-85,-85,1350,700,147.10505918187127,12.719640704907075,circular
445,1100,700,268.4127564513546,21.813356630230874,22.793695368992218,-85,-85,1350,700,159.82469988677835,12.719640704907075,circular
446,1100,700,268.4127564513546,24.78833704083229,25.157178905256924,-85,-85,1350,700,172.54434059168543,12.719640704907075,circular
447,1100,700,268.4127564513546,25.859665714847075,26.011117049096303,-85,-85,1350,700,185.2639812965925,12.719640704907075,circular
448,1100,700,268.4127564513546,26.053745949214605,25.9816463993744,-85,-85,1350,700,197.98362200149958,12.719640704907075,circular
449,1100,700,268.4127564513546,25.361807294499556,25.042923900792417,-85,-85,1350,700,210.70326270640666,12.719640704907075,circular
450,1100,700,268.4127564513546,23.553218972269416,22.496022074683278,-85,-85,1350,700,223.42290341131374,12.719640704907075,circular
451,1100,700,268.4127564513546,17.51315549939211,-85,-85,-85,1350,700,236.14254411622082,12.719640704907075,circular
452,1100,700,268.4127564513546,-85,-85,-85,-85,1350,700,248.8621848211279,12.719640704907075,circular
453,1100,700,268.4127564513546,-85,-85,-85,-85,1350,700,261.58182552603495,12.719640704907075,circular
454,1100,700,268.4127564513546,-85,-85,-85,-85,1350,700,274.301466230942,12.719640704907075,circular
455,1100,700,268.4127564513546,-85,-85,-85,-85,1350,700,287.0211069358491,12.719640704907075,circular
456,1100,700,268.4127564513546,-85,-85,-85,-85,1350,700,299.7407476407562,12.719640704907075,circular
457,1100,700,268.4127564513546,-85,-85,-85,-85,1350,700,312.46038834566326,12.719640704907075,circular
458,1100,700,268.4127564513546,-85,-85,-85,-85,1350,700,325.18002905057034,12.719640704907075,circular
459,1100,700,268.4127564513546,-85,-85,-85,-85,1350,700,337.8996697554774,12.719640704907075,circular
460,1100,700,268.4127564513546,-85,-85,-85,-85,1350,700,350.6193104603845,12.719640704907075,circular
461,1100,700,268.4127564513546,-85,-85,-85,-85,1350,700,3.3389511652915758,12.719640704907075,circular
462,1100,700,268.4127564513546,-85,-85,-85,-85,1350,700,16.05859187019865,12.719640704907075,circular
463,1100,700,268.4127564513546,-85,-85,-85,-85,1350,700,28.778232575105726,12.719640704907075,circular
464,1100,700,268.4127564513546,-85,-85,-85,-85,1350,700,41.4978732800128,12.719640704907075,circular
465,1100,700,268.4127564513546,-85,-85,-85,-85,1350,700,54.217513984919876,12.719640704907075,circular
466,1100,700,268.4127564513546,-85,-85,-85,-85,1350,700,66.93715468982695,12.719640704907075,circular
467,1100,700,268.4127564513546,-85,-85,-85,-85,1350,700,79.65679539473403,12.719640704907075,circular
468,1100,700,268.4127564513546,-85,-85,-85,-85,1350,700,92.37643609964111,12.719640704907075,circular
469,1100,700,268.4127564513546,-85,-85,-85,-85,1350,700,105.09607680454819,12.719640704907075,circular
470,1100,700,268.4127564513546,-85,-85,-85,-85,1350,700,117.81571750945527,12.719640704907075,circular
471,1100,700,268.4127564513546,-85,-85,-85,-85,1350,700,130.53535821436233,12.719640704907075,circular
472,1100,700,268.4127564513546,-85,-85,-85,-85,1350,700,143.2549989192694,12.719640704907075,circular
473,1100,700,268.4127564513546,19.91435422725632,21.41811930585211,-85,-85,1350,700,155.9746396241765,12.719640704907075,circular
474,1100,700,268.4127564513546,24.1582774269213,24.646943359767004,-85,-85,1350,700,168.69428032908357,12.719640704907075,circular
475,1100,700,268.4127564513546,25.614204328866276,25.859665714847075,-85,-85,1350,700,181.41392103399065,12.719640704907075,circular
476,1100,700,268.4127564513546,26.077602459396946,26.053745949214605,-85,-85,1350,700,194.13356173889773,12.719640704907075,circular
477,1100,700,268.4127564513546,25.684904084789977,25.452908776355446,-85,-85,1350,700,206.8532024438048,12.719640704907075,circular
478,1100,700,268.4127564513546,24.1582774269213,23.553218972269416,-85,-85,1350,700,219.57284314871188,12.719640704907075,circular
479,1100,700,268.4127564513546,20.48098321025059,17.51315549939211,-85,-85,1350,700,232.29248385361896,12.719640704907075,circular
480,1100,700,268.4127564513546,-85,-85,-85,-85,1350,700,245.01212455852604,12.719640704907075,circular
481,1100,700,268.4127564513546,-85,-85,-85,-85,1350,700,257.7317652634331,12.719640704907075,circular
482,1100,700,268.4127564513546,-85,-85,-85,-85,1350,700,270.45140596834017,12.719640704907075,circular
483,1100,700,268.4127564513546,-85,-85,-85,-85,1350,700,283.17104667324725,12.719640704907075,circular
484,1100,700,268.4127564513546,-85,-85,-85,-85,1350,700,295.8906873781543,12.719640704907075,circular
485,1100,700,268.4127564513546,-85,-85,-85,-85,1350,700,308.6103280830614,12.719640704907075,circular
486,1100,700,268.4127564513546,-85,-85,-85,-85,1350,700,321.3299687879685,12.719640704907075,circular
487,1100,700,268.4127564513546,-85,-85,-85,-85,1350,700,334.04960949287556,12.719640704907075,circular
488,1100,700,268.4127564513546,-85,-85,-85,-85,1350,700,346.76925019778264,12.719640704907075,circular
489,1100,700,268.4127564513546,-85,-85,-85,-85,1350,700,359.4888909026897,12.719640704907075,circular
490,1100,700,268.4127564513546,-85,-85,-85,-85,1350,700,12.208531607596797,12.719640704907075,circular
491,1100,700,268.4127564513546,-85,-85,-85,-85,1350,700,24.92817231250387,12.719640704907075,circular
492,1100,700,268.4127564513546,-85,-85,-85,-85,1350,700,37.64781301741095,12.719640704907075,circular
493,1100,700,268.4127564513546,-85,-85,-85,-85,1350,700,50.36745372231802,12.719640704907075,circular
494,1100,700,268.4127564513546,-85,-85,-85,-85,1350,700,63.0870944272251,12.719640704907075,circular
495,1100,700,268.4127564513546,-85,-85,-85,-85,1350,700,75.80673513213218,12.719640704907075,circular
496,1100,700,268.4127564513546,-85,-85,-85,-85,1350,700,88.52637583703925,12.719640704907075,circular
497,1100,700,268.4127564513546,-85,-85,-85,-85,1350,700,101.24601654194633,12.719640704907075,circular
498,1100,700,268.4127564513546,-85,-85,-85,-85,1350,700,113.96565724685341,12.719640704907075,circular
499,1100,700,268.4127564513546,-85,-85,-85,-85,1350,700,126.68529795176049,12.719640704907075,circular
500,1100,700,268.4127564513546,-85,-85,-85,-85,1350,700,139.40493865666755,12.719640704907075,circular
501,1100,700,268.4127564513546,16.269948115724727,19.91435422725632,-85,-85,1350,700,152.12457936157463,12.719640704907075,circular
502,1100,700,268.4127564513546,23.31969953712386,23.971022246457757,-85,-85,1350,700,164.8442200664817,12.719640704907075,circular
503,1100,700,268.4127564513546,25.36180729449956,25.614204328866276,-85,-85,1350,700,177.5638607713888,12.719640704907075,circular
504,1100,700,268.4127564513546,26.035130213615616,26.077602459396946,-85,-85,1350,700,190.28350147629587,12.719640704907075,circular
505,1100,700,268.4127564513546,25.906018829630398,25.7492610641292,-85,-85,1350,700,203.00314218120295,12.719640704907075,circular
506,1100,700,268.4127564513546,24.788337040832293,24.332711411139446,-85,-85,1350,700,215.72278288611002,12.719640704907075,circular
507,1100,700,268.4127564513546,21.81335663023087,20.48098321025059,-85,-85,1350,700,228.4424235910171,12.719640704907075,circular
508,1100,700,268.4127564513546,-85,-85,-85,-85,1350,700,241.16206429592418,12.719640704907075,circular
509,1100,700,268.4127564513546,-85,-85,-85,-85,1350,700,253.88170500083126,12.719640704907075,circular
510,1100,700,268.4127564513546,-85,-85,-85,-85,1350,700,266.6013457057383,12.719640704907075,circular
511,1100,700,268.4127564513546,-85,-85,-85,-85,1350,700,279.3209864106454,12.719640704907075,circular
512,1100,700,268.4127564513546,-85,-85,-85,-85,1350,700,292.04062711555247,12.719640704907075,circular
513,1100,700,268.4127564513546,-85,-85,-85,-85,1350,700,304.76026782045955,12.719640704907075,circular
514,1100,700,268.4127564513546,-85,-85,-85,-85,1350,700,317.4799085253666,12.719640704907075,circular
515,1100,700,268.4127564513546,-85,-85,-85,-85,1350,700,330.1995492302737,12.719640704907075,circular
516,1100,700,268.4127564513546,-85,-85,-85,-85,1350,700,342.9191899351808,12.719640704907075,circular
517,1100,700,268.4127564513546,-85,-85,-85,-85,1350,700,355.63883064008786,12.719640704907075,circular
518,1100,700,268.4127564513546,-85,-85,-85,-85,1350,700,8.358471344994939,12.719640704907075,circular
519,1100,700,268.4127564513546,-85,-85,-85,-85,1350,700,21.078112049902014,12.719640704907075,circular
520,1100,700,268.4127564513546,-85,-85,-85,-85,1350,700,33.79775275480909,12.719640704907075,circular
521,1100,700,268.4127564513546,-85,-85,-85,-85,1350,700,46.51739345971616,12.719640704907075,circular
522,1100,700,268.4127564513546,-85,-85,-85,-85,1350,700,59.23703416462324,12.719640704907075,circular
523,1100,700,268.4127564513546,-85,-85,-85,-85,1350,700,71.95667486953032,12.719640704907075,circular
524,1100,700,268.4127564513546,-85,-85,-85,-85,1350,700,84.6763155744374,12.719640704907075,circular
525,1100,700,268.4127564513546,-85,-85,-85,-85,1350,700,97.39595627934447,12.719640704907075,circular
526,1100,700,268.4127564513546,-85,-85,-85,-85,1350,700,110.11559698425155,12.719640704907075,circular
527,1100,700,268.4127564513546,-85,-85,-85,-85,1350,700,122.83523768915863,12.719640704907075,circular
528,1100,700,268.4127564513546,-85,-85,-85,-85,1350,700,135.5548783940657,12.719640704907075,circular
529,1100,700,268.4127564513546,-85,16.269948115724727,-85,-85,1350,700,148.27451909897277,12.719640704907075,circular
530,1100,700,268.4127564513546,22.170735458799452,23.06730250275713,-85,-85,1350,700,160.99415980387985,12.719640704907075,circular
531,1100,700,268.4127564513546,24.92014212493214,25.26334459461691,-85,-85,1350,700,173.71380050878693,12.719640704907075,circular
532,1100,700,268.4127564513546,25.946643644493044,26.035130213615616,-85,-85,1350,700,186.433441213694,12.719640704907075,circular
533,1100,700,268.4127564513546,26.035130213615616,25.906018829630398,-85,-85,1350,700,199.1530819186011,12.719640704907075,circular
534,1100,700,268.4127564513546,25.263344594616918,24.92014212493214,-85,-85,1350,700,211.87272262350817,12.719640704907075,circular
535,1100,700,268.4127564513546,23.067302502757133,22.170735458799452,-85,-85,1350,700,224.59236332841525,12.719640704907075,circular
536,1100,700,268.4127564513546,16.269948115724716,-85,-85,-85,1350,700,237.31200403332232,12.719640704907075,circular
537,1100,700,268.4127564513546,-85,-85,-85,-85,1350,700,250.0316447382294,12.719640704907075,circular
538,1100,700,268.4127564513546,-85,-85,-85,-85,1350,700,262.75128544313645,12.719640704907075,circular
539,1100,700,268.4127564513546,-85,-85,-85,-85,1350,700,275.47092614804353,12.719640704907075,circular
540,1100,700,268.4127564513546,-85,-85,-85,-85,1350,700,288.1905668529506,12.719640704907075,circular
541,1100,700,268.4127564513546,-85,-85,-85,-85,1350,700,300.9102075578577,12.719640704907075,circular
542,1100,700,268.4127564513546,-85,-85,-85,-85,1350,700,313.62984826276477,12.719640704907075,circular
543,1100,700,268.4127564513546,-85,-85,-85,-85,1350,700,326.34948896767185,12.719640704907075,circular
544,1100,700,268.4127564513546,-85,-85,-85,-85,1350,700,339.0691296725789,12.719640704907075,circular
545,1100,700,268.4127564513546,-85,-85,-85,-85,1350,700,351.788770377486,12.719640704907075,circular
546,1100,700,268.4127564513546,-85,-85,-85,-85,1350,700,4.508411082393081,12.719640704907075,circular
547,1100,700,268.4127564513546,-85,-85,-85,-85,1350,700,17.228051787300156,12.719640704907075,circular
548,1100,700,268.4127564513546,-85,-85,-85,-85,1350,700,29.94769249220723,12.719640704907075,circular
549,1100,700,268.4127564513546,-85,-85,-85,-85,1350,700,42.6673331971143,12.719640704907075,circular
550,1100,700,268.4127564513546,-85,-85,-85,-85,1350,700,55.38697390202138,12.719640704907075,circular
551,1100,700,268.4127564513546,-85,-85,-85,-85,1350,700,68.10661460692846,12.719640704907075,circular
552,1100,700,268.4127564513546,-85,-85,-85,-85,1350,700,80.82625531183554,12.719640704907075,circular
553,1100,700,268.4127564513546,-85,-85,-85,-85,1350,700,93.54589601674262,12.719640704907075,circular
554,1100,700,268.4127564513546,-85,-85,-85,-85,1350,700,106.2655367216497,12.719640704907075,circular
555,1100,700,268.4127564513546,-85,-85,-85,-85,1350,700,118.98517742655677,12.719640704907075,circular
556,1100,700,268.4127564513546,-85,-85,-85,-85,1350,700,131.70481813146384,12.719640704907075,circular
557,1100,700,268.4127564513546,-85,-85,-85,-85,1350,700,144.42445883637092,12.719640704907075,circular
558,1100,700,268.4127564513546,20.48098321025059,22.170735458799452,-85,-85,1350,700,157.144099541278,12.719640704907075,circular
559,1100,700,268.4127564513546,24.33271141113945,24.78833704083229,-85,-85,1350,700,169.86374024618507,12.719640704907075,circular
560,1100,700,268.4127564513546,25.7492610641292,25.906018829630398,-85,-85,1350,700,182.58338095109215,12.719640704907075,circular
561,1100,700,268.4127564513546,26.077602459396946,26.035130213615616,-85,-85,1350,700,195.30302165599923,12.719640704907075,circular
562,1100,700,268.4127564513546,25.614204328866276,25.361807294499556,-85,-85,1350,700,208.0226623609063,12.719640704907075,circular
563,1100,700,268.4127564513546,23.97102224645776,23.319699537123853,-85,-85,1350,700,220.7423030658134,12.719640704907075,circular
564,1100,700,268.4127564513546,19.25639156218219,16.269948115724716,-85,-85,1350,700,233.46194377072047,12.719640704907075,circular
565,1100,700,268.4127564513546,-85,-85,-85,-85,1350,700,246.18158447562755,12.719640704907075,circular
566,1100,700,268.4127564513546,-85,-85,-85,-85,1350,700,258.9012251805346,12.719640704907075,circular
567,1100,700,268.4127564513546,-85,-85,-85,-85,1350,700,271.6208658854417,12.719640704907075,circular
568,1100,700,268.4127564513546,-85,-85,-85,-85,1350,700,284.34050659034875,12.719640704907075,circular
569,1100,700,268.4127564513546,-85,-85,-85,-85,1350,700,297.06014729525583,12.719640704907075,circular
570,1100,700,268.4127564513546,-85,-85,-85,-85,1350,700,309.7797880001629,12.719640704907075,circular
571,1100,700,268.4127564513546,-85,-85,-85,-85,1350,700,322.49942870507,12.719640704907075,circular
572,1100,700,268.4127564513546,-85,-85,-85,-85,1350,700,335.21906940997707,12.719640704907075,circular
573,1100,700,268.4127564513546,-85,-85,-85,-85,1350,700,347.93871011488415,12.719640704907075,circular
574,1100,700,268.4127564513546,-85,-85,-85,-85,1350,700,0.6583508197912238,12.719640704907075,circular
575,1100,700,268.4127564513546,-85,-85,-85,-85,1350,700,13.377991524698299,12.719640704907075,circular
576,1100,700,268.4127564513546,-85,-85,-85,-85,1350,700,26.097632229605374,12.719640704907075,circular
577,1100,700,268.4127564513546,-85,-85,-85,-85,1350,700,38.817272934512445,12.719640704907075,circular
578,1100,700,268.4127564513546,-85,-85,-85,-85,1350,700,51.536913639419524,12.719640704907075,circular
579,1100,700,268.4127564513546,-85,-85,-85,-85,1350,700,64.2565543443266,12.719640704907075,circular
580,1100,700,268.4127564513546,-85,-85,-85,-85,1350,700,76.97619504923368,12.719640704907075,circular
581,1100,700,268.4127564513546,-85,-85,-85,-85,1350,700,89.69583575414076,12.719640704907075,circular
582,1100,700,268.4127564513546,-85,-85,-85,-85,1350,700,102.41547645904784,12.719640704907075,circular
583,1100,700,268.4127564513546,-85,-85,-85,-85,1350,700,115.13511716395492,12.719640704907075,circular
584,1100,700,268.4127564513546,-85,-85,-85,-85,1350,700,127.854757868862,12.719640704907075,circular
585,1100,700,268.4127564513546,-85,-85,-85,-85,1350,700,140.57439857376906,12.719640704907075,circular
586,1100,700,268.4127564513546,17.513155499392102,20.48098321025059,-85,-85,1350,700,153.29403927867614,12.719640704907075,circular
587,1100,700,268.4127564513546,23.553218972269416,24.1582774269213,-85,-85,1350,700,166.01367998358322,12.719640704907075,circular
588,1100,700,268.4127564513546,25.452908776355446,25.684904084789974,-85,-85,1350,700,178.7333206884903,12.719640704907075,circular
589,1100,700,268.4127564513546,26.067010357935978,26.077602459396946,-85,-85,1350,700,191.45296139339737,12.719640704907075,circular
590,1100,700,268.4127564513546,25.859665714847075,25.614204328866276,-85,-85,1350,700,204.17260209830445,12.719640704907075,circular
591,1100,700,268.4127564513546,24.646943359767004,24.1582774269213,-85,-85,1350,700,216.89224280321153,12.719640704907075,circular
592,1100,700,268.4127564513546,21.418119305852123,19.914354227256315,-85,-85,1350,700,229.6118835081186,12.719640704907075,circular
593,1100,700,268.4127564513546,-85,-85,-85,-85,1350,700,242.3315242130257,12.719640704907075,circular
594,1100,700,268.4127564513546,-85,-85,-85,-85,1350,700,255.05116491793277,12.719640704907075,circular
595,1100,700,268.4127564513546,-85,-85,-85,-85,1350,700,267.7708056228398,12.719640704907075,circular
596,1100,700,268.4127564513546,-85,-85,-85,-85,1350,700,280.4904463277469,12.719640704907075,circular
597,1100,700,268.4127564513546,-85,-85,-85,-85,1350,700,293.210087032654,12.719640704907075,circular
598,1100,700,268.4127564513546,-85,-85,-85,-85,1350,700,305.92972773756105,12.719640704907075,circular
599,1100,700,268.4127564513546,-85,-85,-85,-85,1350,700,318.64936844246813,12.719640704907075,circular
600,1100,700,268.4127564513546,-85,-85,-85,-85,1350,700,331.3690091473752,12.719640704907075,circular
601,1100,700,268.4127564513546,-85,-85,-85,-85,1350,700,344.0886498522823,12.719640704907075,circular
602,1100,700,268.4127564513546,-85,-85,-85,-85,1350,700,356.80829055718937,12.719640704907075,circular
603,1100,700,268.4127564513546,-85,-85,-85,-85,1350,700,9.527931262096445,12.719640704907075,circular
604,1100,700,268.4127564513546,-85,-85,-85,-85,1350,700,22.24757196700352,12.719640704907075,circular
605,1100,700,268.4127564513546,-85,-85,-85,-85,1350,700,34.967212671910595,12.719640704907075,circular
606,1100,700,268.4127564513546,-85,-85,-85,-85,1350,700,47.686853376817666,12.719640704907075,circular
607,1100,700,268.4127564513546,-85,-85,-85,-85,1350,700,60.406494081724745,12.719640704907075,circular
608,1100,700,268.4127564513546,-85,-85,-85,-85,1350,700,73.12613478663182,12.719640704907075,circular
609,1100,700,268.4127564513546,-85,-85,-85,-85,1350,700,85.8457754915389,12.719640704907075,circular
610,1100,700,268.4127564513546,-85,-85,-85,-85,1350,700,98.56541619644598,12.719640704907075,circular
611,1100,700,268.4127564513546,-85,-85,-85,-85,1350,700,111.28505690135306,12.719640704907075,circular
612,1100,700,268.4127564513546,-85,-85,-85,-85,1350,700,124.00469760626014,12.719640704907075,circular
613,1100,700,268.4127564513546,-85,-85,-85,-85,1350,700,136.7243383111672,12.719640704907075,circular
614,1100,700,268.4127564513546,11.505794098357505,17.513155499392102,-85,-85,1350,700,149.44397901607428,12.719640704907075,circular
615,1100,700,268.4127564513546,22.496022074683278,23.553218972269416,-85,-85,1350,700,162.16361972098136,12.719640704907075,circular
616,1100,700,268.4127564513546,25.042923900792417,25.36180729449956,-85,-85,1350,700,174.88326042588844,12.719640704907075,circular
617,1100,700,268.4127564513546,25.9816463993744,26.053745949214605,-85,-85,1350,700,187.60290113079552,12.719640704907075,circular
618,1100,700,268.4127564513546,26.011117049096303,25.859665714847075,-85,-85,1350,700,200.3225418357026,12.719640704907075,circular
619,1100,700,268.4127564513546,25.157178905256924,24.788337040832293,-85,-85,1350,700,213.04218254060967,12.719640704907075,circular
620,1100,700,268.4127564513546,22.793695368992225,21.81335663023087,-85,-85,1350,700,225.76182324551675,12.719640704907075,circular
621,1100,700,268.4127564513546,11.50579409835762,-85,-85,-85,1350,700,238.48146395042383,12.719640704907075,circular
622,1100,700,268.4127564513546,-85,-85,-85,-85,1350,700,251.2011046553309,12.719640704907075,circular
623,1100,700,268.4127564513546,-85,-85,-85,-85,1350,700,263.92074536023796,12.719640704907075,circular
624,1100,700,268.4127564513546,-85,-85,-85,-85,1350,700,276.64038606514504,12.719640704907075,circular
625,1100,700,268.4127564513546,-85,-85,-85,-85,1350,700,289.3600267700521,12.719640704907075,circular
626,1100,700,268.4127564513546,-85,-85,-85,-85,1350,700,302.0796674749592,12.719640704907075,circular
627,1100,700,268.4127564513546,-85,-85,-85,-85,1350,700,314.7993081798663,12.719640704907075,circular
628,1100,700,268.4127564513546,-85,-85,-85,-85,1350,700,327.51894888477335,12.719640704907075,circular
629,1100,700,268.4127564513546,-85,-85,-85,-85,1350,700,340.23858958968043,12.719640704907075,circular
630,1100,700,268.4127564513546,-85,-85,-85,-85,1350,700,352.9582302945875,12.719640704907075,circular
631,1100,700,268.4127564513546,-85,-85,-85,-85,1350,700,5.677870999494587,12.719640704907075,circular
632,1100,700,268.4127564513546,-85,-85,-85,-85,1350,700,18.397511704401662,12.719640704907075,circular
633,1100,700,268.4127564513546,-85,-85,-85,-85,1350,700,31.117152409308737,12.719640704907075,circular
634,1100,700,268.4127564513546,-85,-85,-85,-85,1350,700,43.83679311421581,12.719640704907075,circular
635,1100,700,268.4127564513546,-85,-85,-85,-85,1350,700,56.55643381912289,12.719640704907075,circular
636,1100,700,268.4127564513546,-85,-85,-85,-85,1350,700,69.27607452402997,12.719640704907075,circular
637,1100,700,268.4127564513546,-85,-85,-85,-85,1350,700,81.99571522893704,12.719640704907075,circular
638,1100,700,268.4127564513546,-85,-85,-85,-85,1350,700,94.71535593384412,12.719640704907075,circular
639,1100,700,268.4127564513546,-85,-85,-85,-85,1350,700,107.4349966387512,12.719640704907075,circular
640,1100,700,268.4127564513546,-85,-85,-85,-85,1350,700,120.15463734365828,12.719640704907075,circular
641,1100,700,268.4127564513546,-85,-85,-85,-85,1350,700,132.87427804856534,12.719640704907075,circular
642,1100,700,268.4127564513546,-85,-85,-85,-85,1350,700,145.59391875347242,12.719640704907075,circular
643,1100,700,268.4127564513546,20.97742610025734,22.496022074683278,-85,-85,1350,700,158.3135594583795,12.719640704907075,circular
644,1100,700,268.4127564513546,24.495315191602927,24.92014212493214,-85,-85,1350,700,171.03320016328658,12.719640704907075,circular
645,1100,700,268.4127564513546,25.80746062382631,25.946643644493044,-85,-85,1350,700,183.75284086819366,12.719640704907075,circular
646,1100,700,268.4127564513546,26.067010357935978,26.011117049096303,-85,-85,1350,700,196.47248157310074,12.719640704907075,circular
647,1100,700,268.4127564513546,25.536951728381826,25.157178905256924,-85,-85,1350,700,209.19212227800782,12.719640704907075,circular
648,1100,700,268.4127564513546,23.769789312347285,23.067302502757133,-85,-85,1350,700,221.9117629829149,12.719640704907075,circular
649,1100,700,268.4127564513546,18.474304759512954,14.513447644213265,-85,-85,1350,700,234.63140368782197,12.719640704907075,circular
650,1100,700,268.4127564513546,-85,-85,-85,-85,1350,700,247.35104439272905,12.719640704907075,circular
651,1100,700,268.4127564513546,-85,-85,-85,-85,1350,700,260.0706850976361,12.719640704907075,circular
652,1100,700,268.4127564513546,-85,-85,-85,-85,1350,700,272.7903258025432,12.719640704907075,circular
653,1100,700,268.4127564513546,-85,-85,-85,-85,1350,700,285.50996650745026,12.719640704907075,circular
654,1100,700,268.4127564513546,-85,-85,-85,-85,1350,700,298.22960721235734,12.719640704907075,circular
655,1100,700,268.4127564513546,-85,-85,-85,-85,1350,700,310.9492479172644,12.719640704907075,circular
656,1100,700,268.4127564513546,-85,-85,-85,-85,1350,700,323.6688886221715,12.719640704907075,circular
657,1100,700,268.4127564513546,-85,-85,-85,-85,1350,700,336.3885293270786,12.719640704907075,circular
658,1100,700,268.4127564513546,-85,-85,-85,-85,1350,700,349.10817003198565,12.719640704907075,circular
659,1100,700,268.4127564513546,-85,-85,-85,-85,1350,700,1.8278107368927294,12.719640704907075,circular
660,1100,700,268.4127564513546,-85,-85,-85,-85,1350,700,14.547451441799804,12.719640704907075,circular
661,1100,700,268.4127564513546,-85,-85,-85,-85,1350,700,27.26709214670688,12.719640704907075,circular
662,1100,700,268.4127564513546,-85,-85,-85,-85,1350,700,39.98673285161395,12.719640704907075,circular
663,1100,700,268.4127564513546,-85,-85,-85,-85,1350,700,52.70637355652103,12.719640704907075,circular
664,1100,700,268.4127564513546,-85,-85,-85,-85,1350,700,65.42601426142811,12.719640704907075,circular
665,1100,700,268.4127564513546,-85,-85,-85,-85,1350,700,78.14565496633519,12.719640704907075,circular
666,1100,700,268.4127564513546,-85,-85,-85,-85,1350,700,90.86529567124227,12.719640704907075,circular
667,1100,700,268.4127564513546,-85,-85,-85,-85,1350,700,103.58493637614934,12.719640704907075,circular
668,1100,700,268.4127564513546,-85,-85,-85,-85,1350,700,116.30457708105642,12.719640704907075,circular
669,1100,700,268.4127564513546,-85,-85,-85,-85,1350,700,129.0242177859635,12.719640704907075,circular
670,1100,700,268.4127564513546,-85,-85,-85,-85,1350,700,141.74385849087056,12.719640704907075,circular
671,1100,700,268.4127564513546,19.25639156218217,20.97742610025734,-85,-85,1350,700,154.46349919577764,12.719640704907075,circular
672,1100,700,268.4127564513546,23.769789312347285,24.495315191602927,-85,-85,1350,700,167.18313990068472,12.719640704907075,circular
673,1100,700,268.4127564513546,25.536951728381826,25.7492610641292,-85,-85,1350,700,179.9027806055918,12.719640704907075,circular
674,1100,700,268.4127564513546,26.074956048612798,26.074956048612798,-85,-85,1350,700,192.62242131049888,12.719640704907075,circular
675,1100,700,268.4127564513546,25.807460623826316,25.536951728381826,-85,-85,1350,700,205.34206201540596,12.719640704907075,circular
676,1100,700,268.4127564513546,24.495315191602927,23.97102224645776,-85,-85,1350,700,218.06170272031304,12.719640704907075,circular
677,1100,700,268.4127564513546,20.97742610025735,19.25639156218219,-85,-85,1350,700,230.78134342522011,12.719640704907075,circular
678,1100,700,268.4127564513546,-85,-85,-85,-85,1350,700,243.5009841301272,12.719640704907075,circular
679,1100,700,268.4127564513546,-85,-85,-85,-85,1350,700,256.22062483503424,12.719640704907075,circular
680,1100,700,268.4127564513546,-85,-85,-85,-85,1350,700,268.9402655399413,12.719640704907075,circular
681,1100,700,268.4127564513546,-85,-85,-85,-85,1350,700,281.6599062448484,12.719640704907075,circular
682,1100,700,268.4127564513546,-85,-85,-85,-85,1350,700,294.3795469497555,12.719640704907075,circular
683,1100,700,268.4127564513546,-85,-85,-85,-85,1350,700,307.09918765466256,12.719640704907075,circular
684,1100,700,268.4127564513546,-85,-85,-85,-85,1350,700,319.81882835956964,12.719640704907075,circular
685,1100,700,268.4127564513546,-85,-85,-85,-85,1350,700,332.5384690644767,12.719640704907075,circular
686,1100,700,268.4127564513546,-85,-85,-85,-85,1350,700,345.2581097693838,12.719640704907075,circular
687,1100,700,268.4127564513546,-85,-85,-85,-85,1350,700,357.9777504742909,12.719640704907075,circular
688,1100,700,268.4127564513546,-85,-85,-85,-85,1350,700,10.69739117919795,12.719640704907075,circular
689,1100,700,268.4127564513546,-85,-85,-85,-85,1350,700,23.417031884105025,12.719640704907075,circular
690,1100,700,268.4127564513546,-85,-85,-85,-85,1350,700,36.1366725890121,12.719640704907075,circular
691,1100,700,268.4127564513546,-85,-85,-85,-85,1350,700,48.85631329391917,12.719640704907075,circular
692,1100,700,268.4127564513546,-85,-85,-85,-85,1350,700,61.57595399882625,12.719640704907075,circular
693,1100,700,268.4127564513546,-85,-85,-85,-85,1350,700,74.29559470373333,12.719640704907075,circular
694,1100,700,268.4127564513546,-85,-85,-85,-85,1350,700,87.01523540864041,12.719640704907075,circular
695,1100,700,268.4127564513546,-85,-85,-85,-85,1350,700,99.73487611354749,12.719640704907075,circular
696,1100,700,268.4127564513546,-85,-85,-85,-85,1350,700,112.45451681845456,12.719640704907075,circular
697,1100,700,268.4127564513546,-85,-85,-85,-85,1350,700,125.17415752336164,12.719640704907075,circular
698,1100,700,268.4127564513546,-85,-85,-85,-85,1350,700,137.8937982282687,12.719640704907075,circular
699,1100,700,268.4127564513546,14.513447644213304,18.47430475951294,-85,-85,1350,700,150.6134389331758,12.719640704907075,circular
700,1100,700,268.4127564513546,22.793695368992218,23.769789312347285,-85,-85,1350,700,163.33307963808286,12.719640704907075,circular
701,1100,700,268.4127564513546,25.157178905256924,25.452908776355446,-85,-85,1350,700,176.05272034298994,12.719640704907075,circular
702,1100,700,268.4127564513546,26.011117049096303,26.067010357935978,-85,-85,1350,700,188.77236104789702,12.719640704907075,circular
703,1100,700,268.4127564513546,25.946643644493044,25.807460623826316,-85,-85,1350,700,201.4920017528041,12.719640704907075,circular
704,1100,700,268.4127564513546,25.042923900792417,24.495315191602927,-85,-85,1350,700,214.21164245771118,12.719640704907075,circular
705,1100,700,268.4127564513546,22.496022074683278,21.418119305852123,-85,-85,1350,700,226.93128316261826,12.719640704907075,circular
706,1100,700,268.4127564513546,-85,-85,-85,-85,1350,700,239.65092386752534,12.719640704907075,circular
707,1100,700,268.4127564513546,-85,-85,-85,-85,1350,700,252.37056457243241,12.719640704907075,circular
708,1100,700,268.4127564513546,-85,-85,-85,-85,1350,700,265.09020527733946,12.719640704907075,circular
709,1100,700,268.4127564513546,-85,-85,-85,-85,1350,700,277.80984598224654,12.719640704907075,circular
710,1100,700,268.4127564513546,-85,-85,-85,-85,1350,700,290.5294866871536,12.719640704907075,circular
711,1100,700,268.4127564513546,-85,-85,-85,-85,1350,700,303.2491273920607,12.719640704907075,circular
712,1100,700,268.4127564513546,-85,-85,-85,-85,1350,700,315.9687680969678,12.719640704907075,circular
713,1100,700,268.4127564513546,-85,-85,-85,-85,1350,700,328.68840880187486,12.719640704907075,circular
714,1100,700,268.4127564513546,-85,-85,-85,-85,1350,700,341.40804950678194,12.719640704907075,circular
715,1100,700,268.4127564513546,-85,-85,-85,-85,1350,700,354.127690211689,12.719640704907075,circular
716,1100,700,268.4127564513546,-85,-85,-85,-85,1350,700,6.847330916596093,12.719640704907075,circular
717,1100,700,268.4127564513546,-85,-85,-85,-85,1350,700,19.566971621503168,12.719640704907075,circular
718,1100,700,268.4127564513546,-85,-85,-85,-85,1350,700,32.28661232641024,12.719640704907075,circular
719,1100,700,268.4127564513546,-85,-85,-85,-85,1350,700,45.006253031317314,12.719640704907075,circular
720,1100,700,268.4127564513546,-85,-85,-85,-85,1350,700,57.72589373622439,12.719640704907075,circular
721,1100,700,268.4127564513546,-85,-85,-85,-85,1350,700,70.44553444113147,12.719640704907075,circular
722,1100,700,268.4127564513546,-85,-85,-85,-85,1350,700,83.16517514603855,12.719640704907075,circular
723,1100,700,268.4127564513546,-85,-85,-85,-85,1350,700,95.88481585094563,12.719640704907075,circular
724,1100,700,268.4127564513546,-85,-85,-85,-85,1350,700,108.6044565558527,12.719640704907075,circular
725,1100,700,268.4127564513546,-85,-85,-85,-85,1350,700,121.32409726075979,12.719640704907075,circular
726,1100,700,268.4127564513546,-85,-85,-85,-85,1350,700,134.04373796566685,12.719640704907075,circular
727,1100,700,268.4127564513546,-85,11.505794098357505,-85,-85,1350,700,146.76337867057393,12.719640704907075,circular
728,1100,700,268.4127564513546,21.813356630230874,22.793695368992218,-85,-85,1350,700,159.483019375481,12.719640704907075,circular
729,1100,700,268.4127564513546,24.646943359767004,25.157178905256924,-85,-85,1350,700,172.20266008038809,12.719640704907075,circular
730,1100,700,268.4127564513546,25.859665714847075,25.9816463993744,-85,-85,1350,700,184.92230078529516,12.719640704907075,circular
731,1100,700,268.4127564513546,26.053745949214605,25.9816463993744,-85,-85,1350,700,197.64194149020224,12.719640704907075,circular
732,1100,700,268.4127564513546,25.452908776355446,25.042923900792417,-85,-85,1350,700,210.36158219510932,12.719640704907075,circular
733,1100,700,268.4127564513546,23.553218972269416,22.793695368992225,-85,-85,1350,700,223.0812229000164,12.719640704907075,circular
734,1100,700,268.4127564513546,17.51315549939211,11.50579409835762,-85,-85,1350,700,235.80086360492348,12.719640704907075,circular
735,1100,700,268.4127564513546,-85,-85,-85,-85,1350,700,248.52050430983056,12.719640704907075,circular
736,1100,700,268.4127564513546,-85,-85,-85,-85,1350,700,261.2401450147376,12.719640704907075,circular
737,1100,700,268.4127564513546,-85,-85,-85,-85,1350,700,273.9597857196447,12.719640704907075,circular
738,1100,700,268.4127564513546,-85,-85,-85,-85,1350,700,286.67942642455176,12.719640704907075,circular
739,1100,700,268.4127564513546,-85,-85,-85,-85,1350,700,299.39906712945884,12.719640704907075,circular
740,1100,700,268.4127564513546,-85,-85,-85,-85,1350,700,312.1187078343659,12.719640704907075,circular
741,1100,700,268.4127564513546,-85,-85,-85,-85,1350,700,324.838348539273,12.719640704907075,circular
742,1100,700,268.4127564513546,-85,-85,-85,-85,1350,700,337.5579892441801,12.719640704907075,circular
743,1100,700,268.4127564513546,-85,-85,-85,-85,1350,700,350.27762994908716,12.719640704907075,circular
744,1100,700,268.4127564513546,-85,-85,-85,-85,1350,700,2.997270653994235,12.719640704907075,circular
745,1100,700,268.4127564513546,-85,-85,-85,-85,1350,700,15.71691135890131,12.719640704907075,circular
746,1100,700,268.4127564513546,-85,-85,-85,-85,1350,700,28.436552063808385,12.719640704907075,circular
747,1100,700,268.4127564513546,-85,-85,-85,-85,1350,700,41.15619276871546,12.719640704907075,circular
748,1100,700,268.4127564513546,-85,-85,-85,-85,1350,700,53.875833473622535,12.719640704907075,circular
749,1100,700,268.4127564513546,-85,-85,-85,-85,1350,700,66.59547417852961,12.719640704907075,circular
750,1100,700,268.4127564513546,-85,-85,-85,-85,1350,700,79.31511488343669,12.719640704907075,circular
751,1100,700,268.4127564513546,-85,-85,-85,-85,1350,700,92.03475558834377,12.719640704907075,circular
752,1100,700,268.4127564513546,-85,-85,-85,-85,1350,700,104.75439629325085,12.719640704907075,circular
753,1100,700,268.4127564513546,-85,-85,-85,-85,1350,700,117.47403699815793,12.719640704907075,circular
754,1100,700,268.4127564513546,-85,-85,-85,-85,1350,700,130.193677703065,12.719640704907075,circular
755,1100,700,268.4127564513546,-85,-85,-85,-85,1350,700,142.91331840797207,12.719640704907075,circular
756,1100,700,268.4127564513546,19.91435422725632,21.41811930585211,-85,-85,1350,700,155.63295911287915,12.719640704907075,circular
757,1100,700,268.4127564513546,23.971022246457757,24.646943359767004,-85,-85,1350,700,168.35259981778623,12.719640704907075,circular
758,1100,700,268.4127564513546,25.614204328866276,25.80746062382631,-85,-85,1350,700,181.0722405226933,12.719640704907075,circular
759,1100,700,268.4127564513546,26.077602459396946,26.067010357935978,-85,-85,1350,700,193.79188122760038,12.719640704907075,circular
760,1100,700,268.4127564513546,25.684904084789977,25.452908776355446,-85,-85,1350,700,206.51152193250746,12.719640704907075,circular
761,1100,700,268.4127564513546,24.332711411139446,23.553218972269416,-85,-85,1350,700,219.23116263741454,12.719640704907075,circular
762,1100,700,268.4127564513546,20.48098321025059,18.474304759512954,-85,-85,1350,700,231.95080334232162,12.719640704907075,circular
763,1100,700,268.4127564513546,-85,-85,-85,-85,1350,700,244.6704440472287,12.719640704907075,circular
764,1100,700,268.4127564513546,-85,-85,-85,-85,1350,700,257.39008475213575,12.719640704907075,circular
765,1100,700,268.4127564513546,-85,-85,-85,-85,1350,700,270.1097254570428,12.719640704907075,circular
766,1100,700,268.4127564513546,-85,-85,-85,-85,1350,700,282.8293661619499,12.719640704907075,circular
767,1100,700,268.4127564513546,-85,-85,-85,-85,1350,700,295.549006866857,12.719640704907075,circular
768,1100,700,268.4127564513546,-85,-85,-85,-85,1350,700,308.26864757176406,12.719640704907075,circular
769,1100,700,268.4127564513546,-85,-85,-85,-85,1350,700,320.98828827667114,12.719640704907075,circular
770,1100,700,268.4127564513546,-85,-85,-85,-85,1350,700,333.7079289815782,12.719640704907075,circular
771,1100,700,268.4127564513546,-85,-85,-85,-85,1350,700,346.4275696864853,12.719640704907075,circular
772,1100,700,268.4127564513546,-85,-85,-85,-85,1350,700,359.1472103913924,12.719640704907075,circular
773,1100,700,268.4127564513546,-85,-85,-85,-85,1350,700,11.866851096299456,12.719640704907075,circular
774,1100,700,268.4127564513546,-85,-85,-85,-85,1350,700,24.58649180120653,12.719640704907075,circular
775,1100,700,268.4127564513546,-85,-85,-85,-85,1350,700,37.306132506113606,12.719640704907075,circular
776,1100,700,268.4127564513546,-85,-85,-85,-85,1350,700,50.02577321102068,12.719640704907075,circular
777,1100,700,268.4127564513546,-85,-85,-85,-85,1350,700,62.745413915927756,12.719640704907075,circular
778,1100,700,268.4127564513546,-85,-85,-85,-85,1350,700,75.46505462083483,12.719640704907075,circular
779,1100,700,268.4127564513546,-85,-85,-85,-85,1350,700,88.18469532574191,12.719640704907075,circular
780,1100,700,268.4127564513546,-85,-85,-85,-85,1350,700,100.90433603064899,12.719640704907075,circular
781,1100,700,268.4127564513546,-85,-85,-85,-85,1350,700,113.62397673555607,12.719640704907075,circular
782,1100,700,268.4127564513546,-85,-85,-85,-85,1350,700,126.34361744046315,12.719640704907075,circular
783,1100,700,268.4127564513546,-85,-85,-85,-85,1350,700,139.0632581453702,12.719640704907075,circular
784,1100,700,268.4127564513546,16.269948115724727,19.25639156218217,-85,-85,1350,700,151.7828988502773,12.719640704907075,circular
785,1100,700,268.4127564513546,23.31969953712386,23.971022246457757,-85,-85,1350,700,164.50253955518437,12.719640704907075,circular
786,1100,700,268.4127564513546,25.26334459461691,25.614204328866276,-85,-85,1350,700,177.22218026009145,12.719640704907075,circular
787,1100,700,268.4127564513546,26.035130213615616,26.074956048612798,-85,-85,1350,700,189.94182096499853,12.719640704907075,circular
788,1100,700,268.4127564513546,25.906018829630398,25.7492610641292,-85,-85,1350,700,202.6614616699056,12.719640704907075,circular
789,1100,700,268.4127564513546,24.92014212493214,24.332711411139446,-85,-85,1350,700,215.38110237481268,12.719640704907075,circular
790,1100,700,268.4127564513546,22.170735458799452,20.48098321025059,-85,-85,1350,700,228.10074307971976,12.719640704907075,circular
791,1100,700,268.4127564513546,-85,-85,-85,-85,1350,700,240.82038378462684,12.719640704907075,circular
792,1100,700,268.4127564513546,-85,-85,-85,-85,1350,700,253.54002448953392,12.719640704907075,circular
793,1100,700,268.4127564513546,-85,-85,-85,-85,1350,700,266.25966519444097,12.719640704907075,circular
794,1100,700,268.4127564513546,-85,-85,-85,-85,1350,700,278.97930589934805,12.719640704907075,circular
795,1100,700,268.4127564513546,-85,-85,-85,-85,1350,700,291.6989466042551,12.719640704907075,circular
796,1100,700,268.4127564513546,-85,-85,-85,-85,1350,700,304.4185873091622,12.719640704907075,circular
797,1100,700,268.4127564513546,-85,-85,-85,-85,1350,700,317.1382280140693,12.719640704907075,circular
798,1100,700,268.4127564513546,-85,-85,-85,-85,1350,700,329.85786871897636,12.719640704907075,circular
799,1100,700,268.4127564513546,-85,-85,-85,-85,1350,700,342.57750942388344,12.719640704907075,circular
800,1100,700,268.4127564513546,-85,-85,-85,-85,1350,700,355.2971501287905,12.719640704907075,circular
801,1100,700,268.4127564513546,-85,-85,-85,-85,1350,700,8.016790833697598,12.719640704907075,circular
802,1100,700,268.4127564513546,-85,-85,-85,-85,1350,700,20.736431538604673,12.719640704907075,circular
803,1100,700,268.4127564513546,-85,-85,-85,-85,1350,700,33.45607224351175,12.719640704907075,circular
804,1100,700,268.4127564513546,-85,-85,-85,-85,1350,700,46.17571294841882,12.719640704907075,circular
805,1100,700,268.4127564513546,-85,-85,-85,-85,1350,700,58.8953536533259,12.719640704907075,circular
806,1100,700,268.4127564513546,-85,-85,-85,-85,1350,700,71.61499435823298,12.719640704907075,circular
807,1100,700,268.4127564513546,-85,-85,-85,-85,1350,700,84.33463506314006,12.719640704907075,circular
808,1100,700,268.4127564513546,-85,-85,-85,-85,1350,700,97.05427576804713,12.719640704907075,circular
809,1100,700,268.4127564513546,-85,-85,-85,-85,1350,700,109.77391647295421,12.719640704907075,circular
810,1100,700,268.4127564513546,-85,-85,-85,-85,1350,700,122.49355717786129,12.719640704907075,circular
811,1100,700,268.4127564513546,-85,-85,-85,-85,1350,700,135.21319788276836,12.719640704907075,circular
812,1100,700,268.4127564513546,-85,14.513447644213304,-85,-85,1350,700,147.93283858767543,12.719640704907075,circular
813,1100,700,268.4127564513546,22.170735458799452,23.06730250275713,-85,-85,1350,700,160.6524792925825,12.719640704907075,circular
814,1100,700,268.4127564513546,24.78833704083229,25.26334459461691,-85,-85,1350,700,173.3721199974896,12.719640704907075,circular
815,1100,700,268.4127564513546,25.906018829630398,26.011117049096303,-85,-85,1350,700,186.09176070239667,12.719640704907075,circular
816,1100,700,268.4127564513546,26.035130213615616,25.946643644493044,-85,-85,1350,700,198.81140140730375,12.719640704907075,circular
817,1100,700,268.4127564513546,25.263344594616918,24.92014212493214,-85,-85,1350,700,211.53104211221083,12.719640704907075,circular
818,1100,700,268.4127564513546,23.319699537123853,22.170735458799452,-85,-85,1350,700,224.2506828171179,12.719640704907075,circular
819,1100,700,268.4127564513546,16.269948115724716,-85,-85,-85,1350,700,236.97032352202498,12.719640704907075,circular
820,1100,700,268.4127564513546,-85,-85,-85,-85,1350,700,249.68996422693206,12.719640704907075,circular
821,1100,700,268.4127564513546,-85,-85,-85,-85,1350,700,262.4096049318391,12.719640704907075,circular
822,1100,700,268.4127564513546,-85,-85,-85,-85,1350,700,275.1292456367462,12.719640704907075,circular
823,1100,700,268.4127564513546,-85,-85,-85,-85,1350,700,287.84888634165327,12.719640704907075,circular
824,1100,700,268.4127564513546,-85,-85,-85,-85,1350,700,300.56852704656035,12.719640704907075,circular
825,1100,700,268.4127564513546,-85,-85,-85,-85,1350,700,313.2881677514674,12.719640704907075,circular
826,1100,700,268.4127564513546,-85,-85,-85,-85,1350,700,326.0078084563745,12.719640704907075,circular
827,1100,700,268.4127564513546,-85,-85,-85,-85,1350,700,338.7274491612816,12.719640704907075,circular
828,1100,700,268.4127564513546,-85,-85,-85,-85,1350,700,351.44708986618866,12.719640704907075,circular
829,1100,700,268.4127564513546,-85,-85,-85,-85,1350,700,4.166730571095741,12.719640704907075,circular
830,1100,700,268.4127564513546,-85,-85,-85,-85,1350,700,16.886371276002816,12.719640704907075,circular
831,1100,700,268.4127564513546,-85,-85,-85,-85,1350,700,29.60601198090989,12.719640704907075,circular
832,1100,700,268.4127564513546,-85,-85,-85,-85,1350,700,42.32565268581696,12.719640704907075,circular
833,1100,700,268.4127564513546,-85,-85,-85,-85,1350,700,55.04529339072404,12.719640704907075,circular
834,1100,700,268.4127564513546,-85,-85,-85,-85,1350,700,67.76493409563112,12.719640704907075,circular
835,1100,700,268.4127564513546,-85,-85,-85,-85,1350,700,80.4845748005382,12.719640704907075,circular
836,1100,700,268.4127564513546,-85,-85,-85,-85,1350,700,93.20421550544528,12.719640704907075,circular
837,1100,700,268.4127564513546,-85,-85,-85,-85,1350,700,105.92385621035235,12.719640704907075,circular
838,1100,700,268.4127564513546,-85,-85,-85,-85,1350,700,118.64349691525943,12.719640704907075,circular
839,1100,700,268.4127564513546,-85,-85,-85,-85,1350,700,131.3631376201665,12.719640704907075,circular
840,1100,700,268.4127564513546,-85,-85,-85,-85,1350,700,144.08277832507358,12.719640704907075,circular
841,1100,700,268.4127564513546,20.48098321025059,21.813356630230874,-85,-85,1350,700,156.80241902998065,12.719640704907075,circular
842,1100,700,268.4127564513546,24.33271141113945,24.78833704083229,-85,-85,1350,700,169.52205973488773,12.719640704907075,circular
843,1100,700,268.4127564513546,25.684904084789974,25.906018829630398,-85,-85,1350,700,182.2417004397948,12.719640704907075,circular
844,1100,700,268.4127564513546,26.077602459396946,26.053745949214605,-85,-85,1350,700,194.9613411447019,12.719640704907075,circular
845,1100,700,268.4127564513546,25.614204328866276,25.361807294499556,-85,-85,1350,700,207.68098184960897,12.719640704907075,circular
846,1100,700,268.4127564513546,24.1582774269213,23.319699537123853,-85,-85,1350,700,220.40062255451605,12.719640704907075,circular
847,1100,700,268.4127564513546,19.914354227256315,16.269948115724716,-85,-85,1350,700,233.12026325942313,12.719640704907075,circular
848,1100,700,268.4127564513546,-85,-85,-85,-85,1350,700,245.8399039643302,12.719640704907075,circular
849,1100,700,268.4127564513546,-85,-85,-85,-85,1350,700,258.55954466923725,12.719640704907075,circular
850,1100,700,268.4127564513546,-85,-85,-85,-85,1350,700,271.27918537414433,12.719640704907075,circular
851,1100,700,268.4127564513546,-85,-85,-85,-85,1350,700,283.9988260790514,12.719640704907075,circular
852,1100,700,268.4127564513546,-85,-85,-85,-85,1350,700,296.7184667839585,12.719640704907075,circular
853,1100,700,268.4127564513546,-85,-85,-85,-85,1350,700,309.43810748886557,12.719640704907075,circular
854,1100,700,268.4127564513546,-85,-85,-85,-85,1350,700,322.15774819377265,12.719640704907075,circular
855,1100,700,268.4127564513546,-85,-85,-85,-85,1350,700,334.8773888986797,12.719640704907075,circular
856,1100,700,268.4127564513546,-85,-85,-85,-85,1350,700,347.5970296035868,12.719640704907075,circular
857,1100,700,268.4127564513546,-85,-85,-85,-85,1350,700,0.3166703084938831,12.719640704907075,circular
858,1100,700,268.4127564513546,-85,-85,-85,-85,1350,700,13.036311013400958,12.719640704907075,circular
859,1100,700,268.4127564513546,-85,-85,-85,-85,1350,700,25.755951718308033,12.719640704907075,circular
860,1100,700,268.4127564513546,-85,-85,-85,-85,1350,700,38.475592423215105,12.719640704907075,circular
861,1100,700,268.4127564513546,-85,-85,-85,-85,1350,700,51.19523312812218,12.719640704907075,circular
862,1100,700,268.4127564513546,-85,-85,-85,-85,1350,700,63.91487383302926,12.719640704907075,circular
863,1100,700,268.4127564513546,-85,-85,-85,-85,1350,700,76.63451453793634,12.719640704907075,circular
864,1100,700,268.4127564513546,-85,-85,-85,-85,1350,700,89.35415524284342,12.719640704907075,circular
865,1100,700,268.4127564513546,-85,-85,-85,-85,1350,700,102.0737959477505,12.719640704907075,circular
866,1100,700,268.4127564513546,-85,-85,-85,-85,1350,700,114.79343665265758,12.719640704907075,circular
867,1100,700,268.4127564513546,-85,-85,-85,-85,1350,700,127.51307735756465,12.719640704907075,circular
868,1100,700,268.4127564513546,-85,-85,-85,-85,1350,700,140.23271806247172,12.719640704907075,circular
869,1100,700,268.4127564513546,17.513155499392102,19.91435422725632,-85,-85,1350,700,152.9523587673788,12.719640704907075,circular
870,1100,700,268.4127564513546,23.553218972269416,24.1582774269213,-85,-85,1350,700,165.67199947228588,12.719640704907075,circular
871,1100,700,268.4127564513546,25.36180729449956,25.684904084789974,-85,-85,1350,700,178.39164017719295,12.719640704907075,circular
872,1100,700,268.4127564513546,26.053745949214605,26.077602459396946,-85,-85,1350,700,191.11128088210003,12.719640704907075,circular
873,1100,700,268.4127564513546,25.859665714847075,25.684904084789977,-85,-85,1350,700,203.8309215870071,12.719640704907075,circular
874,1100,700,268.4127564513546,24.646943359767004,24.1582774269213,-85,-85,1350,700,216.5505622919142,12.719640704907075,circular
875,1100,700,268.4127564513546,21.81335663023087,19.914354227256315,-85,-85,1350,700,229.27020299682127,12.719640704907075,circular
876,1100,700,268.4127564513546,-85,-85,-85,-85,1350,700,241.98984370172835,12.719640704907075,circular
877,1100,700,268.4127564513546,-85,-85,-85,-85,1350,700,254.70948440663543,12.719640704907075,circular
878,1100,700,268.4127564513546,-85,-85,-85,-85,1350,700,267.4291251115425,12.719640704907075,circular
879,1100,700,268.4127564513546,-85,-85,-85,-85,1350,700,280.14876581644955,12.719640704907075,circular
880,1100,700,268.4127564513546,-85,-85,-85,-85,1350,700,292.86840652135663,12.719640704907075,circular
881,1100,700,268.4127564513546,-85,-85,-85,-85,1350,700,305.5880472262637,12.719640704907075,circular
882,1100,700,268.4127564513546,-85,-85,-85,-85,1350,700,318.3076879311708,12.719640704907075,circular
883,1100,700,268.4127564513546,-85,-85,-85,-85,1350,700,331.02732863607787,12.719640704907075,circular
884,1100,700,268.4127564513546,-85,-85,-85,-85,1350,700,343.74696934098495,12.719640704907075,circular
885,1100,700,268.4127564513546,-85,-85,-85,-85,1350,700,356.466610045892,12.719640704907075,circular
886,1100,700,268.4127564513546,-85,-85,-85,-85,1350,700,9.186250750799104,12.719640704907075,circular
887,1100,700,268.4127564513546,-85,-85,-85,-85,1350,700,21.90589145570618,12.719640704907075,circular
888,1100,700,268.4127564513546,-85,-85,-85,-85,1350,700,34.625532160613254,12.719640704907075,circular
889,1100,700,268.4127564513546,-85,-85,-85,-85,1350,700,47.345172865520325,12.719640704907075,circular
890,1100,700,268.4127564513546,-85,-85,-85,-85,1350,700,60.064813570427404,12.719640704907075,circular
891,1100,700,268.4127564513546,-85,-85,-85,-85,1350,700,72.78445427533448,12.719640704907075,circular
892,1100,700,268.4127564513546,-85,-85,-85,-85,1350,700,85.50409498024156,12.719640704907075,circular
893,1100,700,268.4127564513546,-85,-85,-85,-85,1350,700,98.22373568514864,12.719640704907075,circular
894,1100,700,268.4127564513546,-85,-85,-85,-85,1350,700,110.94337639005572,12.719640704907075,circular
895,1100,700,268.4127564513546,-85,-85,-85,-85,1350,700,123.6630170949628,12.719640704907075,circular
896,1100,700,268.4127564513546,-85,-85,-85,-85,1350,700,136.38265779986986,12.719640704907075,circular
897,1100,700,268.4127564513546,-85,17.513155499392102,-85,-85,1350,700,149.10229850477694,12.719640704907075,circular
898,1100,700,268.4127564513546,22.496022074683278,23.31969953712386,-85,-85,1350,700,161.82193920968402,12.719640704907075,circular
899,1100,700,268.4127564513546,25.042923900792417,25.36180729449956,-85,-85,1350,700,174.5415799145911,12.719640704907075,circular
900,1100,700,268.4127564513546,25.946643644493044,26.053745949214605,-85,-85,1350,700,187.26122061949818,12.719640704907075,circular
901,1100,700,268.4127564513546,26.011117049096303,25.906018829630398,-85,-85,1350,700,199.98086132440525,12.719640704907075,circular
902,1100,700,268.4127564513546,25.157178905256924,24.788337040832293,-85,-85,1350,700,212.70050202931233,12.719640704907075,circular
903,1100,700,268.4127564513546,23.067302502757133,21.81335663023087,-85,-85,1350,700,225.4201427342194,12.719640704907075,circular
904,1100,700,268.4127564513546,14.513447644213265,-85,-85,-85,1350,700,238.1397834391265,12.719640704907075,circular
905,1100,700,268.4127564513546,-85,-85,-85,-85,1350,700,250.85942414403357,12.719640704907075,circular
906,1100,700,268.4127564513546,-85,-85,-85,-85,1350,700,263.5790648489406,12.719640704907075,circular
907,1100,700,268.4127564513546,-85,-85,-85,-85,1350,700,276.2987055538477,12.719640704907075,circular
908,1100,700,268.4127564513546,-85,-85,-85,-85,1350,700,289.0183462587548,12.719640704907075,circular
909,1100,700,268.4127564513546,-85,-85,-85,-85,1350,700,301.73798696366185,12.719640704907075,circular
910,1100,700,268.4127564513546,-85,-85,-85,-85,1350,700,314.45762766856893,12.719640704907075,circular
911,1100,700,268.4127564513546,-85,-85,-85,-85,1350,700,327.177268373476,12.719640704907075,circular
912,1100,700,268.4127564513546,-85,-85,-85,-85,1350,700,339.8969090783831,12.719640704907075,circular
913,1100,700,268.4127564513546,-85,-85,-85,-85,1350,700,352.61654978329017,12.719640704907075,circular
914,1100,700,268.4127564513546,-85,-85,-85,-85,1350,700,5.336190488197246,12.719640704907075,circular
915,1100,700,268.4127564513546,-85,-85,-85,-85,1350,700,18.05583119310432,12.719640704907075,circular
916,1100,700,268.4127564513546,-85,-85,-85,-85,1350,700,30.775471898011396,12.719640704907075,circular
917,1100,700,268.4127564513546,-85,-85,-85,-85,1350,700,43.49511260291847,12.719640704907075,circular
918,1100,700,268.4127564513546,-85,-85,-85,-85,1350,700,56.214753307825546,12.719640704907075,circular
919,1100,700,268.4127564513546,-85,-85,-85,-85,1350,700,68.93439401273262,12.719640704907075,circular
920,1100,700,268.4127564513546,-85,-85,-85,-85,1350,700,81.6540347176397,12.719640704907075,circular
921,1100,700,268.4127564513546,-85,-85,-85,-85,1350,700,94.37367542254678,12.719640704907075,circular
922,1100,700,268.4127564513546,-85,-85,-85,-85,1350,700,107.09331612745386,12.719640704907075,circular
923,1100,700,268.4127564513546,-85,-85,-85,-85,1350,700,119.81295683236094,12.719640704907075,circular
924,1100,700,268.4127564513546,-85,-85,-85,-85,1350,700,132.532597537268,12.719640704907075,circular
925,1100,700,268.4127564513546,-85,-85,-85,-85,1350,700,145.25223824217508,12.719640704907075,circular
926,1100,700,268.4127564513546,20.97742610025734,22.170735458799452,-85,-85,1350,700,157.97187894708216,12.719640704907075,circular
927,1100,700,268.4127564513546,24.495315191602927,24.92014212493214,-85,-85,1350,700,170.69151965198924,12.719640704907075,circular
928,1100,700,268.4127564513546,25.7492610641292,25.946643644493044,-85,-85,1350,700,183.41116035689632,12.719640704907075,circular
929,1100,700,268.4127564513546,26.074956048612798,26.011117049096303,-85,-85,1350,700,196.1308010618034,12.719640704907075,circular
930,1100,700,268.4127564513546,25.536951728381826,25.263344594616918,-85,-85,1350,700,208.85044176671047,12.719640704907075,circular
931,1100,700,268.4127564513546,23.769789312347285,23.067302502757133,-85,-85,1350,700,221.57008247161755,12.719640704907075,circular
932,1100,700,268.4127564513546,19.25639156218219,14.513447644213265,-85,-85,1350,700,234.28972317652463,12.719640704907075,circular
933,1100,700,268.4127564513546,-85,-85,-85,-85,1350,700,247.0093638814317,12.719640704907075,circular
934,1100,700,268.4127564513546,-85,-85,-85,-85,1350,700,259.72900458633876,12.719640704907075,circular
935,1100,700,268.4127564513546,-85,-85,-85,-85,1350,700,272.44864529124584,12.719640704907075,circular
936,1100,700,268.4127564513546,-85,-85,-85,-85,1350,700,285.1682859961529,12.719640704907075,circular
937,1100,700,268.4127564513546,-85,-85,-85,-85,1350,700,297.88792670106,12.719640704907075,circular
938,1100,700,268.4127564513546,-85,-85,-85,-85,1350,700,310.6075674059671,12.719640704907075,circular
939,1100,700,268.4127564513546,-85,-85,-85,-85,1350,700,323.32720811087415,12.719640704907075,circular
940,1100,700,268.4127564513546,-85,-85,-85,-85,1350,700,336.04684881578123,12.719640704907075,circular
941,1100,700,268.4127564513546,-85,-85,-85,-85,1350,700,348.7664895206883,12.719640704907075,circular
942,1100,700,268.4127564513546,-85,-85,-85,-85,1350,700,1.4861302255953888,12.719640704907075,circular
943,1100,700,268.4127564513546,-85,-85,-85,-85,1350,700,14.205770930502464,12.719640704907075,circular
944,1100,700,268.4127564513546,-85,-85,-85,-85,1350,700,26.92541163540954,12.719640704907075,circular
945,1100,700,268.4127564513546,-85,-85,-85,-85,1350,700,39.64505234031661,12.719640704907075,circular
946,1100,700,268.4127564513546,-85,-85,-85,-85,1350,700,52.36469304522369,12.719640704907075,circular
947,1100,700,268.4127564513546,-85,-85,-85,-85,1350,700,65.08433375013077,12.719640704907075,circular
948,1100,700,268.4127564513546,-85,-85,-85,-85,1350,700,77.80397445503785,12.719640704907075,circular
949,1100,700,268.4127564513546,-85,-85,-85,-85,1350,700,90.52361515994492,12.719640704907075,circular
950,1100,700,268.4127564513546,-85,-85,-85,-85,1350,700,103.243255864852,12.719640704907075,circular
951,1100,700,268.4127564513546,-85,-85,-85,-85,1350,700,115.96289656975908,12.719640704907075,circular
952,1100,700,268.4127564513546,-85,-85,-85,-85,1350,700,128.68253727466615,12.719640704907075,circular
953,1100,700,268.4127564513546,-85,-85,-85,-85,1350,700,141.40217797957322,12.719640704907075,circular
954,1100,700,268.4127564513546,18.47430475951294,20.97742610025734,-85,-85,1350,700,154.1218186844803,12.719640704907075,circular
955,1100,700,268.4127564513546,23.769789312347285,24.33271141113945,-85,-85,1350,700,166.84145938938738,12.719640704907075,circular
956,1100,700,268.4127564513546,25.536951728381826,25.7492610641292,-85,-85,1350,700,179.56110009429446,12.719640704907075,circular
957,1100,700,268.4127564513546,26.067010357935978,26.074956048612798,-85,-85,1350,700,192.28074079920154,12.719640704907075,circular
958,1100,700,268.4127564513546,25.807460623826316,25.614204328866276,-85,-85,1350,700,205.00038150410862,12.719640704907075,circular
959,1100,700,268.4127564513546,24.495315191602927,23.97102224645776,-85,-85,1350,700,217.7200222090157,12.719640704907075,circular
960,1100,700,268.4127564513546,20.97742610025735,19.25639156218219,-85,-85,1350,700,230.43966291392277,12.719640704907075,circular
961,1100,700,268.4127564513546,-85,-85,-85,-85,1350,700,243.15930361882985,12.719640704907075,circular
962,1100,700,268.4127564513546,-85,-85,-85,-85,1350,700,255.87894432373693,12.719640704907075,circular
963,1100,700,268.4127564513546,-85,-85,-85,-85,1350,700,268.598585028644,12.719640704907075,circular
964,1100,700,268.4127564513546,-85,-85,-85,-85,1350,700,281.31822573355106,12.719640704907075,circular
965,1100,700,268.4127564513546,-85,-85,-85,-85,1350,700,294.03786643845814,12.719640704907075,circular
966,1100,700,268.4127564513546,-85,-85,-85,-85,1350,700,306.7575071433652,12.719640704907075,circular
967,1100,700,268.4127564513546,-85,-85,-85,-85,1350,700,319.4771478482723,12.719640704907075,circular
968,1100,700,268.4127564513546,-85,-85,-85,-85,1350,700,332.1967885531794,12.719640704907075,circular
969,1100,700,268.4127564513546,-85,-85,-85,-85,1350,700,344.91642925808645,12.719640704907075,circular
970,1100,700,268.4127564513546,-85,-85,-85,-85,1350,700,357.63606996299353,12.719640704907075,circular
971,1100,700,268.4127564513546,-85,-85,-85,-85,1350,700,10.35571066790061,12.719640704907075,circular
972,1100,700,268.4127564513546,-85,-85,-85,-85,1350,700,23.075351372807685,12.719640704907075,circular
973,1100,700,268.4127564513546,-85,-85,-85,-85,1350,700,35.79499207771476,12.719640704907075,circular
974,1100,700,268.4127564513546,-85,-85,-85,-85,1350,700,48.51463278262183,12.719640704907075,circular
975,1100,700,268.4127564513546,-85,-85,-85,-85,1350,700,61.23427348752891,12.719640704907075,circular
976,1100,700,268.4127564513546,-85,-85,-85,-85,1350,700,73.95391419243599,12.719640704907075,circular
977,1100,700,268.4127564513546,-85,-85,-85,-85,1350,700,86.67355489734307,12.719640704907075,circular
978,1100,700,268.4127564513546,-85,-85,-85,-85,1350,700,99.39319560225015,12.719640704907075,circular
979,1100,700,268.4127564513546,-85,-85,-85,-85,1350,700,112.11283630715722,12.719640704907075,circular
980,1100,700,268.4127564513546,-85,-85,-85,-85,1350,700,124.8324770120643,12.719640704907075,circular
981,1100,700,268.4127564513546,-85,-85,-85,-85,1350,700,137.55211771697137,12.719640704907075,circular
982,1100,700,268.4127564513546,11.505794098357505,18.47430475951294,-85,-85,1350,700,150.27175842187845,12.719640704907075,circular
983,1100,700,268.4127564513546,22.793695368992218,23.553218972269416,-85,-85,1350,700,162.99139912678552,12.719640704907075,circular
984,1100,700,268.4127564513546,25.157178905256924,25.452908776355446,-85,-85,1350,700,175.7110398316926,12.719640704907075,circular
985,1100,700,268.4127564513546,25.9816463993744,26.067010357935978,-85,-85,1350,700,188.43068053659968,12.719640704907075,circular
986,1100,700,268.4127564513546,25.9816463993744,25.807460623826316,-85,-85,1350,700,201.15032124150676,12.719640704907075,circular
987,1100,700,268.4127564513546,25.042923900792417,24.646943359767004,-85,-85,1350,700,213.86996194641384,12.719640704907075,circular
988,1100,700,268.4127564513546,22.496022074683278,21.418119305852123,-85,-85,1350,700,226.58960265132092,12.719640704907075,circular
989,1100,700,268.4127564513546,11.50579409835762,-85,-85,-85,1350,700,239.309243356228,12.719640704907075,circular
990,1100,700,268.4127564513546,-85,-85,-85,-85,1350,700,252.02888406113507,12.719640704907075,circular
991,1100,700,268.4127564513546,-85,-85,-85,-85,1350,700,264.7485247660421,12.719640704907075,circular
992,1100,700,268.4127564513546,-85,-85,-85,-85,1350,700,277.4681654709492,12.719640704907075,circular
993,1100,700,268.4127564513546,-85,-85,-85,-85,1350,700,290.1878061758563,12.719640704907075,circular
994,1100,700,268.4127564513546,-85,-85,-85,-85,1350,700,302.90744688076336,12.719640704907075,circular
995,1100,700,268.4127564513546,-85,-85,-85,-85,1350,700,315.62708758567044,12.719640704907075,circular
996,1100,700,268.4127564513546,-85,-85,-85,-85,1350,700,328.3467282905775,12.719640704907075,circular
997,1100,700,268.4127564513546,-85,-85,-85,-85,1350,700,341.0663689954846,12.719640704907075,circular
998,1100,700,268.4127564513546,-85,-85,-85,-85,1350,700,353.7860097003917,12.719640704907075,circular
999,1100,700,268.4127564513546,-85,-85,-85,-85,1350,700,6.505650405298752,12.719640704907075,circular
