Tick,Aircraft X,Aircraft Y,Aircraft Heading,A1,A2,A3,A4,Radar X,Radar Y,Radar Azimuth,Radar RPM,Radar Scan Pattern
0,1100,700,94.14269436624977,-85,-85,-85,-85,1350,700,252.78492068724964,6.869647112085612,circular
1,1100,700,94.14269436624977,-85,-85,-85,-85,1350,700,259.65456779933527,6.869647112085612,circular
2,1100,700,94.14269436624977,-85,-85,-85,-85,1350,700,266.52421491142087,6.869647112085612,circular
3,1100,700,94.14269436624977,-85,-85,-85,-85,1350,700,273.3938620235065,6.869647112085612,circular
4,1100,700,94.14269436624977,-85,-85,-85,-85,1350,700,280.2635091355921,6.869647112085612,circular
5,1100,700,94.14269436624977,-85,-85,-85,-85,1350,700,287.1331562476777,6.869647112085612,circular
6,1100,700,94.14269436624977,-85,-85,-85,-85,1350,700,294.0028033597633,6.869647112085612,circular
7,1100,700,94.14269436624977,-85,-85,-85,-85,1350,700,300.8724504718489,6.869647112085612,circular
8,1100,700,94.14269436624977,-85,-85,-85,-85,1350,700,307.7420975839345,6.869647112085612,circular
9,1100,700,94.14269436624977,-85,-85,-85,-85,1350,700,314.6117446960201,6.869647112085612,circular
10,1100,700,94.14269436624977,-85,-85,-85,-85,1350,700,321.4813918081057,6.869647112085612,circular
11,1100,700,94.14269436624977,-85,-85,-85,-85,1350,700,328.3510389201913,6.869647112085612,circular
12,1100,700,94.14269436624977,-85,-85,-85,-85,1350,700,335.2206860322769,6.869647112085612,circular
13,1100,700,94.14269436624977,-85,-85,-85,-85,1350,700,342.0903331443625,6.869647112085612,circular
14,1100,700,94.14269436624977,-85,-85,-85,-85,1350,700,348.9599802564481,6.869647112085612,circular
15,1100,700,94.14269436624977,-85,-85,-85,-85,1350,700,355.8296273685337,6.869647112085612,circular
16,1100,700,94.14269436624977,-85,-85,-85,-85,1350,700,2.6992744806192945,6.869647112085612,circular
17,1100,700,94.14269436624977,-85,-85,-85,-85,1350,700,9.568921592704907,6.869647112085612,circular
18,1100,700,94.14269436624977,-85,-85,-85,-85,1350,700,16.43856870479052,6.869647112085612,circular
19,1100,700,94.14269436624977,-85,-85,-85,-85,1350,700,23.30821581687613,6.869647112085612,circular
20,1100,700,94.14269436624977,-85,-85,-85,-85,1350,700,30.177862928961744,6.869647112085612,circular
21,1100,700,94.14269436624977,-85,-85,-85,-85,1350,700,37.04751004104736,6.869647112085612,circular
22,1100,700,94.14269436624977,-85,-85,-85,-85,1350,700,43.917157153132976,6.869647112085612,circular
23,1100,700,94.14269436624977,-85,-85,-85,-85,1350,700,50.78680426521859,6.869647112085612,circular
24,1100,700,94.14269436624977,-85,-85,-85,-85,1350,700,57.65645137730421,6.869647112085612,circular
25,1100,700,94.14269436624977,-85,-85,-85,-85,1350,700,64.52609848938982,6.869647112085612,circular
26,1100,700,94.14269436624977,-85,-85,-85,-85,1350,700,71.39574560147544,6.869647112085612,circular
27,1100,700,94.14269436624977,-85,-85,-85,-85,1350,700,78.26539271356106,6.869647112085612,circular
28,1100,700,94.14269436624977,-85,-85,-85,-85,1350,700,85.13503982564667,6.869647112085612,circular
29,1100,700,94.14269436624977,-85,-85,-85,-85,1350,700,92.00468693773229,6.869647112085612,circular
30,1100,700,94.14269436624977,-85,-85,-85,-85,1350,700,98.8743340498179,6.869647112085612,circular
31,1100,700,94.14269436624977,-85,-85,-85,-85,1350,700,105.74398116190352,6.869647112085612,circular
32,1100,700,94.14269436624977,-85,-85,-85,-85,1350,700,112.61362827398914,6.869647112085612,circular
33,1100,700,94.14269436624977,-85,-85,-85,-85,1350,700,119.48327538607475,6.869647112085612,circular
34,1100,700,94.14269436624977,-85,-85,-85,-85,1350,700,126.35292249816037,6.869647112085612,circular
35,1100,700,94.14269436624977,-85,-85,-85,-85,1350,700,133.22256961024598,6.869647112085612,circular
36,1100,700,94.14269436624977,-85,-85,-85,11.505794098357505,1350,700,140.09221672233159,6.869647112085612,circular
37,1100,700,94.14269436624977,-85,-85,17.513155499392102,19.91435422725632,1350,700,146.9618638344172,6.869647112085612,circular
38,1100,700,94.14269436624977,-85,-85,21.813356630230874,22.793695368992218,1350,700,153.8315109465028,6.869647112085612,circular
39,1100,700,94.14269436624977,-85,-85,23.769789312347285,24.33271141113945,1350,700,160.7011580585884,6.869647112085612,circular
40,1100,700,94.14269436624977,-85,-85,24.92014212493214,25.26334459461691,1350,700,167.570805170674,6.869647112085612,circular
41,1100,700,94.14269436624977,-85,-85,25.614204328866276,25.80746062382631,1350,700,174.4404522827596,6.869647112085612,circular
42,1100,700,94.14269436624977,-85,-85,25.946643644493044,26.053745949214605,1350,700,181.3100993948452,6.869647112085612,circular
43,1100,700,94.14269436624977,-85,-85,26.077602459396946,26.053745949214605,1350,700,188.1797465069308,6.869647112085612,circular
44,1100,700,94.14269436624977,-85,-85,25.9816463993744,25.859665714847075,1350,700,195.0493936190164,6.869647112085612,circular
45,1100,700,94.14269436624977,-85,-85,25.614204328866276,25.361807294499556,1350,700,201.919040731102,6.869647112085612,circular
46,1100,700,94.14269436624977,-85,-85,24.92014212493214,24.495315191602927,1350,700,208.7886878431876,6.869647112085612,circular
47,1100,700,94.14269436624977,-85,-85,23.769789312347285,23.067302502757133,1350,700,215.6583349552732,6.869647112085612,circular
48,1100,700,94.14269436624977,-85,-85,21.81335663023087,20.48098321025059,1350,700,222.5279820673588,6.869647112085612,circular
49,1100,700,94.14269436624977,-85,-85,18.474304759512954,11.50579409835762,1350,700,229.3976291794444,6.869647112085612,circular
50,1100,700,94.14269436624977,-85,-85,-85,-85,1350,700,236.26727629153,6.869647112085612,circular
51,1100,700,94.14269436624977,-85,-85,-85,-85,1350,700,243.1369234036156,6.869647112085612,circular
52,1100,700,94.14269436624977,-85,-85,-85,-85,1350,700,250.0065705157012,6.869647112085612,circular
53,1100,700,94.14269436624977,-85,-85,-85,-85,1350,700,256.87621762778684,6.869647112085612,circular
54,1100,700,94.14269436624977,-85,-85,-85,-85,1350,700,263.74586473987245,6.869647112085612,circular
55,1100,700,94.14269436624977,-85,-85,-85,-85,1350,700,270.61551185195805,6.869647112085612,circular
56,1100,700,94.14269436624977,-85,-85,-85,-85,1350,700,277.48515896404365,6.869647112085612,circular
57,1100,700,94.14269436624977,-85,-85,-85,-85,1350,700,284.35480607612925,6.869647112085612,circular
58,1100,700,94.14269436624977,-85,-85,-85,-85,1350,700,291.22445318821485,6.869647112085612,circular
59,1100,700,94.14269436624977,-85,-85,-85,-85,1350,700,298.09410030030045,6.869647112085612,circular
60,1100,700,94.14269436624977,-85,-85,-85,-85,1350,700,304.96374741238606,6.869647112085612,circular
61,1100,700,94.14269436624977,-85,-85,-85,-85,1350,700,311.83339452447166,6.869647112085612,circular
62,1100,700,94.14269436624977,-85,-85,-85,-85,1350,700,318.70304163655726,6.869647112085612,circular
63,1100,700,94.14269436624977,-85,-85,-85,-85,1350,700,325.57268874864286,6.869647112085612,circular
64,1100,700,94.14269436624977,-85,-85,-85,-85,1350,700,332.44233586072846,6.869647112085612,circular
65,1100,700,94.14269436624977,-85,-85,-85,-85,1350,700,339.31198297281406,6.869647112085612,circular
66,1100,700,94.14269436624977,-85,-85,-85,-85,1350,700,346.18163008489967,6.869647112085612,circular
67,1100,700,94.14269436624977,-85,-85,-85,-85,1350,700,353.05127719698527,6.869647112085612,circular
68,1100,700,94.14269436624977,-85,-85,-85,-85,1350,700,359.92092430907087,6.869647112085612,circular
69,1100,700,94.14269436624977,-85,-85,-85,-85,1350,700,6.790571421156471,6.869647112085612,circular
70,1100,700,94.14269436624977,-85,-85,-85,-85,1350,700,13.660218533242084,6.869647112085612,circular
71,1100,700,94.14269436624977,-85,-85,-85,-85,1350,700,20.529865645327696,6.869647112085612,circular
72,1100,700,94.14269436624977,-85,-85,-85,-85,1350,700,27.39951275741331,6.869647112085612,circular
73,1100,700,94.14269436624977,-85,-85,-85,-85,1350,700,34.26915986949892,6.869647112085612,circular
74,1100,700,94.14269436624977,-85,-85,-85,-85,1350,700,41.13880698158454,6.869647112085612,circular
75,1100,700,94.14269436624977,-85,-85,-85,-85,1350,700,48.00845409367015,6.869647112085612,circular
76,1100,700,94.14269436624977,-85,-85,-85,-85,1350,700,54.87810120575577,6.869647112085612,circular
77,1100,700,94.14269436624977,-85,-85,-85,-85,1350,700,61.747748317841385,6.869647112085612,circular
78,1100,700,94.14269436624977,-85,-85,-85,-85,1350,700,68.617395429927,6.869647112085612,circular
79,1100,700,94.14269436624977,-85,-85,-85,-85,1350,700,75.48704254201262,6.869647112085612,circular
80,1100,700,94.14269436624977,-85,-85,-85,-85,1350,700,82.35668965409823,6.869647112085612,circular
81,1100,700,94.14269436624977,-85,-85,-85,-85,1350,700,89.22633676618385,6.869647112085612,circular
82,1100,700,94.14269436624977,-85,-85,-85,-85,1350,700,96.09598387826946,6.869647112085612,circular
83,1100,700,94.14269436624977,-85,-85,-85,-85,1350,700,102.96563099035508,6.869647112085612,circular
84,1100,700,94.14269436624977,-85,-85,-85,-85,1350,700,109.8352781024407,6.869647112085612,circular
85,1100,700,94.14269436624977,-85,-85,-85,-85,1350,700,116.70492521452631,6.869647112085612,circular
86,1100,700,94.14269436624977,-85,-85,-85,-85,1350,700,123.57457232661193,6.869647112085612,circular
87,1100,700,94.14269436624977,-85,-85,-85,-85,1350,700,130.44421943869753,6.869647112085612,circular
88,1100,700,94.14269436624977,-85,-85,-85,-85,1350,700,137.31386655078313,6.869647112085612,circular
89,1100,700,94.14269436624977,-85,-85,11.505794098357505,18.47430475951294,1350,700,144.18351366286873,6.869647112085612,circular
90,1100,700,94.14269436624977,-85,-85,20.48098321025059,21.813356630230874,1350,700,151.05316077495434,6.869647112085612,circular
91,1100,700,94.14269436624977,-85,-85,23.06730250275713,23.769789312347285,1350,700,157.92280788703994,6.869647112085612,circular
92,1100,700,94.14269436624977,-85,-85,24.495315191602927,24.92014212493214,1350,700,164.79245499912554,6.869647112085612,circular
93,1100,700,94.14269436624977,-85,-85,25.36180729449956,25.614204328866276,1350,700,171.66210211121114,6.869647112085612,circular
94,1100,700,94.14269436624977,-85,-85,25.859665714847075,25.9816463993744,1350,700,178.53174922329674,6.869647112085612,circular
95,1100,700,94.14269436624977,-85,-85,26.053745949214605,26.077602459396946,1350,700,185.40139633538234,6.869647112085612,circular
96,1100,700,94.14269436624977,-85,-85,26.053745949214605,25.946643644493044,1350,700,192.27104344746795,6.869647112085612,circular
97,1100,700,94.14269436624977,-85,-85,25.807460623826316,25.536951728381826,1350,700,199.14069055955355,6.869647112085612,circular
98,1100,700,94.14269436624977,-85,-85,25.263344594616918,24.92014212493214,1350,700,206.01033767163915,6.869647112085612,circular
99,1100,700,94.14269436624977,-85,-85,24.332711411139446,23.769789312347285,1350,700,212.87998478372475,6.869647112085612,circular
100,1100,700,94.14269436624977,-85,-85,22.793695368992225,21.81335663023087,1350,700,219.74963189581035,6.869647112085612,circular
101,1100,700,94.14269436624977,-85,-85,19.914354227256315,17.51315549939211,1350,700,226.61927900789595,6.869647112085612,circular
102,1100,700,94.14269436624977,-85,-85,-85,-85,1350,700,233.48892611998156,6.869647112085612,circular
103,1100,700,94.14269436624977,-85,-85,-85,-85,1350,700,240.35857323206716,6.869647112085612,circular
104,1100,700,94.14269436624977,-85,-85,-85,-85,1350,700,247.22822034415276,6.869647112085612,circular
105,1100,700,94.14269436624977,-85,-85,-85,-85,1350,700,254.09786745623836,6.869647112085612,circular
106,1100,700,94.14269436624977,-85,-85,-85,-85,1350,700,260.96751456832396,6.869647112085612,circular
107,1100,700,94.14269436624977,-85,-85,-85,-85,1350,700,267.83716168040957,6.869647112085612,circular
108,1100,700,94.14269436624977,-85,-85,-85,-85,1350,700,274.70680879249517,6.869647112085612,circular
109,1100,700,94.14269436624977,-85,-85,-85,-85,1350,700,281.57645590458077,6.869647112085612,circular
110,1100,700,94.14269436624977,-85,-85,-85,-85,1350,700,288.44610301666637,6.869647112085612,circular
111,1100,700,94.14269436624977,-85,-85,-85,-85,1350,700,295.315750128752,6.869647112085612,circular
112,1100,700,94.14269436624977,-85,-85,-85,-85,1350,700,302.1853972408376,6.869647112085612,circular
113,1100,700,94.14269436624977,-85,-85,-85,-85,1350,700,309.0550443529232,6.869647112085612,circular
114,1100,700,94.14269436624977,-85,-85,-85,-85,1350,700,315.9246914650088,6.869647112085612,circular
115,1100,700,94.14269436624977,-85,-85,-85,-85,1350,700,322.7943385770944,6.869647112085612,circular
116,1100,700,94.14269436624977,-85,-85,-85,-85,1350,700,329.66398568918,6.869647112085612,circular
117,1100,700,94.14269436624977,-85,-85,-85,-85,1350,700,336.5336328012656,6.869647112085612,circular
118,1100,700,94.14269436624977,-85,-85,-85,-85,1350,700,343.4032799133512,6.869647112085612,circular
119,1100,700,94.14269436624977,-85,-85,-85,-85,1350,700,350.2729270254368,6.869647112085612,circular
120,1100,700,94.14269436624977,-85,-85,-85,-85,1350,700,357.1425741375224,6.869647112085612,circular
121,1100,700,94.14269436624977,-85,-85,-85,-85,1350,700,4.01222124960799,6.869647112085612,circular
122,1100,700,94.14269436624977,-85,-85,-85,-85,1350,700,10.881868361693602,6.869647112085612,circular
123,1100,700,94.14269436624977,-85,-85,-85,-85,1350,700,17.751515473779214,6.869647112085612,circular
124,1100,700,94.14269436624977,-85,-85,-85,-85,1350,700,24.621162585864827,6.869647112085612,circular
125,1100,700,94.14269436624977,-85,-85,-85,-85,1350,700,31.49080969795044,6.869647112085612,circular
126,1100,700,94.14269436624977,-85,-85,-85,-85,1350,700,38.360456810036055,6.869647112085612,circular
127,1100,700,94.14269436624977,-85,-85,-85,-85,1350,700,45.23010392212167,6.869647112085612,circular
128,1100,700,94.14269436624977,-85,-85,-85,-85,1350,700,52.09975103420729,6.869647112085612,circular
129,1100,700,94.14269436624977,-85,-85,-85,-85,1350,700,58.9693981462929,6.869647112085612,circular
130,1100,700,94.14269436624977,-85,-85,-85,-85,1350,700,65.83904525837852,6.869647112085612,circular
131,1100,700,94.14269436624977,-85,-85,-85,-85,1350,700,72.70869237046414,6.869647112085612,circular
132,1100,700,94.14269436624977,-85,-85,-85,-85,1350,700,79.57833948254975,6.869647112085612,circular
133,1100,700,94.14269436624977,-85,-85,-85,-85,1350,700,86.44798659463537,6.869647112085612,circular
134,1100,700,94.14269436624977,-85,-85,-85,-85,1350,700,93.31763370672098,6.869647112085612,circular
135,1100,700,94.14269436624977,-85,-85,-85,-85,1350,700,100.1872808188066,6.869647112085612,circular
136,1100,700,94.14269436624977,-85,-85,-85,-85,1350,700,107.05692793089221,6.869647112085612,circular
137,1100,700,94.14269436624977,-85,-85,-85,-85,1350,700,113.92657504297783,6.869647112085612,circular
138,1100,700,94.14269436624977,-85,-85,-85,-85,1350,700,120.79622215506345,6.869647112085612,circular
139,1100,700,94.14269436624977,-85,-85,-85,-85,1350,700,127.66586926714906,6.869647112085612,circular
140,1100,700,94.14269436624977,-85,-85,-85,-85,1350,700,134.53551637923468,6.869647112085612,circular
141,1100,700,94.14269436624977,-85,-85,-85,14.513447644213304,1350,700,141.40516349132028,6.869647112085612,circular
142,1100,700,94.14269436624977,-85,-85,18.47430475951294,20.97742610025734,1350,700,148.27481060340588,6.869647112085612,circular
143,1100,700,94.14269436624977,-85,-85,22.170735458799452,23.31969953712386,1350,700,155.14445771549148,6.869647112085612,circular
144,1100,700,94.14269436624977,-85,-85,23.971022246457757,24.495315191602927,1350,700,162.01410482757709,6.869647112085612,circular
145,1100,700,94.14269436624977,-85,-85,25.042923900792417,25.36180729449956,1350,700,168.8837519396627,6.869647112085612,circular
146,1100,700,94.14269436624977,-85,-85,25.684904084789974,25.859665714847075,1350,700,175.7533990517483,6.869647112085612,circular
147,1100,700,94.14269436624977,-85,-85,26.011117049096303,26.067010357935978,1350,700,182.6230461638339,6.869647112085612,circular
148,1100,700,94.14269436624977,-85,-85,26.074956048612798,26.035130213615616,1350,700,189.4926932759195,6.869647112085612,circular
149,1100,700,94.14269436624977,-85,-85,25.946643644493044,25.7492610641292,1350,700,196.3623403880051,6.869647112085612,circular
150,1100,700,94.14269436624977,-85,-85,25.536951728381826,25.157178905256924,1350,700,203.2319875000907,6.869647112085612,circular
151,1100,700,94.14269436624977,-85,-85,24.788337040832293,24.1582774269213,1350,700,210.1016346121763,6.869647112085612,circular
152,1100,700,94.14269436624977,-85,-85,23.553218972269416,22.793695368992225,1350,700,216.9712817242619,6.869647112085612,circular
153,1100,700,94.14269436624977,-85,-85,21.418119305852123,19.914354227256315,1350,700,223.8409288363475,6.869647112085612,circular
154,1100,700,94.14269436624977,-85,-85,16.269948115724716,-85,1350,700,230.7105759484331,6.869647112085612,circular
155,1100,700,94.14269436624977,-85,-85,-85,-85,1350,700,237.5802230605187,6.869647112085612,circular
156,1100,700,94.14269436624977,-85,-85,-85,-85,1350,700,244.4498701726043,6.869647112085612,circular
157,1100,700,94.14269436624977,-85,-85,-85,-85,1350,700,251.3195172846899,6.869647112085612,circular
158,1100,700,94.14269436624977,-85,-85,-85,-85,1350,700,258.18916439677554,6.869647112085612,circular
159,1100,700,94.14269436624977,-85,-85,-85,-85,1350,700,265.05881150886114,6.869647112085612,circular
160,1100,700,94.14269436624977,-85,-85,-85,-85,1350,700,271.92845862094674,6.869647112085612,circular
161,1100,700,94.14269436624977,-85,-85,-85,-85,1350,700,278.79810573303234,6.869647112085612,circular
162,1100,700,94.14269436624977,-85,-85,-85,-85,1350,700,285.66775284511795,6.869647112085612,circular
163,1100,700,94.14269436624977,-85,-85,-85,-85,1350,700,292.53739995720355,6.869647112085612,circular
164,1100,700,94.14269436624977,-85,-85,-85,-85,1350,700,299.40704706928915,6.869647112085612,circular
165,1100,700,94.14269436624977,-85,-85,-85,-85,1350,700,306.27669418137475,6.869647112085612,circular
166,1100,700,94.14269436624977,-85,-85,-85,-85,1350,700,313.14634129346035,6.869647112085612,circular
167,1100,700,94.14269436624977,-85,-85,-85,-85,1350,700,320.01598840554595,6.869647112085612,circular
168,1100,700,94.14269436624977,-85,-85,-85,-85,1350,700,326.88563551763156,6.869647112085612,circular
169,1100,700,94.14269436624977,-85,-85,-85,-85,1350,700,333.75528262971716,6.869647112085612,circular
170,1100,700,94.14269436624977,-85,-85,-85,-85,1350,700,340.62492974180276,6.869647112085612,circular
171,1100,700,94.14269436624977,-85,-85,-85,-85,1350,700,347.49457685388836,6.869647112085612,circular
172,1100,700,94.14269436624977,-85,-85,-85,-85,1350,700,354.36422396597396,6.869647112085612,circular
173,1100,700,94.14269436624977,-85,-85,-85,-85,1350,700,1.2338710780595648,6.869647112085612,circular
174,1100,700,94.14269436624977,-85,-85,-85,-85,1350,700,8.103518190145177,6.869647112085612,circular
175,1100,700,94.14269436624977,-85,-85,-85,-85,1350,700,14.97316530223079,6.869647112085612,circular
176,1100,700,94.14269436624977,-85,-85,-85,-85,1350,700,21.842812414316402,6.869647112085612,circular
177,1100,700,94.14269436624977,-85,-85,-85,-85,1350,700,28.712459526402014,6.869647112085612,circular
178,1100,700,94.14269436624977,-85,-85,-85,-85,1350,700,35.58210663848763,6.869647112085612,circular
179,1100,700,94.14269436624977,-85,-85,-85,-85,1350,700,42.451753750573246,6.869647112085612,circular
180,1100,700,94.14269436624977,-85,-85,-85,-85,1350,700,49.32140086265886,6.869647112085612,circular
181,1100,700,94.14269436624977,-85,-85,-85,-85,1350,700,56.19104797474448,6.869647112085612,circular
182,1100,700,94.14269436624977,-85,-85,-85,-85,1350,700,63.060695086830094,6.869647112085612,circular
183,1100,700,94.14269436624977,-85,-85,-85,-85,1350,700,69.93034219891571,6.869647112085612,circular
184,1100,700,94.14269436624977,-85,-85,-85,-85,1350,700,76.79998931100133,6.869647112085612,circular
185,1100,700,94.14269436624977,-85,-85,-85,-85,1350,700,83.66963642308694,6.869647112085612,circular
186,1100,700,94.14269436624977,-85,-85,-85,-85,1350,700,90.53928353517256,6.869647112085612,circular
187,1100,700,94.14269436624977,-85,-85,-85,-85,1350,700,97.40893064725817,6.869647112085612,circular
188,1100,700,94.14269436624977,-85,-85,-85,-85,1350,700,104.27857775934379,6.869647112085612,circular
189,1100,700,94.14269436624977,-85,-85,-85,-85,1350,700,111.1482248714294,6.869647112085612,circular
190,1100,700,94.14269436624977,-85,-85,-85,-85,1350,700,118.01787198351502,6.869647112085612,circular
191,1100,700,94.14269436624977,-85,-85,-85,-85,1350,700,124.88751909560064,6.869647112085612,circular
192,1100,700,94.14269436624977,-85,-85,-85,-85,1350,700,131.75716620768625,6.869647112085612,circular
193,1100,700,94.14269436624977,-85,-85,-85,-85,1350,700,138.62681331977186,6.869647112085612,circular
194,1100,700,94.14269436624977,-85,-85,16.269948115724727,19.25639156218217,1350,700,145.49646043185746,6.869647112085612,circular
195,1100,700,94.14269436624977,-85,-85,20.97742610025734,22.496022074683278,1350,700,152.36610754394306,6.869647112085612,circular
196,1100,700,94.14269436624977,-85,-85,23.31969953712386,24.1582774269213,1350,700,159.23575465602866,6.869647112085612,circular
197,1100,700,94.14269436624977,-85,-85,24.646943359767004,25.157178905256924,1350,700,166.10540176811426,6.869647112085612,circular
198,1100,700,94.14269436624977,-85,-85,25.452908776355446,25.684904084789974,1350,700,172.97504888019986,6.869647112085612,circular
199,1100,700,94.14269436624977,-85,-85,25.906018829630398,26.011117049096303,1350,700,179.84469599228547,6.869647112085612,circular
200,1100,700,94.14269436624977,-85,-85,26.074956048612798,26.074956048612798,1350,700,186.71434310437107,6.869647112085612,circular
201,1100,700,94.14269436624977,-85,-85,26.011117049096303,25.906018829630398,1350,700,193.58399021645667,6.869647112085612,circular
202,1100,700,94.14269436624977,-85,-85,25.684904084789977,25.452908776355446,1350,700,200.45363732854227,6.869647112085612,circular
203,1100,700,94.14269436624977,-85,-85,25.157178905256924,24.646943359767004,1350,700,207.32328444062787,6.869647112085612,circular
204,1100,700,94.14269436624977,-85,-85,24.1582774269213,23.319699537123853,1350,700,214.19293155271347,6.869647112085612,circular
205,1100,700,94.14269436624977,-85,-85,22.496022074683278,21.418119305852123,1350,700,221.06257866479908,6.869647112085612,circular
206,1100,700,94.14269436624977,-85,-85,19.25639156218219,16.269948115724716,1350,700,227.93222577688468,6.869647112085612,circular
207,1100,700,94.14269436624977,-85,-85,-85,-85,1350,700,234.80187288897028,6.869647112085612,circular
208,1100,700,94.14269436624977,-85,-85,-85,-85,1350,700,241.67152000105588,6.869647112085612,circular
209,1100,700,94.14269436624977,-85,-85,-85,-85,1350,700,248.54116711314148,6.869647112085612,circular
210,1100,700,94.14269436624977,-85,-85,-85,-85,1350,700,255.41081422522709,6.869647112085612,circular
211,1100,700,94.14269436624977,-85,-85,-85,-85,1350,700,262.2804613373127,6.869647112085612,circular
212,1100,700,94.14269436624977,-85,-85,-85,-85,1350,700,269.1501084493983,6.869647112085612,circular
213,1100,700,94.14269436624977,-85,-85,-85,-85,1350,700,276.0197555614839,6.869647112085612,circular
214,1100,700,94.14269436624977,-85,-85,-85,-85,1350,700,282.8894026735695,6.869647112085612,circular
215,1100,700,94.14269436624977,-85,-85,-85,-85,1350,700,289.7590497856551,6.869647112085612,circular
216,1100,700,94.14269436624977,-85,-85,-85,-85,1350,700,296.6286968977407,6.869647112085612,circular
217,1100,700,94.14269436624977,-85,-85,-85,-85,1350,700,303.4983440098263,6.869647112085612,circular
218,1100,700,94.14269436624977,-85,-85,-85,-85,1350,700,310.3679911219119,6.869647112085612,circular
219,1100,700,94.14269436624977,-85,-85,-85,-85,1350,700,317.23763823399753,6.869647112085612,circular
220,1100,700,94.14269436624977,-85,-85,-85,-85,1350,700,324.10728534608313,6.869647112085612,circular
221,1100,700,94.14269436624977,-85,-85,-85,-85,1350,700,330.97693245816873,6.869647112085612,circular
222,1100,700,94.14269436624977,-85,-85,-85,-85,1350,700,337.84657957025433,6.869647112085612,circular
223,1100,700,94.14269436624977,-85,-85,-85,-85,1350,700,344.71622668233994,6.869647112085612,circular
224,1100,700,94.14269436624977,-85,-85,-85,-85,1350,700,351.58587379442554,6.869647112085612,circular
225,1100,700,94.14269436624977,-85,-85,-85,-85,1350,700,358.45552090651114,6.869647112085612,circular
226,1100,700,94.14269436624977,-85,-85,-85,-85,1350,700,5.325168018596742,6.869647112085612,circular
227,1100,700,94.14269436624977,-85,-85,-85,-85,1350,700,12.194815130682354,6.869647112085612,circular
228,1100,700,94.14269436624977,-85,-85,-85,-85,1350,700,19.064462242767966,6.869647112085612,circular
229,1100,700,94.14269436624977,-85,-85,-85,-85,1350,700,25.93410935485358,6.869647112085612,circular
230,1100,700,94.14269436624977,-85,-85,-85,-85,1350,700,32.80375646693919,6.869647112085612,circular
231,1100,700,94.14269436624977,-85,-85,-85,-85,1350,700,39.67340357902481,6.869647112085612,circular
232,1100,700,94.14269436624977,-85,-85,-85,-85,1350,700,46.54305069111042,6.869647112085612,circular
233,1100,700,94.14269436624977,-85,-85,-85,-85,1350,700,53.41269780319604,6.869647112085612,circular
234,1100,700,94.14269436624977,-85,-85,-85,-85,1350,700,60.282344915281655,6.869647112085612,circular
235,1100,700,94.14269436624977,-85,-85,-85,-85,1350,700,67.15199202736727,6.869647112085612,circular
236,1100,700,94.14269436624977,-85,-85,-85,-85,1350,700,74.02163913945289,6.869647112085612,circular
237,1100,700,94.14269436624977,-85,-85,-85,-85,1350,700,80.8912862515385,6.869647112085612,circular
238,1100,700,94.14269436624977,-85,-85,-85,-85,1350,700,87.76093336362412,6.869647112085612,circular
239,1100,700,94.14269436624977,-85,-85,-85,-85,1350,700,94.63058047570973,6.869647112085612,circular
240,1100,700,94.14269436624977,-85,-85,-85,-85,1350,700,101.50022758779535,6.869647112085612,circular
241,1100,700,94.14269436624977,-85,-85,-85,-85,1350,700,108.36987469988097,6.869647112085612,circular
242,1100,700,94.14269436624977,-85,-85,-85,-85,1350,700,115.23952181196658,6.869647112085612,circular
243,1100,700,94.14269436624977,-85,-85,-85,-85,1350,700,122.1091689240522,6.869647112085612,circular
244,1100,700,94.14269436624977,-85,-85,-85,-85,1350,700,128.9788160361378,6.869647112085612,circular
245,1100,700,94.14269436624977,-85,-85,-85,-85,1350,700,135.8484631482234,6.869647112085612,circular
246,1100,700,94.14269436624977,-85,-85,-85,16.269948115724727,1350,700,142.718110260309,6.869647112085612,circular
247,1100,700,94.14269436624977,-85,-85,19.91435422725632,21.41811930585211,1350,700,149.5877573723946,6.869647112085612,circular
248,1100,700,94.14269436624977,-85,-85,22.793695368992218,23.553218972269416,1350,700,156.4574044844802,6.869647112085612,circular
249,1100,700,94.14269436624977,-85,-85,24.1582774269213,24.78833704083229,1350,700,163.3270515965658,6.869647112085612,circular
250,1100,700,94.14269436624977,-85,-85,25.157178905256924,25.536951728381826,1350,700,170.1966987086514,6.869647112085612,circular
251,1100,700,94.14269436624977,-85,-85,25.7492610641292,25.906018829630398,1350,700,177.066345820737,6.869647112085612,circular
252,1100,700,94.14269436624977,-85,-85,26.035130213615616,26.074956048612798,1350,700,183.93599293282261,6.869647112085612,circular
253,1100,700,94.14269436624977,-85,-85,26.067010357935978,26.011117049096303,1350,700,190.80564004490822,6.869647112085612,circular
254,1100,700,94.14269436624977,-85,-85,25.859665714847075,25.684904084789977,1350,700,197.67528715699382,6.869647112085612,circular
255,1100,700,94.14269436624977,-85,-85,25.361807294499556,25.042923900792417,1350,700,204.54493426907942,6.869647112085612,circular
256,1100,700,94.14269436624977,-85,-85,24.646943359767004,23.97102224645776,1350,700,211.41458138116502,6.869647112085612,circular
257,1100,700,94.14269436624977,-85,-85,23.319699537123853,22.170735458799452,1350,700,218.28422849325062,6.869647112085612,circular
258,1100,700,94.14269436624977,-85,-85,20.97742610025735,18.474304759512954,1350,700,225.15387560533622,6.869647112085612,circular
259,1100,700,94.14269436624977,-85,-85,14.513447644213265,-85,1350,700,232.02352271742183,6.869647112085612,circular
260,1100,700,94.14269436624977,-85,-85,-85,-85,1350,700,238.89316982950743,6.869647112085612,circular
261,1100,700,94.14269436624977,-85,-85,-85,-85,1350,700,245.76281694159303,6.869647112085612,circular
262,1100,700,94.14269436624977,-85,-85,-85,-85,1350,700,252.63246405367863,6.869647112085612,circular
263,1100,700,94.14269436624977,-85,-85,-85,-85,1350,700,259.50211116576423,6.869647112085612,circular
264,1100,700,94.14269436624977,-85,-85,-85,-85,1350,700,266.37175827784984,6.869647112085612,circular
265,1100,700,94.14269436624977,-85,-85,-85,-85,1350,700,273.24140538993544,6.869647112085612,circular
266,1100,700,94.14269436624977,-85,-85,-85,-85,1350,700,280.11105250202104,6.869647112085612,circular
267,1100,700,94.14269436624977,-85,-85,-85,-85,1350,700,286.98069961410664,6.869647112085612,circular
268,1100,700,94.14269436624977,-85,-85,-85,-85,1350,700,293.85034672619224,6.869647112085612,circular
269,1100,700,94.14269436624977,-85,-85,-85,-85,1350,700,300.71999383827784,6.869647112085612,circular
270,1100,700,94.14269436624977,-85,-85,-85,-85,1350,700,307.58964095036345,6.869647112085612,circular
271,1100,700,94.14269436624977,-85,-85,-85,-85,1350,700,314.45928806244905,6.869647112085612,circular
272,1100,700,94.14269436624977,-85,-85,-85,-85,1350,700,321.32893517453465,6.869647112085612,circular
273,1100,700,94.14269436624977,-85,-85,-85,-85,1350,700,328.19858228662025,6.869647112085612,circular
274,1100,700,94.14269436624977,-85,-85,-85,-85,1350,700,335.06822939870585,6.869647112085612,circular
275,1100,700,94.14269436624977,-85,-85,-85,-85,1350,700,341.93787651079145,6.869647112085612,circular
276,1100,700,94.14269436624977,-85,-85,-85,-85,1350,700,348.80752362287706,6.869647112085612,circular
277,1100,700,94.14269436624977,-85,-85,-85,-85,1350,700,355.67717073496266,6.869647112085612,circular
278,1100,700,94.14269436624977,-85,-85,-85,-85,1350,700,2.54681784704826,6.869647112085612,circular
279,1100,700,94.14269436624977,-85,-85,-85,-85,1350,700,9.416464959133872,6.869647112085612,circular
280,1100,700,94.14269436624977,-85,-85,-85,-85,1350,700,16.286112071219485,6.869647112085612,circular
281,1100,700,94.14269436624977,-85,-85,-85,-85,1350,700,23.155759183305097,6.869647112085612,circular
282,1100,700,94.14269436624977,-85,-85,-85,-85,1350,700,30.02540629539071,6.869647112085612,circular
283,1100,700,94.14269436624977,-85,-85,-85,-85,1350,700,36.895053407476325,6.869647112085612,circular
284,1100,700,94.14269436624977,-85,-85,-85,-85,1350,700,43.76470051956194,6.869647112085612,circular
285,1100,700,94.14269436624977,-85,-85,-85,-85,1350,700,50.63434763164756,6.869647112085612,circular
286,1100,700,94.14269436624977,-85,-85,-85,-85,1350,700,57.50399474373317,6.869647112085612,circular
287,1100,700,94.14269436624977,-85,-85,-85,-85,1350,700,64.37364185581879,6.869647112085612,circular
288,1100,700,94.14269436624977,-85,-85,-85,-85,1350,700,71.2432889679044,6.869647112085612,circular
289,1100,700,94.14269436624977,-85,-85,-85,-85,1350,700,78.11293607999002,6.869647112085612,circular
290,1100,700,94.14269436624977,-85,-85,-85,-85,1350,700,84.98258319207564,6.869647112085612,circular
291,1100,700,94.14269436624977,-85,-85,-85,-85,1350,700,91.85223030416125,6.869647112085612,circular
292,1100,700,94.14269436624977,-85,-85,-85,-85,1350,700,98.72187741624687,6.869647112085612,circular
293,1100,700,94.14269436624977,-85,-85,-85,-85,1350,700,105.59152452833249,6.869647112085612,circular
294,1100,700,94.14269436624977,-85,-85,-85,-85,1350,700,112.4611716404181,6.869647112085612,circular
295,1100,700,94.14269436624977,-85,-85,-85,-85,1350,700,119.33081875250372,6.869647112085612,circular
296,1100,700,94.14269436624977,-85,-85,-85,-85,1350,700,126.20046586458933,6.869647112085612,circular
297,1100,700,94.14269436624977,-85,-85,-85,-85,1350,700,133.07011297667495,6.869647112085612,circular
298,1100,700,94.14269436624977,-85,-85,-85,-85,1350,700,139.93976008876055,6.869647112085612,circular
299,1100,700,94.14269436624977,-85,-85,17.513155499392102,19.91435422725632,1350,700,146.80940720084615,6.869647112085612,circular
300,1100,700,94.14269436624977,-85,-85,21.813356630230874,22.793695368992218,1350,700,153.67905431293175,6.869647112085612,circular
301,1100,700,94.14269436624977,-85,-85,23.769789312347285,24.33271141113945,1350,700,160.54870142501736,6.869647112085612,circular
302,1100,700,94.14269436624977,-85,-85,24.92014212493214,25.26334459461691,1350,700,167.41834853710296,6.869647112085612,circular
303,1100,700,94.14269436624977,-85,-85,25.536951728381826,25.80746062382631,1350,700,174.28799564918856,6.869647112085612,circular
304,1100,700,94.14269436624977,-85,-85,25.946643644493044,26.053745949214605,1350,700,181.15764276127416,6.869647112085612,circular
305,1100,700,94.14269436624977,-85,-85,26.077602459396946,26.067010357935978,1350,700,188.02728987335976,6.869647112085612,circular
306,1100,700,94.14269436624977,-85,-85,25.9816463993744,25.859665714847075,1350,700,194.89693698544536,6.869647112085612,circular
307,1100,700,94.14269436624977,-85,-85,25.614204328866276,25.361807294499556,1350,700,201.76658409753097,6.869647112085612,circular
308,1100,700,94.14269436624977,-85,-85,24.92014212493214,24.495315191602927,1350,700,208.63623120961657,6.869647112085612,circular
309,1100,700,94.14269436624977,-85,-85,23.769789312347285,23.067302502757133,1350,700,215.50587832170217,6.869647112085612,circular
310,1100,700,94.14269436624977,-85,-85,22.170735458799452,20.48098321025059,1350,700,222.37552543378777,6.869647112085612,circular
311,1100,700,94.14269436624977,-85,-85,18.474304759512954,11.50579409835762,1350,700,229.24517254587337,6.869647112085612,circular
312,1100,700,94.14269436624977,-85,-85,-85,-85,1350,700,236.11481965795898,6.869647112085612,circular
313,1100,700,94.14269436624977,-85,-85,-85,-85,1350,700,242.98446677004458,6.869647112085612,circular
314,1100,700,94.14269436624977,-85,-85,-85,-85,1350,700,249.85411388213018,6.869647112085612,circular
315,1100,700,94.14269436624977,-85,-85,-85,-85,1350,700,256.7237609942158,6.869647112085612,circular
316,1100,700,94.14269436624977,-85,-85,-85,-85,1350,700,263.5934081063014,6.869647112085612,circular
317,1100,700,94.14269436624977,-85,-85,-85,-85,1350,700,270.463055218387,6.869647112085612,circular
318,1100,700,94.14269436624977,-85,-85,-85,-85,1350,700,277.3327023304726,6.869647112085612,circular
319,1100,700,94.14269436624977,-85,-85,-85,-85,1350,700,284.2023494425582,6.869647112085612,circular
320,1100,700,94.14269436624977,-85,-85,-85,-85,1350,700,291.0719965546438,6.869647112085612,circular
321,1100,700,94.14269436624977,-85,-85,-85,-85,1350,700,297.9416436667294,6.869647112085612,circular
322,1100,700,94.14269436624977,-85,-85,-85,-85,1350,700,304.811290778815,6.869647112085612,circular
323,1100,700,94.14269436624977,-85,-85,-85,-85,1350,700,311.6809378909006,6.869647112085612,circular
324,1100,700,94.14269436624977,-85,-85,-85,-85,1350,700,318.5505850029862,6.869647112085612,circular
325,1100,700,94.14269436624977,-85,-85,-85,-85,1350,700,325.4202321150718,6.869647112085612,circular
326,1100,700,94.14269436624977,-85,-85,-85,-85,1350,700,332.2898792271574,6.869647112085612,circular
327,1100,700,94.14269436624977,-85,-85,-85,-85,1350,700,339.15952633924303,6.869647112085612,circular
328,1100,700,94.14269436624977,-85,-85,-85,-85,1350,700,346.02917345132863,6.869647112085612,circular
329,1100,700,94.14269436624977,-85,-85,-85,-85,1350,700,352.89882056341423,6.869647112085612,circular
330,1100,700,94.14269436624977,-85,-85,-85,-85,1350,700,359.76846767549983,6.869647112085612,circular
331,1100,700,94.14269436624977,-85,-85,-85,-85,1350,700,6.638114787585437,6.869647112085612,circular
332,1100,700,94.14269436624977,-85,-85,-85,-85,1350,700,13.50776189967105,6.869647112085612,circular
333,1100,700,94.14269436624977,-85,-85,-85,-85,1350,700,20.37740901175666,6.869647112085612,circular
334,1100,700,94.14269436624977,-85,-85,-85,-85,1350,700,27.247056123842274,6.869647112085612,circular
335,1100,700,94.14269436624977,-85,-85,-85,-85,1350,700,34.116703235927886,6.869647112085612,circular
336,1100,700,94.14269436624977,-85,-85,-85,-85,1350,700,40.9863503480135,6.869647112085612,circular
337,1100,700,94.14269436624977,-85,-85,-85,-85,1350,700,47.85599746009912,6.869647112085612,circular
338,1100,700,94.14269436624977,-85,-85,-85,-85,1350,700,54.725644572184734,6.869647112085612,circular
339,1100,700,94.14269436624977,-85,-85,-85,-85,1350,700,61.59529168427035,6.869647112085612,circular
340,1100,700,94.14269436624977,-85,-85,-85,-85,1350,700,68.46493879635597,6.869647112085612,circular
341,1100,700,94.14269436624977,-85,-85,-85,-85,1350,700,75.33458590844158,6.869647112085612,circular
342,1100,700,94.14269436624977,-85,-85,-85,-85,1350,700,82.2042330205272,6.869647112085612,circular
343,1100,700,94.14269436624977,-85,-85,-85,-85,1350,700,89.07388013261281,6.869647112085612,circular
344,1100,700,94.14269436624977,-85,-85,-85,-85,1350,700,95.94352724469843,6.869647112085612,circular
345,1100,700,94.14269436624977,-85,-85,-85,-85,1350,700,102.81317435678405,6.869647112085612,circular
346,1100,700,94.14269436624977,-85,-85,-85,-85,1350,700,109.68282146886966,6.869647112085612,circular
347,1100,700,94.14269436624977,-85,-85,-85,-85,1350,700,116.55246858095528,6.869647112085612,circular
348,1100,700,94.14269436624977,-85,-85,-85,-85,1350,700,123.4221156930409,6.869647112085612,circular
349,1100,700,94.14269436624977,-85,-85,-85,-85,1350,700,130.2917628051265,6.869647112085612,circular
350,1100,700,94.14269436624977,-85,-85,-85,-85,1350,700,137.1614099172121,6.869647112085612,circular
351,1100,700,94.14269436624977,-85,-85,11.505794098357505,17.513155499392102,1350,700,144.0310570292977,6.869647112085612,circular
352,1100,700,94.14269436624977,-85,-85,20.48098321025059,21.813356630230874,1350,700,150.9007041413833,6.869647112085612,circular
353,1100,700,94.14269436624977,-85,-85,23.06730250275713,23.769789312347285,1350,700,157.7703512534689,6.869647112085612,circular
354,1100,700,94.14269436624977,-85,-85,24.495315191602927,24.92014212493214,1350,700,164.6399983655545,6.869647112085612,circular
355,1100,700,94.14269436624977,-85,-85,25.36180729449956,25.614204328866276,1350,700,171.5096454776401,6.869647112085612,circular
356,1100,700,94.14269436624977,-85,-85,25.80746062382631,25.9816463993744,1350,700,178.3792925897257,6.869647112085612,circular
357,1100,700,94.14269436624977,-85,-85,26.053745949214605,26.077602459396946,1350,700,185.2489397018113,6.869647112085612,circular
358,1100,700,94.14269436624977,-85,-85,26.053745949214605,25.946643644493044,1350,700,192.1185868138969,6.869647112085612,circular
359,1100,700,94.14269436624977,-85,-85,25.807460623826316,25.614204328866276,1350,700,198.9882339259825,6.869647112085612,circular
360,1100,700,94.14269436624977,-85,-85,25.263344594616918,24.92014212493214,1350,700,205.85788103806811,6.869647112085612,circular
361,1100,700,94.14269436624977,-85,-85,24.332711411139446,23.769789312347285,1350,700,212.72752815015372,6.869647112085612,circular
362,1100,700,94.14269436624977,-85,-85,22.793695368992225,21.81335663023087,1350,700,219.59717526223932,6.869647112085612,circular
363,1100,700,94.14269436624977,-85,-85,19.914354227256315,17.51315549939211,1350,700,226.46682237432492,6.869647112085612,circular
364,1100,700,94.14269436624977,-85,-85,11.50579409835762,-85,1350,700,233.33646948641052,6.869647112085612,circular
365,1100,700,94.14269436624977,-85,-85,-85,-85,1350,700,240.20611659849612,6.869647112085612,circular
366,1100,700,94.14269436624977,-85,-85,-85,-85,1350,700,247.07576371058173,6.869647112085612,circular
367,1100,700,94.14269436624977,-85,-85,-85,-85,1350,700,253.94541082266733,6.869647112085612,circular
368,1100,700,94.14269436624977,-85,-85,-85,-85,1350,700,260.81505793475293,6.869647112085612,circular
369,1100,700,94.14269436624977,-85,-85,-85,-85,1350,700,267.68470504683853,6.869647112085612,circular
370,1100,700,94.14269436624977,-85,-85,-85,-85,1350,700,274.55435215892413,6.869647112085612,circular
371,1100,700,94.14269436624977,-85,-85,-85,-85,1350,700,281.42399927100973,6.869647112085612,circular
372,1100,700,94.14269436624977,-85,-85,-85,-85,1350,700,288.29364638309534,6.869647112085612,circular
373,1100,700,94.14269436624977,-85,-85,-85,-85,1350,700,295.16329349518094,6.869647112085612,circular
374,1100,700,94.14269436624977,-85,-85,-85,-85,1350,700,302.03294060726654,6.869647112085612,circular
375,1100,700,94.14269436624977,-85,-85,-85,-85,1350,700,308.90258771935214,6.869647112085612,circular
376,1100,700,94.14269436624977,-85,-85,-85,-85,1350,700,315.77223483143774,6.869647112085612,circular
377,1100,700,94.14269436624977,-85,-85,-85,-85,1350,700,322.64188194352334,6.869647112085612,circular
378,1100,700,94.14269436624977,-85,-85,-85,-85,1350,700,329.51152905560895,6.869647112085612,circular
379,1100,700,94.14269436624977,-85,-85,-85,-85,1350,700,336.38117616769455,6.869647112085612,circular
380,1100,700,94.14269436624977,-85,-85,-85,-85,1350,700,343.25082327978015,6.869647112085612,circular
381,1100,700,94.14269436624977,-85,-85,-85,-85,1350,700,350.12047039186575,6.869647112085612,circular
382,1100,700,94.14269436624977,-85,-85,-85,-85,1350,700,356.99011750395135,6.869647112085612,circular
383,1100,700,94.14269436624977,-85,-85,-85,-85,1350,700,3.859764616036955,6.869647112085612,circular
384,1100,700,94.14269436624977,-85,-85,-85,-85,1350,700,10.729411728122567,6.869647112085612,circular
385,1100,700,94.14269436624977,-85,-85,-85,-85,1350,700,17.59905884020818,6.869647112085612,circular
386,1100,700,94.14269436624977,-85,-85,-85,-85,1350,700,24.468705952293792,6.869647112085612,circular
387,1100,700,94.14269436624977,-85,-85,-85,-85,1350,700,31.338353064379405,6.869647112085612,circular
388,1100,700,94.14269436624977,-85,-85,-85,-85,1350,700,38.20800017646502,6.869647112085612,circular
389,1100,700,94.14269436624977,-85,-85,-85,-85,1350,700,45.07764728855064,6.869647112085612,circular
390,1100,700,94.14269436624977,-85,-85,-85,-85,1350,700,51.94729440063625,6.869647112085612,circular
391,1100,700,94.14269436624977,-85,-85,-85,-85,1350,700,58.81694151272187,6.869647112085612,circular
392,1100,700,94.14269436624977,-85,-85,-85,-85,1350,700,65.68658862480748,6.869647112085612,circular
393,1100,700,94.14269436624977,-85,-85,-85,-85,1350,700,72.5562357368931,6.869647112085612,circular
394,1100,700,94.14269436624977,-85,-85,-85,-85,1350,700,79.42588284897872,6.869647112085612,circular
395,1100,700,94.14269436624977,-85,-85,-85,-85,1350,700,86.29552996106433,6.869647112085612,circular
396,1100,700,94.14269436624977,-85,-85,-85,-85,1350,700,93.16517707314995,6.869647112085612,circular
397,1100,700,94.14269436624977,-85,-85,-85,-85,1350,700,100.03482418523556,6.869647112085612,circular
398,1100,700,94.14269436624977,-85,-85,-85,-85,1350,700,106.90447129732118,6.869647112085612,circular
399,1100,700,94.14269436624977,-85,-85,-85,-85,1350,700,113.7741184094068,6.869647112085612,circular
400,1100,700,94.14269436624977,-85,-85,-85,-85,1350,700,120.64376552149241,6.869647112085612,circular
401,1100,700,94.14269436624977,-85,-85,-85,-85,1350,700,127.51341263357803,6.869647112085612,circular
402,1100,700,94.14269436624977,-85,-85,-85,-85,1350,700,134.38305974566364,6.869647112085612,circular
403,1100,700,94.14269436624977,-85,-85,-85,14.513447644213304,1350,700,141.25270685774925,6.869647112085612,circular
404,1100,700,94.14269436624977,-85,-85,18.47430475951294,20.97742610025734,1350,700,148.12235396983485,6.869647112085612,circular
405,1100,700,94.14269436624977,-85,-85,22.170735458799452,23.06730250275713,1350,700,154.99200108192045,6.869647112085612,circular
406,1100,700,94.14269436624977,-85,-85,23.971022246457757,24.495315191602927,1350,700,161.86164819400605,6.869647112085612,circular
407,1100,700,94.14269436624977,-85,-85,25.042923900792417,25.36180729449956,1350,700,168.73129530609165,6.869647112085612,circular
408,1100,700,94.14269436624977,-85,-85,25.684904084789974,25.859665714847075,1350,700,175.60094241817725,6.869647112085612,circular
409,1100,700,94.14269436624977,-85,-85,26.011117049096303,26.067010357935978,1350,700,182.47058953026286,6.869647112085612,circular
410,1100,700,94.14269436624977,-85,-85,26.077602459396946,26.035130213615616,1350,700,189.34023664234846,6.869647112085612,circular
411,1100,700,94.14269436624977,-85,-85,25.946643644493044,25.7492610641292,1350,700,196.20988375443406,6.869647112085612,circular
412,1100,700,94.14269436624977,-85,-85,25.536951728381826,25.263344594616918,1350,700,203.07953086651966,6.869647112085612,circular
413,1100,700,94.14269436624977,-85,-85,24.788337040832293,24.332711411139446,1350,700,209.94917797860526,6.869647112085612,circular
414,1100,700,94.14269436624977,-85,-85,23.553218972269416,22.793695368992225,1350,700,216.81882509069086,6.869647112085612,circular
415,1100,700,94.14269436624977,-85,-85,21.418119305852123,19.914354227256315,1350,700,223.68847220277647,6.869647112085612,circular
416,1100,700,94.14269436624977,-85,-85,16.269948115724716,-85,1350,700,230.55811931486207,6.869647112085612,circular
417,1100,700,94.14269436624977,-85,-85,-85,-85,1350,700,237.42776642694767,6.869647112085612,circular
418,1100,700,94.14269436624977,-85,-85,-85,-85,1350,700,244.29741353903327,6.869647112085612,circular
419,1100,700,94.14269436624977,-85,-85,-85,-85,1350,700,251.16706065111887,6.869647112085612,circular
420,1100,700,94.14269436624977,-85,-85,-85,-85,1350,700,258.0367077632045,6.869647112085612,circular
421,1100,700,94.14269436624977,-85,-85,-85,-85,1350,700,264.9063548752901,6.869647112085612,circular
422,1100,700,94.14269436624977,-85,-85,-85,-85,1350,700,271.7760019873757,6.869647112085612,circular
423,1100,700,94.14269436624977,-85,-85,-85,-85,1350,700,278.6456490994613,6.869647112085612,circular
424,1100,700,94.14269436624977,-85,-85,-85,-85,1350,700,285.5152962115469,6.869647112085612,circular
425,1100,700,94.14269436624977,-85,-85,-85,-85,1350,700,292.3849433236325,6.869647112085612,circular
426,1100,700,94.14269436624977,-85,-85,-85,-85,1350,700,299.2545904357181,6.869647112085612,circular
427,1100,700,94.14269436624977,-85,-85,-85,-85,1350,700,306.1242375478037,6.869647112085612,circular
428,1100,700,94.14269436624977,-85,-85,-85,-85,1350,700,312.9938846598893,6.869647112085612,circular
429,1100,700,94.14269436624977,-85,-85,-85,-85,1350,700,319.8635317719749,6.869647112085612,circular
430,1100,700,94.14269436624977,-85,-85,-85,-85,1350,700,326.7331788840605,6.869647112085612,circular
431,1100,700,94.14269436624977,-85,-85,-85,-85,1350,700,333.6028259961461,6.869647112085612,circular
432,1100,700,94.14269436624977,-85,-85,-85,-85,1350,700,340.4724731082317,6.869647112085612,circular
433,1100,700,94.14269436624977,-85,-85,-85,-85,1350,700,347.3421202203173,6.869647112085612,circular
434,1100,700,94.14269436624977,-85,-85,-85,-85,1350,700,354.2117673324029,6.869647112085612,circular
435,1100,700,94.14269436624977,-85,-85,-85,-85,1350,700,1.08141444448853,6.869647112085612,circular
436,1100,700,94.14269436624977,-85,-85,-85,-85,1350,700,7.9510615565741425,6.869647112085612,circular
437,1100,700,94.14269436624977,-85,-85,-85,-85,1350,700,14.820708668659755,6.869647112085612,circular
438,1100,700,94.14269436624977,-85,-85,-85,-85,1350,700,21.690355780745367,6.869647112085612,circular
439,1100,700,94.14269436624977,-85,-85,-85,-85,1350,700,28.56000289283098,6.869647112085612,circular
440,1100,700,94.14269436624977,-85,-85,-85,-85,1350,700,35.429650004916596,6.869647112085612,circular
441,1100,700,94.14269436624977,-85,-85,-85,-85,1350,700,42.29929711700221,6.869647112085612,circular
442,1100,700,94.14269436624977,-85,-85,-85,-85,1350,700,49.16894422908783,6.869647112085612,circular
443,1100,700,94.14269436624977,-85,-85,-85,-85,1350,700,56.03859134117344,6.869647112085612,circular
444,1100,700,94.14269436624977,-85,-85,-85,-85,1350,700,62.90823845325906,6.869647112085612,circular
445,1100,700,94.14269436624977,-85,-85,-85,-85,1350,700,69.77788556534468,6.869647112085612,circular
446,1100,700,94.14269436624977,-85,-85,-85,-85,1350,700,76.64753267743029,6.869647112085612,circular
447,1100,700,94.14269436624977,-85,-85,-85,-85,1350,700,83.51717978951591,6.869647112085612,circular
448,1100,700,94.14269436624977,-85,-85,-85,-85,1350,700,90.38682690160152,6.869647112085612,circular
449,1100,700,94.14269436624977,-85,-85,-85,-85,1350,700,97.25647401368714,6.869647112085612,circular
450,1100,700,94.14269436624977,-85,-85,-85,-85,1350,700,104.12612112577276,6.869647112085612,circular
451,1100,700,94.14269436624977,-85,-85,-85,-85,1350,700,110.99576823785837,6.869647112085612,circular
452,1100,700,94.14269436624977,-85,-85,-85,-85,1350,700,117.86541534994399,6.869647112085612,circular
453,1100,700,94.14269436624977,-85,-85,-85,-85,1350,700,124.7350624620296,6.869647112085612,circular
454,1100,700,94.14269436624977,-85,-85,-85,-85,1350,700,131.60470957411522,6.869647112085612,circular
455,1100,700,94.14269436624977,-85,-85,-85,-85,1350,700,138.47435668620082,6.869647112085612,circular
456,1100,700,94.14269436624977,-85,-85,14.513447644213304,19.25639156218217,1350,700,145.34400379828642,6.869647112085612,circular
457,1100,700,94.14269436624977,-85,-85,20.97742610025734,22.496022074683278,1350,700,152.21365091037202,6.869647112085612,circular
458,1100,700,94.14269436624977,-85,-85,23.31969953712386,23.971022246457757,1350,700,159.08329802245763,6.869647112085612,circular
459,1100,700,94.14269436624977,-85,-85,24.646943359767004,25.042923900792417,1350,700,165.95294513454323,6.869647112085612,circular
460,1100,700,94.14269436624977,-85,-85,25.452908776355446,25.684904084789974,1350,700,172.82259224662883,6.869647112085612,circular
461,1100,700,94.14269436624977,-85,-85,25.906018829630398,26.011117049096303,1350,700,179.69223935871443,6.869647112085612,circular
462,1100,700,94.14269436624977,-85,-85,26.074956048612798,26.074956048612798,1350,700,186.56188647080003,6.869647112085612,circular
463,1100,700,94.14269436624977,-85,-85,26.011117049096303,25.906018829630398,1350,700,193.43153358288563,6.869647112085612,circular
464,1100,700,94.14269436624977,-85,-85,25.7492610641292,25.452908776355446,1350,700,200.30118069497124,6.869647112085612,circular
465,1100,700,94.14269436624977,-85,-85,25.157178905256924,24.646943359767004,1350,700,207.17082780705684,6.869647112085612,circular
466,1100,700,94.14269436624977,-85,-85,24.1582774269213,23.553218972269416,1350,700,214.04047491914244,6.869647112085612,circular
467,1100,700,94.14269436624977,-85,-85,22.496022074683278,21.418119305852123,1350,700,220.91012203122804,6.869647112085612,circular
468,1100,700,94.14269436624977,-85,-85,19.25639156218219,16.269948115724716,1350,700,227.77976914331364,6.869647112085612,circular
469,1100,700,94.14269436624977,-85,-85,-85,-85,1350,700,234.64941625539925,6.869647112085612,circular
470,1100,700,94.14269436624977,-85,-85,-85,-85,1350,700,241.51906336748485,6.869647112085612,circular
471,1100,700,94.14269436624977,-85,-85,-85,-85,1350,700,248.38871047957045,6.869647112085612,circular
472,1100,700,94.14269436624977,-85,-85,-85,-85,1350,700,255.25835759165605,6.869647112085612,circular
473,1100,700,94.14269436624977,-85,-85,-85,-85,1350,700,262.1280047037417,6.869647112085612,circular
474,1100,700,94.14269436624977,-85,-85,-85,-85,1350,700,268.9976518158273,6.869647112085612,circular
475,1100,700,94.14269436624977,-85,-85,-85,-85,1350,700,275.8672989279129,6.869647112085612,circular
476,1100,700,94.14269436624977,-85,-85,-85,-85,1350,700,282.7369460399985,6.869647112085612,circular
477,1100,700,94.14269436624977,-85,-85,-85,-85,1350,700,289.6065931520841,6.869647112085612,circular
478,1100,700,94.14269436624977,-85,-85,-85,-85,1350,700,296.4762402641697,6.869647112085612,circular
479,1100,700,94.14269436624977,-85,-85,-85,-85,1350,700,303.3458873762553,6.869647112085612,circular
480,1100,700,94.14269436624977,-85,-85,-85,-85,1350,700,310.2155344883409,6.869647112085612,circular
481,1100,700,94.14269436624977,-85,-85,-85,-85,1350,700,317.0851816004265,6.869647112085612,circular
482,1100,700,94.14269436624977,-85,-85,-85,-85,1350,700,323.9548287125121,6.869647112085612,circular
483,1100,700,94.14269436624977,-85,-85,-85,-85,1350,700,330.8244758245977,6.869647112085612,circular
484,1100,700,94.14269436624977,-85,-85,-85,-85,1350,700,337.6941229366833,6.869647112085612,circular
485,1100,700,94.14269436624977,-85,-85,-85,-85,1350,700,344.5637700487689,6.869647112085612,circular
486,1100,700,94.14269436624977,-85,-85,-85,-85,1350,700,351.4334171608545,6.869647112085612,circular
487,1100,700,94.14269436624977,-85,-85,-85,-85,1350,700,358.3030642729401,6.869647112085612,circular
488,1100,700,94.14269436624977,-85,-85,-85,-85,1350,700,5.172711385025707,6.869647112085612,circular
489,1100,700,94.14269436624977,-85,-85,-85,-85,1350,700,12.04235849711132,6.869647112085612,circular
490,1100,700,94.14269436624977,-85,-85,-85,-85,1350,700,18.91200560919693,6.869647112085612,circular
491,1100,700,94.14269436624977,-85,-85,-85,-85,1350,700,25.781652721282544,6.869647112085612,circular
492,1100,700,94.14269436624977,-85,-85,-85,-85,1350,700,32.65129983336816,6.869647112085612,circular
493,1100,700,94.14269436624977,-85,-85,-85,-85,1350,700,39.52094694545377,6.869647112085612,circular
494,1100,700,94.14269436624977,-85,-85,-85,-85,1350,700,46.39059405753939,6.869647112085612,circular
495,1100,700,94.14269436624977,-85,-85,-85,-85,1350,700,53.260241169625004,6.869647112085612,circular
496,1100,700,94.14269436624977,-85,-85,-85,-85,1350,700,60.12988828171062,6.869647112085612,circular
497,1100,700,94.14269436624977,-85,-85,-85,-85,1350,700,66.99953539379624,6.869647112085612,circular
498,1100,700,94.14269436624977,-85,-85,-85,-85,1350,700,73.86918250588185,6.869647112085612,circular
499,1100,700,94.14269436624977,-85,-85,-85,-85,1350,700,80.73882961796747,6.869647112085612,circular
500,1100,700,94.14269436624977,-85,-85,-85,-85,1350,700,87.60847673005308,6.869647112085612,circular
501,1100,700,94.14269436624977,-85,-85,-85,-85,1350,700,94.4781238421387,6.869647112085612,circular
502,1100,700,94.14269436624977,-85,-85,-85,-85,1350,700,101.34777095422432,6.869647112085612,circular
503,1100,700,94.14269436624977,-85,-85,-85,-85,1350,700,108.21741806630993,6.869647112085612,circular
504,1100,700,94.14269436624977,-85,-85,-85,-85,1350,700,115.08706517839555,6.869647112085612,circular
505,1100,700,94.14269436624977,-85,-85,-85,-85,1350,700,121.95671229048116,6.869647112085612,circular
506,1100,700,94.14269436624977,-85,-85,-85,-85,1350,700,128.82635940256677,6.869647112085612,circular
507,1100,700,94.14269436624977,-85,-85,-85,-85,1350,700,135.69600651465237,6.869647112085612,circular
508,1100,700,94.14269436624977,-85,-85,-85,16.269948115724727,1350,700,142.56565362673797,6.869647112085612,circular
509,1100,700,94.14269436624977,-85,-85,19.91435422725632,21.41811930585211,1350,700,149.43530073882357,6.869647112085612,circular
510,1100,700,94.14269436624977,-85,-85,22.496022074683278,23.553218972269416,1350,700,156.30494785090917,6.869647112085612,circular
511,1100,700,94.14269436624977,-85,-85,24.1582774269213,24.78833704083229,1350,700,163.17459496299477,6.869647112085612,circular
512,1100,700,94.14269436624977,-85,-85,25.157178905256924,25.452908776355446,1350,700,170.04424207508038,6.869647112085612,circular
513,1100,700,94.14269436624977,-85,-85,25.7492610641292,25.906018829630398,1350,700,176.91388918716598,6.869647112085612,circular
514,1100,700,94.14269436624977,-85,-85,26.035130213615616,26.074956048612798,1350,700,183.78353629925158,6.869647112085612,circular
515,1100,700,94.14269436624977,-85,-85,26.067010357935978,26.011117049096303,1350,700,190.65318341133718,6.869647112085612,circular
516,1100,700,94.14269436624977,-85,-85,25.859665714847075,25.684904084789977,1350,700,197.52283052342278,6.869647112085612,circular
517,1100,700,94.14269436624977,-85,-85,25.452908776355446,25.042923900792417,1350,700,204.39247763550838,6.869647112085612,circular
518,1100,700,94.14269436624977,-85,-85,24.646943359767004,23.97102224645776,1350,700,211.262124747594,6.869647112085612,circular
519,1100,700,94.14269436624977,-85,-85,23.319699537123853,22.170735458799452,1350,700,218.1317718596796,6.869647112085612,circular
520,1100,700,94.14269436624977,-85,-85,20.97742610025735,19.25639156218219,1350,700,225.0014189717652,6.869647112085612,circular
521,1100,700,94.14269436624977,-85,-85,14.513447644213265,-85,1350,700,231.8710660838508,6.869647112085612,circular
522,1100,700,94.14269436624977,-85,-85,-85,-85,1350,700,238.7407131959364,6.869647112085612,circular
523,1100,700,94.14269436624977,-85,-85,-85,-85,1350,700,245.610360308022,6.869647112085612,circular
524,1100,700,94.14269436624977,-85,-85,-85,-85,1350,700,252.4800074201076,6.869647112085612,circular
525,1100,700,94.14269436624977,-85,-85,-85,-85,1350,700,259.3496545321932,6.869647112085612,circular
526,1100,700,94.14269436624977,-85,-85,-85,-85,1350,700,266.2193016442788,6.869647112085612,circular
527,1100,700,94.14269436624977,-85,-85,-85,-85,1350,700,273.0889487563644,6.869647112085612,circular
528,1100,700,94.14269436624977,-85,-85,-85,-85,1350,700,279.95859586845,6.869647112085612,circular
529,1100,700,94.14269436624977,-85,-85,-85,-85,1350,700,286.8282429805356,6.869647112085612,circular
530,1100,700,94.14269436624977,-85,-85,-85,-85,1350,700,293.6978900926212,6.869647112085612,circular
531,1100,700,94.14269436624977,-85,-85,-85,-85,1350,700,300.5675372047068,6.869647112085612,circular
532,1100,700,94.14269436624977,-85,-85,-85,-85,1350,700,307.4371843167924,6.869647112085612,circular
533,1100,700,94.14269436624977,-85,-85,-85,-85,1350,700,314.306831428878,6.869647112085612,circular
534,1100,700,94.14269436624977,-85,-85,-85,-85,1350,700,321.1764785409636,6.869647112085612,circular
535,1100,700,94.14269436624977,-85,-85,-85,-85,1350,700,328.0461256530492,6.869647112085612,circular
536,1100,700,94.14269436624977,-85,-85,-85,-85,1350,700,334.9157727651348,6.869647112085612,circular
537,1100,700,94.14269436624977,-85,-85,-85,-85,1350,700,341.7854198772204,6.869647112085612,circular
538,1100,700,94.14269436624977,-85,-85,-85,-85,1350,700,348.655066989306,6.869647112085612,circular
539,1100,700,94.14269436624977,-85,-85,-85,-85,1350,700,355.5247141013916,6.869647112085612,circular
540,1100,700,94.14269436624977,-85,-85,-85,-85,1350,700,2.394361213477225,6.869647112085612,circular
541,1100,700,94.14269436624977,-85,-85,-85,-85,1350,700,9.264008325562838,6.869647112085612,circular
542,1100,700,94.14269436624977,-85,-85,-85,-85,1350,700,16.13365543764845,6.869647112085612,circular
543,1100,700,94.14269436624977,-85,-85,-85,-85,1350,700,23.003302549734062,6.869647112085612,circular
544,1100,700,94.14269436624977,-85,-85,-85,-85,1350,700,29.872949661819675,6.869647112085612,circular
545,1100,700,94.14269436624977,-85,-85,-85,-85,1350,700,36.74259677390529,6.869647112085612,circular
546,1100,700,94.14269436624977,-85,-85,-85,-85,1350,700,43.61224388599091,6.869647112085612,circular
547,1100,700,94.14269436624977,-85,-85,-85,-85,1350,700,50.48189099807652,6.869647112085612,circular
548,1100,700,94.14269436624977,-85,-85,-85,-85,1350,700,57.35153811016214,6.869647112085612,circular
549,1100,700,94.14269436624977,-85,-85,-85,-85,1350,700,64.22118522224775,6.869647112085612,circular
550,1100,700,94.14269436624977,-85,-85,-85,-85,1350,700,71.09083233433337,6.869647112085612,circular
551,1100,700,94.14269436624977,-85,-85,-85,-85,1350,700,77.96047944641899,6.869647112085612,circular
552,1100,700,94.14269436624977,-85,-85,-85,-85,1350,700,84.8301265585046,6.869647112085612,circular
553,1100,700,94.14269436624977,-85,-85,-85,-85,1350,700,91.69977367059022,6.869647112085612,circular
554,1100,700,94.14269436624977,-85,-85,-85,-85,1350,700,98.56942078267583,6.869647112085612,circular
555,1100,700,94.14269436624977,-85,-85,-85,-85,1350,700,105.43906789476145,6.869647112085612,circular
556,1100,700,94.14269436624977,-85,-85,-85,-85,1350,700,112.30871500684707,6.869647112085612,circular
557,1100,700,94.14269436624977,-85,-85,-85,-85,1350,700,119.17836211893268,6.869647112085612,circular
558,1100,700,94.14269436624977,-85,-85,-85,-85,1350,700,126.0480092310183,6.869647112085612,circular
559,1100,700,94.14269436624977,-85,-85,-85,-85,1350,700,132.9176563431039,6.869647112085612,circular
560,1100,700,94.14269436624977,-85,-85,-85,-85,1350,700,139.78730345518952,6.869647112085612,circular
561,1100,700,94.14269436624977,-85,-85,17.513155499392102,19.91435422725632,1350,700,146.65695056727512,6.869647112085612,circular
562,1100,700,94.14269436624977,-85,-85,21.813356630230874,22.793695368992218,1350,700,153.52659767936072,6.869647112085612,circular
563,1100,700,94.14269436624977,-85,-85,23.553218972269416,24.33271141113945,1350,700,160.39624479144632,6.869647112085612,circular
564,1100,700,94.14269436624977,-85,-85,24.78833704083229,25.26334459461691,1350,700,167.26589190353192,6.869647112085612,circular
565,1100,700,94.14269436624977,-85,-85,25.536951728381826,25.80746062382631,1350,700,174.13553901561752,6.869647112085612,circular
566,1100,700,94.14269436624977,-85,-85,25.946643644493044,26.035130213615616,1350,700,181.00518612770313,6.869647112085612,circular
567,1100,700,94.14269436624977,-85,-85,26.077602459396946,26.067010357935978,1350,700,187.87483323978873,6.869647112085612,circular
568,1100,700,94.14269436624977,-85,-85,25.9816463993744,25.859665714847075,1350,700,194.74448035187433,6.869647112085612,circular
569,1100,700,94.14269436624977,-85,-85,25.614204328866276,25.361807294499556,1350,700,201.61412746395993,6.869647112085612,circular
570,1100,700,94.14269436624977,-85,-85,24.92014212493214,24.495315191602927,1350,700,208.48377457604553,6.869647112085612,circular
571,1100,700,94.14269436624977,-85,-85,23.97102224645776,23.067302502757133,1350,700,215.35342168813114,6.869647112085612,circular
572,1100,700,94.14269436624977,-85,-85,22.170735458799452,20.48098321025059,1350,700,222.22306880021674,6.869647112085612,circular
573,1100,700,94.14269436624977,-85,-85,18.474304759512954,11.50579409835762,1350,700,229.09271591230234,6.869647112085612,circular
574,1100,700,94.14269436624977,-85,-85,-85,-85,1350,700,235.96236302438794,6.869647112085612,circular
575,1100,700,94.14269436624977,-85,-85,-85,-85,1350,700,242.83201013647354,6.869647112085612,circular
576,1100,700,94.14269436624977,-85,-85,-85,-85,1350,700,249.70165724855914,6.869647112085612,circular
577,1100,700,94.14269436624977,-85,-85,-85,-85,1350,700,256.5713043606448,6.869647112085612,circular
578,1100,700,94.14269436624977,-85,-85,-85,-85,1350,700,263.4409514727304,6.869647112085612,circular
579,1100,700,94.14269436624977,-85,-85,-85,-85,1350,700,270.310598584816,6.869647112085612,circular
580,1100,700,94.14269436624977,-85,-85,-85,-85,1350,700,277.1802456969016,6.869647112085612,circular
581,1100,700,94.14269436624977,-85,-85,-85,-85,1350,700,284.0498928089872,6.869647112085612,circular
582,1100,700,94.14269436624977,-85,-85,-85,-85,1350,700,290.9195399210728,6.869647112085612,circular
583,1100,700,94.14269436624977,-85,-85,-85,-85,1350,700,297.7891870331584,6.869647112085612,circular
584,1100,700,94.14269436624977,-85,-85,-85,-85,1350,700,304.658834145244,6.869647112085612,circular
585,1100,700,94.14269436624977,-85,-85,-85,-85,1350,700,311.5284812573296,6.869647112085612,circular
586,1100,700,94.14269436624977,-85,-85,-85,-85,1350,700,318.3981283694152,6.869647112085612,circular
587,1100,700,94.14269436624977,-85,-85,-85,-85,1350,700,325.2677754815008,6.869647112085612,circular
588,1100,700,94.14269436624977,-85,-85,-85,-85,1350,700,332.1374225935864,6.869647112085612,circular
589,1100,700,94.14269436624977,-85,-85,-85,-85,1350,700,339.007069705672,6.869647112085612,circular
590,1100,700,94.14269436624977,-85,-85,-85,-85,1350,700,345.8767168177576,6.869647112085612,circular
591,1100,700,94.14269436624977,-85,-85,-85,-85,1350,700,352.7463639298432,6.869647112085612,circular
592,1100,700,94.14269436624977,-85,-85,-85,-85,1350,700,359.6160110419288,6.869647112085612,circular
593,1100,700,94.14269436624977,-85,-85,-85,-85,1350,700,6.485658154014402,6.869647112085612,circular
594,1100,700,94.14269436624977,-85,-85,-85,-85,1350,700,13.355305266100014,6.869647112085612,circular
595,1100,700,94.14269436624977,-85,-85,-85,-85,1350,700,20.224952378185627,6.869647112085612,circular
596,1100,700,94.14269436624977,-85,-85,-85,-85,1350,700,27.09459949027124,6.869647112085612,circular
597,1100,700,94.14269436624977,-85,-85,-85,-85,1350,700,33.96424660235685,6.869647112085612,circular
598,1100,700,94.14269436624977,-85,-85,-85,-85,1350,700,40.83389371444247,6.869647112085612,circular
599,1100,700,94.14269436624977,-85,-85,-85,-85,1350,700,47.703540826528084,6.869647112085612,circular
600,1100,700,94.14269436624977,-85,-85,-85,-85,1350,700,54.5731879386137,6.869647112085612,circular
601,1100,700,94.14269436624977,-85,-85,-85,-85,1350,700,61.442835050699316,6.869647112085612,circular
602,1100,700,94.14269436624977,-85,-85,-85,-85,1350,700,68.31248216278493,6.869647112085612,circular
603,1100,700,94.14269436624977,-85,-85,-85,-85,1350,700,75.18212927487055,6.869647112085612,circular
604,1100,700,94.14269436624977,-85,-85,-85,-85,1350,700,82.05177638695616,6.869647112085612,circular
605,1100,700,94.14269436624977,-85,-85,-85,-85,1350,700,88.92142349904178,6.869647112085612,circular
606,1100,700,94.14269436624977,-85,-85,-85,-85,1350,700,95.7910706111274,6.869647112085612,circular
607,1100,700,94.14269436624977,-85,-85,-85,-85,1350,700,102.66071772321301,6.869647112085612,circular
608,1100,700,94.14269436624977,-85,-85,-85,-85,1350,700,109.53036483529863,6.869647112085612,circular
609,1100,700,94.14269436624977,-85,-85,-85,-85,1350,700,116.40001194738424,6.869647112085612,circular
610,1100,700,94.14269436624977,-85,-85,-85,-85,1350,700,123.26965905946986,6.869647112085612,circular
611,1100,700,94.14269436624977,-85,-85,-85,-85,1350,700,130.13930617155546,6.869647112085612,circular
612,1100,700,94.14269436624977,-85,-85,-85,-85,1350,700,137.00895328364106,6.869647112085612,circular
613,1100,700,94.14269436624977,-85,-85,11.505794098357505,17.513155499392102,1350,700,143.87860039572666,6.869647112085612,circular
614,1100,700,94.14269436624977,-85,-85,20.48098321025059,21.813356630230874,1350,700,150.74824750781227,6.869647112085612,circular
615,1100,700,94.14269436624977,-85,-85,23.06730250275713,23.769789312347285,1350,700,157.61789461989787,6.869647112085612,circular
616,1100,700,94.14269436624977,-85,-85,24.495315191602927,24.92014212493214,1350,700,164.48754173198347,6.869647112085612,circular
617,1100,700,94.14269436624977,-85,-85,25.26334459461691,25.614204328866276,1350,700,171.35718884406907,6.869647112085612,circular
618,1100,700,94.14269436624977,-85,-85,25.80746062382631,25.9816463993744,1350,700,178.22683595615467,6.869647112085612,circular
619,1100,700,94.14269436624977,-85,-85,26.053745949214605,26.077602459396946,1350,700,185.09648306824027,6.869647112085612,circular
620,1100,700,94.14269436624977,-85,-85,26.053745949214605,25.9816463993744,1350,700,191.96613018032588,6.869647112085612,circular
621,1100,700,94.14269436624977,-85,-85,25.807460623826316,25.614204328866276,1350,700,198.83577729241148,6.869647112085612,circular
622,1100,700,94.14269436624977,-85,-85,25.263344594616918,24.92014212493214,1350,700,205.70542440449708,6.869647112085612,circular
623,1100,700,94.14269436624977,-85,-85,24.332711411139446,23.769789312347285,1350,700,212.57507151658268,6.869647112085612,circular
624,1100,700,94.14269436624977,-85,-85,22.793695368992225,21.81335663023087,1350,700,219.44471862866828,6.869647112085612,circular
625,1100,700,94.14269436624977,-85,-85,20.48098321025059,17.51315549939211,1350,700,226.31436574075389,6.869647112085612,circular
626,1100,700,94.14269436624977,-85,-85,11.50579409835762,-85,1350,700,233.1840128528395,6.869647112085612,circular
627,1100,700,94.14269436624977,-85,-85,-85,-85,1350,700,240.0536599649251,6.869647112085612,circular
628,1100,700,94.14269436624977,-85,-85,-85,-85,1350,700,246.9233070770107,6.869647112085612,circular
629,1100,700,94.14269436624977,-85,-85,-85,-85,1350,700,253.7929541890963,6.869647112085612,circular
630,1100,700,94.14269436624977,-85,-85,-85,-85,1350,700,260.6626013011819,6.869647112085612,circular
631,1100,700,94.14269436624977,-85,-85,-85,-85,1350,700,267.5322484132675,6.869647112085612,circular
632,1100,700,94.14269436624977,-85,-85,-85,-85,1350,700,274.4018955253531,6.869647112085612,circular
633,1100,700,94.14269436624977,-85,-85,-85,-85,1350,700,281.2715426374387,6.869647112085612,circular
634,1100,700,94.14269436624977,-85,-85,-85,-85,1350,700,288.1411897495243,6.869647112085612,circular
635,1100,700,94.14269436624977,-85,-85,-85,-85,1350,700,295.0108368616099,6.869647112085612,circular
636,1100,700,94.14269436624977,-85,-85,-85,-85,1350,700,301.8804839736955,6.869647112085612,circular
637,1100,700,94.14269436624977,-85,-85,-85,-85,1350,700,308.7501310857811,6.869647112085612,circular
638,1100,700,94.14269436624977,-85,-85,-85,-85,1350,700,315.6197781978667,6.869647112085612,circular
639,1100,700,94.14269436624977,-85,-85,-85,-85,1350,700,322.4894253099523,6.869647112085612,circular
640,1100,700,94.14269436624977,-85,-85,-85,-85,1350,700,329.3590724220379,6.869647112085612,circular
641,1100,700,94.14269436624977,-85,-85,-85,-85,1350,700,336.2287195341235,6.869647112085612,circular
642,1100,700,94.14269436624977,-85,-85,-85,-85,1350,700,343.0983666462091,6.869647112085612,circular
643,1100,700,94.14269436624977,-85,-85,-85,-85,1350,700,349.9680137582947,6.869647112085612,circular
644,1100,700,94.14269436624977,-85,-85,-85,-85,1350,700,356.8376608703803,6.869647112085612,circular
645,1100,700,94.14269436624977,-85,-85,-85,-85,1350,700,3.7073079824659203,6.869647112085612,circular
646,1100,700,94.14269436624977,-85,-85,-85,-85,1350,700,10.576955094551533,6.869647112085612,circular
647,1100,700,94.14269436624977,-85,-85,-85,-85,1350,700,17.446602206637145,6.869647112085612,circular
648,1100,700,94.14269436624977,-85,-85,-85,-85,1350,700,24.316249318722758,6.869647112085612,circular
649,1100,700,94.14269436624977,-85,-85,-85,-85,1350,700,31.18589643080837,6.869647112085612,circular
650,1100,700,94.14269436624977,-85,-85,-85,-85,1350,700,38.055543542893986,6.869647112085612,circular
651,1100,700,94.14269436624977,-85,-85,-85,-85,1350,700,44.9251906549796,6.869647112085612,circular
652,1100,700,94.14269436624977,-85,-85,-85,-85,1350,700,51.79483776706522,6.869647112085612,circular
653,1100,700,94.14269436624977,-85,-85,-85,-85,1350,700,58.664484879150834,6.869647112085612,circular
654,1100,700,94.14269436624977,-85,-85,-85,-85,1350,700,65.53413199123645,6.869647112085612,circular
655,1100,700,94.14269436624977,-85,-85,-85,-85,1350,700,72.40377910332207,6.869647112085612,circular
656,1100,700,94.14269436624977,-85,-85,-85,-85,1350,700,79.27342621540768,6.869647112085612,circular
657,1100,700,94.14269436624977,-85,-85,-85,-85,1350,700,86.1430733274933,6.869647112085612,circular
658,1100,700,94.14269436624977,-85,-85,-85,-85,1350,700,93.01272043957891,6.869647112085612,circular
659,1100,700,94.14269436624977,-85,-85,-85,-85,1350,700,99.88236755166453,6.869647112085612,circular
660,1100,700,94.14269436624977,-85,-85,-85,-85,1350,700,106.75201466375015,6.869647112085612,circular
661,1100,700,94.14269436624977,-85,-85,-85,-85,1350,700,113.62166177583576,6.869647112085612,circular
662,1100,700,94.14269436624977,-85,-85,-85,-85,1350,700,120.49130888792138,6.869647112085612,circular
663,1100,700,94.14269436624977,-85,-85,-85,-85,1350,700,127.360956000007,6.869647112085612,circular
664,1100,700,94.14269436624977,-85,-85,-85,-85,1350,700,134.2306031120926,6.869647112085612,circular
665,1100,700,94.14269436624977,-85,-85,-85,14.513447644213304,1350,700,141.1002502241782,6.869647112085612,circular
666,1100,700,94.14269436624977,-85,-85,18.47430475951294,20.48098321025059,1350,700,147.9698973362638,6.869647112085612,circular
667,1100,700,94.14269436624977,-85,-85,22.170735458799452,23.06730250275713,1350,700,154.83954444834941,6.869647112085612,circular
668,1100,700,94.14269436624977,-85,-85,23.971022246457757,24.495315191602927,1350,700,161.70919156043502,6.869647112085612,circular
669,1100,700,94.14269436624977,-85,-85,25.042923900792417,25.36180729449956,1350,700,168.57883867252062,6.869647112085612,circular
670,1100,700,94.14269436624977,-85,-85,25.684904084789974,25.859665714847075,1350,700,175.44848578460622,6.869647112085612,circular
671,1100,700,94.14269436624977,-85,-85,25.9816463993744,26.067010357935978,1350,700,182.31813289669182,6.869647112085612,circular
672,1100,700,94.14269436624977,-85,-85,26.077602459396946,26.035130213615616,1350,700,189.18778000877742,6.869647112085612,circular
673,1100,700,94.14269436624977,-85,-85,25.946643644493044,25.807460623826316,1350,700,196.05742712086303,6.869647112085612,circular
674,1100,700,94.14269436624977,-85,-85,25.536951728381826,25.263344594616918,1350,700,202.92707423294863,6.869647112085612,circular
675,1100,700,94.14269436624977,-85,-85,24.788337040832293,24.332711411139446,1350,700,209.79672134503423,6.869647112085612,circular
676,1100,700,94.14269436624977,-85,-85,23.553218972269416,22.793695368992225,1350,700,216.66636845711983,6.869647112085612,circular
677,1100,700,94.14269436624977,-85,-85,21.418119305852123,19.914354227256315,1350,700,223.53601556920543,6.869647112085612,circular
678,1100,700,94.14269436624977,-85,-85,17.51315549939211,-85,1350,700,230.40566268129103,6.869647112085612,circular
679,1100,700,94.14269436624977,-85,-85,-85,-85,1350,700,237.27530979337664,6.869647112085612,circular
680,1100,700,94.14269436624977,-85,-85,-85,-85,1350,700,244.14495690546224,6.869647112085612,circular
681,1100,700,94.14269436624977,-85,-85,-85,-85,1350,700,251.01460401754784,6.869647112085612,circular
682,1100,700,94.14269436624977,-85,-85,-85,-85,1350,700,257.88425112963347,6.869647112085612,circular
683,1100,700,94.14269436624977,-85,-85,-85,-85,1350,700,264.75389824171907,6.869647112085612,circular
684,1100,700,94.14269436624977,-85,-85,-85,-85,1350,700,271.6235453538047,6.869647112085612,circular
685,1100,700,94.14269436624977,-85,-85,-85,-85,1350,700,278.4931924658903,6.869647112085612,circular
686,1100,700,94.14269436624977,-85,-85,-85,-85,1350,700,285.3628395779759,6.869647112085612,circular
687,1100,700,94.14269436624977,-85,-85,-85,-85,1350,700,292.2324866900615,6.869647112085612,circular
688,1100,700,94.14269436624977,-85,-85,-85,-85,1350,700,299.1021338021471,6.869647112085612,circular
689,1100,700,94.14269436624977,-85,-85,-85,-85,1350,700,305.9717809142327,6.869647112085612,circular
690,1100,700,94.14269436624977,-85,-85,-85,-85,1350,700,312.8414280263183,6.869647112085612,circular
691,1100,700,94.14269436624977,-85,-85,-85,-85,1350,700,319.7110751384039,6.869647112085612,circular
692,1100,700,94.14269436624977,-85,-85,-85,-85,1350,700,326.5807222504895,6.869647112085612,circular
693,1100,700,94.14269436624977,-85,-85,-85,-85,1350,700,333.4503693625751,6.869647112085612,circular
694,1100,700,94.14269436624977,-85,-85,-85,-85,1350,700,340.3200164746607,6.869647112085612,circular
695,1100,700,94.14269436624977,-85,-85,-85,-85,1350,700,347.1896635867463,6.869647112085612,circular
696,1100,700,94.14269436624977,-85,-85,-85,-85,1350,700,354.0593106988319,6.869647112085612,circular
697,1100,700,94.14269436624977,-85,-85,-85,-85,1350,700,0.9289578109174954,6.869647112085612,circular
698,1100,700,94.14269436624977,-85,-85,-85,-85,1350,700,7.798604923003108,6.869647112085612,circular
699,1100,700,94.14269436624977,-85,-85,-85,-85,1350,700,14.66825203508872,6.869647112085612,circular
700,1100,700,94.14269436624977,-85,-85,-85,-85,1350,700,21.537899147174333,6.869647112085612,circular
701,1100,700,94.14269436624977,-85,-85,-85,-85,1350,700,28.407546259259945,6.869647112085612,circular
702,1100,700,94.14269436624977,-85,-85,-85,-85,1350,700,35.27719337134556,6.869647112085612,circular
703,1100,700,94.14269436624977,-85,-85,-85,-85,1350,700,42.14684048343118,6.869647112085612,circular
704,1100,700,94.14269436624977,-85,-85,-85,-85,1350,700,49.01648759551679,6.869647112085612,circular
705,1100,700,94.14269436624977,-85,-85,-85,-85,1350,700,55.88613470760241,6.869647112085612,circular
706,1100,700,94.14269436624977,-85,-85,-85,-85,1350,700,62.755781819688025,6.869647112085612,circular
707,1100,700,94.14269436624977,-85,-85,-85,-85,1350,700,69.62542893177364,6.869647112085612,circular
708,1100,700,94.14269436624977,-85,-85,-85,-85,1350,700,76.49507604385926,6.869647112085612,circular
709,1100,700,94.14269436624977,-85,-85,-85,-85,1350,700,83.36472315594487,6.869647112085612,circular
710,1100,700,94.14269436624977,-85,-85,-85,-85,1350,700,90.23437026803049,6.869647112085612,circular
711,1100,700,94.14269436624977,-85,-85,-85,-85,1350,700,97.1040173801161,6.869647112085612,circular
712,1100,700,94.14269436624977,-85,-85,-85,-85,1350,700,103.97366449220172,6.869647112085612,circular
713,1100,700,94.14269436624977,-85,-85,-85,-85,1350,700,110.84331160428734,6.869647112085612,circular
714,1100,700,94.14269436624977,-85,-85,-85,-85,1350,700,117.71295871637295,6.869647112085612,circular
715,1100,700,94.14269436624977,-85,-85,-85,-85,1350,700,124.58260582845857,6.869647112085612,circular
716,1100,700,94.14269436624977,-85,-85,-85,-85,1350,700,131.45225294054418,6.869647112085612,circular
717,1100,700,94.14269436624977,-85,-85,-85,-85,1350,700,138.3219000526298,6.869647112085612,circular
718,1100,700,94.14269436624977,-85,-85,14.513447644213304,19.25639156218217,1350,700,145.1915471647154,6.869647112085612,circular
719,1100,700,94.14269436624977,-85,-85,20.97742610025734,22.170735458799452,1350,700,152.061194276801,6.869647112085612,circular
720,1100,700,94.14269436624977,-85,-85,23.31969953712386,23.971022246457757,1350,700,158.9308413888866,6.869647112085612,circular
721,1100,700,94.14269436624977,-85,-85,24.646943359767004,25.042923900792417,1350,700,165.8004885009722,6.869647112085612,circular
722,1100,700,94.14269436624977,-85,-85,25.452908776355446,25.684904084789974,1350,700,172.6701356130578,6.869647112085612,circular
723,1100,700,94.14269436624977,-85,-85,25.906018829630398,26.011117049096303,1350,700,179.5397827251434,6.869647112085612,circular
724,1100,700,94.14269436624977,-85,-85,26.067010357935978,26.074956048612798,1350,700,186.409429837229,6.869647112085612,circular
725,1100,700,94.14269436624977,-85,-85,26.035130213615616,25.906018829630398,1350,700,193.2790769493146,6.869647112085612,circular
726,1100,700,94.14269436624977,-85,-85,25.7492610641292,25.452908776355446,1350,700,200.1487240614002,6.869647112085612,circular
727,1100,700,94.14269436624977,-85,-85,25.157178905256924,24.788337040832293,1350,700,207.0183711734858,6.869647112085612,circular
728,1100,700,94.14269436624977,-85,-85,24.1582774269213,23.553218972269416,1350,700,213.8880182855714,6.869647112085612,circular
729,1100,700,94.14269436624977,-85,-85,22.496022074683278,21.418119305852123,1350,700,220.757665397657,6.869647112085612,circular
730,1100,700,94.14269436624977,-85,-85,19.25639156218219,16.269948115724716,1350,700,227.6273125097426,6.869647112085612,circular
731,1100,700,94.14269436624977,-85,-85,-85,-85,1350,700,234.4969596218282,6.869647112085612,circular
732,1100,700,94.14269436624977,-85,-85,-85,-85,1350,700,241.3666067339138,6.869647112085612,circular
733,1100,700,94.14269436624977,-85,-85,-85,-85,1350,700,248.2362538459994,6.869647112085612,circular
734,1100,700,94.14269436624977,-85,-85,-85,-85,1350,700,255.10590095808502,6.869647112085612,circular
735,1100,700,94.14269436624977,-85,-85,-85,-85,1350,700,261.97554807017065,6.869647112085612,circular
736,1100,700,94.14269436624977,-85,-85,-85,-85,1350,700,268.84519518225625,6.869647112085612,circular
737,1100,700,94.14269436624977,-85,-85,-85,-85,1350,700,275.71484229434185,6.869647112085612,circular
738,1100,700,94.14269436624977,-85,-85,-85,-85,1350,700,282.58448940642745,6.869647112085612,circular
739,1100,700,94.14269436624977,-85,-85,-85,-85,1350,700,289.45413651851305,6.869647112085612,circular
740,1100,700,94.14269436624977,-85,-85,-85,-85,1350,700,296.32378363059865,6.869647112085612,circular
741,1100,700,94.14269436624977,-85,-85,-85,-85,1350,700,303.19343074268426,6.869647112085612,circular
742,1100,700,94.14269436624977,-85,-85,-85,-85,1350,700,310.06307785476986,6.869647112085612,circular
743,1100,700,94.14269436624977,-85,-85,-85,-85,1350,700,316.93272496685546,6.869647112085612,circular
744,1100,700,94.14269436624977,-85,-85,-85,-85,1350,700,323.80237207894106,6.869647112085612,circular
745,1100,700,94.14269436624977,-85,-85,-85,-85,1350,700,330.67201919102666,6.869647112085612,circular
746,1100,700,94.14269436624977,-85,-85,-85,-85,1350,700,337.54166630311227,6.869647112085612,circular
747,1100,700,94.14269436624977,-85,-85,-85,-85,1350,700,344.41131341519787,6.869647112085612,circular
748,1100,700,94.14269436624977,-85,-85,-85,-85,1350,700,351.28096052728347,6.869647112085612,circular
749,1100,700,94.14269436624977,-85,-85,-85,-85,1350,700,358.15060763936907,6.869647112085612,circular
750,1100,700,94.14269436624977,-85,-85,-85,-85,1350,700,5.020254751454672,6.869647112085612,circular
751,1100,700,94.14269436624977,-85,-85,-85,-85,1350,700,11.889901863540285,6.869647112085612,circular
752,1100,700,94.14269436624977,-85,-85,-85,-85,1350,700,18.759548975625897,6.869647112085612,circular
753,1100,700,94.14269436624977,-85,-85,-85,-85,1350,700,25.62919608771151,6.869647112085612,circular
754,1100,700,94.14269436624977,-85,-85,-85,-85,1350,700,32.49884319979712,6.869647112085612,circular
755,1100,700,94.14269436624977,-85,-85,-85,-85,1350,700,39.36849031188274,6.869647112085612,circular
756,1100,700,94.14269436624977,-85,-85,-85,-85,1350,700,46.238137423968354,6.869647112085612,circular
757,1100,700,94.14269436624977,-85,-85,-85,-85,1350,700,53.10778453605397,6.869647112085612,circular
758,1100,700,94.14269436624977,-85,-85,-85,-85,1350,700,59.977431648139586,6.869647112085612,circular
759,1100,700,94.14269436624977,-85,-85,-85,-85,1350,700,66.8470787602252,6.869647112085612,circular
760,1100,700,94.14269436624977,-85,-85,-85,-85,1350,700,73.71672587231082,6.869647112085612,circular
761,1100,700,94.14269436624977,-85,-85,-85,-85,1350,700,80.58637298439643,6.869647112085612,circular
762,1100,700,94.14269436624977,-85,-85,-85,-85,1350,700,87.45602009648205,6.869647112085612,circular
763,1100,700,94.14269436624977,-85,-85,-85,-85,1350,700,94.32566720856767,6.869647112085612,circular
764,1100,700,94.14269436624977,-85,-85,-85,-85,1350,700,101.19531432065328,6.869647112085612,circular
765,1100,700,94.14269436624977,-85,-85,-85,-85,1350,700,108.0649614327389,6.869647112085612,circular
766,1100,700,94.14269436624977,-85,-85,-85,-85,1350,700,114.93460854482451,6.869647112085612,circular
767,1100,700,94.14269436624977,-85,-85,-85,-85,1350,700,121.80425565691013,6.869647112085612,circular
768,1100,700,94.14269436624977,-85,-85,-85,-85,1350,700,128.67390276899573,6.869647112085612,circular
769,1100,700,94.14269436624977,-85,-85,-85,-85,1350,700,135.54354988108133,6.869647112085612,circular
770,1100,700,94.14269436624977,-85,-85,-85,16.269948115724727,1350,700,142.41319699316693,6.869647112085612,circular
771,1100,700,94.14269436624977,-85,-85,19.25639156218217,21.41811930585211,1350,700,149.28284410525254,6.869647112085612,circular
772,1100,700,94.14269436624977,-85,-85,22.496022074683278,23.553218972269416,1350,700,156.15249121733814,6.869647112085612,circular
773,1100,700,94.14269436624977,-85,-85,24.1582774269213,24.646943359767004,1350,700,163.02213832942374,6.869647112085612,circular
774,1100,700,94.14269436624977,-85,-85,25.157178905256924,25.452908776355446,1350,700,169.89178544150934,6.869647112085612,circular
775,1100,700,94.14269436624977,-85,-85,25.7492610641292,25.906018829630398,1350,700,176.76143255359494,6.869647112085612,circular
776,1100,700,94.14269436624977,-85,-85,26.035130213615616,26.074956048612798,1350,700,183.63107966568055,6.869647112085612,circular
777,1100,700,94.14269436624977,-85,-85,26.067010357935978,26.011117049096303,1350,700,190.50072677776615,6.869647112085612,circular
778,1100,700,94.14269436624977,-85,-85,25.906018829630398,25.684904084789977,1350,700,197.37037388985175,6.869647112085612,circular
779,1100,700,94.14269436624977,-85,-85,25.452908776355446,25.042923900792417,1350,700,204.24002100193735,6.869647112085612,circular
780,1100,700,94.14269436624977,-85,-85,24.646943359767004,23.97102224645776,1350,700,211.10966811402295,6.869647112085612,circular
781,1100,700,94.14269436624977,-85,-85,23.319699537123853,22.496022074683278,1350,700,217.97931522610855,6.869647112085612,circular
782,1100,700,94.14269436624977,-85,-85,20.97742610025735,19.25639156218219,1350,700,224.84896233819416,6.869647112085612,circular
783,1100,700,94.14269436624977,-85,-85,14.513447644213265,-85,1350,700,231.71860945027976,6.869647112085612,circular
784,1100,700,94.14269436624977,-85,-85,-85,-85,1350,700,238.58825656236536,6.869647112085612,circular
785,1100,700,94.14269436624977,-85,-85,-85,-85,1350,700,245.45790367445096,6.869647112085612,circular
786,1100,700,94.14269436624977,-85,-85,-85,-85,1350,700,252.32755078653656,6.869647112085612,circular
787,1100,700,94.14269436624977,-85,-85,-85,-85,1350,700,259.19719789862216,6.869647112085612,circular
788,1100,700,94.14269436624977,-85,-85,-85,-85,1350,700,266.06684501070777,6.869647112085612,circular
789,1100,700,94.14269436624977,-85,-85,-85,-85,1350,700,272.93649212279337,6.869647112085612,circular
790,1100,700,94.14269436624977,-85,-85,-85,-85,1350,700,279.80613923487897,6.869647112085612,circular
791,1100,700,94.14269436624977,-85,-85,-85,-85,1350,700,286.67578634696457,6.869647112085612,circular
792,1100,700,94.14269436624977,-85,-85,-85,-85,1350,700,293.5454334590502,6.869647112085612,circular
793,1100,700,94.14269436624977,-85,-85,-85,-85,1350,700,300.4150805711358,6.869647112085612,circular
794,1100,700,94.14269436624977,-85,-85,-85,-85,1350,700,307.2847276832214,6.869647112085612,circular
795,1100,700,94.14269436624977,-85,-85,-85,-85,1350,700,314.154374795307,6.869647112085612,circular
796,1100,700,94.14269436624977,-85,-85,-85,-85,1350,700,321.0240219073926,6.869647112085612,circular
797,1100,700,94.14269436624977,-85,-85,-85,-85,1350,700,327.8936690194782,6.869647112085612,circular
798,1100,700,94.14269436624977,-85,-85,-85,-85,1350,700,334.7633161315638,6.869647112085612,circular
799,1100,700,94.14269436624977,-85,-85,-85,-85,1350,700,341.6329632436494,6.869647112085612,circular
800,1100,700,94.14269436624977,-85,-85,-85,-85,1350,700,348.502610355735,6.869647112085612,circular
801,1100,700,94.14269436624977,-85,-85,-85,-85,1350,700,355.3722574678206,6.869647112085612,circular
802,1100,700,94.14269436624977,-85,-85,-85,-85,1350,700,2.2419045799061905,6.869647112085612,circular
803,1100,700,94.14269436624977,-85,-85,-85,-85,1350,700,9.111551691991803,6.869647112085612,circular
804,1100,700,94.14269436624977,-85,-85,-85,-85,1350,700,15.981198804077415,6.869647112085612,circular
805,1100,700,94.14269436624977,-85,-85,-85,-85,1350,700,22.850845916163028,6.869647112085612,circular
806,1100,700,94.14269436624977,-85,-85,-85,-85,1350,700,29.72049302824864,6.869647112085612,circular
807,1100,700,94.14269436624977,-85,-85,-85,-85,1350,700,36.590140140334256,6.869647112085612,circular
808,1100,700,94.14269436624977,-85,-85,-85,-85,1350,700,43.45978725241987,6.869647112085612,circular
809,1100,700,94.14269436624977,-85,-85,-85,-85,1350,700,50.32943436450549,6.869647112085612,circular
810,1100,700,94.14269436624977,-85,-85,-85,-85,1350,700,57.199081476591104,6.869647112085612,circular
811,1100,700,94.14269436624977,-85,-85,-85,-85,1350,700,64.06872858867672,6.869647112085612,circular
812,1100,700,94.14269436624977,-85,-85,-85,-85,1350,700,70.93837570076234,6.869647112085612,circular
813,1100,700,94.14269436624977,-85,-85,-85,-85,1350,700,77.80802281284795,6.869647112085612,circular
814,1100,700,94.14269436624977,-85,-85,-85,-85,1350,700,84.67766992493357,6.869647112085612,circular
815,1100,700,94.14269436624977,-85,-85,-85,-85,1350,700,91.54731703701918,6.869647112085612,circular
816,1100,700,94.14269436624977,-85,-85,-85,-85,1350,700,98.4169641491048,6.869647112085612,circular
817,1100,700,94.14269436624977,-85,-85,-85,-85,1350,700,105.28661126119042,6.869647112085612,circular
818,1100,700,94.14269436624977,-85,-85,-85,-85,1350,700,112.15625837327603,6.869647112085612,circular
819,1100,700,94.14269436624977,-85,-85,-85,-85,1350,700,119.02590548536165,6.869647112085612,circular
820,1100,700,94.14269436624977,-85,-85,-85,-85,1350,700,125.89555259744726,6.869647112085612,circular
821,1100,700,94.14269436624977,-85,-85,-85,-85,1350,700,132.76519970953288,6.869647112085612,circular
822,1100,700,94.14269436624977,-85,-85,-85,-85,1350,700,139.63484682161848,6.869647112085612,circular
823,1100,700,94.14269436624977,-85,-85,17.513155499392102,19.91435422725632,1350,700,146.50449393370408,6.869647112085612,circular
824,1100,700,94.14269436624977,-85,-85,21.41811930585211,22.793695368992218,1350,700,153.37414104578968,6.869647112085612,circular
825,1100,700,94.14269436624977,-85,-85,23.553218972269416,24.33271141113945,1350,700,160.2437881578753,6.869647112085612,circular
826,1100,700,94.14269436624977,-85,-85,24.78833704083229,25.26334459461691,1350,700,167.1134352699609,6.869647112085612,circular
827,1100,700,94.14269436624977,-85,-85,25.536951728381826,25.7492610641292,1350,700,173.9830823820465,6.869647112085612,circular
828,1100,700,94.14269436624977,-85,-85,25.946643644493044,26.035130213615616,1350,700,180.8527294941321,6.869647112085612,circular
829,1100,700,94.14269436624977,-85,-85,26.077602459396946,26.067010357935978,1350,700,187.7223766062177,6.869647112085612,circular
830,1100,700,94.14269436624977,-85,-85,25.9816463993744,25.859665714847075,1350,700,194.5920237183033,6.869647112085612,circular
831,1100,700,94.14269436624977,-85,-85,25.614204328866276,25.361807294499556,1350,700,201.4616708303889,6.869647112085612,circular
832,1100,700,94.14269436624977,-85,-85,25.042923900792417,24.495315191602927,1350,700,208.3313179424745,6.869647112085612,circular
833,1100,700,94.14269436624977,-85,-85,23.97102224645776,23.067302502757133,1350,700,215.2009650545601,6.869647112085612,circular
834,1100,700,94.14269436624977,-85,-85,22.170735458799452,20.97742610025735,1350,700,222.0706121666457,6.869647112085612,circular
835,1100,700,94.14269436624977,-85,-85,18.474304759512954,14.513447644213265,1350,700,228.9402592787313,6.869647112085612,circular
836,1100,700,94.14269436624977,-85,-85,-85,-85,1350,700,235.8099063908169,6.869647112085612,circular
837,1100,700,94.14269436624977,-85,-85,-85,-85,1350,700,242.6795535029025,6.869647112085612,circular
838,1100,700,94.14269436624977,-85,-85,-85,-85,1350,700,249.5492006149881,6.869647112085612,circular
839,1100,700,94.14269436624977,-85,-85,-85,-85,1350,700,256.41884772707374,6.869647112085612,circular
840,1100,700,94.14269436624977,-85,-85,-85,-85,1350,700,263.28849483915934,6.869647112085612,circular
841,1100,700,94.14269436624977,-85,-85,-85,-85,1350,700,270.15814195124494,6.869647112085612,circular
842,1100,700,94.14269436624977,-85,-85,-85,-85,1350,700,277.02778906333054,6.869647112085612,circular
843,1100,700,94.14269436624977,-85,-85,-85,-85,1350,700,283.89743617541615,6.869647112085612,circular
844,1100,700,94.14269436624977,-85,-85,-85,-85,1350,700,290.76708328750175,6.869647112085612,circular
845,1100,700,94.14269436624977,-85,-85,-85,-85,1350,700,297.63673039958735,6.869647112085612,circular
846,1100,700,94.14269436624977,-85,-85,-85,-85,1350,700,304.50637751167295,6.869647112085612,circular
847,1100,700,94.14269436624977,-85,-85,-85,-85,1350,700,311.37602462375855,6.869647112085612,circular
848,1100,700,94.14269436624977,-85,-85,-85,-85,1350,700,318.24567173584416,6.869647112085612,circular
849,1100,700,94.14269436624977,-85,-85,-85,-85,1350,700,325.11531884792976,6.869647112085612,circular
850,1100,700,94.14269436624977,-85,-85,-85,-85,1350,700,331.98496596001536,6.869647112085612,circular
851,1100,700,94.14269436624977,-85,-85,-85,-85,1350,700,338.85461307210096,6.869647112085612,circular
852,1100,700,94.14269436624977,-85,-85,-85,-85,1350,700,345.72426018418656,6.869647112085612,circular
853,1100,700,94.14269436624977,-85,-85,-85,-85,1350,700,352.59390729627216,6.869647112085612,circular
854,1100,700,94.14269436624977,-85,-85,-85,-85,1350,700,359.46355440835777,6.869647112085612,circular
855,1100,700,94.14269436624977,-85,-85,-85,-85,1350,700,6.333201520443367,6.869647112085612,circular
856,1100,700,94.14269436624977,-85,-85,-85,-85,1350,700,13.20284863252898,6.869647112085612,circular
857,1100,700,94.14269436624977,-85,-85,-85,-85,1350,700,20.072495744614592,6.869647112085612,circular
858,1100,700,94.14269436624977,-85,-85,-85,-85,1350,700,26.942142856700205,6.869647112085612,circular
859,1100,700,94.14269436624977,-85,-85,-85,-85,1350,700,33.81178996878582,6.869647112085612,circular
860,1100,700,94.14269436624977,-85,-85,-85,-85,1350,700,40.68143708087143,6.869647112085612,circular
861,1100,700,94.14269436624977,-85,-85,-85,-85,1350,700,47.55108419295705,6.869647112085612,circular
862,1100,700,94.14269436624977,-85,-85,-85,-85,1350,700,54.420731305042665,6.869647112085612,circular
863,1100,700,94.14269436624977,-85,-85,-85,-85,1350,700,61.29037841712828,6.869647112085612,circular
864,1100,700,94.14269436624977,-85,-85,-85,-85,1350,700,68.1600255292139,6.869647112085612,circular
865,1100,700,94.14269436624977,-85,-85,-85,-85,1350,700,75.02967264129951,6.869647112085612,circular
866,1100,700,94.14269436624977,-85,-85,-85,-85,1350,700,81.89931975338513,6.869647112085612,circular
867,1100,700,94.14269436624977,-85,-85,-85,-85,1350,700,88.76896686547074,6.869647112085612,circular
868,1100,700,94.14269436624977,-85,-85,-85,-85,1350,700,95.63861397755636,6.869647112085612,circular
869,1100,700,94.14269436624977,-85,-85,-85,-85,1350,700,102.50826108964198,6.869647112085612,circular
870,1100,700,94.14269436624977,-85,-85,-85,-85,1350,700,109.37790820172759,6.869647112085612,circular
871,1100,700,94.14269436624977,-85,-85,-85,-85,1350,700,116.24755531381321,6.869647112085612,circular
872,1100,700,94.14269436624977,-85,-85,-85,-85,1350,700,123.11720242589882,6.869647112085612,circular
873,1100,700,94.14269436624977,-85,-85,-85,-85,1350,700,129.98684953798443,6.869647112085612,circular
874,1100,700,94.14269436624977,-85,-85,-85,-85,1350,700,136.85649665007003,6.869647112085612,circular
875,1100,700,94.14269436624977,-85,-85,11.505794098357505,17.513155499392102,1350,700,143.72614376215563,6.869647112085612,circular
876,1100,700,94.14269436624977,-85,-85,20.48098321025059,21.813356630230874,1350,700,150.59579087424123,6.869647112085612,circular
877,1100,700,94.14269436624977,-85,-85,23.06730250275713,23.769789312347285,1350,700,157.46543798632683,6.869647112085612,circular
878,1100,700,94.14269436624977,-85,-85,24.33271141113945,24.92014212493214,1350,700,164.33508509841243,6.869647112085612,circular
879,1100,700,94.14269436624977,-85,-85,25.26334459461691,25.614204328866276,1350,700,171.20473221049804,6.869647112085612,circular
880,1100,700,94.14269436624977,-85,-85,25.80746062382631,25.946643644493044,1350,700,178.07437932258364,6.869647112085612,circular
881,1100,700,94.14269436624977,-85,-85,26.053745949214605,26.077602459396946,1350,700,184.94402643466924,6.869647112085612,circular
882,1100,700,94.14269436624977,-85,-85,26.053745949214605,25.9816463993744,1350,700,191.81367354675484,6.869647112085612,circular
883,1100,700,94.14269436624977,-85,-85,25.807460623826316,25.614204328866276,1350,700,198.68332065884044,6.869647112085612,circular
884,1100,700,94.14269436624977,-85,-85,25.263344594616918,24.92014212493214,1350,700,205.55296777092605,6.869647112085612,circular
885,1100,700,94.14269436624977,-85,-85,24.332711411139446,23.769789312347285,1350,700,212.42261488301165,6.869647112085612,circular
886,1100,700,94.14269436624977,-85,-85,23.067302502757133,21.81335663023087,1350,700,219.29226199509725,6.869647112085612,circular
887,1100,700,94.14269436624977,-85,-85,20.48098321025059,17.51315549939211,1350,700,226.16190910718285,6.869647112085612,circular
888,1100,700,94.14269436624977,-85,-85,11.50579409835762,-85,1350,700,233.03155621926845,6.869647112085612,circular
889,1100,700,94.14269436624977,-85,-85,-85,-85,1350,700,239.90120333135405,6.869647112085612,circular
890,1100,700,94.14269436624977,-85,-85,-85,-85,1350,700,246.77085044343966,6.869647112085612,circular
891,1100,700,94.14269436624977,-85,-85,-85,-85,1350,700,253.64049755552526,6.869647112085612,circular
892,1100,700,94.14269436624977,-85,-85,-85,-85,1350,700,260.51014466761086,6.869647112085612,circular
893,1100,700,94.14269436624977,-85,-85,-85,-85,1350,700,267.37979177969646,6.869647112085612,circular
894,1100,700,94.14269436624977,-85,-85,-85,-85,1350,700,274.24943889178206,6.869647112085612,circular
895,1100,700,94.14269436624977,-85,-85,-85,-85,1350,700,281.11908600386766,6.869647112085612,circular
896,1100,700,94.14269436624977,-85,-85,-85,-85,1350,700,287.98873311595327,6.869647112085612,circular
897,1100,700,94.14269436624977,-85,-85,-85,-85,1350,700,294.85838022803887,6.869647112085612,circular
898,1100,700,94.14269436624977,-85,-85,-85,-85,1350,700,301.72802734012447,6.869647112085612,circular
899,1100,700,94.14269436624977,-85,-85,-85,-85,1350,700,308.5976744522101,6.869647112085612,circular
900,1100,700,94.14269436624977,-85,-85,-85,-85,1350,700,315.4673215642957,6.869647112085612,circular
901,1100,700,94.14269436624977,-85,-85,-85,-85,1350,700,322.3369686763813,6.869647112085612,circular
902,1100,700,94.14269436624977,-85,-85,-85,-85,1350,700,329.2066157884669,6.869647112085612,circular
903,1100,700,94.14269436624977,-85,-85,-85,-85,1350,700,336.0762629005525,6.869647112085612,circular
904,1100,700,94.14269436624977,-85,-85,-85,-85,1350,700,342.9459100126381,6.869647112085612,circular
905,1100,700,94.14269436624977,-85,-85,-85,-85,1350,700,349.8155571247237,6.869647112085612,circular
906,1100,700,94.14269436624977,-85,-85,-85,-85,1350,700,356.6852042368093,6.869647112085612,circular
907,1100,700,94.14269436624977,-85,-85,-85,-85,1350,700,3.5548513488948856,6.869647112085612,circular
908,1100,700,94.14269436624977,-85,-85,-85,-85,1350,700,10.424498460980498,6.869647112085612,circular
909,1100,700,94.14269436624977,-85,-85,-85,-85,1350,700,17.29414557306611,6.869647112085612,circular
910,1100,700,94.14269436624977,-85,-85,-85,-85,1350,700,24.163792685151723,6.869647112085612,circular
911,1100,700,94.14269436624977,-85,-85,-85,-85,1350,700,31.033439797237335,6.869647112085612,circular
912,1100,700,94.14269436624977,-85,-85,-85,-85,1350,700,37.90308690932295,6.869647112085612,circular
913,1100,700,94.14269436624977,-85,-85,-85,-85,1350,700,44.77273402140857,6.869647112085612,circular
914,1100,700,94.14269436624977,-85,-85,-85,-85,1350,700,51.64238113349418,6.869647112085612,circular
915,1100,700,94.14269436624977,-85,-85,-85,-85,1350,700,58.5120282455798,6.869647112085612,circular
916,1100,700,94.14269436624977,-85,-85,-85,-85,1350,700,65.38167535766542,6.869647112085612,circular
917,1100,700,94.14269436624977,-85,-85,-85,-85,1350,700,72.25132246975103,6.869647112085612,circular
918,1100,700,94.14269436624977,-85,-85,-85,-85,1350,700,79.12096958183665,6.869647112085612,circular
919,1100,700,94.14269436624977,-85,-85,-85,-85,1350,700,85.99061669392226,6.869647112085612,circular
920,1100,700,94.14269436624977,-85,-85,-85,-85,1350,700,92.86026380600788,6.869647112085612,circular
921,1100,700,94.14269436624977,-85,-85,-85,-85,1350,700,99.7299109180935,6.869647112085612,circular
922,1100,700,94.14269436624977,-85,-85,-85,-85,1350,700,106.59955803017911,6.869647112085612,circular
923,1100,700,94.14269436624977,-85,-85,-85,-85,1350,700,113.46920514226473,6.869647112085612,circular
924,1100,700,94.14269436624977,-85,-85,-85,-85,1350,700,120.33885225435034,6.869647112085612,circular
925,1100,700,94.14269436624977,-85,-85,-85,-85,1350,700,127.20849936643596,6.869647112085612,circular
926,1100,700,94.14269436624977,-85,-85,-85,-85,1350,700,134.07814647852157,6.869647112085612,circular
927,1100,700,94.14269436624977,-85,-85,-85,11.505794098357505,1350,700,140.94779359060718,6.869647112085612,circular
928,1100,700,94.14269436624977,-85,-85,18.47430475951294,20.48098321025059,1350,700,147.81744070269278,6.869647112085612,circular
929,1100,700,94.14269436624977,-85,-85,22.170735458799452,23.06730250275713,1350,700,154.68708781477838,6.869647112085612,circular
930,1100,700,94.14269436624977,-85,-85,23.971022246457757,24.495315191602927,1350,700,161.55673492686398,6.869647112085612,circular
931,1100,700,94.14269436624977,-85,-85,25.042923900792417,25.36180729449956,1350,700,168.42638203894958,6.869647112085612,circular
932,1100,700,94.14269436624977,-85,-85,25.614204328866276,25.859665714847075,1350,700,175.29602915103519,6.869647112085612,circular
933,1100,700,94.14269436624977,-85,-85,25.9816463993744,26.067010357935978,1350,700,182.1656762631208,6.869647112085612,circular
934,1100,700,94.14269436624977,-85,-85,26.077602459396946,26.053745949214605,1350,700,189.0353233752064,6.869647112085612,circular
935,1100,700,94.14269436624977,-85,-85,25.946643644493044,25.807460623826316,1350,700,195.904970487292,6.869647112085612,circular
936,1100,700,94.14269436624977,-85,-85,25.536951728381826,25.263344594616918,1350,700,202.7746175993776,6.869647112085612,circular
937,1100,700,94.14269436624977,-85,-85,24.788337040832293,24.332711411139446,1350,700,209.6442647114632,6.869647112085612,circular
938,1100,700,94.14269436624977,-85,-85,23.553218972269416,22.793695368992225,1350,700,216.5139118235488,6.869647112085612,circular
939,1100,700,94.14269436624977,-85,-85,21.81335663023087,19.914354227256315,1350,700,223.3835589356344,6.869647112085612,circular
940,1100,700,94.14269436624977,-85,-85,17.51315549939211,-85,1350,700,230.25320604772,6.869647112085612,circular
941,1100,700,94.14269436624977,-85,-85,-85,-85,1350,700,237.1228531598056,6.869647112085612,circular
942,1100,700,94.14269436624977,-85,-85,-85,-85,1350,700,243.9925002718912,6.869647112085612,circular
943,1100,700,94.14269436624977,-85,-85,-85,-85,1350,700,250.8621473839768,6.869647112085612,circular
944,1100,700,94.14269436624977,-85,-85,-85,-85,1350,700,257.73179449606243,6.869647112085612,circular
945,1100,700,94.14269436624977,-85,-85,-85,-85,1350,700,264.60144160814804,6.869647112085612,circular
946,1100,700,94.14269436624977,-85,-85,-85,-85,1350,700,271.47108872023364,6.869647112085612,circular
947,1100,700,94.14269436624977,-85,-85,-85,-85,1350,700,278.34073583231924,6.869647112085612,circular
948,1100,700,94.14269436624977,-85,-85,-85,-85,1350,700,285.21038294440484,6.869647112085612,circular
949,1100,700,94.14269436624977,-85,-85,-85,-85,1350,700,292.08003005649044,6.869647112085612,circular
950,1100,700,94.14269436624977,-85,-85,-85,-85,1350,700,298.94967716857605,6.869647112085612,circular
951,1100,700,94.14269436624977,-85,-85,-85,-85,1350,700,305.81932428066165,6.869647112085612,circular
952,1100,700,94.14269436624977,-85,-85,-85,-85,1350,700,312.68897139274725,6.869647112085612,circular
953,1100,700,94.14269436624977,-85,-85,-85,-85,1350,700,319.55861850483285,6.869647112085612,circular
954,1100,700,94.14269436624977,-85,-85,-85,-85,1350,700,326.42826561691845,6.869647112085612,circular
955,1100,700,94.14269436624977,-85,-85,-85,-85,1350,700,333.29791272900405,6.869647112085612,circular
956,1100,700,94.14269436624977,-85,-85,-85,-85,1350,700,340.16755984108966,6.869647112085612,circular
957,1100,700,94.14269436624977,-85,-85,-85,-85,1350,700,347.03720695317526,6.869647112085612,circular
958,1100,700,94.14269436624977,-85,-85,-85,-85,1350,700,353.90685406526086,6.869647112085612,circular
959,1100,700,94.14269436624977,-85,-85,-85,-85,1350,700,0.7765011773464607,6.869647112085612,circular
960,1100,700,94.14269436624977,-85,-85,-85,-85,1350,700,7.646148289432073,6.869647112085612,circular
961,1100,700,94.14269436624977,-85,-85,-85,-85,1350,700,14.515795401517686,6.869647112085612,circular
962,1100,700,94.14269436624977,-85,-85,-85,-85,1350,700,21.385442513603298,6.869647112085612,circular
963,1100,700,94.14269436624977,-85,-85,-85,-85,1350,700,28.25508962568891,6.869647112085612,circular
964,1100,700,94.14269436624977,-85,-85,-85,-85,1350,700,35.124736737774526,6.869647112085612,circular
965,1100,700,94.14269436624977,-85,-85,-85,-85,1350,700,41.99438384986014,6.869647112085612,circular
966,1100,700,94.14269436624977,-85,-85,-85,-85,1350,700,48.86403096194576,6.869647112085612,circular
967,1100,700,94.14269436624977,-85,-85,-85,-85,1350,700,55.733678074031374,6.869647112085612,circular
968,1100,700,94.14269436624977,-85,-85,-85,-85,1350,700,62.60332518611699,6.869647112085612,circular
969,1100,700,94.14269436624977,-85,-85,-85,-85,1350,700,69.4729722982026,6.869647112085612,circular
970,1100,700,94.14269436624977,-85,-85,-85,-85,1350,700,76.34261941028822,6.869647112085612,circular
971,1100,700,94.14269436624977,-85,-85,-85,-85,1350,700,83.21226652237384,6.869647112085612,circular
972,1100,700,94.14269436624977,-85,-85,-85,-85,1350,700,90.08191363445945,6.869647112085612,circular
973,1100,700,94.14269436624977,-85,-85,-85,-85,1350,700,96.95156074654507,6.869647112085612,circular
974,1100,700,94.14269436624977,-85,-85,-85,-85,1350,700,103.82120785863069,6.869647112085612,circular
975,1100,700,94.14269436624977,-85,-85,-85,-85,1350,700,110.6908549707163,6.869647112085612,circular
976,1100,700,94.14269436624977,-85,-85,-85,-85,1350,700,117.56050208280192,6.869647112085612,circular
977,1100,700,94.14269436624977,-85,-85,-85,-85,1350,700,124.43014919488753,6.869647112085612,circular
978,1100,700,94.14269436624977,-85,-85,-85,-85,1350,700,131.29979630697315,6.869647112085612,circular
979,1100,700,94.14269436624977,-85,-85,-85,-85,1350,700,138.16944341905875,6.869647112085612,circular
980,1100,700,94.14269436624977,-85,-85,14.513447644213304,18.47430475951294,1350,700,145.03909053114435,6.869647112085612,circular
981,1100,700,94.14269436624977,-85,-85,20.97742610025734,22.170735458799452,1350,700,151.90873764322995,6.869647112085612,circular
982,1100,700,94.14269436624977,-85,-85,23.31969953712386,23.971022246457757,1350,700,158.77838475531556,6.869647112085612,circular
983,1100,700,94.14269436624977,-85,-85,24.646943359767004,25.042923900792417,1350,700,165.64803186740116,6.869647112085612,circular
984,1100,700,94.14269436624977,-85,-85,25.452908776355446,25.684904084789974,1350,700,172.51767897948676,6.869647112085612,circular
985,1100,700,94.14269436624977,-85,-85,25.859665714847075,26.011117049096303,1350,700,179.38732609157236,6.869647112085612,circular
986,1100,700,94.14269436624977,-85,-85,26.067010357935978,26.074956048612798,1350,700,186.25697320365796,6.869647112085612,circular
987,1100,700,94.14269436624977,-85,-85,26.035130213615616,25.906018829630398,1350,700,193.12662031574357,6.869647112085612,circular
988,1100,700,94.14269436624977,-85,-85,25.7492610641292,25.536951728381826,1350,700,199.99626742782917,6.869647112085612,circular
989,1100,700,94.14269436624977,-85,-85,25.157178905256924,24.788337040832293,1350,700,206.86591453991477,6.869647112085612,circular
990,1100,700,94.14269436624977,-85,-85,24.1582774269213,23.553218972269416,1350,700,213.73556165200037,6.869647112085612,circular
991,1100,700,94.14269436624977,-85,-85,22.496022074683278,21.418119305852123,1350,700,220.60520876408597,6.869647112085612,circular
992,1100,700,94.14269436624977,-85,-85,19.25639156218219,16.269948115724716,1350,700,227.47485587617157,6.869647112085612,circular
993,1100,700,94.14269436624977,-85,-85,-85,-85,1350,700,234.34450298825718,6.869647112085612,circular
994,1100,700,94.14269436624977,-85,-85,-85,-85,1350,700,241.21415010034278,6.869647112085612,circular
995,1100,700,94.14269436624977,-85,-85,-85,-85,1350,700,248.08379721242838,6.869647112085612,circular
996,1100,700,94.14269436624977,-85,-85,-85,-85,1350,700,254.95344432451398,6.869647112085612,circular
997,1100,700,94.14269436624977,-85,-85,-85,-85,1350,700,261.8230914365996,6.869647112085612,circular
998,1100,700,94.14269436624977,-85,-85,-85,-85,1350,700,268.6927385486852,6.869647112085612,circular
999,1100,700,94.14269436624977,-85,-85,-85,-85,1350,700,275.5623856607708,6.869647112085612,circular
