Tick,Aircraft X,Aircraft Y,Aircraft Heading,A1,A2,A3,A4,Radar X,Radar Y,Radar Azimuth,Radar RPM,Radar Scan Pattern
0,1100,700,53.46918625736666,-85,-85,-85,-85,1350,700,51.48370244216123,19.09336304385647,circular
1,1100,700,53.46918625736666,-85,-85,-85,-85,1350,700,70.5770654860177,19.09336304385647,circular
2,1100,700,53.46918625736666,-85,-85,-85,-85,1350,700,89.67042852987417,19.09336304385647,circular
3,1100,700,53.46918625736666,-85,-85,-85,-85,1350,700,108.76379157373064,19.09336304385647,circular
4,1100,700,53.46918625736666,-85,-85,-85,-85,1350,700,127.85715461758711,19.09336304385647,circular
5,1100,700,53.46918625736666,-85,-85,-85,-85,1350,700,146.9505176614436,19.09336304385647,circular
6,1100,700,53.46918625736666,-85,-85,21.41811930585211,22.496022074683278,1350,700,166.04388070530007,19.09336304385647,circular
7,1100,700,53.46918625736666,-85,-85,25.36180729449956,25.614204328866276,1350,700,185.13724374915654,19.09336304385647,circular
8,1100,700,53.46918625736666,-85,-85,26.067010357935978,26.011117049096303,1350,700,204.230606793013,19.09336304385647,circular
9,1100,700,53.46918625736666,-85,-85,24.788337040832293,24.332711411139446,1350,700,223.32396983686948,19.09336304385647,circular
10,1100,700,53.46918625736666,-85,-85,17.51315549939211,14.513447644213265,1350,700,242.41733288072595,19.09336304385647,circular
11,1100,700,53.46918625736666,-85,-85,-85,-85,1350,700,261.5106959245824,19.09336304385647,circular
12,1100,700,53.46918625736666,-85,-85,-85,-85,1350,700,280.6040589684389,19.09336304385647,circular
13,1100,700,53.46918625736666,-85,-85,-85,-85,1350,700,299.69742201229536,19.09336304385647,circular
14,1100,700,53.46918625736666,-85,-85,-85,-85,1350,700,318.79078505615183,19.09336304385647,circular
15,1100,700,53.46918625736666,-85,-85,-85,-85,1350,700,337.8841481000083,19.09336304385647,circular
16,1100,700,53.46918625736666,-85,-85,-85,-85,1350,700,356.9775111438648,19.09336304385647,circular
17,1100,700,53.46918625736666,-85,-85,-85,-85,1350,700,16.070874187721245,19.09336304385647,circular
18,1100,700,53.46918625736666,-85,-85,-85,-85,1350,700,35.164237231577715,19.09336304385647,circular
19,1100,700,53.46918625736666,-85,-85,-85,-85,1350,700,54.257600275434186,19.09336304385647,circular
20,1100,700,53.46918625736666,-85,-85,-85,-85,1350,700,73.35096331929066,19.09336304385647,circular
21,1100,700,53.46918625736666,-85,-85,-85,-85,1350,700,92.44432636314713,19.09336304385647,circular
22,1100,700,53.46918625736666,-85,-85,-85,-85,1350,700,111.5376894070036,19.09336304385647,circular
23,1100,700,53.46918625736666,-85,-85,-85,-85,1350,700,130.63105245086007,19.09336304385647,circular
24,1100,700,53.46918625736666,-85,-85,-85,-85,1350,700,149.72441549471654,19.09336304385647,circular
25,1100,700,53.46918625736666,-85,-85,22.496022074683278,23.31969953712386,1350,700,168.817778538573,19.09336304385647,circular
26,1100,700,53.46918625736666,-85,-85,25.614204328866276,25.80746062382631,1350,700,187.91114158242948,19.09336304385647,circular
27,1100,700,53.46918625736666,-85,-85,26.011117049096303,25.906018829630398,1350,700,207.00450462628595,19.09336304385647,circular
28,1100,700,53.46918625736666,-85,-85,24.332711411139446,23.769789312347285,1350,700,226.09786767014242,19.09336304385647,circular
29,1100,700,53.46918625736666,-85,-85,14.513447644213265,-85,1350,700,245.1912307139989,19.09336304385647,circular
30,1100,700,53.46918625736666,-85,-85,-85,-85,1350,700,264.28459375785536,19.09336304385647,circular
31,1100,700,53.46918625736666,-85,-85,-85,-85,1350,700,283.37795680171183,19.09336304385647,circular
32,1100,700,53.46918625736666,-85,-85,-85,-85,1350,700,302.4713198455683,19.09336304385647,circular
33,1100,700,53.46918625736666,-85,-85,-85,-85,1350,700,321.5646828894248,19.09336304385647,circular
34,1100,700,53.46918625736666,-85,-85,-85,-85,1350,700,340.65804593328124,19.09336304385647,circular
35,1100,700,53.46918625736666,-85,-85,-85,-85,1350,700,359.7514089771377,19.09336304385647,circular
36,1100,700,53.46918625736666,-85,-85,-85,-85,1350,700,18.844772020994185,19.09336304385647,circular
37,1100,700,53.46918625736666,-85,-85,-85,-85,1350,700,37.938135064850655,19.09336304385647,circular
38,1100,700,53.46918625736666,-85,-85,-85,-85,1350,700,57.031498108707126,19.09336304385647,circular
39,1100,700,53.46918625736666,-85,-85,-85,-85,1350,700,76.1248611525636,19.09336304385647,circular
40,1100,700,53.46918625736666,-85,-85,-85,-85,1350,700,95.21822419642007,19.09336304385647,circular
41,1100,700,53.46918625736666,-85,-85,-85,-85,1350,700,114.31158724027654,19.09336304385647,circular
42,1100,700,53.46918625736666,-85,-85,-85,-85,1350,700,133.404950284133,19.09336304385647,circular
43,1100,700,53.46918625736666,-85,-85,-85,-85,1350,700,152.49831332798948,19.09336304385647,circular
44,1100,700,53.46918625736666,-85,-85,23.31969953712386,23.769789312347285,1350,700,171.59167637184595,19.09336304385647,circular
45,1100,700,53.46918625736666,-85,-85,25.80746062382631,25.906018829630398,1350,700,190.68503941570242,19.09336304385647,circular
46,1100,700,53.46918625736666,-85,-85,25.906018829630398,25.7492610641292,1350,700,209.7784024595589,19.09336304385647,circular
47,1100,700,53.46918625736666,-85,-85,23.769789312347285,23.067302502757133,1350,700,228.87176550341536,19.09336304385647,circular
48,1100,700,53.46918625736666,-85,-85,-85,-85,1350,700,247.96512854727183,19.09336304385647,circular
49,1100,700,53.46918625736666,-85,-85,-85,-85,1350,700,267.0584915911283,19.09336304385647,circular
50,1100,700,53.46918625736666,-85,-85,-85,-85,1350,700,286.1518546349848,19.09336304385647,circular
51,1100,700,53.46918625736666,-85,-85,-85,-85,1350,700,305.24521767884124,19.09336304385647,circular
52,1100,700,53.46918625736666,-85,-85,-85,-85,1350,700,324.3385807226977,19.09336304385647,circular
53,1100,700,53.46918625736666,-85,-85,-85,-85,1350,700,343.4319437665542,19.09336304385647,circular
54,1100,700,53.46918625736666,-85,-85,-85,-85,1350,700,2.5253068104106546,19.09336304385647,circular
55,1100,700,53.46918625736666,-85,-85,-85,-85,1350,700,21.618669854267125,19.09336304385647,circular
56,1100,700,53.46918625736666,-85,-85,-85,-85,1350,700,40.712032898123596,19.09336304385647,circular
57,1100,700,53.46918625736666,-85,-85,-85,-85,1350,700,59.805395941980066,19.09336304385647,circular
58,1100,700,53.46918625736666,-85,-85,-85,-85,1350,700,78.89875898583654,19.09336304385647,circular
59,1100,700,53.46918625736666,-85,-85,-85,-85,1350,700,97.99212202969301,19.09336304385647,circular
60,1100,700,53.46918625736666,-85,-85,-85,-85,1350,700,117.08548507354948,19.09336304385647,circular
61,1100,700,53.46918625736666,-85,-85,-85,-85,1350,700,136.17884811740595,19.09336304385647,circular
62,1100,700,53.46918625736666,-85,-85,-85,14.513447644213304,1350,700,155.27221116126242,19.09336304385647,circular
63,1100,700,53.46918625736666,-85,-85,23.769789312347285,24.33271141113945,1350,700,174.3655742051189,19.09336304385647,circular
64,1100,700,53.46918625736666,-85,-85,25.946643644493044,26.011117049096303,1350,700,193.45893724897536,19.09336304385647,circular
65,1100,700,53.46918625736666,-85,-85,25.7492610641292,25.614204328866276,1350,700,212.55230029283183,19.09336304385647,circular
66,1100,700,53.46918625736666,-85,-85,23.067302502757133,22.496022074683278,1350,700,231.6456633366883,19.09336304385647,circular
67,1100,700,53.46918625736666,-85,-85,-85,-85,1350,700,250.73902638054477,19.09336304385647,circular
68,1100,700,53.46918625736666,-85,-85,-85,-85,1350,700,269.83238942440124,19.09336304385647,circular
69,1100,700,53.46918625736666,-85,-85,-85,-85,1350,700,288.9257524682577,19.09336304385647,circular
70,1100,700,53.46918625736666,-85,-85,-85,-85,1350,700,308.0191155121142,19.09336304385647,circular
71,1100,700,53.46918625736666,-85,-85,-85,-85,1350,700,327.11247855597065,19.09336304385647,circular
72,1100,700,53.46918625736666,-85,-85,-85,-85,1350,700,346.2058415998271,19.09336304385647,circular
73,1100,700,53.46918625736666,-85,-85,-85,-85,1350,700,5.299204643683595,19.09336304385647,circular
74,1100,700,53.46918625736666,-85,-85,-85,-85,1350,700,24.392567687540065,19.09336304385647,circular
75,1100,700,53.46918625736666,-85,-85,-85,-85,1350,700,43.485930731396536,19.09336304385647,circular
76,1100,700,53.46918625736666,-85,-85,-85,-85,1350,700,62.57929377525301,19.09336304385647,circular
77,1100,700,53.46918625736666,-85,-85,-85,-85,1350,700,81.67265681910948,19.09336304385647,circular
78,1100,700,53.46918625736666,-85,-85,-85,-85,1350,700,100.76601986296595,19.09336304385647,circular
79,1100,700,53.46918625736666,-85,-85,-85,-85,1350,700,119.85938290682242,19.09336304385647,circular
80,1100,700,53.46918625736666,-85,-85,-85,-85,1350,700,138.9527459506789,19.09336304385647,circular
81,1100,700,53.46918625736666,-85,-85,14.513447644213304,18.47430475951294,1350,700,158.04610899453536,19.09336304385647,circular
82,1100,700,53.46918625736666,-85,-85,24.33271141113945,24.78833704083229,1350,700,177.13947203839183,19.09336304385647,circular
83,1100,700,53.46918625736666,-85,-85,26.011117049096303,26.067010357935978,1350,700,196.2328350822483,19.09336304385647,circular
84,1100,700,53.46918625736666,-85,-85,25.614204328866276,25.361807294499556,1350,700,215.32619812610477,19.09336304385647,circular
85,1100,700,53.46918625736666,-85,-85,22.170735458799452,21.418119305852123,1350,700,234.41956116996124,19.09336304385647,circular
86,1100,700,53.46918625736666,-85,-85,-85,-85,1350,700,253.5129242138177,19.09336304385647,circular
87,1100,700,53.46918625736666,-85,-85,-85,-85,1350,700,272.6062872576742,19.09336304385647,circular
88,1100,700,53.46918625736666,-85,-85,-85,-85,1350,700,291.69965030153065,19.09336304385647,circular
89,1100,700,53.46918625736666,-85,-85,-85,-85,1350,700,310.7930133453871,19.09336304385647,circular
90,1100,700,53.46918625736666,-85,-85,-85,-85,1350,700,329.8863763892436,19.09336304385647,circular
91,1100,700,53.46918625736666,-85,-85,-85,-85,1350,700,348.97973943310006,19.09336304385647,circular
92,1100,700,53.46918625736666,-85,-85,-85,-85,1350,700,8.073102476956535,19.09336304385647,circular
93,1100,700,53.46918625736666,-85,-85,-85,-85,1350,700,27.166465520813006,19.09336304385647,circular
94,1100,700,53.46918625736666,-85,-85,-85,-85,1350,700,46.259828564669476,19.09336304385647,circular
95,1100,700,53.46918625736666,-85,-85,-85,-85,1350,700,65.35319160852595,19.09336304385647,circular
96,1100,700,53.46918625736666,-85,-85,-85,-85,1350,700,84.44655465238242,19.09336304385647,circular
97,1100,700,53.46918625736666,-85,-85,-85,-85,1350,700,103.53991769623889,19.09336304385647,circular
98,1100,700,53.46918625736666,-85,-85,-85,-85,1350,700,122.63328074009536,19.09336304385647,circular
99,1100,700,53.46918625736666,-85,-85,-85,-85,1350,700,141.72664378395183,19.09336304385647,circular
100,1100,700,53.46918625736666,-85,-85,18.47430475951294,20.48098321025059,1350,700,160.8200068278083,19.09336304385647,circular
101,1100,700,53.46918625736666,-85,-85,24.78833704083229,25.157178905256924,1350,700,179.91336987166477,19.09336304385647,circular
102,1100,700,53.46918625736666,-85,-85,26.067010357935978,26.077602459396946,1350,700,199.00673291552124,19.09336304385647,circular
103,1100,700,53.46918625736666,-85,-85,25.361807294499556,25.042923900792417,1350,700,218.1000959593777,19.09336304385647,circular
104,1100,700,53.46918625736666,-85,-85,21.418119305852123,19.914354227256315,1350,700,237.19345900323418,19.09336304385647,circular
105,1100,700,53.46918625736666,-85,-85,-85,-85,1350,700,256.28682204709065,19.09336304385647,circular
106,1100,700,53.46918625736666,-85,-85,-85,-85,1350,700,275.3801850909471,19.09336304385647,circular
107,1100,700,53.46918625736666,-85,-85,-85,-85,1350,700,294.4735481348036,19.09336304385647,circular
108,1100,700,53.46918625736666,-85,-85,-85,-85,1350,700,313.56691117866006,19.09336304385647,circular
109,1100,700,53.46918625736666,-85,-85,-85,-85,1350,700,332.66027422251653,19.09336304385647,circular
110,1100,700,53.46918625736666,-85,-85,-85,-85,1350,700,351.753637266373,19.09336304385647,circular
111,1100,700,53.46918625736666,-85,-85,-85,-85,1350,700,10.847000310229475,19.09336304385647,circular
112,1100,700,53.46918625736666,-85,-85,-85,-85,1350,700,29.940363354085946,19.09336304385647,circular
113,1100,700,53.46918625736666,-85,-85,-85,-85,1350,700,49.03372639794242,19.09336304385647,circular
114,1100,700,53.46918625736666,-85,-85,-85,-85,1350,700,68.12708944179889,19.09336304385647,circular
115,1100,700,53.46918625736666,-85,-85,-85,-85,1350,700,87.22045248565536,19.09336304385647,circular
116,1100,700,53.46918625736666,-85,-85,-85,-85,1350,700,106.31381552951183,19.09336304385647,circular
117,1100,700,53.46918625736666,-85,-85,-85,-85,1350,700,125.4071785733683,19.09336304385647,circular
118,1100,700,53.46918625736666,-85,-85,-85,-85,1350,700,144.50054161722477,19.09336304385647,circular
119,1100,700,53.46918625736666,-85,-85,20.48098321025059,21.41811930585211,1350,700,163.59390466108124,19.09336304385647,circular
120,1100,700,53.46918625736666,-85,-85,25.157178905256924,25.36180729449956,1350,700,182.6872677049377,19.09336304385647,circular
121,1100,700,53.46918625736666,-85,-85,26.077602459396946,26.053745949214605,1350,700,201.78063074879418,19.09336304385647,circular
122,1100,700,53.46918625736666,-85,-85,25.042923900792417,24.646943359767004,1350,700,220.87399379265065,19.09336304385647,circular
123,1100,700,53.46918625736666,-85,-85,19.914354227256315,17.51315549939211,1350,700,239.96735683650712,19.09336304385647,circular
124,1100,700,53.46918625736666,-85,-85,-85,-85,1350,700,259.0607198803636,19.09336304385647,circular
125,1100,700,53.46918625736666,-85,-85,-85,-85,1350,700,278.15408292422006,19.09336304385647,circular
126,1100,700,53.46918625736666,-85,-85,-85,-85,1350,700,297.24744596807653,19.09336304385647,circular
127,1100,700,53.46918625736666,-85,-85,-85,-85,1350,700,316.340809011933,19.09336304385647,circular
128,1100,700,53.46918625736666,-85,-85,-85,-85,1350,700,335.4341720557895,19.09336304385647,circular
129,1100,700,53.46918625736666,-85,-85,-85,-85,1350,700,354.52753509964595,19.09336304385647,circular
130,1100,700,53.46918625736666,-85,-85,-85,-85,1350,700,13.620898143502416,19.09336304385647,circular
131,1100,700,53.46918625736666,-85,-85,-85,-85,1350,700,32.714261187358886,19.09336304385647,circular
132,1100,700,53.46918625736666,-85,-85,-85,-85,1350,700,51.80762423121536,19.09336304385647,circular
133,1100,700,53.46918625736666,-85,-85,-85,-85,1350,700,70.90098727507183,19.09336304385647,circular
134,1100,700,53.46918625736666,-85,-85,-85,-85,1350,700,89.9943503189283,19.09336304385647,circular
135,1100,700,53.46918625736666,-85,-85,-85,-85,1350,700,109.08771336278477,19.09336304385647,circular
136,1100,700,53.46918625736666,-85,-85,-85,-85,1350,700,128.18107640664124,19.09336304385647,circular
137,1100,700,53.46918625736666,-85,-85,-85,-85,1350,700,147.2744394504977,19.09336304385647,circular
138,1100,700,53.46918625736666,-85,-85,21.41811930585211,22.496022074683278,1350,700,166.36780249435418,19.09336304385647,circular
139,1100,700,53.46918625736666,-85,-85,25.452908776355446,25.614204328866276,1350,700,185.46116553821065,19.09336304385647,circular
140,1100,700,53.46918625736666,-85,-85,26.053745949214605,26.011117049096303,1350,700,204.55452858206712,19.09336304385647,circular
141,1100,700,53.46918625736666,-85,-85,24.646943359767004,24.332711411139446,1350,700,223.6478916259236,19.09336304385647,circular
142,1100,700,53.46918625736666,-85,-85,17.51315549939211,14.513447644213265,1350,700,242.74125466978006,19.09336304385647,circular
143,1100,700,53.46918625736666,-85,-85,-85,-85,1350,700,261.83461771363653,19.09336304385647,circular
144,1100,700,53.46918625736666,-85,-85,-85,-85,1350,700,280.927980757493,19.09336304385647,circular
145,1100,700,53.46918625736666,-85,-85,-85,-85,1350,700,300.0213438013495,19.09336304385647,circular
146,1100,700,53.46918625736666,-85,-85,-85,-85,1350,700,319.11470684520594,19.09336304385647,circular
147,1100,700,53.46918625736666,-85,-85,-85,-85,1350,700,338.2080698890624,19.09336304385647,circular
148,1100,700,53.46918625736666,-85,-85,-85,-85,1350,700,357.3014329329189,19.09336304385647,circular
149,1100,700,53.46918625736666,-85,-85,-85,-85,1350,700,16.394795976775356,19.09336304385647,circular
150,1100,700,53.46918625736666,-85,-85,-85,-85,1350,700,35.48815902063183,19.09336304385647,circular
151,1100,700,53.46918625736666,-85,-85,-85,-85,1350,700,54.5815220644883,19.09336304385647,circular
152,1100,700,53.46918625736666,-85,-85,-85,-85,1350,700,73.67488510834477,19.09336304385647,circular
153,1100,700,53.46918625736666,-85,-85,-85,-85,1350,700,92.76824815220124,19.09336304385647,circular
154,1100,700,53.46918625736666,-85,-85,-85,-85,1350,700,111.86161119605771,19.09336304385647,circular
155,1100,700,53.46918625736666,-85,-85,-85,-85,1350,700,130.95497423991418,19.09336304385647,circular
156,1100,700,53.46918625736666,-85,-85,-85,-85,1350,700,150.04833728377065,19.09336304385647,circular
157,1100,700,53.46918625736666,-85,-85,22.496022074683278,23.31969953712386,1350,700,169.14170032762712,19.09336304385647,circular
158,1100,700,53.46918625736666,-85,-85,25.614204328866276,25.80746062382631,1350,700,188.2350633714836,19.09336304385647,circular
159,1100,700,53.46918625736666,-85,-85,26.011117049096303,25.906018829630398,1350,700,207.32842641534006,19.09336304385647,circular
160,1100,700,53.46918625736666,-85,-85,24.1582774269213,23.769789312347285,1350,700,226.42178945919653,19.09336304385647,circular
161,1100,700,53.46918625736666,-85,-85,11.50579409835762,-85,1350,700,245.515152503053,19.09336304385647,circular
162,1100,700,53.46918625736666,-85,-85,-85,-85,1350,700,264.6085155469095,19.09336304385647,circular
163,1100,700,53.46918625736666,-85,-85,-85,-85,1350,700,283.70187859076594,19.09336304385647,circular
164,1100,700,53.46918625736666,-85,-85,-85,-85,1350,700,302.7952416346224,19.09336304385647,circular
165,1100,700,53.46918625736666,-85,-85,-85,-85,1350,700,321.8886046784789,19.09336304385647,circular
166,1100,700,53.46918625736666,-85,-85,-85,-85,1350,700,340.98196772233536,19.09336304385647,circular
167,1100,700,53.46918625736666,-85,-85,-85,-85,1350,700,0.07533076619182566,19.09336304385647,circular
168,1100,700,53.46918625736666,-85,-85,-85,-85,1350,700,19.168693810048296,19.09336304385647,circular
169,1100,700,53.46918625736666,-85,-85,-85,-85,1350,700,38.26205685390477,19.09336304385647,circular
170,1100,700,53.46918625736666,-85,-85,-85,-85,1350,700,57.35541989776124,19.09336304385647,circular
171,1100,700,53.46918625736666,-85,-85,-85,-85,1350,700,76.44878294161771,19.09336304385647,circular
172,1100,700,53.46918625736666,-85,-85,-85,-85,1350,700,95.54214598547418,19.09336304385647,circular
173,1100,700,53.46918625736666,-85,-85,-85,-85,1350,700,114.63550902933065,19.09336304385647,circular
174,1100,700,53.46918625736666,-85,-85,-85,-85,1350,700,133.72887207318712,19.09336304385647,circular
175,1100,700,53.46918625736666,-85,-85,-85,-85,1350,700,152.8222351170436,19.09336304385647,circular
176,1100,700,53.46918625736666,-85,-85,23.31969953712386,23.971022246457757,1350,700,171.91559816090006,19.09336304385647,circular
177,1100,700,53.46918625736666,-85,-85,25.80746062382631,25.946643644493044,1350,700,191.00896120475653,19.09336304385647,circular
178,1100,700,53.46918625736666,-85,-85,25.906018829630398,25.7492610641292,1350,700,210.102324248613,19.09336304385647,circular
179,1100,700,53.46918625736666,-85,-85,23.769789312347285,23.067302502757133,1350,700,229.19568729246947,19.09336304385647,circular
180,1100,700,53.46918625736666,-85,-85,-85,-85,1350,700,248.28905033632594,19.09336304385647,circular
181,1100,700,53.46918625736666,-85,-85,-85,-85,1350,700,267.3824133801824,19.09336304385647,circular
182,1100,700,53.46918625736666,-85,-85,-85,-85,1350,700,286.4757764240389,19.09336304385647,circular
183,1100,700,53.46918625736666,-85,-85,-85,-85,1350,700,305.56913946789535,19.09336304385647,circular
184,1100,700,53.46918625736666,-85,-85,-85,-85,1350,700,324.6625025117518,19.09336304385647,circular
185,1100,700,53.46918625736666,-85,-85,-85,-85,1350,700,343.7558655556083,19.09336304385647,circular
186,1100,700,53.46918625736666,-85,-85,-85,-85,1350,700,2.849228599464766,19.09336304385647,circular
187,1100,700,53.46918625736666,-85,-85,-85,-85,1350,700,21.942591643321236,19.09336304385647,circular
188,1100,700,53.46918625736666,-85,-85,-85,-85,1350,700,41.03595468717771,19.09336304385647,circular
189,1100,700,53.46918625736666,-85,-85,-85,-85,1350,700,60.12931773103418,19.09336304385647,circular
190,1100,700,53.46918625736666,-85,-85,-85,-85,1350,700,79.22268077489065,19.09336304385647,circular
191,1100,700,53.46918625736666,-85,-85,-85,-85,1350,700,98.31604381874712,19.09336304385647,circular
192,1100,700,53.46918625736666,-85,-85,-85,-85,1350,700,117.40940686260359,19.09336304385647,circular
193,1100,700,53.46918625736666,-85,-85,-85,-85,1350,700,136.50276990646006,19.09336304385647,circular
194,1100,700,53.46918625736666,-85,-85,-85,14.513447644213304,1350,700,155.59613295031653,19.09336304385647,circular
195,1100,700,53.46918625736666,-85,-85,23.971022246457757,24.33271141113945,1350,700,174.689495994173,19.09336304385647,circular
196,1100,700,53.46918625736666,-85,-85,25.946643644493044,26.035130213615616,1350,700,193.78285903802947,19.09336304385647,circular
197,1100,700,53.46918625736666,-85,-85,25.7492610641292,25.536951728381826,1350,700,212.87622208188594,19.09336304385647,circular
198,1100,700,53.46918625736666,-85,-85,23.067302502757133,22.170735458799452,1350,700,231.9695851257424,19.09336304385647,circular
199,1100,700,53.46918625736666,-85,-85,-85,-85,1350,700,251.06294816959888,19.09336304385647,circular
200,1100,700,53.46918625736666,-85,-85,-85,-85,1350,700,270.15631121345535,19.09336304385647,circular
201,1100,700,53.46918625736666,-85,-85,-85,-85,1350,700,289.2496742573118,19.09336304385647,circular
202,1100,700,53.46918625736666,-85,-85,-85,-85,1350,700,308.3430373011683,19.09336304385647,circular
203,1100,700,53.46918625736666,-85,-85,-85,-85,1350,700,327.43640034502477,19.09336304385647,circular
204,1100,700,53.46918625736666,-85,-85,-85,-85,1350,700,346.52976338888124,19.09336304385647,circular
205,1100,700,53.46918625736666,-85,-85,-85,-85,1350,700,5.623126432737706,19.09336304385647,circular
206,1100,700,53.46918625736666,-85,-85,-85,-85,1350,700,24.716489476594177,19.09336304385647,circular
207,1100,700,53.46918625736666,-85,-85,-85,-85,1350,700,43.80985252045065,19.09336304385647,circular
208,1100,700,53.46918625736666,-85,-85,-85,-85,1350,700,62.90321556430712,19.09336304385647,circular
209,1100,700,53.46918625736666,-85,-85,-85,-85,1350,700,81.99657860816359,19.09336304385647,circular
210,1100,700,53.46918625736666,-85,-85,-85,-85,1350,700,101.08994165202006,19.09336304385647,circular
211,1100,700,53.46918625736666,-85,-85,-85,-85,1350,700,120.18330469587653,19.09336304385647,circular
212,1100,700,53.46918625736666,-85,-85,-85,-85,1350,700,139.276667739733,19.09336304385647,circular
213,1100,700,53.46918625736666,-85,-85,14.513447644213304,18.47430475951294,1350,700,158.37003078358947,19.09336304385647,circular
214,1100,700,53.46918625736666,-85,-85,24.495315191602927,24.78833704083229,1350,700,177.46339382744594,19.09336304385647,circular
215,1100,700,53.46918625736666,-85,-85,26.035130213615616,26.067010357935978,1350,700,196.5567568713024,19.09336304385647,circular
216,1100,700,53.46918625736666,-85,-85,25.536951728381826,25.361807294499556,1350,700,215.65011991515888,19.09336304385647,circular
217,1100,700,53.46918625736666,-85,-85,22.170735458799452,20.97742610025735,1350,700,234.74348295901535,19.09336304385647,circular
218,1100,700,53.46918625736666,-85,-85,-85,-85,1350,700,253.83684600287182,19.09336304385647,circular
219,1100,700,53.46918625736666,-85,-85,-85,-85,1350,700,272.9302090467283,19.09336304385647,circular
220,1100,700,53.46918625736666,-85,-85,-85,-85,1350,700,292.02357209058476,19.09336304385647,circular
221,1100,700,53.46918625736666,-85,-85,-85,-85,1350,700,311.11693513444123,19.09336304385647,circular
222,1100,700,53.46918625736666,-85,-85,-85,-85,1350,700,330.2102981782977,19.09336304385647,circular
223,1100,700,53.46918625736666,-85,-85,-85,-85,1350,700,349.3036612221542,19.09336304385647,circular
224,1100,700,53.46918625736666,-85,-85,-85,-85,1350,700,8.397024266010646,19.09336304385647,circular
225,1100,700,53.46918625736666,-85,-85,-85,-85,1350,700,27.490387309867117,19.09336304385647,circular
226,1100,700,53.46918625736666,-85,-85,-85,-85,1350,700,46.58375035372359,19.09336304385647,circular
227,1100,700,53.46918625736666,-85,-85,-85,-85,1350,700,65.67711339758006,19.09336304385647,circular
228,1100,700,53.46918625736666,-85,-85,-85,-85,1350,700,84.77047644143653,19.09336304385647,circular
229,1100,700,53.46918625736666,-85,-85,-85,-85,1350,700,103.863839485293,19.09336304385647,circular
230,1100,700,53.46918625736666,-85,-85,-85,-85,1350,700,122.95720252914947,19.09336304385647,circular
231,1100,700,53.46918625736666,-85,-85,-85,-85,1350,700,142.05056557300594,19.09336304385647,circular
232,1100,700,53.46918625736666,-85,-85,18.47430475951294,20.48098321025059,1350,700,161.1439286168624,19.09336304385647,circular
233,1100,700,53.46918625736666,-85,-85,24.78833704083229,25.157178905256924,1350,700,180.23729166071888,19.09336304385647,circular
234,1100,700,53.46918625736666,-85,-85,26.067010357935978,26.077602459396946,1350,700,199.33065470457535,19.09336304385647,circular
235,1100,700,53.46918625736666,-85,-85,25.263344594616918,25.042923900792417,1350,700,218.42401774843182,19.09336304385647,circular
236,1100,700,53.46918625736666,-85,-85,20.97742610025735,19.914354227256315,1350,700,237.5173807922883,19.09336304385647,circular
237,1100,700,53.46918625736666,-85,-85,-85,-85,1350,700,256.61074383614476,19.09336304385647,circular
238,1100,700,53.46918625736666,-85,-85,-85,-85,1350,700,275.70410688000123,19.09336304385647,circular
239,1100,700,53.46918625736666,-85,-85,-85,-85,1350,700,294.7974699238577,19.09336304385647,circular
240,1100,700,53.46918625736666,-85,-85,-85,-85,1350,700,313.8908329677142,19.09336304385647,circular
241,1100,700,53.46918625736666,-85,-85,-85,-85,1350,700,332.98419601157065,19.09336304385647,circular
242,1100,700,53.46918625736666,-85,-85,-85,-85,1350,700,352.0775590554271,19.09336304385647,circular
243,1100,700,53.46918625736666,-85,-85,-85,-85,1350,700,11.170922099283587,19.09336304385647,circular
244,1100,700,53.46918625736666,-85,-85,-85,-85,1350,700,30.264285143140057,19.09336304385647,circular
245,1100,700,53.46918625736666,-85,-85,-85,-85,1350,700,49.35764818699653,19.09336304385647,circular
246,1100,700,53.46918625736666,-85,-85,-85,-85,1350,700,68.451011230853,19.09336304385647,circular
247,1100,700,53.46918625736666,-85,-85,-85,-85,1350,700,87.54437427470947,19.09336304385647,circular
248,1100,700,53.46918625736666,-85,-85,-85,-85,1350,700,106.63773731856594,19.09336304385647,circular
249,1100,700,53.46918625736666,-85,-85,-85,-85,1350,700,125.73110036242241,19.09336304385647,circular
250,1100,700,53.46918625736666,-85,-85,-85,-85,1350,700,144.82446340627888,19.09336304385647,circular
251,1100,700,53.46918625736666,-85,-85,20.48098321025059,21.813356630230874,1350,700,163.91782645013535,19.09336304385647,circular
252,1100,700,53.46918625736666,-85,-85,25.157178905256924,25.452908776355446,1350,700,183.01118949399182,19.09336304385647,circular
253,1100,700,53.46918625736666,-85,-85,26.077602459396946,26.053745949214605,1350,700,202.1045525378483,19.09336304385647,circular
254,1100,700,53.46918625736666,-85,-85,25.042923900792417,24.646943359767004,1350,700,221.19791558170476,19.09336304385647,circular
255,1100,700,53.46918625736666,-85,-85,19.914354227256315,17.51315549939211,1350,700,240.29127862556123,19.09336304385647,circular
256,1100,700,53.46918625736666,-85,-85,-85,-85,1350,700,259.3846416694177,19.09336304385647,circular
257,1100,700,53.46918625736666,-85,-85,-85,-85,1350,700,278.4780047132742,19.09336304385647,circular
258,1100,700,53.46918625736666,-85,-85,-85,-85,1350,700,297.57136775713064,19.09336304385647,circular
259,1100,700,53.46918625736666,-85,-85,-85,-85,1350,700,316.6647308009871,19.09336304385647,circular
260,1100,700,53.46918625736666,-85,-85,-85,-85,1350,700,335.7580938448436,19.09336304385647,circular
261,1100,700,53.46918625736666,-85,-85,-85,-85,1350,700,354.85145688870006,19.09336304385647,circular
262,1100,700,53.46918625736666,-85,-85,-85,-85,1350,700,13.944819932556527,19.09336304385647,circular
263,1100,700,53.46918625736666,-85,-85,-85,-85,1350,700,33.038182976413,19.09336304385647,circular
264,1100,700,53.46918625736666,-85,-85,-85,-85,1350,700,52.13154602026947,19.09336304385647,circular
265,1100,700,53.46918625736666,-85,-85,-85,-85,1350,700,71.22490906412594,19.09336304385647,circular
266,1100,700,53.46918625736666,-85,-85,-85,-85,1350,700,90.31827210798241,19.09336304385647,circular
267,1100,700,53.46918625736666,-85,-85,-85,-85,1350,700,109.41163515183888,19.09336304385647,circular
268,1100,700,53.46918625736666,-85,-85,-85,-85,1350,700,128.50499819569535,19.09336304385647,circular
269,1100,700,53.46918625736666,-85,-85,-85,-85,1350,700,147.59836123955182,19.09336304385647,circular
270,1100,700,53.46918625736666,-85,-85,21.813356630230874,22.496022074683278,1350,700,166.6917242834083,19.09336304385647,circular
271,1100,700,53.46918625736666,-85,-85,25.452908776355446,25.684904084789974,1350,700,185.78508732726476,19.09336304385647,circular
272,1100,700,53.46918625736666,-85,-85,26.053745949214605,25.9816463993744,1350,700,204.87845037112123,19.09336304385647,circular
273,1100,700,53.46918625736666,-85,-85,24.646943359767004,24.1582774269213,1350,700,223.9718134149777,19.09336304385647,circular
274,1100,700,53.46918625736666,-85,-85,17.51315549939211,11.50579409835762,1350,700,243.06517645883417,19.09336304385647,circular
275,1100,700,53.46918625736666,-85,-85,-85,-85,1350,700,262.15853950269064,19.09336304385647,circular
276,1100,700,53.46918625736666,-85,-85,-85,-85,1350,700,281.2519025465471,19.09336304385647,circular
277,1100,700,53.46918625736666,-85,-85,-85,-85,1350,700,300.3452655904036,19.09336304385647,circular
278,1100,700,53.46918625736666,-85,-85,-85,-85,1350,700,319.43862863426006,19.09336304385647,circular
279,1100,700,53.46918625736666,-85,-85,-85,-85,1350,700,338.5319916781165,19.09336304385647,circular
280,1100,700,53.46918625736666,-85,-85,-85,-85,1350,700,357.625354721973,19.09336304385647,circular
281,1100,700,53.46918625736666,-85,-85,-85,-85,1350,700,16.718717765829467,19.09336304385647,circular
282,1100,700,53.46918625736666,-85,-85,-85,-85,1350,700,35.81208080968594,19.09336304385647,circular
283,1100,700,53.46918625736666,-85,-85,-85,-85,1350,700,54.90544385354241,19.09336304385647,circular
284,1100,700,53.46918625736666,-85,-85,-85,-85,1350,700,73.99880689739888,19.09336304385647,circular
285,1100,700,53.46918625736666,-85,-85,-85,-85,1350,700,93.09216994125535,19.09336304385647,circular
286,1100,700,53.46918625736666,-85,-85,-85,-85,1350,700,112.18553298511182,19.09336304385647,circular
287,1100,700,53.46918625736666,-85,-85,-85,-85,1350,700,131.2788960289683,19.09336304385647,circular
288,1100,700,53.46918625736666,-85,-85,-85,-85,1350,700,150.37225907282476,19.09336304385647,circular
289,1100,700,53.46918625736666,-85,-85,22.793695368992218,23.31969953712386,1350,700,169.46562211668123,19.09336304385647,circular
290,1100,700,53.46918625736666,-85,-85,25.684904084789974,25.80746062382631,1350,700,188.5589851605377,19.09336304385647,circular
291,1100,700,53.46918625736666,-85,-85,25.9816463993744,25.906018829630398,1350,700,207.65234820439417,19.09336304385647,circular
292,1100,700,53.46918625736666,-85,-85,24.1582774269213,23.553218972269416,1350,700,226.74571124825064,19.09336304385647,circular
293,1100,700,53.46918625736666,-85,-85,11.50579409835762,-85,1350,700,245.8390742921071,19.09336304385647,circular
294,1100,700,53.46918625736666,-85,-85,-85,-85,1350,700,264.9324373359636,19.09336304385647,circular
295,1100,700,53.46918625736666,-85,-85,-85,-85,1350,700,284.02580037982005,19.09336304385647,circular
296,1100,700,53.46918625736666,-85,-85,-85,-85,1350,700,303.1191634236765,19.09336304385647,circular
297,1100,700,53.46918625736666,-85,-85,-85,-85,1350,700,322.212526467533,19.09336304385647,circular
298,1100,700,53.46918625736666,-85,-85,-85,-85,1350,700,341.30588951138947,19.09336304385647,circular
299,1100,700,53.46918625736666,-85,-85,-85,-85,1350,700,0.39925255524593695,19.09336304385647,circular
300,1100,700,53.46918625736666,-85,-85,-85,-85,1350,700,19.492615599102407,19.09336304385647,circular
301,1100,700,53.46918625736666,-85,-85,-85,-85,1350,700,38.58597864295888,19.09336304385647,circular
302,1100,700,53.46918625736666,-85,-85,-85,-85,1350,700,57.67934168681535,19.09336304385647,circular
303,1100,700,53.46918625736666,-85,-85,-85,-85,1350,700,76.77270473067182,19.09336304385647,circular
304,1100,700,53.46918625736666,-85,-85,-85,-85,1350,700,95.86606777452829,19.09336304385647,circular
305,1100,700,53.46918625736666,-85,-85,-85,-85,1350,700,114.95943081838476,19.09336304385647,circular
306,1100,700,53.46918625736666,-85,-85,-85,-85,1350,700,134.05279386224123,19.09336304385647,circular
307,1100,700,53.46918625736666,-85,-85,-85,-85,1350,700,153.1461569060977,19.09336304385647,circular
308,1100,700,53.46918625736666,-85,-85,23.31969953712386,23.971022246457757,1350,700,172.23951994995417,19.09336304385647,circular
309,1100,700,53.46918625736666,-85,-85,25.80746062382631,25.946643644493044,1350,700,191.33288299381064,19.09336304385647,circular
310,1100,700,53.46918625736666,-85,-85,25.859665714847075,25.7492610641292,1350,700,210.4262460376671,19.09336304385647,circular
311,1100,700,53.46918625736666,-85,-85,23.553218972269416,23.067302502757133,1350,700,229.51960908152358,19.09336304385647,circular
312,1100,700,53.46918625736666,-85,-85,-85,-85,1350,700,248.61297212538005,19.09336304385647,circular
313,1100,700,53.46918625736666,-85,-85,-85,-85,1350,700,267.7063351692365,19.09336304385647,circular
314,1100,700,53.46918625736666,-85,-85,-85,-85,1350,700,286.799698213093,19.09336304385647,circular
315,1100,700,53.46918625736666,-85,-85,-85,-85,1350,700,305.89306125694947,19.09336304385647,circular
316,1100,700,53.46918625736666,-85,-85,-85,-85,1350,700,324.98642430080594,19.09336304385647,circular
317,1100,700,53.46918625736666,-85,-85,-85,-85,1350,700,344.0797873446624,19.09336304385647,circular
318,1100,700,53.46918625736666,-85,-85,-85,-85,1350,700,3.173150388518877,19.09336304385647,circular
319,1100,700,53.46918625736666,-85,-85,-85,-85,1350,700,22.266513432375348,19.09336304385647,circular
320,1100,700,53.46918625736666,-85,-85,-85,-85,1350,700,41.35987647623182,19.09336304385647,circular
321,1100,700,53.46918625736666,-85,-85,-85,-85,1350,700,60.45323952008829,19.09336304385647,circular
322,1100,700,53.46918625736666,-85,-85,-85,-85,1350,700,79.54660256394476,19.09336304385647,circular
323,1100,700,53.46918625736666,-85,-85,-85,-85,1350,700,98.63996560780123,19.09336304385647,circular
324,1100,700,53.46918625736666,-85,-85,-85,-85,1350,700,117.7333286516577,19.09336304385647,circular
325,1100,700,53.46918625736666,-85,-85,-85,-85,1350,700,136.82669169551417,19.09336304385647,circular
326,1100,700,53.46918625736666,-85,-85,-85,16.269948115724727,1350,700,155.92005473937064,19.09336304385647,circular
327,1100,700,53.46918625736666,-85,-85,23.971022246457757,24.495315191602927,1350,700,175.0134177832271,19.09336304385647,circular
328,1100,700,53.46918625736666,-85,-85,25.946643644493044,26.035130213615616,1350,700,194.10678082708358,19.09336304385647,circular
329,1100,700,53.46918625736666,-85,-85,25.7492610641292,25.536951728381826,1350,700,213.20014387094005,19.09336304385647,circular
330,1100,700,53.46918625736666,-85,-85,23.067302502757133,22.170735458799452,1350,700,232.29350691479652,19.09336304385647,circular
331,1100,700,53.46918625736666,-85,-85,-85,-85,1350,700,251.386869958653,19.09336304385647,circular
332,1100,700,53.46918625736666,-85,-85,-85,-85,1350,700,270.48023300250946,19.09336304385647,circular
333,1100,700,53.46918625736666,-85,-85,-85,-85,1350,700,289.57359604636594,19.09336304385647,circular
334,1100,700,53.46918625736666,-85,-85,-85,-85,1350,700,308.6669590902224,19.09336304385647,circular
335,1100,700,53.46918625736666,-85,-85,-85,-85,1350,700,327.7603221340789,19.09336304385647,circular
336,1100,700,53.46918625736666,-85,-85,-85,-85,1350,700,346.85368517793535,19.09336304385647,circular
337,1100,700,53.46918625736666,-85,-85,-85,-85,1350,700,5.9470482217918175,19.09336304385647,circular
338,1100,700,53.46918625736666,-85,-85,-85,-85,1350,700,25.040411265648288,19.09336304385647,circular
339,1100,700,53.46918625736666,-85,-85,-85,-85,1350,700,44.13377430950476,19.09336304385647,circular
340,1100,700,53.46918625736666,-85,-85,-85,-85,1350,700,63.22713735336123,19.09336304385647,circular
341,1100,700,53.46918625736666,-85,-85,-85,-85,1350,700,82.3205003972177,19.09336304385647,circular
342,1100,700,53.46918625736666,-85,-85,-85,-85,1350,700,101.41386344107417,19.09336304385647,circular
343,1100,700,53.46918625736666,-85,-85,-85,-85,1350,700,120.50722648493064,19.09336304385647,circular
344,1100,700,53.46918625736666,-85,-85,-85,-85,1350,700,139.6005895287871,19.09336304385647,circular
345,1100,700,53.46918625736666,-85,-85,16.269948115724727,18.47430475951294,1350,700,158.69395257264358,19.09336304385647,circular
346,1100,700,53.46918625736666,-85,-85,24.495315191602927,24.92014212493214,1350,700,177.78731561650005,19.09336304385647,circular
347,1100,700,53.46918625736666,-85,-85,26.035130213615616,26.074956048612798,1350,700,196.88067866035652,19.09336304385647,circular
348,1100,700,53.46918625736666,-85,-85,25.536951728381826,25.263344594616918,1350,700,215.974041704213,19.09336304385647,circular
349,1100,700,53.46918625736666,-85,-85,22.170735458799452,20.97742610025735,1350,700,235.06740474806946,19.09336304385647,circular
350,1100,700,53.46918625736666,-85,-85,-85,-85,1350,700,254.16076779192593,19.09336304385647,circular
351,1100,700,53.46918625736666,-85,-85,-85,-85,1350,700,273.2541308357824,19.09336304385647,circular
352,1100,700,53.46918625736666,-85,-85,-85,-85,1350,700,292.3474938796389,19.09336304385647,circular
353,1100,700,53.46918625736666,-85,-85,-85,-85,1350,700,311.44085692349535,19.09336304385647,circular
354,1100,700,53.46918625736666,-85,-85,-85,-85,1350,700,330.5342199673518,19.09336304385647,circular
355,1100,700,53.46918625736666,-85,-85,-85,-85,1350,700,349.6275830112083,19.09336304385647,circular
356,1100,700,53.46918625736666,-85,-85,-85,-85,1350,700,8.720946055064758,19.09336304385647,circular
357,1100,700,53.46918625736666,-85,-85,-85,-85,1350,700,27.81430909892123,19.09336304385647,circular
358,1100,700,53.46918625736666,-85,-85,-85,-85,1350,700,46.9076721427777,19.09336304385647,circular
359,1100,700,53.46918625736666,-85,-85,-85,-85,1350,700,66.00103518663417,19.09336304385647,circular
360,1100,700,53.46918625736666,-85,-85,-85,-85,1350,700,85.09439823049064,19.09336304385647,circular
361,1100,700,53.46918625736666,-85,-85,-85,-85,1350,700,104.18776127434711,19.09336304385647,circular
362,1100,700,53.46918625736666,-85,-85,-85,-85,1350,700,123.28112431820358,19.09336304385647,circular
363,1100,700,53.46918625736666,-85,-85,-85,-85,1350,700,142.37448736206005,19.09336304385647,circular
364,1100,700,53.46918625736666,-85,-85,19.25639156218217,20.48098321025059,1350,700,161.46785040591652,19.09336304385647,circular
365,1100,700,53.46918625736666,-85,-85,24.92014212493214,25.157178905256924,1350,700,180.561213449773,19.09336304385647,circular
366,1100,700,53.46918625736666,-85,-85,26.074956048612798,26.077602459396946,1350,700,199.65457649362946,19.09336304385647,circular
367,1100,700,53.46918625736666,-85,-85,25.263344594616918,24.92014212493214,1350,700,218.74793953748593,19.09336304385647,circular
368,1100,700,53.46918625736666,-85,-85,20.97742610025735,19.25639156218219,1350,700,237.8413025813424,19.09336304385647,circular
369,1100,700,53.46918625736666,-85,-85,-85,-85,1350,700,256.9346656251989,19.09336304385647,circular
370,1100,700,53.46918625736666,-85,-85,-85,-85,1350,700,276.02802866905535,19.09336304385647,circular
371,1100,700,53.46918625736666,-85,-85,-85,-85,1350,700,295.1213917129118,19.09336304385647,circular
372,1100,700,53.46918625736666,-85,-85,-85,-85,1350,700,314.2147547567683,19.09336304385647,circular
373,1100,700,53.46918625736666,-85,-85,-85,-85,1350,700,333.30811780062476,19.09336304385647,circular
374,1100,700,53.46918625736666,-85,-85,-85,-85,1350,700,352.4014808444812,19.09336304385647,circular
375,1100,700,53.46918625736666,-85,-85,-85,-85,1350,700,11.494843888337698,19.09336304385647,circular
376,1100,700,53.46918625736666,-85,-85,-85,-85,1350,700,30.58820693219417,19.09336304385647,circular
377,1100,700,53.46918625736666,-85,-85,-85,-85,1350,700,49.68156997605064,19.09336304385647,circular
378,1100,700,53.46918625736666,-85,-85,-85,-85,1350,700,68.77493301990711,19.09336304385647,circular
379,1100,700,53.46918625736666,-85,-85,-85,-85,1350,700,87.86829606376358,19.09336304385647,circular
380,1100,700,53.46918625736666,-85,-85,-85,-85,1350,700,106.96165910762005,19.09336304385647,circular
381,1100,700,53.46918625736666,-85,-85,-85,-85,1350,700,126.05502215147652,19.09336304385647,circular
382,1100,700,53.46918625736666,-85,-85,-85,-85,1350,700,145.148385195333,19.09336304385647,circular
383,1100,700,53.46918625736666,-85,-85,20.48098321025059,21.813356630230874,1350,700,164.24174823918946,19.09336304385647,circular
384,1100,700,53.46918625736666,-85,-85,25.157178905256924,25.452908776355446,1350,700,183.33511128304593,19.09336304385647,circular
385,1100,700,53.46918625736666,-85,-85,26.074956048612798,26.053745949214605,1350,700,202.4284743269024,19.09336304385647,circular
386,1100,700,53.46918625736666,-85,-85,24.92014212493214,24.646943359767004,1350,700,221.52183737075887,19.09336304385647,circular
387,1100,700,53.46918625736666,-85,-85,19.25639156218219,17.51315549939211,1350,700,240.61520041461534,19.09336304385647,circular
388,1100,700,53.46918625736666,-85,-85,-85,-85,1350,700,259.7085634584718,19.09336304385647,circular
389,1100,700,53.46918625736666,-85,-85,-85,-85,1350,700,278.8019265023283,19.09336304385647,circular
390,1100,700,53.46918625736666,-85,-85,-85,-85,1350,700,297.89528954618476,19.09336304385647,circular
391,1100,700,53.46918625736666,-85,-85,-85,-85,1350,700,316.9886525900412,19.09336304385647,circular
392,1100,700,53.46918625736666,-85,-85,-85,-85,1350,700,336.0820156338977,19.09336304385647,circular
393,1100,700,53.46918625736666,-85,-85,-85,-85,1350,700,355.17537867775417,19.09336304385647,circular
394,1100,700,53.46918625736666,-85,-85,-85,-85,1350,700,14.268741721610638,19.09336304385647,circular
395,1100,700,53.46918625736666,-85,-85,-85,-85,1350,700,33.36210476546711,19.09336304385647,circular
396,1100,700,53.46918625736666,-85,-85,-85,-85,1350,700,52.45546780932358,19.09336304385647,circular
397,1100,700,53.46918625736666,-85,-85,-85,-85,1350,700,71.54883085318005,19.09336304385647,circular
398,1100,700,53.46918625736666,-85,-85,-85,-85,1350,700,90.64219389703652,19.09336304385647,circular
399,1100,700,53.46918625736666,-85,-85,-85,-85,1350,700,109.73555694089299,19.09336304385647,circular
400,1100,700,53.46918625736666,-85,-85,-85,-85,1350,700,128.82891998474946,19.09336304385647,circular
401,1100,700,53.46918625736666,-85,-85,-85,-85,1350,700,147.92228302860593,19.09336304385647,circular
402,1100,700,53.46918625736666,-85,-85,21.813356630230874,22.793695368992218,1350,700,167.0156460724624,19.09336304385647,circular
403,1100,700,53.46918625736666,-85,-85,25.452908776355446,25.684904084789974,1350,700,186.10900911631887,19.09336304385647,circular
404,1100,700,53.46918625736666,-85,-85,26.053745949214605,25.9816463993744,1350,700,205.20237216017534,19.09336304385647,circular
405,1100,700,53.46918625736666,-85,-85,24.646943359767004,24.1582774269213,1350,700,224.2957352040318,19.09336304385647,circular
406,1100,700,53.46918625736666,-85,-85,16.269948115724716,11.50579409835762,1350,700,243.38909824788828,19.09336304385647,circular
407,1100,700,53.46918625736666,-85,-85,-85,-85,1350,700,262.48246129174476,19.09336304385647,circular
408,1100,700,53.46918625736666,-85,-85,-85,-85,1350,700,281.5758243356012,19.09336304385647,circular
409,1100,700,53.46918625736666,-85,-85,-85,-85,1350,700,300.6691873794577,19.09336304385647,circular
410,1100,700,53.46918625736666,-85,-85,-85,-85,1350,700,319.76255042331417,19.09336304385647,circular
411,1100,700,53.46918625736666,-85,-85,-85,-85,1350,700,338.85591346717064,19.09336304385647,circular
412,1100,700,53.46918625736666,-85,-85,-85,-85,1350,700,357.9492765110271,19.09336304385647,circular
413,1100,700,53.46918625736666,-85,-85,-85,-85,1350,700,17.04263955488358,19.09336304385647,circular
414,1100,700,53.46918625736666,-85,-85,-85,-85,1350,700,36.13600259874005,19.09336304385647,circular
415,1100,700,53.46918625736666,-85,-85,-85,-85,1350,700,55.22936564259652,19.09336304385647,circular
416,1100,700,53.46918625736666,-85,-85,-85,-85,1350,700,74.32272868645299,19.09336304385647,circular
417,1100,700,53.46918625736666,-85,-85,-85,-85,1350,700,93.41609173030946,19.09336304385647,circular
418,1100,700,53.46918625736666,-85,-85,-85,-85,1350,700,112.50945477416593,19.09336304385647,circular
419,1100,700,53.46918625736666,-85,-85,-85,-85,1350,700,131.6028178180224,19.09336304385647,circular
420,1100,700,53.46918625736666,-85,-85,-85,-85,1350,700,150.69618086187887,19.09336304385647,circular
421,1100,700,53.46918625736666,-85,-85,22.793695368992218,23.553218972269416,1350,700,169.78954390573534,19.09336304385647,circular
422,1100,700,53.46918625736666,-85,-85,25.684904084789974,25.859665714847075,1350,700,188.8829069495918,19.09336304385647,circular
423,1100,700,53.46918625736666,-85,-85,25.9816463993744,25.859665714847075,1350,700,207.97626999344828,19.09336304385647,circular
424,1100,700,53.46918625736666,-85,-85,24.1582774269213,23.553218972269416,1350,700,227.06963303730475,19.09336304385647,circular
425,1100,700,53.46918625736666,-85,-85,11.50579409835762,-85,1350,700,246.16299608116122,19.09336304385647,circular
426,1100,700,53.46918625736666,-85,-85,-85,-85,1350,700,265.2563591250177,19.09336304385647,circular
427,1100,700,53.46918625736666,-85,-85,-85,-85,1350,700,284.34972216887417,19.09336304385647,circular
428,1100,700,53.46918625736666,-85,-85,-85,-85,1350,700,303.44308521273064,19.09336304385647,circular
429,1100,700,53.46918625736666,-85,-85,-85,-85,1350,700,322.5364482565871,19.09336304385647,circular
430,1100,700,53.46918625736666,-85,-85,-85,-85,1350,700,341.6298113004436,19.09336304385647,circular
431,1100,700,53.46918625736666,-85,-85,-85,-85,1350,700,0.7231743443000482,19.09336304385647,circular
432,1100,700,53.46918625736666,-85,-85,-85,-85,1350,700,19.81653738815652,19.09336304385647,circular
433,1100,700,53.46918625736666,-85,-85,-85,-85,1350,700,38.90990043201299,19.09336304385647,circular
434,1100,700,53.46918625736666,-85,-85,-85,-85,1350,700,58.00326347586946,19.09336304385647,circular
435,1100,700,53.46918625736666,-85,-85,-85,-85,1350,700,77.09662651972593,19.09336304385647,circular
436,1100,700,53.46918625736666,-85,-85,-85,-85,1350,700,96.1899895635824,19.09336304385647,circular
437,1100,700,53.46918625736666,-85,-85,-85,-85,1350,700,115.28335260743887,19.09336304385647,circular
438,1100,700,53.46918625736666,-85,-85,-85,-85,1350,700,134.37671565129534,19.09336304385647,circular
439,1100,700,53.46918625736666,-85,-85,-85,-85,1350,700,153.4700786951518,19.09336304385647,circular
440,1100,700,53.46918625736666,-85,-85,23.553218972269416,23.971022246457757,1350,700,172.56344173900828,19.09336304385647,circular
441,1100,700,53.46918625736666,-85,-85,25.859665714847075,25.946643644493044,1350,700,191.65680478286475,19.09336304385647,circular
442,1100,700,53.46918625736666,-85,-85,25.859665714847075,25.684904084789977,1350,700,210.75016782672122,19.09336304385647,circular
443,1100,700,53.46918625736666,-85,-85,23.553218972269416,22.793695368992225,1350,700,229.8435308705777,19.09336304385647,circular
444,1100,700,53.46918625736666,-85,-85,-85,-85,1350,700,248.93689391443417,19.09336304385647,circular
445,1100,700,53.46918625736666,-85,-85,-85,-85,1350,700,268.03025695829064,19.09336304385647,circular
446,1100,700,53.46918625736666,-85,-85,-85,-85,1350,700,287.1236200021471,19.09336304385647,circular
447,1100,700,53.46918625736666,-85,-85,-85,-85,1350,700,306.2169830460036,19.09336304385647,circular
448,1100,700,53.46918625736666,-85,-85,-85,-85,1350,700,325.31034608986005,19.09336304385647,circular
449,1100,700,53.46918625736666,-85,-85,-85,-85,1350,700,344.4037091337165,19.09336304385647,circular
450,1100,700,53.46918625736666,-85,-85,-85,-85,1350,700,3.4970721775729885,19.09336304385647,circular
451,1100,700,53.46918625736666,-85,-85,-85,-85,1350,700,22.59043522142946,19.09336304385647,circular
452,1100,700,53.46918625736666,-85,-85,-85,-85,1350,700,41.68379826528593,19.09336304385647,circular
453,1100,700,53.46918625736666,-85,-85,-85,-85,1350,700,60.7771613091424,19.09336304385647,circular
454,1100,700,53.46918625736666,-85,-85,-85,-85,1350,700,79.87052435299887,19.09336304385647,circular
455,1100,700,53.46918625736666,-85,-85,-85,-85,1350,700,98.96388739685534,19.09336304385647,circular
456,1100,700,53.46918625736666,-85,-85,-85,-85,1350,700,118.05725044071181,19.09336304385647,circular
457,1100,700,53.46918625736666,-85,-85,-85,-85,1350,700,137.15061348456828,19.09336304385647,circular
458,1100,700,53.46918625736666,-85,-85,-85,16.269948115724727,1350,700,156.24397652842475,19.09336304385647,circular
459,1100,700,53.46918625736666,-85,-85,23.971022246457757,24.495315191602927,1350,700,175.33733957228122,19.09336304385647,circular
460,1100,700,53.46918625736666,-85,-85,25.9816463993744,26.035130213615616,1350,700,194.4307026161377,19.09336304385647,circular
461,1100,700,53.46918625736666,-85,-85,25.684904084789977,25.536951728381826,1350,700,213.52406565999416,19.09336304385647,circular
462,1100,700,53.46918625736666,-85,-85,22.793695368992225,22.170735458799452,1350,700,232.61742870385063,19.09336304385647,circular
463,1100,700,53.46918625736666,-85,-85,-85,-85,1350,700,251.7107917477071,19.09336304385647,circular
464,1100,700,53.46918625736666,-85,-85,-85,-85,1350,700,270.8041547915636,19.09336304385647,circular
465,1100,700,53.46918625736666,-85,-85,-85,-85,1350,700,289.89751783542005,19.09336304385647,circular
466,1100,700,53.46918625736666,-85,-85,-85,-85,1350,700,308.9908808792765,19.09336304385647,circular
467,1100,700,53.46918625736666,-85,-85,-85,-85,1350,700,328.084243923133,19.09336304385647,circular
468,1100,700,53.46918625736666,-85,-85,-85,-85,1350,700,347.17760696698946,19.09336304385647,circular
469,1100,700,53.46918625736666,-85,-85,-85,-85,1350,700,6.270970010845929,19.09336304385647,circular
470,1100,700,53.46918625736666,-85,-85,-85,-85,1350,700,25.3643330547024,19.09336304385647,circular
471,1100,700,53.46918625736666,-85,-85,-85,-85,1350,700,44.45769609855887,19.09336304385647,circular
472,1100,700,53.46918625736666,-85,-85,-85,-85,1350,700,63.55105914241534,19.09336304385647,circular
473,1100,700,53.46918625736666,-85,-85,-85,-85,1350,700,82.64442218627181,19.09336304385647,circular
474,1100,700,53.46918625736666,-85,-85,-85,-85,1350,700,101.73778523012828,19.09336304385647,circular
475,1100,700,53.46918625736666,-85,-85,-85,-85,1350,700,120.83114827398475,19.09336304385647,circular
476,1100,700,53.46918625736666,-85,-85,-85,-85,1350,700,139.92451131784122,19.09336304385647,circular
477,1100,700,53.46918625736666,-85,-85,16.269948115724727,19.25639156218217,1350,700,159.0178743616977,19.09336304385647,circular
478,1100,700,53.46918625736666,-85,-85,24.495315191602927,24.92014212493214,1350,700,178.11123740555416,19.09336304385647,circular
479,1100,700,53.46918625736666,-85,-85,26.035130213615616,26.074956048612798,1350,700,197.20460044941063,19.09336304385647,circular
480,1100,700,53.46918625736666,-85,-85,25.536951728381826,25.263344594616918,1350,700,216.2979634932671,19.09336304385647,circular
481,1100,700,53.46918625736666,-85,-85,21.81335663023087,20.97742610025735,1350,700,235.39132653712358,19.09336304385647,circular
482,1100,700,53.46918625736666,-85,-85,-85,-85,1350,700,254.48468958098005,19.09336304385647,circular
483,1100,700,53.46918625736666,-85,-85,-85,-85,1350,700,273.5780526248365,19.09336304385647,circular
484,1100,700,53.46918625736666,-85,-85,-85,-85,1350,700,292.671415668693,19.09336304385647,circular
485,1100,700,53.46918625736666,-85,-85,-85,-85,1350,700,311.76477871254946,19.09336304385647,circular
486,1100,700,53.46918625736666,-85,-85,-85,-85,1350,700,330.8581417564059,19.09336304385647,circular
487,1100,700,53.46918625736666,-85,-85,-85,-85,1350,700,349.9515048002624,19.09336304385647,circular
488,1100,700,53.46918625736666,-85,-85,-85,-85,1350,700,9.044867844118869,19.09336304385647,circular
489,1100,700,53.46918625736666,-85,-85,-85,-85,1350,700,28.13823088797534,19.09336304385647,circular
490,1100,700,53.46918625736666,-85,-85,-85,-85,1350,700,47.23159393183181,19.09336304385647,circular
491,1100,700,53.46918625736666,-85,-85,-85,-85,1350,700,66.32495697568828,19.09336304385647,circular
492,1100,700,53.46918625736666,-85,-85,-85,-85,1350,700,85.41832001954475,19.09336304385647,circular
493,1100,700,53.46918625736666,-85,-85,-85,-85,1350,700,104.51168306340122,19.09336304385647,circular
494,1100,700,53.46918625736666,-85,-85,-85,-85,1350,700,123.60504610725769,19.09336304385647,circular
495,1100,700,53.46918625736666,-85,-85,-85,-85,1350,700,142.69840915111416,19.09336304385647,circular
496,1100,700,53.46918625736666,-85,-85,19.25639156218217,20.97742610025734,1350,700,161.79177219497063,19.09336304385647,circular
497,1100,700,53.46918625736666,-85,-85,24.92014212493214,25.26334459461691,1350,700,180.8851352388271,19.09336304385647,circular
498,1100,700,53.46918625736666,-85,-85,26.074956048612798,26.074956048612798,1350,700,199.97849828268357,19.09336304385647,circular
499,1100,700,53.46918625736666,-85,-85,25.263344594616918,24.92014212493214,1350,700,219.07186132654004,19.09336304385647,circular
500,1100,700,53.46918625736666,-85,-85,20.97742610025735,19.25639156218219,1350,700,238.16522437039652,19.09336304385647,circular
501,1100,700,53.46918625736666,-85,-85,-85,-85,1350,700,257.258587414253,19.09336304385647,circular
502,1100,700,53.46918625736666,-85,-85,-85,-85,1350,700,276.35195045810946,19.09336304385647,circular
503,1100,700,53.46918625736666,-85,-85,-85,-85,1350,700,295.4453135019659,19.09336304385647,circular
504,1100,700,53.46918625736666,-85,-85,-85,-85,1350,700,314.5386765458224,19.09336304385647,circular
505,1100,700,53.46918625736666,-85,-85,-85,-85,1350,700,333.63203958967887,19.09336304385647,circular
506,1100,700,53.46918625736666,-85,-85,-85,-85,1350,700,352.72540263353534,19.09336304385647,circular
507,1100,700,53.46918625736666,-85,-85,-85,-85,1350,700,11.81876567739181,19.09336304385647,circular
508,1100,700,53.46918625736666,-85,-85,-85,-85,1350,700,30.91212872124828,19.09336304385647,circular
509,1100,700,53.46918625736666,-85,-85,-85,-85,1350,700,50.00549176510475,19.09336304385647,circular
510,1100,700,53.46918625736666,-85,-85,-85,-85,1350,700,69.09885480896122,19.09336304385647,circular
511,1100,700,53.46918625736666,-85,-85,-85,-85,1350,700,88.19221785281769,19.09336304385647,circular
512,1100,700,53.46918625736666,-85,-85,-85,-85,1350,700,107.28558089667416,19.09336304385647,circular
513,1100,700,53.46918625736666,-85,-85,-85,-85,1350,700,126.37894394053063,19.09336304385647,circular
514,1100,700,53.46918625736666,-85,-85,-85,-85,1350,700,145.4723069843871,19.09336304385647,circular
515,1100,700,53.46918625736666,-85,-85,20.97742610025734,21.813356630230874,1350,700,164.56567002824357,19.09336304385647,circular
516,1100,700,53.46918625736666,-85,-85,25.26334459461691,25.452908776355446,1350,700,183.65903307210004,19.09336304385647,circular
517,1100,700,53.46918625736666,-85,-85,26.074956048612798,26.035130213615616,1350,700,202.75239611595651,19.09336304385647,circular
518,1100,700,53.46918625736666,-85,-85,24.92014212493214,24.495315191602927,1350,700,221.84575915981299,19.09336304385647,circular
519,1100,700,53.46918625736666,-85,-85,19.25639156218219,16.269948115724716,1350,700,240.93912220366946,19.09336304385647,circular
520,1100,700,53.46918625736666,-85,-85,-85,-85,1350,700,260.0324852475259,19.09336304385647,circular
521,1100,700,53.46918625736666,-85,-85,-85,-85,1350,700,279.1258482913824,19.09336304385647,circular
522,1100,700,53.46918625736666,-85,-85,-85,-85,1350,700,298.21921133523887,19.09336304385647,circular
523,1100,700,53.46918625736666,-85,-85,-85,-85,1350,700,317.31257437909534,19.09336304385647,circular
524,1100,700,53.46918625736666,-85,-85,-85,-85,1350,700,336.4059374229518,19.09336304385647,circular
525,1100,700,53.46918625736666,-85,-85,-85,-85,1350,700,355.4993004668083,19.09336304385647,circular
526,1100,700,53.46918625736666,-85,-85,-85,-85,1350,700,14.59266351066475,19.09336304385647,circular
527,1100,700,53.46918625736666,-85,-85,-85,-85,1350,700,33.68602655452122,19.09336304385647,circular
528,1100,700,53.46918625736666,-85,-85,-85,-85,1350,700,52.77938959837769,19.09336304385647,circular
529,1100,700,53.46918625736666,-85,-85,-85,-85,1350,700,71.87275264223416,19.09336304385647,circular
530,1100,700,53.46918625736666,-85,-85,-85,-85,1350,700,90.96611568609063,19.09336304385647,circular
531,1100,700,53.46918625736666,-85,-85,-85,-85,1350,700,110.0594787299471,19.09336304385647,circular
532,1100,700,53.46918625736666,-85,-85,-85,-85,1350,700,129.15284177380357,19.09336304385647,circular
533,1100,700,53.46918625736666,-85,-85,-85,-85,1350,700,148.24620481766004,19.09336304385647,circular
534,1100,700,53.46918625736666,-85,-85,21.813356630230874,22.793695368992218,1350,700,167.3395678615165,19.09336304385647,circular
535,1100,700,53.46918625736666,-85,-85,25.536951728381826,25.684904084789974,1350,700,186.43293090537298,19.09336304385647,circular
536,1100,700,53.46918625736666,-85,-85,26.035130213615616,25.9816463993744,1350,700,205.52629394922945,19.09336304385647,circular
537,1100,700,53.46918625736666,-85,-85,24.495315191602927,24.1582774269213,1350,700,224.61965699308593,19.09336304385647,circular
538,1100,700,53.46918625736666,-85,-85,16.269948115724716,11.50579409835762,1350,700,243.7130200369424,19.09336304385647,circular
539,1100,700,53.46918625736666,-85,-85,-85,-85,1350,700,262.80638308079887,19.09336304385647,circular
540,1100,700,53.46918625736666,-85,-85,-85,-85,1350,700,281.89974612465534,19.09336304385647,circular
541,1100,700,53.46918625736666,-85,-85,-85,-85,1350,700,300.9931091685118,19.09336304385647,circular
542,1100,700,53.46918625736666,-85,-85,-85,-85,1350,700,320.0864722123683,19.09336304385647,circular
543,1100,700,53.46918625736666,-85,-85,-85,-85,1350,700,339.17983525622475,19.09336304385647,circular
544,1100,700,53.46918625736666,-85,-85,-85,-85,1350,700,358.2731983000812,19.09336304385647,circular
545,1100,700,53.46918625736666,-85,-85,-85,-85,1350,700,17.36656134393769,19.09336304385647,circular
546,1100,700,53.46918625736666,-85,-85,-85,-85,1350,700,36.45992438779416,19.09336304385647,circular
547,1100,700,53.46918625736666,-85,-85,-85,-85,1350,700,55.55328743165063,19.09336304385647,circular
548,1100,700,53.46918625736666,-85,-85,-85,-85,1350,700,74.6466504755071,19.09336304385647,circular
549,1100,700,53.46918625736666,-85,-85,-85,-85,1350,700,93.74001351936357,19.09336304385647,circular
550,1100,700,53.46918625736666,-85,-85,-85,-85,1350,700,112.83337656322004,19.09336304385647,circular
551,1100,700,53.46918625736666,-85,-85,-85,-85,1350,700,131.9267396070765,19.09336304385647,circular
552,1100,700,53.46918625736666,-85,-85,-85,-85,1350,700,151.02010265093298,19.09336304385647,circular
553,1100,700,53.46918625736666,-85,-85,22.793695368992218,23.553218972269416,1350,700,170.11346569478945,19.09336304385647,circular
554,1100,700,53.46918625736666,-85,-85,25.684904084789974,25.859665714847075,1350,700,189.20682873864592,19.09336304385647,circular
555,1100,700,53.46918625736666,-85,-85,25.9816463993744,25.859665714847075,1350,700,208.3001917825024,19.09336304385647,circular
556,1100,700,53.46918625736666,-85,-85,23.97102224645776,23.553218972269416,1350,700,227.39355482635887,19.09336304385647,circular
557,1100,700,53.46918625736666,-85,-85,-85,-85,1350,700,246.48691787021534,19.09336304385647,circular
558,1100,700,53.46918625736666,-85,-85,-85,-85,1350,700,265.5802809140718,19.09336304385647,circular
559,1100,700,53.46918625736666,-85,-85,-85,-85,1350,700,284.6736439579283,19.09336304385647,circular
560,1100,700,53.46918625736666,-85,-85,-85,-85,1350,700,303.76700700178475,19.09336304385647,circular
561,1100,700,53.46918625736666,-85,-85,-85,-85,1350,700,322.8603700456412,19.09336304385647,circular
562,1100,700,53.46918625736666,-85,-85,-85,-85,1350,700,341.9537330894977,19.09336304385647,circular
563,1100,700,53.46918625736666,-85,-85,-85,-85,1350,700,1.0470961333541595,19.09336304385647,circular
564,1100,700,53.46918625736666,-85,-85,-85,-85,1350,700,20.14045917721063,19.09336304385647,circular
565,1100,700,53.46918625736666,-85,-85,-85,-85,1350,700,39.2338222210671,19.09336304385647,circular
566,1100,700,53.46918625736666,-85,-85,-85,-85,1350,700,58.32718526492357,19.09336304385647,circular
567,1100,700,53.46918625736666,-85,-85,-85,-85,1350,700,77.42054830878004,19.09336304385647,circular
568,1100,700,53.46918625736666,-85,-85,-85,-85,1350,700,96.51391135263651,19.09336304385647,circular
569,1100,700,53.46918625736666,-85,-85,-85,-85,1350,700,115.60727439649298,19.09336304385647,circular
570,1100,700,53.46918625736666,-85,-85,-85,-85,1350,700,134.70063744034945,19.09336304385647,circular
571,1100,700,53.46918625736666,-85,-85,-85,11.505794098357505,1350,700,153.79400048420592,19.09336304385647,circular
572,1100,700,53.46918625736666,-85,-85,23.553218972269416,24.1582774269213,1350,700,172.8873635280624,19.09336304385647,circular
573,1100,700,53.46918625736666,-85,-85,25.859665714847075,25.9816463993744,1350,700,191.98072657191886,19.09336304385647,circular
574,1100,700,53.46918625736666,-85,-85,25.859665714847075,25.684904084789977,1350,700,211.07408961577534,19.09336304385647,circular
575,1100,700,53.46918625736666,-85,-85,23.553218972269416,22.793695368992225,1350,700,230.1674526596318,19.09336304385647,circular
576,1100,700,53.46918625736666,-85,-85,-85,-85,1350,700,249.26081570348828,19.09336304385647,circular
577,1100,700,53.46918625736666,-85,-85,-85,-85,1350,700,268.35417874734475,19.09336304385647,circular
578,1100,700,53.46918625736666,-85,-85,-85,-85,1350,700,287.4475417912012,19.09336304385647,circular
579,1100,700,53.46918625736666,-85,-85,-85,-85,1350,700,306.5409048350577,19.09336304385647,circular
580,1100,700,53.46918625736666,-85,-85,-85,-85,1350,700,325.63426787891416,19.09336304385647,circular
581,1100,700,53.46918625736666,-85,-85,-85,-85,1350,700,344.72763092277063,19.09336304385647,circular
582,1100,700,53.46918625736666,-85,-85,-85,-85,1350,700,3.8209939666271,19.09336304385647,circular
583,1100,700,53.46918625736666,-85,-85,-85,-85,1350,700,22.91435701048357,19.09336304385647,circular
584,1100,700,53.46918625736666,-85,-85,-85,-85,1350,700,42.00772005434004,19.09336304385647,circular
585,1100,700,53.46918625736666,-85,-85,-85,-85,1350,700,61.10108309819651,19.09336304385647,circular
586,1100,700,53.46918625736666,-85,-85,-85,-85,1350,700,80.19444614205298,19.09336304385647,circular
587,1100,700,53.46918625736666,-85,-85,-85,-85,1350,700,99.28780918590945,19.09336304385647,circular
588,1100,700,53.46918625736666,-85,-85,-85,-85,1350,700,118.38117222976592,19.09336304385647,circular
589,1100,700,53.46918625736666,-85,-85,-85,-85,1350,700,137.4745352736224,19.09336304385647,circular
590,1100,700,53.46918625736666,-85,-85,11.505794098357505,16.269948115724727,1350,700,156.56789831747886,19.09336304385647,circular
591,1100,700,53.46918625736666,-85,-85,24.1582774269213,24.495315191602927,1350,700,175.66126136133533,19.09336304385647,circular
592,1100,700,53.46918625736666,-85,-85,25.9816463993744,26.053745949214605,1350,700,194.7546244051918,19.09336304385647,circular
593,1100,700,53.46918625736666,-85,-85,25.684904084789977,25.452908776355446,1350,700,213.84798744904828,19.09336304385647,circular
594,1100,700,53.46918625736666,-85,-85,22.793695368992225,21.81335663023087,1350,700,232.94135049290475,19.09336304385647,circular
595,1100,700,53.46918625736666,-85,-85,-85,-85,1350,700,252.03471353676122,19.09336304385647,circular
596,1100,700,53.46918625736666,-85,-85,-85,-85,1350,700,271.1280765806177,19.09336304385647,circular
597,1100,700,53.46918625736666,-85,-85,-85,-85,1350,700,290.22143962447416,19.09336304385647,circular
598,1100,700,53.46918625736666,-85,-85,-85,-85,1350,700,309.3148026683306,19.09336304385647,circular
599,1100,700,53.46918625736666,-85,-85,-85,-85,1350,700,328.4081657121871,19.09336304385647,circular
600,1100,700,53.46918625736666,-85,-85,-85,-85,1350,700,347.50152875604357,19.09336304385647,circular
601,1100,700,53.46918625736666,-85,-85,-85,-85,1350,700,6.59489179990004,19.09336304385647,circular
602,1100,700,53.46918625736666,-85,-85,-85,-85,1350,700,25.68825484375651,19.09336304385647,circular
603,1100,700,53.46918625736666,-85,-85,-85,-85,1350,700,44.78161788761298,19.09336304385647,circular
604,1100,700,53.46918625736666,-85,-85,-85,-85,1350,700,63.87498093146945,19.09336304385647,circular
605,1100,700,53.46918625736666,-85,-85,-85,-85,1350,700,82.96834397532592,19.09336304385647,circular
606,1100,700,53.46918625736666,-85,-85,-85,-85,1350,700,102.06170701918239,19.09336304385647,circular
607,1100,700,53.46918625736666,-85,-85,-85,-85,1350,700,121.15507006303886,19.09336304385647,circular
608,1100,700,53.46918625736666,-85,-85,-85,-85,1350,700,140.24843310689533,19.09336304385647,circular
609,1100,700,53.46918625736666,-85,-85,16.269948115724727,19.25639156218217,1350,700,159.3417961507518,19.09336304385647,circular
610,1100,700,53.46918625736666,-85,-85,24.646943359767004,24.92014212493214,1350,700,178.43515919460827,19.09336304385647,circular
611,1100,700,53.46918625736666,-85,-85,26.053745949214605,26.074956048612798,1350,700,197.52852223846475,19.09336304385647,circular
612,1100,700,53.46918625736666,-85,-85,25.452908776355446,25.263344594616918,1350,700,216.62188528232122,19.09336304385647,circular
613,1100,700,53.46918625736666,-85,-85,21.81335663023087,20.97742610025735,1350,700,235.7152483261777,19.09336304385647,circular
614,1100,700,53.46918625736666,-85,-85,-85,-85,1350,700,254.80861137003416,19.09336304385647,circular
615,1100,700,53.46918625736666,-85,-85,-85,-85,1350,700,273.9019744138906,19.09336304385647,circular
616,1100,700,53.46918625736666,-85,-85,-85,-85,1350,700,292.9953374577471,19.09336304385647,circular
617,1100,700,53.46918625736666,-85,-85,-85,-85,1350,700,312.08870050160357,19.09336304385647,circular
618,1100,700,53.46918625736666,-85,-85,-85,-85,1350,700,331.18206354546004,19.09336304385647,circular
619,1100,700,53.46918625736666,-85,-85,-85,-85,1350,700,350.2754265893165,19.09336304385647,circular
620,1100,700,53.46918625736666,-85,-85,-85,-85,1350,700,9.36878963317298,19.09336304385647,circular
621,1100,700,53.46918625736666,-85,-85,-85,-85,1350,700,28.46215267702945,19.09336304385647,circular
622,1100,700,53.46918625736666,-85,-85,-85,-85,1350,700,47.55551572088592,19.09336304385647,circular
623,1100,700,53.46918625736666,-85,-85,-85,-85,1350,700,66.64887876474239,19.09336304385647,circular
624,1100,700,53.46918625736666,-85,-85,-85,-85,1350,700,85.74224180859886,19.09336304385647,circular
625,1100,700,53.46918625736666,-85,-85,-85,-85,1350,700,104.83560485245533,19.09336304385647,circular
626,1100,700,53.46918625736666,-85,-85,-85,-85,1350,700,123.9289678963118,19.09336304385647,circular
627,1100,700,53.46918625736666,-85,-85,-85,-85,1350,700,143.02233094016827,19.09336304385647,circular
628,1100,700,53.46918625736666,-85,-85,19.25639156218217,20.97742610025734,1350,700,162.11569398402474,19.09336304385647,circular
629,1100,700,53.46918625736666,-85,-85,24.92014212493214,25.26334459461691,1350,700,181.20905702788122,19.09336304385647,circular
630,1100,700,53.46918625736666,-85,-85,26.074956048612798,26.074956048612798,1350,700,200.30242007173769,19.09336304385647,circular
631,1100,700,53.46918625736666,-85,-85,25.157178905256924,24.92014212493214,1350,700,219.39578311559416,19.09336304385647,circular
632,1100,700,53.46918625736666,-85,-85,20.48098321025059,19.25639156218219,1350,700,238.48914615945063,19.09336304385647,circular
633,1100,700,53.46918625736666,-85,-85,-85,-85,1350,700,257.5825092033071,19.09336304385647,circular
634,1100,700,53.46918625736666,-85,-85,-85,-85,1350,700,276.67587224716357,19.09336304385647,circular
635,1100,700,53.46918625736666,-85,-85,-85,-85,1350,700,295.76923529102004,19.09336304385647,circular
636,1100,700,53.46918625736666,-85,-85,-85,-85,1350,700,314.8625983348765,19.09336304385647,circular
637,1100,700,53.46918625736666,-85,-85,-85,-85,1350,700,333.955961378733,19.09336304385647,circular
638,1100,700,53.46918625736666,-85,-85,-85,-85,1350,700,353.04932442258945,19.09336304385647,circular
639,1100,700,53.46918625736666,-85,-85,-85,-85,1350,700,12.14268746644592,19.09336304385647,circular
640,1100,700,53.46918625736666,-85,-85,-85,-85,1350,700,31.23605051030239,19.09336304385647,circular
641,1100,700,53.46918625736666,-85,-85,-85,-85,1350,700,50.32941355415886,19.09336304385647,circular
642,1100,700,53.46918625736666,-85,-85,-85,-85,1350,700,69.42277659801533,19.09336304385647,circular
643,1100,700,53.46918625736666,-85,-85,-85,-85,1350,700,88.5161396418718,19.09336304385647,circular
644,1100,700,53.46918625736666,-85,-85,-85,-85,1350,700,107.60950268572827,19.09336304385647,circular
645,1100,700,53.46918625736666,-85,-85,-85,-85,1350,700,126.70286572958474,19.09336304385647,circular
646,1100,700,53.46918625736666,-85,-85,-85,-85,1350,700,145.79622877344121,19.09336304385647,circular
647,1100,700,53.46918625736666,-85,-85,20.97742610025734,22.170735458799452,1350,700,164.88959181729768,19.09336304385647,circular
648,1100,700,53.46918625736666,-85,-85,25.26334459461691,25.536951728381826,1350,700,183.98295486115416,19.09336304385647,circular
649,1100,700,53.46918625736666,-85,-85,26.074956048612798,26.035130213615616,1350,700,203.07631790501063,19.09336304385647,circular
650,1100,700,53.46918625736666,-85,-85,24.92014212493214,24.495315191602927,1350,700,222.1696809488671,19.09336304385647,circular
651,1100,700,53.46918625736666,-85,-85,19.25639156218219,16.269948115724716,1350,700,241.26304399272357,19.09336304385647,circular
652,1100,700,53.46918625736666,-85,-85,-85,-85,1350,700,260.35640703658004,19.09336304385647,circular
653,1100,700,53.46918625736666,-85,-85,-85,-85,1350,700,279.4497700804365,19.09336304385647,circular
654,1100,700,53.46918625736666,-85,-85,-85,-85,1350,700,298.543133124293,19.09336304385647,circular
655,1100,700,53.46918625736666,-85,-85,-85,-85,1350,700,317.63649616814945,19.09336304385647,circular
656,1100,700,53.46918625736666,-85,-85,-85,-85,1350,700,336.7298592120059,19.09336304385647,circular
657,1100,700,53.46918625736666,-85,-85,-85,-85,1350,700,355.8232222558624,19.09336304385647,circular
658,1100,700,53.46918625736666,-85,-85,-85,-85,1350,700,14.91658529971886,19.09336304385647,circular
659,1100,700,53.46918625736666,-85,-85,-85,-85,1350,700,34.00994834357533,19.09336304385647,circular
660,1100,700,53.46918625736666,-85,-85,-85,-85,1350,700,53.1033113874318,19.09336304385647,circular
661,1100,700,53.46918625736666,-85,-85,-85,-85,1350,700,72.19667443128827,19.09336304385647,circular
662,1100,700,53.46918625736666,-85,-85,-85,-85,1350,700,91.29003747514474,19.09336304385647,circular
663,1100,700,53.46918625736666,-85,-85,-85,-85,1350,700,110.38340051900121,19.09336304385647,circular
664,1100,700,53.46918625736666,-85,-85,-85,-85,1350,700,129.47676356285768,19.09336304385647,circular
665,1100,700,53.46918625736666,-85,-85,-85,-85,1350,700,148.57012660671415,19.09336304385647,circular
666,1100,700,53.46918625736666,-85,-85,22.170735458799452,22.793695368992218,1350,700,167.66348965057063,19.09336304385647,circular
667,1100,700,53.46918625736666,-85,-85,25.536951728381826,25.7492610641292,1350,700,186.7568526944271,19.09336304385647,circular
668,1100,700,53.46918625736666,-85,-85,26.035130213615616,25.946643644493044,1350,700,205.85021573828357,19.09336304385647,circular
669,1100,700,53.46918625736666,-85,-85,24.495315191602927,23.97102224645776,1350,700,224.94357878214004,19.09336304385647,circular
670,1100,700,53.46918625736666,-85,-85,16.269948115724716,-85,1350,700,244.0369418259965,19.09336304385647,circular
671,1100,700,53.46918625736666,-85,-85,-85,-85,1350,700,263.130304869853,19.09336304385647,circular
672,1100,700,53.46918625736666,-85,-85,-85,-85,1350,700,282.22366791370945,19.09336304385647,circular
673,1100,700,53.46918625736666,-85,-85,-85,-85,1350,700,301.3170309575659,19.09336304385647,circular
674,1100,700,53.46918625736666,-85,-85,-85,-85,1350,700,320.4103940014224,19.09336304385647,circular
675,1100,700,53.46918625736666,-85,-85,-85,-85,1350,700,339.50375704527886,19.09336304385647,circular
676,1100,700,53.46918625736666,-85,-85,-85,-85,1350,700,358.59712008913533,19.09336304385647,circular
677,1100,700,53.46918625736666,-85,-85,-85,-85,1350,700,17.6904831329918,19.09336304385647,circular
678,1100,700,53.46918625736666,-85,-85,-85,-85,1350,700,36.78384617684827,19.09336304385647,circular
679,1100,700,53.46918625736666,-85,-85,-85,-85,1350,700,55.87720922070474,19.09336304385647,circular
680,1100,700,53.46918625736666,-85,-85,-85,-85,1350,700,74.97057226456121,19.09336304385647,circular
681,1100,700,53.46918625736666,-85,-85,-85,-85,1350,700,94.06393530841768,19.09336304385647,circular
682,1100,700,53.46918625736666,-85,-85,-85,-85,1350,700,113.15729835227415,19.09336304385647,circular
683,1100,700,53.46918625736666,-85,-85,-85,-85,1350,700,132.25066139613062,19.09336304385647,circular
684,1100,700,53.46918625736666,-85,-85,-85,-85,1350,700,151.3440244399871,19.09336304385647,circular
685,1100,700,53.46918625736666,-85,-85,23.06730250275713,23.553218972269416,1350,700,170.43738748384357,19.09336304385647,circular
686,1100,700,53.46918625736666,-85,-85,25.7492610641292,25.859665714847075,1350,700,189.53075052770004,19.09336304385647,circular
687,1100,700,53.46918625736666,-85,-85,25.946643644493044,25.859665714847075,1350,700,208.6241135715565,19.09336304385647,circular
688,1100,700,53.46918625736666,-85,-85,23.97102224645776,23.553218972269416,1350,700,227.71747661541298,19.09336304385647,circular
689,1100,700,53.46918625736666,-85,-85,-85,-85,1350,700,246.81083965926945,19.09336304385647,circular
690,1100,700,53.46918625736666,-85,-85,-85,-85,1350,700,265.9042027031259,19.09336304385647,circular
691,1100,700,53.46918625736666,-85,-85,-85,-85,1350,700,284.9975657469824,19.09336304385647,circular
692,1100,700,53.46918625736666,-85,-85,-85,-85,1350,700,304.09092879083886,19.09336304385647,circular
693,1100,700,53.46918625736666,-85,-85,-85,-85,1350,700,323.18429183469533,19.09336304385647,circular
694,1100,700,53.46918625736666,-85,-85,-85,-85,1350,700,342.2776548785518,19.09336304385647,circular
695,1100,700,53.46918625736666,-85,-85,-85,-85,1350,700,1.3710179224082708,19.09336304385647,circular
696,1100,700,53.46918625736666,-85,-85,-85,-85,1350,700,20.46438096626474,19.09336304385647,circular
697,1100,700,53.46918625736666,-85,-85,-85,-85,1350,700,39.55774401012121,19.09336304385647,circular
698,1100,700,53.46918625736666,-85,-85,-85,-85,1350,700,58.65110705397768,19.09336304385647,circular
699,1100,700,53.46918625736666,-85,-85,-85,-85,1350,700,77.74447009783415,19.09336304385647,circular
700,1100,700,53.46918625736666,-85,-85,-85,-85,1350,700,96.83783314169062,19.09336304385647,circular
701,1100,700,53.46918625736666,-85,-85,-85,-85,1350,700,115.9311961855471,19.09336304385647,circular
702,1100,700,53.46918625736666,-85,-85,-85,-85,1350,700,135.02455922940356,19.09336304385647,circular
703,1100,700,53.46918625736666,-85,-85,-85,11.505794098357505,1350,700,154.11792227326004,19.09336304385647,circular
704,1100,700,53.46918625736666,-85,-85,23.553218972269416,24.1582774269213,1350,700,173.2112853171165,19.09336304385647,circular
705,1100,700,53.46918625736666,-85,-85,25.859665714847075,25.9816463993744,1350,700,192.30464836097298,19.09336304385647,circular
706,1100,700,53.46918625736666,-85,-85,25.807460623826316,25.684904084789977,1350,700,211.39801140482945,19.09336304385647,circular
707,1100,700,53.46918625736666,-85,-85,23.319699537123853,22.793695368992225,1350,700,230.49137444868592,19.09336304385647,circular
708,1100,700,53.46918625736666,-85,-85,-85,-85,1350,700,249.5847374925424,19.09336304385647,circular
709,1100,700,53.46918625736666,-85,-85,-85,-85,1350,700,268.67810053639886,19.09336304385647,circular
710,1100,700,53.46918625736666,-85,-85,-85,-85,1350,700,287.77146358025533,19.09336304385647,circular
711,1100,700,53.46918625736666,-85,-85,-85,-85,1350,700,306.8648266241118,19.09336304385647,circular
712,1100,700,53.46918625736666,-85,-85,-85,-85,1350,700,325.95818966796827,19.09336304385647,circular
713,1100,700,53.46918625736666,-85,-85,-85,-85,1350,700,345.05155271182474,19.09336304385647,circular
714,1100,700,53.46918625736666,-85,-85,-85,-85,1350,700,4.144915755681211,19.09336304385647,circular
715,1100,700,53.46918625736666,-85,-85,-85,-85,1350,700,23.23827879953768,19.09336304385647,circular
716,1100,700,53.46918625736666,-85,-85,-85,-85,1350,700,42.33164184339415,19.09336304385647,circular
717,1100,700,53.46918625736666,-85,-85,-85,-85,1350,700,61.42500488725062,19.09336304385647,circular
718,1100,700,53.46918625736666,-85,-85,-85,-85,1350,700,80.5183679311071,19.09336304385647,circular
719,1100,700,53.46918625736666,-85,-85,-85,-85,1350,700,99.61173097496356,19.09336304385647,circular
720,1100,700,53.46918625736666,-85,-85,-85,-85,1350,700,118.70509401882003,19.09336304385647,circular
721,1100,700,53.46918625736666,-85,-85,-85,-85,1350,700,137.7984570626765,19.09336304385647,circular
722,1100,700,53.46918625736666,-85,-85,11.505794098357505,17.513155499392102,1350,700,156.89182010653298,19.09336304385647,circular
723,1100,700,53.46918625736666,-85,-85,24.1582774269213,24.646943359767004,1350,700,175.98518315038945,19.09336304385647,circular
724,1100,700,53.46918625736666,-85,-85,25.9816463993744,26.053745949214605,1350,700,195.07854619424592,19.09336304385647,circular
725,1100,700,53.46918625736666,-85,-85,25.684904084789977,25.452908776355446,1350,700,214.1719092381024,19.09336304385647,circular
726,1100,700,53.46918625736666,-85,-85,22.793695368992225,21.81335663023087,1350,700,233.26527228195886,19.09336304385647,circular
727,1100,700,53.46918625736666,-85,-85,-85,-85,1350,700,252.35863532581533,19.09336304385647,circular
728,1100,700,53.46918625736666,-85,-85,-85,-85,1350,700,271.4519983696718,19.09336304385647,circular
729,1100,700,53.46918625736666,-85,-85,-85,-85,1350,700,290.54536141352827,19.09336304385647,circular
730,1100,700,53.46918625736666,-85,-85,-85,-85,1350,700,309.63872445738474,19.09336304385647,circular
731,1100,700,53.46918625736666,-85,-85,-85,-85,1350,700,328.7320875012412,19.09336304385647,circular
732,1100,700,53.46918625736666,-85,-85,-85,-85,1350,700,347.8254505450977,19.09336304385647,circular
733,1100,700,53.46918625736666,-85,-85,-85,-85,1350,700,6.918813588954151,19.09336304385647,circular
734,1100,700,53.46918625736666,-85,-85,-85,-85,1350,700,26.012176632810622,19.09336304385647,circular
735,1100,700,53.46918625736666,-85,-85,-85,-85,1350,700,45.10553967666709,19.09336304385647,circular
736,1100,700,53.46918625736666,-85,-85,-85,-85,1350,700,64.19890272052356,19.09336304385647,circular
737,1100,700,53.46918625736666,-85,-85,-85,-85,1350,700,83.29226576438003,19.09336304385647,circular
738,1100,700,53.46918625736666,-85,-85,-85,-85,1350,700,102.3856288082365,19.09336304385647,circular
739,1100,700,53.46918625736666,-85,-85,-85,-85,1350,700,121.47899185209297,19.09336304385647,circular
740,1100,700,53.46918625736666,-85,-85,-85,-85,1350,700,140.57235489594945,19.09336304385647,circular
741,1100,700,53.46918625736666,-85,-85,17.513155499392102,19.25639156218217,1350,700,159.66571793980592,19.09336304385647,circular
742,1100,700,53.46918625736666,-85,-85,24.646943359767004,25.042923900792417,1350,700,178.7590809836624,19.09336304385647,circular
743,1100,700,53.46918625736666,-85,-85,26.053745949214605,26.077602459396946,1350,700,197.85244402751886,19.09336304385647,circular
744,1100,700,53.46918625736666,-85,-85,25.452908776355446,25.157178905256924,1350,700,216.94580707137533,19.09336304385647,circular
745,1100,700,53.46918625736666,-85,-85,21.81335663023087,20.48098321025059,1350,700,236.0391701152318,19.09336304385647,circular
746,1100,700,53.46918625736666,-85,-85,-85,-85,1350,700,255.13253315908827,19.09336304385647,circular
747,1100,700,53.46918625736666,-85,-85,-85,-85,1350,700,274.22589620294474,19.09336304385647,circular
748,1100,700,53.46918625736666,-85,-85,-85,-85,1350,700,293.3192592468012,19.09336304385647,circular
749,1100,700,53.46918625736666,-85,-85,-85,-85,1350,700,312.4126222906577,19.09336304385647,circular
750,1100,700,53.46918625736666,-85,-85,-85,-85,1350,700,331.50598533451415,19.09336304385647,circular
751,1100,700,53.46918625736666,-85,-85,-85,-85,1350,700,350.5993483783706,19.09336304385647,circular
752,1100,700,53.46918625736666,-85,-85,-85,-85,1350,700,9.692711422227092,19.09336304385647,circular
753,1100,700,53.46918625736666,-85,-85,-85,-85,1350,700,28.786074466083562,19.09336304385647,circular
754,1100,700,53.46918625736666,-85,-85,-85,-85,1350,700,47.87943750994003,19.09336304385647,circular
755,1100,700,53.46918625736666,-85,-85,-85,-85,1350,700,66.9728005537965,19.09336304385647,circular
756,1100,700,53.46918625736666,-85,-85,-85,-85,1350,700,86.06616359765297,19.09336304385647,circular
757,1100,700,53.46918625736666,-85,-85,-85,-85,1350,700,105.15952664150944,19.09336304385647,circular
758,1100,700,53.46918625736666,-85,-85,-85,-85,1350,700,124.25288968536591,19.09336304385647,circular
759,1100,700,53.46918625736666,-85,-85,-85,-85,1350,700,143.34625272922239,19.09336304385647,circular
760,1100,700,53.46918625736666,-85,-85,19.91435422725632,20.97742610025734,1350,700,162.43961577307886,19.09336304385647,circular
761,1100,700,53.46918625736666,-85,-85,25.042923900792417,25.26334459461691,1350,700,181.53297881693533,19.09336304385647,circular
762,1100,700,53.46918625736666,-85,-85,26.077602459396946,26.074956048612798,1350,700,200.6263418607918,19.09336304385647,circular
763,1100,700,53.46918625736666,-85,-85,25.157178905256924,24.92014212493214,1350,700,219.71970490464827,19.09336304385647,circular
764,1100,700,53.46918625736666,-85,-85,20.48098321025059,18.474304759512954,1350,700,238.81306794850474,19.09336304385647,circular
765,1100,700,53.46918625736666,-85,-85,-85,-85,1350,700,257.9064309923612,19.09336304385647,circular
766,1100,700,53.46918625736666,-85,-85,-85,-85,1350,700,276.9997940362177,19.09336304385647,circular
767,1100,700,53.46918625736666,-85,-85,-85,-85,1350,700,296.09315708007415,19.09336304385647,circular
768,1100,700,53.46918625736666,-85,-85,-85,-85,1350,700,315.1865201239306,19.09336304385647,circular
769,1100,700,53.46918625736666,-85,-85,-85,-85,1350,700,334.2798831677871,19.09336304385647,circular
770,1100,700,53.46918625736666,-85,-85,-85,-85,1350,700,353.37324621164356,19.09336304385647,circular
771,1100,700,53.46918625736666,-85,-85,-85,-85,1350,700,12.466609255500032,19.09336304385647,circular
772,1100,700,53.46918625736666,-85,-85,-85,-85,1350,700,31.559972299356502,19.09336304385647,circular
773,1100,700,53.46918625736666,-85,-85,-85,-85,1350,700,50.65333534321297,19.09336304385647,circular
774,1100,700,53.46918625736666,-85,-85,-85,-85,1350,700,69.74669838706944,19.09336304385647,circular
775,1100,700,53.46918625736666,-85,-85,-85,-85,1350,700,88.84006143092591,19.09336304385647,circular
776,1100,700,53.46918625736666,-85,-85,-85,-85,1350,700,107.93342447478238,19.09336304385647,circular
777,1100,700,53.46918625736666,-85,-85,-85,-85,1350,700,127.02678751863886,19.09336304385647,circular
778,1100,700,53.46918625736666,-85,-85,-85,-85,1350,700,146.12015056249533,19.09336304385647,circular
779,1100,700,53.46918625736666,-85,-85,20.97742610025734,22.170735458799452,1350,700,165.2135136063518,19.09336304385647,circular
780,1100,700,53.46918625736666,-85,-85,25.26334459461691,25.536951728381826,1350,700,184.30687665020827,19.09336304385647,circular
781,1100,700,53.46918625736666,-85,-85,26.067010357935978,26.035130213615616,1350,700,203.40023969406474,19.09336304385647,circular
782,1100,700,53.46918625736666,-85,-85,24.788337040832293,24.495315191602927,1350,700,222.4936027379212,19.09336304385647,circular
783,1100,700,53.46918625736666,-85,-85,18.474304759512954,16.269948115724716,1350,700,241.58696578177768,19.09336304385647,circular
784,1100,700,53.46918625736666,-85,-85,-85,-85,1350,700,260.68032882563415,19.09336304385647,circular
785,1100,700,53.46918625736666,-85,-85,-85,-85,1350,700,279.7736918694906,19.09336304385647,circular
786,1100,700,53.46918625736666,-85,-85,-85,-85,1350,700,298.8670549133471,19.09336304385647,circular
787,1100,700,53.46918625736666,-85,-85,-85,-85,1350,700,317.96041795720356,19.09336304385647,circular
788,1100,700,53.46918625736666,-85,-85,-85,-85,1350,700,337.05378100106003,19.09336304385647,circular
789,1100,700,53.46918625736666,-85,-85,-85,-85,1350,700,356.1471440449165,19.09336304385647,circular
790,1100,700,53.46918625736666,-85,-85,-85,-85,1350,700,15.240507088772972,19.09336304385647,circular
791,1100,700,53.46918625736666,-85,-85,-85,-85,1350,700,34.33387013262944,19.09336304385647,circular
792,1100,700,53.46918625736666,-85,-85,-85,-85,1350,700,53.42723317648591,19.09336304385647,circular
793,1100,700,53.46918625736666,-85,-85,-85,-85,1350,700,72.52059622034238,19.09336304385647,circular
794,1100,700,53.46918625736666,-85,-85,-85,-85,1350,700,91.61395926419885,19.09336304385647,circular
795,1100,700,53.46918625736666,-85,-85,-85,-85,1350,700,110.70732230805532,19.09336304385647,circular
796,1100,700,53.46918625736666,-85,-85,-85,-85,1350,700,129.8006853519118,19.09336304385647,circular
797,1100,700,53.46918625736666,-85,-85,-85,-85,1350,700,148.89404839576827,19.09336304385647,circular
798,1100,700,53.46918625736666,-85,-85,22.170735458799452,23.06730250275713,1350,700,167.98741143962474,19.09336304385647,circular
799,1100,700,53.46918625736666,-85,-85,25.536951728381826,25.7492610641292,1350,700,187.0807744834812,19.09336304385647,circular
800,1100,700,53.46918625736666,-85,-85,26.035130213615616,25.946643644493044,1350,700,206.17413752733768,19.09336304385647,circular
801,1100,700,53.46918625736666,-85,-85,24.495315191602927,23.97102224645776,1350,700,225.26750057119415,19.09336304385647,circular
802,1100,700,53.46918625736666,-85,-85,16.269948115724716,-85,1350,700,244.36086361505062,19.09336304385647,circular
803,1100,700,53.46918625736666,-85,-85,-85,-85,1350,700,263.4542266589071,19.09336304385647,circular
804,1100,700,53.46918625736666,-85,-85,-85,-85,1350,700,282.54758970276356,19.09336304385647,circular
805,1100,700,53.46918625736666,-85,-85,-85,-85,1350,700,301.64095274662003,19.09336304385647,circular
806,1100,700,53.46918625736666,-85,-85,-85,-85,1350,700,320.7343157904765,19.09336304385647,circular
807,1100,700,53.46918625736666,-85,-85,-85,-85,1350,700,339.82767883433297,19.09336304385647,circular
808,1100,700,53.46918625736666,-85,-85,-85,-85,1350,700,358.92104187818944,19.09336304385647,circular
809,1100,700,53.46918625736666,-85,-85,-85,-85,1350,700,18.014404922045912,19.09336304385647,circular
810,1100,700,53.46918625736666,-85,-85,-85,-85,1350,700,37.10776796590238,19.09336304385647,circular
811,1100,700,53.46918625736666,-85,-85,-85,-85,1350,700,56.20113100975885,19.09336304385647,circular
812,1100,700,53.46918625736666,-85,-85,-85,-85,1350,700,75.29449405361532,19.09336304385647,circular
813,1100,700,53.46918625736666,-85,-85,-85,-85,1350,700,94.3878570974718,19.09336304385647,circular
814,1100,700,53.46918625736666,-85,-85,-85,-85,1350,700,113.48122014132827,19.09336304385647,circular
815,1100,700,53.46918625736666,-85,-85,-85,-85,1350,700,132.57458318518474,19.09336304385647,circular
816,1100,700,53.46918625736666,-85,-85,-85,-85,1350,700,151.6679462290412,19.09336304385647,circular
817,1100,700,53.46918625736666,-85,-85,23.06730250275713,23.769789312347285,1350,700,170.76130927289768,19.09336304385647,circular
818,1100,700,53.46918625736666,-85,-85,25.7492610641292,25.906018829630398,1350,700,189.85467231675415,19.09336304385647,circular
819,1100,700,53.46918625736666,-85,-85,25.946643644493044,25.807460623826316,1350,700,208.94803536061062,19.09336304385647,circular
820,1100,700,53.46918625736666,-85,-85,23.97102224645776,23.319699537123853,1350,700,228.0413984044671,19.09336304385647,circular
821,1100,700,53.46918625736666,-85,-85,-85,-85,1350,700,247.13476144832356,19.09336304385647,circular
822,1100,700,53.46918625736666,-85,-85,-85,-85,1350,700,266.22812449218003,19.09336304385647,circular
823,1100,700,53.46918625736666,-85,-85,-85,-85,1350,700,285.3214875360365,19.09336304385647,circular
824,1100,700,53.46918625736666,-85,-85,-85,-85,1350,700,304.41485057989297,19.09336304385647,circular
825,1100,700,53.46918625736666,-85,-85,-85,-85,1350,700,323.50821362374944,19.09336304385647,circular
826,1100,700,53.46918625736666,-85,-85,-85,-85,1350,700,342.6015766676059,19.09336304385647,circular
827,1100,700,53.46918625736666,-85,-85,-85,-85,1350,700,1.694939711462382,19.09336304385647,circular
828,1100,700,53.46918625736666,-85,-85,-85,-85,1350,700,20.788302755318853,19.09336304385647,circular
829,1100,700,53.46918625736666,-85,-85,-85,-85,1350,700,39.88166579917532,19.09336304385647,circular
830,1100,700,53.46918625736666,-85,-85,-85,-85,1350,700,58.975028843031794,19.09336304385647,circular
831,1100,700,53.46918625736666,-85,-85,-85,-85,1350,700,78.06839188688826,19.09336304385647,circular
832,1100,700,53.46918625736666,-85,-85,-85,-85,1350,700,97.16175493074473,19.09336304385647,circular
833,1100,700,53.46918625736666,-85,-85,-85,-85,1350,700,116.2551179746012,19.09336304385647,circular
834,1100,700,53.46918625736666,-85,-85,-85,-85,1350,700,135.34848101845768,19.09336304385647,circular
835,1100,700,53.46918625736666,-85,-85,-85,11.505794098357505,1350,700,154.44184406231415,19.09336304385647,circular
836,1100,700,53.46918625736666,-85,-85,23.769789312347285,24.1582774269213,1350,700,173.53520710617062,19.09336304385647,circular
837,1100,700,53.46918625736666,-85,-85,25.906018829630398,25.9816463993744,1350,700,192.6285701500271,19.09336304385647,circular
838,1100,700,53.46918625736666,-85,-85,25.807460623826316,25.684904084789977,1350,700,211.72193319388356,19.09336304385647,circular
839,1100,700,53.46918625736666,-85,-85,23.319699537123853,22.496022074683278,1350,700,230.81529623774003,19.09336304385647,circular
840,1100,700,53.46918625736666,-85,-85,-85,-85,1350,700,249.9086592815965,19.09336304385647,circular
841,1100,700,53.46918625736666,-85,-85,-85,-85,1350,700,269.00202232545297,19.09336304385647,circular
842,1100,700,53.46918625736666,-85,-85,-85,-85,1350,700,288.09538536930944,19.09336304385647,circular
843,1100,700,53.46918625736666,-85,-85,-85,-85,1350,700,307.1887484131659,19.09336304385647,circular
844,1100,700,53.46918625736666,-85,-85,-85,-85,1350,700,326.2821114570224,19.09336304385647,circular
845,1100,700,53.46918625736666,-85,-85,-85,-85,1350,700,345.37547450087885,19.09336304385647,circular
846,1100,700,53.46918625736666,-85,-85,-85,-85,1350,700,4.468837544735322,19.09336304385647,circular
847,1100,700,53.46918625736666,-85,-85,-85,-85,1350,700,23.562200588591793,19.09336304385647,circular
848,1100,700,53.46918625736666,-85,-85,-85,-85,1350,700,42.65556363244826,19.09336304385647,circular
849,1100,700,53.46918625736666,-85,-85,-85,-85,1350,700,61.748926676304734,19.09336304385647,circular
850,1100,700,53.46918625736666,-85,-85,-85,-85,1350,700,80.8422897201612,19.09336304385647,circular
851,1100,700,53.46918625736666,-85,-85,-85,-85,1350,700,99.93565276401768,19.09336304385647,circular
852,1100,700,53.46918625736666,-85,-85,-85,-85,1350,700,119.02901580787415,19.09336304385647,circular
853,1100,700,53.46918625736666,-85,-85,-85,-85,1350,700,138.12237885173062,19.09336304385647,circular
854,1100,700,53.46918625736666,-85,-85,11.505794098357505,17.513155499392102,1350,700,157.2157418955871,19.09336304385647,circular
855,1100,700,53.46918625736666,-85,-85,24.1582774269213,24.646943359767004,1350,700,176.30910493944356,19.09336304385647,circular
856,1100,700,53.46918625736666,-85,-85,26.011117049096303,26.053745949214605,1350,700,195.40246798330003,19.09336304385647,circular
857,1100,700,53.46918625736666,-85,-85,25.614204328866276,25.452908776355446,1350,700,214.4958310271565,19.09336304385647,circular
858,1100,700,53.46918625736666,-85,-85,22.496022074683278,21.81335663023087,1350,700,233.58919407101297,19.09336304385647,circular
859,1100,700,53.46918625736666,-85,-85,-85,-85,1350,700,252.68255711486944,19.09336304385647,circular
860,1100,700,53.46918625736666,-85,-85,-85,-85,1350,700,271.7759201587259,19.09336304385647,circular
861,1100,700,53.46918625736666,-85,-85,-85,-85,1350,700,290.8692832025824,19.09336304385647,circular
862,1100,700,53.46918625736666,-85,-85,-85,-85,1350,700,309.96264624643885,19.09336304385647,circular
863,1100,700,53.46918625736666,-85,-85,-85,-85,1350,700,329.0560092902953,19.09336304385647,circular
864,1100,700,53.46918625736666,-85,-85,-85,-85,1350,700,348.1493723341518,19.09336304385647,circular
865,1100,700,53.46918625736666,-85,-85,-85,-85,1350,700,7.242735378008263,19.09336304385647,circular
866,1100,700,53.46918625736666,-85,-85,-85,-85,1350,700,26.336098421864733,19.09336304385647,circular
867,1100,700,53.46918625736666,-85,-85,-85,-85,1350,700,45.429461465721204,19.09336304385647,circular
868,1100,700,53.46918625736666,-85,-85,-85,-85,1350,700,64.52282450957767,19.09336304385647,circular
869,1100,700,53.46918625736666,-85,-85,-85,-85,1350,700,83.61618755343414,19.09336304385647,circular
870,1100,700,53.46918625736666,-85,-85,-85,-85,1350,700,102.70955059729062,19.09336304385647,circular
871,1100,700,53.46918625736666,-85,-85,-85,-85,1350,700,121.80291364114709,19.09336304385647,circular
872,1100,700,53.46918625736666,-85,-85,-85,-85,1350,700,140.89627668500356,19.09336304385647,circular
873,1100,700,53.46918625736666,-85,-85,17.513155499392102,19.91435422725632,1350,700,159.98963972886003,19.09336304385647,circular
874,1100,700,53.46918625736666,-85,-85,24.646943359767004,25.042923900792417,1350,700,179.0830027727165,19.09336304385647,circular
875,1100,700,53.46918625736666,-85,-85,26.053745949214605,26.077602459396946,1350,700,198.17636581657297,19.09336304385647,circular
876,1100,700,53.46918625736666,-85,-85,25.452908776355446,25.157178905256924,1350,700,217.26972886042944,19.09336304385647,circular
877,1100,700,53.46918625736666,-85,-85,21.81335663023087,20.48098321025059,1350,700,236.3630919042859,19.09336304385647,circular
878,1100,700,53.46918625736666,-85,-85,-85,-85,1350,700,255.45645494814238,19.09336304385647,circular
879,1100,700,53.46918625736666,-85,-85,-85,-85,1350,700,274.54981799199885,19.09336304385647,circular
880,1100,700,53.46918625736666,-85,-85,-85,-85,1350,700,293.6431810358553,19.09336304385647,circular
881,1100,700,53.46918625736666,-85,-85,-85,-85,1350,700,312.7365440797118,19.09336304385647,circular
882,1100,700,53.46918625736666,-85,-85,-85,-85,1350,700,331.82990712356826,19.09336304385647,circular
883,1100,700,53.46918625736666,-85,-85,-85,-85,1350,700,350.92327016742473,19.09336304385647,circular
884,1100,700,53.46918625736666,-85,-85,-85,-85,1350,700,10.016633211281203,19.09336304385647,circular
885,1100,700,53.46918625736666,-85,-85,-85,-85,1350,700,29.109996255137673,19.09336304385647,circular
886,1100,700,53.46918625736666,-85,-85,-85,-85,1350,700,48.203359298994144,19.09336304385647,circular
887,1100,700,53.46918625736666,-85,-85,-85,-85,1350,700,67.29672234285061,19.09336304385647,circular
888,1100,700,53.46918625736666,-85,-85,-85,-85,1350,700,86.39008538670709,19.09336304385647,circular
889,1100,700,53.46918625736666,-85,-85,-85,-85,1350,700,105.48344843056356,19.09336304385647,circular
890,1100,700,53.46918625736666,-85,-85,-85,-85,1350,700,124.57681147442003,19.09336304385647,circular
891,1100,700,53.46918625736666,-85,-85,-85,-85,1350,700,143.6701745182765,19.09336304385647,circular
892,1100,700,53.46918625736666,-85,-85,19.91435422725632,21.41811930585211,1350,700,162.76353756213297,19.09336304385647,circular
893,1100,700,53.46918625736666,-85,-85,25.042923900792417,25.36180729449956,1350,700,181.85690060598944,19.09336304385647,circular
894,1100,700,53.46918625736666,-85,-85,26.077602459396946,26.067010357935978,1350,700,200.9502636498459,19.09336304385647,circular
895,1100,700,53.46918625736666,-85,-85,25.157178905256924,24.788337040832293,1350,700,220.04362669370238,19.09336304385647,circular
896,1100,700,53.46918625736666,-85,-85,20.48098321025059,18.474304759512954,1350,700,239.13698973755885,19.09336304385647,circular
897,1100,700,53.46918625736666,-85,-85,-85,-85,1350,700,258.2303527814153,19.09336304385647,circular
898,1100,700,53.46918625736666,-85,-85,-85,-85,1350,700,277.3237158252718,19.09336304385647,circular
899,1100,700,53.46918625736666,-85,-85,-85,-85,1350,700,296.41707886912826,19.09336304385647,circular
900,1100,700,53.46918625736666,-85,-85,-85,-85,1350,700,315.51044191298473,19.09336304385647,circular
901,1100,700,53.46918625736666,-85,-85,-85,-85,1350,700,334.6038049568412,19.09336304385647,circular
902,1100,700,53.46918625736666,-85,-85,-85,-85,1350,700,353.6971680006977,19.09336304385647,circular
903,1100,700,53.46918625736666,-85,-85,-85,-85,1350,700,12.790531044554143,19.09336304385647,circular
904,1100,700,53.46918625736666,-85,-85,-85,-85,1350,700,31.883894088410614,19.09336304385647,circular
905,1100,700,53.46918625736666,-85,-85,-85,-85,1350,700,50.977257132267084,19.09336304385647,circular
906,1100,700,53.46918625736666,-85,-85,-85,-85,1350,700,70.07062017612355,19.09336304385647,circular
907,1100,700,53.46918625736666,-85,-85,-85,-85,1350,700,89.16398321998003,19.09336304385647,circular
908,1100,700,53.46918625736666,-85,-85,-85,-85,1350,700,108.2573462638365,19.09336304385647,circular
909,1100,700,53.46918625736666,-85,-85,-85,-85,1350,700,127.35070930769297,19.09336304385647,circular
910,1100,700,53.46918625736666,-85,-85,-85,-85,1350,700,146.44407235154944,19.09336304385647,circular
911,1100,700,53.46918625736666,-85,-85,21.41811930585211,22.170735458799452,1350,700,165.5374353954059,19.09336304385647,circular
912,1100,700,53.46918625736666,-85,-85,25.36180729449956,25.536951728381826,1350,700,184.63079843926238,19.09336304385647,circular
913,1100,700,53.46918625736666,-85,-85,26.067010357935978,26.035130213615616,1350,700,203.72416148311885,19.09336304385647,circular
914,1100,700,53.46918625736666,-85,-85,24.788337040832293,24.332711411139446,1350,700,222.81752452697532,19.09336304385647,circular
915,1100,700,53.46918625736666,-85,-85,18.474304759512954,14.513447644213265,1350,700,241.9108875708318,19.09336304385647,circular
916,1100,700,53.46918625736666,-85,-85,-85,-85,1350,700,261.00425061468826,19.09336304385647,circular
917,1100,700,53.46918625736666,-85,-85,-85,-85,1350,700,280.09761365854473,19.09336304385647,circular
918,1100,700,53.46918625736666,-85,-85,-85,-85,1350,700,299.1909767024012,19.09336304385647,circular
919,1100,700,53.46918625736666,-85,-85,-85,-85,1350,700,318.2843397462577,19.09336304385647,circular
920,1100,700,53.46918625736666,-85,-85,-85,-85,1350,700,337.37770279011414,19.09336304385647,circular
921,1100,700,53.46918625736666,-85,-85,-85,-85,1350,700,356.4710658339706,19.09336304385647,circular
922,1100,700,53.46918625736666,-85,-85,-85,-85,1350,700,15.564428877827083,19.09336304385647,circular
923,1100,700,53.46918625736666,-85,-85,-85,-85,1350,700,34.657791921683554,19.09336304385647,circular
924,1100,700,53.46918625736666,-85,-85,-85,-85,1350,700,53.751154965540024,19.09336304385647,circular
925,1100,700,53.46918625736666,-85,-85,-85,-85,1350,700,72.8445180093965,19.09336304385647,circular
926,1100,700,53.46918625736666,-85,-85,-85,-85,1350,700,91.93788105325297,19.09336304385647,circular
927,1100,700,53.46918625736666,-85,-85,-85,-85,1350,700,111.03124409710944,19.09336304385647,circular
928,1100,700,53.46918625736666,-85,-85,-85,-85,1350,700,130.1246071409659,19.09336304385647,circular
929,1100,700,53.46918625736666,-85,-85,-85,-85,1350,700,149.21797018482238,19.09336304385647,circular
930,1100,700,53.46918625736666,-85,-85,22.170735458799452,23.06730250275713,1350,700,168.31133322867885,19.09336304385647,circular
931,1100,700,53.46918625736666,-85,-85,25.614204328866276,25.7492610641292,1350,700,187.40469627253532,19.09336304385647,circular
932,1100,700,53.46918625736666,-85,-85,26.011117049096303,25.946643644493044,1350,700,206.4980593163918,19.09336304385647,circular
933,1100,700,53.46918625736666,-85,-85,24.332711411139446,23.97102224645776,1350,700,225.59142236024826,19.09336304385647,circular
934,1100,700,53.46918625736666,-85,-85,14.513447644213265,-85,1350,700,244.68478540410473,19.09336304385647,circular
935,1100,700,53.46918625736666,-85,-85,-85,-85,1350,700,263.7781484479612,19.09336304385647,circular
936,1100,700,53.46918625736666,-85,-85,-85,-85,1350,700,282.87151149181767,19.09336304385647,circular
937,1100,700,53.46918625736666,-85,-85,-85,-85,1350,700,301.96487453567414,19.09336304385647,circular
938,1100,700,53.46918625736666,-85,-85,-85,-85,1350,700,321.0582375795306,19.09336304385647,circular
939,1100,700,53.46918625736666,-85,-85,-85,-85,1350,700,340.1516006233871,19.09336304385647,circular
940,1100,700,53.46918625736666,-85,-85,-85,-85,1350,700,359.24496366724355,19.09336304385647,circular
941,1100,700,53.46918625736666,-85,-85,-85,-85,1350,700,18.338326711100024,19.09336304385647,circular
942,1100,700,53.46918625736666,-85,-85,-85,-85,1350,700,37.431689754956494,19.09336304385647,circular
943,1100,700,53.46918625736666,-85,-85,-85,-85,1350,700,56.525052798812965,19.09336304385647,circular
944,1100,700,53.46918625736666,-85,-85,-85,-85,1350,700,75.61841584266944,19.09336304385647,circular
945,1100,700,53.46918625736666,-85,-85,-85,-85,1350,700,94.7117788865259,19.09336304385647,circular
946,1100,700,53.46918625736666,-85,-85,-85,-85,1350,700,113.80514193038238,19.09336304385647,circular
947,1100,700,53.46918625736666,-85,-85,-85,-85,1350,700,132.89850497423885,19.09336304385647,circular
948,1100,700,53.46918625736666,-85,-85,-85,-85,1350,700,151.99186801809532,19.09336304385647,circular
949,1100,700,53.46918625736666,-85,-85,23.06730250275713,23.769789312347285,1350,700,171.0852310619518,19.09336304385647,circular
950,1100,700,53.46918625736666,-85,-85,25.7492610641292,25.906018829630398,1350,700,190.17859410580826,19.09336304385647,circular
951,1100,700,53.46918625736666,-85,-85,25.946643644493044,25.807460623826316,1350,700,209.27195714966473,19.09336304385647,circular
952,1100,700,53.46918625736666,-85,-85,23.97102224645776,23.319699537123853,1350,700,228.3653201935212,19.09336304385647,circular
953,1100,700,53.46918625736666,-85,-85,-85,-85,1350,700,247.45868323737767,19.09336304385647,circular
954,1100,700,53.46918625736666,-85,-85,-85,-85,1350,700,266.55204628123414,19.09336304385647,circular
955,1100,700,53.46918625736666,-85,-85,-85,-85,1350,700,285.6454093250906,19.09336304385647,circular
956,1100,700,53.46918625736666,-85,-85,-85,-85,1350,700,304.7387723689471,19.09336304385647,circular
957,1100,700,53.46918625736666,-85,-85,-85,-85,1350,700,323.83213541280355,19.09336304385647,circular
958,1100,700,53.46918625736666,-85,-85,-85,-85,1350,700,342.92549845666,19.09336304385647,circular
959,1100,700,53.46918625736666,-85,-85,-85,-85,1350,700,2.0188615005164934,19.09336304385647,circular
960,1100,700,53.46918625736666,-85,-85,-85,-85,1350,700,21.112224544372964,19.09336304385647,circular
961,1100,700,53.46918625736666,-85,-85,-85,-85,1350,700,40.205587588229434,19.09336304385647,circular
962,1100,700,53.46918625736666,-85,-85,-85,-85,1350,700,59.298950632085905,19.09336304385647,circular
963,1100,700,53.46918625736666,-85,-85,-85,-85,1350,700,78.39231367594238,19.09336304385647,circular
964,1100,700,53.46918625736666,-85,-85,-85,-85,1350,700,97.48567671979885,19.09336304385647,circular
965,1100,700,53.46918625736666,-85,-85,-85,-85,1350,700,116.57903976365532,19.09336304385647,circular
966,1100,700,53.46918625736666,-85,-85,-85,-85,1350,700,135.6724028075118,19.09336304385647,circular
967,1100,700,53.46918625736666,-85,-85,-85,14.513447644213304,1350,700,154.76576585136826,19.09336304385647,circular
968,1100,700,53.46918625736666,-85,-85,23.769789312347285,24.33271141113945,1350,700,173.85912889522473,19.09336304385647,circular
969,1100,700,53.46918625736666,-85,-85,25.906018829630398,26.011117049096303,1350,700,192.9524919390812,19.09336304385647,circular
970,1100,700,53.46918625736666,-85,-85,25.807460623826316,25.614204328866276,1350,700,212.04585498293767,19.09336304385647,circular
971,1100,700,53.46918625736666,-85,-85,23.319699537123853,22.496022074683278,1350,700,231.13921802679414,19.09336304385647,circular
972,1100,700,53.46918625736666,-85,-85,-85,-85,1350,700,250.2325810706506,19.09336304385647,circular
973,1100,700,53.46918625736666,-85,-85,-85,-85,1350,700,269.3259441145071,19.09336304385647,circular
974,1100,700,53.46918625736666,-85,-85,-85,-85,1350,700,288.41930715836355,19.09336304385647,circular
975,1100,700,53.46918625736666,-85,-85,-85,-85,1350,700,307.51267020222,19.09336304385647,circular
976,1100,700,53.46918625736666,-85,-85,-85,-85,1350,700,326.6060332460765,19.09336304385647,circular
977,1100,700,53.46918625736666,-85,-85,-85,-85,1350,700,345.69939628993296,19.09336304385647,circular
978,1100,700,53.46918625736666,-85,-85,-85,-85,1350,700,4.792759333789434,19.09336304385647,circular
979,1100,700,53.46918625736666,-85,-85,-85,-85,1350,700,23.886122377645904,19.09336304385647,circular
980,1100,700,53.46918625736666,-85,-85,-85,-85,1350,700,42.979485421502375,19.09336304385647,circular
981,1100,700,53.46918625736666,-85,-85,-85,-85,1350,700,62.072848465358845,19.09336304385647,circular
982,1100,700,53.46918625736666,-85,-85,-85,-85,1350,700,81.16621150921532,19.09336304385647,circular
983,1100,700,53.46918625736666,-85,-85,-85,-85,1350,700,100.25957455307179,19.09336304385647,circular
984,1100,700,53.46918625736666,-85,-85,-85,-85,1350,700,119.35293759692826,19.09336304385647,circular
985,1100,700,53.46918625736666,-85,-85,-85,-85,1350,700,138.44630064078473,19.09336304385647,circular
986,1100,700,53.46918625736666,-85,-85,14.513447644213304,17.513155499392102,1350,700,157.5396636846412,19.09336304385647,circular
987,1100,700,53.46918625736666,-85,-85,24.33271141113945,24.646943359767004,1350,700,176.63302672849767,19.09336304385647,circular
988,1100,700,53.46918625736666,-85,-85,26.011117049096303,26.053745949214605,1350,700,195.72638977235414,19.09336304385647,circular
989,1100,700,53.46918625736666,-85,-85,25.614204328866276,25.361807294499556,1350,700,214.8197528162106,19.09336304385647,circular
990,1100,700,53.46918625736666,-85,-85,22.496022074683278,21.418119305852123,1350,700,233.91311586006708,19.09336304385647,circular
991,1100,700,53.46918625736666,-85,-85,-85,-85,1350,700,253.00647890392355,19.09336304385647,circular
992,1100,700,53.46918625736666,-85,-85,-85,-85,1350,700,272.09984194778,19.09336304385647,circular
993,1100,700,53.46918625736666,-85,-85,-85,-85,1350,700,291.1932049916365,19.09336304385647,circular
994,1100,700,53.46918625736666,-85,-85,-85,-85,1350,700,310.28656803549296,19.09336304385647,circular
995,1100,700,53.46918625736666,-85,-85,-85,-85,1350,700,329.37993107934943,19.09336304385647,circular
996,1100,700,53.46918625736666,-85,-85,-85,-85,1350,700,348.4732941232059,19.09336304385647,circular
997,1100,700,53.46918625736666,-85,-85,-85,-85,1350,700,7.566657167062374,19.09336304385647,circular
998,1100,700,53.46918625736666,-85,-85,-85,-85,1350,700,26.660020210918844,19.09336304385647,circular
999,1100,700,53.46918625736666,-85,-85,-85,-85,1350,700,45.753383254775315,19.09336304385647,circular
