Tick,Aircraft X,Aircraft Y,Aircraft Heading,A1,A2,A3,A4,Radar X,Radar Y,Radar Azimuth,Radar RPM,Radar Scan Pattern
0,1100,700,318.98693011483147,-85,-85,-85,-85,1350,700,278.17647287782387,5.517552207988417,circular
1,1100,700,318.98693011483147,-85,-85,-85,-85,1350,700,283.6940250858123,5.517552207988417,circular
2,1100,700,318.98693011483147,-85,-85,-85,-85,1350,700,289.21157729380076,5.517552207988417,circular
3,1100,700,318.98693011483147,-85,-85,-85,-85,1350,700,294.7291295017892,5.517552207988417,circular
4,1100,700,318.98693011483147,-85,-85,-85,-85,1350,700,300.24668170977765,5.517552207988417,circular
5,1100,700,318.98693011483147,-85,-85,-85,-85,1350,700,305.7642339177661,5.517552207988417,circular
6,1100,700,318.98693011483147,-85,-85,-85,-85,1350,700,311.28178612575454,5.517552207988417,circular
7,1100,700,318.98693011483147,-85,-85,-85,-85,1350,700,316.799338333743,5.517552207988417,circular
8,1100,700,318.98693011483147,-85,-85,-85,-85,1350,700,322.3168905417314,5.517552207988417,circular
9,1100,700,318.98693011483147,-85,-85,-85,-85,1350,700,327.83444274971987,5.517552207988417,circular
10,1100,700,318.98693011483147,-85,-85,-85,-85,1350,700,333.3519949577083,5.517552207988417,circular
11,1100,700,318.98693011483147,-85,-85,-85,-85,1350,700,338.86954716569676,5.517552207988417,circular
12,1100,700,318.98693011483147,-85,-85,-85,-85,1350,700,344.3870993736852,5.517552207988417,circular
13,1100,700,318.98693011483147,-85,-85,-85,-85,1350,700,349.90465158167365,5.517552207988417,circular
14,1100,700,318.98693011483147,-85,-85,-85,-85,1350,700,355.4222037896621,5.517552207988417,circular
15,1100,700,318.98693011483147,-85,-85,-85,-85,1350,700,0.9397559976505363,5.517552207988417,circular
16,1100,700,318.98693011483147,-85,-85,-85,-85,1350,700,6.457308205638953,5.517552207988417,circular
17,1100,700,318.98693011483147,-85,-85,-85,-85,1350,700,11.97486041362737,5.517552207988417,circular
18,1100,700,318.98693011483147,-85,-85,-85,-85,1350,700,17.492412621615788,5.517552207988417,circular
19,1100,700,318.98693011483147,-85,-85,-85,-85,1350,700,23.009964829604204,5.517552207988417,circular
20,1100,700,318.98693011483147,-85,-85,-85,-85,1350,700,28.52751703759262,5.517552207988417,circular
21,1100,700,318.98693011483147,-85,-85,-85,-85,1350,700,34.04506924558104,5.517552207988417,circular
22,1100,700,318.98693011483147,-85,-85,-85,-85,1350,700,39.562621453569456,5.517552207988417,circular
23,1100,700,318.98693011483147,-85,-85,-85,-85,1350,700,45.08017366155787,5.517552207988417,circular
24,1100,700,318.98693011483147,-85,-85,-85,-85,1350,700,50.59772586954629,5.517552207988417,circular
25,1100,700,318.98693011483147,-85,-85,-85,-85,1350,700,56.115278077534704,5.517552207988417,circular
26,1100,700,318.98693011483147,-85,-85,-85,-85,1350,700,61.63283028552312,5.517552207988417,circular
27,1100,700,318.98693011483147,-85,-85,-85,-85,1350,700,67.15038249351154,5.517552207988417,circular
28,1100,700,318.98693011483147,-85,-85,-85,-85,1350,700,72.66793470149996,5.517552207988417,circular
29,1100,700,318.98693011483147,-85,-85,-85,-85,1350,700,78.18548690948838,5.517552207988417,circular
30,1100,700,318.98693011483147,-85,-85,-85,-85,1350,700,83.70303911747679,5.517552207988417,circular
31,1100,700,318.98693011483147,-85,-85,-85,-85,1350,700,89.22059132546521,5.517552207988417,circular
32,1100,700,318.98693011483147,-85,-85,-85,-85,1350,700,94.73814353345362,5.517552207988417,circular
33,1100,700,318.98693011483147,-85,-85,-85,-85,1350,700,100.25569574144204,5.517552207988417,circular
34,1100,700,318.98693011483147,-85,-85,-85,-85,1350,700,105.77324794943046,5.517552207988417,circular
35,1100,700,318.98693011483147,-85,-85,-85,-85,1350,700,111.29080015741887,5.517552207988417,circular
36,1100,700,318.98693011483147,-85,-85,-85,-85,1350,700,116.80835236540729,5.517552207988417,circular
37,1100,700,318.98693011483147,-85,-85,-85,-85,1350,700,122.3259045733957,5.517552207988417,circular
38,1100,700,318.98693011483147,-85,-85,-85,-85,1350,700,127.84345678138412,5.517552207988417,circular
39,1100,700,318.98693011483147,-85,-85,-85,-85,1350,700,133.36100898937255,5.517552207988417,circular
40,1100,700,318.98693011483147,-85,-85,-85,-85,1350,700,138.87856119736097,5.517552207988417,circular
41,1100,700,318.98693011483147,18.47430475951294,-85,-85,14.513447644213304,1350,700,144.39611340534938,5.517552207988417,circular
42,1100,700,318.98693011483147,21.41811930585211,-85,-85,20.48098321025059,1350,700,149.9136656133378,5.517552207988417,circular
43,1100,700,318.98693011483147,23.31969953712386,-85,-85,22.496022074683278,1350,700,155.43121782132621,5.517552207988417,circular
44,1100,700,318.98693011483147,24.33271141113945,-85,-85,23.971022246457757,1350,700,160.94877002931463,5.517552207988417,circular
45,1100,700,318.98693011483147,25.157178905256924,-85,-85,24.78833704083229,1350,700,166.46632223730305,5.517552207988417,circular
46,1100,700,318.98693011483147,25.614204328866276,-85,-85,25.452908776355446,1350,700,171.98387444529146,5.517552207988417,circular
47,1100,700,318.98693011483147,25.946643644493044,-85,-85,25.80746062382631,1350,700,177.50142665327988,5.517552207988417,circular
48,1100,700,318.98693011483147,26.067010357935978,-85,-85,26.035130213615616,1350,700,183.0189788612683,5.517552207988417,circular
49,1100,700,318.98693011483147,26.053745949214605,-85,-85,26.077602459396946,1350,700,188.5365310692567,5.517552207988417,circular
50,1100,700,318.98693011483147,25.906018829630398,-85,-85,25.9816463993744,1350,700,194.05408327724513,5.517552207988417,circular
51,1100,700,318.98693011483147,25.536951728381826,-85,-85,25.7492610641292,1350,700,199.57163548523354,5.517552207988417,circular
52,1100,700,318.98693011483147,25.042923900792417,-85,-85,25.263344594616918,1350,700,205.08918769322196,5.517552207988417,circular
53,1100,700,318.98693011483147,24.1582774269213,-85,-85,24.646943359767004,1350,700,210.60673990121037,5.517552207988417,circular
54,1100,700,318.98693011483147,23.067302502757133,-85,-85,23.553218972269416,1350,700,216.1242921091988,5.517552207988417,circular
55,1100,700,318.98693011483147,20.97742610025735,-85,-85,22.170735458799452,1350,700,221.6418443171872,5.517552207988417,circular
56,1100,700,318.98693011483147,17.51315549939211,-85,-85,19.25639156218219,1350,700,227.15939652517562,5.517552207988417,circular
57,1100,700,318.98693011483147,-85,-85,-85,11.50579409835762,1350,700,232.67694873316404,5.517552207988417,circular
58,1100,700,318.98693011483147,-85,-85,-85,-85,1350,700,238.19450094115246,5.517552207988417,circular
59,1100,700,318.98693011483147,-85,-85,-85,-85,1350,700,243.71205314914087,5.517552207988417,circular
60,1100,700,318.98693011483147,-85,-85,-85,-85,1350,700,249.2296053571293,5.517552207988417,circular
61,1100,700,318.98693011483147,-85,-85,-85,-85,1350,700,254.7471575651177,5.517552207988417,circular
62,1100,700,318.98693011483147,-85,-85,-85,-85,1350,700,260.2647097731061,5.517552207988417,circular
63,1100,700,318.98693011483147,-85,-85,-85,-85,1350,700,265.78226198109456,5.517552207988417,circular
64,1100,700,318.98693011483147,-85,-85,-85,-85,1350,700,271.299814189083,5.517552207988417,circular
65,1100,700,318.98693011483147,-85,-85,-85,-85,1350,700,276.81736639707145,5.517552207988417,circular
66,1100,700,318.98693011483147,-85,-85,-85,-85,1350,700,282.3349186050599,5.517552207988417,circular
67,1100,700,318.98693011483147,-85,-85,-85,-85,1350,700,287.85247081304834,5.517552207988417,circular
68,1100,700,318.98693011483147,-85,-85,-85,-85,1350,700,293.3700230210368,5.517552207988417,circular
69,1100,700,318.98693011483147,-85,-85,-85,-85,1350,700,298.88757522902523,5.517552207988417,circular
70,1100,700,318.98693011483147,-85,-85,-85,-85,1350,700,304.4051274370137,5.517552207988417,circular
71,1100,700,318.98693011483147,-85,-85,-85,-85,1350,700,309.9226796450021,5.517552207988417,circular
72,1100,700,318.98693011483147,-85,-85,-85,-85,1350,700,315.44023185299056,5.517552207988417,circular
73,1100,700,318.98693011483147,-85,-85,-85,-85,1350,700,320.957784060979,5.517552207988417,circular
74,1100,700,318.98693011483147,-85,-85,-85,-85,1350,700,326.47533626896745,5.517552207988417,circular
75,1100,700,318.98693011483147,-85,-85,-85,-85,1350,700,331.9928884769559,5.517552207988417,circular
76,1100,700,318.98693011483147,-85,-85,-85,-85,1350,700,337.51044068494434,5.517552207988417,circular
77,1100,700,318.98693011483147,-85,-85,-85,-85,1350,700,343.0279928929328,5.517552207988417,circular
78,1100,700,318.98693011483147,-85,-85,-85,-85,1350,700,348.54554510092123,5.517552207988417,circular
79,1100,700,318.98693011483147,-85,-85,-85,-85,1350,700,354.0630973089097,5.517552207988417,circular
80,1100,700,318.98693011483147,-85,-85,-85,-85,1350,700,359.5806495168981,5.517552207988417,circular
81,1100,700,318.98693011483147,-85,-85,-85,-85,1350,700,5.0982017248865645,5.517552207988417,circular
82,1100,700,318.98693011483147,-85,-85,-85,-85,1350,700,10.61575393287498,5.517552207988417,circular
83,1100,700,318.98693011483147,-85,-85,-85,-85,1350,700,16.133306140863397,5.517552207988417,circular
84,1100,700,318.98693011483147,-85,-85,-85,-85,1350,700,21.650858348851813,5.517552207988417,circular
85,1100,700,318.98693011483147,-85,-85,-85,-85,1350,700,27.16841055684023,5.517552207988417,circular
86,1100,700,318.98693011483147,-85,-85,-85,-85,1350,700,32.685962764828645,5.517552207988417,circular
87,1100,700,318.98693011483147,-85,-85,-85,-85,1350,700,38.20351497281706,5.517552207988417,circular
88,1100,700,318.98693011483147,-85,-85,-85,-85,1350,700,43.72106718080548,5.517552207988417,circular
89,1100,700,318.98693011483147,-85,-85,-85,-85,1350,700,49.23861938879389,5.517552207988417,circular
90,1100,700,318.98693011483147,-85,-85,-85,-85,1350,700,54.75617159678231,5.517552207988417,circular
91,1100,700,318.98693011483147,-85,-85,-85,-85,1350,700,60.273723804770725,5.517552207988417,circular
92,1100,700,318.98693011483147,-85,-85,-85,-85,1350,700,65.79127601275914,5.517552207988417,circular
93,1100,700,318.98693011483147,-85,-85,-85,-85,1350,700,71.30882822074756,5.517552207988417,circular
94,1100,700,318.98693011483147,-85,-85,-85,-85,1350,700,76.82638042873597,5.517552207988417,circular
95,1100,700,318.98693011483147,-85,-85,-85,-85,1350,700,82.34393263672439,5.517552207988417,circular
96,1100,700,318.98693011483147,-85,-85,-85,-85,1350,700,87.8614848447128,5.517552207988417,circular
97,1100,700,318.98693011483147,-85,-85,-85,-85,1350,700,93.37903705270122,5.517552207988417,circular
98,1100,700,318.98693011483147,-85,-85,-85,-85,1350,700,98.89658926068964,5.517552207988417,circular
99,1100,700,318.98693011483147,-85,-85,-85,-85,1350,700,104.41414146867805,5.517552207988417,circular
100,1100,700,318.98693011483147,-85,-85,-85,-85,1350,700,109.93169367666647,5.517552207988417,circular
101,1100,700,318.98693011483147,-85,-85,-85,-85,1350,700,115.44924588465489,5.517552207988417,circular
102,1100,700,318.98693011483147,-85,-85,-85,-85,1350,700,120.9667980926433,5.517552207988417,circular
103,1100,700,318.98693011483147,-85,-85,-85,-85,1350,700,126.48435030063172,5.517552207988417,circular
104,1100,700,318.98693011483147,-85,-85,-85,-85,1350,700,132.00190250862013,5.517552207988417,circular
105,1100,700,318.98693011483147,-85,-85,-85,-85,1350,700,137.51945471660855,5.517552207988417,circular
106,1100,700,318.98693011483147,16.269948115724727,-85,-85,11.505794098357505,1350,700,143.03700692459697,5.517552207988417,circular
107,1100,700,318.98693011483147,20.97742610025734,-85,-85,19.25639156218217,1350,700,148.55455913258538,5.517552207988417,circular
108,1100,700,318.98693011483147,22.793695368992218,-85,-85,22.170735458799452,1350,700,154.0721113405738,5.517552207988417,circular
109,1100,700,318.98693011483147,24.1582774269213,-85,-85,23.553218972269416,1350,700,159.5896635485622,5.517552207988417,circular
110,1100,700,318.98693011483147,24.92014212493214,-85,-85,24.646943359767004,1350,700,165.10721575655063,5.517552207988417,circular
111,1100,700,318.98693011483147,25.536951728381826,-85,-85,25.26334459461691,1350,700,170.62476796453905,5.517552207988417,circular
112,1100,700,318.98693011483147,25.859665714847075,-85,-85,25.7492610641292,1350,700,176.14232017252746,5.517552207988417,circular
113,1100,700,318.98693011483147,26.053745949214605,-85,-85,25.9816463993744,1350,700,181.65987238051588,5.517552207988417,circular
114,1100,700,318.98693011483147,26.074956048612798,-85,-85,26.077602459396946,1350,700,187.1774245885043,5.517552207988417,circular
115,1100,700,318.98693011483147,25.946643644493044,-85,-85,26.035130213615616,1350,700,192.6949767964927,5.517552207988417,circular
116,1100,700,318.98693011483147,25.684904084789977,-85,-85,25.807460623826316,1350,700,198.21252900448113,5.517552207988417,circular
117,1100,700,318.98693011483147,25.157178905256924,-85,-85,25.452908776355446,1350,700,203.73008121246954,5.517552207988417,circular
118,1100,700,318.98693011483147,24.495315191602927,-85,-85,24.788337040832293,1350,700,209.24763342045796,5.517552207988417,circular
119,1100,700,318.98693011483147,23.319699537123853,-85,-85,23.97102224645776,1350,700,214.76518562844637,5.517552207988417,circular
120,1100,700,318.98693011483147,21.81335663023087,-85,-85,22.496022074683278,1350,700,220.2827378364348,5.517552207988417,circular
121,1100,700,318.98693011483147,18.474304759512954,-85,-85,20.48098321025059,1350,700,225.8002900444232,5.517552207988417,circular
122,1100,700,318.98693011483147,-85,-85,-85,14.513447644213265,1350,700,231.31784225241162,5.517552207988417,circular
123,1100,700,318.98693011483147,-85,-85,-85,-85,1350,700,236.83539446040004,5.517552207988417,circular
124,1100,700,318.98693011483147,-85,-85,-85,-85,1350,700,242.35294666838846,5.517552207988417,circular
125,1100,700,318.98693011483147,-85,-85,-85,-85,1350,700,247.87049887637687,5.517552207988417,circular
126,1100,700,318.98693011483147,-85,-85,-85,-85,1350,700,253.3880510843653,5.517552207988417,circular
127,1100,700,318.98693011483147,-85,-85,-85,-85,1350,700,258.9056032923537,5.517552207988417,circular
128,1100,700,318.98693011483147,-85,-85,-85,-85,1350,700,264.42315550034215,5.517552207988417,circular
129,1100,700,318.98693011483147,-85,-85,-85,-85,1350,700,269.9407077083306,5.517552207988417,circular
130,1100,700,318.98693011483147,-85,-85,-85,-85,1350,700,275.45825991631904,5.517552207988417,circular
131,1100,700,318.98693011483147,-85,-85,-85,-85,1350,700,280.9758121243075,5.517552207988417,circular
132,1100,700,318.98693011483147,-85,-85,-85,-85,1350,700,286.4933643322959,5.517552207988417,circular
133,1100,700,318.98693011483147,-85,-85,-85,-85,1350,700,292.01091654028437,5.517552207988417,circular
134,1100,700,318.98693011483147,-85,-85,-85,-85,1350,700,297.5284687482728,5.517552207988417,circular
135,1100,700,318.98693011483147,-85,-85,-85,-85,1350,700,303.04602095626126,5.517552207988417,circular
136,1100,700,318.98693011483147,-85,-85,-85,-85,1350,700,308.5635731642497,5.517552207988417,circular
137,1100,700,318.98693011483147,-85,-85,-85,-85,1350,700,314.08112537223815,5.517552207988417,circular
138,1100,700,318.98693011483147,-85,-85,-85,-85,1350,700,319.5986775802266,5.517552207988417,circular
139,1100,700,318.98693011483147,-85,-85,-85,-85,1350,700,325.11622978821504,5.517552207988417,circular
140,1100,700,318.98693011483147,-85,-85,-85,-85,1350,700,330.6337819962035,5.517552207988417,circular
141,1100,700,318.98693011483147,-85,-85,-85,-85,1350,700,336.1513342041919,5.517552207988417,circular
142,1100,700,318.98693011483147,-85,-85,-85,-85,1350,700,341.66888641218037,5.517552207988417,circular
143,1100,700,318.98693011483147,-85,-85,-85,-85,1350,700,347.1864386201688,5.517552207988417,circular
144,1100,700,318.98693011483147,-85,-85,-85,-85,1350,700,352.70399082815726,5.517552207988417,circular
145,1100,700,318.98693011483147,-85,-85,-85,-85,1350,700,358.2215430361457,5.517552207988417,circular
146,1100,700,318.98693011483147,-85,-85,-85,-85,1350,700,3.7390952441341483,5.517552207988417,circular
147,1100,700,318.98693011483147,-85,-85,-85,-85,1350,700,9.256647452122564,5.517552207988417,circular
148,1100,700,318.98693011483147,-85,-85,-85,-85,1350,700,14.77419966011098,5.517552207988417,circular
149,1100,700,318.98693011483147,-85,-85,-85,-85,1350,700,20.291751868099396,5.517552207988417,circular
150,1100,700,318.98693011483147,-85,-85,-85,-85,1350,700,25.809304076087813,5.517552207988417,circular
151,1100,700,318.98693011483147,-85,-85,-85,-85,1350,700,31.32685628407623,5.517552207988417,circular
152,1100,700,318.98693011483147,-85,-85,-85,-85,1350,700,36.844408492064645,5.517552207988417,circular
153,1100,700,318.98693011483147,-85,-85,-85,-85,1350,700,42.36196070005306,5.517552207988417,circular
154,1100,700,318.98693011483147,-85,-85,-85,-85,1350,700,47.87951290804148,5.517552207988417,circular
155,1100,700,318.98693011483147,-85,-85,-85,-85,1350,700,53.39706511602989,5.517552207988417,circular
156,1100,700,318.98693011483147,-85,-85,-85,-85,1350,700,58.91461732401831,5.517552207988417,circular
157,1100,700,318.98693011483147,-85,-85,-85,-85,1350,700,64.43216953200672,5.517552207988417,circular
158,1100,700,318.98693011483147,-85,-85,-85,-85,1350,700,69.94972173999514,5.517552207988417,circular
159,1100,700,318.98693011483147,-85,-85,-85,-85,1350,700,75.46727394798356,5.517552207988417,circular
160,1100,700,318.98693011483147,-85,-85,-85,-85,1350,700,80.98482615597197,5.517552207988417,circular
161,1100,700,318.98693011483147,-85,-85,-85,-85,1350,700,86.50237836396039,5.517552207988417,circular
162,1100,700,318.98693011483147,-85,-85,-85,-85,1350,700,92.0199305719488,5.517552207988417,circular
163,1100,700,318.98693011483147,-85,-85,-85,-85,1350,700,97.53748277993722,5.517552207988417,circular
164,1100,700,318.98693011483147,-85,-85,-85,-85,1350,700,103.05503498792564,5.517552207988417,circular
165,1100,700,318.98693011483147,-85,-85,-85,-85,1350,700,108.57258719591405,5.517552207988417,circular
166,1100,700,318.98693011483147,-85,-85,-85,-85,1350,700,114.09013940390247,5.517552207988417,circular
167,1100,700,318.98693011483147,-85,-85,-85,-85,1350,700,119.60769161189089,5.517552207988417,circular
168,1100,700,318.98693011483147,-85,-85,-85,-85,1350,700,125.1252438198793,5.517552207988417,circular
169,1100,700,318.98693011483147,-85,-85,-85,-85,1350,700,130.64279602786772,5.517552207988417,circular
170,1100,700,318.98693011483147,-85,-85,-85,-85,1350,700,136.16034823585613,5.517552207988417,circular
171,1100,700,318.98693011483147,14.513447644213304,-85,-85,-85,1350,700,141.67790044384455,5.517552207988417,circular
172,1100,700,318.98693011483147,19.91435422725632,-85,-85,18.47430475951294,1350,700,147.19545265183297,5.517552207988417,circular
173,1100,700,318.98693011483147,22.496022074683278,-85,-85,21.41811930585211,1350,700,152.71300485982138,5.517552207988417,circular
174,1100,700,318.98693011483147,23.769789312347285,-85,-85,23.31969953712386,1350,700,158.2305570678098,5.517552207988417,circular
175,1100,700,318.98693011483147,24.78833704083229,-85,-85,24.33271141113945,1350,700,163.7481092757982,5.517552207988417,circular
176,1100,700,318.98693011483147,25.36180729449956,-85,-85,25.157178905256924,1350,700,169.26566148378663,5.517552207988417,circular
177,1100,700,318.98693011483147,25.80746062382631,-85,-85,25.614204328866276,1350,700,174.78321369177505,5.517552207988417,circular
178,1100,700,318.98693011483147,26.011117049096303,-85,-85,25.946643644493044,1350,700,180.30076589976346,5.517552207988417,circular
179,1100,700,318.98693011483147,26.077602459396946,-85,-85,26.074956048612798,1350,700,185.81831810775188,5.517552207988417,circular
180,1100,700,318.98693011483147,26.011117049096303,-85,-85,26.053745949214605,1350,700,191.3358703157403,5.517552207988417,circular
181,1100,700,318.98693011483147,25.7492610641292,-85,-85,25.859665714847075,1350,700,196.8534225237287,5.517552207988417,circular
182,1100,700,318.98693011483147,25.263344594616918,-85,-85,25.536951728381826,1350,700,202.37097473171713,5.517552207988417,circular
183,1100,700,318.98693011483147,24.646943359767004,-85,-85,24.92014212493214,1350,700,207.88852693970554,5.517552207988417,circular
184,1100,700,318.98693011483147,23.553218972269416,-85,-85,24.1582774269213,1350,700,213.40607914769396,5.517552207988417,circular
185,1100,700,318.98693011483147,22.170735458799452,-85,-85,22.793695368992225,1350,700,218.92363135568237,5.517552207988417,circular
186,1100,700,318.98693011483147,19.25639156218219,-85,-85,20.97742610025735,1350,700,224.4411835636708,5.517552207988417,circular
187,1100,700,318.98693011483147,11.50579409835762,-85,-85,16.269948115724716,1350,700,229.9587357716592,5.517552207988417,circular
188,1100,700,318.98693011483147,-85,-85,-85,-85,1350,700,235.47628797964762,5.517552207988417,circular
189,1100,700,318.98693011483147,-85,-85,-85,-85,1350,700,240.99384018763604,5.517552207988417,circular
190,1100,700,318.98693011483147,-85,-85,-85,-85,1350,700,246.51139239562445,5.517552207988417,circular
191,1100,700,318.98693011483147,-85,-85,-85,-85,1350,700,252.02894460361287,5.517552207988417,circular
192,1100,700,318.98693011483147,-85,-85,-85,-85,1350,700,257.5464968116013,5.517552207988417,circular
193,1100,700,318.98693011483147,-85,-85,-85,-85,1350,700,263.06404901958973,5.517552207988417,circular
194,1100,700,318.98693011483147,-85,-85,-85,-85,1350,700,268.5816012275782,5.517552207988417,circular
195,1100,700,318.98693011483147,-85,-85,-85,-85,1350,700,274.0991534355666,5.517552207988417,circular
196,1100,700,318.98693011483147,-85,-85,-85,-85,1350,700,279.61670564355506,5.517552207988417,circular
197,1100,700,318.98693011483147,-85,-85,-85,-85,1350,700,285.1342578515435,5.517552207988417,circular
198,1100,700,318.98693011483147,-85,-85,-85,-85,1350,700,290.65181005953195,5.517552207988417,circular
199,1100,700,318.98693011483147,-85,-85,-85,-85,1350,700,296.1693622675204,5.517552207988417,circular
200,1100,700,318.98693011483147,-85,-85,-85,-85,1350,700,301.68691447550884,5.517552207988417,circular
201,1100,700,318.98693011483147,-85,-85,-85,-85,1350,700,307.2044666834973,5.517552207988417,circular
202,1100,700,318.98693011483147,-85,-85,-85,-85,1350,700,312.72201889148573,5.517552207988417,circular
203,1100,700,318.98693011483147,-85,-85,-85,-85,1350,700,318.2395710994742,5.517552207988417,circular
204,1100,700,318.98693011483147,-85,-85,-85,-85,1350,700,323.7571233074626,5.517552207988417,circular
205,1100,700,318.98693011483147,-85,-85,-85,-85,1350,700,329.27467551545107,5.517552207988417,circular
206,1100,700,318.98693011483147,-85,-85,-85,-85,1350,700,334.7922277234395,5.517552207988417,circular
207,1100,700,318.98693011483147,-85,-85,-85,-85,1350,700,340.30977993142795,5.517552207988417,circular
208,1100,700,318.98693011483147,-85,-85,-85,-85,1350,700,345.8273321394164,5.517552207988417,circular
209,1100,700,318.98693011483147,-85,-85,-85,-85,1350,700,351.34488434740484,5.517552207988417,circular
210,1100,700,318.98693011483147,-85,-85,-85,-85,1350,700,356.8624365553933,5.517552207988417,circular
211,1100,700,318.98693011483147,-85,-85,-85,-85,1350,700,2.379988763381732,5.517552207988417,circular
212,1100,700,318.98693011483147,-85,-85,-85,-85,1350,700,7.897540971370149,5.517552207988417,circular
213,1100,700,318.98693011483147,-85,-85,-85,-85,1350,700,13.415093179358566,5.517552207988417,circular
214,1100,700,318.98693011483147,-85,-85,-85,-85,1350,700,18.932645387346984,5.517552207988417,circular
215,1100,700,318.98693011483147,-85,-85,-85,-85,1350,700,24.4501975953354,5.517552207988417,circular
216,1100,700,318.98693011483147,-85,-85,-85,-85,1350,700,29.967749803323816,5.517552207988417,circular
217,1100,700,318.98693011483147,-85,-85,-85,-85,1350,700,35.485302011312235,5.517552207988417,circular
218,1100,700,318.98693011483147,-85,-85,-85,-85,1350,700,41.00285421930065,5.517552207988417,circular
219,1100,700,318.98693011483147,-85,-85,-85,-85,1350,700,46.52040642728907,5.517552207988417,circular
220,1100,700,318.98693011483147,-85,-85,-85,-85,1350,700,52.037958635277484,5.517552207988417,circular
221,1100,700,318.98693011483147,-85,-85,-85,-85,1350,700,57.5555108432659,5.517552207988417,circular
222,1100,700,318.98693011483147,-85,-85,-85,-85,1350,700,63.073063051254316,5.517552207988417,circular
223,1100,700,318.98693011483147,-85,-85,-85,-85,1350,700,68.59061525924274,5.517552207988417,circular
224,1100,700,318.98693011483147,-85,-85,-85,-85,1350,700,74.10816746723116,5.517552207988417,circular
225,1100,700,318.98693011483147,-85,-85,-85,-85,1350,700,79.62571967521957,5.517552207988417,circular
226,1100,700,318.98693011483147,-85,-85,-85,-85,1350,700,85.14327188320799,5.517552207988417,circular
227,1100,700,318.98693011483147,-85,-85,-85,-85,1350,700,90.6608240911964,5.517552207988417,circular
228,1100,700,318.98693011483147,-85,-85,-85,-85,1350,700,96.17837629918482,5.517552207988417,circular
229,1100,700,318.98693011483147,-85,-85,-85,-85,1350,700,101.69592850717324,5.517552207988417,circular
230,1100,700,318.98693011483147,-85,-85,-85,-85,1350,700,107.21348071516165,5.517552207988417,circular
231,1100,700,318.98693011483147,-85,-85,-85,-85,1350,700,112.73103292315007,5.517552207988417,circular
232,1100,700,318.98693011483147,-85,-85,-85,-85,1350,700,118.24858513113848,5.517552207988417,circular
233,1100,700,318.98693011483147,-85,-85,-85,-85,1350,700,123.7661373391269,5.517552207988417,circular
234,1100,700,318.98693011483147,-85,-85,-85,-85,1350,700,129.28368954711533,5.517552207988417,circular
235,1100,700,318.98693011483147,-85,-85,-85,-85,1350,700,134.80124175510375,5.517552207988417,circular
236,1100,700,318.98693011483147,-85,-85,-85,-85,1350,700,140.31879396309216,5.517552207988417,circular
237,1100,700,318.98693011483147,19.25639156218217,-85,-85,17.513155499392102,1350,700,145.83634617108058,5.517552207988417,circular
238,1100,700,318.98693011483147,22.170735458799452,-85,-85,20.97742610025734,1350,700,151.353898379069,5.517552207988417,circular
239,1100,700,318.98693011483147,23.553218972269416,-85,-85,23.06730250275713,1350,700,156.8714505870574,5.517552207988417,circular
240,1100,700,318.98693011483147,24.646943359767004,-85,-85,24.1582774269213,1350,700,162.38900279504583,5.517552207988417,circular
241,1100,700,318.98693011483147,25.26334459461691,-85,-85,25.042923900792417,1350,700,167.90655500303424,5.517552207988417,circular
242,1100,700,318.98693011483147,25.7492610641292,-85,-85,25.536951728381826,1350,700,173.42410721102266,5.517552207988417,circular
243,1100,700,318.98693011483147,25.9816463993744,-85,-85,25.906018829630398,1350,700,178.94165941901107,5.517552207988417,circular
244,1100,700,318.98693011483147,26.077602459396946,-85,-85,26.053745949214605,1350,700,184.4592116269995,5.517552207988417,circular
245,1100,700,318.98693011483147,26.035130213615616,-85,-85,26.067010357935978,1350,700,189.9767638349879,5.517552207988417,circular
246,1100,700,318.98693011483147,25.807460623826316,-85,-85,25.946643644493044,1350,700,195.49431604297632,5.517552207988417,circular
247,1100,700,318.98693011483147,25.452908776355446,-85,-85,25.614204328866276,1350,700,201.01186825096474,5.517552207988417,circular
248,1100,700,318.98693011483147,24.788337040832293,-85,-85,25.157178905256924,1350,700,206.52942045895315,5.517552207988417,circular
249,1100,700,318.98693011483147,23.97102224645776,-85,-85,24.332711411139446,1350,700,212.04697266694157,5.517552207988417,circular
250,1100,700,318.98693011483147,22.496022074683278,-85,-85,23.319699537123853,1350,700,217.56452487493,5.517552207988417,circular
251,1100,700,318.98693011483147,20.48098321025059,-85,-85,21.418119305852123,1350,700,223.0820770829184,5.517552207988417,circular
252,1100,700,318.98693011483147,14.513447644213265,-85,-85,18.474304759512954,1350,700,228.59962929090682,5.517552207988417,circular
253,1100,700,318.98693011483147,-85,-85,-85,-85,1350,700,234.11718149889523,5.517552207988417,circular
254,1100,700,318.98693011483147,-85,-85,-85,-85,1350,700,239.63473370688365,5.517552207988417,circular
255,1100,700,318.98693011483147,-85,-85,-85,-85,1350,700,245.15228591487207,5.517552207988417,circular
256,1100,700,318.98693011483147,-85,-85,-85,-85,1350,700,250.66983812286048,5.517552207988417,circular
257,1100,700,318.98693011483147,-85,-85,-85,-85,1350,700,256.1873903308489,5.517552207988417,circular
258,1100,700,318.98693011483147,-85,-85,-85,-85,1350,700,261.7049425388374,5.517552207988417,circular
259,1100,700,318.98693011483147,-85,-85,-85,-85,1350,700,267.2224947468258,5.517552207988417,circular
260,1100,700,318.98693011483147,-85,-85,-85,-85,1350,700,272.74004695481426,5.517552207988417,circular
261,1100,700,318.98693011483147,-85,-85,-85,-85,1350,700,278.2575991628027,5.517552207988417,circular
262,1100,700,318.98693011483147,-85,-85,-85,-85,1350,700,283.77515137079115,5.517552207988417,circular
263,1100,700,318.98693011483147,-85,-85,-85,-85,1350,700,289.2927035787796,5.517552207988417,circular
264,1100,700,318.98693011483147,-85,-85,-85,-85,1350,700,294.81025578676804,5.517552207988417,circular
265,1100,700,318.98693011483147,-85,-85,-85,-85,1350,700,300.3278079947565,5.517552207988417,circular
266,1100,700,318.98693011483147,-85,-85,-85,-85,1350,700,305.8453602027449,5.517552207988417,circular
267,1100,700,318.98693011483147,-85,-85,-85,-85,1350,700,311.3629124107334,5.517552207988417,circular
268,1100,700,318.98693011483147,-85,-85,-85,-85,1350,700,316.8804646187218,5.517552207988417,circular
269,1100,700,318.98693011483147,-85,-85,-85,-85,1350,700,322.39801682671026,5.517552207988417,circular
270,1100,700,318.98693011483147,-85,-85,-85,-85,1350,700,327.9155690346987,5.517552207988417,circular
271,1100,700,318.98693011483147,-85,-85,-85,-85,1350,700,333.43312124268715,5.517552207988417,circular
272,1100,700,318.98693011483147,-85,-85,-85,-85,1350,700,338.9506734506756,5.517552207988417,circular
273,1100,700,318.98693011483147,-85,-85,-85,-85,1350,700,344.46822565866404,5.517552207988417,circular
274,1100,700,318.98693011483147,-85,-85,-85,-85,1350,700,349.9857778666525,5.517552207988417,circular
275,1100,700,318.98693011483147,-85,-85,-85,-85,1350,700,355.5033300746409,5.517552207988417,circular
276,1100,700,318.98693011483147,-85,-85,-85,-85,1350,700,1.0208822826293726,5.517552207988417,circular
277,1100,700,318.98693011483147,-85,-85,-85,-85,1350,700,6.53843449061779,5.517552207988417,circular
278,1100,700,318.98693011483147,-85,-85,-85,-85,1350,700,12.055986698606207,5.517552207988417,circular
279,1100,700,318.98693011483147,-85,-85,-85,-85,1350,700,17.573538906594624,5.517552207988417,circular
280,1100,700,318.98693011483147,-85,-85,-85,-85,1350,700,23.09109111458304,5.517552207988417,circular
281,1100,700,318.98693011483147,-85,-85,-85,-85,1350,700,28.608643322571456,5.517552207988417,circular
282,1100,700,318.98693011483147,-85,-85,-85,-85,1350,700,34.126195530559876,5.517552207988417,circular
283,1100,700,318.98693011483147,-85,-85,-85,-85,1350,700,39.64374773854829,5.517552207988417,circular
284,1100,700,318.98693011483147,-85,-85,-85,-85,1350,700,45.16129994653671,5.517552207988417,circular
285,1100,700,318.98693011483147,-85,-85,-85,-85,1350,700,50.678852154525124,5.517552207988417,circular
286,1100,700,318.98693011483147,-85,-85,-85,-85,1350,700,56.19640436251354,5.517552207988417,circular
287,1100,700,318.98693011483147,-85,-85,-85,-85,1350,700,61.713956570501956,5.517552207988417,circular
288,1100,700,318.98693011483147,-85,-85,-85,-85,1350,700,67.23150877849038,5.517552207988417,circular
289,1100,700,318.98693011483147,-85,-85,-85,-85,1350,700,72.7490609864788,5.517552207988417,circular
290,1100,700,318.98693011483147,-85,-85,-85,-85,1350,700,78.26661319446721,5.517552207988417,circular
291,1100,700,318.98693011483147,-85,-85,-85,-85,1350,700,83.78416540245563,5.517552207988417,circular
292,1100,700,318.98693011483147,-85,-85,-85,-85,1350,700,89.30171761044404,5.517552207988417,circular
293,1100,700,318.98693011483147,-85,-85,-85,-85,1350,700,94.81926981843246,5.517552207988417,circular
294,1100,700,318.98693011483147,-85,-85,-85,-85,1350,700,100.33682202642088,5.517552207988417,circular
295,1100,700,318.98693011483147,-85,-85,-85,-85,1350,700,105.85437423440929,5.517552207988417,circular
296,1100,700,318.98693011483147,-85,-85,-85,-85,1350,700,111.37192644239771,5.517552207988417,circular
297,1100,700,318.98693011483147,-85,-85,-85,-85,1350,700,116.88947865038612,5.517552207988417,circular
298,1100,700,318.98693011483147,-85,-85,-85,-85,1350,700,122.40703085837454,5.517552207988417,circular
299,1100,700,318.98693011483147,-85,-85,-85,-85,1350,700,127.92458306636296,5.517552207988417,circular
300,1100,700,318.98693011483147,-85,-85,-85,-85,1350,700,133.4421352743514,5.517552207988417,circular
301,1100,700,318.98693011483147,-85,-85,-85,-85,1350,700,138.9596874823398,5.517552207988417,circular
302,1100,700,318.98693011483147,18.47430475951294,-85,-85,14.513447644213304,1350,700,144.47723969032822,5.517552207988417,circular
303,1100,700,318.98693011483147,21.41811930585211,-85,-85,20.48098321025059,1350,700,149.99479189831663,5.517552207988417,circular
304,1100,700,318.98693011483147,23.31969953712386,-85,-85,22.496022074683278,1350,700,155.51234410630505,5.517552207988417,circular
305,1100,700,318.98693011483147,24.33271141113945,-85,-85,23.971022246457757,1350,700,161.02989631429347,5.517552207988417,circular
306,1100,700,318.98693011483147,25.157178905256924,-85,-85,24.78833704083229,1350,700,166.54744852228188,5.517552207988417,circular
307,1100,700,318.98693011483147,25.614204328866276,-85,-85,25.452908776355446,1350,700,172.0650007302703,5.517552207988417,circular
308,1100,700,318.98693011483147,25.946643644493044,-85,-85,25.80746062382631,1350,700,177.58255293825871,5.517552207988417,circular
309,1100,700,318.98693011483147,26.067010357935978,-85,-85,26.035130213615616,1350,700,183.10010514624713,5.517552207988417,circular
310,1100,700,318.98693011483147,26.053745949214605,-85,-85,26.077602459396946,1350,700,188.61765735423555,5.517552207988417,circular
311,1100,700,318.98693011483147,25.906018829630398,-85,-85,25.9816463993744,1350,700,194.13520956222396,5.517552207988417,circular
312,1100,700,318.98693011483147,25.536951728381826,-85,-85,25.7492610641292,1350,700,199.65276177021238,5.517552207988417,circular
313,1100,700,318.98693011483147,25.042923900792417,-85,-85,25.263344594616918,1350,700,205.1703139782008,5.517552207988417,circular
314,1100,700,318.98693011483147,24.1582774269213,-85,-85,24.646943359767004,1350,700,210.6878661861892,5.517552207988417,circular
315,1100,700,318.98693011483147,23.067302502757133,-85,-85,23.553218972269416,1350,700,216.20541839417763,5.517552207988417,circular
316,1100,700,318.98693011483147,20.97742610025735,-85,-85,22.170735458799452,1350,700,221.72297060216604,5.517552207988417,circular
317,1100,700,318.98693011483147,17.51315549939211,-85,-85,19.25639156218219,1350,700,227.24052281015446,5.517552207988417,circular
318,1100,700,318.98693011483147,-85,-85,-85,11.50579409835762,1350,700,232.75807501814288,5.517552207988417,circular
319,1100,700,318.98693011483147,-85,-85,-85,-85,1350,700,238.2756272261313,5.517552207988417,circular
320,1100,700,318.98693011483147,-85,-85,-85,-85,1350,700,243.7931794341197,5.517552207988417,circular
321,1100,700,318.98693011483147,-85,-85,-85,-85,1350,700,249.31073164210812,5.517552207988417,circular
322,1100,700,318.98693011483147,-85,-85,-85,-85,1350,700,254.82828385009654,5.517552207988417,circular
323,1100,700,318.98693011483147,-85,-85,-85,-85,1350,700,260.34583605808496,5.517552207988417,circular
324,1100,700,318.98693011483147,-85,-85,-85,-85,1350,700,265.8633882660734,5.517552207988417,circular
325,1100,700,318.98693011483147,-85,-85,-85,-85,1350,700,271.38094047406184,5.517552207988417,circular
326,1100,700,318.98693011483147,-85,-85,-85,-85,1350,700,276.8984926820503,5.517552207988417,circular
327,1100,700,318.98693011483147,-85,-85,-85,-85,1350,700,282.41604489003873,5.517552207988417,circular
328,1100,700,318.98693011483147,-85,-85,-85,-85,1350,700,287.9335970980272,5.517552207988417,circular
329,1100,700,318.98693011483147,-85,-85,-85,-85,1350,700,293.4511493060156,5.517552207988417,circular
330,1100,700,318.98693011483147,-85,-85,-85,-85,1350,700,298.96870151400407,5.517552207988417,circular
331,1100,700,318.98693011483147,-85,-85,-85,-85,1350,700,304.4862537219925,5.517552207988417,circular
332,1100,700,318.98693011483147,-85,-85,-85,-85,1350,700,310.00380592998096,5.517552207988417,circular
333,1100,700,318.98693011483147,-85,-85,-85,-85,1350,700,315.5213581379694,5.517552207988417,circular
334,1100,700,318.98693011483147,-85,-85,-85,-85,1350,700,321.03891034595785,5.517552207988417,circular
335,1100,700,318.98693011483147,-85,-85,-85,-85,1350,700,326.5564625539463,5.517552207988417,circular
336,1100,700,318.98693011483147,-85,-85,-85,-85,1350,700,332.07401476193473,5.517552207988417,circular
337,1100,700,318.98693011483147,-85,-85,-85,-85,1350,700,337.5915669699232,5.517552207988417,circular
338,1100,700,318.98693011483147,-85,-85,-85,-85,1350,700,343.1091191779116,5.517552207988417,circular
339,1100,700,318.98693011483147,-85,-85,-85,-85,1350,700,348.62667138590007,5.517552207988417,circular
340,1100,700,318.98693011483147,-85,-85,-85,-85,1350,700,354.1442235938885,5.517552207988417,circular
341,1100,700,318.98693011483147,-85,-85,-85,-85,1350,700,359.66177580187696,5.517552207988417,circular
342,1100,700,318.98693011483147,-85,-85,-85,-85,1350,700,5.179328009865401,5.517552207988417,circular
343,1100,700,318.98693011483147,-85,-85,-85,-85,1350,700,10.696880217853817,5.517552207988417,circular
344,1100,700,318.98693011483147,-85,-85,-85,-85,1350,700,16.214432425842233,5.517552207988417,circular
345,1100,700,318.98693011483147,-85,-85,-85,-85,1350,700,21.73198463383065,5.517552207988417,circular
346,1100,700,318.98693011483147,-85,-85,-85,-85,1350,700,27.249536841819065,5.517552207988417,circular
347,1100,700,318.98693011483147,-85,-85,-85,-85,1350,700,32.76708904980748,5.517552207988417,circular
348,1100,700,318.98693011483147,-85,-85,-85,-85,1350,700,38.2846412577959,5.517552207988417,circular
349,1100,700,318.98693011483147,-85,-85,-85,-85,1350,700,43.80219346578431,5.517552207988417,circular
350,1100,700,318.98693011483147,-85,-85,-85,-85,1350,700,49.31974567377273,5.517552207988417,circular
351,1100,700,318.98693011483147,-85,-85,-85,-85,1350,700,54.837297881761145,5.517552207988417,circular
352,1100,700,318.98693011483147,-85,-85,-85,-85,1350,700,60.35485008974956,5.517552207988417,circular
353,1100,700,318.98693011483147,-85,-85,-85,-85,1350,700,65.87240229773798,5.517552207988417,circular
354,1100,700,318.98693011483147,-85,-85,-85,-85,1350,700,71.3899545057264,5.517552207988417,circular
355,1100,700,318.98693011483147,-85,-85,-85,-85,1350,700,76.90750671371481,5.517552207988417,circular
356,1100,700,318.98693011483147,-85,-85,-85,-85,1350,700,82.42505892170323,5.517552207988417,circular
357,1100,700,318.98693011483147,-85,-85,-85,-85,1350,700,87.94261112969164,5.517552207988417,circular
358,1100,700,318.98693011483147,-85,-85,-85,-85,1350,700,93.46016333768006,5.517552207988417,circular
359,1100,700,318.98693011483147,-85,-85,-85,-85,1350,700,98.97771554566847,5.517552207988417,circular
360,1100,700,318.98693011483147,-85,-85,-85,-85,1350,700,104.49526775365689,5.517552207988417,circular
361,1100,700,318.98693011483147,-85,-85,-85,-85,1350,700,110.0128199616453,5.517552207988417,circular
362,1100,700,318.98693011483147,-85,-85,-85,-85,1350,700,115.53037216963372,5.517552207988417,circular
363,1100,700,318.98693011483147,-85,-85,-85,-85,1350,700,121.04792437762214,5.517552207988417,circular
364,1100,700,318.98693011483147,-85,-85,-85,-85,1350,700,126.56547658561055,5.517552207988417,circular
365,1100,700,318.98693011483147,-85,-85,-85,-85,1350,700,132.08302879359897,5.517552207988417,circular
366,1100,700,318.98693011483147,-85,-85,-85,-85,1350,700,137.6005810015874,5.517552207988417,circular
367,1100,700,318.98693011483147,16.269948115724727,-85,-85,11.505794098357505,1350,700,143.1181332095758,5.517552207988417,circular
368,1100,700,318.98693011483147,20.97742610025734,-85,-85,19.25639156218217,1350,700,148.63568541756422,5.517552207988417,circular
369,1100,700,318.98693011483147,22.793695368992218,-85,-85,22.170735458799452,1350,700,154.15323762555263,5.517552207988417,circular
370,1100,700,318.98693011483147,24.1582774269213,-85,-85,23.553218972269416,1350,700,159.67078983354105,5.517552207988417,circular
371,1100,700,318.98693011483147,24.92014212493214,-85,-85,24.646943359767004,1350,700,165.18834204152947,5.517552207988417,circular
372,1100,700,318.98693011483147,25.536951728381826,-85,-85,25.26334459461691,1350,700,170.70589424951788,5.517552207988417,circular
373,1100,700,318.98693011483147,25.859665714847075,-85,-85,25.7492610641292,1350,700,176.2234464575063,5.517552207988417,circular
374,1100,700,318.98693011483147,26.053745949214605,-85,-85,25.9816463993744,1350,700,181.74099866549471,5.517552207988417,circular
375,1100,700,318.98693011483147,26.074956048612798,-85,-85,26.077602459396946,1350,700,187.25855087348313,5.517552207988417,circular
376,1100,700,318.98693011483147,25.946643644493044,-85,-85,26.035130213615616,1350,700,192.77610308147155,5.517552207988417,circular
377,1100,700,318.98693011483147,25.684904084789977,-85,-85,25.807460623826316,1350,700,198.29365528945996,5.517552207988417,circular
378,1100,700,318.98693011483147,25.157178905256924,-85,-85,25.361807294499556,1350,700,203.81120749744838,5.517552207988417,circular
379,1100,700,318.98693011483147,24.495315191602927,-85,-85,24.788337040832293,1350,700,209.3287597054368,5.517552207988417,circular
380,1100,700,318.98693011483147,23.319699537123853,-85,-85,23.769789312347285,1350,700,214.8463119134252,5.517552207988417,circular
381,1100,700,318.98693011483147,21.418119305852123,-85,-85,22.496022074683278,1350,700,220.36386412141363,5.517552207988417,circular
382,1100,700,318.98693011483147,18.474304759512954,-85,-85,19.914354227256315,1350,700,225.88141632940204,5.517552207988417,circular
383,1100,700,318.98693011483147,-85,-85,-85,14.513447644213265,1350,700,231.39896853739046,5.517552207988417,circular
384,1100,700,318.98693011483147,-85,-85,-85,-85,1350,700,236.91652074537888,5.517552207988417,circular
385,1100,700,318.98693011483147,-85,-85,-85,-85,1350,700,242.4340729533673,5.517552207988417,circular
386,1100,700,318.98693011483147,-85,-85,-85,-85,1350,700,247.9516251613557,5.517552207988417,circular
387,1100,700,318.98693011483147,-85,-85,-85,-85,1350,700,253.46917736934412,5.517552207988417,circular
388,1100,700,318.98693011483147,-85,-85,-85,-85,1350,700,258.98672957733254,5.517552207988417,circular
389,1100,700,318.98693011483147,-85,-85,-85,-85,1350,700,264.504281785321,5.517552207988417,circular
390,1100,700,318.98693011483147,-85,-85,-85,-85,1350,700,270.02183399330943,5.517552207988417,circular
391,1100,700,318.98693011483147,-85,-85,-85,-85,1350,700,275.5393862012979,5.517552207988417,circular
392,1100,700,318.98693011483147,-85,-85,-85,-85,1350,700,281.0569384092863,5.517552207988417,circular
393,1100,700,318.98693011483147,-85,-85,-85,-85,1350,700,286.57449061727476,5.517552207988417,circular
394,1100,700,318.98693011483147,-85,-85,-85,-85,1350,700,292.0920428252632,5.517552207988417,circular
395,1100,700,318.98693011483147,-85,-85,-85,-85,1350,700,297.60959503325165,5.517552207988417,circular
396,1100,700,318.98693011483147,-85,-85,-85,-85,1350,700,303.1271472412401,5.517552207988417,circular
397,1100,700,318.98693011483147,-85,-85,-85,-85,1350,700,308.64469944922854,5.517552207988417,circular
398,1100,700,318.98693011483147,-85,-85,-85,-85,1350,700,314.162251657217,5.517552207988417,circular
399,1100,700,318.98693011483147,-85,-85,-85,-85,1350,700,319.67980386520543,5.517552207988417,circular
400,1100,700,318.98693011483147,-85,-85,-85,-85,1350,700,325.1973560731939,5.517552207988417,circular
401,1100,700,318.98693011483147,-85,-85,-85,-85,1350,700,330.7149082811823,5.517552207988417,circular
402,1100,700,318.98693011483147,-85,-85,-85,-85,1350,700,336.23246048917076,5.517552207988417,circular
403,1100,700,318.98693011483147,-85,-85,-85,-85,1350,700,341.7500126971592,5.517552207988417,circular
404,1100,700,318.98693011483147,-85,-85,-85,-85,1350,700,347.26756490514765,5.517552207988417,circular
405,1100,700,318.98693011483147,-85,-85,-85,-85,1350,700,352.7851171131361,5.517552207988417,circular
406,1100,700,318.98693011483147,-85,-85,-85,-85,1350,700,358.30266932112454,5.517552207988417,circular
407,1100,700,318.98693011483147,-85,-85,-85,-85,1350,700,3.8202215291129846,5.517552207988417,circular
408,1100,700,318.98693011483147,-85,-85,-85,-85,1350,700,9.3377737371014,5.517552207988417,circular
409,1100,700,318.98693011483147,-85,-85,-85,-85,1350,700,14.855325945089817,5.517552207988417,circular
410,1100,700,318.98693011483147,-85,-85,-85,-85,1350,700,20.372878153078233,5.517552207988417,circular
411,1100,700,318.98693011483147,-85,-85,-85,-85,1350,700,25.89043036106665,5.517552207988417,circular
412,1100,700,318.98693011483147,-85,-85,-85,-85,1350,700,31.407982569055065,5.517552207988417,circular
413,1100,700,318.98693011483147,-85,-85,-85,-85,1350,700,36.92553477704348,5.517552207988417,circular
414,1100,700,318.98693011483147,-85,-85,-85,-85,1350,700,42.4430869850319,5.517552207988417,circular
415,1100,700,318.98693011483147,-85,-85,-85,-85,1350,700,47.96063919302031,5.517552207988417,circular
416,1100,700,318.98693011483147,-85,-85,-85,-85,1350,700,53.47819140100873,5.517552207988417,circular
417,1100,700,318.98693011483147,-85,-85,-85,-85,1350,700,58.995743608997145,5.517552207988417,circular
418,1100,700,318.98693011483147,-85,-85,-85,-85,1350,700,64.51329581698556,5.517552207988417,circular
419,1100,700,318.98693011483147,-85,-85,-85,-85,1350,700,70.03084802497398,5.517552207988417,circular
420,1100,700,318.98693011483147,-85,-85,-85,-85,1350,700,75.5484002329624,5.517552207988417,circular
421,1100,700,318.98693011483147,-85,-85,-85,-85,1350,700,81.06595244095081,5.517552207988417,circular
422,1100,700,318.98693011483147,-85,-85,-85,-85,1350,700,86.58350464893923,5.517552207988417,circular
423,1100,700,318.98693011483147,-85,-85,-85,-85,1350,700,92.10105685692764,5.517552207988417,circular
424,1100,700,318.98693011483147,-85,-85,-85,-85,1350,700,97.61860906491606,5.517552207988417,circular
425,1100,700,318.98693011483147,-85,-85,-85,-85,1350,700,103.13616127290447,5.517552207988417,circular
426,1100,700,318.98693011483147,-85,-85,-85,-85,1350,700,108.65371348089289,5.517552207988417,circular
427,1100,700,318.98693011483147,-85,-85,-85,-85,1350,700,114.1712656888813,5.517552207988417,circular
428,1100,700,318.98693011483147,-85,-85,-85,-85,1350,700,119.68881789686972,5.517552207988417,circular
429,1100,700,318.98693011483147,-85,-85,-85,-85,1350,700,125.20637010485814,5.517552207988417,circular
430,1100,700,318.98693011483147,-85,-85,-85,-85,1350,700,130.72392231284655,5.517552207988417,circular
431,1100,700,318.98693011483147,-85,-85,-85,-85,1350,700,136.24147452083497,5.517552207988417,circular
432,1100,700,318.98693011483147,14.513447644213304,-85,-85,-85,1350,700,141.7590267288234,5.517552207988417,circular
433,1100,700,318.98693011483147,19.91435422725632,-85,-85,18.47430475951294,1350,700,147.2765789368118,5.517552207988417,circular
434,1100,700,318.98693011483147,22.496022074683278,-85,-85,21.41811930585211,1350,700,152.79413114480022,5.517552207988417,circular
435,1100,700,318.98693011483147,23.769789312347285,-85,-85,23.31969953712386,1350,700,158.31168335278863,5.517552207988417,circular
436,1100,700,318.98693011483147,24.78833704083229,-85,-85,24.495315191602927,1350,700,163.82923556077705,5.517552207988417,circular
437,1100,700,318.98693011483147,25.36180729449956,-85,-85,25.157178905256924,1350,700,169.34678776876547,5.517552207988417,circular
438,1100,700,318.98693011483147,25.80746062382631,-85,-85,25.684904084789974,1350,700,174.86433997675388,5.517552207988417,circular
439,1100,700,318.98693011483147,26.035130213615616,-85,-85,25.946643644493044,1350,700,180.3818921847423,5.517552207988417,circular
440,1100,700,318.98693011483147,26.077602459396946,-85,-85,26.074956048612798,1350,700,185.89944439273071,5.517552207988417,circular
441,1100,700,318.98693011483147,25.9816463993744,-85,-85,26.053745949214605,1350,700,191.41699660071913,5.517552207988417,circular
442,1100,700,318.98693011483147,25.7492610641292,-85,-85,25.859665714847075,1350,700,196.93454880870755,5.517552207988417,circular
443,1100,700,318.98693011483147,25.263344594616918,-85,-85,25.536951728381826,1350,700,202.45210101669596,5.517552207988417,circular
444,1100,700,318.98693011483147,24.646943359767004,-85,-85,24.92014212493214,1350,700,207.96965322468438,5.517552207988417,circular
445,1100,700,318.98693011483147,23.553218972269416,-85,-85,24.1582774269213,1350,700,213.4872054326728,5.517552207988417,circular
446,1100,700,318.98693011483147,22.170735458799452,-85,-85,22.793695368992225,1350,700,219.0047576406612,5.517552207988417,circular
447,1100,700,318.98693011483147,19.25639156218219,-85,-85,20.97742610025735,1350,700,224.52230984864963,5.517552207988417,circular
448,1100,700,318.98693011483147,11.50579409835762,-85,-85,16.269948115724716,1350,700,230.03986205663804,5.517552207988417,circular
449,1100,700,318.98693011483147,-85,-85,-85,-85,1350,700,235.55741426462646,5.517552207988417,circular
450,1100,700,318.98693011483147,-85,-85,-85,-85,1350,700,241.07496647261488,5.517552207988417,circular
451,1100,700,318.98693011483147,-85,-85,-85,-85,1350,700,246.5925186806033,5.517552207988417,circular
452,1100,700,318.98693011483147,-85,-85,-85,-85,1350,700,252.1100708885917,5.517552207988417,circular
453,1100,700,318.98693011483147,-85,-85,-85,-85,1350,700,257.6276230965801,5.517552207988417,circular
454,1100,700,318.98693011483147,-85,-85,-85,-85,1350,700,263.14517530456857,5.517552207988417,circular
455,1100,700,318.98693011483147,-85,-85,-85,-85,1350,700,268.662727512557,5.517552207988417,circular
456,1100,700,318.98693011483147,-85,-85,-85,-85,1350,700,274.18027972054546,5.517552207988417,circular
457,1100,700,318.98693011483147,-85,-85,-85,-85,1350,700,279.6978319285339,5.517552207988417,circular
458,1100,700,318.98693011483147,-85,-85,-85,-85,1350,700,285.21538413652235,5.517552207988417,circular
459,1100,700,318.98693011483147,-85,-85,-85,-85,1350,700,290.7329363445108,5.517552207988417,circular
460,1100,700,318.98693011483147,-85,-85,-85,-85,1350,700,296.25048855249923,5.517552207988417,circular
461,1100,700,318.98693011483147,-85,-85,-85,-85,1350,700,301.7680407604877,5.517552207988417,circular
462,1100,700,318.98693011483147,-85,-85,-85,-85,1350,700,307.2855929684761,5.517552207988417,circular
463,1100,700,318.98693011483147,-85,-85,-85,-85,1350,700,312.80314517646457,5.517552207988417,circular
464,1100,700,318.98693011483147,-85,-85,-85,-85,1350,700,318.320697384453,5.517552207988417,circular
465,1100,700,318.98693011483147,-85,-85,-85,-85,1350,700,323.83824959244146,5.517552207988417,circular
466,1100,700,318.98693011483147,-85,-85,-85,-85,1350,700,329.3558018004299,5.517552207988417,circular
467,1100,700,318.98693011483147,-85,-85,-85,-85,1350,700,334.87335400841835,5.517552207988417,circular
468,1100,700,318.98693011483147,-85,-85,-85,-85,1350,700,340.3909062164068,5.517552207988417,circular
469,1100,700,318.98693011483147,-85,-85,-85,-85,1350,700,345.90845842439523,5.517552207988417,circular
470,1100,700,318.98693011483147,-85,-85,-85,-85,1350,700,351.4260106323837,5.517552207988417,circular
471,1100,700,318.98693011483147,-85,-85,-85,-85,1350,700,356.9435628403721,5.517552207988417,circular
472,1100,700,318.98693011483147,-85,-85,-85,-85,1350,700,2.4611150483605684,5.517552207988417,circular
473,1100,700,318.98693011483147,-85,-85,-85,-85,1350,700,7.978667256348985,5.517552207988417,circular
474,1100,700,318.98693011483147,-85,-85,-85,-85,1350,700,13.496219464337402,5.517552207988417,circular
475,1100,700,318.98693011483147,-85,-85,-85,-85,1350,700,19.01377167232582,5.517552207988417,circular
476,1100,700,318.98693011483147,-85,-85,-85,-85,1350,700,24.531323880314236,5.517552207988417,circular
477,1100,700,318.98693011483147,-85,-85,-85,-85,1350,700,30.048876088302652,5.517552207988417,circular
478,1100,700,318.98693011483147,-85,-85,-85,-85,1350,700,35.56642829629107,5.517552207988417,circular
479,1100,700,318.98693011483147,-85,-85,-85,-85,1350,700,41.08398050427949,5.517552207988417,circular
480,1100,700,318.98693011483147,-85,-85,-85,-85,1350,700,46.601532712267904,5.517552207988417,circular
481,1100,700,318.98693011483147,-85,-85,-85,-85,1350,700,52.11908492025632,5.517552207988417,circular
482,1100,700,318.98693011483147,-85,-85,-85,-85,1350,700,57.636637128244736,5.517552207988417,circular
483,1100,700,318.98693011483147,-85,-85,-85,-85,1350,700,63.15418933623315,5.517552207988417,circular
484,1100,700,318.98693011483147,-85,-85,-85,-85,1350,700,68.67174154422158,5.517552207988417,circular
485,1100,700,318.98693011483147,-85,-85,-85,-85,1350,700,74.18929375220999,5.517552207988417,circular
486,1100,700,318.98693011483147,-85,-85,-85,-85,1350,700,79.70684596019841,5.517552207988417,circular
487,1100,700,318.98693011483147,-85,-85,-85,-85,1350,700,85.22439816818682,5.517552207988417,circular
488,1100,700,318.98693011483147,-85,-85,-85,-85,1350,700,90.74195037617524,5.517552207988417,circular
489,1100,700,318.98693011483147,-85,-85,-85,-85,1350,700,96.25950258416366,5.517552207988417,circular
490,1100,700,318.98693011483147,-85,-85,-85,-85,1350,700,101.77705479215207,5.517552207988417,circular
491,1100,700,318.98693011483147,-85,-85,-85,-85,1350,700,107.29460700014049,5.517552207988417,circular
492,1100,700,318.98693011483147,-85,-85,-85,-85,1350,700,112.8121592081289,5.517552207988417,circular
493,1100,700,318.98693011483147,-85,-85,-85,-85,1350,700,118.32971141611732,5.517552207988417,circular
494,1100,700,318.98693011483147,-85,-85,-85,-85,1350,700,123.84726362410574,5.517552207988417,circular
495,1100,700,318.98693011483147,-85,-85,-85,-85,1350,700,129.36481583209417,5.517552207988417,circular
496,1100,700,318.98693011483147,-85,-85,-85,-85,1350,700,134.88236804008258,5.517552207988417,circular
497,1100,700,318.98693011483147,11.505794098357505,-85,-85,-85,1350,700,140.399920248071,5.517552207988417,circular
498,1100,700,318.98693011483147,19.25639156218217,-85,-85,17.513155499392102,1350,700,145.91747245605941,5.517552207988417,circular
499,1100,700,318.98693011483147,22.170735458799452,-85,-85,20.97742610025734,1350,700,151.43502466404783,5.517552207988417,circular
500,1100,700,318.98693011483147,23.553218972269416,-85,-85,23.06730250275713,1350,700,156.95257687203625,5.517552207988417,circular
501,1100,700,318.98693011483147,24.646943359767004,-85,-85,24.1582774269213,1350,700,162.47012908002466,5.517552207988417,circular
502,1100,700,318.98693011483147,25.26334459461691,-85,-85,25.042923900792417,1350,700,167.98768128801308,5.517552207988417,circular
503,1100,700,318.98693011483147,25.7492610641292,-85,-85,25.536951728381826,1350,700,173.5052334960015,5.517552207988417,circular
504,1100,700,318.98693011483147,25.9816463993744,-85,-85,25.906018829630398,1350,700,179.0227857039899,5.517552207988417,circular
505,1100,700,318.98693011483147,26.077602459396946,-85,-85,26.053745949214605,1350,700,184.54033791197833,5.517552207988417,circular
506,1100,700,318.98693011483147,26.035130213615616,-85,-85,26.067010357935978,1350,700,190.05789011996674,5.517552207988417,circular
507,1100,700,318.98693011483147,25.807460623826316,-85,-85,25.946643644493044,1350,700,195.57544232795516,5.517552207988417,circular
508,1100,700,318.98693011483147,25.452908776355446,-85,-85,25.614204328866276,1350,700,201.09299453594357,5.517552207988417,circular
509,1100,700,318.98693011483147,24.788337040832293,-85,-85,25.157178905256924,1350,700,206.610546743932,5.517552207988417,circular
510,1100,700,318.98693011483147,23.97102224645776,-85,-85,24.332711411139446,1350,700,212.1280989519204,5.517552207988417,circular
511,1100,700,318.98693011483147,22.496022074683278,-85,-85,23.319699537123853,1350,700,217.64565115990882,5.517552207988417,circular
512,1100,700,318.98693011483147,20.48098321025059,-85,-85,21.418119305852123,1350,700,223.16320336789724,5.517552207988417,circular
513,1100,700,318.98693011483147,14.513447644213265,-85,-85,18.474304759512954,1350,700,228.68075557588566,5.517552207988417,circular
514,1100,700,318.98693011483147,-85,-85,-85,-85,1350,700,234.19830778387407,5.517552207988417,circular
515,1100,700,318.98693011483147,-85,-85,-85,-85,1350,700,239.7158599918625,5.517552207988417,circular
516,1100,700,318.98693011483147,-85,-85,-85,-85,1350,700,245.2334121998509,5.517552207988417,circular
517,1100,700,318.98693011483147,-85,-85,-85,-85,1350,700,250.75096440783932,5.517552207988417,circular
518,1100,700,318.98693011483147,-85,-85,-85,-85,1350,700,256.26851661582776,5.517552207988417,circular
519,1100,700,318.98693011483147,-85,-85,-85,-85,1350,700,261.7860688238162,5.517552207988417,circular
520,1100,700,318.98693011483147,-85,-85,-85,-85,1350,700,267.30362103180465,5.517552207988417,circular
521,1100,700,318.98693011483147,-85,-85,-85,-85,1350,700,272.8211732397931,5.517552207988417,circular
522,1100,700,318.98693011483147,-85,-85,-85,-85,1350,700,278.33872544778154,5.517552207988417,circular
523,1100,700,318.98693011483147,-85,-85,-85,-85,1350,700,283.85627765577,5.517552207988417,circular
524,1100,700,318.98693011483147,-85,-85,-85,-85,1350,700,289.37382986375843,5.517552207988417,circular
525,1100,700,318.98693011483147,-85,-85,-85,-85,1350,700,294.8913820717469,5.517552207988417,circular
526,1100,700,318.98693011483147,-85,-85,-85,-85,1350,700,300.4089342797353,5.517552207988417,circular
527,1100,700,318.98693011483147,-85,-85,-85,-85,1350,700,305.92648648772376,5.517552207988417,circular
528,1100,700,318.98693011483147,-85,-85,-85,-85,1350,700,311.4440386957122,5.517552207988417,circular
529,1100,700,318.98693011483147,-85,-85,-85,-85,1350,700,316.96159090370065,5.517552207988417,circular
530,1100,700,318.98693011483147,-85,-85,-85,-85,1350,700,322.4791431116891,5.517552207988417,circular
531,1100,700,318.98693011483147,-85,-85,-85,-85,1350,700,327.99669531967754,5.517552207988417,circular
532,1100,700,318.98693011483147,-85,-85,-85,-85,1350,700,333.514247527666,5.517552207988417,circular
533,1100,700,318.98693011483147,-85,-85,-85,-85,1350,700,339.03179973565443,5.517552207988417,circular
534,1100,700,318.98693011483147,-85,-85,-85,-85,1350,700,344.5493519436429,5.517552207988417,circular
535,1100,700,318.98693011483147,-85,-85,-85,-85,1350,700,350.0669041516313,5.517552207988417,circular
536,1100,700,318.98693011483147,-85,-85,-85,-85,1350,700,355.58445635961976,5.517552207988417,circular
537,1100,700,318.98693011483147,-85,-85,-85,-85,1350,700,1.102008567608209,5.517552207988417,circular
538,1100,700,318.98693011483147,-85,-85,-85,-85,1350,700,6.619560775596626,5.517552207988417,circular
539,1100,700,318.98693011483147,-85,-85,-85,-85,1350,700,12.137112983585043,5.517552207988417,circular
540,1100,700,318.98693011483147,-85,-85,-85,-85,1350,700,17.65466519157346,5.517552207988417,circular
541,1100,700,318.98693011483147,-85,-85,-85,-85,1350,700,23.172217399561877,5.517552207988417,circular
542,1100,700,318.98693011483147,-85,-85,-85,-85,1350,700,28.689769607550293,5.517552207988417,circular
543,1100,700,318.98693011483147,-85,-85,-85,-85,1350,700,34.20732181553871,5.517552207988417,circular
544,1100,700,318.98693011483147,-85,-85,-85,-85,1350,700,39.72487402352713,5.517552207988417,circular
545,1100,700,318.98693011483147,-85,-85,-85,-85,1350,700,45.242426231515545,5.517552207988417,circular
546,1100,700,318.98693011483147,-85,-85,-85,-85,1350,700,50.75997843950396,5.517552207988417,circular
547,1100,700,318.98693011483147,-85,-85,-85,-85,1350,700,56.27753064749238,5.517552207988417,circular
548,1100,700,318.98693011483147,-85,-85,-85,-85,1350,700,61.79508285548079,5.517552207988417,circular
549,1100,700,318.98693011483147,-85,-85,-85,-85,1350,700,67.31263506346922,5.517552207988417,circular
550,1100,700,318.98693011483147,-85,-85,-85,-85,1350,700,72.83018727145763,5.517552207988417,circular
551,1100,700,318.98693011483147,-85,-85,-85,-85,1350,700,78.34773947944605,5.517552207988417,circular
552,1100,700,318.98693011483147,-85,-85,-85,-85,1350,700,83.86529168743446,5.517552207988417,circular
553,1100,700,318.98693011483147,-85,-85,-85,-85,1350,700,89.38284389542288,5.517552207988417,circular
554,1100,700,318.98693011483147,-85,-85,-85,-85,1350,700,94.9003961034113,5.517552207988417,circular
555,1100,700,318.98693011483147,-85,-85,-85,-85,1350,700,100.41794831139971,5.517552207988417,circular
556,1100,700,318.98693011483147,-85,-85,-85,-85,1350,700,105.93550051938813,5.517552207988417,circular
557,1100,700,318.98693011483147,-85,-85,-85,-85,1350,700,111.45305272737654,5.517552207988417,circular
558,1100,700,318.98693011483147,-85,-85,-85,-85,1350,700,116.97060493536496,5.517552207988417,circular
559,1100,700,318.98693011483147,-85,-85,-85,-85,1350,700,122.48815714335338,5.517552207988417,circular
560,1100,700,318.98693011483147,-85,-85,-85,-85,1350,700,128.0057093513418,5.517552207988417,circular
561,1100,700,318.98693011483147,-85,-85,-85,-85,1350,700,133.52326155933022,5.517552207988417,circular
562,1100,700,318.98693011483147,-85,-85,-85,-85,1350,700,139.04081376731864,5.517552207988417,circular
563,1100,700,318.98693011483147,18.47430475951294,-85,-85,14.513447644213304,1350,700,144.55836597530705,5.517552207988417,circular
564,1100,700,318.98693011483147,21.41811930585211,-85,-85,20.48098321025059,1350,700,150.07591818329547,5.517552207988417,circular
565,1100,700,318.98693011483147,23.31969953712386,-85,-85,22.496022074683278,1350,700,155.5934703912839,5.517552207988417,circular
566,1100,700,318.98693011483147,24.33271141113945,-85,-85,23.971022246457757,1350,700,161.1110225992723,5.517552207988417,circular
567,1100,700,318.98693011483147,25.157178905256924,-85,-85,24.78833704083229,1350,700,166.62857480726072,5.517552207988417,circular
568,1100,700,318.98693011483147,25.614204328866276,-85,-85,25.452908776355446,1350,700,172.14612701524914,5.517552207988417,circular
569,1100,700,318.98693011483147,25.946643644493044,-85,-85,25.80746062382631,1350,700,177.66367922323755,5.517552207988417,circular
570,1100,700,318.98693011483147,26.067010357935978,-85,-85,26.035130213615616,1350,700,183.18123143122597,5.517552207988417,circular
571,1100,700,318.98693011483147,26.053745949214605,-85,-85,26.077602459396946,1350,700,188.69878363921438,5.517552207988417,circular
572,1100,700,318.98693011483147,25.906018829630398,-85,-85,25.9816463993744,1350,700,194.2163358472028,5.517552207988417,circular
573,1100,700,318.98693011483147,25.536951728381826,-85,-85,25.7492610641292,1350,700,199.73388805519122,5.517552207988417,circular
574,1100,700,318.98693011483147,25.042923900792417,-85,-85,25.263344594616918,1350,700,205.25144026317963,5.517552207988417,circular
575,1100,700,318.98693011483147,24.1582774269213,-85,-85,24.646943359767004,1350,700,210.76899247116805,5.517552207988417,circular
576,1100,700,318.98693011483147,23.067302502757133,-85,-85,23.553218972269416,1350,700,216.28654467915646,5.517552207988417,circular
577,1100,700,318.98693011483147,20.97742610025735,-85,-85,22.170735458799452,1350,700,221.80409688714488,5.517552207988417,circular
578,1100,700,318.98693011483147,17.51315549939211,-85,-85,19.25639156218219,1350,700,227.3216490951333,5.517552207988417,circular
579,1100,700,318.98693011483147,-85,-85,-85,-85,1350,700,232.8392013031217,5.517552207988417,circular
580,1100,700,318.98693011483147,-85,-85,-85,-85,1350,700,238.35675351111013,5.517552207988417,circular
581,1100,700,318.98693011483147,-85,-85,-85,-85,1350,700,243.87430571909854,5.517552207988417,circular
582,1100,700,318.98693011483147,-85,-85,-85,-85,1350,700,249.39185792708696,5.517552207988417,circular
583,1100,700,318.98693011483147,-85,-85,-85,-85,1350,700,254.90941013507538,5.517552207988417,circular
584,1100,700,318.98693011483147,-85,-85,-85,-85,1350,700,260.4269623430638,5.517552207988417,circular
585,1100,700,318.98693011483147,-85,-85,-85,-85,1350,700,265.94451455105224,5.517552207988417,circular
586,1100,700,318.98693011483147,-85,-85,-85,-85,1350,700,271.4620667590407,5.517552207988417,circular
587,1100,700,318.98693011483147,-85,-85,-85,-85,1350,700,276.9796189670291,5.517552207988417,circular
588,1100,700,318.98693011483147,-85,-85,-85,-85,1350,700,282.49717117501757,5.517552207988417,circular
589,1100,700,318.98693011483147,-85,-85,-85,-85,1350,700,288.014723383006,5.517552207988417,circular
590,1100,700,318.98693011483147,-85,-85,-85,-85,1350,700,293.53227559099446,5.517552207988417,circular
591,1100,700,318.98693011483147,-85,-85,-85,-85,1350,700,299.0498277989829,5.517552207988417,circular
592,1100,700,318.98693011483147,-85,-85,-85,-85,1350,700,304.56738000697135,5.517552207988417,circular
593,1100,700,318.98693011483147,-85,-85,-85,-85,1350,700,310.0849322149598,5.517552207988417,circular
594,1100,700,318.98693011483147,-85,-85,-85,-85,1350,700,315.60248442294824,5.517552207988417,circular
595,1100,700,318.98693011483147,-85,-85,-85,-85,1350,700,321.1200366309367,5.517552207988417,circular
596,1100,700,318.98693011483147,-85,-85,-85,-85,1350,700,326.6375888389251,5.517552207988417,circular
597,1100,700,318.98693011483147,-85,-85,-85,-85,1350,700,332.15514104691357,5.517552207988417,circular
598,1100,700,318.98693011483147,-85,-85,-85,-85,1350,700,337.672693254902,5.517552207988417,circular
599,1100,700,318.98693011483147,-85,-85,-85,-85,1350,700,343.19024546289046,5.517552207988417,circular
600,1100,700,318.98693011483147,-85,-85,-85,-85,1350,700,348.7077976708789,5.517552207988417,circular
601,1100,700,318.98693011483147,-85,-85,-85,-85,1350,700,354.22534987886735,5.517552207988417,circular
602,1100,700,318.98693011483147,-85,-85,-85,-85,1350,700,359.7429020868558,5.517552207988417,circular
603,1100,700,318.98693011483147,-85,-85,-85,-85,1350,700,5.260454294844237,5.517552207988417,circular
604,1100,700,318.98693011483147,-85,-85,-85,-85,1350,700,10.778006502832653,5.517552207988417,circular
605,1100,700,318.98693011483147,-85,-85,-85,-85,1350,700,16.29555871082107,5.517552207988417,circular
606,1100,700,318.98693011483147,-85,-85,-85,-85,1350,700,21.813110918809485,5.517552207988417,circular
607,1100,700,318.98693011483147,-85,-85,-85,-85,1350,700,27.3306631267979,5.517552207988417,circular
608,1100,700,318.98693011483147,-85,-85,-85,-85,1350,700,32.84821533478632,5.517552207988417,circular
609,1100,700,318.98693011483147,-85,-85,-85,-85,1350,700,38.365767542774734,5.517552207988417,circular
610,1100,700,318.98693011483147,-85,-85,-85,-85,1350,700,43.88331975076315,5.517552207988417,circular
611,1100,700,318.98693011483147,-85,-85,-85,-85,1350,700,49.400871958751566,5.517552207988417,circular
612,1100,700,318.98693011483147,-85,-85,-85,-85,1350,700,54.91842416673998,5.517552207988417,circular
613,1100,700,318.98693011483147,-85,-85,-85,-85,1350,700,60.4359763747284,5.517552207988417,circular
614,1100,700,318.98693011483147,-85,-85,-85,-85,1350,700,65.95352858271681,5.517552207988417,circular
615,1100,700,318.98693011483147,-85,-85,-85,-85,1350,700,71.47108079070523,5.517552207988417,circular
616,1100,700,318.98693011483147,-85,-85,-85,-85,1350,700,76.98863299869365,5.517552207988417,circular
617,1100,700,318.98693011483147,-85,-85,-85,-85,1350,700,82.50618520668206,5.517552207988417,circular
618,1100,700,318.98693011483147,-85,-85,-85,-85,1350,700,88.02373741467048,5.517552207988417,circular
619,1100,700,318.98693011483147,-85,-85,-85,-85,1350,700,93.5412896226589,5.517552207988417,circular
620,1100,700,318.98693011483147,-85,-85,-85,-85,1350,700,99.05884183064731,5.517552207988417,circular
621,1100,700,318.98693011483147,-85,-85,-85,-85,1350,700,104.57639403863573,5.517552207988417,circular
622,1100,700,318.98693011483147,-85,-85,-85,-85,1350,700,110.09394624662414,5.517552207988417,circular
623,1100,700,318.98693011483147,-85,-85,-85,-85,1350,700,115.61149845461256,5.517552207988417,circular
624,1100,700,318.98693011483147,-85,-85,-85,-85,1350,700,121.12905066260097,5.517552207988417,circular
625,1100,700,318.98693011483147,-85,-85,-85,-85,1350,700,126.64660287058939,5.517552207988417,circular
626,1100,700,318.98693011483147,-85,-85,-85,-85,1350,700,132.1641550785778,5.517552207988417,circular
627,1100,700,318.98693011483147,-85,-85,-85,-85,1350,700,137.68170728656622,5.517552207988417,circular
628,1100,700,318.98693011483147,16.269948115724727,-85,-85,11.505794098357505,1350,700,143.19925949455464,5.517552207988417,circular
629,1100,700,318.98693011483147,20.97742610025734,-85,-85,19.25639156218217,1350,700,148.71681170254305,5.517552207988417,circular
630,1100,700,318.98693011483147,22.793695368992218,-85,-85,22.170735458799452,1350,700,154.23436391053147,5.517552207988417,circular
631,1100,700,318.98693011483147,24.1582774269213,-85,-85,23.553218972269416,1350,700,159.7519161185199,5.517552207988417,circular
632,1100,700,318.98693011483147,24.92014212493214,-85,-85,24.646943359767004,1350,700,165.2694683265083,5.517552207988417,circular
633,1100,700,318.98693011483147,25.536951728381826,-85,-85,25.26334459461691,1350,700,170.78702053449672,5.517552207988417,circular
634,1100,700,318.98693011483147,25.859665714847075,-85,-85,25.7492610641292,1350,700,176.30457274248513,5.517552207988417,circular
635,1100,700,318.98693011483147,26.053745949214605,-85,-85,26.011117049096303,1350,700,181.82212495047355,5.517552207988417,circular
636,1100,700,318.98693011483147,26.074956048612798,-85,-85,26.077602459396946,1350,700,187.33967715846197,5.517552207988417,circular
637,1100,700,318.98693011483147,25.946643644493044,-85,-85,26.011117049096303,1350,700,192.85722936645038,5.517552207988417,circular
638,1100,700,318.98693011483147,25.614204328866276,-85,-85,25.807460623826316,1350,700,198.3747815744388,5.517552207988417,circular
639,1100,700,318.98693011483147,25.157178905256924,-85,-85,25.361807294499556,1350,700,203.89233378242722,5.517552207988417,circular
640,1100,700,318.98693011483147,24.332711411139446,-85,-85,24.788337040832293,1350,700,209.40988599041563,5.517552207988417,circular
641,1100,700,318.98693011483147,23.319699537123853,-85,-85,23.769789312347285,1350,700,214.92743819840405,5.517552207988417,circular
642,1100,700,318.98693011483147,21.418119305852123,-85,-85,22.496022074683278,1350,700,220.44499040639246,5.517552207988417,circular
643,1100,700,318.98693011483147,18.474304759512954,-85,-85,19.914354227256315,1350,700,225.96254261438088,5.517552207988417,circular
644,1100,700,318.98693011483147,-85,-85,-85,14.513447644213265,1350,700,231.4800948223693,5.517552207988417,circular
645,1100,700,318.98693011483147,-85,-85,-85,-85,1350,700,236.9976470303577,5.517552207988417,circular
646,1100,700,318.98693011483147,-85,-85,-85,-85,1350,700,242.51519923834613,5.517552207988417,circular
647,1100,700,318.98693011483147,-85,-85,-85,-85,1350,700,248.03275144633454,5.517552207988417,circular
648,1100,700,318.98693011483147,-85,-85,-85,-85,1350,700,253.55030365432296,5.517552207988417,circular
649,1100,700,318.98693011483147,-85,-85,-85,-85,1350,700,259.0678558623114,5.517552207988417,circular
650,1100,700,318.98693011483147,-85,-85,-85,-85,1350,700,264.5854080702998,5.517552207988417,circular
651,1100,700,318.98693011483147,-85,-85,-85,-85,1350,700,270.10296027828826,5.517552207988417,circular
652,1100,700,318.98693011483147,-85,-85,-85,-85,1350,700,275.6205124862767,5.517552207988417,circular
653,1100,700,318.98693011483147,-85,-85,-85,-85,1350,700,281.13806469426515,5.517552207988417,circular
654,1100,700,318.98693011483147,-85,-85,-85,-85,1350,700,286.6556169022536,5.517552207988417,circular
655,1100,700,318.98693011483147,-85,-85,-85,-85,1350,700,292.17316911024204,5.517552207988417,circular
656,1100,700,318.98693011483147,-85,-85,-85,-85,1350,700,297.6907213182305,5.517552207988417,circular
657,1100,700,318.98693011483147,-85,-85,-85,-85,1350,700,303.20827352621893,5.517552207988417,circular
658,1100,700,318.98693011483147,-85,-85,-85,-85,1350,700,308.7258257342074,5.517552207988417,circular
659,1100,700,318.98693011483147,-85,-85,-85,-85,1350,700,314.2433779421958,5.517552207988417,circular
660,1100,700,318.98693011483147,-85,-85,-85,-85,1350,700,319.76093015018427,5.517552207988417,circular
661,1100,700,318.98693011483147,-85,-85,-85,-85,1350,700,325.2784823581727,5.517552207988417,circular
662,1100,700,318.98693011483147,-85,-85,-85,-85,1350,700,330.79603456616115,5.517552207988417,circular
663,1100,700,318.98693011483147,-85,-85,-85,-85,1350,700,336.3135867741496,5.517552207988417,circular
664,1100,700,318.98693011483147,-85,-85,-85,-85,1350,700,341.83113898213804,5.517552207988417,circular
665,1100,700,318.98693011483147,-85,-85,-85,-85,1350,700,347.3486911901265,5.517552207988417,circular
666,1100,700,318.98693011483147,-85,-85,-85,-85,1350,700,352.86624339811493,5.517552207988417,circular
667,1100,700,318.98693011483147,-85,-85,-85,-85,1350,700,358.3837956061034,5.517552207988417,circular
668,1100,700,318.98693011483147,-85,-85,-85,-85,1350,700,3.901347814091821,5.517552207988417,circular
669,1100,700,318.98693011483147,-85,-85,-85,-85,1350,700,9.418900022080237,5.517552207988417,circular
670,1100,700,318.98693011483147,-85,-85,-85,-85,1350,700,14.936452230068653,5.517552207988417,circular
671,1100,700,318.98693011483147,-85,-85,-85,-85,1350,700,20.45400443805707,5.517552207988417,circular
672,1100,700,318.98693011483147,-85,-85,-85,-85,1350,700,25.971556646045485,5.517552207988417,circular
673,1100,700,318.98693011483147,-85,-85,-85,-85,1350,700,31.4891088540339,5.517552207988417,circular
674,1100,700,318.98693011483147,-85,-85,-85,-85,1350,700,37.00666106202232,5.517552207988417,circular
675,1100,700,318.98693011483147,-85,-85,-85,-85,1350,700,42.52421327001073,5.517552207988417,circular
676,1100,700,318.98693011483147,-85,-85,-85,-85,1350,700,48.04176547799915,5.517552207988417,circular
677,1100,700,318.98693011483147,-85,-85,-85,-85,1350,700,53.559317685987565,5.517552207988417,circular
678,1100,700,318.98693011483147,-85,-85,-85,-85,1350,700,59.07686989397598,5.517552207988417,circular
679,1100,700,318.98693011483147,-85,-85,-85,-85,1350,700,64.5944221019644,5.517552207988417,circular
680,1100,700,318.98693011483147,-85,-85,-85,-85,1350,700,70.11197430995281,5.517552207988417,circular
681,1100,700,318.98693011483147,-85,-85,-85,-85,1350,700,75.62952651794123,5.517552207988417,circular
682,1100,700,318.98693011483147,-85,-85,-85,-85,1350,700,81.14707872592965,5.517552207988417,circular
683,1100,700,318.98693011483147,-85,-85,-85,-85,1350,700,86.66463093391806,5.517552207988417,circular
684,1100,700,318.98693011483147,-85,-85,-85,-85,1350,700,92.18218314190648,5.517552207988417,circular
685,1100,700,318.98693011483147,-85,-85,-85,-85,1350,700,97.6997353498949,5.517552207988417,circular
686,1100,700,318.98693011483147,-85,-85,-85,-85,1350,700,103.21728755788331,5.517552207988417,circular
687,1100,700,318.98693011483147,-85,-85,-85,-85,1350,700,108.73483976587173,5.517552207988417,circular
688,1100,700,318.98693011483147,-85,-85,-85,-85,1350,700,114.25239197386014,5.517552207988417,circular
689,1100,700,318.98693011483147,-85,-85,-85,-85,1350,700,119.76994418184856,5.517552207988417,circular
690,1100,700,318.98693011483147,-85,-85,-85,-85,1350,700,125.28749638983697,5.517552207988417,circular
691,1100,700,318.98693011483147,-85,-85,-85,-85,1350,700,130.8050485978254,5.517552207988417,circular
692,1100,700,318.98693011483147,-85,-85,-85,-85,1350,700,136.3226008058138,5.517552207988417,circular
693,1100,700,318.98693011483147,14.513447644213304,-85,-85,-85,1350,700,141.84015301380222,5.517552207988417,circular
694,1100,700,318.98693011483147,20.48098321025059,-85,-85,18.47430475951294,1350,700,147.35770522179064,5.517552207988417,circular
695,1100,700,318.98693011483147,22.496022074683278,-85,-85,21.813356630230874,1350,700,152.87525742977905,5.517552207988417,circular
696,1100,700,318.98693011483147,23.971022246457757,-85,-85,23.31969953712386,1350,700,158.39280963776747,5.517552207988417,circular
697,1100,700,318.98693011483147,24.78833704083229,-85,-85,24.495315191602927,1350,700,163.9103618457559,5.517552207988417,circular
698,1100,700,318.98693011483147,25.452908776355446,-85,-85,25.157178905256924,1350,700,169.4279140537443,5.517552207988417,circular
699,1100,700,318.98693011483147,25.80746062382631,-85,-85,25.684904084789974,1350,700,174.94546626173272,5.517552207988417,circular
700,1100,700,318.98693011483147,26.035130213615616,-85,-85,25.946643644493044,1350,700,180.46301846972113,5.517552207988417,circular
701,1100,700,318.98693011483147,26.077602459396946,-85,-85,26.074956048612798,1350,700,185.98057067770955,5.517552207988417,circular
702,1100,700,318.98693011483147,25.9816463993744,-85,-85,26.053745949214605,1350,700,191.49812288569797,5.517552207988417,circular
703,1100,700,318.98693011483147,25.7492610641292,-85,-85,25.859665714847075,1350,700,197.01567509368638,5.517552207988417,circular
704,1100,700,318.98693011483147,25.263344594616918,-85,-85,25.536951728381826,1350,700,202.5332273016748,5.517552207988417,circular
705,1100,700,318.98693011483147,24.646943359767004,-85,-85,24.92014212493214,1350,700,208.05077950966322,5.517552207988417,circular
706,1100,700,318.98693011483147,23.553218972269416,-85,-85,24.1582774269213,1350,700,213.56833171765163,5.517552207988417,circular
707,1100,700,318.98693011483147,22.170735458799452,-85,-85,22.793695368992225,1350,700,219.08588392564005,5.517552207988417,circular
708,1100,700,318.98693011483147,19.25639156218219,-85,-85,20.97742610025735,1350,700,224.60343613362846,5.517552207988417,circular
709,1100,700,318.98693011483147,11.50579409835762,-85,-85,16.269948115724716,1350,700,230.12098834161688,5.517552207988417,circular
710,1100,700,318.98693011483147,-85,-85,-85,-85,1350,700,235.6385405496053,5.517552207988417,circular
711,1100,700,318.98693011483147,-85,-85,-85,-85,1350,700,241.1560927575937,5.517552207988417,circular
712,1100,700,318.98693011483147,-85,-85,-85,-85,1350,700,246.67364496558213,5.517552207988417,circular
713,1100,700,318.98693011483147,-85,-85,-85,-85,1350,700,252.19119717357054,5.517552207988417,circular
714,1100,700,318.98693011483147,-85,-85,-85,-85,1350,700,257.70874938155896,5.517552207988417,circular
715,1100,700,318.98693011483147,-85,-85,-85,-85,1350,700,263.2263015895474,5.517552207988417,circular
716,1100,700,318.98693011483147,-85,-85,-85,-85,1350,700,268.74385379753585,5.517552207988417,circular
717,1100,700,318.98693011483147,-85,-85,-85,-85,1350,700,274.2614060055243,5.517552207988417,circular
718,1100,700,318.98693011483147,-85,-85,-85,-85,1350,700,279.77895821351274,5.517552207988417,circular
719,1100,700,318.98693011483147,-85,-85,-85,-85,1350,700,285.2965104215012,5.517552207988417,circular
720,1100,700,318.98693011483147,-85,-85,-85,-85,1350,700,290.8140626294896,5.517552207988417,circular
721,1100,700,318.98693011483147,-85,-85,-85,-85,1350,700,296.33161483747807,5.517552207988417,circular
722,1100,700,318.98693011483147,-85,-85,-85,-85,1350,700,301.8491670454665,5.517552207988417,circular
723,1100,700,318.98693011483147,-85,-85,-85,-85,1350,700,307.36671925345496,5.517552207988417,circular
724,1100,700,318.98693011483147,-85,-85,-85,-85,1350,700,312.8842714614434,5.517552207988417,circular
725,1100,700,318.98693011483147,-85,-85,-85,-85,1350,700,318.40182366943185,5.517552207988417,circular
726,1100,700,318.98693011483147,-85,-85,-85,-85,1350,700,323.9193758774203,5.517552207988417,circular
727,1100,700,318.98693011483147,-85,-85,-85,-85,1350,700,329.43692808540874,5.517552207988417,circular
728,1100,700,318.98693011483147,-85,-85,-85,-85,1350,700,334.9544802933972,5.517552207988417,circular
729,1100,700,318.98693011483147,-85,-85,-85,-85,1350,700,340.4720325013856,5.517552207988417,circular
730,1100,700,318.98693011483147,-85,-85,-85,-85,1350,700,345.98958470937407,5.517552207988417,circular
731,1100,700,318.98693011483147,-85,-85,-85,-85,1350,700,351.5071369173625,5.517552207988417,circular
732,1100,700,318.98693011483147,-85,-85,-85,-85,1350,700,357.02468912535096,5.517552207988417,circular
733,1100,700,318.98693011483147,-85,-85,-85,-85,1350,700,2.5422413333394047,5.517552207988417,circular
734,1100,700,318.98693011483147,-85,-85,-85,-85,1350,700,8.05979354132782,5.517552207988417,circular
735,1100,700,318.98693011483147,-85,-85,-85,-85,1350,700,13.577345749316237,5.517552207988417,circular
736,1100,700,318.98693011483147,-85,-85,-85,-85,1350,700,19.094897957304653,5.517552207988417,circular
737,1100,700,318.98693011483147,-85,-85,-85,-85,1350,700,24.61245016529307,5.517552207988417,circular
738,1100,700,318.98693011483147,-85,-85,-85,-85,1350,700,30.130002373281485,5.517552207988417,circular
739,1100,700,318.98693011483147,-85,-85,-85,-85,1350,700,35.6475545812699,5.517552207988417,circular
740,1100,700,318.98693011483147,-85,-85,-85,-85,1350,700,41.16510678925832,5.517552207988417,circular
741,1100,700,318.98693011483147,-85,-85,-85,-85,1350,700,46.68265899724673,5.517552207988417,circular
742,1100,700,318.98693011483147,-85,-85,-85,-85,1350,700,52.20021120523515,5.517552207988417,circular
743,1100,700,318.98693011483147,-85,-85,-85,-85,1350,700,57.717763413223565,5.517552207988417,circular
744,1100,700,318.98693011483147,-85,-85,-85,-85,1350,700,63.23531562121198,5.517552207988417,circular
745,1100,700,318.98693011483147,-85,-85,-85,-85,1350,700,68.7528678292004,5.517552207988417,circular
746,1100,700,318.98693011483147,-85,-85,-85,-85,1350,700,74.27042003718881,5.517552207988417,circular
747,1100,700,318.98693011483147,-85,-85,-85,-85,1350,700,79.78797224517723,5.517552207988417,circular
748,1100,700,318.98693011483147,-85,-85,-85,-85,1350,700,85.30552445316565,5.517552207988417,circular
749,1100,700,318.98693011483147,-85,-85,-85,-85,1350,700,90.82307666115406,5.517552207988417,circular
750,1100,700,318.98693011483147,-85,-85,-85,-85,1350,700,96.34062886914248,5.517552207988417,circular
751,1100,700,318.98693011483147,-85,-85,-85,-85,1350,700,101.8581810771309,5.517552207988417,circular
752,1100,700,318.98693011483147,-85,-85,-85,-85,1350,700,107.37573328511931,5.517552207988417,circular
753,1100,700,318.98693011483147,-85,-85,-85,-85,1350,700,112.89328549310773,5.517552207988417,circular
754,1100,700,318.98693011483147,-85,-85,-85,-85,1350,700,118.41083770109614,5.517552207988417,circular
755,1100,700,318.98693011483147,-85,-85,-85,-85,1350,700,123.92838990908456,5.517552207988417,circular
756,1100,700,318.98693011483147,-85,-85,-85,-85,1350,700,129.44594211707297,5.517552207988417,circular
757,1100,700,318.98693011483147,-85,-85,-85,-85,1350,700,134.9634943250614,5.517552207988417,circular
758,1100,700,318.98693011483147,11.505794098357505,-85,-85,-85,1350,700,140.4810465330498,5.517552207988417,circular
759,1100,700,318.98693011483147,19.25639156218217,-85,-85,17.513155499392102,1350,700,145.99859874103822,5.517552207988417,circular
760,1100,700,318.98693011483147,22.170735458799452,-85,-85,20.97742610025734,1350,700,151.51615094902664,5.517552207988417,circular
761,1100,700,318.98693011483147,23.553218972269416,-85,-85,23.06730250275713,1350,700,157.03370315701505,5.517552207988417,circular
762,1100,700,318.98693011483147,24.646943359767004,-85,-85,24.1582774269213,1350,700,162.55125536500347,5.517552207988417,circular
763,1100,700,318.98693011483147,25.26334459461691,-85,-85,25.042923900792417,1350,700,168.0688075729919,5.517552207988417,circular
764,1100,700,318.98693011483147,25.7492610641292,-85,-85,25.536951728381826,1350,700,173.5863597809803,5.517552207988417,circular
765,1100,700,318.98693011483147,25.9816463993744,-85,-85,25.906018829630398,1350,700,179.10391198896872,5.517552207988417,circular
766,1100,700,318.98693011483147,26.077602459396946,-85,-85,26.053745949214605,1350,700,184.62146419695713,5.517552207988417,circular
767,1100,700,318.98693011483147,26.035130213615616,-85,-85,26.067010357935978,1350,700,190.13901640494555,5.517552207988417,circular
768,1100,700,318.98693011483147,25.807460623826316,-85,-85,25.946643644493044,1350,700,195.65656861293397,5.517552207988417,circular
769,1100,700,318.98693011483147,25.452908776355446,-85,-85,25.614204328866276,1350,700,201.17412082092238,5.517552207988417,circular
770,1100,700,318.98693011483147,24.788337040832293,-85,-85,25.157178905256924,1350,700,206.6916730289108,5.517552207988417,circular
771,1100,700,318.98693011483147,23.97102224645776,-85,-85,24.332711411139446,1350,700,212.20922523689921,5.517552207988417,circular
772,1100,700,318.98693011483147,22.496022074683278,-85,-85,23.319699537123853,1350,700,217.72677744488763,5.517552207988417,circular
773,1100,700,318.98693011483147,20.48098321025059,-85,-85,21.418119305852123,1350,700,223.24432965287605,5.517552207988417,circular
774,1100,700,318.98693011483147,14.513447644213265,-85,-85,18.474304759512954,1350,700,228.76188186086446,5.517552207988417,circular
775,1100,700,318.98693011483147,-85,-85,-85,-85,1350,700,234.27943406885288,5.517552207988417,circular
776,1100,700,318.98693011483147,-85,-85,-85,-85,1350,700,239.7969862768413,5.517552207988417,circular
777,1100,700,318.98693011483147,-85,-85,-85,-85,1350,700,245.3145384848297,5.517552207988417,circular
778,1100,700,318.98693011483147,-85,-85,-85,-85,1350,700,250.83209069281813,5.517552207988417,circular
779,1100,700,318.98693011483147,-85,-85,-85,-85,1350,700,256.34964290080654,5.517552207988417,circular
780,1100,700,318.98693011483147,-85,-85,-85,-85,1350,700,261.867195108795,5.517552207988417,circular
781,1100,700,318.98693011483147,-85,-85,-85,-85,1350,700,267.38474731678343,5.517552207988417,circular
782,1100,700,318.98693011483147,-85,-85,-85,-85,1350,700,272.9022995247719,5.517552207988417,circular
783,1100,700,318.98693011483147,-85,-85,-85,-85,1350,700,278.4198517327603,5.517552207988417,circular
784,1100,700,318.98693011483147,-85,-85,-85,-85,1350,700,283.93740394074877,5.517552207988417,circular
785,1100,700,318.98693011483147,-85,-85,-85,-85,1350,700,289.4549561487372,5.517552207988417,circular
786,1100,700,318.98693011483147,-85,-85,-85,-85,1350,700,294.97250835672565,5.517552207988417,circular
787,1100,700,318.98693011483147,-85,-85,-85,-85,1350,700,300.4900605647141,5.517552207988417,circular
788,1100,700,318.98693011483147,-85,-85,-85,-85,1350,700,306.00761277270254,5.517552207988417,circular
789,1100,700,318.98693011483147,-85,-85,-85,-85,1350,700,311.525164980691,5.517552207988417,circular
790,1100,700,318.98693011483147,-85,-85,-85,-85,1350,700,317.04271718867943,5.517552207988417,circular
791,1100,700,318.98693011483147,-85,-85,-85,-85,1350,700,322.5602693966679,5.517552207988417,circular
792,1100,700,318.98693011483147,-85,-85,-85,-85,1350,700,328.0778216046563,5.517552207988417,circular
793,1100,700,318.98693011483147,-85,-85,-85,-85,1350,700,333.59537381264477,5.517552207988417,circular
794,1100,700,318.98693011483147,-85,-85,-85,-85,1350,700,339.1129260206332,5.517552207988417,circular
795,1100,700,318.98693011483147,-85,-85,-85,-85,1350,700,344.63047822862166,5.517552207988417,circular
796,1100,700,318.98693011483147,-85,-85,-85,-85,1350,700,350.1480304366101,5.517552207988417,circular
797,1100,700,318.98693011483147,-85,-85,-85,-85,1350,700,355.66558264459854,5.517552207988417,circular
798,1100,700,318.98693011483147,-85,-85,-85,-85,1350,700,1.1831348525869885,5.517552207988417,circular
799,1100,700,318.98693011483147,-85,-85,-85,-85,1350,700,6.700687060575405,5.517552207988417,circular
800,1100,700,318.98693011483147,-85,-85,-85,-85,1350,700,12.218239268563822,5.517552207988417,circular
801,1100,700,318.98693011483147,-85,-85,-85,-85,1350,700,17.73579147655224,5.517552207988417,circular
802,1100,700,318.98693011483147,-85,-85,-85,-85,1350,700,23.253343684540656,5.517552207988417,circular
803,1100,700,318.98693011483147,-85,-85,-85,-85,1350,700,28.770895892529072,5.517552207988417,circular
804,1100,700,318.98693011483147,-85,-85,-85,-85,1350,700,34.28844810051749,5.517552207988417,circular
805,1100,700,318.98693011483147,-85,-85,-85,-85,1350,700,39.80600030850591,5.517552207988417,circular
806,1100,700,318.98693011483147,-85,-85,-85,-85,1350,700,45.323552516494324,5.517552207988417,circular
807,1100,700,318.98693011483147,-85,-85,-85,-85,1350,700,50.84110472448274,5.517552207988417,circular
808,1100,700,318.98693011483147,-85,-85,-85,-85,1350,700,56.358656932471156,5.517552207988417,circular
809,1100,700,318.98693011483147,-85,-85,-85,-85,1350,700,61.87620914045957,5.517552207988417,circular
810,1100,700,318.98693011483147,-85,-85,-85,-85,1350,700,67.393761348448,5.517552207988417,circular
811,1100,700,318.98693011483147,-85,-85,-85,-85,1350,700,72.91131355643641,5.517552207988417,circular
812,1100,700,318.98693011483147,-85,-85,-85,-85,1350,700,78.42886576442483,5.517552207988417,circular
813,1100,700,318.98693011483147,-85,-85,-85,-85,1350,700,83.94641797241324,5.517552207988417,circular
814,1100,700,318.98693011483147,-85,-85,-85,-85,1350,700,89.46397018040166,5.517552207988417,circular
815,1100,700,318.98693011483147,-85,-85,-85,-85,1350,700,94.98152238839008,5.517552207988417,circular
816,1100,700,318.98693011483147,-85,-85,-85,-85,1350,700,100.49907459637849,5.517552207988417,circular
817,1100,700,318.98693011483147,-85,-85,-85,-85,1350,700,106.01662680436691,5.517552207988417,circular
818,1100,700,318.98693011483147,-85,-85,-85,-85,1350,700,111.53417901235532,5.517552207988417,circular
819,1100,700,318.98693011483147,-85,-85,-85,-85,1350,700,117.05173122034374,5.517552207988417,circular
820,1100,700,318.98693011483147,-85,-85,-85,-85,1350,700,122.56928342833216,5.517552207988417,circular
821,1100,700,318.98693011483147,-85,-85,-85,-85,1350,700,128.0868356363206,5.517552207988417,circular
822,1100,700,318.98693011483147,-85,-85,-85,-85,1350,700,133.604387844309,5.517552207988417,circular
823,1100,700,318.98693011483147,-85,-85,-85,-85,1350,700,139.12194005229742,5.517552207988417,circular
824,1100,700,318.98693011483147,18.47430475951294,-85,-85,14.513447644213304,1350,700,144.63949226028583,5.517552207988417,circular
825,1100,700,318.98693011483147,21.41811930585211,-85,-85,20.48098321025059,1350,700,150.15704446827425,5.517552207988417,circular
826,1100,700,318.98693011483147,23.31969953712386,-85,-85,22.496022074683278,1350,700,155.67459667626267,5.517552207988417,circular
827,1100,700,318.98693011483147,24.33271141113945,-85,-85,23.971022246457757,1350,700,161.19214888425108,5.517552207988417,circular
828,1100,700,318.98693011483147,25.157178905256924,-85,-85,24.78833704083229,1350,700,166.7097010922395,5.517552207988417,circular
829,1100,700,318.98693011483147,25.614204328866276,-85,-85,25.452908776355446,1350,700,172.22725330022791,5.517552207988417,circular
830,1100,700,318.98693011483147,25.946643644493044,-85,-85,25.80746062382631,1350,700,177.74480550821633,5.517552207988417,circular
831,1100,700,318.98693011483147,26.067010357935978,-85,-85,26.035130213615616,1350,700,183.26235771620475,5.517552207988417,circular
832,1100,700,318.98693011483147,26.053745949214605,-85,-85,26.077602459396946,1350,700,188.77990992419316,5.517552207988417,circular
833,1100,700,318.98693011483147,25.906018829630398,-85,-85,25.9816463993744,1350,700,194.29746213218158,5.517552207988417,circular
834,1100,700,318.98693011483147,25.536951728381826,-85,-85,25.684904084789977,1350,700,199.81501434017,5.517552207988417,circular
835,1100,700,318.98693011483147,25.042923900792417,-85,-85,25.263344594616918,1350,700,205.3325665481584,5.517552207988417,circular
836,1100,700,318.98693011483147,24.1582774269213,-85,-85,24.495315191602927,1350,700,210.85011875614683,5.517552207988417,circular
837,1100,700,318.98693011483147,22.793695368992225,-85,-85,23.553218972269416,1350,700,216.36767096413524,5.517552207988417,circular
838,1100,700,318.98693011483147,20.97742610025735,-85,-85,21.81335663023087,1350,700,221.88522317212366,5.517552207988417,circular
839,1100,700,318.98693011483147,16.269948115724716,-85,-85,19.25639156218219,1350,700,227.40277538011208,5.517552207988417,circular
840,1100,700,318.98693011483147,-85,-85,-85,-85,1350,700,232.9203275881005,5.517552207988417,circular
841,1100,700,318.98693011483147,-85,-85,-85,-85,1350,700,238.4378797960889,5.517552207988417,circular
842,1100,700,318.98693011483147,-85,-85,-85,-85,1350,700,243.95543200407732,5.517552207988417,circular
843,1100,700,318.98693011483147,-85,-85,-85,-85,1350,700,249.47298421206574,5.517552207988417,circular
844,1100,700,318.98693011483147,-85,-85,-85,-85,1350,700,254.99053642005416,5.517552207988417,circular
845,1100,700,318.98693011483147,-85,-85,-85,-85,1350,700,260.5080886280426,5.517552207988417,circular
846,1100,700,318.98693011483147,-85,-85,-85,-85,1350,700,266.025640836031,5.517552207988417,circular
847,1100,700,318.98693011483147,-85,-85,-85,-85,1350,700,271.54319304401946,5.517552207988417,circular
848,1100,700,318.98693011483147,-85,-85,-85,-85,1350,700,277.0607452520079,5.517552207988417,circular
849,1100,700,318.98693011483147,-85,-85,-85,-85,1350,700,282.57829745999635,5.517552207988417,circular
850,1100,700,318.98693011483147,-85,-85,-85,-85,1350,700,288.0958496679848,5.517552207988417,circular
851,1100,700,318.98693011483147,-85,-85,-85,-85,1350,700,293.61340187597324,5.517552207988417,circular
852,1100,700,318.98693011483147,-85,-85,-85,-85,1350,700,299.1309540839617,5.517552207988417,circular
853,1100,700,318.98693011483147,-85,-85,-85,-85,1350,700,304.6485062919501,5.517552207988417,circular
854,1100,700,318.98693011483147,-85,-85,-85,-85,1350,700,310.1660584999386,5.517552207988417,circular
855,1100,700,318.98693011483147,-85,-85,-85,-85,1350,700,315.683610707927,5.517552207988417,circular
856,1100,700,318.98693011483147,-85,-85,-85,-85,1350,700,321.20116291591546,5.517552207988417,circular
857,1100,700,318.98693011483147,-85,-85,-85,-85,1350,700,326.7187151239039,5.517552207988417,circular
858,1100,700,318.98693011483147,-85,-85,-85,-85,1350,700,332.23626733189235,5.517552207988417,circular
859,1100,700,318.98693011483147,-85,-85,-85,-85,1350,700,337.7538195398808,5.517552207988417,circular
860,1100,700,318.98693011483147,-85,-85,-85,-85,1350,700,343.27137174786924,5.517552207988417,circular
861,1100,700,318.98693011483147,-85,-85,-85,-85,1350,700,348.7889239558577,5.517552207988417,circular
862,1100,700,318.98693011483147,-85,-85,-85,-85,1350,700,354.3064761638461,5.517552207988417,circular
863,1100,700,318.98693011483147,-85,-85,-85,-85,1350,700,359.8240283718346,5.517552207988417,circular
864,1100,700,318.98693011483147,-85,-85,-85,-85,1350,700,5.341580579823017,5.517552207988417,circular
865,1100,700,318.98693011483147,-85,-85,-85,-85,1350,700,10.859132787811433,5.517552207988417,circular
866,1100,700,318.98693011483147,-85,-85,-85,-85,1350,700,16.37668499579985,5.517552207988417,circular
867,1100,700,318.98693011483147,-85,-85,-85,-85,1350,700,21.894237203788265,5.517552207988417,circular
868,1100,700,318.98693011483147,-85,-85,-85,-85,1350,700,27.41178941177668,5.517552207988417,circular
869,1100,700,318.98693011483147,-85,-85,-85,-85,1350,700,32.9293416197651,5.517552207988417,circular
870,1100,700,318.98693011483147,-85,-85,-85,-85,1350,700,38.44689382775351,5.517552207988417,circular
871,1100,700,318.98693011483147,-85,-85,-85,-85,1350,700,43.96444603574193,5.517552207988417,circular
872,1100,700,318.98693011483147,-85,-85,-85,-85,1350,700,49.481998243730345,5.517552207988417,circular
873,1100,700,318.98693011483147,-85,-85,-85,-85,1350,700,54.99955045171876,5.517552207988417,circular
874,1100,700,318.98693011483147,-85,-85,-85,-85,1350,700,60.51710265970718,5.517552207988417,circular
875,1100,700,318.98693011483147,-85,-85,-85,-85,1350,700,66.0346548676956,5.517552207988417,circular
876,1100,700,318.98693011483147,-85,-85,-85,-85,1350,700,71.55220707568401,5.517552207988417,circular
877,1100,700,318.98693011483147,-85,-85,-85,-85,1350,700,77.06975928367243,5.517552207988417,circular
878,1100,700,318.98693011483147,-85,-85,-85,-85,1350,700,82.58731149166084,5.517552207988417,circular
879,1100,700,318.98693011483147,-85,-85,-85,-85,1350,700,88.10486369964926,5.517552207988417,circular
880,1100,700,318.98693011483147,-85,-85,-85,-85,1350,700,93.62241590763767,5.517552207988417,circular
881,1100,700,318.98693011483147,-85,-85,-85,-85,1350,700,99.13996811562609,5.517552207988417,circular
882,1100,700,318.98693011483147,-85,-85,-85,-85,1350,700,104.6575203236145,5.517552207988417,circular
883,1100,700,318.98693011483147,-85,-85,-85,-85,1350,700,110.17507253160292,5.517552207988417,circular
884,1100,700,318.98693011483147,-85,-85,-85,-85,1350,700,115.69262473959134,5.517552207988417,circular
885,1100,700,318.98693011483147,-85,-85,-85,-85,1350,700,121.21017694757975,5.517552207988417,circular
886,1100,700,318.98693011483147,-85,-85,-85,-85,1350,700,126.72772915556817,5.517552207988417,circular
887,1100,700,318.98693011483147,-85,-85,-85,-85,1350,700,132.2452813635566,5.517552207988417,circular
888,1100,700,318.98693011483147,-85,-85,-85,-85,1350,700,137.762833571545,5.517552207988417,circular
889,1100,700,318.98693011483147,16.269948115724727,-85,-85,11.505794098357505,1350,700,143.28038577953342,5.517552207988417,circular
890,1100,700,318.98693011483147,20.97742610025734,-85,-85,19.25639156218217,1350,700,148.79793798752183,5.517552207988417,circular
891,1100,700,318.98693011483147,22.793695368992218,-85,-85,22.170735458799452,1350,700,154.31549019551025,5.517552207988417,circular
892,1100,700,318.98693011483147,24.1582774269213,-85,-85,23.769789312347285,1350,700,159.83304240349867,5.517552207988417,circular
893,1100,700,318.98693011483147,24.92014212493214,-85,-85,24.646943359767004,1350,700,165.35059461148708,5.517552207988417,circular
894,1100,700,318.98693011483147,25.536951728381826,-85,-85,25.36180729449956,1350,700,170.8681468194755,5.517552207988417,circular
895,1100,700,318.98693011483147,25.906018829630398,-85,-85,25.7492610641292,1350,700,176.38569902746391,5.517552207988417,circular
896,1100,700,318.98693011483147,26.053745949214605,-85,-85,26.011117049096303,1350,700,181.90325123545233,5.517552207988417,circular
897,1100,700,318.98693011483147,26.067010357935978,-85,-85,26.077602459396946,1350,700,187.42080344344075,5.517552207988417,circular
898,1100,700,318.98693011483147,25.946643644493044,-85,-85,26.011117049096303,1350,700,192.93835565142916,5.517552207988417,circular
899,1100,700,318.98693011483147,25.614204328866276,-85,-85,25.807460623826316,1350,700,198.45590785941758,5.517552207988417,circular
900,1100,700,318.98693011483147,25.157178905256924,-85,-85,25.361807294499556,1350,700,203.973460067406,5.517552207988417,circular
901,1100,700,318.98693011483147,24.332711411139446,-85,-85,24.788337040832293,1350,700,209.4910122753944,5.517552207988417,circular
902,1100,700,318.98693011483147,23.319699537123853,-85,-85,23.769789312347285,1350,700,215.00856448338283,5.517552207988417,circular
903,1100,700,318.98693011483147,21.418119305852123,-85,-85,22.496022074683278,1350,700,220.52611669137124,5.517552207988417,circular
904,1100,700,318.98693011483147,18.474304759512954,-85,-85,19.914354227256315,1350,700,226.04366889935966,5.517552207988417,circular
905,1100,700,318.98693011483147,-85,-85,-85,14.513447644213265,1350,700,231.56122110734808,5.517552207988417,circular
906,1100,700,318.98693011483147,-85,-85,-85,-85,1350,700,237.0787733153365,5.517552207988417,circular
907,1100,700,318.98693011483147,-85,-85,-85,-85,1350,700,242.5963255233249,5.517552207988417,circular
908,1100,700,318.98693011483147,-85,-85,-85,-85,1350,700,248.11387773131332,5.517552207988417,circular
909,1100,700,318.98693011483147,-85,-85,-85,-85,1350,700,253.63142993930174,5.517552207988417,circular
910,1100,700,318.98693011483147,-85,-85,-85,-85,1350,700,259.14898214729016,5.517552207988417,circular
911,1100,700,318.98693011483147,-85,-85,-85,-85,1350,700,264.6665343552786,5.517552207988417,circular
912,1100,700,318.98693011483147,-85,-85,-85,-85,1350,700,270.18408656326704,5.517552207988417,circular
913,1100,700,318.98693011483147,-85,-85,-85,-85,1350,700,275.7016387712555,5.517552207988417,circular
914,1100,700,318.98693011483147,-85,-85,-85,-85,1350,700,281.21919097924393,5.517552207988417,circular
915,1100,700,318.98693011483147,-85,-85,-85,-85,1350,700,286.7367431872324,5.517552207988417,circular
916,1100,700,318.98693011483147,-85,-85,-85,-85,1350,700,292.2542953952208,5.517552207988417,circular
917,1100,700,318.98693011483147,-85,-85,-85,-85,1350,700,297.77184760320927,5.517552207988417,circular
918,1100,700,318.98693011483147,-85,-85,-85,-85,1350,700,303.2893998111977,5.517552207988417,circular
919,1100,700,318.98693011483147,-85,-85,-85,-85,1350,700,308.80695201918616,5.517552207988417,circular
920,1100,700,318.98693011483147,-85,-85,-85,-85,1350,700,314.3245042271746,5.517552207988417,circular
921,1100,700,318.98693011483147,-85,-85,-85,-85,1350,700,319.84205643516304,5.517552207988417,circular
922,1100,700,318.98693011483147,-85,-85,-85,-85,1350,700,325.3596086431515,5.517552207988417,circular
923,1100,700,318.98693011483147,-85,-85,-85,-85,1350,700,330.87716085113993,5.517552207988417,circular
924,1100,700,318.98693011483147,-85,-85,-85,-85,1350,700,336.3947130591284,5.517552207988417,circular
925,1100,700,318.98693011483147,-85,-85,-85,-85,1350,700,341.9122652671168,5.517552207988417,circular
926,1100,700,318.98693011483147,-85,-85,-85,-85,1350,700,347.42981747510527,5.517552207988417,circular
927,1100,700,318.98693011483147,-85,-85,-85,-85,1350,700,352.9473696830937,5.517552207988417,circular
928,1100,700,318.98693011483147,-85,-85,-85,-85,1350,700,358.46492189108216,5.517552207988417,circular
929,1100,700,318.98693011483147,-85,-85,-85,-85,1350,700,3.9824740990706005,5.517552207988417,circular
930,1100,700,318.98693011483147,-85,-85,-85,-85,1350,700,9.500026307059017,5.517552207988417,circular
931,1100,700,318.98693011483147,-85,-85,-85,-85,1350,700,15.017578515047433,5.517552207988417,circular
932,1100,700,318.98693011483147,-85,-85,-85,-85,1350,700,20.53513072303585,5.517552207988417,circular
933,1100,700,318.98693011483147,-85,-85,-85,-85,1350,700,26.052682931024265,5.517552207988417,circular
934,1100,700,318.98693011483147,-85,-85,-85,-85,1350,700,31.57023513901268,5.517552207988417,circular
935,1100,700,318.98693011483147,-85,-85,-85,-85,1350,700,37.0877873470011,5.517552207988417,circular
936,1100,700,318.98693011483147,-85,-85,-85,-85,1350,700,42.60533955498951,5.517552207988417,circular
937,1100,700,318.98693011483147,-85,-85,-85,-85,1350,700,48.12289176297793,5.517552207988417,circular
938,1100,700,318.98693011483147,-85,-85,-85,-85,1350,700,53.640443970966345,5.517552207988417,circular
939,1100,700,318.98693011483147,-85,-85,-85,-85,1350,700,59.15799617895476,5.517552207988417,circular
940,1100,700,318.98693011483147,-85,-85,-85,-85,1350,700,64.67554838694318,5.517552207988417,circular
941,1100,700,318.98693011483147,-85,-85,-85,-85,1350,700,70.1931005949316,5.517552207988417,circular
942,1100,700,318.98693011483147,-85,-85,-85,-85,1350,700,75.71065280292001,5.517552207988417,circular
943,1100,700,318.98693011483147,-85,-85,-85,-85,1350,700,81.22820501090843,5.517552207988417,circular
944,1100,700,318.98693011483147,-85,-85,-85,-85,1350,700,86.74575721889684,5.517552207988417,circular
945,1100,700,318.98693011483147,-85,-85,-85,-85,1350,700,92.26330942688526,5.517552207988417,circular
946,1100,700,318.98693011483147,-85,-85,-85,-85,1350,700,97.78086163487367,5.517552207988417,circular
947,1100,700,318.98693011483147,-85,-85,-85,-85,1350,700,103.29841384286209,5.517552207988417,circular
948,1100,700,318.98693011483147,-85,-85,-85,-85,1350,700,108.8159660508505,5.517552207988417,circular
949,1100,700,318.98693011483147,-85,-85,-85,-85,1350,700,114.33351825883892,5.517552207988417,circular
950,1100,700,318.98693011483147,-85,-85,-85,-85,1350,700,119.85107046682734,5.517552207988417,circular
951,1100,700,318.98693011483147,-85,-85,-85,-85,1350,700,125.36862267481575,5.517552207988417,circular
952,1100,700,318.98693011483147,-85,-85,-85,-85,1350,700,130.88617488280417,5.517552207988417,circular
953,1100,700,318.98693011483147,-85,-85,-85,-85,1350,700,136.4037270907926,5.517552207988417,circular
954,1100,700,318.98693011483147,14.513447644213304,-85,-85,-85,1350,700,141.921279298781,5.517552207988417,circular
955,1100,700,318.98693011483147,20.48098321025059,-85,-85,18.47430475951294,1350,700,147.43883150676942,5.517552207988417,circular
956,1100,700,318.98693011483147,22.496022074683278,-85,-85,21.813356630230874,1350,700,152.95638371475783,5.517552207988417,circular
957,1100,700,318.98693011483147,23.971022246457757,-85,-85,23.31969953712386,1350,700,158.47393592274625,5.517552207988417,circular
958,1100,700,318.98693011483147,24.78833704083229,-85,-85,24.495315191602927,1350,700,163.99148813073467,5.517552207988417,circular
959,1100,700,318.98693011483147,25.452908776355446,-85,-85,25.157178905256924,1350,700,169.50904033872308,5.517552207988417,circular
960,1100,700,318.98693011483147,25.80746062382631,-85,-85,25.684904084789974,1350,700,175.0265925467115,5.517552207988417,circular
961,1100,700,318.98693011483147,26.035130213615616,-85,-85,25.946643644493044,1350,700,180.54414475469991,5.517552207988417,circular
962,1100,700,318.98693011483147,26.077602459396946,-85,-85,26.074956048612798,1350,700,186.06169696268833,5.517552207988417,circular
963,1100,700,318.98693011483147,25.9816463993744,-85,-85,26.053745949214605,1350,700,191.57924917067675,5.517552207988417,circular
964,1100,700,318.98693011483147,25.7492610641292,-85,-85,25.859665714847075,1350,700,197.09680137866516,5.517552207988417,circular
965,1100,700,318.98693011483147,25.263344594616918,-85,-85,25.536951728381826,1350,700,202.61435358665358,5.517552207988417,circular
966,1100,700,318.98693011483147,24.646943359767004,-85,-85,24.92014212493214,1350,700,208.131905794642,5.517552207988417,circular
967,1100,700,318.98693011483147,23.553218972269416,-85,-85,24.1582774269213,1350,700,213.6494580026304,5.517552207988417,circular
968,1100,700,318.98693011483147,22.170735458799452,-85,-85,22.793695368992225,1350,700,219.16701021061883,5.517552207988417,circular
969,1100,700,318.98693011483147,19.25639156218219,-85,-85,20.97742610025735,1350,700,224.68456241860724,5.517552207988417,circular
970,1100,700,318.98693011483147,11.50579409835762,-85,-85,16.269948115724716,1350,700,230.20211462659566,5.517552207988417,circular
971,1100,700,318.98693011483147,-85,-85,-85,-85,1350,700,235.71966683458407,5.517552207988417,circular
972,1100,700,318.98693011483147,-85,-85,-85,-85,1350,700,241.2372190425725,5.517552207988417,circular
973,1100,700,318.98693011483147,-85,-85,-85,-85,1350,700,246.7547712505609,5.517552207988417,circular
974,1100,700,318.98693011483147,-85,-85,-85,-85,1350,700,252.27232345854932,5.517552207988417,circular
975,1100,700,318.98693011483147,-85,-85,-85,-85,1350,700,257.78987566653774,5.517552207988417,circular
976,1100,700,318.98693011483147,-85,-85,-85,-85,1350,700,263.3074278745262,5.517552207988417,circular
977,1100,700,318.98693011483147,-85,-85,-85,-85,1350,700,268.8249800825146,5.517552207988417,circular
978,1100,700,318.98693011483147,-85,-85,-85,-85,1350,700,274.3425322905031,5.517552207988417,circular
979,1100,700,318.98693011483147,-85,-85,-85,-85,1350,700,279.8600844984915,5.517552207988417,circular
980,1100,700,318.98693011483147,-85,-85,-85,-85,1350,700,285.37763670647996,5.517552207988417,circular
981,1100,700,318.98693011483147,-85,-85,-85,-85,1350,700,290.8951889144684,5.517552207988417,circular
982,1100,700,318.98693011483147,-85,-85,-85,-85,1350,700,296.41274112245685,5.517552207988417,circular
983,1100,700,318.98693011483147,-85,-85,-85,-85,1350,700,301.9302933304453,5.517552207988417,circular
984,1100,700,318.98693011483147,-85,-85,-85,-85,1350,700,307.44784553843374,5.517552207988417,circular
985,1100,700,318.98693011483147,-85,-85,-85,-85,1350,700,312.9653977464222,5.517552207988417,circular
986,1100,700,318.98693011483147,-85,-85,-85,-85,1350,700,318.4829499544106,5.517552207988417,circular
987,1100,700,318.98693011483147,-85,-85,-85,-85,1350,700,324.0005021623991,5.517552207988417,circular
988,1100,700,318.98693011483147,-85,-85,-85,-85,1350,700,329.5180543703875,5.517552207988417,circular
989,1100,700,318.98693011483147,-85,-85,-85,-85,1350,700,335.03560657837596,5.517552207988417,circular
990,1100,700,318.98693011483147,-85,-85,-85,-85,1350,700,340.5531587863644,5.517552207988417,circular
991,1100,700,318.98693011483147,-85,-85,-85,-85,1350,700,346.07071099435285,5.517552207988417,circular
992,1100,700,318.98693011483147,-85,-85,-85,-85,1350,700,351.5882632023413,5.517552207988417,circular
993,1100,700,318.98693011483147,-85,-85,-85,-85,1350,700,357.10581541032974,5.517552207988417,circular
994,1100,700,318.98693011483147,-85,-85,-85,-85,1350,700,2.623367618318184,5.517552207988417,circular
995,1100,700,318.98693011483147,-85,-85,-85,-85,1350,700,8.1409198263066,5.517552207988417,circular
996,1100,700,318.98693011483147,-85,-85,-85,-85,1350,700,13.658472034295016,5.517552207988417,circular
997,1100,700,318.98693011483147,-85,-85,-85,-85,1350,700,19.176024242283432,5.517552207988417,circular
998,1100,700,318.98693011483147,-85,-85,-85,-85,1350,700,24.69357645027185,5.517552207988417,circular
999,1100,700,318.98693011483147,-85,-85,-85,-85,1350,700,30.211128658260265,5.517552207988417,circular
