Tick,Aircraft X,Aircraft Y,Aircraft Heading,A1,A2,A3,A4,Radar X,Radar Y,Radar Azimuth,Radar RPM,Radar Scan Pattern
0,1100,700,260.86463670195104,-85,-85,-85,-85,1350,700,63.23654773098531,15.962482505865273,circular
1,1100,700,260.86463670195104,-85,-85,-85,-85,1350,700,79.19903023685058,15.962482505865273,circular
2,1100,700,260.86463670195104,-85,-85,-85,-85,1350,700,95.16151274271584,15.962482505865273,circular
3,1100,700,260.86463670195104,-85,-85,-85,-85,1350,700,111.12399524858111,15.962482505865273,circular
4,1100,700,260.86463670195104,-85,-85,-85,-85,1350,700,127.08647775444638,15.962482505865273,circular
5,1100,700,260.86463670195104,-85,-85,-85,-85,1350,700,143.04896026031165,15.962482505865273,circular
6,1100,700,260.86463670195104,19.91435422725632,21.41811930585211,-85,-85,1350,700,159.0114427661769,15.962482505865273,circular
7,1100,700,260.86463670195104,24.646943359767004,25.042923900792417,-85,-85,1350,700,174.97392527204218,15.962482505865273,circular
8,1100,700,260.86463670195104,25.9816463993744,26.053745949214605,-85,-85,1350,700,190.93640777790745,15.962482505865273,circular
9,1100,700,260.86463670195104,25.859665714847075,25.684904084789977,-85,-85,1350,700,206.89889028377272,15.962482505865273,circular
10,1100,700,260.86463670195104,24.332711411139446,23.553218972269416,-85,-85,1350,700,222.86137278963798,15.962482505865273,circular
11,1100,700,260.86463670195104,18.474304759512954,11.50579409835762,-85,-85,1350,700,238.82385529550325,15.962482505865273,circular
12,1100,700,260.86463670195104,-85,-85,-85,-85,1350,700,254.78633780136852,15.962482505865273,circular
13,1100,700,260.86463670195104,-85,-85,-85,-85,1350,700,270.7488203072338,15.962482505865273,circular
14,1100,700,260.86463670195104,-85,-85,-85,-85,1350,700,286.7113028130991,15.962482505865273,circular
15,1100,700,260.86463670195104,-85,-85,-85,-85,1350,700,302.6737853189644,15.962482505865273,circular
16,1100,700,260.86463670195104,-85,-85,-85,-85,1350,700,318.6362678248297,15.962482505865273,circular
17,1100,700,260.86463670195104,-85,-85,-85,-85,1350,700,334.598750330695,15.962482505865273,circular
18,1100,700,260.86463670195104,-85,-85,-85,-85,1350,700,350.5612328365603,15.962482505865273,circular
19,1100,700,260.86463670195104,-85,-85,-85,-85,1350,700,6.523715342425589,15.962482505865273,circular
20,1100,700,260.86463670195104,-85,-85,-85,-85,1350,700,22.486197848290864,15.962482505865273,circular
21,1100,700,260.86463670195104,-85,-85,-85,-85,1350,700,38.44868035415614,15.962482505865273,circular
22,1100,700,260.86463670195104,-85,-85,-85,-85,1350,700,54.41116286002141,15.962482505865273,circular
23,1100,700,260.86463670195104,-85,-85,-85,-85,1350,700,70.37364536588669,15.962482505865273,circular
24,1100,700,260.86463670195104,-85,-85,-85,-85,1350,700,86.33612787175196,15.962482505865273,circular
25,1100,700,260.86463670195104,-85,-85,-85,-85,1350,700,102.29861037761722,15.962482505865273,circular
26,1100,700,260.86463670195104,-85,-85,-85,-85,1350,700,118.26109288348249,15.962482505865273,circular
27,1100,700,260.86463670195104,-85,-85,-85,-85,1350,700,134.22357538934776,15.962482505865273,circular
28,1100,700,260.86463670195104,-85,11.505794098357505,-85,-85,1350,700,150.18605789521303,15.962482505865273,circular
29,1100,700,260.86463670195104,22.793695368992218,23.553218972269416,-85,-85,1350,700,166.1485404010783,15.962482505865273,circular
30,1100,700,260.86463670195104,25.452908776355446,25.684904084789974,-85,-85,1350,700,182.11102290694356,15.962482505865273,circular
31,1100,700,260.86463670195104,26.077602459396946,26.053745949214605,-85,-85,1350,700,198.07350541280883,15.962482505865273,circular
32,1100,700,260.86463670195104,25.361807294499556,25.042923900792417,-85,-85,1350,700,214.0359879186741,15.962482505865273,circular
33,1100,700,260.86463670195104,22.496022074683278,21.418119305852123,-85,-85,1350,700,229.99847042453936,15.962482505865273,circular
34,1100,700,260.86463670195104,-85,-85,-85,-85,1350,700,245.96095293040463,15.962482505865273,circular
35,1100,700,260.86463670195104,-85,-85,-85,-85,1350,700,261.9234354362699,15.962482505865273,circular
36,1100,700,260.86463670195104,-85,-85,-85,-85,1350,700,277.8859179421352,15.962482505865273,circular
37,1100,700,260.86463670195104,-85,-85,-85,-85,1350,700,293.8484004480005,15.962482505865273,circular
38,1100,700,260.86463670195104,-85,-85,-85,-85,1350,700,309.8108829538658,15.962482505865273,circular
39,1100,700,260.86463670195104,-85,-85,-85,-85,1350,700,325.7733654597311,15.962482505865273,circular
40,1100,700,260.86463670195104,-85,-85,-85,-85,1350,700,341.7358479655964,15.962482505865273,circular
41,1100,700,260.86463670195104,-85,-85,-85,-85,1350,700,357.6983304714617,15.962482505865273,circular
42,1100,700,260.86463670195104,-85,-85,-85,-85,1350,700,13.660812977326998,15.962482505865273,circular
43,1100,700,260.86463670195104,-85,-85,-85,-85,1350,700,29.623295483192273,15.962482505865273,circular
44,1100,700,260.86463670195104,-85,-85,-85,-85,1350,700,45.58577798905755,15.962482505865273,circular
45,1100,700,260.86463670195104,-85,-85,-85,-85,1350,700,61.54826049492282,15.962482505865273,circular
46,1100,700,260.86463670195104,-85,-85,-85,-85,1350,700,77.5107430007881,15.962482505865273,circular
47,1100,700,260.86463670195104,-85,-85,-85,-85,1350,700,93.47322550665336,15.962482505865273,circular
48,1100,700,260.86463670195104,-85,-85,-85,-85,1350,700,109.43570801251863,15.962482505865273,circular
49,1100,700,260.86463670195104,-85,-85,-85,-85,1350,700,125.3981905183839,15.962482505865273,circular
50,1100,700,260.86463670195104,-85,-85,-85,-85,1350,700,141.36067302424917,15.962482505865273,circular
51,1100,700,260.86463670195104,18.47430475951294,20.48098321025059,-85,-85,1350,700,157.32315553011443,15.962482505865273,circular
52,1100,700,260.86463670195104,24.33271141113945,24.78833704083229,-85,-85,1350,700,173.2856380359797,15.962482505865273,circular
53,1100,700,260.86463670195104,25.906018829630398,26.011117049096303,-85,-85,1350,700,189.24812054184497,15.962482505865273,circular
54,1100,700,260.86463670195104,25.946643644493044,25.807460623826316,-85,-85,1350,700,205.21060304771024,15.962482505865273,circular
55,1100,700,260.86463670195104,24.495315191602927,23.97102224645776,-85,-85,1350,700,221.1730855535755,15.962482505865273,circular
56,1100,700,260.86463670195104,19.25639156218219,16.269948115724716,-85,-85,1350,700,237.13556805944077,15.962482505865273,circular
57,1100,700,260.86463670195104,-85,-85,-85,-85,1350,700,253.09805056530604,15.962482505865273,circular
58,1100,700,260.86463670195104,-85,-85,-85,-85,1350,700,269.06053307117133,15.962482505865273,circular
59,1100,700,260.86463670195104,-85,-85,-85,-85,1350,700,285.02301557703663,15.962482505865273,circular
60,1100,700,260.86463670195104,-85,-85,-85,-85,1350,700,300.9854980829019,15.962482505865273,circular
61,1100,700,260.86463670195104,-85,-85,-85,-85,1350,700,316.9479805887672,15.962482505865273,circular
62,1100,700,260.86463670195104,-85,-85,-85,-85,1350,700,332.9104630946325,15.962482505865273,circular
63,1100,700,260.86463670195104,-85,-85,-85,-85,1350,700,348.8729456004978,15.962482505865273,circular
64,1100,700,260.86463670195104,-85,-85,-85,-85,1350,700,4.835428106363111,15.962482505865273,circular
65,1100,700,260.86463670195104,-85,-85,-85,-85,1350,700,20.797910612228385,15.962482505865273,circular
66,1100,700,260.86463670195104,-85,-85,-85,-85,1350,700,36.76039311809366,15.962482505865273,circular
67,1100,700,260.86463670195104,-85,-85,-85,-85,1350,700,52.722875623958934,15.962482505865273,circular
68,1100,700,260.86463670195104,-85,-85,-85,-85,1350,700,68.68535812982421,15.962482505865273,circular
69,1100,700,260.86463670195104,-85,-85,-85,-85,1350,700,84.64784063568948,15.962482505865273,circular
70,1100,700,260.86463670195104,-85,-85,-85,-85,1350,700,100.61032314155474,15.962482505865273,circular
71,1100,700,260.86463670195104,-85,-85,-85,-85,1350,700,116.57280564742001,15.962482505865273,circular
72,1100,700,260.86463670195104,-85,-85,-85,-85,1350,700,132.53528815328528,15.962482505865273,circular
73,1100,700,260.86463670195104,-85,-85,-85,-85,1350,700,148.49777065915055,15.962482505865273,circular
74,1100,700,260.86463670195104,22.170735458799452,23.06730250275713,-85,-85,1350,700,164.4602531650158,15.962482505865273,circular
75,1100,700,260.86463670195104,25.26334459461691,25.536951728381826,-85,-85,1350,700,180.42273567088108,15.962482505865273,circular
76,1100,700,260.86463670195104,26.074956048612798,26.074956048612798,-85,-85,1350,700,196.38521817674635,15.962482505865273,circular
77,1100,700,260.86463670195104,25.536951728381826,25.263344594616918,-85,-85,1350,700,212.34770068261162,15.962482505865273,circular
78,1100,700,260.86463670195104,23.067302502757133,22.170735458799452,-85,-85,1350,700,228.31018318847688,15.962482505865273,circular
79,1100,700,260.86463670195104,-85,-85,-85,-85,1350,700,244.27266569434215,15.962482505865273,circular
80,1100,700,260.86463670195104,-85,-85,-85,-85,1350,700,260.23514820020745,15.962482505865273,circular
81,1100,700,260.86463670195104,-85,-85,-85,-85,1350,700,276.19763070607274,15.962482505865273,circular
82,1100,700,260.86463670195104,-85,-85,-85,-85,1350,700,292.16011321193804,15.962482505865273,circular
83,1100,700,260.86463670195104,-85,-85,-85,-85,1350,700,308.12259571780334,15.962482505865273,circular
84,1100,700,260.86463670195104,-85,-85,-85,-85,1350,700,324.08507822366863,15.962482505865273,circular
85,1100,700,260.86463670195104,-85,-85,-85,-85,1350,700,340.0475607295339,15.962482505865273,circular
86,1100,700,260.86463670195104,-85,-85,-85,-85,1350,700,356.0100432353992,15.962482505865273,circular
87,1100,700,260.86463670195104,-85,-85,-85,-85,1350,700,11.97252574126452,15.962482505865273,circular
88,1100,700,260.86463670195104,-85,-85,-85,-85,1350,700,27.935008247129794,15.962482505865273,circular
89,1100,700,260.86463670195104,-85,-85,-85,-85,1350,700,43.89749075299507,15.962482505865273,circular
90,1100,700,260.86463670195104,-85,-85,-85,-85,1350,700,59.85997325886034,15.962482505865273,circular
91,1100,700,260.86463670195104,-85,-85,-85,-85,1350,700,75.82245576472562,15.962482505865273,circular
92,1100,700,260.86463670195104,-85,-85,-85,-85,1350,700,91.78493827059089,15.962482505865273,circular
93,1100,700,260.86463670195104,-85,-85,-85,-85,1350,700,107.74742077645615,15.962482505865273,circular
94,1100,700,260.86463670195104,-85,-85,-85,-85,1350,700,123.70990328232142,15.962482505865273,circular
95,1100,700,260.86463670195104,-85,-85,-85,-85,1350,700,139.6723857881867,15.962482505865273,circular
96,1100,700,260.86463670195104,16.269948115724727,19.91435422725632,-85,-85,1350,700,155.63486829405196,15.962482505865273,circular
97,1100,700,260.86463670195104,23.971022246457757,24.646943359767004,-85,-85,1350,700,171.59735079991722,15.962482505865273,circular
98,1100,700,260.86463670195104,25.80746062382631,25.946643644493044,-85,-85,1350,700,187.5598333057825,15.962482505865273,circular
99,1100,700,260.86463670195104,26.011117049096303,25.906018829630398,-85,-85,1350,700,203.52231581164776,15.962482505865273,circular
100,1100,700,260.86463670195104,24.788337040832293,24.332711411139446,-85,-85,1350,700,219.48479831751303,15.962482505865273,circular
101,1100,700,260.86463670195104,20.48098321025059,18.474304759512954,-85,-85,1350,700,235.4472808233783,15.962482505865273,circular
102,1100,700,260.86463670195104,-85,-85,-85,-85,1350,700,251.40976332924356,15.962482505865273,circular
103,1100,700,260.86463670195104,-85,-85,-85,-85,1350,700,267.37224583510886,15.962482505865273,circular
104,1100,700,260.86463670195104,-85,-85,-85,-85,1350,700,283.33472834097415,15.962482505865273,circular
105,1100,700,260.86463670195104,-85,-85,-85,-85,1350,700,299.29721084683945,15.962482505865273,circular
106,1100,700,260.86463670195104,-85,-85,-85,-85,1350,700,315.25969335270474,15.962482505865273,circular
107,1100,700,260.86463670195104,-85,-85,-85,-85,1350,700,331.22217585857004,15.962482505865273,circular
108,1100,700,260.86463670195104,-85,-85,-85,-85,1350,700,347.18465836443534,15.962482505865273,circular
109,1100,700,260.86463670195104,-85,-85,-85,-85,1350,700,3.147140870300632,15.962482505865273,circular
110,1100,700,260.86463670195104,-85,-85,-85,-85,1350,700,19.109623376165906,15.962482505865273,circular
111,1100,700,260.86463670195104,-85,-85,-85,-85,1350,700,35.07210588203118,15.962482505865273,circular
112,1100,700,260.86463670195104,-85,-85,-85,-85,1350,700,51.034588387896456,15.962482505865273,circular
113,1100,700,260.86463670195104,-85,-85,-85,-85,1350,700,66.99707089376173,15.962482505865273,circular
114,1100,700,260.86463670195104,-85,-85,-85,-85,1350,700,82.959553399627,15.962482505865273,circular
115,1100,700,260.86463670195104,-85,-85,-85,-85,1350,700,98.92203590549227,15.962482505865273,circular
116,1100,700,260.86463670195104,-85,-85,-85,-85,1350,700,114.88451841135753,15.962482505865273,circular
117,1100,700,260.86463670195104,-85,-85,-85,-85,1350,700,130.8470009172228,15.962482505865273,circular
118,1100,700,260.86463670195104,-85,-85,-85,-85,1350,700,146.80948342308807,15.962482505865273,circular
119,1100,700,260.86463670195104,21.41811930585211,22.793695368992218,-85,-85,1350,700,162.77196592895334,15.962482505865273,circular
120,1100,700,260.86463670195104,25.042923900792417,25.452908776355446,-85,-85,1350,700,178.7344484348186,15.962482505865273,circular
121,1100,700,260.86463670195104,26.053745949214605,26.077602459396946,-85,-85,1350,700,194.69693094068387,15.962482505865273,circular
122,1100,700,260.86463670195104,25.684904084789977,25.361807294499556,-85,-85,1350,700,210.65941344654914,15.962482505865273,circular
123,1100,700,260.86463670195104,23.553218972269416,22.496022074683278,-85,-85,1350,700,226.6218959524144,15.962482505865273,circular
124,1100,700,260.86463670195104,11.50579409835762,-85,-85,-85,1350,700,242.58437845827967,15.962482505865273,circular
125,1100,700,260.86463670195104,-85,-85,-85,-85,1350,700,258.54686096414497,15.962482505865273,circular
126,1100,700,260.86463670195104,-85,-85,-85,-85,1350,700,274.50934347001026,15.962482505865273,circular
127,1100,700,260.86463670195104,-85,-85,-85,-85,1350,700,290.47182597587556,15.962482505865273,circular
128,1100,700,260.86463670195104,-85,-85,-85,-85,1350,700,306.43430848174086,15.962482505865273,circular
129,1100,700,260.86463670195104,-85,-85,-85,-85,1350,700,322.39679098760615,15.962482505865273,circular
130,1100,700,260.86463670195104,-85,-85,-85,-85,1350,700,338.35927349347145,15.962482505865273,circular
131,1100,700,260.86463670195104,-85,-85,-85,-85,1350,700,354.32175599933674,15.962482505865273,circular
132,1100,700,260.86463670195104,-85,-85,-85,-85,1350,700,10.28423850520204,15.962482505865273,circular
133,1100,700,260.86463670195104,-85,-85,-85,-85,1350,700,26.246721011067315,15.962482505865273,circular
134,1100,700,260.86463670195104,-85,-85,-85,-85,1350,700,42.20920351693259,15.962482505865273,circular
135,1100,700,260.86463670195104,-85,-85,-85,-85,1350,700,58.171686022797864,15.962482505865273,circular
136,1100,700,260.86463670195104,-85,-85,-85,-85,1350,700,74.13416852866314,15.962482505865273,circular
137,1100,700,260.86463670195104,-85,-85,-85,-85,1350,700,90.0966510345284,15.962482505865273,circular
138,1100,700,260.86463670195104,-85,-85,-85,-85,1350,700,106.05913354039367,15.962482505865273,circular
139,1100,700,260.86463670195104,-85,-85,-85,-85,1350,700,122.02161604625894,15.962482505865273,circular
140,1100,700,260.86463670195104,-85,-85,-85,-85,1350,700,137.9840985521242,15.962482505865273,circular
141,1100,700,260.86463670195104,14.513447644213304,18.47430475951294,-85,-85,1350,700,153.94658105798948,15.962482505865273,circular
142,1100,700,260.86463670195104,23.769789312347285,24.33271141113945,-85,-85,1350,700,169.90906356385474,15.962482505865273,circular
143,1100,700,260.86463670195104,25.7492610641292,25.906018829630398,-85,-85,1350,700,185.87154606972,15.962482505865273,circular
144,1100,700,260.86463670195104,26.053745949214605,25.946643644493044,-85,-85,1350,700,201.83402857558528,15.962482505865273,circular
145,1100,700,260.86463670195104,25.042923900792417,24.495315191602927,-85,-85,1350,700,217.79651108145055,15.962482505865273,circular
146,1100,700,260.86463670195104,21.418119305852123,19.25639156218219,-85,-85,1350,700,233.7589935873158,15.962482505865273,circular
147,1100,700,260.86463670195104,-85,-85,-85,-85,1350,700,249.72147609318108,15.962482505865273,circular
148,1100,700,260.86463670195104,-85,-85,-85,-85,1350,700,265.6839585990464,15.962482505865273,circular
149,1100,700,260.86463670195104,-85,-85,-85,-85,1350,700,281.6464411049117,15.962482505865273,circular
150,1100,700,260.86463670195104,-85,-85,-85,-85,1350,700,297.60892361077697,15.962482505865273,circular
151,1100,700,260.86463670195104,-85,-85,-85,-85,1350,700,313.57140611664227,15.962482505865273,circular
152,1100,700,260.86463670195104,-85,-85,-85,-85,1350,700,329.53388862250756,15.962482505865273,circular
153,1100,700,260.86463670195104,-85,-85,-85,-85,1350,700,345.49637112837286,15.962482505865273,circular
154,1100,700,260.86463670195104,-85,-85,-85,-85,1350,700,1.458853634238153,15.962482505865273,circular
155,1100,700,260.86463670195104,-85,-85,-85,-85,1350,700,17.421336140103428,15.962482505865273,circular
156,1100,700,260.86463670195104,-85,-85,-85,-85,1350,700,33.3838186459687,15.962482505865273,circular
157,1100,700,260.86463670195104,-85,-85,-85,-85,1350,700,49.34630115183398,15.962482505865273,circular
158,1100,700,260.86463670195104,-85,-85,-85,-85,1350,700,65.30878365769925,15.962482505865273,circular
159,1100,700,260.86463670195104,-85,-85,-85,-85,1350,700,81.27126616356452,15.962482505865273,circular
160,1100,700,260.86463670195104,-85,-85,-85,-85,1350,700,97.23374866942979,15.962482505865273,circular
161,1100,700,260.86463670195104,-85,-85,-85,-85,1350,700,113.19623117529505,15.962482505865273,circular
162,1100,700,260.86463670195104,-85,-85,-85,-85,1350,700,129.15871368116032,15.962482505865273,circular
163,1100,700,260.86463670195104,-85,-85,-85,-85,1350,700,145.1211961870256,15.962482505865273,circular
164,1100,700,260.86463670195104,20.97742610025734,22.170735458799452,-85,-85,1350,700,161.08367869289086,15.962482505865273,circular
165,1100,700,260.86463670195104,24.92014212493214,25.26334459461691,-85,-85,1350,700,177.04616119875612,15.962482505865273,circular
166,1100,700,260.86463670195104,26.035130213615616,26.074956048612798,-85,-85,1350,700,193.0086437046214,15.962482505865273,circular
167,1100,700,260.86463670195104,25.7492610641292,25.536951728381826,-85,-85,1350,700,208.97112621048666,15.962482505865273,circular
168,1100,700,260.86463670195104,23.769789312347285,23.067302502757133,-85,-85,1350,700,224.93360871635193,15.962482505865273,circular
169,1100,700,260.86463670195104,14.513447644213265,-85,-85,-85,1350,700,240.8960912222172,15.962482505865273,circular
170,1100,700,260.86463670195104,-85,-85,-85,-85,1350,700,256.8585737280825,15.962482505865273,circular
171,1100,700,260.86463670195104,-85,-85,-85,-85,1350,700,272.8210562339478,15.962482505865273,circular
172,1100,700,260.86463670195104,-85,-85,-85,-85,1350,700,288.7835387398131,15.962482505865273,circular
173,1100,700,260.86463670195104,-85,-85,-85,-85,1350,700,304.7460212456784,15.962482505865273,circular
174,1100,700,260.86463670195104,-85,-85,-85,-85,1350,700,320.7085037515437,15.962482505865273,circular
175,1100,700,260.86463670195104,-85,-85,-85,-85,1350,700,336.67098625740897,15.962482505865273,circular
176,1100,700,260.86463670195104,-85,-85,-85,-85,1350,700,352.63346876327427,15.962482505865273,circular
177,1100,700,260.86463670195104,-85,-85,-85,-85,1350,700,8.595951269139562,15.962482505865273,circular
178,1100,700,260.86463670195104,-85,-85,-85,-85,1350,700,24.558433775004836,15.962482505865273,circular
179,1100,700,260.86463670195104,-85,-85,-85,-85,1350,700,40.52091628087011,15.962482505865273,circular
180,1100,700,260.86463670195104,-85,-85,-85,-85,1350,700,56.483398786735385,15.962482505865273,circular
181,1100,700,260.86463670195104,-85,-85,-85,-85,1350,700,72.44588129260066,15.962482505865273,circular
182,1100,700,260.86463670195104,-85,-85,-85,-85,1350,700,88.40836379846593,15.962482505865273,circular
183,1100,700,260.86463670195104,-85,-85,-85,-85,1350,700,104.3708463043312,15.962482505865273,circular
184,1100,700,260.86463670195104,-85,-85,-85,-85,1350,700,120.33332881019646,15.962482505865273,circular
185,1100,700,260.86463670195104,-85,-85,-85,-85,1350,700,136.29581131606173,15.962482505865273,circular
186,1100,700,260.86463670195104,-85,16.269948115724727,-85,-85,1350,700,152.258293821927,15.962482505865273,circular
187,1100,700,260.86463670195104,23.31969953712386,23.971022246457757,-85,-85,1350,700,168.22077632779227,15.962482505865273,circular
188,1100,700,260.86463670195104,25.614204328866276,25.80746062382631,-85,-85,1350,700,184.18325883365753,15.962482505865273,circular
189,1100,700,260.86463670195104,26.067010357935978,26.011117049096303,-85,-85,1350,700,200.1457413395228,15.962482505865273,circular
190,1100,700,260.86463670195104,25.157178905256924,24.788337040832293,-85,-85,1350,700,216.10822384538807,15.962482505865273,circular
191,1100,700,260.86463670195104,21.81335663023087,20.48098321025059,-85,-85,1350,700,232.07070635125334,15.962482505865273,circular
192,1100,700,260.86463670195104,-85,-85,-85,-85,1350,700,248.0331888571186,15.962482505865273,circular
193,1100,700,260.86463670195104,-85,-85,-85,-85,1350,700,263.9956713629839,15.962482505865273,circular
194,1100,700,260.86463670195104,-85,-85,-85,-85,1350,700,279.9581538688492,15.962482505865273,circular
195,1100,700,260.86463670195104,-85,-85,-85,-85,1350,700,295.9206363747145,15.962482505865273,circular
196,1100,700,260.86463670195104,-85,-85,-85,-85,1350,700,311.8831188805798,15.962482505865273,circular
197,1100,700,260.86463670195104,-85,-85,-85,-85,1350,700,327.8456013864451,15.962482505865273,circular
198,1100,700,260.86463670195104,-85,-85,-85,-85,1350,700,343.8080838923104,15.962482505865273,circular
199,1100,700,260.86463670195104,-85,-85,-85,-85,1350,700,359.7705663981757,15.962482505865273,circular
200,1100,700,260.86463670195104,-85,-85,-85,-85,1350,700,15.73304890404097,15.962482505865273,circular
201,1100,700,260.86463670195104,-85,-85,-85,-85,1350,700,31.695531409906245,15.962482505865273,circular
202,1100,700,260.86463670195104,-85,-85,-85,-85,1350,700,47.65801391577152,15.962482505865273,circular
203,1100,700,260.86463670195104,-85,-85,-85,-85,1350,700,63.620496421636794,15.962482505865273,circular
204,1100,700,260.86463670195104,-85,-85,-85,-85,1350,700,79.58297892750207,15.962482505865273,circular
205,1100,700,260.86463670195104,-85,-85,-85,-85,1350,700,95.54546143336734,15.962482505865273,circular
206,1100,700,260.86463670195104,-85,-85,-85,-85,1350,700,111.5079439392326,15.962482505865273,circular
207,1100,700,260.86463670195104,-85,-85,-85,-85,1350,700,127.47042644509787,15.962482505865273,circular
208,1100,700,260.86463670195104,-85,-85,-85,-85,1350,700,143.43290895096314,15.962482505865273,circular
209,1100,700,260.86463670195104,19.91435422725632,21.41811930585211,-85,-85,1350,700,159.3953914568284,15.962482505865273,circular
210,1100,700,260.86463670195104,24.646943359767004,25.042923900792417,-85,-85,1350,700,175.35787396269367,15.962482505865273,circular
211,1100,700,260.86463670195104,25.9816463993744,26.053745949214605,-85,-85,1350,700,191.32035646855894,15.962482505865273,circular
212,1100,700,260.86463670195104,25.859665714847075,25.684904084789977,-85,-85,1350,700,207.2828389744242,15.962482505865273,circular
213,1100,700,260.86463670195104,24.1582774269213,23.553218972269416,-85,-85,1350,700,223.24532148028948,15.962482505865273,circular
214,1100,700,260.86463670195104,17.51315549939211,11.50579409835762,-85,-85,1350,700,239.20780398615474,15.962482505865273,circular
215,1100,700,260.86463670195104,-85,-85,-85,-85,1350,700,255.17028649202,15.962482505865273,circular
216,1100,700,260.86463670195104,-85,-85,-85,-85,1350,700,271.1327689978853,15.962482505865273,circular
217,1100,700,260.86463670195104,-85,-85,-85,-85,1350,700,287.0952515037506,15.962482505865273,circular
218,1100,700,260.86463670195104,-85,-85,-85,-85,1350,700,303.0577340096159,15.962482505865273,circular
219,1100,700,260.86463670195104,-85,-85,-85,-85,1350,700,319.0202165154812,15.962482505865273,circular
220,1100,700,260.86463670195104,-85,-85,-85,-85,1350,700,334.9826990213465,15.962482505865273,circular
221,1100,700,260.86463670195104,-85,-85,-85,-85,1350,700,350.9451815272118,15.962482505865273,circular
222,1100,700,260.86463670195104,-85,-85,-85,-85,1350,700,6.907664033077083,15.962482505865273,circular
223,1100,700,260.86463670195104,-85,-85,-85,-85,1350,700,22.870146538942357,15.962482505865273,circular
224,1100,700,260.86463670195104,-85,-85,-85,-85,1350,700,38.83262904480763,15.962482505865273,circular
225,1100,700,260.86463670195104,-85,-85,-85,-85,1350,700,54.79511155067291,15.962482505865273,circular
226,1100,700,260.86463670195104,-85,-85,-85,-85,1350,700,70.75759405653818,15.962482505865273,circular
227,1100,700,260.86463670195104,-85,-85,-85,-85,1350,700,86.72007656240345,15.962482505865273,circular
228,1100,700,260.86463670195104,-85,-85,-85,-85,1350,700,102.68255906826872,15.962482505865273,circular
229,1100,700,260.86463670195104,-85,-85,-85,-85,1350,700,118.64504157413398,15.962482505865273,circular
230,1100,700,260.86463670195104,-85,-85,-85,-85,1350,700,134.60752407999925,15.962482505865273,circular
231,1100,700,260.86463670195104,-85,11.505794098357505,-85,-85,1350,700,150.57000658586452,15.962482505865273,circular
232,1100,700,260.86463670195104,22.793695368992218,23.553218972269416,-85,-85,1350,700,166.5324890917298,15.962482505865273,circular
233,1100,700,260.86463670195104,25.452908776355446,25.684904084789974,-85,-85,1350,700,182.49497159759505,15.962482505865273,circular
234,1100,700,260.86463670195104,26.077602459396946,26.053745949214605,-85,-85,1350,700,198.45745410346032,15.962482505865273,circular
235,1100,700,260.86463670195104,25.361807294499556,25.042923900792417,-85,-85,1350,700,214.4199366093256,15.962482505865273,circular
236,1100,700,260.86463670195104,22.496022074683278,21.418119305852123,-85,-85,1350,700,230.38241911519086,15.962482505865273,circular
237,1100,700,260.86463670195104,-85,-85,-85,-85,1350,700,246.34490162105612,15.962482505865273,circular
238,1100,700,260.86463670195104,-85,-85,-85,-85,1350,700,262.3073841269214,15.962482505865273,circular
239,1100,700,260.86463670195104,-85,-85,-85,-85,1350,700,278.2698666327867,15.962482505865273,circular
240,1100,700,260.86463670195104,-85,-85,-85,-85,1350,700,294.232349138652,15.962482505865273,circular
241,1100,700,260.86463670195104,-85,-85,-85,-85,1350,700,310.1948316445173,15.962482505865273,circular
242,1100,700,260.86463670195104,-85,-85,-85,-85,1350,700,326.1573141503826,15.962482505865273,circular
243,1100,700,260.86463670195104,-85,-85,-85,-85,1350,700,342.1197966562479,15.962482505865273,circular
244,1100,700,260.86463670195104,-85,-85,-85,-85,1350,700,358.0822791621132,15.962482505865273,circular
245,1100,700,260.86463670195104,-85,-85,-85,-85,1350,700,14.044761667978491,15.962482505865273,circular
246,1100,700,260.86463670195104,-85,-85,-85,-85,1350,700,30.007244173843766,15.962482505865273,circular
247,1100,700,260.86463670195104,-85,-85,-85,-85,1350,700,45.96972667970904,15.962482505865273,circular
248,1100,700,260.86463670195104,-85,-85,-85,-85,1350,700,61.932209185574315,15.962482505865273,circular
249,1100,700,260.86463670195104,-85,-85,-85,-85,1350,700,77.89469169143959,15.962482505865273,circular
250,1100,700,260.86463670195104,-85,-85,-85,-85,1350,700,93.85717419730486,15.962482505865273,circular
251,1100,700,260.86463670195104,-85,-85,-85,-85,1350,700,109.81965670317012,15.962482505865273,circular
252,1100,700,260.86463670195104,-85,-85,-85,-85,1350,700,125.78213920903539,15.962482505865273,circular
253,1100,700,260.86463670195104,-85,-85,-85,-85,1350,700,141.74462171490066,15.962482505865273,circular
254,1100,700,260.86463670195104,18.47430475951294,20.97742610025734,-85,-85,1350,700,157.70710422076593,15.962482505865273,circular
255,1100,700,260.86463670195104,24.33271141113945,24.92014212493214,-85,-85,1350,700,173.6695867266312,15.962482505865273,circular
256,1100,700,260.86463670195104,25.906018829630398,26.035130213615616,-85,-85,1350,700,189.63206923249646,15.962482505865273,circular
257,1100,700,260.86463670195104,25.946643644493044,25.7492610641292,-85,-85,1350,700,205.59455173836173,15.962482505865273,circular
258,1100,700,260.86463670195104,24.495315191602927,23.97102224645776,-85,-85,1350,700,221.557034244227,15.962482505865273,circular
259,1100,700,260.86463670195104,19.25639156218219,16.269948115724716,-85,-85,1350,700,237.51951675009227,15.962482505865273,circular
260,1100,700,260.86463670195104,-85,-85,-85,-85,1350,700,253.48199925595753,15.962482505865273,circular
261,1100,700,260.86463670195104,-85,-85,-85,-85,1350,700,269.44448176182283,15.962482505865273,circular
262,1100,700,260.86463670195104,-85,-85,-85,-85,1350,700,285.4069642676881,15.962482505865273,circular
263,1100,700,260.86463670195104,-85,-85,-85,-85,1350,700,301.3694467735534,15.962482505865273,circular
264,1100,700,260.86463670195104,-85,-85,-85,-85,1350,700,317.3319292794187,15.962482505865273,circular
265,1100,700,260.86463670195104,-85,-85,-85,-85,1350,700,333.294411785284,15.962482505865273,circular
266,1100,700,260.86463670195104,-85,-85,-85,-85,1350,700,349.2568942911493,15.962482505865273,circular
267,1100,700,260.86463670195104,-85,-85,-85,-85,1350,700,5.219376797014604,15.962482505865273,circular
268,1100,700,260.86463670195104,-85,-85,-85,-85,1350,700,21.18185930287988,15.962482505865273,circular
269,1100,700,260.86463670195104,-85,-85,-85,-85,1350,700,37.14434180874515,15.962482505865273,circular
270,1100,700,260.86463670195104,-85,-85,-85,-85,1350,700,53.10682431461043,15.962482505865273,circular
271,1100,700,260.86463670195104,-85,-85,-85,-85,1350,700,69.0693068204757,15.962482505865273,circular
272,1100,700,260.86463670195104,-85,-85,-85,-85,1350,700,85.03178932634097,15.962482505865273,circular
273,1100,700,260.86463670195104,-85,-85,-85,-85,1350,700,100.99427183220624,15.962482505865273,circular
274,1100,700,260.86463670195104,-85,-85,-85,-85,1350,700,116.9567543380715,15.962482505865273,circular
275,1100,700,260.86463670195104,-85,-85,-85,-85,1350,700,132.91923684393677,15.962482505865273,circular
276,1100,700,260.86463670195104,-85,-85,-85,-85,1350,700,148.88171934980204,15.962482505865273,circular
277,1100,700,260.86463670195104,22.170735458799452,23.31969953712386,-85,-85,1350,700,164.8442018556673,15.962482505865273,circular
278,1100,700,260.86463670195104,25.26334459461691,25.614204328866276,-85,-85,1350,700,180.80668436153258,15.962482505865273,circular
279,1100,700,260.86463670195104,26.074956048612798,26.067010357935978,-85,-85,1350,700,196.76916686739784,15.962482505865273,circular
280,1100,700,260.86463670195104,25.536951728381826,25.157178905256924,-85,-85,1350,700,212.7316493732631,15.962482505865273,circular
281,1100,700,260.86463670195104,23.067302502757133,21.81335663023087,-85,-85,1350,700,228.69413187912838,15.962482505865273,circular
282,1100,700,260.86463670195104,-85,-85,-85,-85,1350,700,244.65661438499365,15.962482505865273,circular
283,1100,700,260.86463670195104,-85,-85,-85,-85,1350,700,260.61909689085894,15.962482505865273,circular
284,1100,700,260.86463670195104,-85,-85,-85,-85,1350,700,276.58157939672424,15.962482505865273,circular
285,1100,700,260.86463670195104,-85,-85,-85,-85,1350,700,292.54406190258953,15.962482505865273,circular
286,1100,700,260.86463670195104,-85,-85,-85,-85,1350,700,308.50654440845483,15.962482505865273,circular
287,1100,700,260.86463670195104,-85,-85,-85,-85,1350,700,324.4690269143201,15.962482505865273,circular
288,1100,700,260.86463670195104,-85,-85,-85,-85,1350,700,340.4315094201854,15.962482505865273,circular
289,1100,700,260.86463670195104,-85,-85,-85,-85,1350,700,356.3939919260507,15.962482505865273,circular
290,1100,700,260.86463670195104,-85,-85,-85,-85,1350,700,12.356474431916013,15.962482505865273,circular
291,1100,700,260.86463670195104,-85,-85,-85,-85,1350,700,28.318956937781287,15.962482505865273,circular
292,1100,700,260.86463670195104,-85,-85,-85,-85,1350,700,44.28143944364656,15.962482505865273,circular
293,1100,700,260.86463670195104,-85,-85,-85,-85,1350,700,60.24392194951184,15.962482505865273,circular
294,1100,700,260.86463670195104,-85,-85,-85,-85,1350,700,76.20640445537711,15.962482505865273,circular
295,1100,700,260.86463670195104,-85,-85,-85,-85,1350,700,92.16888696124238,15.962482505865273,circular
296,1100,700,260.86463670195104,-85,-85,-85,-85,1350,700,108.13136946710765,15.962482505865273,circular
297,1100,700,260.86463670195104,-85,-85,-85,-85,1350,700,124.09385197297291,15.962482505865273,circular
298,1100,700,260.86463670195104,-85,-85,-85,-85,1350,700,140.05633447883818,15.962482505865273,circular
299,1100,700,260.86463670195104,17.513155499392102,19.91435422725632,-85,-85,1350,700,156.01881698470345,15.962482505865273,circular
300,1100,700,260.86463670195104,24.1582774269213,24.646943359767004,-85,-85,1350,700,171.98129949056872,15.962482505865273,circular
301,1100,700,260.86463670195104,25.859665714847075,25.9816463993744,-85,-85,1350,700,187.94378199643398,15.962482505865273,circular
302,1100,700,260.86463670195104,25.9816463993744,25.859665714847075,-85,-85,1350,700,203.90626450229925,15.962482505865273,circular
303,1100,700,260.86463670195104,24.646943359767004,24.1582774269213,-85,-85,1350,700,219.86874700816452,15.962482505865273,circular
304,1100,700,260.86463670195104,20.48098321025059,17.51315549939211,-85,-85,1350,700,235.8312295140298,15.962482505865273,circular
305,1100,700,260.86463670195104,-85,-85,-85,-85,1350,700,251.79371201989505,15.962482505865273,circular
306,1100,700,260.86463670195104,-85,-85,-85,-85,1350,700,267.75619452576035,15.962482505865273,circular
307,1100,700,260.86463670195104,-85,-85,-85,-85,1350,700,283.71867703162565,15.962482505865273,circular
308,1100,700,260.86463670195104,-85,-85,-85,-85,1350,700,299.68115953749094,15.962482505865273,circular
309,1100,700,260.86463670195104,-85,-85,-85,-85,1350,700,315.64364204335624,15.962482505865273,circular
310,1100,700,260.86463670195104,-85,-85,-85,-85,1350,700,331.60612454922153,15.962482505865273,circular
311,1100,700,260.86463670195104,-85,-85,-85,-85,1350,700,347.56860705508683,15.962482505865273,circular
312,1100,700,260.86463670195104,-85,-85,-85,-85,1350,700,3.5310895609521253,15.962482505865273,circular
313,1100,700,260.86463670195104,-85,-85,-85,-85,1350,700,19.4935720668174,15.962482505865273,circular
314,1100,700,260.86463670195104,-85,-85,-85,-85,1350,700,35.456054572682675,15.962482505865273,circular
315,1100,700,260.86463670195104,-85,-85,-85,-85,1350,700,51.41853707854795,15.962482505865273,circular
316,1100,700,260.86463670195104,-85,-85,-85,-85,1350,700,67.38101958441322,15.962482505865273,circular
317,1100,700,260.86463670195104,-85,-85,-85,-85,1350,700,83.34350209027849,15.962482505865273,circular
318,1100,700,260.86463670195104,-85,-85,-85,-85,1350,700,99.30598459614376,15.962482505865273,circular
319,1100,700,260.86463670195104,-85,-85,-85,-85,1350,700,115.26846710200903,15.962482505865273,circular
320,1100,700,260.86463670195104,-85,-85,-85,-85,1350,700,131.2309496078743,15.962482505865273,circular
321,1100,700,260.86463670195104,-85,-85,-85,-85,1350,700,147.19343211373956,15.962482505865273,circular
322,1100,700,260.86463670195104,21.813356630230874,22.793695368992218,-85,-85,1350,700,163.15591461960483,15.962482505865273,circular
323,1100,700,260.86463670195104,25.157178905256924,25.452908776355446,-85,-85,1350,700,179.1183971254701,15.962482505865273,circular
324,1100,700,260.86463670195104,26.067010357935978,26.077602459396946,-85,-85,1350,700,195.08087963133536,15.962482505865273,circular
325,1100,700,260.86463670195104,25.614204328866276,25.361807294499556,-85,-85,1350,700,211.04336213720063,15.962482505865273,circular
326,1100,700,260.86463670195104,23.319699537123853,22.496022074683278,-85,-85,1350,700,227.0058446430659,15.962482505865273,circular
327,1100,700,260.86463670195104,-85,-85,-85,-85,1350,700,242.96832714893117,15.962482505865273,circular
328,1100,700,260.86463670195104,-85,-85,-85,-85,1350,700,258.93080965479646,15.962482505865273,circular
329,1100,700,260.86463670195104,-85,-85,-85,-85,1350,700,274.89329216066176,15.962482505865273,circular
330,1100,700,260.86463670195104,-85,-85,-85,-85,1350,700,290.85577466652705,15.962482505865273,circular
331,1100,700,260.86463670195104,-85,-85,-85,-85,1350,700,306.81825717239235,15.962482505865273,circular
332,1100,700,260.86463670195104,-85,-85,-85,-85,1350,700,322.78073967825765,15.962482505865273,circular
333,1100,700,260.86463670195104,-85,-85,-85,-85,1350,700,338.74322218412294,15.962482505865273,circular
334,1100,700,260.86463670195104,-85,-85,-85,-85,1350,700,354.70570468998824,15.962482505865273,circular
335,1100,700,260.86463670195104,-85,-85,-85,-85,1350,700,10.668187195853534,15.962482505865273,circular
336,1100,700,260.86463670195104,-85,-85,-85,-85,1350,700,26.63066970171881,15.962482505865273,circular
337,1100,700,260.86463670195104,-85,-85,-85,-85,1350,700,42.59315220758408,15.962482505865273,circular
338,1100,700,260.86463670195104,-85,-85,-85,-85,1350,700,58.55563471344936,15.962482505865273,circular
339,1100,700,260.86463670195104,-85,-85,-85,-85,1350,700,74.51811721931463,15.962482505865273,circular
340,1100,700,260.86463670195104,-85,-85,-85,-85,1350,700,90.4805997251799,15.962482505865273,circular
341,1100,700,260.86463670195104,-85,-85,-85,-85,1350,700,106.44308223104517,15.962482505865273,circular
342,1100,700,260.86463670195104,-85,-85,-85,-85,1350,700,122.40556473691043,15.962482505865273,circular
343,1100,700,260.86463670195104,-85,-85,-85,-85,1350,700,138.3680472427757,15.962482505865273,circular
344,1100,700,260.86463670195104,14.513447644213304,18.47430475951294,-85,-85,1350,700,154.33052974864097,15.962482505865273,circular
345,1100,700,260.86463670195104,23.769789312347285,24.33271141113945,-85,-85,1350,700,170.29301225450624,15.962482505865273,circular
346,1100,700,260.86463670195104,25.7492610641292,25.906018829630398,-85,-85,1350,700,186.2554947603715,15.962482505865273,circular
347,1100,700,260.86463670195104,26.035130213615616,25.946643644493044,-85,-85,1350,700,202.21797726623677,15.962482505865273,circular
348,1100,700,260.86463670195104,24.92014212493214,24.495315191602927,-85,-85,1350,700,218.18045977210204,15.962482505865273,circular
349,1100,700,260.86463670195104,20.97742610025735,19.25639156218219,-85,-85,1350,700,234.1429422779673,15.962482505865273,circular
350,1100,700,260.86463670195104,-85,-85,-85,-85,1350,700,250.10542478383258,15.962482505865273,circular
351,1100,700,260.86463670195104,-85,-85,-85,-85,1350,700,266.06790728969787,15.962482505865273,circular
352,1100,700,260.86463670195104,-85,-85,-85,-85,1350,700,282.03038979556317,15.962482505865273,circular
353,1100,700,260.86463670195104,-85,-85,-85,-85,1350,700,297.99287230142846,15.962482505865273,circular
354,1100,700,260.86463670195104,-85,-85,-85,-85,1350,700,313.95535480729376,15.962482505865273,circular
355,1100,700,260.86463670195104,-85,-85,-85,-85,1350,700,329.91783731315905,15.962482505865273,circular
356,1100,700,260.86463670195104,-85,-85,-85,-85,1350,700,345.88031981902435,15.962482505865273,circular
357,1100,700,260.86463670195104,-85,-85,-85,-85,1350,700,1.8428023248896466,15.962482505865273,circular
358,1100,700,260.86463670195104,-85,-85,-85,-85,1350,700,17.80528483075492,15.962482505865273,circular
359,1100,700,260.86463670195104,-85,-85,-85,-85,1350,700,33.767767336620196,15.962482505865273,circular
360,1100,700,260.86463670195104,-85,-85,-85,-85,1350,700,49.73024984248547,15.962482505865273,circular
361,1100,700,260.86463670195104,-85,-85,-85,-85,1350,700,65.69273234835075,15.962482505865273,circular
362,1100,700,260.86463670195104,-85,-85,-85,-85,1350,700,81.65521485421601,15.962482505865273,circular
363,1100,700,260.86463670195104,-85,-85,-85,-85,1350,700,97.61769736008128,15.962482505865273,circular
364,1100,700,260.86463670195104,-85,-85,-85,-85,1350,700,113.58017986594655,15.962482505865273,circular
365,1100,700,260.86463670195104,-85,-85,-85,-85,1350,700,129.54266237181182,15.962482505865273,circular
366,1100,700,260.86463670195104,-85,-85,-85,-85,1350,700,145.50514487767708,15.962482505865273,circular
367,1100,700,260.86463670195104,20.97742610025734,22.170735458799452,-85,-85,1350,700,161.46762738354235,15.962482505865273,circular
368,1100,700,260.86463670195104,24.92014212493214,25.26334459461691,-85,-85,1350,700,177.43010988940762,15.962482505865273,circular
369,1100,700,260.86463670195104,26.035130213615616,26.074956048612798,-85,-85,1350,700,193.39259239527289,15.962482505865273,circular
370,1100,700,260.86463670195104,25.7492610641292,25.536951728381826,-85,-85,1350,700,209.35507490113815,15.962482505865273,circular
371,1100,700,260.86463670195104,23.769789312347285,23.067302502757133,-85,-85,1350,700,225.31755740700342,15.962482505865273,circular
372,1100,700,260.86463670195104,14.513447644213265,-85,-85,-85,1350,700,241.2800399128687,15.962482505865273,circular
373,1100,700,260.86463670195104,-85,-85,-85,-85,1350,700,257.242522418734,15.962482505865273,circular
374,1100,700,260.86463670195104,-85,-85,-85,-85,1350,700,273.2050049245993,15.962482505865273,circular
375,1100,700,260.86463670195104,-85,-85,-85,-85,1350,700,289.1674874304646,15.962482505865273,circular
376,1100,700,260.86463670195104,-85,-85,-85,-85,1350,700,305.12996993632987,15.962482505865273,circular
377,1100,700,260.86463670195104,-85,-85,-85,-85,1350,700,321.09245244219517,15.962482505865273,circular
378,1100,700,260.86463670195104,-85,-85,-85,-85,1350,700,337.05493494806046,15.962482505865273,circular
379,1100,700,260.86463670195104,-85,-85,-85,-85,1350,700,353.01741745392576,15.962482505865273,circular
380,1100,700,260.86463670195104,-85,-85,-85,-85,1350,700,8.979899959791055,15.962482505865273,circular
381,1100,700,260.86463670195104,-85,-85,-85,-85,1350,700,24.94238246565633,15.962482505865273,circular
382,1100,700,260.86463670195104,-85,-85,-85,-85,1350,700,40.904864971521604,15.962482505865273,circular
383,1100,700,260.86463670195104,-85,-85,-85,-85,1350,700,56.86734747738688,15.962482505865273,circular
384,1100,700,260.86463670195104,-85,-85,-85,-85,1350,700,72.82982998325215,15.962482505865273,circular
385,1100,700,260.86463670195104,-85,-85,-85,-85,1350,700,88.79231248911742,15.962482505865273,circular
386,1100,700,260.86463670195104,-85,-85,-85,-85,1350,700,104.75479499498269,15.962482505865273,circular
387,1100,700,260.86463670195104,-85,-85,-85,-85,1350,700,120.71727750084796,15.962482505865273,circular
388,1100,700,260.86463670195104,-85,-85,-85,-85,1350,700,136.67976000671322,15.962482505865273,circular
389,1100,700,260.86463670195104,-85,17.513155499392102,-85,-85,1350,700,152.6422425125785,15.962482505865273,circular
390,1100,700,260.86463670195104,23.31969953712386,24.1582774269213,-85,-85,1350,700,168.60472501844376,15.962482505865273,circular
391,1100,700,260.86463670195104,25.614204328866276,25.80746062382631,-85,-85,1350,700,184.56720752430903,15.962482505865273,circular
392,1100,700,260.86463670195104,26.067010357935978,26.011117049096303,-85,-85,1350,700,200.5296900301743,15.962482505865273,circular
393,1100,700,260.86463670195104,25.157178905256924,24.788337040832293,-85,-85,1350,700,216.49217253603956,15.962482505865273,circular
394,1100,700,260.86463670195104,21.81335663023087,20.48098321025059,-85,-85,1350,700,232.45465504190483,15.962482505865273,circular
395,1100,700,260.86463670195104,-85,-85,-85,-85,1350,700,248.4171375477701,15.962482505865273,circular
396,1100,700,260.86463670195104,-85,-85,-85,-85,1350,700,264.3796200536354,15.962482505865273,circular
397,1100,700,260.86463670195104,-85,-85,-85,-85,1350,700,280.3421025595007,15.962482505865273,circular
398,1100,700,260.86463670195104,-85,-85,-85,-85,1350,700,296.304585065366,15.962482505865273,circular
399,1100,700,260.86463670195104,-85,-85,-85,-85,1350,700,312.2670675712313,15.962482505865273,circular
400,1100,700,260.86463670195104,-85,-85,-85,-85,1350,700,328.2295500770966,15.962482505865273,circular
401,1100,700,260.86463670195104,-85,-85,-85,-85,1350,700,344.1920325829619,15.962482505865273,circular
402,1100,700,260.86463670195104,-85,-85,-85,-85,1350,700,0.1545150888271678,15.962482505865273,circular
403,1100,700,260.86463670195104,-85,-85,-85,-85,1350,700,16.116997594692442,15.962482505865273,circular
404,1100,700,260.86463670195104,-85,-85,-85,-85,1350,700,32.07948010055772,15.962482505865273,circular
405,1100,700,260.86463670195104,-85,-85,-85,-85,1350,700,48.04196260642299,15.962482505865273,circular
406,1100,700,260.86463670195104,-85,-85,-85,-85,1350,700,64.00444511228827,15.962482505865273,circular
407,1100,700,260.86463670195104,-85,-85,-85,-85,1350,700,79.96692761815353,15.962482505865273,circular
408,1100,700,260.86463670195104,-85,-85,-85,-85,1350,700,95.9294101240188,15.962482505865273,circular
409,1100,700,260.86463670195104,-85,-85,-85,-85,1350,700,111.89189262988407,15.962482505865273,circular
410,1100,700,260.86463670195104,-85,-85,-85,-85,1350,700,127.85437513574934,15.962482505865273,circular
411,1100,700,260.86463670195104,-85,-85,-85,-85,1350,700,143.8168576416146,15.962482505865273,circular
412,1100,700,260.86463670195104,19.91435422725632,21.813356630230874,-85,-85,1350,700,159.77934014747987,15.962482505865273,circular
413,1100,700,260.86463670195104,24.646943359767004,25.157178905256924,-85,-85,1350,700,175.74182265334514,15.962482505865273,circular
414,1100,700,260.86463670195104,25.9816463993744,26.067010357935978,-85,-85,1350,700,191.7043051592104,15.962482505865273,circular
415,1100,700,260.86463670195104,25.859665714847075,25.614204328866276,-85,-85,1350,700,207.66678766507567,15.962482505865273,circular
416,1100,700,260.86463670195104,24.1582774269213,23.319699537123853,-85,-85,1350,700,223.62927017094094,15.962482505865273,circular
417,1100,700,260.86463670195104,17.51315549939211,-85,-85,-85,1350,700,239.5917526768062,15.962482505865273,circular
418,1100,700,260.86463670195104,-85,-85,-85,-85,1350,700,255.55423518267148,15.962482505865273,circular
419,1100,700,260.86463670195104,-85,-85,-85,-85,1350,700,271.51671768853674,15.962482505865273,circular
420,1100,700,260.86463670195104,-85,-85,-85,-85,1350,700,287.47920019440204,15.962482505865273,circular
421,1100,700,260.86463670195104,-85,-85,-85,-85,1350,700,303.44168270026734,15.962482505865273,circular
422,1100,700,260.86463670195104,-85,-85,-85,-85,1350,700,319.40416520613263,15.962482505865273,circular
423,1100,700,260.86463670195104,-85,-85,-85,-85,1350,700,335.3666477119979,15.962482505865273,circular
424,1100,700,260.86463670195104,-85,-85,-85,-85,1350,700,351.3291302178632,15.962482505865273,circular
425,1100,700,260.86463670195104,-85,-85,-85,-85,1350,700,7.2916127237285195,15.962482505865273,circular
426,1100,700,260.86463670195104,-85,-85,-85,-85,1350,700,23.254095229593794,15.962482505865273,circular
427,1100,700,260.86463670195104,-85,-85,-85,-85,1350,700,39.21657773545907,15.962482505865273,circular
428,1100,700,260.86463670195104,-85,-85,-85,-85,1350,700,55.17906024132434,15.962482505865273,circular
429,1100,700,260.86463670195104,-85,-85,-85,-85,1350,700,71.14154274718962,15.962482505865273,circular
430,1100,700,260.86463670195104,-85,-85,-85,-85,1350,700,87.10402525305489,15.962482505865273,circular
431,1100,700,260.86463670195104,-85,-85,-85,-85,1350,700,103.06650775892015,15.962482505865273,circular
432,1100,700,260.86463670195104,-85,-85,-85,-85,1350,700,119.02899026478542,15.962482505865273,circular
433,1100,700,260.86463670195104,-85,-85,-85,-85,1350,700,134.9914727706507,15.962482505865273,circular
434,1100,700,260.86463670195104,-85,14.513447644213304,-85,-85,1350,700,150.95395527651596,15.962482505865273,circular
435,1100,700,260.86463670195104,23.06730250275713,23.769789312347285,-85,-85,1350,700,166.91643778238122,15.962482505865273,circular
436,1100,700,260.86463670195104,25.536951728381826,25.7492610641292,-85,-85,1350,700,182.8789202882465,15.962482505865273,circular
437,1100,700,260.86463670195104,26.077602459396946,26.035130213615616,-85,-85,1350,700,198.84140279411176,15.962482505865273,circular
438,1100,700,260.86463670195104,25.361807294499556,24.92014212493214,-85,-85,1350,700,214.80388529997703,15.962482505865273,circular
439,1100,700,260.86463670195104,22.496022074683278,20.97742610025735,-85,-85,1350,700,230.7663678058423,15.962482505865273,circular
440,1100,700,260.86463670195104,-85,-85,-85,-85,1350,700,246.72885031170756,15.962482505865273,circular
441,1100,700,260.86463670195104,-85,-85,-85,-85,1350,700,262.69133281757286,15.962482505865273,circular
442,1100,700,260.86463670195104,-85,-85,-85,-85,1350,700,278.65381532343815,15.962482505865273,circular
443,1100,700,260.86463670195104,-85,-85,-85,-85,1350,700,294.61629782930345,15.962482505865273,circular
444,1100,700,260.86463670195104,-85,-85,-85,-85,1350,700,310.57878033516874,15.962482505865273,circular
445,1100,700,260.86463670195104,-85,-85,-85,-85,1350,700,326.54126284103404,15.962482505865273,circular
446,1100,700,260.86463670195104,-85,-85,-85,-85,1350,700,342.50374534689934,15.962482505865273,circular
447,1100,700,260.86463670195104,-85,-85,-85,-85,1350,700,358.46622785276463,15.962482505865273,circular
448,1100,700,260.86463670195104,-85,-85,-85,-85,1350,700,14.428710358629928,15.962482505865273,circular
449,1100,700,260.86463670195104,-85,-85,-85,-85,1350,700,30.391192864495203,15.962482505865273,circular
450,1100,700,260.86463670195104,-85,-85,-85,-85,1350,700,46.35367537036048,15.962482505865273,circular
451,1100,700,260.86463670195104,-85,-85,-85,-85,1350,700,62.31615787622575,15.962482505865273,circular
452,1100,700,260.86463670195104,-85,-85,-85,-85,1350,700,78.27864038209103,15.962482505865273,circular
453,1100,700,260.86463670195104,-85,-85,-85,-85,1350,700,94.2411228879563,15.962482505865273,circular
454,1100,700,260.86463670195104,-85,-85,-85,-85,1350,700,110.20360539382156,15.962482505865273,circular
455,1100,700,260.86463670195104,-85,-85,-85,-85,1350,700,126.16608789968683,15.962482505865273,circular
456,1100,700,260.86463670195104,-85,-85,-85,-85,1350,700,142.1285704055521,15.962482505865273,circular
457,1100,700,260.86463670195104,19.25639156218217,20.97742610025734,-85,-85,1350,700,158.09105291141736,15.962482505865273,circular
458,1100,700,260.86463670195104,24.495315191602927,24.92014212493214,-85,-85,1350,700,174.05353541728263,15.962482505865273,circular
459,1100,700,260.86463670195104,25.946643644493044,26.035130213615616,-85,-85,1350,700,190.0160179231479,15.962482505865273,circular
460,1100,700,260.86463670195104,25.906018829630398,25.7492610641292,-85,-85,1350,700,205.97850042901317,15.962482505865273,circular
461,1100,700,260.86463670195104,24.332711411139446,23.769789312347285,-85,-85,1350,700,221.94098293487843,15.962482505865273,circular
462,1100,700,260.86463670195104,18.474304759512954,14.513447644213265,-85,-85,1350,700,237.9034654407437,15.962482505865273,circular
463,1100,700,260.86463670195104,-85,-85,-85,-85,1350,700,253.86594794660897,15.962482505865273,circular
464,1100,700,260.86463670195104,-85,-85,-85,-85,1350,700,269.82843045247427,15.962482505865273,circular
465,1100,700,260.86463670195104,-85,-85,-85,-85,1350,700,285.79091295833956,15.962482505865273,circular
466,1100,700,260.86463670195104,-85,-85,-85,-85,1350,700,301.75339546420486,15.962482505865273,circular
467,1100,700,260.86463670195104,-85,-85,-85,-85,1350,700,317.71587797007015,15.962482505865273,circular
468,1100,700,260.86463670195104,-85,-85,-85,-85,1350,700,333.67836047593545,15.962482505865273,circular
469,1100,700,260.86463670195104,-85,-85,-85,-85,1350,700,349.64084298180074,15.962482505865273,circular
470,1100,700,260.86463670195104,-85,-85,-85,-85,1350,700,5.603325487666041,15.962482505865273,circular
471,1100,700,260.86463670195104,-85,-85,-85,-85,1350,700,21.565807993531315,15.962482505865273,circular
472,1100,700,260.86463670195104,-85,-85,-85,-85,1350,700,37.52829049939659,15.962482505865273,circular
473,1100,700,260.86463670195104,-85,-85,-85,-85,1350,700,53.490773005261865,15.962482505865273,circular
474,1100,700,260.86463670195104,-85,-85,-85,-85,1350,700,69.45325551112714,15.962482505865273,circular
475,1100,700,260.86463670195104,-85,-85,-85,-85,1350,700,85.4157380169924,15.962482505865273,circular
476,1100,700,260.86463670195104,-85,-85,-85,-85,1350,700,101.37822052285767,15.962482505865273,circular
477,1100,700,260.86463670195104,-85,-85,-85,-85,1350,700,117.34070302872294,15.962482505865273,circular
478,1100,700,260.86463670195104,-85,-85,-85,-85,1350,700,133.3031855345882,15.962482505865273,circular
479,1100,700,260.86463670195104,-85,-85,-85,-85,1350,700,149.26566804045348,15.962482505865273,circular
480,1100,700,260.86463670195104,22.496022074683278,23.31969953712386,-85,-85,1350,700,165.22815054631874,15.962482505865273,circular
481,1100,700,260.86463670195104,25.36180729449956,25.614204328866276,-85,-85,1350,700,181.190633052184,15.962482505865273,circular
482,1100,700,260.86463670195104,26.077602459396946,26.067010357935978,-85,-85,1350,700,197.15311555804928,15.962482505865273,circular
483,1100,700,260.86463670195104,25.452908776355446,25.157178905256924,-85,-85,1350,700,213.11559806391455,15.962482505865273,circular
484,1100,700,260.86463670195104,22.793695368992225,21.81335663023087,-85,-85,1350,700,229.07808056977981,15.962482505865273,circular
485,1100,700,260.86463670195104,-85,-85,-85,-85,1350,700,245.04056307564508,15.962482505865273,circular
486,1100,700,260.86463670195104,-85,-85,-85,-85,1350,700,261.0030455815104,15.962482505865273,circular
487,1100,700,260.86463670195104,-85,-85,-85,-85,1350,700,276.9655280873757,15.962482505865273,circular
488,1100,700,260.86463670195104,-85,-85,-85,-85,1350,700,292.92801059324097,15.962482505865273,circular
489,1100,700,260.86463670195104,-85,-85,-85,-85,1350,700,308.89049309910627,15.962482505865273,circular
490,1100,700,260.86463670195104,-85,-85,-85,-85,1350,700,324.85297560497156,15.962482505865273,circular
491,1100,700,260.86463670195104,-85,-85,-85,-85,1350,700,340.81545811083686,15.962482505865273,circular
492,1100,700,260.86463670195104,-85,-85,-85,-85,1350,700,356.77794061670215,15.962482505865273,circular
493,1100,700,260.86463670195104,-85,-85,-85,-85,1350,700,12.74042312256745,15.962482505865273,circular
494,1100,700,260.86463670195104,-85,-85,-85,-85,1350,700,28.702905628432724,15.962482505865273,circular
495,1100,700,260.86463670195104,-85,-85,-85,-85,1350,700,44.665388134298,15.962482505865273,circular
496,1100,700,260.86463670195104,-85,-85,-85,-85,1350,700,60.62787064016327,15.962482505865273,circular
497,1100,700,260.86463670195104,-85,-85,-85,-85,1350,700,76.59035314602855,15.962482505865273,circular
498,1100,700,260.86463670195104,-85,-85,-85,-85,1350,700,92.55283565189382,15.962482505865273,circular
499,1100,700,260.86463670195104,-85,-85,-85,-85,1350,700,108.51531815775908,15.962482505865273,circular
500,1100,700,260.86463670195104,-85,-85,-85,-85,1350,700,124.47780066362435,15.962482505865273,circular
501,1100,700,260.86463670195104,-85,-85,-85,-85,1350,700,140.44028316948962,15.962482505865273,circular
502,1100,700,260.86463670195104,17.513155499392102,19.91435422725632,-85,-85,1350,700,156.40276567535489,15.962482505865273,circular
503,1100,700,260.86463670195104,24.1582774269213,24.646943359767004,-85,-85,1350,700,172.36524818122015,15.962482505865273,circular
504,1100,700,260.86463670195104,25.859665714847075,25.9816463993744,-85,-85,1350,700,188.32773068708542,15.962482505865273,circular
505,1100,700,260.86463670195104,25.9816463993744,25.859665714847075,-85,-85,1350,700,204.2902131929507,15.962482505865273,circular
506,1100,700,260.86463670195104,24.646943359767004,24.1582774269213,-85,-85,1350,700,220.25269569881596,15.962482505865273,circular
507,1100,700,260.86463670195104,19.914354227256315,17.51315549939211,-85,-85,1350,700,236.21517820468122,15.962482505865273,circular
508,1100,700,260.86463670195104,-85,-85,-85,-85,1350,700,252.1776607105465,15.962482505865273,circular
509,1100,700,260.86463670195104,-85,-85,-85,-85,1350,700,268.1401432164118,15.962482505865273,circular
510,1100,700,260.86463670195104,-85,-85,-85,-85,1350,700,284.1026257222771,15.962482505865273,circular
511,1100,700,260.86463670195104,-85,-85,-85,-85,1350,700,300.0651082281424,15.962482505865273,circular
512,1100,700,260.86463670195104,-85,-85,-85,-85,1350,700,316.0275907340077,15.962482505865273,circular
513,1100,700,260.86463670195104,-85,-85,-85,-85,1350,700,331.99007323987297,15.962482505865273,circular
514,1100,700,260.86463670195104,-85,-85,-85,-85,1350,700,347.95255574573827,15.962482505865273,circular
515,1100,700,260.86463670195104,-85,-85,-85,-85,1350,700,3.915038251603562,15.962482505865273,circular
516,1100,700,260.86463670195104,-85,-85,-85,-85,1350,700,19.877520757468837,15.962482505865273,circular
517,1100,700,260.86463670195104,-85,-85,-85,-85,1350,700,35.84000326333411,15.962482505865273,circular
518,1100,700,260.86463670195104,-85,-85,-85,-85,1350,700,51.802485769199386,15.962482505865273,circular
519,1100,700,260.86463670195104,-85,-85,-85,-85,1350,700,67.76496827506466,15.962482505865273,circular
520,1100,700,260.86463670195104,-85,-85,-85,-85,1350,700,83.72745078092993,15.962482505865273,circular
521,1100,700,260.86463670195104,-85,-85,-85,-85,1350,700,99.6899332867952,15.962482505865273,circular
522,1100,700,260.86463670195104,-85,-85,-85,-85,1350,700,115.65241579266046,15.962482505865273,circular
523,1100,700,260.86463670195104,-85,-85,-85,-85,1350,700,131.61489829852573,15.962482505865273,circular
524,1100,700,260.86463670195104,-85,-85,-85,-85,1350,700,147.577380804391,15.962482505865273,circular
525,1100,700,260.86463670195104,21.813356630230874,22.793695368992218,-85,-85,1350,700,163.53986331025627,15.962482505865273,circular
526,1100,700,260.86463670195104,25.157178905256924,25.452908776355446,-85,-85,1350,700,179.50234581612153,15.962482505865273,circular
527,1100,700,260.86463670195104,26.067010357935978,26.077602459396946,-85,-85,1350,700,195.4648283219868,15.962482505865273,circular
528,1100,700,260.86463670195104,25.614204328866276,25.361807294499556,-85,-85,1350,700,211.42731082785207,15.962482505865273,circular
529,1100,700,260.86463670195104,23.319699537123853,22.496022074683278,-85,-85,1350,700,227.38979333371734,15.962482505865273,circular
530,1100,700,260.86463670195104,-85,-85,-85,-85,1350,700,243.3522758395826,15.962482505865273,circular
531,1100,700,260.86463670195104,-85,-85,-85,-85,1350,700,259.3147583454479,15.962482505865273,circular
532,1100,700,260.86463670195104,-85,-85,-85,-85,1350,700,275.2772408513132,15.962482505865273,circular
533,1100,700,260.86463670195104,-85,-85,-85,-85,1350,700,291.2397233571785,15.962482505865273,circular
534,1100,700,260.86463670195104,-85,-85,-85,-85,1350,700,307.2022058630438,15.962482505865273,circular
535,1100,700,260.86463670195104,-85,-85,-85,-85,1350,700,323.1646883689091,15.962482505865273,circular
536,1100,700,260.86463670195104,-85,-85,-85,-85,1350,700,339.1271708747744,15.962482505865273,circular
537,1100,700,260.86463670195104,-85,-85,-85,-85,1350,700,355.0896533806397,15.962482505865273,circular
538,1100,700,260.86463670195104,-85,-85,-85,-85,1350,700,11.05213588650497,15.962482505865273,circular
539,1100,700,260.86463670195104,-85,-85,-85,-85,1350,700,27.014618392370245,15.962482505865273,circular
540,1100,700,260.86463670195104,-85,-85,-85,-85,1350,700,42.97710089823552,15.962482505865273,circular
541,1100,700,260.86463670195104,-85,-85,-85,-85,1350,700,58.939583404100794,15.962482505865273,circular
542,1100,700,260.86463670195104,-85,-85,-85,-85,1350,700,74.90206590996607,15.962482505865273,circular
543,1100,700,260.86463670195104,-85,-85,-85,-85,1350,700,90.86454841583134,15.962482505865273,circular
544,1100,700,260.86463670195104,-85,-85,-85,-85,1350,700,106.8270309216966,15.962482505865273,circular
545,1100,700,260.86463670195104,-85,-85,-85,-85,1350,700,122.78951342756187,15.962482505865273,circular
546,1100,700,260.86463670195104,-85,-85,-85,-85,1350,700,138.75199593342714,15.962482505865273,circular
547,1100,700,260.86463670195104,14.513447644213304,19.25639156218217,-85,-85,1350,700,154.7144784392924,15.962482505865273,circular
548,1100,700,260.86463670195104,23.769789312347285,24.495315191602927,-85,-85,1350,700,170.67696094515767,15.962482505865273,circular
549,1100,700,260.86463670195104,25.7492610641292,25.946643644493044,-85,-85,1350,700,186.63944345102294,15.962482505865273,circular
550,1100,700,260.86463670195104,26.035130213615616,25.906018829630398,-85,-85,1350,700,202.6019259568882,15.962482505865273,circular
551,1100,700,260.86463670195104,24.92014212493214,24.495315191602927,-85,-85,1350,700,218.56440846275348,15.962482505865273,circular
552,1100,700,260.86463670195104,20.97742610025735,19.25639156218219,-85,-85,1350,700,234.52689096861874,15.962482505865273,circular
553,1100,700,260.86463670195104,-85,-85,-85,-85,1350,700,250.489373474484,15.962482505865273,circular
554,1100,700,260.86463670195104,-85,-85,-85,-85,1350,700,266.4518559803493,15.962482505865273,circular
555,1100,700,260.86463670195104,-85,-85,-85,-85,1350,700,282.4143384862146,15.962482505865273,circular
556,1100,700,260.86463670195104,-85,-85,-85,-85,1350,700,298.3768209920799,15.962482505865273,circular
557,1100,700,260.86463670195104,-85,-85,-85,-85,1350,700,314.3393034979452,15.962482505865273,circular
558,1100,700,260.86463670195104,-85,-85,-85,-85,1350,700,330.3017860038105,15.962482505865273,circular
559,1100,700,260.86463670195104,-85,-85,-85,-85,1350,700,346.2642685096758,15.962482505865273,circular
560,1100,700,260.86463670195104,-85,-85,-85,-85,1350,700,2.2267510155410832,15.962482505865273,circular
561,1100,700,260.86463670195104,-85,-85,-85,-85,1350,700,18.189233521406358,15.962482505865273,circular
562,1100,700,260.86463670195104,-85,-85,-85,-85,1350,700,34.15171602727163,15.962482505865273,circular
563,1100,700,260.86463670195104,-85,-85,-85,-85,1350,700,50.11419853313691,15.962482505865273,circular
564,1100,700,260.86463670195104,-85,-85,-85,-85,1350,700,66.07668103900218,15.962482505865273,circular
565,1100,700,260.86463670195104,-85,-85,-85,-85,1350,700,82.03916354486745,15.962482505865273,circular
566,1100,700,260.86463670195104,-85,-85,-85,-85,1350,700,98.00164605073272,15.962482505865273,circular
567,1100,700,260.86463670195104,-85,-85,-85,-85,1350,700,113.96412855659798,15.962482505865273,circular
568,1100,700,260.86463670195104,-85,-85,-85,-85,1350,700,129.92661106246325,15.962482505865273,circular
569,1100,700,260.86463670195104,-85,-85,-85,-85,1350,700,145.88909356832852,15.962482505865273,circular
570,1100,700,260.86463670195104,20.97742610025734,22.496022074683278,-85,-85,1350,700,161.8515760741938,15.962482505865273,circular
571,1100,700,260.86463670195104,24.92014212493214,25.36180729449956,-85,-85,1350,700,177.81405858005905,15.962482505865273,circular
572,1100,700,260.86463670195104,26.035130213615616,26.077602459396946,-85,-85,1350,700,193.77654108592432,15.962482505865273,circular
573,1100,700,260.86463670195104,25.7492610641292,25.452908776355446,-85,-85,1350,700,209.7390235917896,15.962482505865273,circular
574,1100,700,260.86463670195104,23.769789312347285,22.793695368992225,-85,-85,1350,700,225.70150609765486,15.962482505865273,circular
575,1100,700,260.86463670195104,14.513447644213265,-85,-85,-85,1350,700,241.66398860352012,15.962482505865273,circular
576,1100,700,260.86463670195104,-85,-85,-85,-85,1350,700,257.6264711093854,15.962482505865273,circular
577,1100,700,260.86463670195104,-85,-85,-85,-85,1350,700,273.5889536152507,15.962482505865273,circular
578,1100,700,260.86463670195104,-85,-85,-85,-85,1350,700,289.551436121116,15.962482505865273,circular
579,1100,700,260.86463670195104,-85,-85,-85,-85,1350,700,305.5139186269813,15.962482505865273,circular
580,1100,700,260.86463670195104,-85,-85,-85,-85,1350,700,321.4764011328466,15.962482505865273,circular
581,1100,700,260.86463670195104,-85,-85,-85,-85,1350,700,337.4388836387119,15.962482505865273,circular
582,1100,700,260.86463670195104,-85,-85,-85,-85,1350,700,353.4013661445772,15.962482505865273,circular
583,1100,700,260.86463670195104,-85,-85,-85,-85,1350,700,9.363848650442492,15.962482505865273,circular
584,1100,700,260.86463670195104,-85,-85,-85,-85,1350,700,25.326331156307766,15.962482505865273,circular
585,1100,700,260.86463670195104,-85,-85,-85,-85,1350,700,41.28881366217304,15.962482505865273,circular
586,1100,700,260.86463670195104,-85,-85,-85,-85,1350,700,57.251296168038316,15.962482505865273,circular
587,1100,700,260.86463670195104,-85,-85,-85,-85,1350,700,73.21377867390359,15.962482505865273,circular
588,1100,700,260.86463670195104,-85,-85,-85,-85,1350,700,89.17626117976886,15.962482505865273,circular
589,1100,700,260.86463670195104,-85,-85,-85,-85,1350,700,105.13874368563413,15.962482505865273,circular
590,1100,700,260.86463670195104,-85,-85,-85,-85,1350,700,121.10122619149939,15.962482505865273,circular
591,1100,700,260.86463670195104,-85,-85,-85,-85,1350,700,137.06370869736466,15.962482505865273,circular
592,1100,700,260.86463670195104,11.505794098357505,17.513155499392102,-85,-85,1350,700,153.02619120322993,15.962482505865273,circular
593,1100,700,260.86463670195104,23.553218972269416,24.1582774269213,-85,-85,1350,700,168.9886737090952,15.962482505865273,circular
594,1100,700,260.86463670195104,25.684904084789974,25.859665714847075,-85,-85,1350,700,184.95115621496046,15.962482505865273,circular
595,1100,700,260.86463670195104,26.053745949214605,25.9816463993744,-85,-85,1350,700,200.91363872082573,15.962482505865273,circular
596,1100,700,260.86463670195104,25.042923900792417,24.646943359767004,-85,-85,1350,700,216.876121226691,15.962482505865273,circular
597,1100,700,260.86463670195104,21.81335663023087,19.914354227256315,-85,-85,1350,700,232.83860373255627,15.962482505865273,circular
598,1100,700,260.86463670195104,-85,-85,-85,-85,1350,700,248.80108623842153,15.962482505865273,circular
599,1100,700,260.86463670195104,-85,-85,-85,-85,1350,700,264.76356874428683,15.962482505865273,circular
600,1100,700,260.86463670195104,-85,-85,-85,-85,1350,700,280.7260512501521,15.962482505865273,circular
601,1100,700,260.86463670195104,-85,-85,-85,-85,1350,700,296.6885337560174,15.962482505865273,circular
602,1100,700,260.86463670195104,-85,-85,-85,-85,1350,700,312.6510162618827,15.962482505865273,circular
603,1100,700,260.86463670195104,-85,-85,-85,-85,1350,700,328.613498767748,15.962482505865273,circular
604,1100,700,260.86463670195104,-85,-85,-85,-85,1350,700,344.5759812736133,15.962482505865273,circular
605,1100,700,260.86463670195104,-85,-85,-85,-85,1350,700,0.5384637794786045,15.962482505865273,circular
606,1100,700,260.86463670195104,-85,-85,-85,-85,1350,700,16.50094628534388,15.962482505865273,circular
607,1100,700,260.86463670195104,-85,-85,-85,-85,1350,700,32.463428791209154,15.962482505865273,circular
608,1100,700,260.86463670195104,-85,-85,-85,-85,1350,700,48.42591129707443,15.962482505865273,circular
609,1100,700,260.86463670195104,-85,-85,-85,-85,1350,700,64.3883938029397,15.962482505865273,circular
610,1100,700,260.86463670195104,-85,-85,-85,-85,1350,700,80.35087630880497,15.962482505865273,circular
611,1100,700,260.86463670195104,-85,-85,-85,-85,1350,700,96.31335881467024,15.962482505865273,circular
612,1100,700,260.86463670195104,-85,-85,-85,-85,1350,700,112.2758413205355,15.962482505865273,circular
613,1100,700,260.86463670195104,-85,-85,-85,-85,1350,700,128.23832382640077,15.962482505865273,circular
614,1100,700,260.86463670195104,-85,-85,-85,-85,1350,700,144.20080633226604,15.962482505865273,circular
615,1100,700,260.86463670195104,20.48098321025059,21.813356630230874,-85,-85,1350,700,160.1632888381313,15.962482505865273,circular
616,1100,700,260.86463670195104,24.78833704083229,25.157178905256924,-85,-85,1350,700,176.12577134399658,15.962482505865273,circular
617,1100,700,260.86463670195104,26.011117049096303,26.067010357935978,-85,-85,1350,700,192.08825384986184,15.962482505865273,circular
618,1100,700,260.86463670195104,25.807460623826316,25.614204328866276,-85,-85,1350,700,208.0507363557271,15.962482505865273,circular
619,1100,700,260.86463670195104,23.97102224645776,23.319699537123853,-85,-85,1350,700,224.01321886159238,15.962482505865273,circular
620,1100,700,260.86463670195104,16.269948115724716,-85,-85,-85,1350,700,239.97570136745765,15.962482505865273,circular
621,1100,700,260.86463670195104,-85,-85,-85,-85,1350,700,255.9381838733229,15.962482505865273,circular
622,1100,700,260.86463670195104,-85,-85,-85,-85,1350,700,271.9006663791882,15.962482505865273,circular
623,1100,700,260.86463670195104,-85,-85,-85,-85,1350,700,287.8631488850535,15.962482505865273,circular
624,1100,700,260.86463670195104,-85,-85,-85,-85,1350,700,303.8256313909188,15.962482505865273,circular
625,1100,700,260.86463670195104,-85,-85,-85,-85,1350,700,319.78811389678407,15.962482505865273,circular
626,1100,700,260.86463670195104,-85,-85,-85,-85,1350,700,335.75059640264936,15.962482505865273,circular
627,1100,700,260.86463670195104,-85,-85,-85,-85,1350,700,351.71307890851466,15.962482505865273,circular
628,1100,700,260.86463670195104,-85,-85,-85,-85,1350,700,7.675561414379956,15.962482505865273,circular
629,1100,700,260.86463670195104,-85,-85,-85,-85,1350,700,23.63804392024523,15.962482505865273,circular
630,1100,700,260.86463670195104,-85,-85,-85,-85,1350,700,39.600526426110505,15.962482505865273,circular
631,1100,700,260.86463670195104,-85,-85,-85,-85,1350,700,55.56300893197578,15.962482505865273,circular
632,1100,700,260.86463670195104,-85,-85,-85,-85,1350,700,71.52549143784105,15.962482505865273,circular
633,1100,700,260.86463670195104,-85,-85,-85,-85,1350,700,87.48797394370632,15.962482505865273,circular
634,1100,700,260.86463670195104,-85,-85,-85,-85,1350,700,103.45045644957159,15.962482505865273,circular
635,1100,700,260.86463670195104,-85,-85,-85,-85,1350,700,119.41293895543686,15.962482505865273,circular
636,1100,700,260.86463670195104,-85,-85,-85,-85,1350,700,135.37542146130212,15.962482505865273,circular
637,1100,700,260.86463670195104,-85,14.513447644213304,-85,-85,1350,700,151.3379039671674,15.962482505865273,circular
638,1100,700,260.86463670195104,23.06730250275713,23.769789312347285,-85,-85,1350,700,167.30038647303266,15.962482505865273,circular
639,1100,700,260.86463670195104,25.536951728381826,25.7492610641292,-85,-85,1350,700,183.26286897889793,15.962482505865273,circular
640,1100,700,260.86463670195104,26.074956048612798,26.035130213615616,-85,-85,1350,700,199.2253514847632,15.962482505865273,circular
641,1100,700,260.86463670195104,25.263344594616918,24.92014212493214,-85,-85,1350,700,215.18783399062846,15.962482505865273,circular
642,1100,700,260.86463670195104,22.170735458799452,20.97742610025735,-85,-85,1350,700,231.15031649649373,15.962482505865273,circular
643,1100,700,260.86463670195104,-85,-85,-85,-85,1350,700,247.112799002359,15.962482505865273,circular
644,1100,700,260.86463670195104,-85,-85,-85,-85,1350,700,263.0752815082243,15.962482505865273,circular
645,1100,700,260.86463670195104,-85,-85,-85,-85,1350,700,279.0377640140896,15.962482505865273,circular
646,1100,700,260.86463670195104,-85,-85,-85,-85,1350,700,295.0002465199549,15.962482505865273,circular
647,1100,700,260.86463670195104,-85,-85,-85,-85,1350,700,310.9627290258202,15.962482505865273,circular
648,1100,700,260.86463670195104,-85,-85,-85,-85,1350,700,326.9252115316855,15.962482505865273,circular
649,1100,700,260.86463670195104,-85,-85,-85,-85,1350,700,342.8876940375508,15.962482505865273,circular
650,1100,700,260.86463670195104,-85,-85,-85,-85,1350,700,358.85017654341607,15.962482505865273,circular
651,1100,700,260.86463670195104,-85,-85,-85,-85,1350,700,14.812659049281365,15.962482505865273,circular
652,1100,700,260.86463670195104,-85,-85,-85,-85,1350,700,30.77514155514664,15.962482505865273,circular
653,1100,700,260.86463670195104,-85,-85,-85,-85,1350,700,46.737624061011914,15.962482505865273,circular
654,1100,700,260.86463670195104,-85,-85,-85,-85,1350,700,62.70010656687719,15.962482505865273,circular
655,1100,700,260.86463670195104,-85,-85,-85,-85,1350,700,78.66258907274246,15.962482505865273,circular
656,1100,700,260.86463670195104,-85,-85,-85,-85,1350,700,94.62507157860773,15.962482505865273,circular
657,1100,700,260.86463670195104,-85,-85,-85,-85,1350,700,110.587554084473,15.962482505865273,circular
658,1100,700,260.86463670195104,-85,-85,-85,-85,1350,700,126.55003659033827,15.962482505865273,circular
659,1100,700,260.86463670195104,-85,-85,-85,-85,1350,700,142.51251909620353,15.962482505865273,circular
660,1100,700,260.86463670195104,19.25639156218217,20.97742610025734,-85,-85,1350,700,158.4750016020688,15.962482505865273,circular
661,1100,700,260.86463670195104,24.495315191602927,24.92014212493214,-85,-85,1350,700,174.43748410793407,15.962482505865273,circular
662,1100,700,260.86463670195104,25.946643644493044,26.035130213615616,-85,-85,1350,700,190.39996661379934,15.962482505865273,circular
663,1100,700,260.86463670195104,25.906018829630398,25.7492610641292,-85,-85,1350,700,206.3624491196646,15.962482505865273,circular
664,1100,700,260.86463670195104,24.332711411139446,23.769789312347285,-85,-85,1350,700,222.32493162552987,15.962482505865273,circular
665,1100,700,260.86463670195104,18.474304759512954,14.513447644213265,-85,-85,1350,700,238.28741413139514,15.962482505865273,circular
666,1100,700,260.86463670195104,-85,-85,-85,-85,1350,700,254.2498966372604,15.962482505865273,circular
667,1100,700,260.86463670195104,-85,-85,-85,-85,1350,700,270.2123791431257,15.962482505865273,circular
668,1100,700,260.86463670195104,-85,-85,-85,-85,1350,700,286.174861648991,15.962482505865273,circular
669,1100,700,260.86463670195104,-85,-85,-85,-85,1350,700,302.1373441548563,15.962482505865273,circular
670,1100,700,260.86463670195104,-85,-85,-85,-85,1350,700,318.0998266607216,15.962482505865273,circular
671,1100,700,260.86463670195104,-85,-85,-85,-85,1350,700,334.0623091665869,15.962482505865273,circular
672,1100,700,260.86463670195104,-85,-85,-85,-85,1350,700,350.0247916724522,15.962482505865273,circular
673,1100,700,260.86463670195104,-85,-85,-85,-85,1350,700,5.987274178317477,15.962482505865273,circular
674,1100,700,260.86463670195104,-85,-85,-85,-85,1350,700,21.949756684182752,15.962482505865273,circular
675,1100,700,260.86463670195104,-85,-85,-85,-85,1350,700,37.91223919004803,15.962482505865273,circular
676,1100,700,260.86463670195104,-85,-85,-85,-85,1350,700,53.8747216959133,15.962482505865273,circular
677,1100,700,260.86463670195104,-85,-85,-85,-85,1350,700,69.83720420177858,15.962482505865273,circular
678,1100,700,260.86463670195104,-85,-85,-85,-85,1350,700,85.79968670764384,15.962482505865273,circular
679,1100,700,260.86463670195104,-85,-85,-85,-85,1350,700,101.76216921350911,15.962482505865273,circular
680,1100,700,260.86463670195104,-85,-85,-85,-85,1350,700,117.72465171937438,15.962482505865273,circular
681,1100,700,260.86463670195104,-85,-85,-85,-85,1350,700,133.68713422523965,15.962482505865273,circular
682,1100,700,260.86463670195104,-85,11.505794098357505,-85,-85,1350,700,149.6496167311049,15.962482505865273,circular
683,1100,700,260.86463670195104,22.496022074683278,23.553218972269416,-85,-85,1350,700,165.61209923697018,15.962482505865273,circular
684,1100,700,260.86463670195104,25.36180729449956,25.614204328866276,-85,-85,1350,700,181.57458174283545,15.962482505865273,circular
685,1100,700,260.86463670195104,26.077602459396946,26.067010357935978,-85,-85,1350,700,197.53706424870072,15.962482505865273,circular
686,1100,700,260.86463670195104,25.452908776355446,25.157178905256924,-85,-85,1350,700,213.49954675456598,15.962482505865273,circular
687,1100,700,260.86463670195104,22.793695368992225,21.81335663023087,-85,-85,1350,700,229.46202926043125,15.962482505865273,circular
688,1100,700,260.86463670195104,-85,-85,-85,-85,1350,700,245.42451176629652,15.962482505865273,circular
689,1100,700,260.86463670195104,-85,-85,-85,-85,1350,700,261.3869942721618,15.962482505865273,circular
690,1100,700,260.86463670195104,-85,-85,-85,-85,1350,700,277.3494767780271,15.962482505865273,circular
691,1100,700,260.86463670195104,-85,-85,-85,-85,1350,700,293.3119592838924,15.962482505865273,circular
692,1100,700,260.86463670195104,-85,-85,-85,-85,1350,700,309.2744417897577,15.962482505865273,circular
693,1100,700,260.86463670195104,-85,-85,-85,-85,1350,700,325.236924295623,15.962482505865273,circular
694,1100,700,260.86463670195104,-85,-85,-85,-85,1350,700,341.1994068014883,15.962482505865273,circular
695,1100,700,260.86463670195104,-85,-85,-85,-85,1350,700,357.1618893073536,15.962482505865273,circular
696,1100,700,260.86463670195104,-85,-85,-85,-85,1350,700,13.124371813218886,15.962482505865273,circular
697,1100,700,260.86463670195104,-85,-85,-85,-85,1350,700,29.08685431908416,15.962482505865273,circular
698,1100,700,260.86463670195104,-85,-85,-85,-85,1350,700,45.049336824949435,15.962482505865273,circular
699,1100,700,260.86463670195104,-85,-85,-85,-85,1350,700,61.01181933081471,15.962482505865273,circular
700,1100,700,260.86463670195104,-85,-85,-85,-85,1350,700,76.97430183667998,15.962482505865273,circular
701,1100,700,260.86463670195104,-85,-85,-85,-85,1350,700,92.93678434254525,15.962482505865273,circular
702,1100,700,260.86463670195104,-85,-85,-85,-85,1350,700,108.89926684841052,15.962482505865273,circular
703,1100,700,260.86463670195104,-85,-85,-85,-85,1350,700,124.86174935427579,15.962482505865273,circular
704,1100,700,260.86463670195104,-85,-85,-85,-85,1350,700,140.82423186014105,15.962482505865273,circular
705,1100,700,260.86463670195104,17.513155499392102,20.48098321025059,-85,-85,1350,700,156.78671436600632,15.962482505865273,circular
706,1100,700,260.86463670195104,24.1582774269213,24.78833704083229,-85,-85,1350,700,172.7491968718716,15.962482505865273,circular
707,1100,700,260.86463670195104,25.859665714847075,26.011117049096303,-85,-85,1350,700,188.71167937773686,15.962482505865273,circular
708,1100,700,260.86463670195104,25.9816463993744,25.807460623826316,-85,-85,1350,700,204.67416188360212,15.962482505865273,circular
709,1100,700,260.86463670195104,24.646943359767004,23.97102224645776,-85,-85,1350,700,220.6366443894674,15.962482505865273,circular
710,1100,700,260.86463670195104,19.914354227256315,16.269948115724716,-85,-85,1350,700,236.59912689533266,15.962482505865273,circular
711,1100,700,260.86463670195104,-85,-85,-85,-85,1350,700,252.56160940119793,15.962482505865273,circular
712,1100,700,260.86463670195104,-85,-85,-85,-85,1350,700,268.5240919070632,15.962482505865273,circular
713,1100,700,260.86463670195104,-85,-85,-85,-85,1350,700,284.4865744129285,15.962482505865273,circular
714,1100,700,260.86463670195104,-85,-85,-85,-85,1350,700,300.4490569187938,15.962482505865273,circular
715,1100,700,260.86463670195104,-85,-85,-85,-85,1350,700,316.4115394246591,15.962482505865273,circular
716,1100,700,260.86463670195104,-85,-85,-85,-85,1350,700,332.3740219305244,15.962482505865273,circular
717,1100,700,260.86463670195104,-85,-85,-85,-85,1350,700,348.3365044363897,15.962482505865273,circular
718,1100,700,260.86463670195104,-85,-85,-85,-85,1350,700,4.298986942254999,15.962482505865273,circular
719,1100,700,260.86463670195104,-85,-85,-85,-85,1350,700,20.261469448120273,15.962482505865273,circular
720,1100,700,260.86463670195104,-85,-85,-85,-85,1350,700,36.22395195398555,15.962482505865273,circular
721,1100,700,260.86463670195104,-85,-85,-85,-85,1350,700,52.18643445985082,15.962482505865273,circular
722,1100,700,260.86463670195104,-85,-85,-85,-85,1350,700,68.1489169657161,15.962482505865273,circular
723,1100,700,260.86463670195104,-85,-85,-85,-85,1350,700,84.11139947158136,15.962482505865273,circular
724,1100,700,260.86463670195104,-85,-85,-85,-85,1350,700,100.07388197744663,15.962482505865273,circular
725,1100,700,260.86463670195104,-85,-85,-85,-85,1350,700,116.0363644833119,15.962482505865273,circular
726,1100,700,260.86463670195104,-85,-85,-85,-85,1350,700,131.99884698917717,15.962482505865273,circular
727,1100,700,260.86463670195104,-85,-85,-85,-85,1350,700,147.96132949504243,15.962482505865273,circular
728,1100,700,260.86463670195104,22.170735458799452,23.06730250275713,-85,-85,1350,700,163.9238120009077,15.962482505865273,circular
729,1100,700,260.86463670195104,25.26334459461691,25.536951728381826,-85,-85,1350,700,179.88629450677297,15.962482505865273,circular
730,1100,700,260.86463670195104,26.067010357935978,26.074956048612798,-85,-85,1350,700,195.84877701263824,15.962482505865273,circular
731,1100,700,260.86463670195104,25.614204328866276,25.263344594616918,-85,-85,1350,700,211.8112595185035,15.962482505865273,circular
732,1100,700,260.86463670195104,23.319699537123853,22.170735458799452,-85,-85,1350,700,227.77374202436877,15.962482505865273,circular
733,1100,700,260.86463670195104,-85,-85,-85,-85,1350,700,243.73622453023404,15.962482505865273,circular
734,1100,700,260.86463670195104,-85,-85,-85,-85,1350,700,259.69870703609934,15.962482505865273,circular
735,1100,700,260.86463670195104,-85,-85,-85,-85,1350,700,275.66118954196463,15.962482505865273,circular
736,1100,700,260.86463670195104,-85,-85,-85,-85,1350,700,291.6236720478299,15.962482505865273,circular
737,1100,700,260.86463670195104,-85,-85,-85,-85,1350,700,307.5861545536952,15.962482505865273,circular
738,1100,700,260.86463670195104,-85,-85,-85,-85,1350,700,323.5486370595605,15.962482505865273,circular
739,1100,700,260.86463670195104,-85,-85,-85,-85,1350,700,339.5111195654258,15.962482505865273,circular
740,1100,700,260.86463670195104,-85,-85,-85,-85,1350,700,355.4736020712911,15.962482505865273,circular
741,1100,700,260.86463670195104,-85,-85,-85,-85,1350,700,11.436084577156407,15.962482505865273,circular
742,1100,700,260.86463670195104,-85,-85,-85,-85,1350,700,27.398567083021682,15.962482505865273,circular
743,1100,700,260.86463670195104,-85,-85,-85,-85,1350,700,43.36104958888696,15.962482505865273,circular
744,1100,700,260.86463670195104,-85,-85,-85,-85,1350,700,59.32353209475223,15.962482505865273,circular
745,1100,700,260.86463670195104,-85,-85,-85,-85,1350,700,75.2860146006175,15.962482505865273,circular
746,1100,700,260.86463670195104,-85,-85,-85,-85,1350,700,91.24849710648277,15.962482505865273,circular
747,1100,700,260.86463670195104,-85,-85,-85,-85,1350,700,107.21097961234804,15.962482505865273,circular
748,1100,700,260.86463670195104,-85,-85,-85,-85,1350,700,123.17346211821331,15.962482505865273,circular
749,1100,700,260.86463670195104,-85,-85,-85,-85,1350,700,139.13594462407858,15.962482505865273,circular
750,1100,700,260.86463670195104,16.269948115724727,19.25639156218217,-85,-85,1350,700,155.09842712994384,15.962482505865273,circular
751,1100,700,260.86463670195104,23.971022246457757,24.495315191602927,-85,-85,1350,700,171.0609096358091,15.962482505865273,circular
752,1100,700,260.86463670195104,25.80746062382631,25.946643644493044,-85,-85,1350,700,187.02339214167438,15.962482505865273,circular
753,1100,700,260.86463670195104,26.011117049096303,25.906018829630398,-85,-85,1350,700,202.98587464753965,15.962482505865273,circular
754,1100,700,260.86463670195104,24.788337040832293,24.332711411139446,-85,-85,1350,700,218.9483571534049,15.962482505865273,circular
755,1100,700,260.86463670195104,20.48098321025059,18.474304759512954,-85,-85,1350,700,234.91083965927018,15.962482505865273,circular
756,1100,700,260.86463670195104,-85,-85,-85,-85,1350,700,250.87332216513545,15.962482505865273,circular
757,1100,700,260.86463670195104,-85,-85,-85,-85,1350,700,266.83580467100074,15.962482505865273,circular
758,1100,700,260.86463670195104,-85,-85,-85,-85,1350,700,282.79828717686604,15.962482505865273,circular
759,1100,700,260.86463670195104,-85,-85,-85,-85,1350,700,298.76076968273134,15.962482505865273,circular
760,1100,700,260.86463670195104,-85,-85,-85,-85,1350,700,314.72325218859663,15.962482505865273,circular
761,1100,700,260.86463670195104,-85,-85,-85,-85,1350,700,330.6857346944619,15.962482505865273,circular
762,1100,700,260.86463670195104,-85,-85,-85,-85,1350,700,346.6482172003272,15.962482505865273,circular
763,1100,700,260.86463670195104,-85,-85,-85,-85,1350,700,2.61069970619252,15.962482505865273,circular
764,1100,700,260.86463670195104,-85,-85,-85,-85,1350,700,18.573182212057795,15.962482505865273,circular
765,1100,700,260.86463670195104,-85,-85,-85,-85,1350,700,34.53566471792307,15.962482505865273,circular
766,1100,700,260.86463670195104,-85,-85,-85,-85,1350,700,50.498147223788344,15.962482505865273,circular
767,1100,700,260.86463670195104,-85,-85,-85,-85,1350,700,66.46062972965362,15.962482505865273,circular
768,1100,700,260.86463670195104,-85,-85,-85,-85,1350,700,82.42311223551889,15.962482505865273,circular
769,1100,700,260.86463670195104,-85,-85,-85,-85,1350,700,98.38559474138415,15.962482505865273,circular
770,1100,700,260.86463670195104,-85,-85,-85,-85,1350,700,114.34807724724942,15.962482505865273,circular
771,1100,700,260.86463670195104,-85,-85,-85,-85,1350,700,130.3105597531147,15.962482505865273,circular
772,1100,700,260.86463670195104,-85,-85,-85,-85,1350,700,146.27304225897996,15.962482505865273,circular
773,1100,700,260.86463670195104,21.41811930585211,22.496022074683278,-85,-85,1350,700,162.23552476484522,15.962482505865273,circular
774,1100,700,260.86463670195104,25.042923900792417,25.36180729449956,-85,-85,1350,700,178.1980072707105,15.962482505865273,circular
775,1100,700,260.86463670195104,26.053745949214605,26.077602459396946,-85,-85,1350,700,194.16048977657576,15.962482505865273,circular
776,1100,700,260.86463670195104,25.684904084789977,25.452908776355446,-85,-85,1350,700,210.12297228244103,15.962482505865273,circular
777,1100,700,260.86463670195104,23.553218972269416,22.793695368992225,-85,-85,1350,700,226.0854547883063,15.962482505865273,circular
778,1100,700,260.86463670195104,11.50579409835762,-85,-85,-85,1350,700,242.04793729417156,15.962482505865273,circular
779,1100,700,260.86463670195104,-85,-85,-85,-85,1350,700,258.01041980003686,15.962482505865273,circular
780,1100,700,260.86463670195104,-85,-85,-85,-85,1350,700,273.97290230590215,15.962482505865273,circular
781,1100,700,260.86463670195104,-85,-85,-85,-85,1350,700,289.93538481176745,15.962482505865273,circular
782,1100,700,260.86463670195104,-85,-85,-85,-85,1350,700,305.89786731763274,15.962482505865273,circular
783,1100,700,260.86463670195104,-85,-85,-85,-85,1350,700,321.86034982349804,15.962482505865273,circular
784,1100,700,260.86463670195104,-85,-85,-85,-85,1350,700,337.82283232936334,15.962482505865273,circular
785,1100,700,260.86463670195104,-85,-85,-85,-85,1350,700,353.78531483522863,15.962482505865273,circular
786,1100,700,260.86463670195104,-85,-85,-85,-85,1350,700,9.747797341093928,15.962482505865273,circular
787,1100,700,260.86463670195104,-85,-85,-85,-85,1350,700,25.710279846959203,15.962482505865273,circular
788,1100,700,260.86463670195104,-85,-85,-85,-85,1350,700,41.67276235282448,15.962482505865273,circular
789,1100,700,260.86463670195104,-85,-85,-85,-85,1350,700,57.63524485868975,15.962482505865273,circular
790,1100,700,260.86463670195104,-85,-85,-85,-85,1350,700,73.59772736455503,15.962482505865273,circular
791,1100,700,260.86463670195104,-85,-85,-85,-85,1350,700,89.5602098704203,15.962482505865273,circular
792,1100,700,260.86463670195104,-85,-85,-85,-85,1350,700,105.52269237628556,15.962482505865273,circular
793,1100,700,260.86463670195104,-85,-85,-85,-85,1350,700,121.48517488215083,15.962482505865273,circular
794,1100,700,260.86463670195104,-85,-85,-85,-85,1350,700,137.4476573880161,15.962482505865273,circular
795,1100,700,260.86463670195104,11.505794098357505,17.513155499392102,-85,-85,1350,700,153.41013989388136,15.962482505865273,circular
796,1100,700,260.86463670195104,23.553218972269416,24.1582774269213,-85,-85,1350,700,169.37262239974663,15.962482505865273,circular
797,1100,700,260.86463670195104,25.684904084789974,25.859665714847075,-85,-85,1350,700,185.3351049056119,15.962482505865273,circular
798,1100,700,260.86463670195104,26.053745949214605,25.9816463993744,-85,-85,1350,700,201.29758741147717,15.962482505865273,circular
799,1100,700,260.86463670195104,25.042923900792417,24.646943359767004,-85,-85,1350,700,217.26006991734243,15.962482505865273,circular
800,1100,700,260.86463670195104,21.418119305852123,19.914354227256315,-85,-85,1350,700,233.2225524232077,15.962482505865273,circular
801,1100,700,260.86463670195104,-85,-85,-85,-85,1350,700,249.18503492907297,15.962482505865273,circular
802,1100,700,260.86463670195104,-85,-85,-85,-85,1350,700,265.14751743493827,15.962482505865273,circular
803,1100,700,260.86463670195104,-85,-85,-85,-85,1350,700,281.10999994080356,15.962482505865273,circular
804,1100,700,260.86463670195104,-85,-85,-85,-85,1350,700,297.07248244666886,15.962482505865273,circular
805,1100,700,260.86463670195104,-85,-85,-85,-85,1350,700,313.03496495253415,15.962482505865273,circular
806,1100,700,260.86463670195104,-85,-85,-85,-85,1350,700,328.99744745839945,15.962482505865273,circular
807,1100,700,260.86463670195104,-85,-85,-85,-85,1350,700,344.95992996426475,15.962482505865273,circular
808,1100,700,260.86463670195104,-85,-85,-85,-85,1350,700,0.9224124701300411,15.962482505865273,circular
809,1100,700,260.86463670195104,-85,-85,-85,-85,1350,700,16.884894975995316,15.962482505865273,circular
810,1100,700,260.86463670195104,-85,-85,-85,-85,1350,700,32.84737748186059,15.962482505865273,circular
811,1100,700,260.86463670195104,-85,-85,-85,-85,1350,700,48.809859987725865,15.962482505865273,circular
812,1100,700,260.86463670195104,-85,-85,-85,-85,1350,700,64.77234249359114,15.962482505865273,circular
813,1100,700,260.86463670195104,-85,-85,-85,-85,1350,700,80.73482499945641,15.962482505865273,circular
814,1100,700,260.86463670195104,-85,-85,-85,-85,1350,700,96.69730750532167,15.962482505865273,circular
815,1100,700,260.86463670195104,-85,-85,-85,-85,1350,700,112.65979001118694,15.962482505865273,circular
816,1100,700,260.86463670195104,-85,-85,-85,-85,1350,700,128.6222725170522,15.962482505865273,circular
817,1100,700,260.86463670195104,-85,-85,-85,-85,1350,700,144.58475502291748,15.962482505865273,circular
818,1100,700,260.86463670195104,20.48098321025059,21.813356630230874,-85,-85,1350,700,160.54723752878274,15.962482505865273,circular
819,1100,700,260.86463670195104,24.78833704083229,25.157178905256924,-85,-85,1350,700,176.509720034648,15.962482505865273,circular
820,1100,700,260.86463670195104,26.011117049096303,26.067010357935978,-85,-85,1350,700,192.47220254051328,15.962482505865273,circular
821,1100,700,260.86463670195104,25.807460623826316,25.614204328866276,-85,-85,1350,700,208.43468504637855,15.962482505865273,circular
822,1100,700,260.86463670195104,23.97102224645776,23.319699537123853,-85,-85,1350,700,224.39716755224381,15.962482505865273,circular
823,1100,700,260.86463670195104,16.269948115724716,-85,-85,-85,1350,700,240.35965005810908,15.962482505865273,circular
824,1100,700,260.86463670195104,-85,-85,-85,-85,1350,700,256.3221325639744,15.962482505865273,circular
825,1100,700,260.86463670195104,-85,-85,-85,-85,1350,700,272.2846150698397,15.962482505865273,circular
826,1100,700,260.86463670195104,-85,-85,-85,-85,1350,700,288.24709757570497,15.962482505865273,circular
827,1100,700,260.86463670195104,-85,-85,-85,-85,1350,700,304.20958008157027,15.962482505865273,circular
828,1100,700,260.86463670195104,-85,-85,-85,-85,1350,700,320.17206258743556,15.962482505865273,circular
829,1100,700,260.86463670195104,-85,-85,-85,-85,1350,700,336.13454509330086,15.962482505865273,circular
830,1100,700,260.86463670195104,-85,-85,-85,-85,1350,700,352.09702759916615,15.962482505865273,circular
831,1100,700,260.86463670195104,-85,-85,-85,-85,1350,700,8.05951010503145,15.962482505865273,circular
832,1100,700,260.86463670195104,-85,-85,-85,-85,1350,700,24.021992610896724,15.962482505865273,circular
833,1100,700,260.86463670195104,-85,-85,-85,-85,1350,700,39.984475116762,15.962482505865273,circular
834,1100,700,260.86463670195104,-85,-85,-85,-85,1350,700,55.946957622627274,15.962482505865273,circular
835,1100,700,260.86463670195104,-85,-85,-85,-85,1350,700,71.90944012849255,15.962482505865273,circular
836,1100,700,260.86463670195104,-85,-85,-85,-85,1350,700,87.87192263435782,15.962482505865273,circular
837,1100,700,260.86463670195104,-85,-85,-85,-85,1350,700,103.83440514022308,15.962482505865273,circular
838,1100,700,260.86463670195104,-85,-85,-85,-85,1350,700,119.79688764608835,15.962482505865273,circular
839,1100,700,260.86463670195104,-85,-85,-85,-85,1350,700,135.75937015195362,15.962482505865273,circular
840,1100,700,260.86463670195104,-85,16.269948115724727,-85,-85,1350,700,151.72185265781889,15.962482505865273,circular
841,1100,700,260.86463670195104,23.06730250275713,23.971022246457757,-85,-85,1350,700,167.68433516368415,15.962482505865273,circular
842,1100,700,260.86463670195104,25.536951728381826,25.80746062382631,-85,-85,1350,700,183.64681766954942,15.962482505865273,circular
843,1100,700,260.86463670195104,26.074956048612798,26.011117049096303,-85,-85,1350,700,199.6093001754147,15.962482505865273,circular
844,1100,700,260.86463670195104,25.263344594616918,24.92014212493214,-85,-85,1350,700,215.57178268127996,15.962482505865273,circular
845,1100,700,260.86463670195104,22.170735458799452,20.97742610025735,-85,-85,1350,700,231.53426518714522,15.962482505865273,circular
846,1100,700,260.86463670195104,-85,-85,-85,-85,1350,700,247.4967476930105,15.962482505865273,circular
847,1100,700,260.86463670195104,-85,-85,-85,-85,1350,700,263.4592301988758,15.962482505865273,circular
848,1100,700,260.86463670195104,-85,-85,-85,-85,1350,700,279.4217127047411,15.962482505865273,circular
849,1100,700,260.86463670195104,-85,-85,-85,-85,1350,700,295.3841952106064,15.962482505865273,circular
850,1100,700,260.86463670195104,-85,-85,-85,-85,1350,700,311.3466777164717,15.962482505865273,circular
851,1100,700,260.86463670195104,-85,-85,-85,-85,1350,700,327.30916022233697,15.962482505865273,circular
852,1100,700,260.86463670195104,-85,-85,-85,-85,1350,700,343.27164272820227,15.962482505865273,circular
853,1100,700,260.86463670195104,-85,-85,-85,-85,1350,700,359.23412523406756,15.962482505865273,circular
854,1100,700,260.86463670195104,-85,-85,-85,-85,1350,700,15.196607739932858,15.962482505865273,circular
855,1100,700,260.86463670195104,-85,-85,-85,-85,1350,700,31.159090245798133,15.962482505865273,circular
856,1100,700,260.86463670195104,-85,-85,-85,-85,1350,700,47.12157275166341,15.962482505865273,circular
857,1100,700,260.86463670195104,-85,-85,-85,-85,1350,700,63.08405525752868,15.962482505865273,circular
858,1100,700,260.86463670195104,-85,-85,-85,-85,1350,700,79.04653776339396,15.962482505865273,circular
859,1100,700,260.86463670195104,-85,-85,-85,-85,1350,700,95.00902026925922,15.962482505865273,circular
860,1100,700,260.86463670195104,-85,-85,-85,-85,1350,700,110.97150277512449,15.962482505865273,circular
861,1100,700,260.86463670195104,-85,-85,-85,-85,1350,700,126.93398528098976,15.962482505865273,circular
862,1100,700,260.86463670195104,-85,-85,-85,-85,1350,700,142.89646778685503,15.962482505865273,circular
863,1100,700,260.86463670195104,19.25639156218217,21.41811930585211,-85,-85,1350,700,158.8589502927203,15.962482505865273,circular
864,1100,700,260.86463670195104,24.495315191602927,25.042923900792417,-85,-85,1350,700,174.82143279858556,15.962482505865273,circular
865,1100,700,260.86463670195104,25.946643644493044,26.053745949214605,-85,-85,1350,700,190.78391530445083,15.962482505865273,circular
866,1100,700,260.86463670195104,25.906018829630398,25.684904084789977,-85,-85,1350,700,206.7463978103161,15.962482505865273,circular
867,1100,700,260.86463670195104,24.332711411139446,23.553218972269416,-85,-85,1350,700,222.70888031618136,15.962482505865273,circular
868,1100,700,260.86463670195104,18.474304759512954,11.50579409835762,-85,-85,1350,700,238.67136282204663,15.962482505865273,circular
869,1100,700,260.86463670195104,-85,-85,-85,-85,1350,700,254.6338453279119,15.962482505865273,circular
870,1100,700,260.86463670195104,-85,-85,-85,-85,1350,700,270.5963278337772,15.962482505865273,circular
871,1100,700,260.86463670195104,-85,-85,-85,-85,1350,700,286.5588103396425,15.962482505865273,circular
872,1100,700,260.86463670195104,-85,-85,-85,-85,1350,700,302.5212928455078,15.962482505865273,circular
873,1100,700,260.86463670195104,-85,-85,-85,-85,1350,700,318.4837753513731,15.962482505865273,circular
874,1100,700,260.86463670195104,-85,-85,-85,-85,1350,700,334.4462578572384,15.962482505865273,circular
875,1100,700,260.86463670195104,-85,-85,-85,-85,1350,700,350.4087403631037,15.962482505865273,circular
876,1100,700,260.86463670195104,-85,-85,-85,-85,1350,700,6.371222868968971,15.962482505865273,circular
877,1100,700,260.86463670195104,-85,-85,-85,-85,1350,700,22.333705374834246,15.962482505865273,circular
878,1100,700,260.86463670195104,-85,-85,-85,-85,1350,700,38.29618788069952,15.962482505865273,circular
879,1100,700,260.86463670195104,-85,-85,-85,-85,1350,700,54.258670386564795,15.962482505865273,circular
880,1100,700,260.86463670195104,-85,-85,-85,-85,1350,700,70.22115289243007,15.962482505865273,circular
881,1100,700,260.86463670195104,-85,-85,-85,-85,1350,700,86.18363539829534,15.962482505865273,circular
882,1100,700,260.86463670195104,-85,-85,-85,-85,1350,700,102.1461179041606,15.962482505865273,circular
883,1100,700,260.86463670195104,-85,-85,-85,-85,1350,700,118.10860041002587,15.962482505865273,circular
884,1100,700,260.86463670195104,-85,-85,-85,-85,1350,700,134.07108291589114,15.962482505865273,circular
885,1100,700,260.86463670195104,-85,11.505794098357505,-85,-85,1350,700,150.0335654217564,15.962482505865273,circular
886,1100,700,260.86463670195104,22.793695368992218,23.553218972269416,-85,-85,1350,700,165.99604792762167,15.962482505865273,circular
887,1100,700,260.86463670195104,25.452908776355446,25.684904084789974,-85,-85,1350,700,181.95853043348694,15.962482505865273,circular
888,1100,700,260.86463670195104,26.077602459396946,26.053745949214605,-85,-85,1350,700,197.9210129393522,15.962482505865273,circular
889,1100,700,260.86463670195104,25.361807294499556,25.042923900792417,-85,-85,1350,700,213.88349544521748,15.962482505865273,circular
890,1100,700,260.86463670195104,22.793695368992225,21.418119305852123,-85,-85,1350,700,229.84597795108274,15.962482505865273,circular
891,1100,700,260.86463670195104,-85,-85,-85,-85,1350,700,245.808460456948,15.962482505865273,circular
892,1100,700,260.86463670195104,-85,-85,-85,-85,1350,700,261.7709429628133,15.962482505865273,circular
893,1100,700,260.86463670195104,-85,-85,-85,-85,1350,700,277.7334254686786,15.962482505865273,circular
894,1100,700,260.86463670195104,-85,-85,-85,-85,1350,700,293.6959079745439,15.962482505865273,circular
895,1100,700,260.86463670195104,-85,-85,-85,-85,1350,700,309.6583904804092,15.962482505865273,circular
896,1100,700,260.86463670195104,-85,-85,-85,-85,1350,700,325.6208729862745,15.962482505865273,circular
897,1100,700,260.86463670195104,-85,-85,-85,-85,1350,700,341.5833554921398,15.962482505865273,circular
898,1100,700,260.86463670195104,-85,-85,-85,-85,1350,700,357.5458379980051,15.962482505865273,circular
899,1100,700,260.86463670195104,-85,-85,-85,-85,1350,700,13.50832050387038,15.962482505865273,circular
900,1100,700,260.86463670195104,-85,-85,-85,-85,1350,700,29.470803009735654,15.962482505865273,circular
901,1100,700,260.86463670195104,-85,-85,-85,-85,1350,700,45.43328551560093,15.962482505865273,circular
902,1100,700,260.86463670195104,-85,-85,-85,-85,1350,700,61.3957680214662,15.962482505865273,circular
903,1100,700,260.86463670195104,-85,-85,-85,-85,1350,700,77.35825052733148,15.962482505865273,circular
904,1100,700,260.86463670195104,-85,-85,-85,-85,1350,700,93.32073303319675,15.962482505865273,circular
905,1100,700,260.86463670195104,-85,-85,-85,-85,1350,700,109.28321553906201,15.962482505865273,circular
906,1100,700,260.86463670195104,-85,-85,-85,-85,1350,700,125.24569804492728,15.962482505865273,circular
907,1100,700,260.86463670195104,-85,-85,-85,-85,1350,700,141.20818055079255,15.962482505865273,circular
908,1100,700,260.86463670195104,18.47430475951294,20.48098321025059,-85,-85,1350,700,157.17066305665782,15.962482505865273,circular
909,1100,700,260.86463670195104,24.33271141113945,24.78833704083229,-85,-85,1350,700,173.13314556252308,15.962482505865273,circular
910,1100,700,260.86463670195104,25.906018829630398,26.011117049096303,-85,-85,1350,700,189.09562806838835,15.962482505865273,circular
911,1100,700,260.86463670195104,25.946643644493044,25.807460623826316,-85,-85,1350,700,205.05811057425362,15.962482505865273,circular
912,1100,700,260.86463670195104,24.495315191602927,23.97102224645776,-85,-85,1350,700,221.02059308011889,15.962482505865273,circular
913,1100,700,260.86463670195104,19.25639156218219,16.269948115724716,-85,-85,1350,700,236.98307558598415,15.962482505865273,circular
914,1100,700,260.86463670195104,-85,-85,-85,-85,1350,700,252.94555809184942,15.962482505865273,circular
915,1100,700,260.86463670195104,-85,-85,-85,-85,1350,700,268.9080405977147,15.962482505865273,circular
916,1100,700,260.86463670195104,-85,-85,-85,-85,1350,700,284.87052310358,15.962482505865273,circular
917,1100,700,260.86463670195104,-85,-85,-85,-85,1350,700,300.8330056094453,15.962482505865273,circular
918,1100,700,260.86463670195104,-85,-85,-85,-85,1350,700,316.7954881153106,15.962482505865273,circular
919,1100,700,260.86463670195104,-85,-85,-85,-85,1350,700,332.7579706211759,15.962482505865273,circular
920,1100,700,260.86463670195104,-85,-85,-85,-85,1350,700,348.7204531270412,15.962482505865273,circular
921,1100,700,260.86463670195104,-85,-85,-85,-85,1350,700,4.682935632906492,15.962482505865273,circular
922,1100,700,260.86463670195104,-85,-85,-85,-85,1350,700,20.645418138771767,15.962482505865273,circular
923,1100,700,260.86463670195104,-85,-85,-85,-85,1350,700,36.60790064463704,15.962482505865273,circular
924,1100,700,260.86463670195104,-85,-85,-85,-85,1350,700,52.570383150502316,15.962482505865273,circular
925,1100,700,260.86463670195104,-85,-85,-85,-85,1350,700,68.53286565636759,15.962482505865273,circular
926,1100,700,260.86463670195104,-85,-85,-85,-85,1350,700,84.49534816223286,15.962482505865273,circular
927,1100,700,260.86463670195104,-85,-85,-85,-85,1350,700,100.45783066809813,15.962482505865273,circular
928,1100,700,260.86463670195104,-85,-85,-85,-85,1350,700,116.4203131739634,15.962482505865273,circular
929,1100,700,260.86463670195104,-85,-85,-85,-85,1350,700,132.38279567982866,15.962482505865273,circular
930,1100,700,260.86463670195104,-85,-85,-85,-85,1350,700,148.34527818569393,15.962482505865273,circular
931,1100,700,260.86463670195104,22.170735458799452,23.06730250275713,-85,-85,1350,700,164.3077606915592,15.962482505865273,circular
932,1100,700,260.86463670195104,25.26334459461691,25.536951728381826,-85,-85,1350,700,180.27024319742446,15.962482505865273,circular
933,1100,700,260.86463670195104,26.074956048612798,26.074956048612798,-85,-85,1350,700,196.23272570328973,15.962482505865273,circular
934,1100,700,260.86463670195104,25.536951728381826,25.263344594616918,-85,-85,1350,700,212.195208209155,15.962482505865273,circular
935,1100,700,260.86463670195104,23.067302502757133,22.170735458799452,-85,-85,1350,700,228.15769071502027,15.962482505865273,circular
936,1100,700,260.86463670195104,-85,-85,-85,-85,1350,700,244.12017322088553,15.962482505865273,circular
937,1100,700,260.86463670195104,-85,-85,-85,-85,1350,700,260.08265572675083,15.962482505865273,circular
938,1100,700,260.86463670195104,-85,-85,-85,-85,1350,700,276.0451382326161,15.962482505865273,circular
939,1100,700,260.86463670195104,-85,-85,-85,-85,1350,700,292.0076207384814,15.962482505865273,circular
940,1100,700,260.86463670195104,-85,-85,-85,-85,1350,700,307.9701032443467,15.962482505865273,circular
941,1100,700,260.86463670195104,-85,-85,-85,-85,1350,700,323.932585750212,15.962482505865273,circular
942,1100,700,260.86463670195104,-85,-85,-85,-85,1350,700,339.8950682560773,15.962482505865273,circular
943,1100,700,260.86463670195104,-85,-85,-85,-85,1350,700,355.8575507619426,15.962482505865273,circular
944,1100,700,260.86463670195104,-85,-85,-85,-85,1350,700,11.8200332678079,15.962482505865273,circular
945,1100,700,260.86463670195104,-85,-85,-85,-85,1350,700,27.782515773673175,15.962482505865273,circular
946,1100,700,260.86463670195104,-85,-85,-85,-85,1350,700,43.74499827953845,15.962482505865273,circular
947,1100,700,260.86463670195104,-85,-85,-85,-85,1350,700,59.707480785403725,15.962482505865273,circular
948,1100,700,260.86463670195104,-85,-85,-85,-85,1350,700,75.669963291269,15.962482505865273,circular
949,1100,700,260.86463670195104,-85,-85,-85,-85,1350,700,91.63244579713427,15.962482505865273,circular
950,1100,700,260.86463670195104,-85,-85,-85,-85,1350,700,107.59492830299953,15.962482505865273,circular
951,1100,700,260.86463670195104,-85,-85,-85,-85,1350,700,123.5574108088648,15.962482505865273,circular
952,1100,700,260.86463670195104,-85,-85,-85,-85,1350,700,139.51989331473007,15.962482505865273,circular
953,1100,700,260.86463670195104,16.269948115724727,19.25639156218217,-85,-85,1350,700,155.48237582059534,15.962482505865273,circular
954,1100,700,260.86463670195104,23.971022246457757,24.495315191602927,-85,-85,1350,700,171.4448583264606,15.962482505865273,circular
955,1100,700,260.86463670195104,25.80746062382631,25.946643644493044,-85,-85,1350,700,187.40734083232587,15.962482505865273,circular
956,1100,700,260.86463670195104,26.011117049096303,25.906018829630398,-85,-85,1350,700,203.36982333819114,15.962482505865273,circular
957,1100,700,260.86463670195104,24.788337040832293,24.332711411139446,-85,-85,1350,700,219.3323058440564,15.962482505865273,circular
958,1100,700,260.86463670195104,20.48098321025059,18.474304759512954,-85,-85,1350,700,235.29478834992167,15.962482505865273,circular
959,1100,700,260.86463670195104,-85,-85,-85,-85,1350,700,251.25727085578694,15.962482505865273,circular
960,1100,700,260.86463670195104,-85,-85,-85,-85,1350,700,267.21975336165224,15.962482505865273,circular
961,1100,700,260.86463670195104,-85,-85,-85,-85,1350,700,283.18223586751753,15.962482505865273,circular
962,1100,700,260.86463670195104,-85,-85,-85,-85,1350,700,299.14471837338283,15.962482505865273,circular
963,1100,700,260.86463670195104,-85,-85,-85,-85,1350,700,315.1072008792481,15.962482505865273,circular
964,1100,700,260.86463670195104,-85,-85,-85,-85,1350,700,331.0696833851134,15.962482505865273,circular
965,1100,700,260.86463670195104,-85,-85,-85,-85,1350,700,347.0321658909787,15.962482505865273,circular
966,1100,700,260.86463670195104,-85,-85,-85,-85,1350,700,2.9946483968440134,15.962482505865273,circular
967,1100,700,260.86463670195104,-85,-85,-85,-85,1350,700,18.957130902709288,15.962482505865273,circular
968,1100,700,260.86463670195104,-85,-85,-85,-85,1350,700,34.91961340857456,15.962482505865273,circular
969,1100,700,260.86463670195104,-85,-85,-85,-85,1350,700,50.88209591443984,15.962482505865273,circular
970,1100,700,260.86463670195104,-85,-85,-85,-85,1350,700,66.84457842030511,15.962482505865273,circular
971,1100,700,260.86463670195104,-85,-85,-85,-85,1350,700,82.80706092617038,15.962482505865273,circular
972,1100,700,260.86463670195104,-85,-85,-85,-85,1350,700,98.76954343203565,15.962482505865273,circular
973,1100,700,260.86463670195104,-85,-85,-85,-85,1350,700,114.73202593790091,15.962482505865273,circular
974,1100,700,260.86463670195104,-85,-85,-85,-85,1350,700,130.69450844376618,15.962482505865273,circular
975,1100,700,260.86463670195104,-85,-85,-85,-85,1350,700,146.65699094963145,15.962482505865273,circular
976,1100,700,260.86463670195104,21.41811930585211,22.793695368992218,-85,-85,1350,700,162.61947345549672,15.962482505865273,circular
977,1100,700,260.86463670195104,25.042923900792417,25.452908776355446,-85,-85,1350,700,178.58195596136198,15.962482505865273,circular
978,1100,700,260.86463670195104,26.053745949214605,26.077602459396946,-85,-85,1350,700,194.54443846722725,15.962482505865273,circular
979,1100,700,260.86463670195104,25.684904084789977,25.452908776355446,-85,-85,1350,700,210.50692097309252,15.962482505865273,circular
980,1100,700,260.86463670195104,23.553218972269416,22.793695368992225,-85,-85,1350,700,226.4694034789578,15.962482505865273,circular
981,1100,700,260.86463670195104,11.50579409835762,-85,-85,-85,1350,700,242.43188598482305,15.962482505865273,circular
982,1100,700,260.86463670195104,-85,-85,-85,-85,1350,700,258.39436849068835,15.962482505865273,circular
983,1100,700,260.86463670195104,-85,-85,-85,-85,1350,700,274.35685099655365,15.962482505865273,circular
984,1100,700,260.86463670195104,-85,-85,-85,-85,1350,700,290.31933350241894,15.962482505865273,circular
985,1100,700,260.86463670195104,-85,-85,-85,-85,1350,700,306.28181600828424,15.962482505865273,circular
986,1100,700,260.86463670195104,-85,-85,-85,-85,1350,700,322.24429851414953,15.962482505865273,circular
987,1100,700,260.86463670195104,-85,-85,-85,-85,1350,700,338.20678102001483,15.962482505865273,circular
988,1100,700,260.86463670195104,-85,-85,-85,-85,1350,700,354.1692635258801,15.962482505865273,circular
989,1100,700,260.86463670195104,-85,-85,-85,-85,1350,700,10.131746031745422,15.962482505865273,circular
990,1100,700,260.86463670195104,-85,-85,-85,-85,1350,700,26.094228537610697,15.962482505865273,circular
991,1100,700,260.86463670195104,-85,-85,-85,-85,1350,700,42.05671104347597,15.962482505865273,circular
992,1100,700,260.86463670195104,-85,-85,-85,-85,1350,700,58.019193549341246,15.962482505865273,circular
993,1100,700,260.86463670195104,-85,-85,-85,-85,1350,700,73.98167605520652,15.962482505865273,circular
994,1100,700,260.86463670195104,-85,-85,-85,-85,1350,700,89.94415856107179,15.962482505865273,circular
995,1100,700,260.86463670195104,-85,-85,-85,-85,1350,700,105.90664106693706,15.962482505865273,circular
996,1100,700,260.86463670195104,-85,-85,-85,-85,1350,700,121.86912357280232,15.962482505865273,circular
997,1100,700,260.86463670195104,-85,-85,-85,-85,1350,700,137.8316060786676,15.962482505865273,circular
998,1100,700,260.86463670195104,11.505794098357505,18.47430475951294,-85,-85,1350,700,153.79408858453286,15.962482505865273,circular
999,1100,700,260.86463670195104,23.553218972269416,24.33271141113945,-85,-85,1350,700,169.75657109039813,15.962482505865273,circular
