Tick,Aircraft X,Aircraft Y,Aircraft Heading,A1,A2,A3,A4,Radar X,Radar Y,Radar Azimuth,Radar RPM,Radar Scan Pattern
0,1100,700,79.75064306197359,-85,-85,-85,-85,1350,700,113.96946263912122,6.3793673960824195,circular
1,1100,700,79.75064306197359,-85,-85,-85,-85,1350,700,120.34883003520363,6.3793673960824195,circular
2,1100,700,79.75064306197359,-85,-85,-85,-85,1350,700,126.72819743128605,6.3793673960824195,circular
3,1100,700,79.75064306197359,-85,-85,-85,-85,1350,700,133.10756482736846,6.3793673960824195,circular
4,1100,700,79.75064306197359,-85,-85,-85,-85,1350,700,139.48693222345088,6.3793673960824195,circular
5,1100,700,79.75064306197359,-85,-85,16.269948115724727,19.25639156218217,1350,700,145.8662996195333,6.3793673960824195,circular
6,1100,700,79.75064306197359,-85,-85,20.97742610025734,22.496022074683278,1350,700,152.2456670156157,6.3793673960824195,circular
7,1100,700,79.75064306197359,-85,-85,23.31969953712386,23.971022246457757,1350,700,158.62503441169812,6.3793673960824195,circular
8,1100,700,79.75064306197359,-85,-85,24.495315191602927,24.92014212493214,1350,700,165.00440180778054,6.3793673960824195,circular
9,1100,700,79.75064306197359,-85,-85,25.36180729449956,25.614204328866276,1350,700,171.38376920386295,6.3793673960824195,circular
10,1100,700,79.75064306197359,-85,-85,25.80746062382631,25.946643644493044,1350,700,177.76313659994537,6.3793673960824195,circular
11,1100,700,79.75064306197359,-85,-85,26.035130213615616,26.077602459396946,1350,700,184.14250399602778,6.3793673960824195,circular
12,1100,700,79.75064306197359,-85,-85,26.067010357935978,26.011117049096303,1350,700,190.5218713921102,6.3793673960824195,circular
13,1100,700,79.75064306197359,-85,-85,25.906018829630398,25.7492610641292,1350,700,196.90123878819261,6.3793673960824195,circular
14,1100,700,79.75064306197359,-85,-85,25.536951728381826,25.157178905256924,1350,700,203.28060618427503,6.3793673960824195,circular
15,1100,700,79.75064306197359,-85,-85,24.788337040832293,24.332711411139446,1350,700,209.65997358035744,6.3793673960824195,circular
16,1100,700,79.75064306197359,-85,-85,23.769789312347285,22.793695368992225,1350,700,216.03934097643986,6.3793673960824195,circular
17,1100,700,79.75064306197359,-85,-85,21.81335663023087,20.48098321025059,1350,700,222.41870837252227,6.3793673960824195,circular
18,1100,700,79.75064306197359,-85,-85,18.474304759512954,14.513447644213265,1350,700,228.7980757686047,6.3793673960824195,circular
19,1100,700,79.75064306197359,-85,-85,-85,-85,1350,700,235.1774431646871,6.3793673960824195,circular
20,1100,700,79.75064306197359,-85,-85,-85,-85,1350,700,241.55681056076952,6.3793673960824195,circular
21,1100,700,79.75064306197359,-85,-85,-85,-85,1350,700,247.93617795685194,6.3793673960824195,circular
22,1100,700,79.75064306197359,-85,-85,-85,-85,1350,700,254.31554535293435,6.3793673960824195,circular
23,1100,700,79.75064306197359,-85,-85,-85,-85,1350,700,260.6949127490168,6.3793673960824195,circular
24,1100,700,79.75064306197359,-85,-85,-85,-85,1350,700,267.07428014509924,6.3793673960824195,circular
25,1100,700,79.75064306197359,-85,-85,-85,-85,1350,700,273.4536475411817,6.3793673960824195,circular
26,1100,700,79.75064306197359,-85,-85,-85,-85,1350,700,279.8330149372641,6.3793673960824195,circular
27,1100,700,79.75064306197359,-85,-85,-85,-85,1350,700,286.21238233334657,6.3793673960824195,circular
28,1100,700,79.75064306197359,-85,-85,-85,-85,1350,700,292.591749729429,6.3793673960824195,circular
29,1100,700,79.75064306197359,-85,-85,-85,-85,1350,700,298.97111712551146,6.3793673960824195,circular
30,1100,700,79.75064306197359,-85,-85,-85,-85,1350,700,305.3504845215939,6.3793673960824195,circular
31,1100,700,79.75064306197359,-85,-85,-85,-85,1350,700,311.72985191767634,6.3793673960824195,circular
32,1100,700,79.75064306197359,-85,-85,-85,-85,1350,700,318.1092193137588,6.3793673960824195,circular
33,1100,700,79.75064306197359,-85,-85,-85,-85,1350,700,324.48858670984123,6.3793673960824195,circular
34,1100,700,79.75064306197359,-85,-85,-85,-85,1350,700,330.8679541059237,6.3793673960824195,circular
35,1100,700,79.75064306197359,-85,-85,-85,-85,1350,700,337.2473215020061,6.3793673960824195,circular
36,1100,700,79.75064306197359,-85,-85,-85,-85,1350,700,343.62668889808856,6.3793673960824195,circular
37,1100,700,79.75064306197359,-85,-85,-85,-85,1350,700,350.006056294171,6.3793673960824195,circular
38,1100,700,79.75064306197359,-85,-85,-85,-85,1350,700,356.38542369025345,6.3793673960824195,circular
39,1100,700,79.75064306197359,-85,-85,-85,-85,1350,700,2.76479108633589,6.3793673960824195,circular
40,1100,700,79.75064306197359,-85,-85,-85,-85,1350,700,9.144158482418309,6.3793673960824195,circular
41,1100,700,79.75064306197359,-85,-85,-85,-85,1350,700,15.523525878500728,6.3793673960824195,circular
42,1100,700,79.75064306197359,-85,-85,-85,-85,1350,700,21.902893274583146,6.3793673960824195,circular
43,1100,700,79.75064306197359,-85,-85,-85,-85,1350,700,28.282260670665565,6.3793673960824195,circular
44,1100,700,79.75064306197359,-85,-85,-85,-85,1350,700,34.66162806674799,6.3793673960824195,circular
45,1100,700,79.75064306197359,-85,-85,-85,-85,1350,700,41.04099546283041,6.3793673960824195,circular
46,1100,700,79.75064306197359,-85,-85,-85,-85,1350,700,47.42036285891283,6.3793673960824195,circular
47,1100,700,79.75064306197359,-85,-85,-85,-85,1350,700,53.799730254995254,6.3793673960824195,circular
48,1100,700,79.75064306197359,-85,-85,-85,-85,1350,700,60.179097651077676,6.3793673960824195,circular
49,1100,700,79.75064306197359,-85,-85,-85,-85,1350,700,66.5584650471601,6.3793673960824195,circular
50,1100,700,79.75064306197359,-85,-85,-85,-85,1350,700,72.93783244324251,6.3793673960824195,circular
51,1100,700,79.75064306197359,-85,-85,-85,-85,1350,700,79.31719983932493,6.3793673960824195,circular
52,1100,700,79.75064306197359,-85,-85,-85,-85,1350,700,85.69656723540734,6.3793673960824195,circular
53,1100,700,79.75064306197359,-85,-85,-85,-85,1350,700,92.07593463148976,6.3793673960824195,circular
54,1100,700,79.75064306197359,-85,-85,-85,-85,1350,700,98.45530202757217,6.3793673960824195,circular
55,1100,700,79.75064306197359,-85,-85,-85,-85,1350,700,104.83466942365459,6.3793673960824195,circular
56,1100,700,79.75064306197359,-85,-85,-85,-85,1350,700,111.214036819737,6.3793673960824195,circular
57,1100,700,79.75064306197359,-85,-85,-85,-85,1350,700,117.59340421581942,6.3793673960824195,circular
58,1100,700,79.75064306197359,-85,-85,-85,-85,1350,700,123.97277161190183,6.3793673960824195,circular
59,1100,700,79.75064306197359,-85,-85,-85,-85,1350,700,130.35213900798425,6.3793673960824195,circular
60,1100,700,79.75064306197359,-85,-85,-85,-85,1350,700,136.73150640406666,6.3793673960824195,circular
61,1100,700,79.75064306197359,-85,-85,-85,17.513155499392102,1350,700,143.11087380014908,6.3793673960824195,circular
62,1100,700,79.75064306197359,-85,-85,19.91435422725632,21.41811930585211,1350,700,149.4902411962315,6.3793673960824195,circular
63,1100,700,79.75064306197359,-85,-85,22.496022074683278,23.31969953712386,1350,700,155.8696085923139,6.3793673960824195,circular
64,1100,700,79.75064306197359,-85,-85,23.971022246457757,24.646943359767004,1350,700,162.24897598839632,6.3793673960824195,circular
65,1100,700,79.75064306197359,-85,-85,25.042923900792417,25.36180729449956,1350,700,168.62834338447874,6.3793673960824195,circular
66,1100,700,79.75064306197359,-85,-85,25.614204328866276,25.80746062382631,1350,700,175.00771078056115,6.3793673960824195,circular
67,1100,700,79.75064306197359,-85,-85,25.9816463993744,26.053745949214605,1350,700,181.38707817664357,6.3793673960824195,circular
68,1100,700,79.75064306197359,-85,-85,26.077602459396946,26.067010357935978,1350,700,187.76644557272598,6.3793673960824195,circular
69,1100,700,79.75064306197359,-85,-85,26.011117049096303,25.859665714847075,1350,700,194.1458129688084,6.3793673960824195,circular
70,1100,700,79.75064306197359,-85,-85,25.684904084789977,25.452908776355446,1350,700,200.52518036489082,6.3793673960824195,circular
71,1100,700,79.75064306197359,-85,-85,25.157178905256924,24.788337040832293,1350,700,206.90454776097323,6.3793673960824195,circular
72,1100,700,79.75064306197359,-85,-85,24.332711411139446,23.553218972269416,1350,700,213.28391515705565,6.3793673960824195,circular
73,1100,700,79.75064306197359,-85,-85,22.793695368992225,21.81335663023087,1350,700,219.66328255313806,6.3793673960824195,circular
74,1100,700,79.75064306197359,-85,-85,20.48098321025059,17.51315549939211,1350,700,226.04264994922048,6.3793673960824195,circular
75,1100,700,79.75064306197359,-85,-85,11.50579409835762,-85,1350,700,232.4220173453029,6.3793673960824195,circular
76,1100,700,79.75064306197359,-85,-85,-85,-85,1350,700,238.8013847413853,6.3793673960824195,circular
77,1100,700,79.75064306197359,-85,-85,-85,-85,1350,700,245.18075213746772,6.3793673960824195,circular
78,1100,700,79.75064306197359,-85,-85,-85,-85,1350,700,251.56011953355014,6.3793673960824195,circular
79,1100,700,79.75064306197359,-85,-85,-85,-85,1350,700,257.93948692963255,6.3793673960824195,circular
80,1100,700,79.75064306197359,-85,-85,-85,-85,1350,700,264.318854325715,6.3793673960824195,circular
81,1100,700,79.75064306197359,-85,-85,-85,-85,1350,700,270.69822172179744,6.3793673960824195,circular
82,1100,700,79.75064306197359,-85,-85,-85,-85,1350,700,277.0775891178799,6.3793673960824195,circular
83,1100,700,79.75064306197359,-85,-85,-85,-85,1350,700,283.4569565139623,6.3793673960824195,circular
84,1100,700,79.75064306197359,-85,-85,-85,-85,1350,700,289.83632391004477,6.3793673960824195,circular
85,1100,700,79.75064306197359,-85,-85,-85,-85,1350,700,296.2156913061272,6.3793673960824195,circular
86,1100,700,79.75064306197359,-85,-85,-85,-85,1350,700,302.59505870220966,6.3793673960824195,circular
87,1100,700,79.75064306197359,-85,-85,-85,-85,1350,700,308.9744260982921,6.3793673960824195,circular
88,1100,700,79.75064306197359,-85,-85,-85,-85,1350,700,315.35379349437454,6.3793673960824195,circular
89,1100,700,79.75064306197359,-85,-85,-85,-85,1350,700,321.733160890457,6.3793673960824195,circular
90,1100,700,79.75064306197359,-85,-85,-85,-85,1350,700,328.11252828653943,6.3793673960824195,circular
91,1100,700,79.75064306197359,-85,-85,-85,-85,1350,700,334.4918956826219,6.3793673960824195,circular
92,1100,700,79.75064306197359,-85,-85,-85,-85,1350,700,340.8712630787043,6.3793673960824195,circular
93,1100,700,79.75064306197359,-85,-85,-85,-85,1350,700,347.25063047478676,6.3793673960824195,circular
94,1100,700,79.75064306197359,-85,-85,-85,-85,1350,700,353.6299978708692,6.3793673960824195,circular
95,1100,700,79.75064306197359,-85,-85,-85,-85,1350,700,0.0093652669516473,6.3793673960824195,circular
96,1100,700,79.75064306197359,-85,-85,-85,-85,1350,700,6.388732663034067,6.3793673960824195,circular
97,1100,700,79.75064306197359,-85,-85,-85,-85,1350,700,12.768100059116486,6.3793673960824195,circular
98,1100,700,79.75064306197359,-85,-85,-85,-85,1350,700,19.147467455198907,6.3793673960824195,circular
99,1100,700,79.75064306197359,-85,-85,-85,-85,1350,700,25.526834851281325,6.3793673960824195,circular
100,1100,700,79.75064306197359,-85,-85,-85,-85,1350,700,31.906202247363744,6.3793673960824195,circular
101,1100,700,79.75064306197359,-85,-85,-85,-85,1350,700,38.285569643446166,6.3793673960824195,circular
102,1100,700,79.75064306197359,-85,-85,-85,-85,1350,700,44.66493703952859,6.3793673960824195,circular
103,1100,700,79.75064306197359,-85,-85,-85,-85,1350,700,51.04430443561101,6.3793673960824195,circular
104,1100,700,79.75064306197359,-85,-85,-85,-85,1350,700,57.42367183169343,6.3793673960824195,circular
105,1100,700,79.75064306197359,-85,-85,-85,-85,1350,700,63.803039227775855,6.3793673960824195,circular
106,1100,700,79.75064306197359,-85,-85,-85,-85,1350,700,70.18240662385827,6.3793673960824195,circular
107,1100,700,79.75064306197359,-85,-85,-85,-85,1350,700,76.56177401994069,6.3793673960824195,circular
108,1100,700,79.75064306197359,-85,-85,-85,-85,1350,700,82.9411414160231,6.3793673960824195,circular
109,1100,700,79.75064306197359,-85,-85,-85,-85,1350,700,89.32050881210552,6.3793673960824195,circular
110,1100,700,79.75064306197359,-85,-85,-85,-85,1350,700,95.69987620818793,6.3793673960824195,circular
111,1100,700,79.75064306197359,-85,-85,-85,-85,1350,700,102.07924360427035,6.3793673960824195,circular
112,1100,700,79.75064306197359,-85,-85,-85,-85,1350,700,108.45861100035276,6.3793673960824195,circular
113,1100,700,79.75064306197359,-85,-85,-85,-85,1350,700,114.83797839643518,6.3793673960824195,circular
114,1100,700,79.75064306197359,-85,-85,-85,-85,1350,700,121.21734579251759,6.3793673960824195,circular
115,1100,700,79.75064306197359,-85,-85,-85,-85,1350,700,127.5967131886,6.3793673960824195,circular
116,1100,700,79.75064306197359,-85,-85,-85,-85,1350,700,133.97608058468242,6.3793673960824195,circular
117,1100,700,79.75064306197359,-85,-85,-85,11.505794098357505,1350,700,140.35544798076484,6.3793673960824195,circular
118,1100,700,79.75064306197359,-85,-85,17.513155499392102,19.91435422725632,1350,700,146.73481537684725,6.3793673960824195,circular
119,1100,700,79.75064306197359,-85,-85,21.41811930585211,22.793695368992218,1350,700,153.11418277292967,6.3793673960824195,circular
120,1100,700,79.75064306197359,-85,-85,23.553218972269416,24.1582774269213,1350,700,159.49355016901208,6.3793673960824195,circular
121,1100,700,79.75064306197359,-85,-85,24.646943359767004,25.042923900792417,1350,700,165.8729175650945,6.3793673960824195,circular
122,1100,700,79.75064306197359,-85,-85,25.36180729449956,25.684904084789974,1350,700,172.2522849611769,6.3793673960824195,circular
123,1100,700,79.75064306197359,-85,-85,25.859665714847075,25.9816463993744,1350,700,178.63165235725933,6.3793673960824195,circular
124,1100,700,79.75064306197359,-85,-85,26.053745949214605,26.077602459396946,1350,700,185.01101975334174,6.3793673960824195,circular
125,1100,700,79.75064306197359,-85,-85,26.053745949214605,25.9816463993744,1350,700,191.39038714942416,6.3793673960824195,circular
126,1100,700,79.75064306197359,-85,-85,25.859665714847075,25.684904084789977,1350,700,197.76975454550657,6.3793673960824195,circular
127,1100,700,79.75064306197359,-85,-85,25.452908776355446,25.042923900792417,1350,700,204.149121941589,6.3793673960824195,circular
128,1100,700,79.75064306197359,-85,-85,24.646943359767004,24.1582774269213,1350,700,210.5284893376714,6.3793673960824195,circular
129,1100,700,79.75064306197359,-85,-85,23.553218972269416,22.793695368992225,1350,700,216.90785673375382,6.3793673960824195,circular
130,1100,700,79.75064306197359,-85,-85,21.81335663023087,19.914354227256315,1350,700,223.28722412983623,6.3793673960824195,circular
131,1100,700,79.75064306197359,-85,-85,17.51315549939211,11.50579409835762,1350,700,229.66659152591865,6.3793673960824195,circular
132,1100,700,79.75064306197359,-85,-85,-85,-85,1350,700,236.04595892200106,6.3793673960824195,circular
133,1100,700,79.75064306197359,-85,-85,-85,-85,1350,700,242.42532631808348,6.3793673960824195,circular
134,1100,700,79.75064306197359,-85,-85,-85,-85,1350,700,248.8046937141659,6.3793673960824195,circular
135,1100,700,79.75064306197359,-85,-85,-85,-85,1350,700,255.1840611102483,6.3793673960824195,circular
136,1100,700,79.75064306197359,-85,-85,-85,-85,1350,700,261.56342850633075,6.3793673960824195,circular
137,1100,700,79.75064306197359,-85,-85,-85,-85,1350,700,267.9427959024132,6.3793673960824195,circular
138,1100,700,79.75064306197359,-85,-85,-85,-85,1350,700,274.32216329849564,6.3793673960824195,circular
139,1100,700,79.75064306197359,-85,-85,-85,-85,1350,700,280.7015306945781,6.3793673960824195,circular
140,1100,700,79.75064306197359,-85,-85,-85,-85,1350,700,287.0808980906605,6.3793673960824195,circular
141,1100,700,79.75064306197359,-85,-85,-85,-85,1350,700,293.46026548674297,6.3793673960824195,circular
142,1100,700,79.75064306197359,-85,-85,-85,-85,1350,700,299.8396328828254,6.3793673960824195,circular
143,1100,700,79.75064306197359,-85,-85,-85,-85,1350,700,306.21900027890786,6.3793673960824195,circular
144,1100,700,79.75064306197359,-85,-85,-85,-85,1350,700,312.5983676749903,6.3793673960824195,circular
145,1100,700,79.75064306197359,-85,-85,-85,-85,1350,700,318.97773507107274,6.3793673960824195,circular
146,1100,700,79.75064306197359,-85,-85,-85,-85,1350,700,325.3571024671552,6.3793673960824195,circular
147,1100,700,79.75064306197359,-85,-85,-85,-85,1350,700,331.73646986323763,6.3793673960824195,circular
148,1100,700,79.75064306197359,-85,-85,-85,-85,1350,700,338.1158372593201,6.3793673960824195,circular
149,1100,700,79.75064306197359,-85,-85,-85,-85,1350,700,344.4952046554025,6.3793673960824195,circular
150,1100,700,79.75064306197359,-85,-85,-85,-85,1350,700,350.87457205148496,6.3793673960824195,circular
151,1100,700,79.75064306197359,-85,-85,-85,-85,1350,700,357.2539394475674,6.3793673960824195,circular
152,1100,700,79.75064306197359,-85,-85,-85,-85,1350,700,3.633306843649848,6.3793673960824195,circular
153,1100,700,79.75064306197359,-85,-85,-85,-85,1350,700,10.012674239732267,6.3793673960824195,circular
154,1100,700,79.75064306197359,-85,-85,-85,-85,1350,700,16.392041635814685,6.3793673960824195,circular
155,1100,700,79.75064306197359,-85,-85,-85,-85,1350,700,22.771409031897104,6.3793673960824195,circular
156,1100,700,79.75064306197359,-85,-85,-85,-85,1350,700,29.150776427979523,6.3793673960824195,circular
157,1100,700,79.75064306197359,-85,-85,-85,-85,1350,700,35.530143824061945,6.3793673960824195,circular
158,1100,700,79.75064306197359,-85,-85,-85,-85,1350,700,41.90951122014437,6.3793673960824195,circular
159,1100,700,79.75064306197359,-85,-85,-85,-85,1350,700,48.28887861622679,6.3793673960824195,circular
160,1100,700,79.75064306197359,-85,-85,-85,-85,1350,700,54.66824601230921,6.3793673960824195,circular
161,1100,700,79.75064306197359,-85,-85,-85,-85,1350,700,61.04761340839163,6.3793673960824195,circular
162,1100,700,79.75064306197359,-85,-85,-85,-85,1350,700,67.42698080447406,6.3793673960824195,circular
163,1100,700,79.75064306197359,-85,-85,-85,-85,1350,700,73.80634820055647,6.3793673960824195,circular
164,1100,700,79.75064306197359,-85,-85,-85,-85,1350,700,80.18571559663889,6.3793673960824195,circular
165,1100,700,79.75064306197359,-85,-85,-85,-85,1350,700,86.5650829927213,6.3793673960824195,circular
166,1100,700,79.75064306197359,-85,-85,-85,-85,1350,700,92.94445038880372,6.3793673960824195,circular
167,1100,700,79.75064306197359,-85,-85,-85,-85,1350,700,99.32381778488613,6.3793673960824195,circular
168,1100,700,79.75064306197359,-85,-85,-85,-85,1350,700,105.70318518096855,6.3793673960824195,circular
169,1100,700,79.75064306197359,-85,-85,-85,-85,1350,700,112.08255257705096,6.3793673960824195,circular
170,1100,700,79.75064306197359,-85,-85,-85,-85,1350,700,118.46191997313338,6.3793673960824195,circular
171,1100,700,79.75064306197359,-85,-85,-85,-85,1350,700,124.84128736921579,6.3793673960824195,circular
172,1100,700,79.75064306197359,-85,-85,-85,-85,1350,700,131.2206547652982,6.3793673960824195,circular
173,1100,700,79.75064306197359,-85,-85,-85,-85,1350,700,137.60002216138062,6.3793673960824195,circular
174,1100,700,79.75064306197359,-85,-85,11.505794098357505,17.513155499392102,1350,700,143.97938955746304,6.3793673960824195,circular
175,1100,700,79.75064306197359,-85,-85,20.48098321025059,21.813356630230874,1350,700,150.35875695354545,6.3793673960824195,circular
176,1100,700,79.75064306197359,-85,-85,22.793695368992218,23.553218972269416,1350,700,156.73812434962787,6.3793673960824195,circular
177,1100,700,79.75064306197359,-85,-85,24.1582774269213,24.78833704083229,1350,700,163.11749174571028,6.3793673960824195,circular
178,1100,700,79.75064306197359,-85,-85,25.157178905256924,25.452908776355446,1350,700,169.4968591417927,6.3793673960824195,circular
179,1100,700,79.75064306197359,-85,-85,25.684904084789974,25.859665714847075,1350,700,175.8762265378751,6.3793673960824195,circular
180,1100,700,79.75064306197359,-85,-85,25.9816463993744,26.067010357935978,1350,700,182.25559393395753,6.3793673960824195,circular
181,1100,700,79.75064306197359,-85,-85,26.077602459396946,26.053745949214605,1350,700,188.63496133003994,6.3793673960824195,circular
182,1100,700,79.75064306197359,-85,-85,25.9816463993744,25.859665714847075,1350,700,195.01432872612236,6.3793673960824195,circular
183,1100,700,79.75064306197359,-85,-85,25.614204328866276,25.361807294499556,1350,700,201.39369612220477,6.3793673960824195,circular
184,1100,700,79.75064306197359,-85,-85,25.042923900792417,24.646943359767004,1350,700,207.7730635182872,6.3793673960824195,circular
185,1100,700,79.75064306197359,-85,-85,24.1582774269213,23.319699537123853,1350,700,214.1524309143696,6.3793673960824195,circular
186,1100,700,79.75064306197359,-85,-85,22.496022074683278,21.418119305852123,1350,700,220.53179831045202,6.3793673960824195,circular
187,1100,700,79.75064306197359,-85,-85,19.914354227256315,17.51315549939211,1350,700,226.91116570653443,6.3793673960824195,circular
188,1100,700,79.75064306197359,-85,-85,11.50579409835762,-85,1350,700,233.29053310261685,6.3793673960824195,circular
189,1100,700,79.75064306197359,-85,-85,-85,-85,1350,700,239.66990049869926,6.3793673960824195,circular
190,1100,700,79.75064306197359,-85,-85,-85,-85,1350,700,246.04926789478168,6.3793673960824195,circular
191,1100,700,79.75064306197359,-85,-85,-85,-85,1350,700,252.4286352908641,6.3793673960824195,circular
192,1100,700,79.75064306197359,-85,-85,-85,-85,1350,700,258.8080026869465,6.3793673960824195,circular
193,1100,700,79.75064306197359,-85,-85,-85,-85,1350,700,265.18737008302895,6.3793673960824195,circular
194,1100,700,79.75064306197359,-85,-85,-85,-85,1350,700,271.5667374791114,6.3793673960824195,circular
195,1100,700,79.75064306197359,-85,-85,-85,-85,1350,700,277.94610487519384,6.3793673960824195,circular
196,1100,700,79.75064306197359,-85,-85,-85,-85,1350,700,284.3254722712763,6.3793673960824195,circular
197,1100,700,79.75064306197359,-85,-85,-85,-85,1350,700,290.7048396673587,6.3793673960824195,circular
198,1100,700,79.75064306197359,-85,-85,-85,-85,1350,700,297.08420706344117,6.3793673960824195,circular
199,1100,700,79.75064306197359,-85,-85,-85,-85,1350,700,303.4635744595236,6.3793673960824195,circular
200,1100,700,79.75064306197359,-85,-85,-85,-85,1350,700,309.84294185560606,6.3793673960824195,circular
201,1100,700,79.75064306197359,-85,-85,-85,-85,1350,700,316.2223092516885,6.3793673960824195,circular
202,1100,700,79.75064306197359,-85,-85,-85,-85,1350,700,322.60167664777094,6.3793673960824195,circular
203,1100,700,79.75064306197359,-85,-85,-85,-85,1350,700,328.9810440438534,6.3793673960824195,circular
204,1100,700,79.75064306197359,-85,-85,-85,-85,1350,700,335.36041143993583,6.3793673960824195,circular
205,1100,700,79.75064306197359,-85,-85,-85,-85,1350,700,341.7397788360183,6.3793673960824195,circular
206,1100,700,79.75064306197359,-85,-85,-85,-85,1350,700,348.1191462321007,6.3793673960824195,circular
207,1100,700,79.75064306197359,-85,-85,-85,-85,1350,700,354.49851362818316,6.3793673960824195,circular
208,1100,700,79.75064306197359,-85,-85,-85,-85,1350,700,0.877881024265605,6.3793673960824195,circular
209,1100,700,79.75064306197359,-85,-85,-85,-85,1350,700,7.2572484203480245,6.3793673960824195,circular
210,1100,700,79.75064306197359,-85,-85,-85,-85,1350,700,13.636615816430444,6.3793673960824195,circular
211,1100,700,79.75064306197359,-85,-85,-85,-85,1350,700,20.015983212512864,6.3793673960824195,circular
212,1100,700,79.75064306197359,-85,-85,-85,-85,1350,700,26.395350608595283,6.3793673960824195,circular
213,1100,700,79.75064306197359,-85,-85,-85,-85,1350,700,32.7747180046777,6.3793673960824195,circular
214,1100,700,79.75064306197359,-85,-85,-85,-85,1350,700,39.154085400760124,6.3793673960824195,circular
215,1100,700,79.75064306197359,-85,-85,-85,-85,1350,700,45.533452796842546,6.3793673960824195,circular
216,1100,700,79.75064306197359,-85,-85,-85,-85,1350,700,51.91282019292497,6.3793673960824195,circular
217,1100,700,79.75064306197359,-85,-85,-85,-85,1350,700,58.29218758900739,6.3793673960824195,circular
218,1100,700,79.75064306197359,-85,-85,-85,-85,1350,700,64.67155498508981,6.3793673960824195,circular
219,1100,700,79.75064306197359,-85,-85,-85,-85,1350,700,71.05092238117223,6.3793673960824195,circular
220,1100,700,79.75064306197359,-85,-85,-85,-85,1350,700,77.43028977725464,6.3793673960824195,circular
221,1100,700,79.75064306197359,-85,-85,-85,-85,1350,700,83.80965717333706,6.3793673960824195,circular
222,1100,700,79.75064306197359,-85,-85,-85,-85,1350,700,90.18902456941947,6.3793673960824195,circular
223,1100,700,79.75064306197359,-85,-85,-85,-85,1350,700,96.56839196550189,6.3793673960824195,circular
224,1100,700,79.75064306197359,-85,-85,-85,-85,1350,700,102.9477593615843,6.3793673960824195,circular
225,1100,700,79.75064306197359,-85,-85,-85,-85,1350,700,109.32712675766672,6.3793673960824195,circular
226,1100,700,79.75064306197359,-85,-85,-85,-85,1350,700,115.70649415374913,6.3793673960824195,circular
227,1100,700,79.75064306197359,-85,-85,-85,-85,1350,700,122.08586154983155,6.3793673960824195,circular
228,1100,700,79.75064306197359,-85,-85,-85,-85,1350,700,128.46522894591396,6.3793673960824195,circular
229,1100,700,79.75064306197359,-85,-85,-85,-85,1350,700,134.84459634199638,6.3793673960824195,circular
230,1100,700,79.75064306197359,-85,-85,-85,14.513447644213304,1350,700,141.2239637380788,6.3793673960824195,circular
231,1100,700,79.75064306197359,-85,-85,18.47430475951294,20.48098321025059,1350,700,147.6033311341612,6.3793673960824195,circular
232,1100,700,79.75064306197359,-85,-85,21.813356630230874,22.793695368992218,1350,700,153.98269853024362,6.3793673960824195,circular
233,1100,700,79.75064306197359,-85,-85,23.769789312347285,24.33271141113945,1350,700,160.36206592632604,6.3793673960824195,circular
234,1100,700,79.75064306197359,-85,-85,24.78833704083229,25.157178905256924,1350,700,166.74143332240845,6.3793673960824195,circular
235,1100,700,79.75064306197359,-85,-85,25.452908776355446,25.7492610641292,1350,700,173.12080071849087,6.3793673960824195,circular
236,1100,700,79.75064306197359,-85,-85,25.906018829630398,26.011117049096303,1350,700,179.50016811457328,6.3793673960824195,circular
237,1100,700,79.75064306197359,-85,-85,26.067010357935978,26.077602459396946,1350,700,185.8795355106557,6.3793673960824195,circular
238,1100,700,79.75064306197359,-85,-85,26.053745949214605,25.946643644493044,1350,700,192.25890290673811,6.3793673960824195,circular
239,1100,700,79.75064306197359,-85,-85,25.807460623826316,25.614204328866276,1350,700,198.63827030282053,6.3793673960824195,circular
240,1100,700,79.75064306197359,-85,-85,25.361807294499556,25.042923900792417,1350,700,205.01763769890294,6.3793673960824195,circular
241,1100,700,79.75064306197359,-85,-85,24.495315191602927,23.97102224645776,1350,700,211.39700509498536,6.3793673960824195,circular
242,1100,700,79.75064306197359,-85,-85,23.319699537123853,22.496022074683278,1350,700,217.77637249106778,6.3793673960824195,circular
243,1100,700,79.75064306197359,-85,-85,21.418119305852123,19.25639156218219,1350,700,224.1557398871502,6.3793673960824195,circular
244,1100,700,79.75064306197359,-85,-85,16.269948115724716,-85,1350,700,230.5351072832326,6.3793673960824195,circular
245,1100,700,79.75064306197359,-85,-85,-85,-85,1350,700,236.91447467931502,6.3793673960824195,circular
246,1100,700,79.75064306197359,-85,-85,-85,-85,1350,700,243.29384207539744,6.3793673960824195,circular
247,1100,700,79.75064306197359,-85,-85,-85,-85,1350,700,249.67320947147985,6.3793673960824195,circular
248,1100,700,79.75064306197359,-85,-85,-85,-85,1350,700,256.05257686756227,6.3793673960824195,circular
249,1100,700,79.75064306197359,-85,-85,-85,-85,1350,700,262.4319442636447,6.3793673960824195,circular
250,1100,700,79.75064306197359,-85,-85,-85,-85,1350,700,268.81131165972715,6.3793673960824195,circular
251,1100,700,79.75064306197359,-85,-85,-85,-85,1350,700,275.1906790558096,6.3793673960824195,circular
252,1100,700,79.75064306197359,-85,-85,-85,-85,1350,700,281.57004645189204,6.3793673960824195,circular
253,1100,700,79.75064306197359,-85,-85,-85,-85,1350,700,287.9494138479745,6.3793673960824195,circular
254,1100,700,79.75064306197359,-85,-85,-85,-85,1350,700,294.3287812440569,6.3793673960824195,circular
255,1100,700,79.75064306197359,-85,-85,-85,-85,1350,700,300.70814864013937,6.3793673960824195,circular
256,1100,700,79.75064306197359,-85,-85,-85,-85,1350,700,307.0875160362218,6.3793673960824195,circular
257,1100,700,79.75064306197359,-85,-85,-85,-85,1350,700,313.46688343230426,6.3793673960824195,circular
258,1100,700,79.75064306197359,-85,-85,-85,-85,1350,700,319.8462508283867,6.3793673960824195,circular
259,1100,700,79.75064306197359,-85,-85,-85,-85,1350,700,326.22561822446914,6.3793673960824195,circular
260,1100,700,79.75064306197359,-85,-85,-85,-85,1350,700,332.6049856205516,6.3793673960824195,circular
261,1100,700,79.75064306197359,-85,-85,-85,-85,1350,700,338.98435301663403,6.3793673960824195,circular
262,1100,700,79.75064306197359,-85,-85,-85,-85,1350,700,345.3637204127165,6.3793673960824195,circular
263,1100,700,79.75064306197359,-85,-85,-85,-85,1350,700,351.7430878087989,6.3793673960824195,circular
264,1100,700,79.75064306197359,-85,-85,-85,-85,1350,700,358.12245520488136,6.3793673960824195,circular
265,1100,700,79.75064306197359,-85,-85,-85,-85,1350,700,4.501822600963806,6.3793673960824195,circular
266,1100,700,79.75064306197359,-85,-85,-85,-85,1350,700,10.881189997046224,6.3793673960824195,circular
267,1100,700,79.75064306197359,-85,-85,-85,-85,1350,700,17.260557393128643,6.3793673960824195,circular
268,1100,700,79.75064306197359,-85,-85,-85,-85,1350,700,23.63992478921106,6.3793673960824195,circular
269,1100,700,79.75064306197359,-85,-85,-85,-85,1350,700,30.01929218529348,6.3793673960824195,circular
270,1100,700,79.75064306197359,-85,-85,-85,-85,1350,700,36.3986595813759,6.3793673960824195,circular
271,1100,700,79.75064306197359,-85,-85,-85,-85,1350,700,42.778026977458325,6.3793673960824195,circular
272,1100,700,79.75064306197359,-85,-85,-85,-85,1350,700,49.15739437354075,6.3793673960824195,circular
273,1100,700,79.75064306197359,-85,-85,-85,-85,1350,700,55.53676176962317,6.3793673960824195,circular
274,1100,700,79.75064306197359,-85,-85,-85,-85,1350,700,61.91612916570559,6.3793673960824195,circular
275,1100,700,79.75064306197359,-85,-85,-85,-85,1350,700,68.29549656178801,6.3793673960824195,circular
276,1100,700,79.75064306197359,-85,-85,-85,-85,1350,700,74.67486395787043,6.3793673960824195,circular
277,1100,700,79.75064306197359,-85,-85,-85,-85,1350,700,81.05423135395284,6.3793673960824195,circular
278,1100,700,79.75064306197359,-85,-85,-85,-85,1350,700,87.43359875003526,6.3793673960824195,circular
279,1100,700,79.75064306197359,-85,-85,-85,-85,1350,700,93.81296614611767,6.3793673960824195,circular
280,1100,700,79.75064306197359,-85,-85,-85,-85,1350,700,100.19233354220009,6.3793673960824195,circular
281,1100,700,79.75064306197359,-85,-85,-85,-85,1350,700,106.5717009382825,6.3793673960824195,circular
282,1100,700,79.75064306197359,-85,-85,-85,-85,1350,700,112.95106833436492,6.3793673960824195,circular
283,1100,700,79.75064306197359,-85,-85,-85,-85,1350,700,119.33043573044733,6.3793673960824195,circular
284,1100,700,79.75064306197359,-85,-85,-85,-85,1350,700,125.70980312652975,6.3793673960824195,circular
285,1100,700,79.75064306197359,-85,-85,-85,-85,1350,700,132.08917052261216,6.3793673960824195,circular
286,1100,700,79.75064306197359,-85,-85,-85,-85,1350,700,138.46853791869458,6.3793673960824195,circular
287,1100,700,79.75064306197359,-85,-85,14.513447644213304,18.47430475951294,1350,700,144.847905314777,6.3793673960824195,circular
288,1100,700,79.75064306197359,-85,-85,20.48098321025059,22.170735458799452,1350,700,151.2272727108594,6.3793673960824195,circular
289,1100,700,79.75064306197359,-85,-85,23.06730250275713,23.769789312347285,1350,700,157.60664010694182,6.3793673960824195,circular
290,1100,700,79.75064306197359,-85,-85,24.33271141113945,24.78833704083229,1350,700,163.98600750302424,6.3793673960824195,circular
291,1100,700,79.75064306197359,-85,-85,25.26334459461691,25.536951728381826,1350,700,170.36537489910665,6.3793673960824195,circular
292,1100,700,79.75064306197359,-85,-85,25.7492610641292,25.906018829630398,1350,700,176.74474229518907,6.3793673960824195,circular
293,1100,700,79.75064306197359,-85,-85,26.011117049096303,26.074956048612798,1350,700,183.12410969127149,6.3793673960824195,circular
294,1100,700,79.75064306197359,-85,-85,26.074956048612798,26.035130213615616,1350,700,189.5034770873539,6.3793673960824195,circular
295,1100,700,79.75064306197359,-85,-85,25.946643644493044,25.807460623826316,1350,700,195.88284448343632,6.3793673960824195,circular
296,1100,700,79.75064306197359,-85,-85,25.614204328866276,25.263344594616918,1350,700,202.26221187951873,6.3793673960824195,circular
297,1100,700,79.75064306197359,-85,-85,24.92014212493214,24.495315191602927,1350,700,208.64157927560115,6.3793673960824195,circular
298,1100,700,79.75064306197359,-85,-85,23.97102224645776,23.319699537123853,1350,700,215.02094667168356,6.3793673960824195,circular
299,1100,700,79.75064306197359,-85,-85,22.170735458799452,20.97742610025735,1350,700,221.40031406776598,6.3793673960824195,circular
300,1100,700,79.75064306197359,-85,-85,19.25639156218219,16.269948115724716,1350,700,227.7796814638484,6.3793673960824195,circular
301,1100,700,79.75064306197359,-85,-85,-85,-85,1350,700,234.1590488599308,6.3793673960824195,circular
302,1100,700,79.75064306197359,-85,-85,-85,-85,1350,700,240.53841625601322,6.3793673960824195,circular
303,1100,700,79.75064306197359,-85,-85,-85,-85,1350,700,246.91778365209564,6.3793673960824195,circular
304,1100,700,79.75064306197359,-85,-85,-85,-85,1350,700,253.29715104817805,6.3793673960824195,circular
305,1100,700,79.75064306197359,-85,-85,-85,-85,1350,700,259.67651844426047,6.3793673960824195,circular
306,1100,700,79.75064306197359,-85,-85,-85,-85,1350,700,266.0558858403429,6.3793673960824195,circular
307,1100,700,79.75064306197359,-85,-85,-85,-85,1350,700,272.43525323642535,6.3793673960824195,circular
308,1100,700,79.75064306197359,-85,-85,-85,-85,1350,700,278.8146206325078,6.3793673960824195,circular
309,1100,700,79.75064306197359,-85,-85,-85,-85,1350,700,285.19398802859024,6.3793673960824195,circular
310,1100,700,79.75064306197359,-85,-85,-85,-85,1350,700,291.5733554246727,6.3793673960824195,circular
311,1100,700,79.75064306197359,-85,-85,-85,-85,1350,700,297.9527228207551,6.3793673960824195,circular
312,1100,700,79.75064306197359,-85,-85,-85,-85,1350,700,304.33209021683757,6.3793673960824195,circular
313,1100,700,79.75064306197359,-85,-85,-85,-85,1350,700,310.71145761292,6.3793673960824195,circular
314,1100,700,79.75064306197359,-85,-85,-85,-85,1350,700,317.09082500900246,6.3793673960824195,circular
315,1100,700,79.75064306197359,-85,-85,-85,-85,1350,700,323.4701924050849,6.3793673960824195,circular
316,1100,700,79.75064306197359,-85,-85,-85,-85,1350,700,329.84955980116735,6.3793673960824195,circular
317,1100,700,79.75064306197359,-85,-85,-85,-85,1350,700,336.2289271972498,6.3793673960824195,circular
318,1100,700,79.75064306197359,-85,-85,-85,-85,1350,700,342.60829459333223,6.3793673960824195,circular
319,1100,700,79.75064306197359,-85,-85,-85,-85,1350,700,348.9876619894147,6.3793673960824195,circular
320,1100,700,79.75064306197359,-85,-85,-85,-85,1350,700,355.3670293854971,6.3793673960824195,circular
321,1100,700,79.75064306197359,-85,-85,-85,-85,1350,700,1.7463967815795627,6.3793673960824195,circular
322,1100,700,79.75064306197359,-85,-85,-85,-85,1350,700,8.125764177661981,6.3793673960824195,circular
323,1100,700,79.75064306197359,-85,-85,-85,-85,1350,700,14.5051315737444,6.3793673960824195,circular
324,1100,700,79.75064306197359,-85,-85,-85,-85,1350,700,20.88449896982682,6.3793673960824195,circular
325,1100,700,79.75064306197359,-85,-85,-85,-85,1350,700,27.263866365909237,6.3793673960824195,circular
326,1100,700,79.75064306197359,-85,-85,-85,-85,1350,700,33.64323376199166,6.3793673960824195,circular
327,1100,700,79.75064306197359,-85,-85,-85,-85,1350,700,40.02260115807408,6.3793673960824195,circular
328,1100,700,79.75064306197359,-85,-85,-85,-85,1350,700,46.401968554156504,6.3793673960824195,circular
329,1100,700,79.75064306197359,-85,-85,-85,-85,1350,700,52.781335950238926,6.3793673960824195,circular
330,1100,700,79.75064306197359,-85,-85,-85,-85,1350,700,59.16070334632135,6.3793673960824195,circular
331,1100,700,79.75064306197359,-85,-85,-85,-85,1350,700,65.54007074240377,6.3793673960824195,circular
332,1100,700,79.75064306197359,-85,-85,-85,-85,1350,700,71.91943813848619,6.3793673960824195,circular
333,1100,700,79.75064306197359,-85,-85,-85,-85,1350,700,78.2988055345686,6.3793673960824195,circular
334,1100,700,79.75064306197359,-85,-85,-85,-85,1350,700,84.67817293065102,6.3793673960824195,circular
335,1100,700,79.75064306197359,-85,-85,-85,-85,1350,700,91.05754032673343,6.3793673960824195,circular
336,1100,700,79.75064306197359,-85,-85,-85,-85,1350,700,97.43690772281585,6.3793673960824195,circular
337,1100,700,79.75064306197359,-85,-85,-85,-85,1350,700,103.81627511889826,6.3793673960824195,circular
338,1100,700,79.75064306197359,-85,-85,-85,-85,1350,700,110.19564251498068,6.3793673960824195,circular
339,1100,700,79.75064306197359,-85,-85,-85,-85,1350,700,116.57500991106309,6.3793673960824195,circular
340,1100,700,79.75064306197359,-85,-85,-85,-85,1350,700,122.9543773071455,6.3793673960824195,circular
341,1100,700,79.75064306197359,-85,-85,-85,-85,1350,700,129.33374470322792,6.3793673960824195,circular
342,1100,700,79.75064306197359,-85,-85,-85,-85,1350,700,135.71311209931034,6.3793673960824195,circular
343,1100,700,79.75064306197359,-85,-85,-85,16.269948115724727,1350,700,142.09247949539275,6.3793673960824195,circular
344,1100,700,79.75064306197359,-85,-85,19.25639156218217,20.97742610025734,1350,700,148.47184689147517,6.3793673960824195,circular
345,1100,700,79.75064306197359,-85,-85,22.170735458799452,23.06730250275713,1350,700,154.85121428755758,6.3793673960824195,circular
346,1100,700,79.75064306197359,-85,-85,23.769789312347285,24.495315191602927,1350,700,161.23058168364,6.3793673960824195,circular
347,1100,700,79.75064306197359,-85,-85,24.92014212493214,25.26334459461691,1350,700,167.6099490797224,6.3793673960824195,circular
348,1100,700,79.75064306197359,-85,-85,25.536951728381826,25.7492610641292,1350,700,173.98931647580483,6.3793673960824195,circular
349,1100,700,79.75064306197359,-85,-85,25.946643644493044,26.035130213615616,1350,700,180.36868387188724,6.3793673960824195,circular
350,1100,700,79.75064306197359,-85,-85,26.074956048612798,26.074956048612798,1350,700,186.74805126796966,6.3793673960824195,circular
351,1100,700,79.75064306197359,-85,-85,26.035130213615616,25.906018829630398,1350,700,193.12741866405207,6.3793673960824195,circular
352,1100,700,79.75064306197359,-85,-85,25.7492610641292,25.536951728381826,1350,700,199.5067860601345,6.3793673960824195,circular
353,1100,700,79.75064306197359,-85,-85,25.263344594616918,24.92014212493214,1350,700,205.8861534562169,6.3793673960824195,circular
354,1100,700,79.75064306197359,-85,-85,24.495315191602927,23.769789312347285,1350,700,212.26552085229932,6.3793673960824195,circular
355,1100,700,79.75064306197359,-85,-85,23.067302502757133,22.170735458799452,1350,700,218.64488824838173,6.3793673960824195,circular
356,1100,700,79.75064306197359,-85,-85,20.97742610025735,19.25639156218219,1350,700,225.02425564446415,6.3793673960824195,circular
357,1100,700,79.75064306197359,-85,-85,14.513447644213265,-85,1350,700,231.40362304054656,6.3793673960824195,circular
358,1100,700,79.75064306197359,-85,-85,-85,-85,1350,700,237.78299043662898,6.3793673960824195,circular
359,1100,700,79.75064306197359,-85,-85,-85,-85,1350,700,244.1623578327114,6.3793673960824195,circular
360,1100,700,79.75064306197359,-85,-85,-85,-85,1350,700,250.5417252287938,6.3793673960824195,circular
361,1100,700,79.75064306197359,-85,-85,-85,-85,1350,700,256.9210926248762,6.3793673960824195,circular
362,1100,700,79.75064306197359,-85,-85,-85,-85,1350,700,263.30046002095867,6.3793673960824195,circular
363,1100,700,79.75064306197359,-85,-85,-85,-85,1350,700,269.6798274170411,6.3793673960824195,circular
364,1100,700,79.75064306197359,-85,-85,-85,-85,1350,700,276.05919481312355,6.3793673960824195,circular
365,1100,700,79.75064306197359,-85,-85,-85,-85,1350,700,282.438562209206,6.3793673960824195,circular
366,1100,700,79.75064306197359,-85,-85,-85,-85,1350,700,288.81792960528844,6.3793673960824195,circular
367,1100,700,79.75064306197359,-85,-85,-85,-85,1350,700,295.1972970013709,6.3793673960824195,circular
368,1100,700,79.75064306197359,-85,-85,-85,-85,1350,700,301.5766643974533,6.3793673960824195,circular
369,1100,700,79.75064306197359,-85,-85,-85,-85,1350,700,307.9560317935358,6.3793673960824195,circular
370,1100,700,79.75064306197359,-85,-85,-85,-85,1350,700,314.3353991896182,6.3793673960824195,circular
371,1100,700,79.75064306197359,-85,-85,-85,-85,1350,700,320.71476658570066,6.3793673960824195,circular
372,1100,700,79.75064306197359,-85,-85,-85,-85,1350,700,327.0941339817831,6.3793673960824195,circular
373,1100,700,79.75064306197359,-85,-85,-85,-85,1350,700,333.47350137786555,6.3793673960824195,circular
374,1100,700,79.75064306197359,-85,-85,-85,-85,1350,700,339.852868773948,6.3793673960824195,circular
375,1100,700,79.75064306197359,-85,-85,-85,-85,1350,700,346.23223617003043,6.3793673960824195,circular
376,1100,700,79.75064306197359,-85,-85,-85,-85,1350,700,352.6116035661129,6.3793673960824195,circular
377,1100,700,79.75064306197359,-85,-85,-85,-85,1350,700,358.9909709621953,6.3793673960824195,circular
378,1100,700,79.75064306197359,-85,-85,-85,-85,1350,700,5.370338358277763,6.3793673960824195,circular
379,1100,700,79.75064306197359,-85,-85,-85,-85,1350,700,11.749705754360182,6.3793673960824195,circular
380,1100,700,79.75064306197359,-85,-85,-85,-85,1350,700,18.1290731504426,6.3793673960824195,circular
381,1100,700,79.75064306197359,-85,-85,-85,-85,1350,700,24.50844054652502,6.3793673960824195,circular
382,1100,700,79.75064306197359,-85,-85,-85,-85,1350,700,30.887807942607438,6.3793673960824195,circular
383,1100,700,79.75064306197359,-85,-85,-85,-85,1350,700,37.26717533868986,6.3793673960824195,circular
384,1100,700,79.75064306197359,-85,-85,-85,-85,1350,700,43.64654273477228,6.3793673960824195,circular
385,1100,700,79.75064306197359,-85,-85,-85,-85,1350,700,50.025910130854705,6.3793673960824195,circular
386,1100,700,79.75064306197359,-85,-85,-85,-85,1350,700,56.40527752693713,6.3793673960824195,circular
387,1100,700,79.75064306197359,-85,-85,-85,-85,1350,700,62.78464492301955,6.3793673960824195,circular
388,1100,700,79.75064306197359,-85,-85,-85,-85,1350,700,69.16401231910197,6.3793673960824195,circular
389,1100,700,79.75064306197359,-85,-85,-85,-85,1350,700,75.54337971518439,6.3793673960824195,circular
390,1100,700,79.75064306197359,-85,-85,-85,-85,1350,700,81.9227471112668,6.3793673960824195,circular
391,1100,700,79.75064306197359,-85,-85,-85,-85,1350,700,88.30211450734922,6.3793673960824195,circular
392,1100,700,79.75064306197359,-85,-85,-85,-85,1350,700,94.68148190343163,6.3793673960824195,circular
393,1100,700,79.75064306197359,-85,-85,-85,-85,1350,700,101.06084929951405,6.3793673960824195,circular
394,1100,700,79.75064306197359,-85,-85,-85,-85,1350,700,107.44021669559646,6.3793673960824195,circular
395,1100,700,79.75064306197359,-85,-85,-85,-85,1350,700,113.81958409167888,6.3793673960824195,circular
396,1100,700,79.75064306197359,-85,-85,-85,-85,1350,700,120.19895148776129,6.3793673960824195,circular
397,1100,700,79.75064306197359,-85,-85,-85,-85,1350,700,126.5783188838437,6.3793673960824195,circular
398,1100,700,79.75064306197359,-85,-85,-85,-85,1350,700,132.95768627992612,6.3793673960824195,circular
399,1100,700,79.75064306197359,-85,-85,-85,-85,1350,700,139.33705367600854,6.3793673960824195,circular
400,1100,700,79.75064306197359,-85,-85,16.269948115724727,19.25639156218217,1350,700,145.71642107209095,6.3793673960824195,circular
401,1100,700,79.75064306197359,-85,-85,20.97742610025734,22.496022074683278,1350,700,152.09578846817337,6.3793673960824195,circular
402,1100,700,79.75064306197359,-85,-85,23.31969953712386,23.971022246457757,1350,700,158.47515586425578,6.3793673960824195,circular
403,1100,700,79.75064306197359,-85,-85,24.495315191602927,24.92014212493214,1350,700,164.8545232603382,6.3793673960824195,circular
404,1100,700,79.75064306197359,-85,-85,25.26334459461691,25.614204328866276,1350,700,171.2338906564206,6.3793673960824195,circular
405,1100,700,79.75064306197359,-85,-85,25.80746062382631,25.946643644493044,1350,700,177.61325805250303,6.3793673960824195,circular
406,1100,700,79.75064306197359,-85,-85,26.035130213615616,26.074956048612798,1350,700,183.99262544858544,6.3793673960824195,circular
407,1100,700,79.75064306197359,-85,-85,26.067010357935978,26.011117049096303,1350,700,190.37199284466786,6.3793673960824195,circular
408,1100,700,79.75064306197359,-85,-85,25.906018829630398,25.7492610641292,1350,700,196.75136024075027,6.3793673960824195,circular
409,1100,700,79.75064306197359,-85,-85,25.536951728381826,25.157178905256924,1350,700,203.1307276368327,6.3793673960824195,circular
410,1100,700,79.75064306197359,-85,-85,24.788337040832293,24.332711411139446,1350,700,209.5100950329151,6.3793673960824195,circular
411,1100,700,79.75064306197359,-85,-85,23.769789312347285,23.067302502757133,1350,700,215.88946242899752,6.3793673960824195,circular
412,1100,700,79.75064306197359,-85,-85,22.170735458799452,20.48098321025059,1350,700,222.26882982507993,6.3793673960824195,circular
413,1100,700,79.75064306197359,-85,-85,18.474304759512954,14.513447644213265,1350,700,228.64819722116235,6.3793673960824195,circular
414,1100,700,79.75064306197359,-85,-85,-85,-85,1350,700,235.02756461724476,6.3793673960824195,circular
415,1100,700,79.75064306197359,-85,-85,-85,-85,1350,700,241.40693201332718,6.3793673960824195,circular
416,1100,700,79.75064306197359,-85,-85,-85,-85,1350,700,247.7862994094096,6.3793673960824195,circular
417,1100,700,79.75064306197359,-85,-85,-85,-85,1350,700,254.165666805492,6.3793673960824195,circular
418,1100,700,79.75064306197359,-85,-85,-85,-85,1350,700,260.5450342015744,6.3793673960824195,circular
419,1100,700,79.75064306197359,-85,-85,-85,-85,1350,700,266.92440159765687,6.3793673960824195,circular
420,1100,700,79.75064306197359,-85,-85,-85,-85,1350,700,273.3037689937393,6.3793673960824195,circular
421,1100,700,79.75064306197359,-85,-85,-85,-85,1350,700,279.68313638982175,6.3793673960824195,circular
422,1100,700,79.75064306197359,-85,-85,-85,-85,1350,700,286.0625037859042,6.3793673960824195,circular
423,1100,700,79.75064306197359,-85,-85,-85,-85,1350,700,292.44187118198664,6.3793673960824195,circular
424,1100,700,79.75064306197359,-85,-85,-85,-85,1350,700,298.8212385780691,6.3793673960824195,circular
425,1100,700,79.75064306197359,-85,-85,-85,-85,1350,700,305.20060597415153,6.3793673960824195,circular
426,1100,700,79.75064306197359,-85,-85,-85,-85,1350,700,311.579973370234,6.3793673960824195,circular
427,1100,700,79.75064306197359,-85,-85,-85,-85,1350,700,317.9593407663164,6.3793673960824195,circular
428,1100,700,79.75064306197359,-85,-85,-85,-85,1350,700,324.33870816239886,6.3793673960824195,circular
429,1100,700,79.75064306197359,-85,-85,-85,-85,1350,700,330.7180755584813,6.3793673960824195,circular
430,1100,700,79.75064306197359,-85,-85,-85,-85,1350,700,337.09744295456375,6.3793673960824195,circular
431,1100,700,79.75064306197359,-85,-85,-85,-85,1350,700,343.4768103506462,6.3793673960824195,circular
432,1100,700,79.75064306197359,-85,-85,-85,-85,1350,700,349.85617774672863,6.3793673960824195,circular
433,1100,700,79.75064306197359,-85,-85,-85,-85,1350,700,356.2355451428111,6.3793673960824195,circular
434,1100,700,79.75064306197359,-85,-85,-85,-85,1350,700,2.6149125388935204,6.3793673960824195,circular
435,1100,700,79.75064306197359,-85,-85,-85,-85,1350,700,8.994279934975939,6.3793673960824195,circular
436,1100,700,79.75064306197359,-85,-85,-85,-85,1350,700,15.373647331058358,6.3793673960824195,circular
437,1100,700,79.75064306197359,-85,-85,-85,-85,1350,700,21.753014727140776,6.3793673960824195,circular
438,1100,700,79.75064306197359,-85,-85,-85,-85,1350,700,28.132382123223195,6.3793673960824195,circular
439,1100,700,79.75064306197359,-85,-85,-85,-85,1350,700,34.51174951930562,6.3793673960824195,circular
440,1100,700,79.75064306197359,-85,-85,-85,-85,1350,700,40.89111691538804,6.3793673960824195,circular
441,1100,700,79.75064306197359,-85,-85,-85,-85,1350,700,47.27048431147046,6.3793673960824195,circular
442,1100,700,79.75064306197359,-85,-85,-85,-85,1350,700,53.649851707552884,6.3793673960824195,circular
443,1100,700,79.75064306197359,-85,-85,-85,-85,1350,700,60.029219103635306,6.3793673960824195,circular
444,1100,700,79.75064306197359,-85,-85,-85,-85,1350,700,66.40858649971773,6.3793673960824195,circular
445,1100,700,79.75064306197359,-85,-85,-85,-85,1350,700,72.78795389580014,6.3793673960824195,circular
446,1100,700,79.75064306197359,-85,-85,-85,-85,1350,700,79.16732129188256,6.3793673960824195,circular
447,1100,700,79.75064306197359,-85,-85,-85,-85,1350,700,85.54668868796497,6.3793673960824195,circular
448,1100,700,79.75064306197359,-85,-85,-85,-85,1350,700,91.92605608404739,6.3793673960824195,circular
449,1100,700,79.75064306197359,-85,-85,-85,-85,1350,700,98.3054234801298,6.3793673960824195,circular
450,1100,700,79.75064306197359,-85,-85,-85,-85,1350,700,104.68479087621222,6.3793673960824195,circular
451,1100,700,79.75064306197359,-85,-85,-85,-85,1350,700,111.06415827229463,6.3793673960824195,circular
452,1100,700,79.75064306197359,-85,-85,-85,-85,1350,700,117.44352566837705,6.3793673960824195,circular
453,1100,700,79.75064306197359,-85,-85,-85,-85,1350,700,123.82289306445946,6.3793673960824195,circular
454,1100,700,79.75064306197359,-85,-85,-85,-85,1350,700,130.20226046054188,6.3793673960824195,circular
455,1100,700,79.75064306197359,-85,-85,-85,-85,1350,700,136.5816278566243,6.3793673960824195,circular
456,1100,700,79.75064306197359,-85,-85,-85,16.269948115724727,1350,700,142.9609952527067,6.3793673960824195,circular
457,1100,700,79.75064306197359,-85,-85,19.91435422725632,21.41811930585211,1350,700,149.34036264878912,6.3793673960824195,circular
458,1100,700,79.75064306197359,-85,-85,22.496022074683278,23.31969953712386,1350,700,155.71973004487154,6.3793673960824195,circular
459,1100,700,79.75064306197359,-85,-85,23.971022246457757,24.646943359767004,1350,700,162.09909744095395,6.3793673960824195,circular
460,1100,700,79.75064306197359,-85,-85,25.042923900792417,25.36180729449956,1350,700,168.47846483703637,6.3793673960824195,circular
461,1100,700,79.75064306197359,-85,-85,25.614204328866276,25.80746062382631,1350,700,174.85783223311878,6.3793673960824195,circular
462,1100,700,79.75064306197359,-85,-85,25.946643644493044,26.053745949214605,1350,700,181.2371996292012,6.3793673960824195,circular
463,1100,700,79.75064306197359,-85,-85,26.077602459396946,26.067010357935978,1350,700,187.61656702528362,6.3793673960824195,circular
464,1100,700,79.75064306197359,-85,-85,26.011117049096303,25.906018829630398,1350,700,193.99593442136603,6.3793673960824195,circular
465,1100,700,79.75064306197359,-85,-85,25.684904084789977,25.452908776355446,1350,700,200.37530181744845,6.3793673960824195,circular
466,1100,700,79.75064306197359,-85,-85,25.157178905256924,24.788337040832293,1350,700,206.75466921353086,6.3793673960824195,circular
467,1100,700,79.75064306197359,-85,-85,24.332711411139446,23.553218972269416,1350,700,213.13403660961328,6.3793673960824195,circular
468,1100,700,79.75064306197359,-85,-85,22.793695368992225,21.81335663023087,1350,700,219.5134040056957,6.3793673960824195,circular
469,1100,700,79.75064306197359,-85,-85,20.48098321025059,18.474304759512954,1350,700,225.8927714017781,6.3793673960824195,circular
470,1100,700,79.75064306197359,-85,-85,14.513447644213265,-85,1350,700,232.27213879786052,6.3793673960824195,circular
471,1100,700,79.75064306197359,-85,-85,-85,-85,1350,700,238.65150619394294,6.3793673960824195,circular
472,1100,700,79.75064306197359,-85,-85,-85,-85,1350,700,245.03087359002535,6.3793673960824195,circular
473,1100,700,79.75064306197359,-85,-85,-85,-85,1350,700,251.41024098610777,6.3793673960824195,circular
474,1100,700,79.75064306197359,-85,-85,-85,-85,1350,700,257.7896083821902,6.3793673960824195,circular
475,1100,700,79.75064306197359,-85,-85,-85,-85,1350,700,264.1689757782726,6.3793673960824195,circular
476,1100,700,79.75064306197359,-85,-85,-85,-85,1350,700,270.54834317435507,6.3793673960824195,circular
477,1100,700,79.75064306197359,-85,-85,-85,-85,1350,700,276.9277105704375,6.3793673960824195,circular
478,1100,700,79.75064306197359,-85,-85,-85,-85,1350,700,283.30707796651996,6.3793673960824195,circular
479,1100,700,79.75064306197359,-85,-85,-85,-85,1350,700,289.6864453626024,6.3793673960824195,circular
480,1100,700,79.75064306197359,-85,-85,-85,-85,1350,700,296.06581275868484,6.3793673960824195,circular
481,1100,700,79.75064306197359,-85,-85,-85,-85,1350,700,302.4451801547673,6.3793673960824195,circular
482,1100,700,79.75064306197359,-85,-85,-85,-85,1350,700,308.82454755084973,6.3793673960824195,circular
483,1100,700,79.75064306197359,-85,-85,-85,-85,1350,700,315.2039149469322,6.3793673960824195,circular
484,1100,700,79.75064306197359,-85,-85,-85,-85,1350,700,321.5832823430146,6.3793673960824195,circular
485,1100,700,79.75064306197359,-85,-85,-85,-85,1350,700,327.96264973909706,6.3793673960824195,circular
486,1100,700,79.75064306197359,-85,-85,-85,-85,1350,700,334.3420171351795,6.3793673960824195,circular
487,1100,700,79.75064306197359,-85,-85,-85,-85,1350,700,340.72138453126195,6.3793673960824195,circular
488,1100,700,79.75064306197359,-85,-85,-85,-85,1350,700,347.1007519273444,6.3793673960824195,circular
489,1100,700,79.75064306197359,-85,-85,-85,-85,1350,700,353.48011932342683,6.3793673960824195,circular
490,1100,700,79.75064306197359,-85,-85,-85,-85,1350,700,359.8594867195093,6.3793673960824195,circular
491,1100,700,79.75064306197359,-85,-85,-85,-85,1350,700,6.238854115591721,6.3793673960824195,circular
492,1100,700,79.75064306197359,-85,-85,-85,-85,1350,700,12.61822151167414,6.3793673960824195,circular
493,1100,700,79.75064306197359,-85,-85,-85,-85,1350,700,18.99758890775656,6.3793673960824195,circular
494,1100,700,79.75064306197359,-85,-85,-85,-85,1350,700,25.376956303838977,6.3793673960824195,circular
495,1100,700,79.75064306197359,-85,-85,-85,-85,1350,700,31.756323699921396,6.3793673960824195,circular
496,1100,700,79.75064306197359,-85,-85,-85,-85,1350,700,38.13569109600382,6.3793673960824195,circular
497,1100,700,79.75064306197359,-85,-85,-85,-85,1350,700,44.51505849208624,6.3793673960824195,circular
498,1100,700,79.75064306197359,-85,-85,-85,-85,1350,700,50.89442588816866,6.3793673960824195,circular
499,1100,700,79.75064306197359,-85,-85,-85,-85,1350,700,57.273793284251084,6.3793673960824195,circular
500,1100,700,79.75064306197359,-85,-85,-85,-85,1350,700,63.65316068033351,6.3793673960824195,circular
501,1100,700,79.75064306197359,-85,-85,-85,-85,1350,700,70.03252807641593,6.3793673960824195,circular
502,1100,700,79.75064306197359,-85,-85,-85,-85,1350,700,76.41189547249834,6.3793673960824195,circular
503,1100,700,79.75064306197359,-85,-85,-85,-85,1350,700,82.79126286858076,6.3793673960824195,circular
504,1100,700,79.75064306197359,-85,-85,-85,-85,1350,700,89.17063026466317,6.3793673960824195,circular
505,1100,700,79.75064306197359,-85,-85,-85,-85,1350,700,95.54999766074559,6.3793673960824195,circular
506,1100,700,79.75064306197359,-85,-85,-85,-85,1350,700,101.929365056828,6.3793673960824195,circular
507,1100,700,79.75064306197359,-85,-85,-85,-85,1350,700,108.30873245291042,6.3793673960824195,circular
508,1100,700,79.75064306197359,-85,-85,-85,-85,1350,700,114.68809984899283,6.3793673960824195,circular
509,1100,700,79.75064306197359,-85,-85,-85,-85,1350,700,121.06746724507525,6.3793673960824195,circular
510,1100,700,79.75064306197359,-85,-85,-85,-85,1350,700,127.44683464115766,6.3793673960824195,circular
511,1100,700,79.75064306197359,-85,-85,-85,-85,1350,700,133.82620203724008,6.3793673960824195,circular
512,1100,700,79.75064306197359,-85,-85,-85,11.505794098357505,1350,700,140.2055694333225,6.3793673960824195,circular
513,1100,700,79.75064306197359,-85,-85,17.513155499392102,19.91435422725632,1350,700,146.5849368294049,6.3793673960824195,circular
514,1100,700,79.75064306197359,-85,-85,21.41811930585211,22.496022074683278,1350,700,152.96430422548733,6.3793673960824195,circular
515,1100,700,79.75064306197359,-85,-85,23.553218972269416,24.1582774269213,1350,700,159.34367162156974,6.3793673960824195,circular
516,1100,700,79.75064306197359,-85,-85,24.646943359767004,25.042923900792417,1350,700,165.72303901765216,6.3793673960824195,circular
517,1100,700,79.75064306197359,-85,-85,25.36180729449956,25.684904084789974,1350,700,172.10240641373457,6.3793673960824195,circular
518,1100,700,79.75064306197359,-85,-85,25.859665714847075,25.9816463993744,1350,700,178.48177380981699,6.3793673960824195,circular
519,1100,700,79.75064306197359,-85,-85,26.053745949214605,26.077602459396946,1350,700,184.8611412058994,6.3793673960824195,circular
520,1100,700,79.75064306197359,-85,-85,26.067010357935978,25.9816463993744,1350,700,191.24050860198182,6.3793673960824195,circular
521,1100,700,79.75064306197359,-85,-85,25.859665714847075,25.684904084789977,1350,700,197.61987599806423,6.3793673960824195,circular
522,1100,700,79.75064306197359,-85,-85,25.452908776355446,25.157178905256924,1350,700,203.99924339414665,6.3793673960824195,circular
523,1100,700,79.75064306197359,-85,-85,24.646943359767004,24.1582774269213,1350,700,210.37861079022906,6.3793673960824195,circular
524,1100,700,79.75064306197359,-85,-85,23.553218972269416,22.793695368992225,1350,700,216.75797818631148,6.3793673960824195,circular
525,1100,700,79.75064306197359,-85,-85,21.81335663023087,19.914354227256315,1350,700,223.1373455823939,6.3793673960824195,circular
526,1100,700,79.75064306197359,-85,-85,17.51315549939211,11.50579409835762,1350,700,229.5167129784763,6.3793673960824195,circular
527,1100,700,79.75064306197359,-85,-85,-85,-85,1350,700,235.89608037455872,6.3793673960824195,circular
528,1100,700,79.75064306197359,-85,-85,-85,-85,1350,700,242.27544777064114,6.3793673960824195,circular
529,1100,700,79.75064306197359,-85,-85,-85,-85,1350,700,248.65481516672355,6.3793673960824195,circular
530,1100,700,79.75064306197359,-85,-85,-85,-85,1350,700,255.03418256280597,6.3793673960824195,circular
531,1100,700,79.75064306197359,-85,-85,-85,-85,1350,700,261.4135499588884,6.3793673960824195,circular
532,1100,700,79.75064306197359,-85,-85,-85,-85,1350,700,267.7929173549708,6.3793673960824195,circular
533,1100,700,79.75064306197359,-85,-85,-85,-85,1350,700,274.17228475105327,6.3793673960824195,circular
534,1100,700,79.75064306197359,-85,-85,-85,-85,1350,700,280.5516521471357,6.3793673960824195,circular
535,1100,700,79.75064306197359,-85,-85,-85,-85,1350,700,286.93101954321816,6.3793673960824195,circular
536,1100,700,79.75064306197359,-85,-85,-85,-85,1350,700,293.3103869393006,6.3793673960824195,circular
537,1100,700,79.75064306197359,-85,-85,-85,-85,1350,700,299.68975433538304,6.3793673960824195,circular
538,1100,700,79.75064306197359,-85,-85,-85,-85,1350,700,306.0691217314655,6.3793673960824195,circular
539,1100,700,79.75064306197359,-85,-85,-85,-85,1350,700,312.44848912754793,6.3793673960824195,circular
540,1100,700,79.75064306197359,-85,-85,-85,-85,1350,700,318.8278565236304,6.3793673960824195,circular
541,1100,700,79.75064306197359,-85,-85,-85,-85,1350,700,325.2072239197128,6.3793673960824195,circular
542,1100,700,79.75064306197359,-85,-85,-85,-85,1350,700,331.58659131579526,6.3793673960824195,circular
543,1100,700,79.75064306197359,-85,-85,-85,-85,1350,700,337.9659587118777,6.3793673960824195,circular
544,1100,700,79.75064306197359,-85,-85,-85,-85,1350,700,344.34532610796015,6.3793673960824195,circular
545,1100,700,79.75064306197359,-85,-85,-85,-85,1350,700,350.7246935040426,6.3793673960824195,circular
546,1100,700,79.75064306197359,-85,-85,-85,-85,1350,700,357.10406090012503,6.3793673960824195,circular
547,1100,700,79.75064306197359,-85,-85,-85,-85,1350,700,3.483428296207478,6.3793673960824195,circular
548,1100,700,79.75064306197359,-85,-85,-85,-85,1350,700,9.862795692289897,6.3793673960824195,circular
549,1100,700,79.75064306197359,-85,-85,-85,-85,1350,700,16.242163088372315,6.3793673960824195,circular
550,1100,700,79.75064306197359,-85,-85,-85,-85,1350,700,22.621530484454734,6.3793673960824195,circular
551,1100,700,79.75064306197359,-85,-85,-85,-85,1350,700,29.000897880537153,6.3793673960824195,circular
552,1100,700,79.75064306197359,-85,-85,-85,-85,1350,700,35.380265276619575,6.3793673960824195,circular
553,1100,700,79.75064306197359,-85,-85,-85,-85,1350,700,41.759632672702,6.3793673960824195,circular
554,1100,700,79.75064306197359,-85,-85,-85,-85,1350,700,48.13900006878442,6.3793673960824195,circular
555,1100,700,79.75064306197359,-85,-85,-85,-85,1350,700,54.51836746486684,6.3793673960824195,circular
556,1100,700,79.75064306197359,-85,-85,-85,-85,1350,700,60.897734860949264,6.3793673960824195,circular
557,1100,700,79.75064306197359,-85,-85,-85,-85,1350,700,67.27710225703169,6.3793673960824195,circular
558,1100,700,79.75064306197359,-85,-85,-85,-85,1350,700,73.6564696531141,6.3793673960824195,circular
559,1100,700,79.75064306197359,-85,-85,-85,-85,1350,700,80.03583704919652,6.3793673960824195,circular
560,1100,700,79.75064306197359,-85,-85,-85,-85,1350,700,86.41520444527893,6.3793673960824195,circular
561,1100,700,79.75064306197359,-85,-85,-85,-85,1350,700,92.79457184136135,6.3793673960824195,circular
562,1100,700,79.75064306197359,-85,-85,-85,-85,1350,700,99.17393923744376,6.3793673960824195,circular
563,1100,700,79.75064306197359,-85,-85,-85,-85,1350,700,105.55330663352618,6.3793673960824195,circular
564,1100,700,79.75064306197359,-85,-85,-85,-85,1350,700,111.93267402960859,6.3793673960824195,circular
565,1100,700,79.75064306197359,-85,-85,-85,-85,1350,700,118.312041425691,6.3793673960824195,circular
566,1100,700,79.75064306197359,-85,-85,-85,-85,1350,700,124.69140882177342,6.3793673960824195,circular
567,1100,700,79.75064306197359,-85,-85,-85,-85,1350,700,131.07077621785584,6.3793673960824195,circular
568,1100,700,79.75064306197359,-85,-85,-85,-85,1350,700,137.45014361393825,6.3793673960824195,circular
569,1100,700,79.75064306197359,-85,-85,11.505794098357505,17.513155499392102,1350,700,143.82951101002067,6.3793673960824195,circular
570,1100,700,79.75064306197359,-85,-85,19.91435422725632,21.813356630230874,1350,700,150.20887840610308,6.3793673960824195,circular
571,1100,700,79.75064306197359,-85,-85,22.793695368992218,23.553218972269416,1350,700,156.5882458021855,6.3793673960824195,circular
572,1100,700,79.75064306197359,-85,-85,24.1582774269213,24.646943359767004,1350,700,162.9676131982679,6.3793673960824195,circular
573,1100,700,79.75064306197359,-85,-85,25.157178905256924,25.452908776355446,1350,700,169.34698059435033,6.3793673960824195,circular
574,1100,700,79.75064306197359,-85,-85,25.684904084789974,25.859665714847075,1350,700,175.72634799043274,6.3793673960824195,circular
575,1100,700,79.75064306197359,-85,-85,25.9816463993744,26.067010357935978,1350,700,182.10571538651516,6.3793673960824195,circular
576,1100,700,79.75064306197359,-85,-85,26.077602459396946,26.053745949214605,1350,700,188.48508278259757,6.3793673960824195,circular
577,1100,700,79.75064306197359,-85,-85,25.9816463993744,25.859665714847075,1350,700,194.86445017868,6.3793673960824195,circular
578,1100,700,79.75064306197359,-85,-85,25.684904084789977,25.361807294499556,1350,700,201.2438175747624,6.3793673960824195,circular
579,1100,700,79.75064306197359,-85,-85,25.042923900792417,24.646943359767004,1350,700,207.62318497084482,6.3793673960824195,circular
580,1100,700,79.75064306197359,-85,-85,24.1582774269213,23.553218972269416,1350,700,214.00255236692723,6.3793673960824195,circular
581,1100,700,79.75064306197359,-85,-85,22.496022074683278,21.418119305852123,1350,700,220.38191976300965,6.3793673960824195,circular
582,1100,700,79.75064306197359,-85,-85,19.914354227256315,17.51315549939211,1350,700,226.76128715909206,6.3793673960824195,circular
583,1100,700,79.75064306197359,-85,-85,11.50579409835762,-85,1350,700,233.14065455517448,6.3793673960824195,circular
584,1100,700,79.75064306197359,-85,-85,-85,-85,1350,700,239.5200219512569,6.3793673960824195,circular
585,1100,700,79.75064306197359,-85,-85,-85,-85,1350,700,245.8993893473393,6.3793673960824195,circular
586,1100,700,79.75064306197359,-85,-85,-85,-85,1350,700,252.27875674342172,6.3793673960824195,circular
587,1100,700,79.75064306197359,-85,-85,-85,-85,1350,700,258.65812413950414,6.3793673960824195,circular
588,1100,700,79.75064306197359,-85,-85,-85,-85,1350,700,265.0374915355866,6.3793673960824195,circular
589,1100,700,79.75064306197359,-85,-85,-85,-85,1350,700,271.416858931669,6.3793673960824195,circular
590,1100,700,79.75064306197359,-85,-85,-85,-85,1350,700,277.79622632775147,6.3793673960824195,circular
591,1100,700,79.75064306197359,-85,-85,-85,-85,1350,700,284.1755937238339,6.3793673960824195,circular
592,1100,700,79.75064306197359,-85,-85,-85,-85,1350,700,290.55496111991636,6.3793673960824195,circular
593,1100,700,79.75064306197359,-85,-85,-85,-85,1350,700,296.9343285159988,6.3793673960824195,circular
594,1100,700,79.75064306197359,-85,-85,-85,-85,1350,700,303.31369591208124,6.3793673960824195,circular
595,1100,700,79.75064306197359,-85,-85,-85,-85,1350,700,309.6930633081637,6.3793673960824195,circular
596,1100,700,79.75064306197359,-85,-85,-85,-85,1350,700,316.07243070424613,6.3793673960824195,circular
597,1100,700,79.75064306197359,-85,-85,-85,-85,1350,700,322.4517981003286,6.3793673960824195,circular
598,1100,700,79.75064306197359,-85,-85,-85,-85,1350,700,328.831165496411,6.3793673960824195,circular
599,1100,700,79.75064306197359,-85,-85,-85,-85,1350,700,335.21053289249346,6.3793673960824195,circular
600,1100,700,79.75064306197359,-85,-85,-85,-85,1350,700,341.5899002885759,6.3793673960824195,circular
601,1100,700,79.75064306197359,-85,-85,-85,-85,1350,700,347.96926768465835,6.3793673960824195,circular
602,1100,700,79.75064306197359,-85,-85,-85,-85,1350,700,354.3486350807408,6.3793673960824195,circular
603,1100,700,79.75064306197359,-85,-85,-85,-85,1350,700,0.7280024768232352,6.3793673960824195,circular
604,1100,700,79.75064306197359,-85,-85,-85,-85,1350,700,7.107369872905655,6.3793673960824195,circular
605,1100,700,79.75064306197359,-85,-85,-85,-85,1350,700,13.486737268988074,6.3793673960824195,circular
606,1100,700,79.75064306197359,-85,-85,-85,-85,1350,700,19.866104665070495,6.3793673960824195,circular
607,1100,700,79.75064306197359,-85,-85,-85,-85,1350,700,26.245472061152913,6.3793673960824195,circular
608,1100,700,79.75064306197359,-85,-85,-85,-85,1350,700,32.62483945723533,6.3793673960824195,circular
609,1100,700,79.75064306197359,-85,-85,-85,-85,1350,700,39.004206853317754,6.3793673960824195,circular
610,1100,700,79.75064306197359,-85,-85,-85,-85,1350,700,45.383574249400176,6.3793673960824195,circular
611,1100,700,79.75064306197359,-85,-85,-85,-85,1350,700,51.7629416454826,6.3793673960824195,circular
612,1100,700,79.75064306197359,-85,-85,-85,-85,1350,700,58.14230904156502,6.3793673960824195,circular
613,1100,700,79.75064306197359,-85,-85,-85,-85,1350,700,64.52167643764744,6.3793673960824195,circular
614,1100,700,79.75064306197359,-85,-85,-85,-85,1350,700,70.90104383372986,6.3793673960824195,circular
615,1100,700,79.75064306197359,-85,-85,-85,-85,1350,700,77.28041122981227,6.3793673960824195,circular
616,1100,700,79.75064306197359,-85,-85,-85,-85,1350,700,83.65977862589469,6.3793673960824195,circular
617,1100,700,79.75064306197359,-85,-85,-85,-85,1350,700,90.0391460219771,6.3793673960824195,circular
618,1100,700,79.75064306197359,-85,-85,-85,-85,1350,700,96.41851341805952,6.3793673960824195,circular
619,1100,700,79.75064306197359,-85,-85,-85,-85,1350,700,102.79788081414193,6.3793673960824195,circular
620,1100,700,79.75064306197359,-85,-85,-85,-85,1350,700,109.17724821022435,6.3793673960824195,circular
621,1100,700,79.75064306197359,-85,-85,-85,-85,1350,700,115.55661560630676,6.3793673960824195,circular
622,1100,700,79.75064306197359,-85,-85,-85,-85,1350,700,121.93598300238918,6.3793673960824195,circular
623,1100,700,79.75064306197359,-85,-85,-85,-85,1350,700,128.3153503984716,6.3793673960824195,circular
624,1100,700,79.75064306197359,-85,-85,-85,-85,1350,700,134.694717794554,6.3793673960824195,circular
625,1100,700,79.75064306197359,-85,-85,-85,14.513447644213304,1350,700,141.07408519063642,6.3793673960824195,circular
626,1100,700,79.75064306197359,-85,-85,18.47430475951294,20.48098321025059,1350,700,147.45345258671884,6.3793673960824195,circular
627,1100,700,79.75064306197359,-85,-85,21.813356630230874,22.793695368992218,1350,700,153.83281998280125,6.3793673960824195,circular
628,1100,700,79.75064306197359,-85,-85,23.553218972269416,24.33271141113945,1350,700,160.21218737888367,6.3793673960824195,circular
629,1100,700,79.75064306197359,-85,-85,24.78833704083229,25.157178905256924,1350,700,166.59155477496608,6.3793673960824195,circular
630,1100,700,79.75064306197359,-85,-85,25.452908776355446,25.684904084789974,1350,700,172.9709221710485,6.3793673960824195,circular
631,1100,700,79.75064306197359,-85,-85,25.906018829630398,26.011117049096303,1350,700,179.35028956713091,6.3793673960824195,circular
632,1100,700,79.75064306197359,-85,-85,26.067010357935978,26.077602459396946,1350,700,185.72965696321333,6.3793673960824195,circular
633,1100,700,79.75064306197359,-85,-85,26.053745949214605,25.946643644493044,1350,700,192.10902435929574,6.3793673960824195,circular
634,1100,700,79.75064306197359,-85,-85,25.807460623826316,25.614204328866276,1350,700,198.48839175537816,6.3793673960824195,circular
635,1100,700,79.75064306197359,-85,-85,25.361807294499556,25.042923900792417,1350,700,204.86775915146058,6.3793673960824195,circular
636,1100,700,79.75064306197359,-85,-85,24.646943359767004,23.97102224645776,1350,700,211.247126547543,6.3793673960824195,circular
637,1100,700,79.75064306197359,-85,-85,23.319699537123853,22.496022074683278,1350,700,217.6264939436254,6.3793673960824195,circular
638,1100,700,79.75064306197359,-85,-85,21.418119305852123,19.914354227256315,1350,700,224.00586133970782,6.3793673960824195,circular
639,1100,700,79.75064306197359,-85,-85,16.269948115724716,-85,1350,700,230.38522873579024,6.3793673960824195,circular
640,1100,700,79.75064306197359,-85,-85,-85,-85,1350,700,236.76459613187265,6.3793673960824195,circular
641,1100,700,79.75064306197359,-85,-85,-85,-85,1350,700,243.14396352795507,6.3793673960824195,circular
642,1100,700,79.75064306197359,-85,-85,-85,-85,1350,700,249.52333092403748,6.3793673960824195,circular
643,1100,700,79.75064306197359,-85,-85,-85,-85,1350,700,255.9026983201199,6.3793673960824195,circular
644,1100,700,79.75064306197359,-85,-85,-85,-85,1350,700,262.28206571620234,6.3793673960824195,circular
645,1100,700,79.75064306197359,-85,-85,-85,-85,1350,700,268.6614331122848,6.3793673960824195,circular
646,1100,700,79.75064306197359,-85,-85,-85,-85,1350,700,275.0408005083672,6.3793673960824195,circular
647,1100,700,79.75064306197359,-85,-85,-85,-85,1350,700,281.42016790444967,6.3793673960824195,circular
648,1100,700,79.75064306197359,-85,-85,-85,-85,1350,700,287.7995353005321,6.3793673960824195,circular
649,1100,700,79.75064306197359,-85,-85,-85,-85,1350,700,294.17890269661456,6.3793673960824195,circular
650,1100,700,79.75064306197359,-85,-85,-85,-85,1350,700,300.558270092697,6.3793673960824195,circular
651,1100,700,79.75064306197359,-85,-85,-85,-85,1350,700,306.93763748877944,6.3793673960824195,circular
652,1100,700,79.75064306197359,-85,-85,-85,-85,1350,700,313.3170048848619,6.3793673960824195,circular
653,1100,700,79.75064306197359,-85,-85,-85,-85,1350,700,319.69637228094433,6.3793673960824195,circular
654,1100,700,79.75064306197359,-85,-85,-85,-85,1350,700,326.0757396770268,6.3793673960824195,circular
655,1100,700,79.75064306197359,-85,-85,-85,-85,1350,700,332.4551070731092,6.3793673960824195,circular
656,1100,700,79.75064306197359,-85,-85,-85,-85,1350,700,338.83447446919166,6.3793673960824195,circular
657,1100,700,79.75064306197359,-85,-85,-85,-85,1350,700,345.2138418652741,6.3793673960824195,circular
658,1100,700,79.75064306197359,-85,-85,-85,-85,1350,700,351.59320926135655,6.3793673960824195,circular
659,1100,700,79.75064306197359,-85,-85,-85,-85,1350,700,357.972576657439,6.3793673960824195,circular
660,1100,700,79.75064306197359,-85,-85,-85,-85,1350,700,4.351944053521436,6.3793673960824195,circular
661,1100,700,79.75064306197359,-85,-85,-85,-85,1350,700,10.731311449603854,6.3793673960824195,circular
662,1100,700,79.75064306197359,-85,-85,-85,-85,1350,700,17.110678845686273,6.3793673960824195,circular
663,1100,700,79.75064306197359,-85,-85,-85,-85,1350,700,23.49004624176869,6.3793673960824195,circular
664,1100,700,79.75064306197359,-85,-85,-85,-85,1350,700,29.86941363785111,6.3793673960824195,circular
665,1100,700,79.75064306197359,-85,-85,-85,-85,1350,700,36.24878103393353,6.3793673960824195,circular
666,1100,700,79.75064306197359,-85,-85,-85,-85,1350,700,42.628148430015955,6.3793673960824195,circular
667,1100,700,79.75064306197359,-85,-85,-85,-85,1350,700,49.00751582609838,6.3793673960824195,circular
668,1100,700,79.75064306197359,-85,-85,-85,-85,1350,700,55.3868832221808,6.3793673960824195,circular
669,1100,700,79.75064306197359,-85,-85,-85,-85,1350,700,61.76625061826322,6.3793673960824195,circular
670,1100,700,79.75064306197359,-85,-85,-85,-85,1350,700,68.14561801434564,6.3793673960824195,circular
671,1100,700,79.75064306197359,-85,-85,-85,-85,1350,700,74.52498541042806,6.3793673960824195,circular
672,1100,700,79.75064306197359,-85,-85,-85,-85,1350,700,80.90435280651047,6.3793673960824195,circular
673,1100,700,79.75064306197359,-85,-85,-85,-85,1350,700,87.28372020259289,6.3793673960824195,circular
674,1100,700,79.75064306197359,-85,-85,-85,-85,1350,700,93.6630875986753,6.3793673960824195,circular
675,1100,700,79.75064306197359,-85,-85,-85,-85,1350,700,100.04245499475772,6.3793673960824195,circular
676,1100,700,79.75064306197359,-85,-85,-85,-85,1350,700,106.42182239084013,6.3793673960824195,circular
677,1100,700,79.75064306197359,-85,-85,-85,-85,1350,700,112.80118978692255,6.3793673960824195,circular
678,1100,700,79.75064306197359,-85,-85,-85,-85,1350,700,119.18055718300496,6.3793673960824195,circular
679,1100,700,79.75064306197359,-85,-85,-85,-85,1350,700,125.55992457908738,6.3793673960824195,circular
680,1100,700,79.75064306197359,-85,-85,-85,-85,1350,700,131.9392919751698,6.3793673960824195,circular
681,1100,700,79.75064306197359,-85,-85,-85,-85,1350,700,138.3186593712522,6.3793673960824195,circular
682,1100,700,79.75064306197359,-85,-85,14.513447644213304,18.47430475951294,1350,700,144.69802676733462,6.3793673960824195,circular
683,1100,700,79.75064306197359,-85,-85,20.48098321025059,22.170735458799452,1350,700,151.07739416341704,6.3793673960824195,circular
684,1100,700,79.75064306197359,-85,-85,23.06730250275713,23.769789312347285,1350,700,157.45676155949945,6.3793673960824195,circular
685,1100,700,79.75064306197359,-85,-85,24.33271141113945,24.78833704083229,1350,700,163.83612895558187,6.3793673960824195,circular
686,1100,700,79.75064306197359,-85,-85,25.157178905256924,25.536951728381826,1350,700,170.21549635166429,6.3793673960824195,circular
687,1100,700,79.75064306197359,-85,-85,25.7492610641292,25.906018829630398,1350,700,176.5948637477467,6.3793673960824195,circular
688,1100,700,79.75064306197359,-85,-85,26.011117049096303,26.067010357935978,1350,700,182.97423114382912,6.3793673960824195,circular
689,1100,700,79.75064306197359,-85,-85,26.074956048612798,26.035130213615616,1350,700,189.35359853991153,6.3793673960824195,circular
690,1100,700,79.75064306197359,-85,-85,25.946643644493044,25.807460623826316,1350,700,195.73296593599395,6.3793673960824195,circular
691,1100,700,79.75064306197359,-85,-85,25.614204328866276,25.263344594616918,1350,700,202.11233333207636,6.3793673960824195,circular
692,1100,700,79.75064306197359,-85,-85,24.92014212493214,24.495315191602927,1350,700,208.49170072815878,6.3793673960824195,circular
693,1100,700,79.75064306197359,-85,-85,23.97102224645776,23.319699537123853,1350,700,214.8710681242412,6.3793673960824195,circular
694,1100,700,79.75064306197359,-85,-85,22.496022074683278,20.97742610025735,1350,700,221.2504355203236,6.3793673960824195,circular
695,1100,700,79.75064306197359,-85,-85,19.25639156218219,16.269948115724716,1350,700,227.62980291640602,6.3793673960824195,circular
696,1100,700,79.75064306197359,-85,-85,-85,-85,1350,700,234.00917031248844,6.3793673960824195,circular
697,1100,700,79.75064306197359,-85,-85,-85,-85,1350,700,240.38853770857085,6.3793673960824195,circular
698,1100,700,79.75064306197359,-85,-85,-85,-85,1350,700,246.76790510465327,6.3793673960824195,circular
699,1100,700,79.75064306197359,-85,-85,-85,-85,1350,700,253.14727250073568,6.3793673960824195,circular
700,1100,700,79.75064306197359,-85,-85,-85,-85,1350,700,259.5266398968181,6.3793673960824195,circular
701,1100,700,79.75064306197359,-85,-85,-85,-85,1350,700,265.90600729290054,6.3793673960824195,circular
702,1100,700,79.75064306197359,-85,-85,-85,-85,1350,700,272.285374688983,6.3793673960824195,circular
703,1100,700,79.75064306197359,-85,-85,-85,-85,1350,700,278.6647420850654,6.3793673960824195,circular
704,1100,700,79.75064306197359,-85,-85,-85,-85,1350,700,285.04410948114787,6.3793673960824195,circular
705,1100,700,79.75064306197359,-85,-85,-85,-85,1350,700,291.4234768772303,6.3793673960824195,circular
706,1100,700,79.75064306197359,-85,-85,-85,-85,1350,700,297.80284427331276,6.3793673960824195,circular
707,1100,700,79.75064306197359,-85,-85,-85,-85,1350,700,304.1822116693952,6.3793673960824195,circular
708,1100,700,79.75064306197359,-85,-85,-85,-85,1350,700,310.56157906547764,6.3793673960824195,circular
709,1100,700,79.75064306197359,-85,-85,-85,-85,1350,700,316.9409464615601,6.3793673960824195,circular
710,1100,700,79.75064306197359,-85,-85,-85,-85,1350,700,323.32031385764253,6.3793673960824195,circular
711,1100,700,79.75064306197359,-85,-85,-85,-85,1350,700,329.699681253725,6.3793673960824195,circular
712,1100,700,79.75064306197359,-85,-85,-85,-85,1350,700,336.0790486498074,6.3793673960824195,circular
713,1100,700,79.75064306197359,-85,-85,-85,-85,1350,700,342.45841604588986,6.3793673960824195,circular
714,1100,700,79.75064306197359,-85,-85,-85,-85,1350,700,348.8377834419723,6.3793673960824195,circular
715,1100,700,79.75064306197359,-85,-85,-85,-85,1350,700,355.21715083805475,6.3793673960824195,circular
716,1100,700,79.75064306197359,-85,-85,-85,-85,1350,700,1.5965182341371928,6.3793673960824195,circular
717,1100,700,79.75064306197359,-85,-85,-85,-85,1350,700,7.975885630219612,6.3793673960824195,circular
718,1100,700,79.75064306197359,-85,-85,-85,-85,1350,700,14.355253026302032,6.3793673960824195,circular
719,1100,700,79.75064306197359,-85,-85,-85,-85,1350,700,20.734620422384452,6.3793673960824195,circular
720,1100,700,79.75064306197359,-85,-85,-85,-85,1350,700,27.11398781846687,6.3793673960824195,circular
721,1100,700,79.75064306197359,-85,-85,-85,-85,1350,700,33.49335521454929,6.3793673960824195,circular
722,1100,700,79.75064306197359,-85,-85,-85,-85,1350,700,39.87272261063171,6.3793673960824195,circular
723,1100,700,79.75064306197359,-85,-85,-85,-85,1350,700,46.252090006714134,6.3793673960824195,circular
724,1100,700,79.75064306197359,-85,-85,-85,-85,1350,700,52.631457402796556,6.3793673960824195,circular
725,1100,700,79.75064306197359,-85,-85,-85,-85,1350,700,59.01082479887898,6.3793673960824195,circular
726,1100,700,79.75064306197359,-85,-85,-85,-85,1350,700,65.3901921949614,6.3793673960824195,circular
727,1100,700,79.75064306197359,-85,-85,-85,-85,1350,700,71.76955959104382,6.3793673960824195,circular
728,1100,700,79.75064306197359,-85,-85,-85,-85,1350,700,78.14892698712623,6.3793673960824195,circular
729,1100,700,79.75064306197359,-85,-85,-85,-85,1350,700,84.52829438320865,6.3793673960824195,circular
730,1100,700,79.75064306197359,-85,-85,-85,-85,1350,700,90.90766177929106,6.3793673960824195,circular
731,1100,700,79.75064306197359,-85,-85,-85,-85,1350,700,97.28702917537348,6.3793673960824195,circular
732,1100,700,79.75064306197359,-85,-85,-85,-85,1350,700,103.66639657145589,6.3793673960824195,circular
733,1100,700,79.75064306197359,-85,-85,-85,-85,1350,700,110.0457639675383,6.3793673960824195,circular
734,1100,700,79.75064306197359,-85,-85,-85,-85,1350,700,116.42513136362072,6.3793673960824195,circular
735,1100,700,79.75064306197359,-85,-85,-85,-85,1350,700,122.80449875970314,6.3793673960824195,circular
736,1100,700,79.75064306197359,-85,-85,-85,-85,1350,700,129.18386615578555,6.3793673960824195,circular
737,1100,700,79.75064306197359,-85,-85,-85,-85,1350,700,135.56323355186797,6.3793673960824195,circular
738,1100,700,79.75064306197359,-85,-85,-85,14.513447644213304,1350,700,141.94260094795038,6.3793673960824195,circular
739,1100,700,79.75064306197359,-85,-85,19.25639156218217,20.97742610025734,1350,700,148.3219683440328,6.3793673960824195,circular
740,1100,700,79.75064306197359,-85,-85,22.170735458799452,23.06730250275713,1350,700,154.7013357401152,6.3793673960824195,circular
741,1100,700,79.75064306197359,-85,-85,23.769789312347285,24.495315191602927,1350,700,161.08070313619763,6.3793673960824195,circular
742,1100,700,79.75064306197359,-85,-85,24.92014212493214,25.26334459461691,1350,700,167.46007053228004,6.3793673960824195,circular
743,1100,700,79.75064306197359,-85,-85,25.536951728381826,25.7492610641292,1350,700,173.83943792836246,6.3793673960824195,circular
744,1100,700,79.75064306197359,-85,-85,25.906018829630398,26.035130213615616,1350,700,180.21880532444487,6.3793673960824195,circular
745,1100,700,79.75064306197359,-85,-85,26.074956048612798,26.074956048612798,1350,700,186.5981727205273,6.3793673960824195,circular
746,1100,700,79.75064306197359,-85,-85,26.035130213615616,25.946643644493044,1350,700,192.9775401166097,6.3793673960824195,circular
747,1100,700,79.75064306197359,-85,-85,25.7492610641292,25.536951728381826,1350,700,199.35690751269212,6.3793673960824195,circular
748,1100,700,79.75064306197359,-85,-85,25.263344594616918,24.92014212493214,1350,700,205.73627490877453,6.3793673960824195,circular
749,1100,700,79.75064306197359,-85,-85,24.495315191602927,23.769789312347285,1350,700,212.11564230485695,6.3793673960824195,circular
750,1100,700,79.75064306197359,-85,-85,23.067302502757133,22.170735458799452,1350,700,218.49500970093936,6.3793673960824195,circular
751,1100,700,79.75064306197359,-85,-85,20.97742610025735,19.25639156218219,1350,700,224.87437709702178,6.3793673960824195,circular
752,1100,700,79.75064306197359,-85,-85,16.269948115724716,-85,1350,700,231.2537444931042,6.3793673960824195,circular
753,1100,700,79.75064306197359,-85,-85,-85,-85,1350,700,237.6331118891866,6.3793673960824195,circular
754,1100,700,79.75064306197359,-85,-85,-85,-85,1350,700,244.01247928526902,6.3793673960824195,circular
755,1100,700,79.75064306197359,-85,-85,-85,-85,1350,700,250.39184668135144,6.3793673960824195,circular
756,1100,700,79.75064306197359,-85,-85,-85,-85,1350,700,256.77121407743385,6.3793673960824195,circular
757,1100,700,79.75064306197359,-85,-85,-85,-85,1350,700,263.1505814735163,6.3793673960824195,circular
758,1100,700,79.75064306197359,-85,-85,-85,-85,1350,700,269.52994886959874,6.3793673960824195,circular
759,1100,700,79.75064306197359,-85,-85,-85,-85,1350,700,275.9093162656812,6.3793673960824195,circular
760,1100,700,79.75064306197359,-85,-85,-85,-85,1350,700,282.2886836617636,6.3793673960824195,circular
761,1100,700,79.75064306197359,-85,-85,-85,-85,1350,700,288.66805105784607,6.3793673960824195,circular
762,1100,700,79.75064306197359,-85,-85,-85,-85,1350,700,295.0474184539285,6.3793673960824195,circular
763,1100,700,79.75064306197359,-85,-85,-85,-85,1350,700,301.42678585001096,6.3793673960824195,circular
764,1100,700,79.75064306197359,-85,-85,-85,-85,1350,700,307.8061532460934,6.3793673960824195,circular
765,1100,700,79.75064306197359,-85,-85,-85,-85,1350,700,314.18552064217585,6.3793673960824195,circular
766,1100,700,79.75064306197359,-85,-85,-85,-85,1350,700,320.5648880382583,6.3793673960824195,circular
767,1100,700,79.75064306197359,-85,-85,-85,-85,1350,700,326.94425543434073,6.3793673960824195,circular
768,1100,700,79.75064306197359,-85,-85,-85,-85,1350,700,333.3236228304232,6.3793673960824195,circular
769,1100,700,79.75064306197359,-85,-85,-85,-85,1350,700,339.7029902265056,6.3793673960824195,circular
770,1100,700,79.75064306197359,-85,-85,-85,-85,1350,700,346.08235762258806,6.3793673960824195,circular
771,1100,700,79.75064306197359,-85,-85,-85,-85,1350,700,352.4617250186705,6.3793673960824195,circular
772,1100,700,79.75064306197359,-85,-85,-85,-85,1350,700,358.84109241475295,6.3793673960824195,circular
773,1100,700,79.75064306197359,-85,-85,-85,-85,1350,700,5.2204598108353935,6.3793673960824195,circular
774,1100,700,79.75064306197359,-85,-85,-85,-85,1350,700,11.599827206917812,6.3793673960824195,circular
775,1100,700,79.75064306197359,-85,-85,-85,-85,1350,700,17.97919460300023,6.3793673960824195,circular
776,1100,700,79.75064306197359,-85,-85,-85,-85,1350,700,24.35856199908265,6.3793673960824195,circular
777,1100,700,79.75064306197359,-85,-85,-85,-85,1350,700,30.737929395165068,6.3793673960824195,circular
778,1100,700,79.75064306197359,-85,-85,-85,-85,1350,700,37.11729679124749,6.3793673960824195,circular
779,1100,700,79.75064306197359,-85,-85,-85,-85,1350,700,43.49666418732991,6.3793673960824195,circular
780,1100,700,79.75064306197359,-85,-85,-85,-85,1350,700,49.876031583412335,6.3793673960824195,circular
781,1100,700,79.75064306197359,-85,-85,-85,-85,1350,700,56.25539897949476,6.3793673960824195,circular
782,1100,700,79.75064306197359,-85,-85,-85,-85,1350,700,62.63476637557718,6.3793673960824195,circular
783,1100,700,79.75064306197359,-85,-85,-85,-85,1350,700,69.0141337716596,6.3793673960824195,circular
784,1100,700,79.75064306197359,-85,-85,-85,-85,1350,700,75.39350116774202,6.3793673960824195,circular
785,1100,700,79.75064306197359,-85,-85,-85,-85,1350,700,81.77286856382443,6.3793673960824195,circular
786,1100,700,79.75064306197359,-85,-85,-85,-85,1350,700,88.15223595990685,6.3793673960824195,circular
787,1100,700,79.75064306197359,-85,-85,-85,-85,1350,700,94.53160335598926,6.3793673960824195,circular
788,1100,700,79.75064306197359,-85,-85,-85,-85,1350,700,100.91097075207168,6.3793673960824195,circular
789,1100,700,79.75064306197359,-85,-85,-85,-85,1350,700,107.29033814815409,6.3793673960824195,circular
790,1100,700,79.75064306197359,-85,-85,-85,-85,1350,700,113.6697055442365,6.3793673960824195,circular
791,1100,700,79.75064306197359,-85,-85,-85,-85,1350,700,120.04907294031892,6.3793673960824195,circular
792,1100,700,79.75064306197359,-85,-85,-85,-85,1350,700,126.42844033640134,6.3793673960824195,circular
793,1100,700,79.75064306197359,-85,-85,-85,-85,1350,700,132.80780773248375,6.3793673960824195,circular
794,1100,700,79.75064306197359,-85,-85,-85,-85,1350,700,139.18717512856617,6.3793673960824195,circular
795,1100,700,79.75064306197359,-85,-85,16.269948115724727,19.25639156218217,1350,700,145.56654252464858,6.3793673960824195,circular
796,1100,700,79.75064306197359,-85,-85,20.97742610025734,22.170735458799452,1350,700,151.945909920731,6.3793673960824195,circular
797,1100,700,79.75064306197359,-85,-85,23.31969953712386,23.971022246457757,1350,700,158.3252773168134,6.3793673960824195,circular
798,1100,700,79.75064306197359,-85,-85,24.495315191602927,24.92014212493214,1350,700,164.70464471289583,6.3793673960824195,circular
799,1100,700,79.75064306197359,-85,-85,25.26334459461691,25.614204328866276,1350,700,171.08401210897824,6.3793673960824195,circular
800,1100,700,79.75064306197359,-85,-85,25.80746062382631,25.946643644493044,1350,700,177.46337950506066,6.3793673960824195,circular
801,1100,700,79.75064306197359,-85,-85,26.035130213615616,26.074956048612798,1350,700,183.84274690114307,6.3793673960824195,circular
802,1100,700,79.75064306197359,-85,-85,26.074956048612798,26.011117049096303,1350,700,190.2221142972255,6.3793673960824195,circular
803,1100,700,79.75064306197359,-85,-85,25.906018829630398,25.7492610641292,1350,700,196.6014816933079,6.3793673960824195,circular
804,1100,700,79.75064306197359,-85,-85,25.536951728381826,25.263344594616918,1350,700,202.98084908939032,6.3793673960824195,circular
805,1100,700,79.75064306197359,-85,-85,24.788337040832293,24.332711411139446,1350,700,209.36021648547273,6.3793673960824195,circular
806,1100,700,79.75064306197359,-85,-85,23.769789312347285,23.067302502757133,1350,700,215.73958388155515,6.3793673960824195,circular
807,1100,700,79.75064306197359,-85,-85,22.170735458799452,20.48098321025059,1350,700,222.11895127763756,6.3793673960824195,circular
808,1100,700,79.75064306197359,-85,-85,18.474304759512954,14.513447644213265,1350,700,228.49831867371998,6.3793673960824195,circular
809,1100,700,79.75064306197359,-85,-85,-85,-85,1350,700,234.8776860698024,6.3793673960824195,circular
810,1100,700,79.75064306197359,-85,-85,-85,-85,1350,700,241.2570534658848,6.3793673960824195,circular
811,1100,700,79.75064306197359,-85,-85,-85,-85,1350,700,247.63642086196722,6.3793673960824195,circular
812,1100,700,79.75064306197359,-85,-85,-85,-85,1350,700,254.01578825804964,6.3793673960824195,circular
813,1100,700,79.75064306197359,-85,-85,-85,-85,1350,700,260.39515565413205,6.3793673960824195,circular
814,1100,700,79.75064306197359,-85,-85,-85,-85,1350,700,266.7745230502145,6.3793673960824195,circular
815,1100,700,79.75064306197359,-85,-85,-85,-85,1350,700,273.15389044629694,6.3793673960824195,circular
816,1100,700,79.75064306197359,-85,-85,-85,-85,1350,700,279.5332578423794,6.3793673960824195,circular
817,1100,700,79.75064306197359,-85,-85,-85,-85,1350,700,285.9126252384618,6.3793673960824195,circular
818,1100,700,79.75064306197359,-85,-85,-85,-85,1350,700,292.2919926345443,6.3793673960824195,circular
819,1100,700,79.75064306197359,-85,-85,-85,-85,1350,700,298.6713600306267,6.3793673960824195,circular
820,1100,700,79.75064306197359,-85,-85,-85,-85,1350,700,305.05072742670916,6.3793673960824195,circular
821,1100,700,79.75064306197359,-85,-85,-85,-85,1350,700,311.4300948227916,6.3793673960824195,circular
822,1100,700,79.75064306197359,-85,-85,-85,-85,1350,700,317.80946221887405,6.3793673960824195,circular
823,1100,700,79.75064306197359,-85,-85,-85,-85,1350,700,324.1888296149565,6.3793673960824195,circular
824,1100,700,79.75064306197359,-85,-85,-85,-85,1350,700,330.56819701103893,6.3793673960824195,circular
825,1100,700,79.75064306197359,-85,-85,-85,-85,1350,700,336.9475644071214,6.3793673960824195,circular
826,1100,700,79.75064306197359,-85,-85,-85,-85,1350,700,343.3269318032038,6.3793673960824195,circular
827,1100,700,79.75064306197359,-85,-85,-85,-85,1350,700,349.70629919928626,6.3793673960824195,circular
828,1100,700,79.75064306197359,-85,-85,-85,-85,1350,700,356.0856665953687,6.3793673960824195,circular
829,1100,700,79.75064306197359,-85,-85,-85,-85,1350,700,2.4650339914511505,6.3793673960824195,circular
830,1100,700,79.75064306197359,-85,-85,-85,-85,1350,700,8.84440138753357,6.3793673960824195,circular
831,1100,700,79.75064306197359,-85,-85,-85,-85,1350,700,15.223768783615988,6.3793673960824195,circular
832,1100,700,79.75064306197359,-85,-85,-85,-85,1350,700,21.603136179698406,6.3793673960824195,circular
833,1100,700,79.75064306197359,-85,-85,-85,-85,1350,700,27.982503575780825,6.3793673960824195,circular
834,1100,700,79.75064306197359,-85,-85,-85,-85,1350,700,34.36187097186325,6.3793673960824195,circular
835,1100,700,79.75064306197359,-85,-85,-85,-85,1350,700,40.74123836794567,6.3793673960824195,circular
836,1100,700,79.75064306197359,-85,-85,-85,-85,1350,700,47.12060576402809,6.3793673960824195,circular
837,1100,700,79.75064306197359,-85,-85,-85,-85,1350,700,53.499973160110514,6.3793673960824195,circular
838,1100,700,79.75064306197359,-85,-85,-85,-85,1350,700,59.879340556192936,6.3793673960824195,circular
839,1100,700,79.75064306197359,-85,-85,-85,-85,1350,700,66.25870795227536,6.3793673960824195,circular
840,1100,700,79.75064306197359,-85,-85,-85,-85,1350,700,72.63807534835777,6.3793673960824195,circular
841,1100,700,79.75064306197359,-85,-85,-85,-85,1350,700,79.01744274444019,6.3793673960824195,circular
842,1100,700,79.75064306197359,-85,-85,-85,-85,1350,700,85.3968101405226,6.3793673960824195,circular
843,1100,700,79.75064306197359,-85,-85,-85,-85,1350,700,91.77617753660502,6.3793673960824195,circular
844,1100,700,79.75064306197359,-85,-85,-85,-85,1350,700,98.15554493268743,6.3793673960824195,circular
845,1100,700,79.75064306197359,-85,-85,-85,-85,1350,700,104.53491232876985,6.3793673960824195,circular
846,1100,700,79.75064306197359,-85,-85,-85,-85,1350,700,110.91427972485226,6.3793673960824195,circular
847,1100,700,79.75064306197359,-85,-85,-85,-85,1350,700,117.29364712093468,6.3793673960824195,circular
848,1100,700,79.75064306197359,-85,-85,-85,-85,1350,700,123.6730145170171,6.3793673960824195,circular
849,1100,700,79.75064306197359,-85,-85,-85,-85,1350,700,130.0523819130995,6.3793673960824195,circular
850,1100,700,79.75064306197359,-85,-85,-85,-85,1350,700,136.43174930918192,6.3793673960824195,circular
851,1100,700,79.75064306197359,-85,-85,-85,16.269948115724727,1350,700,142.81111670526434,6.3793673960824195,circular
852,1100,700,79.75064306197359,-85,-85,19.25639156218217,21.41811930585211,1350,700,149.19048410134675,6.3793673960824195,circular
853,1100,700,79.75064306197359,-85,-85,22.496022074683278,23.31969953712386,1350,700,155.56985149742917,6.3793673960824195,circular
854,1100,700,79.75064306197359,-85,-85,23.971022246457757,24.495315191602927,1350,700,161.94921889351158,6.3793673960824195,circular
855,1100,700,79.75064306197359,-85,-85,25.042923900792417,25.36180729449956,1350,700,168.328586289594,6.3793673960824195,circular
856,1100,700,79.75064306197359,-85,-85,25.614204328866276,25.80746062382631,1350,700,174.70795368567642,6.3793673960824195,circular
857,1100,700,79.75064306197359,-85,-85,25.946643644493044,26.053745949214605,1350,700,181.08732108175883,6.3793673960824195,circular
858,1100,700,79.75064306197359,-85,-85,26.077602459396946,26.067010357935978,1350,700,187.46668847784125,6.3793673960824195,circular
859,1100,700,79.75064306197359,-85,-85,26.011117049096303,25.906018829630398,1350,700,193.84605587392366,6.3793673960824195,circular
860,1100,700,79.75064306197359,-85,-85,25.7492610641292,25.452908776355446,1350,700,200.22542327000608,6.3793673960824195,circular
861,1100,700,79.75064306197359,-85,-85,25.157178905256924,24.788337040832293,1350,700,206.6047906660885,6.3793673960824195,circular
862,1100,700,79.75064306197359,-85,-85,24.332711411139446,23.769789312347285,1350,700,212.9841580621709,6.3793673960824195,circular
863,1100,700,79.75064306197359,-85,-85,22.793695368992225,21.81335663023087,1350,700,219.36352545825332,6.3793673960824195,circular
864,1100,700,79.75064306197359,-85,-85,20.48098321025059,18.474304759512954,1350,700,225.74289285433574,6.3793673960824195,circular
865,1100,700,79.75064306197359,-85,-85,14.513447644213265,-85,1350,700,232.12226025041815,6.3793673960824195,circular
866,1100,700,79.75064306197359,-85,-85,-85,-85,1350,700,238.50162764650057,6.3793673960824195,circular
867,1100,700,79.75064306197359,-85,-85,-85,-85,1350,700,244.88099504258298,6.3793673960824195,circular
868,1100,700,79.75064306197359,-85,-85,-85,-85,1350,700,251.2603624386654,6.3793673960824195,circular
869,1100,700,79.75064306197359,-85,-85,-85,-85,1350,700,257.6397298347478,6.3793673960824195,circular
870,1100,700,79.75064306197359,-85,-85,-85,-85,1350,700,264.01909723083025,6.3793673960824195,circular
871,1100,700,79.75064306197359,-85,-85,-85,-85,1350,700,270.3984646269127,6.3793673960824195,circular
872,1100,700,79.75064306197359,-85,-85,-85,-85,1350,700,276.77783202299514,6.3793673960824195,circular
873,1100,700,79.75064306197359,-85,-85,-85,-85,1350,700,283.1571994190776,6.3793673960824195,circular
874,1100,700,79.75064306197359,-85,-85,-85,-85,1350,700,289.53656681516003,6.3793673960824195,circular
875,1100,700,79.75064306197359,-85,-85,-85,-85,1350,700,295.9159342112425,6.3793673960824195,circular
876,1100,700,79.75064306197359,-85,-85,-85,-85,1350,700,302.2953016073249,6.3793673960824195,circular
877,1100,700,79.75064306197359,-85,-85,-85,-85,1350,700,308.67466900340736,6.3793673960824195,circular
878,1100,700,79.75064306197359,-85,-85,-85,-85,1350,700,315.0540363994898,6.3793673960824195,circular
879,1100,700,79.75064306197359,-85,-85,-85,-85,1350,700,321.43340379557225,6.3793673960824195,circular
880,1100,700,79.75064306197359,-85,-85,-85,-85,1350,700,327.8127711916547,6.3793673960824195,circular
881,1100,700,79.75064306197359,-85,-85,-85,-85,1350,700,334.19213858773713,6.3793673960824195,circular
882,1100,700,79.75064306197359,-85,-85,-85,-85,1350,700,340.5715059838196,6.3793673960824195,circular
883,1100,700,79.75064306197359,-85,-85,-85,-85,1350,700,346.950873379902,6.3793673960824195,circular
884,1100,700,79.75064306197359,-85,-85,-85,-85,1350,700,353.33024077598446,6.3793673960824195,circular
885,1100,700,79.75064306197359,-85,-85,-85,-85,1350,700,359.7096081720669,6.3793673960824195,circular
886,1100,700,79.75064306197359,-85,-85,-85,-85,1350,700,6.088975568149351,6.3793673960824195,circular
887,1100,700,79.75064306197359,-85,-85,-85,-85,1350,700,12.46834296423177,6.3793673960824195,circular
888,1100,700,79.75064306197359,-85,-85,-85,-85,1350,700,18.84771036031419,6.3793673960824195,circular
889,1100,700,79.75064306197359,-85,-85,-85,-85,1350,700,25.227077756396607,6.3793673960824195,circular
890,1100,700,79.75064306197359,-85,-85,-85,-85,1350,700,31.606445152479026,6.3793673960824195,circular
891,1100,700,79.75064306197359,-85,-85,-85,-85,1350,700,37.98581254856145,6.3793673960824195,circular
892,1100,700,79.75064306197359,-85,-85,-85,-85,1350,700,44.36517994464387,6.3793673960824195,circular
893,1100,700,79.75064306197359,-85,-85,-85,-85,1350,700,50.74454734072629,6.3793673960824195,circular
894,1100,700,79.75064306197359,-85,-85,-85,-85,1350,700,57.123914736808715,6.3793673960824195,circular
895,1100,700,79.75064306197359,-85,-85,-85,-85,1350,700,63.50328213289114,6.3793673960824195,circular
896,1100,700,79.75064306197359,-85,-85,-85,-85,1350,700,69.88264952897356,6.3793673960824195,circular
897,1100,700,79.75064306197359,-85,-85,-85,-85,1350,700,76.26201692505597,6.3793673960824195,circular
898,1100,700,79.75064306197359,-85,-85,-85,-85,1350,700,82.64138432113839,6.3793673960824195,circular
899,1100,700,79.75064306197359,-85,-85,-85,-85,1350,700,89.0207517172208,6.3793673960824195,circular
900,1100,700,79.75064306197359,-85,-85,-85,-85,1350,700,95.40011911330322,6.3793673960824195,circular
901,1100,700,79.75064306197359,-85,-85,-85,-85,1350,700,101.77948650938563,6.3793673960824195,circular
902,1100,700,79.75064306197359,-85,-85,-85,-85,1350,700,108.15885390546805,6.3793673960824195,circular
903,1100,700,79.75064306197359,-85,-85,-85,-85,1350,700,114.53822130155046,6.3793673960824195,circular
904,1100,700,79.75064306197359,-85,-85,-85,-85,1350,700,120.91758869763288,6.3793673960824195,circular
905,1100,700,79.75064306197359,-85,-85,-85,-85,1350,700,127.2969560937153,6.3793673960824195,circular
906,1100,700,79.75064306197359,-85,-85,-85,-85,1350,700,133.6763234897977,6.3793673960824195,circular
907,1100,700,79.75064306197359,-85,-85,-85,11.505794098357505,1350,700,140.05569088588013,6.3793673960824195,circular
908,1100,700,79.75064306197359,-85,-85,17.513155499392102,19.91435422725632,1350,700,146.43505828196254,6.3793673960824195,circular
909,1100,700,79.75064306197359,-85,-85,21.41811930585211,22.496022074683278,1350,700,152.81442567804496,6.3793673960824195,circular
910,1100,700,79.75064306197359,-85,-85,23.31969953712386,24.1582774269213,1350,700,159.19379307412737,6.3793673960824195,circular
911,1100,700,79.75064306197359,-85,-85,24.646943359767004,25.042923900792417,1350,700,165.57316047020979,6.3793673960824195,circular
912,1100,700,79.75064306197359,-85,-85,25.36180729449956,25.614204328866276,1350,700,171.9525278662922,6.3793673960824195,circular
913,1100,700,79.75064306197359,-85,-85,25.859665714847075,25.9816463993744,1350,700,178.33189526237462,6.3793673960824195,circular
914,1100,700,79.75064306197359,-85,-85,26.053745949214605,26.077602459396946,1350,700,184.71126265845703,6.3793673960824195,circular
915,1100,700,79.75064306197359,-85,-85,26.067010357935978,25.9816463993744,1350,700,191.09063005453945,6.3793673960824195,circular
916,1100,700,79.75064306197359,-85,-85,25.859665714847075,25.684904084789977,1350,700,197.46999745062186,6.3793673960824195,circular
917,1100,700,79.75064306197359,-85,-85,25.452908776355446,25.157178905256924,1350,700,203.84936484670428,6.3793673960824195,circular
918,1100,700,79.75064306197359,-85,-85,24.788337040832293,24.1582774269213,1350,700,210.2287322427867,6.3793673960824195,circular
919,1100,700,79.75064306197359,-85,-85,23.553218972269416,22.793695368992225,1350,700,216.6080996388691,6.3793673960824195,circular
920,1100,700,79.75064306197359,-85,-85,21.81335663023087,20.48098321025059,1350,700,222.98746703495152,6.3793673960824195,circular
921,1100,700,79.75064306197359,-85,-85,17.51315549939211,11.50579409835762,1350,700,229.36683443103394,6.3793673960824195,circular
922,1100,700,79.75064306197359,-85,-85,-85,-85,1350,700,235.74620182711635,6.3793673960824195,circular
923,1100,700,79.75064306197359,-85,-85,-85,-85,1350,700,242.12556922319877,6.3793673960824195,circular
924,1100,700,79.75064306197359,-85,-85,-85,-85,1350,700,248.50493661928118,6.3793673960824195,circular
925,1100,700,79.75064306197359,-85,-85,-85,-85,1350,700,254.8843040153636,6.3793673960824195,circular
926,1100,700,79.75064306197359,-85,-85,-85,-85,1350,700,261.263671411446,6.3793673960824195,circular
927,1100,700,79.75064306197359,-85,-85,-85,-85,1350,700,267.64303880752846,6.3793673960824195,circular
928,1100,700,79.75064306197359,-85,-85,-85,-85,1350,700,274.0224062036109,6.3793673960824195,circular
929,1100,700,79.75064306197359,-85,-85,-85,-85,1350,700,280.40177359969334,6.3793673960824195,circular
930,1100,700,79.75064306197359,-85,-85,-85,-85,1350,700,286.7811409957758,6.3793673960824195,circular
931,1100,700,79.75064306197359,-85,-85,-85,-85,1350,700,293.16050839185823,6.3793673960824195,circular
932,1100,700,79.75064306197359,-85,-85,-85,-85,1350,700,299.5398757879407,6.3793673960824195,circular
933,1100,700,79.75064306197359,-85,-85,-85,-85,1350,700,305.9192431840231,6.3793673960824195,circular
934,1100,700,79.75064306197359,-85,-85,-85,-85,1350,700,312.29861058010556,6.3793673960824195,circular
935,1100,700,79.75064306197359,-85,-85,-85,-85,1350,700,318.677977976188,6.3793673960824195,circular
936,1100,700,79.75064306197359,-85,-85,-85,-85,1350,700,325.05734537227045,6.3793673960824195,circular
937,1100,700,79.75064306197359,-85,-85,-85,-85,1350,700,331.4367127683529,6.3793673960824195,circular
938,1100,700,79.75064306197359,-85,-85,-85,-85,1350,700,337.81608016443533,6.3793673960824195,circular
939,1100,700,79.75064306197359,-85,-85,-85,-85,1350,700,344.1954475605178,6.3793673960824195,circular
940,1100,700,79.75064306197359,-85,-85,-85,-85,1350,700,350.5748149566002,6.3793673960824195,circular
941,1100,700,79.75064306197359,-85,-85,-85,-85,1350,700,356.95418235268266,6.3793673960824195,circular
942,1100,700,79.75064306197359,-85,-85,-85,-85,1350,700,3.3335497487651082,6.3793673960824195,circular
943,1100,700,79.75064306197359,-85,-85,-85,-85,1350,700,9.712917144847527,6.3793673960824195,circular
944,1100,700,79.75064306197359,-85,-85,-85,-85,1350,700,16.092284540929946,6.3793673960824195,circular
945,1100,700,79.75064306197359,-85,-85,-85,-85,1350,700,22.471651937012364,6.3793673960824195,circular
946,1100,700,79.75064306197359,-85,-85,-85,-85,1350,700,28.851019333094783,6.3793673960824195,circular
947,1100,700,79.75064306197359,-85,-85,-85,-85,1350,700,35.230386729177205,6.3793673960824195,circular
948,1100,700,79.75064306197359,-85,-85,-85,-85,1350,700,41.60975412525963,6.3793673960824195,circular
949,1100,700,79.75064306197359,-85,-85,-85,-85,1350,700,47.98912152134205,6.3793673960824195,circular
950,1100,700,79.75064306197359,-85,-85,-85,-85,1350,700,54.36848891742447,6.3793673960824195,circular
951,1100,700,79.75064306197359,-85,-85,-85,-85,1350,700,60.747856313506894,6.3793673960824195,circular
952,1100,700,79.75064306197359,-85,-85,-85,-85,1350,700,67.12722370958932,6.3793673960824195,circular
953,1100,700,79.75064306197359,-85,-85,-85,-85,1350,700,73.50659110567173,6.3793673960824195,circular
954,1100,700,79.75064306197359,-85,-85,-85,-85,1350,700,79.88595850175415,6.3793673960824195,circular
955,1100,700,79.75064306197359,-85,-85,-85,-85,1350,700,86.26532589783656,6.3793673960824195,circular
956,1100,700,79.75064306197359,-85,-85,-85,-85,1350,700,92.64469329391898,6.3793673960824195,circular
957,1100,700,79.75064306197359,-85,-85,-85,-85,1350,700,99.02406069000139,6.3793673960824195,circular
958,1100,700,79.75064306197359,-85,-85,-85,-85,1350,700,105.4034280860838,6.3793673960824195,circular
959,1100,700,79.75064306197359,-85,-85,-85,-85,1350,700,111.78279548216622,6.3793673960824195,circular
960,1100,700,79.75064306197359,-85,-85,-85,-85,1350,700,118.16216287824864,6.3793673960824195,circular
961,1100,700,79.75064306197359,-85,-85,-85,-85,1350,700,124.54153027433105,6.3793673960824195,circular
962,1100,700,79.75064306197359,-85,-85,-85,-85,1350,700,130.92089767041347,6.3793673960824195,circular
963,1100,700,79.75064306197359,-85,-85,-85,-85,1350,700,137.30026506649588,6.3793673960824195,circular
964,1100,700,79.75064306197359,-85,-85,11.505794098357505,17.513155499392102,1350,700,143.6796324625783,6.3793673960824195,circular
965,1100,700,79.75064306197359,-85,-85,19.91435422725632,21.813356630230874,1350,700,150.0589998586607,6.3793673960824195,circular
966,1100,700,79.75064306197359,-85,-85,22.793695368992218,23.553218972269416,1350,700,156.43836725474313,6.3793673960824195,circular
967,1100,700,79.75064306197359,-85,-85,24.1582774269213,24.646943359767004,1350,700,162.81773465082554,6.3793673960824195,circular
968,1100,700,79.75064306197359,-85,-85,25.042923900792417,25.452908776355446,1350,700,169.19710204690796,6.3793673960824195,circular
969,1100,700,79.75064306197359,-85,-85,25.684904084789974,25.859665714847075,1350,700,175.57646944299037,6.3793673960824195,circular
970,1100,700,79.75064306197359,-85,-85,25.9816463993744,26.053745949214605,1350,700,181.9558368390728,6.3793673960824195,circular
971,1100,700,79.75064306197359,-85,-85,26.077602459396946,26.053745949214605,1350,700,188.3352042351552,6.3793673960824195,circular
972,1100,700,79.75064306197359,-85,-85,25.9816463993744,25.859665714847075,1350,700,194.71457163123762,6.3793673960824195,circular
973,1100,700,79.75064306197359,-85,-85,25.684904084789977,25.361807294499556,1350,700,201.09393902732003,6.3793673960824195,circular
974,1100,700,79.75064306197359,-85,-85,25.042923900792417,24.646943359767004,1350,700,207.47330642340245,6.3793673960824195,circular
975,1100,700,79.75064306197359,-85,-85,24.1582774269213,23.553218972269416,1350,700,213.85267381948486,6.3793673960824195,circular
976,1100,700,79.75064306197359,-85,-85,22.793695368992225,21.418119305852123,1350,700,220.23204121556728,6.3793673960824195,circular
977,1100,700,79.75064306197359,-85,-85,19.914354227256315,17.51315549939211,1350,700,226.6114086116497,6.3793673960824195,circular
978,1100,700,79.75064306197359,-85,-85,11.50579409835762,-85,1350,700,232.9907760077321,6.3793673960824195,circular
979,1100,700,79.75064306197359,-85,-85,-85,-85,1350,700,239.37014340381452,6.3793673960824195,circular
980,1100,700,79.75064306197359,-85,-85,-85,-85,1350,700,245.74951079989694,6.3793673960824195,circular
981,1100,700,79.75064306197359,-85,-85,-85,-85,1350,700,252.12887819597935,6.3793673960824195,circular
982,1100,700,79.75064306197359,-85,-85,-85,-85,1350,700,258.50824559206177,6.3793673960824195,circular
983,1100,700,79.75064306197359,-85,-85,-85,-85,1350,700,264.8876129881442,6.3793673960824195,circular
984,1100,700,79.75064306197359,-85,-85,-85,-85,1350,700,271.26698038422666,6.3793673960824195,circular
985,1100,700,79.75064306197359,-85,-85,-85,-85,1350,700,277.6463477803091,6.3793673960824195,circular
986,1100,700,79.75064306197359,-85,-85,-85,-85,1350,700,284.02571517639154,6.3793673960824195,circular
987,1100,700,79.75064306197359,-85,-85,-85,-85,1350,700,290.405082572474,6.3793673960824195,circular
988,1100,700,79.75064306197359,-85,-85,-85,-85,1350,700,296.78444996855643,6.3793673960824195,circular
989,1100,700,79.75064306197359,-85,-85,-85,-85,1350,700,303.1638173646389,6.3793673960824195,circular
990,1100,700,79.75064306197359,-85,-85,-85,-85,1350,700,309.5431847607213,6.3793673960824195,circular
991,1100,700,79.75064306197359,-85,-85,-85,-85,1350,700,315.92255215680376,6.3793673960824195,circular
992,1100,700,79.75064306197359,-85,-85,-85,-85,1350,700,322.3019195528862,6.3793673960824195,circular
993,1100,700,79.75064306197359,-85,-85,-85,-85,1350,700,328.68128694896865,6.3793673960824195,circular
994,1100,700,79.75064306197359,-85,-85,-85,-85,1350,700,335.0606543450511,6.3793673960824195,circular
995,1100,700,79.75064306197359,-85,-85,-85,-85,1350,700,341.44002174113353,6.3793673960824195,circular
996,1100,700,79.75064306197359,-85,-85,-85,-85,1350,700,347.819389137216,6.3793673960824195,circular
997,1100,700,79.75064306197359,-85,-85,-85,-85,1350,700,354.1987565332984,6.3793673960824195,circular
998,1100,700,79.75064306197359,-85,-85,-85,-85,1350,700,0.5781239293808653,6.3793673960824195,circular
999,1100,700,79.75064306197359,-85,-85,-85,-85,1350,700,6.957491325463285,6.3793673960824195,circular
