Tick,Aircraft X,Aircraft Y,Aircraft Heading,A1,A2,A3,A4,Radar X,Radar Y,Radar Azimuth,Radar RPM,Radar Scan Pattern
0,1100,700,138.69376135986306,-85,-85,-85,-85,1350,700,292.34570620314616,11.411649205244085,circular
1,1100,700,138.69376135986306,-85,-85,-85,-85,1350,700,303.75735540839025,11.411649205244085,circular
2,1100,700,138.69376135986306,-85,-85,-85,-85,1350,700,315.16900461363434,11.411649205244085,circular
3,1100,700,138.69376135986306,-85,-85,-85,-85,1350,700,326.58065381887843,11.411649205244085,circular
4,1100,700,138.69376135986306,-85,-85,-85,-85,1350,700,337.9923030241225,11.411649205244085,circular
5,1100,700,138.69376135986306,-85,-85,-85,-85,1350,700,349.4039522293666,11.411649205244085,circular
6,1100,700,138.69376135986306,-85,-85,-85,-85,1350,700,0.8156014346106986,11.411649205244085,circular
7,1100,700,138.69376135986306,-85,-85,-85,-85,1350,700,12.227250639854784,11.411649205244085,circular
8,1100,700,138.69376135986306,-85,-85,-85,-85,1350,700,23.63889984509887,11.411649205244085,circular
9,1100,700,138.69376135986306,-85,-85,-85,-85,1350,700,35.05054905034295,11.411649205244085,circular
10,1100,700,138.69376135986306,-85,-85,-85,-85,1350,700,46.46219825558704,11.411649205244085,circular
11,1100,700,138.69376135986306,-85,-85,-85,-85,1350,700,57.87384746083113,11.411649205244085,circular
12,1100,700,138.69376135986306,-85,-85,-85,-85,1350,700,69.28549666607522,11.411649205244085,circular
13,1100,700,138.69376135986306,-85,-85,-85,-85,1350,700,80.69714587131931,11.411649205244085,circular
14,1100,700,138.69376135986306,-85,-85,-85,-85,1350,700,92.1087950765634,11.411649205244085,circular
15,1100,700,138.69376135986306,-85,-85,-85,-85,1350,700,103.52044428180749,11.411649205244085,circular
16,1100,700,138.69376135986306,-85,-85,-85,-85,1350,700,114.93209348705157,11.411649205244085,circular
17,1100,700,138.69376135986306,-85,-85,-85,-85,1350,700,126.34374269229566,11.411649205244085,circular
18,1100,700,138.69376135986306,-85,-85,-85,-85,1350,700,137.75539189753974,11.411649205244085,circular
19,1100,700,138.69376135986306,-85,11.505794098357505,16.269948115724727,-85,1350,700,149.16704110278383,11.411649205244085,circular
20,1100,700,138.69376135986306,-85,22.170735458799452,23.06730250275713,-85,1350,700,160.57869030802792,11.411649205244085,circular
21,1100,700,138.69376135986306,-85,24.78833704083229,25.042923900792417,-85,1350,700,171.990339513272,11.411649205244085,circular
22,1100,700,138.69376135986306,-85,25.80746062382631,25.946643644493044,-85,1350,700,183.4019887185161,11.411649205244085,circular
23,1100,700,138.69376135986306,-85,26.074956048612798,26.053745949214605,-85,1350,700,194.81363792376018,11.411649205244085,circular
24,1100,700,138.69376135986306,-85,25.684904084789977,25.536951728381826,-85,1350,700,206.22528712900427,11.411649205244085,circular
25,1100,700,138.69376135986306,-85,24.495315191602927,23.97102224645776,-85,1350,700,217.63693633424836,11.411649205244085,circular
26,1100,700,138.69376135986306,-85,21.418119305852123,20.48098321025059,-85,1350,700,229.04858553949245,11.411649205244085,circular
27,1100,700,138.69376135986306,-85,-85,-85,-85,1350,700,240.46023474473654,11.411649205244085,circular
28,1100,700,138.69376135986306,-85,-85,-85,-85,1350,700,251.87188394998063,11.411649205244085,circular
29,1100,700,138.69376135986306,-85,-85,-85,-85,1350,700,263.2835331552247,11.411649205244085,circular
30,1100,700,138.69376135986306,-85,-85,-85,-85,1350,700,274.6951823604688,11.411649205244085,circular
31,1100,700,138.69376135986306,-85,-85,-85,-85,1350,700,286.10683156571287,11.411649205244085,circular
32,1100,700,138.69376135986306,-85,-85,-85,-85,1350,700,297.51848077095696,11.411649205244085,circular
33,1100,700,138.69376135986306,-85,-85,-85,-85,1350,700,308.93012997620104,11.411649205244085,circular
34,1100,700,138.69376135986306,-85,-85,-85,-85,1350,700,320.34177918144513,11.411649205244085,circular
35,1100,700,138.69376135986306,-85,-85,-85,-85,1350,700,331.7534283866892,11.411649205244085,circular
36,1100,700,138.69376135986306,-85,-85,-85,-85,1350,700,343.1650775919333,11.411649205244085,circular
37,1100,700,138.69376135986306,-85,-85,-85,-85,1350,700,354.5767267971774,11.411649205244085,circular
38,1100,700,138.69376135986306,-85,-85,-85,-85,1350,700,5.988376002421489,11.411649205244085,circular
39,1100,700,138.69376135986306,-85,-85,-85,-85,1350,700,17.400025207665575,11.411649205244085,circular
40,1100,700,138.69376135986306,-85,-85,-85,-85,1350,700,28.81167441290966,11.411649205244085,circular
41,1100,700,138.69376135986306,-85,-85,-85,-85,1350,700,40.22332361815374,11.411649205244085,circular
42,1100,700,138.69376135986306,-85,-85,-85,-85,1350,700,51.63497282339783,11.411649205244085,circular
43,1100,700,138.69376135986306,-85,-85,-85,-85,1350,700,63.04662202864192,11.411649205244085,circular
44,1100,700,138.69376135986306,-85,-85,-85,-85,1350,700,74.45827123388601,11.411649205244085,circular
45,1100,700,138.69376135986306,-85,-85,-85,-85,1350,700,85.8699204391301,11.411649205244085,circular
46,1100,700,138.69376135986306,-85,-85,-85,-85,1350,700,97.28156964437419,11.411649205244085,circular
47,1100,700,138.69376135986306,-85,-85,-85,-85,1350,700,108.69321884961828,11.411649205244085,circular
48,1100,700,138.69376135986306,-85,-85,-85,-85,1350,700,120.10486805486237,11.411649205244085,circular
49,1100,700,138.69376135986306,-85,-85,-85,-85,1350,700,131.51651726010644,11.411649205244085,circular
50,1100,700,138.69376135986306,-85,-85,-85,-85,1350,700,142.92816646535053,11.411649205244085,circular
51,1100,700,138.69376135986306,-85,19.25639156218217,20.97742610025734,-85,1350,700,154.33981567059462,11.411649205244085,circular
52,1100,700,138.69376135986306,-85,23.769789312347285,24.1582774269213,-85,1350,700,165.7514648758387,11.411649205244085,circular
53,1100,700,138.69376135986306,-85,25.36180729449956,25.536951728381826,-85,1350,700,177.1631140810828,11.411649205244085,circular
54,1100,700,138.69376135986306,-85,26.011117049096303,26.067010357935978,-85,1350,700,188.57476328632688,11.411649205244085,circular
55,1100,700,138.69376135986306,-85,25.9816463993744,25.906018829630398,-85,1350,700,199.98641249157097,11.411649205244085,circular
56,1100,700,138.69376135986306,-85,25.263344594616918,24.92014212493214,-85,1350,700,211.39806169681506,11.411649205244085,circular
57,1100,700,138.69376135986306,-85,23.319699537123853,22.793695368992225,-85,1350,700,222.80971090205915,11.411649205244085,circular
58,1100,700,138.69376135986306,-85,18.474304759512954,16.269948115724716,-85,1350,700,234.22136010730324,11.411649205244085,circular
59,1100,700,138.69376135986306,-85,-85,-85,-85,1350,700,245.63300931254733,11.411649205244085,circular
60,1100,700,138.69376135986306,-85,-85,-85,-85,1350,700,257.0446585177914,11.411649205244085,circular
61,1100,700,138.69376135986306,-85,-85,-85,-85,1350,700,268.4563077230355,11.411649205244085,circular
62,1100,700,138.69376135986306,-85,-85,-85,-85,1350,700,279.86795692827957,11.411649205244085,circular
63,1100,700,138.69376135986306,-85,-85,-85,-85,1350,700,291.27960613352366,11.411649205244085,circular
64,1100,700,138.69376135986306,-85,-85,-85,-85,1350,700,302.69125533876775,11.411649205244085,circular
65,1100,700,138.69376135986306,-85,-85,-85,-85,1350,700,314.10290454401184,11.411649205244085,circular
66,1100,700,138.69376135986306,-85,-85,-85,-85,1350,700,325.5145537492559,11.411649205244085,circular
67,1100,700,138.69376135986306,-85,-85,-85,-85,1350,700,336.9262029545,11.411649205244085,circular
68,1100,700,138.69376135986306,-85,-85,-85,-85,1350,700,348.3378521597441,11.411649205244085,circular
69,1100,700,138.69376135986306,-85,-85,-85,-85,1350,700,359.7495013649882,11.411649205244085,circular
70,1100,700,138.69376135986306,-85,-85,-85,-85,1350,700,11.16115057023228,11.411649205244085,circular
71,1100,700,138.69376135986306,-85,-85,-85,-85,1350,700,22.572799775476366,11.411649205244085,circular
72,1100,700,138.69376135986306,-85,-85,-85,-85,1350,700,33.98444898072045,11.411649205244085,circular
73,1100,700,138.69376135986306,-85,-85,-85,-85,1350,700,45.39609818596453,11.411649205244085,circular
74,1100,700,138.69376135986306,-85,-85,-85,-85,1350,700,56.80774739120862,11.411649205244085,circular
75,1100,700,138.69376135986306,-85,-85,-85,-85,1350,700,68.21939659645271,11.411649205244085,circular
76,1100,700,138.69376135986306,-85,-85,-85,-85,1350,700,79.6310458016968,11.411649205244085,circular
77,1100,700,138.69376135986306,-85,-85,-85,-85,1350,700,91.04269500694089,11.411649205244085,circular
78,1100,700,138.69376135986306,-85,-85,-85,-85,1350,700,102.45434421218498,11.411649205244085,circular
79,1100,700,138.69376135986306,-85,-85,-85,-85,1350,700,113.86599341742907,11.411649205244085,circular
80,1100,700,138.69376135986306,-85,-85,-85,-85,1350,700,125.27764262267316,11.411649205244085,circular
81,1100,700,138.69376135986306,-85,-85,-85,-85,1350,700,136.68929182791723,11.411649205244085,circular
82,1100,700,138.69376135986306,-85,-85,14.513447644213304,-85,1350,700,148.10094103316132,11.411649205244085,circular
83,1100,700,138.69376135986306,-85,21.813356630230874,22.793695368992218,-85,1350,700,159.5125902384054,11.411649205244085,circular
84,1100,700,138.69376135986306,-85,24.646943359767004,24.92014212493214,-85,1350,700,170.9242394436495,11.411649205244085,circular
85,1100,700,138.69376135986306,-85,25.7492610641292,25.906018829630398,-85,1350,700,182.3358886488936,11.411649205244085,circular
86,1100,700,138.69376135986306,-85,26.077602459396946,26.067010357935978,-85,1350,700,193.74753785413768,11.411649205244085,circular
87,1100,700,138.69376135986306,-85,25.7492610641292,25.614204328866276,-85,1350,700,205.15918705938176,11.411649205244085,circular
88,1100,700,138.69376135986306,-85,24.646943359767004,24.1582774269213,-85,1350,700,216.57083626462585,11.411649205244085,circular
89,1100,700,138.69376135986306,-85,21.81335663023087,20.97742610025735,-85,1350,700,227.98248546986994,11.411649205244085,circular
90,1100,700,138.69376135986306,-85,-85,-85,-85,1350,700,239.39413467511403,11.411649205244085,circular
91,1100,700,138.69376135986306,-85,-85,-85,-85,1350,700,250.80578388035812,11.411649205244085,circular
92,1100,700,138.69376135986306,-85,-85,-85,-85,1350,700,262.2174330856022,11.411649205244085,circular
93,1100,700,138.69376135986306,-85,-85,-85,-85,1350,700,273.62908229084627,11.411649205244085,circular
94,1100,700,138.69376135986306,-85,-85,-85,-85,1350,700,285.04073149609036,11.411649205244085,circular
95,1100,700,138.69376135986306,-85,-85,-85,-85,1350,700,296.45238070133445,11.411649205244085,circular
96,1100,700,138.69376135986306,-85,-85,-85,-85,1350,700,307.86402990657854,11.411649205244085,circular
97,1100,700,138.69376135986306,-85,-85,-85,-85,1350,700,319.2756791118226,11.411649205244085,circular
98,1100,700,138.69376135986306,-85,-85,-85,-85,1350,700,330.6873283170667,11.411649205244085,circular
99,1100,700,138.69376135986306,-85,-85,-85,-85,1350,700,342.0989775223108,11.411649205244085,circular
100,1100,700,138.69376135986306,-85,-85,-85,-85,1350,700,353.5106267275549,11.411649205244085,circular
101,1100,700,138.69376135986306,-85,-85,-85,-85,1350,700,4.922275932798982,11.411649205244085,circular
102,1100,700,138.69376135986306,-85,-85,-85,-85,1350,700,16.333925138043067,11.411649205244085,circular
103,1100,700,138.69376135986306,-85,-85,-85,-85,1350,700,27.745574343287153,11.411649205244085,circular
104,1100,700,138.69376135986306,-85,-85,-85,-85,1350,700,39.157223548531235,11.411649205244085,circular
105,1100,700,138.69376135986306,-85,-85,-85,-85,1350,700,50.568872753775324,11.411649205244085,circular
106,1100,700,138.69376135986306,-85,-85,-85,-85,1350,700,61.98052195901941,11.411649205244085,circular
107,1100,700,138.69376135986306,-85,-85,-85,-85,1350,700,73.3921711642635,11.411649205244085,circular
108,1100,700,138.69376135986306,-85,-85,-85,-85,1350,700,84.80382036950759,11.411649205244085,circular
109,1100,700,138.69376135986306,-85,-85,-85,-85,1350,700,96.21546957475168,11.411649205244085,circular
110,1100,700,138.69376135986306,-85,-85,-85,-85,1350,700,107.62711877999577,11.411649205244085,circular
111,1100,700,138.69376135986306,-85,-85,-85,-85,1350,700,119.03876798523986,11.411649205244085,circular
112,1100,700,138.69376135986306,-85,-85,-85,-85,1350,700,130.45041719048393,11.411649205244085,circular
113,1100,700,138.69376135986306,-85,-85,-85,-85,1350,700,141.86206639572802,11.411649205244085,circular
114,1100,700,138.69376135986306,-85,18.47430475951294,20.48098321025059,-85,1350,700,153.2737156009721,11.411649205244085,circular
115,1100,700,138.69376135986306,-85,23.31969953712386,23.971022246457757,-85,1350,700,164.6853648062162,11.411649205244085,circular
116,1100,700,138.69376135986306,-85,25.26334459461691,25.452908776355446,-85,1350,700,176.0970140114603,11.411649205244085,circular
117,1100,700,138.69376135986306,-85,25.9816463993744,26.053745949214605,-85,1350,700,187.50866321670438,11.411649205244085,circular
118,1100,700,138.69376135986306,-85,26.011117049096303,25.946643644493044,-85,1350,700,198.92031242194847,11.411649205244085,circular
119,1100,700,138.69376135986306,-85,25.361807294499556,25.042923900792417,-85,1350,700,210.33196162719256,11.411649205244085,circular
120,1100,700,138.69376135986306,-85,23.553218972269416,23.067302502757133,-85,1350,700,221.74361083243664,11.411649205244085,circular
121,1100,700,138.69376135986306,-85,19.25639156218219,17.51315549939211,-85,1350,700,233.15526003768073,11.411649205244085,circular
122,1100,700,138.69376135986306,-85,-85,-85,-85,1350,700,244.56690924292482,11.411649205244085,circular
123,1100,700,138.69376135986306,-85,-85,-85,-85,1350,700,255.9785584481689,11.411649205244085,circular
124,1100,700,138.69376135986306,-85,-85,-85,-85,1350,700,267.390207653413,11.411649205244085,circular
125,1100,700,138.69376135986306,-85,-85,-85,-85,1350,700,278.80185685865706,11.411649205244085,circular
126,1100,700,138.69376135986306,-85,-85,-85,-85,1350,700,290.21350606390115,11.411649205244085,circular
127,1100,700,138.69376135986306,-85,-85,-85,-85,1350,700,301.62515526914524,11.411649205244085,circular
128,1100,700,138.69376135986306,-85,-85,-85,-85,1350,700,313.0368044743893,11.411649205244085,circular
129,1100,700,138.69376135986306,-85,-85,-85,-85,1350,700,324.4484536796334,11.411649205244085,circular
130,1100,700,138.69376135986306,-85,-85,-85,-85,1350,700,335.8601028848775,11.411649205244085,circular
131,1100,700,138.69376135986306,-85,-85,-85,-85,1350,700,347.2717520901216,11.411649205244085,circular
132,1100,700,138.69376135986306,-85,-85,-85,-85,1350,700,358.6834012953657,11.411649205244085,circular
133,1100,700,138.69376135986306,-85,-85,-85,-85,1350,700,10.095050500609773,11.411649205244085,circular
134,1100,700,138.69376135986306,-85,-85,-85,-85,1350,700,21.50669970585386,11.411649205244085,circular
135,1100,700,138.69376135986306,-85,-85,-85,-85,1350,700,32.918348911097944,11.411649205244085,circular
136,1100,700,138.69376135986306,-85,-85,-85,-85,1350,700,44.329998116342026,11.411649205244085,circular
137,1100,700,138.69376135986306,-85,-85,-85,-85,1350,700,55.741647321586115,11.411649205244085,circular
138,1100,700,138.69376135986306,-85,-85,-85,-85,1350,700,67.1532965268302,11.411649205244085,circular
139,1100,700,138.69376135986306,-85,-85,-85,-85,1350,700,78.56494573207429,11.411649205244085,circular
140,1100,700,138.69376135986306,-85,-85,-85,-85,1350,700,89.97659493731838,11.411649205244085,circular
141,1100,700,138.69376135986306,-85,-85,-85,-85,1350,700,101.38824414256247,11.411649205244085,circular
142,1100,700,138.69376135986306,-85,-85,-85,-85,1350,700,112.79989334780656,11.411649205244085,circular
143,1100,700,138.69376135986306,-85,-85,-85,-85,1350,700,124.21154255305065,11.411649205244085,circular
144,1100,700,138.69376135986306,-85,-85,-85,-85,1350,700,135.62319175829472,11.411649205244085,circular
145,1100,700,138.69376135986306,-85,-85,11.505794098357505,-85,1350,700,147.0348409635388,11.411649205244085,circular
146,1100,700,138.69376135986306,-85,21.41811930585211,22.496022074683278,-85,1350,700,158.4464901687829,11.411649205244085,circular
147,1100,700,138.69376135986306,-85,24.495315191602927,24.78833704083229,-85,1350,700,169.858139374027,11.411649205244085,circular
148,1100,700,138.69376135986306,-85,25.684904084789974,25.859665714847075,-85,1350,700,181.26978857927108,11.411649205244085,circular
149,1100,700,138.69376135986306,-85,26.074956048612798,26.074956048612798,-85,1350,700,192.68143778451517,11.411649205244085,circular
150,1100,700,138.69376135986306,-85,25.807460623826316,25.684904084789977,-85,1350,700,204.09308698975926,11.411649205244085,circular
151,1100,700,138.69376135986306,-85,24.788337040832293,24.332711411139446,-85,1350,700,215.50473619500335,11.411649205244085,circular
152,1100,700,138.69376135986306,-85,22.170735458799452,21.418119305852123,-85,1350,700,226.91638540024744,11.411649205244085,circular
153,1100,700,138.69376135986306,-85,11.50579409835762,-85,-85,1350,700,238.32803460549152,11.411649205244085,circular
154,1100,700,138.69376135986306,-85,-85,-85,-85,1350,700,249.7396838107356,11.411649205244085,circular
155,1100,700,138.69376135986306,-85,-85,-85,-85,1350,700,261.1513330159797,11.411649205244085,circular
156,1100,700,138.69376135986306,-85,-85,-85,-85,1350,700,272.56298222122376,11.411649205244085,circular
157,1100,700,138.69376135986306,-85,-85,-85,-85,1350,700,283.97463142646785,11.411649205244085,circular
158,1100,700,138.69376135986306,-85,-85,-85,-85,1350,700,295.38628063171194,11.411649205244085,circular
159,1100,700,138.69376135986306,-85,-85,-85,-85,1350,700,306.79792983695603,11.411649205244085,circular
160,1100,700,138.69376135986306,-85,-85,-85,-85,1350,700,318.2095790422001,11.411649205244085,circular
161,1100,700,138.69376135986306,-85,-85,-85,-85,1350,700,329.6212282474442,11.411649205244085,circular
162,1100,700,138.69376135986306,-85,-85,-85,-85,1350,700,341.0328774526883,11.411649205244085,circular
163,1100,700,138.69376135986306,-85,-85,-85,-85,1350,700,352.4445266579324,11.411649205244085,circular
164,1100,700,138.69376135986306,-85,-85,-85,-85,1350,700,3.8561758631764746,11.411649205244085,circular
165,1100,700,138.69376135986306,-85,-85,-85,-85,1350,700,15.26782506842056,11.411649205244085,circular
166,1100,700,138.69376135986306,-85,-85,-85,-85,1350,700,26.679474273664646,11.411649205244085,circular
167,1100,700,138.69376135986306,-85,-85,-85,-85,1350,700,38.09112347890873,11.411649205244085,circular
168,1100,700,138.69376135986306,-85,-85,-85,-85,1350,700,49.502772684152816,11.411649205244085,circular
169,1100,700,138.69376135986306,-85,-85,-85,-85,1350,700,60.914421889396905,11.411649205244085,circular
170,1100,700,138.69376135986306,-85,-85,-85,-85,1350,700,72.326071094641,11.411649205244085,circular
171,1100,700,138.69376135986306,-85,-85,-85,-85,1350,700,83.73772029988508,11.411649205244085,circular
172,1100,700,138.69376135986306,-85,-85,-85,-85,1350,700,95.14936950512917,11.411649205244085,circular
173,1100,700,138.69376135986306,-85,-85,-85,-85,1350,700,106.56101871037326,11.411649205244085,circular
174,1100,700,138.69376135986306,-85,-85,-85,-85,1350,700,117.97266791561735,11.411649205244085,circular
175,1100,700,138.69376135986306,-85,-85,-85,-85,1350,700,129.38431712086143,11.411649205244085,circular
176,1100,700,138.69376135986306,-85,-85,-85,-85,1350,700,140.7959663261055,11.411649205244085,circular
177,1100,700,138.69376135986306,-85,17.513155499392102,19.25639156218217,-85,1350,700,152.2076155313496,11.411649205244085,circular
178,1100,700,138.69376135986306,-85,23.06730250275713,23.769789312347285,-85,1350,700,163.6192647365937,11.411649205244085,circular
179,1100,700,138.69376135986306,-85,25.157178905256924,25.36180729449956,-85,1350,700,175.03091394183778,11.411649205244085,circular
180,1100,700,138.69376135986306,-85,25.946643644493044,26.035130213615616,-85,1350,700,186.44256314708187,11.411649205244085,circular
181,1100,700,138.69376135986306,-85,26.035130213615616,25.9816463993744,-85,1350,700,197.85421235232596,11.411649205244085,circular
182,1100,700,138.69376135986306,-85,25.452908776355446,25.157178905256924,-85,1350,700,209.26586155757005,11.411649205244085,circular
183,1100,700,138.69376135986306,-85,23.97102224645776,23.319699537123853,-85,1350,700,220.67751076281414,11.411649205244085,circular
184,1100,700,138.69376135986306,-85,19.914354227256315,18.474304759512954,-85,1350,700,232.08915996805823,11.411649205244085,circular
185,1100,700,138.69376135986306,-85,-85,-85,-85,1350,700,243.50080917330232,11.411649205244085,circular
186,1100,700,138.69376135986306,-85,-85,-85,-85,1350,700,254.9124583785464,11.411649205244085,circular
187,1100,700,138.69376135986306,-85,-85,-85,-85,1350,700,266.32410758379046,11.411649205244085,circular
188,1100,700,138.69376135986306,-85,-85,-85,-85,1350,700,277.73575678903455,11.411649205244085,circular
189,1100,700,138.69376135986306,-85,-85,-85,-85,1350,700,289.14740599427864,11.411649205244085,circular
190,1100,700,138.69376135986306,-85,-85,-85,-85,1350,700,300.55905519952273,11.411649205244085,circular
191,1100,700,138.69376135986306,-85,-85,-85,-85,1350,700,311.9707044047668,11.411649205244085,circular
192,1100,700,138.69376135986306,-85,-85,-85,-85,1350,700,323.3823536100109,11.411649205244085,circular
193,1100,700,138.69376135986306,-85,-85,-85,-85,1350,700,334.794002815255,11.411649205244085,circular
194,1100,700,138.69376135986306,-85,-85,-85,-85,1350,700,346.2056520204991,11.411649205244085,circular
195,1100,700,138.69376135986306,-85,-85,-85,-85,1350,700,357.6173012257432,11.411649205244085,circular
196,1100,700,138.69376135986306,-85,-85,-85,-85,1350,700,9.028950430987265,11.411649205244085,circular
197,1100,700,138.69376135986306,-85,-85,-85,-85,1350,700,20.44059963623135,11.411649205244085,circular
198,1100,700,138.69376135986306,-85,-85,-85,-85,1350,700,31.852248841475436,11.411649205244085,circular
199,1100,700,138.69376135986306,-85,-85,-85,-85,1350,700,43.26389804671952,11.411649205244085,circular
200,1100,700,138.69376135986306,-85,-85,-85,-85,1350,700,54.67554725196361,11.411649205244085,circular
201,1100,700,138.69376135986306,-85,-85,-85,-85,1350,700,66.0871964572077,11.411649205244085,circular
202,1100,700,138.69376135986306,-85,-85,-85,-85,1350,700,77.49884566245179,11.411649205244085,circular
203,1100,700,138.69376135986306,-85,-85,-85,-85,1350,700,88.91049486769587,11.411649205244085,circular
204,1100,700,138.69376135986306,-85,-85,-85,-85,1350,700,100.32214407293996,11.411649205244085,circular
205,1100,700,138.69376135986306,-85,-85,-85,-85,1350,700,111.73379327818405,11.411649205244085,circular
206,1100,700,138.69376135986306,-85,-85,-85,-85,1350,700,123.14544248342814,11.411649205244085,circular
207,1100,700,138.69376135986306,-85,-85,-85,-85,1350,700,134.55709168867222,11.411649205244085,circular
208,1100,700,138.69376135986306,-85,-85,-85,-85,1350,700,145.9687408939163,11.411649205244085,circular
209,1100,700,138.69376135986306,-85,20.97742610025734,22.170735458799452,-85,1350,700,157.3803900991604,11.411649205244085,circular
210,1100,700,138.69376135986306,-85,24.33271141113945,24.646943359767004,-85,1350,700,168.79203930440448,11.411649205244085,circular
211,1100,700,138.69376135986306,-85,25.614204328866276,25.7492610641292,-85,1350,700,180.20368850964857,11.411649205244085,circular
212,1100,700,138.69376135986306,-85,26.067010357935978,26.077602459396946,-85,1350,700,191.61533771489266,11.411649205244085,circular
213,1100,700,138.69376135986306,-85,25.859665714847075,25.7492610641292,-85,1350,700,203.02698692013675,11.411649205244085,circular
214,1100,700,138.69376135986306,-85,24.92014212493214,24.495315191602927,-85,1350,700,214.43863612538084,11.411649205244085,circular
215,1100,700,138.69376135986306,-85,22.496022074683278,21.81335663023087,-85,1350,700,225.85028533062493,11.411649205244085,circular
216,1100,700,138.69376135986306,-85,14.513447644213265,-85,-85,1350,700,237.26193453586902,11.411649205244085,circular
217,1100,700,138.69376135986306,-85,-85,-85,-85,1350,700,248.6735837411131,11.411649205244085,circular
218,1100,700,138.69376135986306,-85,-85,-85,-85,1350,700,260.08523294635717,11.411649205244085,circular
219,1100,700,138.69376135986306,-85,-85,-85,-85,1350,700,271.49688215160126,11.411649205244085,circular
220,1100,700,138.69376135986306,-85,-85,-85,-85,1350,700,282.90853135684534,11.411649205244085,circular
221,1100,700,138.69376135986306,-85,-85,-85,-85,1350,700,294.32018056208943,11.411649205244085,circular
222,1100,700,138.69376135986306,-85,-85,-85,-85,1350,700,305.7318297673335,11.411649205244085,circular
223,1100,700,138.69376135986306,-85,-85,-85,-85,1350,700,317.1434789725776,11.411649205244085,circular
224,1100,700,138.69376135986306,-85,-85,-85,-85,1350,700,328.5551281778217,11.411649205244085,circular
225,1100,700,138.69376135986306,-85,-85,-85,-85,1350,700,339.9667773830658,11.411649205244085,circular
226,1100,700,138.69376135986306,-85,-85,-85,-85,1350,700,351.3784265883099,11.411649205244085,circular
227,1100,700,138.69376135986306,-85,-85,-85,-85,1350,700,2.7900757935539673,11.411649205244085,circular
228,1100,700,138.69376135986306,-85,-85,-85,-85,1350,700,14.201724998798053,11.411649205244085,circular
229,1100,700,138.69376135986306,-85,-85,-85,-85,1350,700,25.613374204042138,11.411649205244085,circular
230,1100,700,138.69376135986306,-85,-85,-85,-85,1350,700,37.02502340928622,11.411649205244085,circular
231,1100,700,138.69376135986306,-85,-85,-85,-85,1350,700,48.43667261453031,11.411649205244085,circular
232,1100,700,138.69376135986306,-85,-85,-85,-85,1350,700,59.8483218197744,11.411649205244085,circular
233,1100,700,138.69376135986306,-85,-85,-85,-85,1350,700,71.25997102501849,11.411649205244085,circular
234,1100,700,138.69376135986306,-85,-85,-85,-85,1350,700,82.67162023026258,11.411649205244085,circular
235,1100,700,138.69376135986306,-85,-85,-85,-85,1350,700,94.08326943550666,11.411649205244085,circular
236,1100,700,138.69376135986306,-85,-85,-85,-85,1350,700,105.49491864075075,11.411649205244085,circular
237,1100,700,138.69376135986306,-85,-85,-85,-85,1350,700,116.90656784599484,11.411649205244085,circular
238,1100,700,138.69376135986306,-85,-85,-85,-85,1350,700,128.31821705123892,11.411649205244085,circular
239,1100,700,138.69376135986306,-85,-85,-85,-85,1350,700,139.729866256483,11.411649205244085,circular
240,1100,700,138.69376135986306,-85,16.269948115724727,18.47430475951294,-85,1350,700,151.1415154617271,11.411649205244085,circular
241,1100,700,138.69376135986306,-85,22.793695368992218,23.553218972269416,-85,1350,700,162.55316466697118,11.411649205244085,circular
242,1100,700,138.69376135986306,-85,25.042923900792417,25.26334459461691,-85,1350,700,173.96481387221527,11.411649205244085,circular
243,1100,700,138.69376135986306,-85,25.906018829630398,26.011117049096303,-85,1350,700,185.37646307745936,11.411649205244085,circular
244,1100,700,138.69376135986306,-85,26.053745949214605,26.011117049096303,-85,1350,700,196.78811228270345,11.411649205244085,circular
245,1100,700,138.69376135986306,-85,25.536951728381826,25.361807294499556,-85,1350,700,208.19976148794754,11.411649205244085,circular
246,1100,700,138.69376135986306,-85,24.1582774269213,23.553218972269416,-85,1350,700,219.61141069319163,11.411649205244085,circular
247,1100,700,138.69376135986306,-85,20.48098321025059,19.25639156218219,-85,1350,700,231.02305989843572,11.411649205244085,circular
248,1100,700,138.69376135986306,-85,-85,-85,-85,1350,700,242.4347091036798,11.411649205244085,circular
249,1100,700,138.69376135986306,-85,-85,-85,-85,1350,700,253.8463583089239,11.411649205244085,circular
250,1100,700,138.69376135986306,-85,-85,-85,-85,1350,700,265.25800751416796,11.411649205244085,circular
251,1100,700,138.69376135986306,-85,-85,-85,-85,1350,700,276.66965671941205,11.411649205244085,circular
252,1100,700,138.69376135986306,-85,-85,-85,-85,1350,700,288.08130592465614,11.411649205244085,circular
253,1100,700,138.69376135986306,-85,-85,-85,-85,1350,700,299.4929551299002,11.411649205244085,circular
254,1100,700,138.69376135986306,-85,-85,-85,-85,1350,700,310.9046043351443,11.411649205244085,circular
255,1100,700,138.69376135986306,-85,-85,-85,-85,1350,700,322.3162535403884,11.411649205244085,circular
256,1100,700,138.69376135986306,-85,-85,-85,-85,1350,700,333.7279027456325,11.411649205244085,circular
257,1100,700,138.69376135986306,-85,-85,-85,-85,1350,700,345.1395519508766,11.411649205244085,circular
258,1100,700,138.69376135986306,-85,-85,-85,-85,1350,700,356.55120115612067,11.411649205244085,circular
259,1100,700,138.69376135986306,-85,-85,-85,-85,1350,700,7.962850361364758,11.411649205244085,circular
260,1100,700,138.69376135986306,-85,-85,-85,-85,1350,700,19.374499566608844,11.411649205244085,circular
261,1100,700,138.69376135986306,-85,-85,-85,-85,1350,700,30.78614877185293,11.411649205244085,circular
262,1100,700,138.69376135986306,-85,-85,-85,-85,1350,700,42.19779797709701,11.411649205244085,circular
263,1100,700,138.69376135986306,-85,-85,-85,-85,1350,700,53.6094471823411,11.411649205244085,circular
264,1100,700,138.69376135986306,-85,-85,-85,-85,1350,700,65.02109638758519,11.411649205244085,circular
265,1100,700,138.69376135986306,-85,-85,-85,-85,1350,700,76.43274559282928,11.411649205244085,circular
266,1100,700,138.69376135986306,-85,-85,-85,-85,1350,700,87.84439479807337,11.411649205244085,circular
267,1100,700,138.69376135986306,-85,-85,-85,-85,1350,700,99.25604400331746,11.411649205244085,circular
268,1100,700,138.69376135986306,-85,-85,-85,-85,1350,700,110.66769320856154,11.411649205244085,circular
269,1100,700,138.69376135986306,-85,-85,-85,-85,1350,700,122.07934241380563,11.411649205244085,circular
270,1100,700,138.69376135986306,-85,-85,-85,-85,1350,700,133.4909916190497,11.411649205244085,circular
271,1100,700,138.69376135986306,-85,-85,-85,-85,1350,700,144.9026408242938,11.411649205244085,circular
272,1100,700,138.69376135986306,-85,20.48098321025059,21.813356630230874,-85,1350,700,156.3142900295379,11.411649205244085,circular
273,1100,700,138.69376135986306,-85,24.1582774269213,24.495315191602927,-85,1350,700,167.72593923478198,11.411649205244085,circular
274,1100,700,138.69376135986306,-85,25.536951728381826,25.684904084789974,-85,1350,700,179.13758844002606,11.411649205244085,circular
275,1100,700,138.69376135986306,-85,26.053745949214605,26.077602459396946,-85,1350,700,190.54923764527015,11.411649205244085,circular
276,1100,700,138.69376135986306,-85,25.906018829630398,25.807460623826316,-85,1350,700,201.96088685051424,11.411649205244085,circular
277,1100,700,138.69376135986306,-85,25.042923900792417,24.646943359767004,-85,1350,700,213.37253605575833,11.411649205244085,circular
278,1100,700,138.69376135986306,-85,22.793695368992225,22.170735458799452,-85,1350,700,224.78418526100242,11.411649205244085,circular
279,1100,700,138.69376135986306,-85,16.269948115724716,11.50579409835762,-85,1350,700,236.1958344662465,11.411649205244085,circular
280,1100,700,138.69376135986306,-85,-85,-85,-85,1350,700,247.6074836714906,11.411649205244085,circular
281,1100,700,138.69376135986306,-85,-85,-85,-85,1350,700,259.01913287673466,11.411649205244085,circular
282,1100,700,138.69376135986306,-85,-85,-85,-85,1350,700,270.43078208197875,11.411649205244085,circular
283,1100,700,138.69376135986306,-85,-85,-85,-85,1350,700,281.84243128722284,11.411649205244085,circular
284,1100,700,138.69376135986306,-85,-85,-85,-85,1350,700,293.2540804924669,11.411649205244085,circular
285,1100,700,138.69376135986306,-85,-85,-85,-85,1350,700,304.665729697711,11.411649205244085,circular
286,1100,700,138.69376135986306,-85,-85,-85,-85,1350,700,316.0773789029551,11.411649205244085,circular
287,1100,700,138.69376135986306,-85,-85,-85,-85,1350,700,327.4890281081992,11.411649205244085,circular
288,1100,700,138.69376135986306,-85,-85,-85,-85,1350,700,338.9006773134433,11.411649205244085,circular
289,1100,700,138.69376135986306,-85,-85,-85,-85,1350,700,350.31232651868737,11.411649205244085,circular
290,1100,700,138.69376135986306,-85,-85,-85,-85,1350,700,1.72397572393146,11.411649205244085,circular
291,1100,700,138.69376135986306,-85,-85,-85,-85,1350,700,13.135624929175545,11.411649205244085,circular
292,1100,700,138.69376135986306,-85,-85,-85,-85,1350,700,24.54727413441963,11.411649205244085,circular
293,1100,700,138.69376135986306,-85,-85,-85,-85,1350,700,35.95892333966371,11.411649205244085,circular
294,1100,700,138.69376135986306,-85,-85,-85,-85,1350,700,47.3705725449078,11.411649205244085,circular
295,1100,700,138.69376135986306,-85,-85,-85,-85,1350,700,58.78222175015189,11.411649205244085,circular
296,1100,700,138.69376135986306,-85,-85,-85,-85,1350,700,70.19387095539598,11.411649205244085,circular
297,1100,700,138.69376135986306,-85,-85,-85,-85,1350,700,81.60552016064007,11.411649205244085,circular
298,1100,700,138.69376135986306,-85,-85,-85,-85,1350,700,93.01716936588416,11.411649205244085,circular
299,1100,700,138.69376135986306,-85,-85,-85,-85,1350,700,104.42881857112825,11.411649205244085,circular
300,1100,700,138.69376135986306,-85,-85,-85,-85,1350,700,115.84046777637234,11.411649205244085,circular
301,1100,700,138.69376135986306,-85,-85,-85,-85,1350,700,127.25211698161642,11.411649205244085,circular
302,1100,700,138.69376135986306,-85,-85,-85,-85,1350,700,138.6637661868605,11.411649205244085,circular
303,1100,700,138.69376135986306,-85,14.513447644213304,17.513155499392102,-85,1350,700,150.0754153921046,11.411649205244085,circular
304,1100,700,138.69376135986306,-85,22.496022074683278,23.31969953712386,-85,1350,700,161.48706459734868,11.411649205244085,circular
305,1100,700,138.69376135986306,-85,24.92014212493214,25.157178905256924,-85,1350,700,172.89871380259277,11.411649205244085,circular
306,1100,700,138.69376135986306,-85,25.859665714847075,25.9816463993744,-85,1350,700,184.31036300783686,11.411649205244085,circular
307,1100,700,138.69376135986306,-85,26.067010357935978,26.035130213615616,-85,1350,700,195.72201221308094,11.411649205244085,circular
308,1100,700,138.69376135986306,-85,25.614204328866276,25.452908776355446,-85,1350,700,207.13366141832503,11.411649205244085,circular
309,1100,700,138.69376135986306,-85,24.332711411139446,23.769789312347285,-85,1350,700,218.54531062356912,11.411649205244085,circular
310,1100,700,138.69376135986306,-85,20.97742610025735,19.914354227256315,-85,1350,700,229.9569598288132,11.411649205244085,circular
311,1100,700,138.69376135986306,-85,-85,-85,-85,1350,700,241.3686090340573,11.411649205244085,circular
312,1100,700,138.69376135986306,-85,-85,-85,-85,1350,700,252.7802582393014,11.411649205244085,circular
313,1100,700,138.69376135986306,-85,-85,-85,-85,1350,700,264.19190744454545,11.411649205244085,circular
314,1100,700,138.69376135986306,-85,-85,-85,-85,1350,700,275.60355664978954,11.411649205244085,circular
315,1100,700,138.69376135986306,-85,-85,-85,-85,1350,700,287.0152058550336,11.411649205244085,circular
316,1100,700,138.69376135986306,-85,-85,-85,-85,1350,700,298.4268550602777,11.411649205244085,circular
317,1100,700,138.69376135986306,-85,-85,-85,-85,1350,700,309.8385042655218,11.411649205244085,circular
318,1100,700,138.69376135986306,-85,-85,-85,-85,1350,700,321.2501534707659,11.411649205244085,circular
319,1100,700,138.69376135986306,-85,-85,-85,-85,1350,700,332.66180267601,11.411649205244085,circular
320,1100,700,138.69376135986306,-85,-85,-85,-85,1350,700,344.0734518812541,11.411649205244085,circular
321,1100,700,138.69376135986306,-85,-85,-85,-85,1350,700,355.48510108649816,11.411649205244085,circular
322,1100,700,138.69376135986306,-85,-85,-85,-85,1350,700,6.896750291742251,11.411649205244085,circular
323,1100,700,138.69376135986306,-85,-85,-85,-85,1350,700,18.308399496986336,11.411649205244085,circular
324,1100,700,138.69376135986306,-85,-85,-85,-85,1350,700,29.72004870223042,11.411649205244085,circular
325,1100,700,138.69376135986306,-85,-85,-85,-85,1350,700,41.1316979074745,11.411649205244085,circular
326,1100,700,138.69376135986306,-85,-85,-85,-85,1350,700,52.54334711271859,11.411649205244085,circular
327,1100,700,138.69376135986306,-85,-85,-85,-85,1350,700,63.95499631796268,11.411649205244085,circular
328,1100,700,138.69376135986306,-85,-85,-85,-85,1350,700,75.36664552320677,11.411649205244085,circular
329,1100,700,138.69376135986306,-85,-85,-85,-85,1350,700,86.77829472845086,11.411649205244085,circular
330,1100,700,138.69376135986306,-85,-85,-85,-85,1350,700,98.18994393369495,11.411649205244085,circular
331,1100,700,138.69376135986306,-85,-85,-85,-85,1350,700,109.60159313893904,11.411649205244085,circular
332,1100,700,138.69376135986306,-85,-85,-85,-85,1350,700,121.01324234418313,11.411649205244085,circular
333,1100,700,138.69376135986306,-85,-85,-85,-85,1350,700,132.4248915494272,11.411649205244085,circular
334,1100,700,138.69376135986306,-85,-85,-85,-85,1350,700,143.8365407546713,11.411649205244085,circular
335,1100,700,138.69376135986306,-85,19.91435422725632,20.97742610025734,-85,1350,700,155.24818995991538,11.411649205244085,circular
336,1100,700,138.69376135986306,-85,23.769789312347285,24.33271141113945,-85,1350,700,166.65983916515947,11.411649205244085,circular
337,1100,700,138.69376135986306,-85,25.452908776355446,25.614204328866276,-85,1350,700,178.07148837040356,11.411649205244085,circular
338,1100,700,138.69376135986306,-85,26.035130213615616,26.074956048612798,-85,1350,700,189.48313757564765,11.411649205244085,circular
339,1100,700,138.69376135986306,-85,25.946643644493044,25.859665714847075,-85,1350,700,200.89478678089174,11.411649205244085,circular
340,1100,700,138.69376135986306,-85,25.157178905256924,24.788337040832293,-85,1350,700,212.30643598613582,11.411649205244085,circular
341,1100,700,138.69376135986306,-85,23.067302502757133,22.496022074683278,-85,1350,700,223.7180851913799,11.411649205244085,circular
342,1100,700,138.69376135986306,-85,17.51315549939211,14.513447644213265,-85,1350,700,235.129734396624,11.411649205244085,circular
343,1100,700,138.69376135986306,-85,-85,-85,-85,1350,700,246.5413836018681,11.411649205244085,circular
344,1100,700,138.69376135986306,-85,-85,-85,-85,1350,700,257.95303280711215,11.411649205244085,circular
345,1100,700,138.69376135986306,-85,-85,-85,-85,1350,700,269.36468201235624,11.411649205244085,circular
346,1100,700,138.69376135986306,-85,-85,-85,-85,1350,700,280.77633121760033,11.411649205244085,circular
347,1100,700,138.69376135986306,-85,-85,-85,-85,1350,700,292.1879804228444,11.411649205244085,circular
348,1100,700,138.69376135986306,-85,-85,-85,-85,1350,700,303.5996296280885,11.411649205244085,circular
349,1100,700,138.69376135986306,-85,-85,-85,-85,1350,700,315.0112788333326,11.411649205244085,circular
350,1100,700,138.69376135986306,-85,-85,-85,-85,1350,700,326.4229280385767,11.411649205244085,circular
351,1100,700,138.69376135986306,-85,-85,-85,-85,1350,700,337.8345772438208,11.411649205244085,circular
352,1100,700,138.69376135986306,-85,-85,-85,-85,1350,700,349.24622644906486,11.411649205244085,circular
353,1100,700,138.69376135986306,-85,-85,-85,-85,1350,700,0.6578756543089526,11.411649205244085,circular
354,1100,700,138.69376135986306,-85,-85,-85,-85,1350,700,12.069524859553038,11.411649205244085,circular
355,1100,700,138.69376135986306,-85,-85,-85,-85,1350,700,23.481174064797123,11.411649205244085,circular
356,1100,700,138.69376135986306,-85,-85,-85,-85,1350,700,34.892823270041205,11.411649205244085,circular
357,1100,700,138.69376135986306,-85,-85,-85,-85,1350,700,46.304472475285294,11.411649205244085,circular
358,1100,700,138.69376135986306,-85,-85,-85,-85,1350,700,57.71612168052938,11.411649205244085,circular
359,1100,700,138.69376135986306,-85,-85,-85,-85,1350,700,69.12777088577347,11.411649205244085,circular
360,1100,700,138.69376135986306,-85,-85,-85,-85,1350,700,80.53942009101756,11.411649205244085,circular
361,1100,700,138.69376135986306,-85,-85,-85,-85,1350,700,91.95106929626165,11.411649205244085,circular
362,1100,700,138.69376135986306,-85,-85,-85,-85,1350,700,103.36271850150574,11.411649205244085,circular
363,1100,700,138.69376135986306,-85,-85,-85,-85,1350,700,114.77436770674983,11.411649205244085,circular
364,1100,700,138.69376135986306,-85,-85,-85,-85,1350,700,126.18601691199392,11.411649205244085,circular
365,1100,700,138.69376135986306,-85,-85,-85,-85,1350,700,137.597666117238,11.411649205244085,circular
366,1100,700,138.69376135986306,-85,11.505794098357505,16.269948115724727,-85,1350,700,149.00931532248208,11.411649205244085,circular
367,1100,700,138.69376135986306,-85,22.170735458799452,23.06730250275713,-85,1350,700,160.42096452772617,11.411649205244085,circular
368,1100,700,138.69376135986306,-85,24.78833704083229,25.042923900792417,-85,1350,700,171.83261373297026,11.411649205244085,circular
369,1100,700,138.69376135986306,-85,25.80746062382631,25.906018829630398,-85,1350,700,183.24426293821435,11.411649205244085,circular
370,1100,700,138.69376135986306,-85,26.077602459396946,26.053745949214605,-85,1350,700,194.65591214345844,11.411649205244085,circular
371,1100,700,138.69376135986306,-85,25.684904084789977,25.536951728381826,-85,1350,700,206.06756134870253,11.411649205244085,circular
372,1100,700,138.69376135986306,-85,24.495315191602927,23.97102224645776,-85,1350,700,217.47921055394661,11.411649205244085,circular
373,1100,700,138.69376135986306,-85,21.418119305852123,20.48098321025059,-85,1350,700,228.8908597591907,11.411649205244085,circular
374,1100,700,138.69376135986306,-85,-85,-85,-85,1350,700,240.3025089644348,11.411649205244085,circular
375,1100,700,138.69376135986306,-85,-85,-85,-85,1350,700,251.71415816967888,11.411649205244085,circular
376,1100,700,138.69376135986306,-85,-85,-85,-85,1350,700,263.12580737492294,11.411649205244085,circular
377,1100,700,138.69376135986306,-85,-85,-85,-85,1350,700,274.53745658016703,11.411649205244085,circular
378,1100,700,138.69376135986306,-85,-85,-85,-85,1350,700,285.9491057854111,11.411649205244085,circular
379,1100,700,138.69376135986306,-85,-85,-85,-85,1350,700,297.3607549906552,11.411649205244085,circular
380,1100,700,138.69376135986306,-85,-85,-85,-85,1350,700,308.7724041958993,11.411649205244085,circular
381,1100,700,138.69376135986306,-85,-85,-85,-85,1350,700,320.1840534011434,11.411649205244085,circular
382,1100,700,138.69376135986306,-85,-85,-85,-85,1350,700,331.5957026063875,11.411649205244085,circular
383,1100,700,138.69376135986306,-85,-85,-85,-85,1350,700,343.00735181163157,11.411649205244085,circular
384,1100,700,138.69376135986306,-85,-85,-85,-85,1350,700,354.41900101687565,11.411649205244085,circular
385,1100,700,138.69376135986306,-85,-85,-85,-85,1350,700,5.830650222119743,11.411649205244085,circular
386,1100,700,138.69376135986306,-85,-85,-85,-85,1350,700,17.24229942736383,11.411649205244085,circular
387,1100,700,138.69376135986306,-85,-85,-85,-85,1350,700,28.653948632607914,11.411649205244085,circular
388,1100,700,138.69376135986306,-85,-85,-85,-85,1350,700,40.065597837851996,11.411649205244085,circular
389,1100,700,138.69376135986306,-85,-85,-85,-85,1350,700,51.477247043096085,11.411649205244085,circular
390,1100,700,138.69376135986306,-85,-85,-85,-85,1350,700,62.888896248340174,11.411649205244085,circular
391,1100,700,138.69376135986306,-85,-85,-85,-85,1350,700,74.30054545358426,11.411649205244085,circular
392,1100,700,138.69376135986306,-85,-85,-85,-85,1350,700,85.71219465882835,11.411649205244085,circular
393,1100,700,138.69376135986306,-85,-85,-85,-85,1350,700,97.12384386407244,11.411649205244085,circular
394,1100,700,138.69376135986306,-85,-85,-85,-85,1350,700,108.53549306931653,11.411649205244085,circular
395,1100,700,138.69376135986306,-85,-85,-85,-85,1350,700,119.94714227456062,11.411649205244085,circular
396,1100,700,138.69376135986306,-85,-85,-85,-85,1350,700,131.3587914798047,11.411649205244085,circular
397,1100,700,138.69376135986306,-85,-85,-85,-85,1350,700,142.77044068504878,11.411649205244085,circular
398,1100,700,138.69376135986306,-85,19.25639156218217,20.48098321025059,-85,1350,700,154.18208989029287,11.411649205244085,circular
399,1100,700,138.69376135986306,-85,23.553218972269416,24.1582774269213,-85,1350,700,165.59373909553696,11.411649205244085,circular
400,1100,700,138.69376135986306,-85,25.36180729449956,25.536951728381826,-85,1350,700,177.00538830078105,11.411649205244085,circular
401,1100,700,138.69376135986306,-85,26.011117049096303,26.067010357935978,-85,1350,700,188.41703750602514,11.411649205244085,circular
402,1100,700,138.69376135986306,-85,25.9816463993744,25.906018829630398,-85,1350,700,199.82868671126923,11.411649205244085,circular
403,1100,700,138.69376135986306,-85,25.263344594616918,25.042923900792417,-85,1350,700,211.24033591651332,11.411649205244085,circular
404,1100,700,138.69376135986306,-85,23.553218972269416,22.793695368992225,-85,1350,700,222.6519851217574,11.411649205244085,circular
405,1100,700,138.69376135986306,-85,18.474304759512954,16.269948115724716,-85,1350,700,234.0636343270015,11.411649205244085,circular
406,1100,700,138.69376135986306,-85,-85,-85,-85,1350,700,245.47528353224558,11.411649205244085,circular
407,1100,700,138.69376135986306,-85,-85,-85,-85,1350,700,256.88693273748964,11.411649205244085,circular
408,1100,700,138.69376135986306,-85,-85,-85,-85,1350,700,268.29858194273373,11.411649205244085,circular
409,1100,700,138.69376135986306,-85,-85,-85,-85,1350,700,279.7102311479778,11.411649205244085,circular
410,1100,700,138.69376135986306,-85,-85,-85,-85,1350,700,291.1218803532219,11.411649205244085,circular
411,1100,700,138.69376135986306,-85,-85,-85,-85,1350,700,302.533529558466,11.411649205244085,circular
412,1100,700,138.69376135986306,-85,-85,-85,-85,1350,700,313.9451787637101,11.411649205244085,circular
413,1100,700,138.69376135986306,-85,-85,-85,-85,1350,700,325.3568279689542,11.411649205244085,circular
414,1100,700,138.69376135986306,-85,-85,-85,-85,1350,700,336.76847717419827,11.411649205244085,circular
415,1100,700,138.69376135986306,-85,-85,-85,-85,1350,700,348.18012637944236,11.411649205244085,circular
416,1100,700,138.69376135986306,-85,-85,-85,-85,1350,700,359.59177558468645,11.411649205244085,circular
417,1100,700,138.69376135986306,-85,-85,-85,-85,1350,700,11.003424789930534,11.411649205244085,circular
418,1100,700,138.69376135986306,-85,-85,-85,-85,1350,700,22.41507399517462,11.411649205244085,circular
419,1100,700,138.69376135986306,-85,-85,-85,-85,1350,700,33.826723200418705,11.411649205244085,circular
420,1100,700,138.69376135986306,-85,-85,-85,-85,1350,700,45.23837240566279,11.411649205244085,circular
421,1100,700,138.69376135986306,-85,-85,-85,-85,1350,700,56.650021610906876,11.411649205244085,circular
422,1100,700,138.69376135986306,-85,-85,-85,-85,1350,700,68.06167081615096,11.411649205244085,circular
423,1100,700,138.69376135986306,-85,-85,-85,-85,1350,700,79.47332002139505,11.411649205244085,circular
424,1100,700,138.69376135986306,-85,-85,-85,-85,1350,700,90.88496922663914,11.411649205244085,circular
425,1100,700,138.69376135986306,-85,-85,-85,-85,1350,700,102.29661843188323,11.411649205244085,circular
426,1100,700,138.69376135986306,-85,-85,-85,-85,1350,700,113.70826763712732,11.411649205244085,circular
427,1100,700,138.69376135986306,-85,-85,-85,-85,1350,700,125.11991684237141,11.411649205244085,circular
428,1100,700,138.69376135986306,-85,-85,-85,-85,1350,700,136.53156604761548,11.411649205244085,circular
429,1100,700,138.69376135986306,-85,-85,14.513447644213304,-85,1350,700,147.94321525285957,11.411649205244085,circular
430,1100,700,138.69376135986306,-85,21.813356630230874,22.793695368992218,-85,1350,700,159.35486445810366,11.411649205244085,circular
431,1100,700,138.69376135986306,-85,24.646943359767004,24.92014212493214,-85,1350,700,170.76651366334775,11.411649205244085,circular
432,1100,700,138.69376135986306,-85,25.7492610641292,25.859665714847075,-85,1350,700,182.17816286859184,11.411649205244085,circular
433,1100,700,138.69376135986306,-85,26.077602459396946,26.067010357935978,-85,1350,700,193.58981207383593,11.411649205244085,circular
434,1100,700,138.69376135986306,-85,25.7492610641292,25.614204328866276,-85,1350,700,205.00146127908002,11.411649205244085,circular
435,1100,700,138.69376135986306,-85,24.646943359767004,24.1582774269213,-85,1350,700,216.4131104843241,11.411649205244085,circular
436,1100,700,138.69376135986306,-85,21.81335663023087,20.97742610025735,-85,1350,700,227.8247596895682,11.411649205244085,circular
437,1100,700,138.69376135986306,-85,-85,-85,-85,1350,700,239.23640889481229,11.411649205244085,circular
438,1100,700,138.69376135986306,-85,-85,-85,-85,1350,700,250.64805810005637,11.411649205244085,circular
439,1100,700,138.69376135986306,-85,-85,-85,-85,1350,700,262.05970730530044,11.411649205244085,circular
440,1100,700,138.69376135986306,-85,-85,-85,-85,1350,700,273.4713565105445,11.411649205244085,circular
441,1100,700,138.69376135986306,-85,-85,-85,-85,1350,700,284.8830057157886,11.411649205244085,circular
442,1100,700,138.69376135986306,-85,-85,-85,-85,1350,700,296.2946549210327,11.411649205244085,circular
443,1100,700,138.69376135986306,-85,-85,-85,-85,1350,700,307.7063041262768,11.411649205244085,circular
444,1100,700,138.69376135986306,-85,-85,-85,-85,1350,700,319.1179533315209,11.411649205244085,circular
445,1100,700,138.69376135986306,-85,-85,-85,-85,1350,700,330.52960253676497,11.411649205244085,circular
446,1100,700,138.69376135986306,-85,-85,-85,-85,1350,700,341.94125174200906,11.411649205244085,circular
447,1100,700,138.69376135986306,-85,-85,-85,-85,1350,700,353.35290094725315,11.411649205244085,circular
448,1100,700,138.69376135986306,-85,-85,-85,-85,1350,700,4.764550152497236,11.411649205244085,circular
449,1100,700,138.69376135986306,-85,-85,-85,-85,1350,700,16.17619935774132,11.411649205244085,circular
450,1100,700,138.69376135986306,-85,-85,-85,-85,1350,700,27.587848562985407,11.411649205244085,circular
451,1100,700,138.69376135986306,-85,-85,-85,-85,1350,700,38.99949776822949,11.411649205244085,circular
452,1100,700,138.69376135986306,-85,-85,-85,-85,1350,700,50.41114697347358,11.411649205244085,circular
453,1100,700,138.69376135986306,-85,-85,-85,-85,1350,700,61.82279617871767,11.411649205244085,circular
454,1100,700,138.69376135986306,-85,-85,-85,-85,1350,700,73.23444538396176,11.411649205244085,circular
455,1100,700,138.69376135986306,-85,-85,-85,-85,1350,700,84.64609458920584,11.411649205244085,circular
456,1100,700,138.69376135986306,-85,-85,-85,-85,1350,700,96.05774379444993,11.411649205244085,circular
457,1100,700,138.69376135986306,-85,-85,-85,-85,1350,700,107.46939299969402,11.411649205244085,circular
458,1100,700,138.69376135986306,-85,-85,-85,-85,1350,700,118.88104220493811,11.411649205244085,circular
459,1100,700,138.69376135986306,-85,-85,-85,-85,1350,700,130.2926914101822,11.411649205244085,circular
460,1100,700,138.69376135986306,-85,-85,-85,-85,1350,700,141.70434061542628,11.411649205244085,circular
461,1100,700,138.69376135986306,-85,18.47430475951294,19.91435422725632,-85,1350,700,153.11598982067036,11.411649205244085,circular
462,1100,700,138.69376135986306,-85,23.31969953712386,23.971022246457757,-85,1350,700,164.52763902591445,11.411649205244085,circular
463,1100,700,138.69376135986306,-85,25.26334459461691,25.452908776355446,-85,1350,700,175.93928823115854,11.411649205244085,circular
464,1100,700,138.69376135986306,-85,25.9816463993744,26.053745949214605,-85,1350,700,187.35093743640263,11.411649205244085,circular
465,1100,700,138.69376135986306,-85,26.011117049096303,25.946643644493044,-85,1350,700,198.76258664164672,11.411649205244085,circular
466,1100,700,138.69376135986306,-85,25.361807294499556,25.157178905256924,-85,1350,700,210.1742358468908,11.411649205244085,circular
467,1100,700,138.69376135986306,-85,23.769789312347285,23.067302502757133,-85,1350,700,221.5858850521349,11.411649205244085,circular
468,1100,700,138.69376135986306,-85,19.25639156218219,17.51315549939211,-85,1350,700,232.997534257379,11.411649205244085,circular
469,1100,700,138.69376135986306,-85,-85,-85,-85,1350,700,244.40918346262308,11.411649205244085,circular
470,1100,700,138.69376135986306,-85,-85,-85,-85,1350,700,255.82083266786717,11.411649205244085,circular
471,1100,700,138.69376135986306,-85,-85,-85,-85,1350,700,267.2324818731112,11.411649205244085,circular
472,1100,700,138.69376135986306,-85,-85,-85,-85,1350,700,278.6441310783553,11.411649205244085,circular
473,1100,700,138.69376135986306,-85,-85,-85,-85,1350,700,290.0557802835994,11.411649205244085,circular
474,1100,700,138.69376135986306,-85,-85,-85,-85,1350,700,301.4674294888435,11.411649205244085,circular
475,1100,700,138.69376135986306,-85,-85,-85,-85,1350,700,312.8790786940876,11.411649205244085,circular
476,1100,700,138.69376135986306,-85,-85,-85,-85,1350,700,324.29072789933167,11.411649205244085,circular
477,1100,700,138.69376135986306,-85,-85,-85,-85,1350,700,335.70237710457576,11.411649205244085,circular
478,1100,700,138.69376135986306,-85,-85,-85,-85,1350,700,347.11402630981985,11.411649205244085,circular
479,1100,700,138.69376135986306,-85,-85,-85,-85,1350,700,358.52567551506394,11.411649205244085,circular
480,1100,700,138.69376135986306,-85,-85,-85,-85,1350,700,9.937324720308027,11.411649205244085,circular
481,1100,700,138.69376135986306,-85,-85,-85,-85,1350,700,21.348973925552112,11.411649205244085,circular
482,1100,700,138.69376135986306,-85,-85,-85,-85,1350,700,32.7606231307962,11.411649205244085,circular
483,1100,700,138.69376135986306,-85,-85,-85,-85,1350,700,44.17227233604028,11.411649205244085,circular
484,1100,700,138.69376135986306,-85,-85,-85,-85,1350,700,55.58392154128437,11.411649205244085,circular
485,1100,700,138.69376135986306,-85,-85,-85,-85,1350,700,66.99557074652846,11.411649205244085,circular
486,1100,700,138.69376135986306,-85,-85,-85,-85,1350,700,78.40721995177255,11.411649205244085,circular
487,1100,700,138.69376135986306,-85,-85,-85,-85,1350,700,89.81886915701664,11.411649205244085,circular
488,1100,700,138.69376135986306,-85,-85,-85,-85,1350,700,101.23051836226072,11.411649205244085,circular
489,1100,700,138.69376135986306,-85,-85,-85,-85,1350,700,112.64216756750481,11.411649205244085,circular
490,1100,700,138.69376135986306,-85,-85,-85,-85,1350,700,124.0538167727489,11.411649205244085,circular
491,1100,700,138.69376135986306,-85,-85,-85,-85,1350,700,135.46546597799298,11.411649205244085,circular
492,1100,700,138.69376135986306,-85,-85,11.505794098357505,-85,1350,700,146.87711518323707,11.411649205244085,circular
493,1100,700,138.69376135986306,-85,21.41811930585211,22.496022074683278,-85,1350,700,158.28876438848116,11.411649205244085,circular
494,1100,700,138.69376135986306,-85,24.33271141113945,24.78833704083229,-85,1350,700,169.70041359372524,11.411649205244085,circular
495,1100,700,138.69376135986306,-85,25.684904084789974,25.80746062382631,-85,1350,700,181.11206279896933,11.411649205244085,circular
496,1100,700,138.69376135986306,-85,26.074956048612798,26.074956048612798,-85,1350,700,192.52371200421342,11.411649205244085,circular
497,1100,700,138.69376135986306,-85,25.807460623826316,25.684904084789977,-85,1350,700,203.9353612094575,11.411649205244085,circular
498,1100,700,138.69376135986306,-85,24.788337040832293,24.332711411139446,-85,1350,700,215.3470104147016,11.411649205244085,circular
499,1100,700,138.69376135986306,-85,22.170735458799452,21.418119305852123,-85,1350,700,226.7586596199457,11.411649205244085,circular
500,1100,700,138.69376135986306,-85,11.50579409835762,-85,-85,1350,700,238.17030882518978,11.411649205244085,circular
501,1100,700,138.69376135986306,-85,-85,-85,-85,1350,700,249.58195803043387,11.411649205244085,circular
502,1100,700,138.69376135986306,-85,-85,-85,-85,1350,700,260.9936072356779,11.411649205244085,circular
503,1100,700,138.69376135986306,-85,-85,-85,-85,1350,700,272.405256440922,11.411649205244085,circular
504,1100,700,138.69376135986306,-85,-85,-85,-85,1350,700,283.8169056461661,11.411649205244085,circular
505,1100,700,138.69376135986306,-85,-85,-85,-85,1350,700,295.2285548514102,11.411649205244085,circular
506,1100,700,138.69376135986306,-85,-85,-85,-85,1350,700,306.6402040566543,11.411649205244085,circular
507,1100,700,138.69376135986306,-85,-85,-85,-85,1350,700,318.0518532618984,11.411649205244085,circular
508,1100,700,138.69376135986306,-85,-85,-85,-85,1350,700,329.46350246714246,11.411649205244085,circular
509,1100,700,138.69376135986306,-85,-85,-85,-85,1350,700,340.87515167238655,11.411649205244085,circular
510,1100,700,138.69376135986306,-85,-85,-85,-85,1350,700,352.28680087763064,11.411649205244085,circular
511,1100,700,138.69376135986306,-85,-85,-85,-85,1350,700,3.6984500828747287,11.411649205244085,circular
512,1100,700,138.69376135986306,-85,-85,-85,-85,1350,700,15.110099288118814,11.411649205244085,circular
513,1100,700,138.69376135986306,-85,-85,-85,-85,1350,700,26.5217484933629,11.411649205244085,circular
514,1100,700,138.69376135986306,-85,-85,-85,-85,1350,700,37.93339769860698,11.411649205244085,circular
515,1100,700,138.69376135986306,-85,-85,-85,-85,1350,700,49.34504690385107,11.411649205244085,circular
516,1100,700,138.69376135986306,-85,-85,-85,-85,1350,700,60.75669610909516,11.411649205244085,circular
517,1100,700,138.69376135986306,-85,-85,-85,-85,1350,700,72.16834531433925,11.411649205244085,circular
518,1100,700,138.69376135986306,-85,-85,-85,-85,1350,700,83.57999451958334,11.411649205244085,circular
519,1100,700,138.69376135986306,-85,-85,-85,-85,1350,700,94.99164372482743,11.411649205244085,circular
520,1100,700,138.69376135986306,-85,-85,-85,-85,1350,700,106.40329293007152,11.411649205244085,circular
521,1100,700,138.69376135986306,-85,-85,-85,-85,1350,700,117.8149421353156,11.411649205244085,circular
522,1100,700,138.69376135986306,-85,-85,-85,-85,1350,700,129.22659134055968,11.411649205244085,circular
523,1100,700,138.69376135986306,-85,-85,-85,-85,1350,700,140.63824054580377,11.411649205244085,circular
524,1100,700,138.69376135986306,-85,17.513155499392102,19.25639156218217,-85,1350,700,152.04988975104786,11.411649205244085,circular
525,1100,700,138.69376135986306,-85,23.06730250275713,23.769789312347285,-85,1350,700,163.46153895629195,11.411649205244085,circular
526,1100,700,138.69376135986306,-85,25.157178905256924,25.36180729449956,-85,1350,700,174.87318816153604,11.411649205244085,circular
527,1100,700,138.69376135986306,-85,25.946643644493044,26.035130213615616,-85,1350,700,186.28483736678012,11.411649205244085,circular
528,1100,700,138.69376135986306,-85,26.053745949214605,25.9816463993744,-85,1350,700,197.6964865720242,11.411649205244085,circular
529,1100,700,138.69376135986306,-85,25.452908776355446,25.263344594616918,-85,1350,700,209.1081357772683,11.411649205244085,circular
530,1100,700,138.69376135986306,-85,23.97102224645776,23.319699537123853,-85,1350,700,220.5197849825124,11.411649205244085,circular
531,1100,700,138.69376135986306,-85,19.914354227256315,18.474304759512954,-85,1350,700,231.93143418775648,11.411649205244085,circular
532,1100,700,138.69376135986306,-85,-85,-85,-85,1350,700,243.34308339300057,11.411649205244085,circular
533,1100,700,138.69376135986306,-85,-85,-85,-85,1350,700,254.75473259824466,11.411649205244085,circular
534,1100,700,138.69376135986306,-85,-85,-85,-85,1350,700,266.1663818034887,11.411649205244085,circular
535,1100,700,138.69376135986306,-85,-85,-85,-85,1350,700,277.5780310087328,11.411649205244085,circular
536,1100,700,138.69376135986306,-85,-85,-85,-85,1350,700,288.9896802139769,11.411649205244085,circular
537,1100,700,138.69376135986306,-85,-85,-85,-85,1350,700,300.401329419221,11.411649205244085,circular
538,1100,700,138.69376135986306,-85,-85,-85,-85,1350,700,311.8129786244651,11.411649205244085,circular
539,1100,700,138.69376135986306,-85,-85,-85,-85,1350,700,323.22462782970916,11.411649205244085,circular
540,1100,700,138.69376135986306,-85,-85,-85,-85,1350,700,334.63627703495325,11.411649205244085,circular
541,1100,700,138.69376135986306,-85,-85,-85,-85,1350,700,346.04792624019734,11.411649205244085,circular
542,1100,700,138.69376135986306,-85,-85,-85,-85,1350,700,357.45957544544143,11.411649205244085,circular
543,1100,700,138.69376135986306,-85,-85,-85,-85,1350,700,8.87122465068552,11.411649205244085,circular
544,1100,700,138.69376135986306,-85,-85,-85,-85,1350,700,20.282873855929605,11.411649205244085,circular
545,1100,700,138.69376135986306,-85,-85,-85,-85,1350,700,31.69452306117369,11.411649205244085,circular
546,1100,700,138.69376135986306,-85,-85,-85,-85,1350,700,43.10617226641777,11.411649205244085,circular
547,1100,700,138.69376135986306,-85,-85,-85,-85,1350,700,54.51782147166186,11.411649205244085,circular
548,1100,700,138.69376135986306,-85,-85,-85,-85,1350,700,65.92947067690595,11.411649205244085,circular
549,1100,700,138.69376135986306,-85,-85,-85,-85,1350,700,77.34111988215004,11.411649205244085,circular
550,1100,700,138.69376135986306,-85,-85,-85,-85,1350,700,88.75276908739413,11.411649205244085,circular
551,1100,700,138.69376135986306,-85,-85,-85,-85,1350,700,100.16441829263822,11.411649205244085,circular
552,1100,700,138.69376135986306,-85,-85,-85,-85,1350,700,111.5760674978823,11.411649205244085,circular
553,1100,700,138.69376135986306,-85,-85,-85,-85,1350,700,122.9877167031264,11.411649205244085,circular
554,1100,700,138.69376135986306,-85,-85,-85,-85,1350,700,134.39936590837047,11.411649205244085,circular
555,1100,700,138.69376135986306,-85,-85,-85,-85,1350,700,145.81101511361456,11.411649205244085,circular
556,1100,700,138.69376135986306,-85,20.97742610025734,21.813356630230874,-85,1350,700,157.22266431885865,11.411649205244085,circular
557,1100,700,138.69376135986306,-85,24.1582774269213,24.646943359767004,-85,1350,700,168.63431352410274,11.411649205244085,circular
558,1100,700,138.69376135986306,-85,25.614204328866276,25.7492610641292,-85,1350,700,180.04596272934683,11.411649205244085,circular
559,1100,700,138.69376135986306,-85,26.067010357935978,26.077602459396946,-85,1350,700,191.45761193459091,11.411649205244085,circular
560,1100,700,138.69376135986306,-85,25.859665714847075,25.7492610641292,-85,1350,700,202.869261139835,11.411649205244085,circular
561,1100,700,138.69376135986306,-85,24.92014212493214,24.495315191602927,-85,1350,700,214.2809103450791,11.411649205244085,circular
562,1100,700,138.69376135986306,-85,22.793695368992225,21.81335663023087,-85,1350,700,225.69255955032318,11.411649205244085,circular
563,1100,700,138.69376135986306,-85,14.513447644213265,-85,-85,1350,700,237.10420875556727,11.411649205244085,circular
564,1100,700,138.69376135986306,-85,-85,-85,-85,1350,700,248.51585796081136,11.411649205244085,circular
565,1100,700,138.69376135986306,-85,-85,-85,-85,1350,700,259.9275071660554,11.411649205244085,circular
566,1100,700,138.69376135986306,-85,-85,-85,-85,1350,700,271.3391563712995,11.411649205244085,circular
567,1100,700,138.69376135986306,-85,-85,-85,-85,1350,700,282.7508055765436,11.411649205244085,circular
568,1100,700,138.69376135986306,-85,-85,-85,-85,1350,700,294.1624547817877,11.411649205244085,circular
569,1100,700,138.69376135986306,-85,-85,-85,-85,1350,700,305.5741039870318,11.411649205244085,circular
570,1100,700,138.69376135986306,-85,-85,-85,-85,1350,700,316.98575319227587,11.411649205244085,circular
571,1100,700,138.69376135986306,-85,-85,-85,-85,1350,700,328.39740239751995,11.411649205244085,circular
572,1100,700,138.69376135986306,-85,-85,-85,-85,1350,700,339.80905160276404,11.411649205244085,circular
573,1100,700,138.69376135986306,-85,-85,-85,-85,1350,700,351.22070080800813,11.411649205244085,circular
574,1100,700,138.69376135986306,-85,-85,-85,-85,1350,700,2.6323500132522213,11.411649205244085,circular
575,1100,700,138.69376135986306,-85,-85,-85,-85,1350,700,14.043999218496307,11.411649205244085,circular
576,1100,700,138.69376135986306,-85,-85,-85,-85,1350,700,25.455648423740392,11.411649205244085,circular
577,1100,700,138.69376135986306,-85,-85,-85,-85,1350,700,36.867297628984474,11.411649205244085,circular
578,1100,700,138.69376135986306,-85,-85,-85,-85,1350,700,48.27894683422856,11.411649205244085,circular
579,1100,700,138.69376135986306,-85,-85,-85,-85,1350,700,59.69059603947265,11.411649205244085,circular
580,1100,700,138.69376135986306,-85,-85,-85,-85,1350,700,71.10224524471674,11.411649205244085,circular
581,1100,700,138.69376135986306,-85,-85,-85,-85,1350,700,82.51389444996083,11.411649205244085,circular
582,1100,700,138.69376135986306,-85,-85,-85,-85,1350,700,93.92554365520492,11.411649205244085,circular
583,1100,700,138.69376135986306,-85,-85,-85,-85,1350,700,105.33719286044901,11.411649205244085,circular
584,1100,700,138.69376135986306,-85,-85,-85,-85,1350,700,116.7488420656931,11.411649205244085,circular
585,1100,700,138.69376135986306,-85,-85,-85,-85,1350,700,128.16049127093717,11.411649205244085,circular
586,1100,700,138.69376135986306,-85,-85,-85,-85,1350,700,139.57214047618126,11.411649205244085,circular
587,1100,700,138.69376135986306,-85,16.269948115724727,18.47430475951294,-85,1350,700,150.98378968142535,11.411649205244085,circular
588,1100,700,138.69376135986306,-85,22.793695368992218,23.553218972269416,-85,1350,700,162.39543888666944,11.411649205244085,circular
589,1100,700,138.69376135986306,-85,25.042923900792417,25.26334459461691,-85,1350,700,173.80708809191353,11.411649205244085,circular
590,1100,700,138.69376135986306,-85,25.906018829630398,25.9816463993744,-85,1350,700,185.21873729715762,11.411649205244085,circular
591,1100,700,138.69376135986306,-85,26.067010357935978,26.011117049096303,-85,1350,700,196.6303865024017,11.411649205244085,circular
592,1100,700,138.69376135986306,-85,25.536951728381826,25.361807294499556,-85,1350,700,208.0420357076458,11.411649205244085,circular
593,1100,700,138.69376135986306,-85,24.1582774269213,23.553218972269416,-85,1350,700,219.45368491288988,11.411649205244085,circular
594,1100,700,138.69376135986306,-85,20.48098321025059,19.25639156218219,-85,1350,700,230.86533411813397,11.411649205244085,circular
595,1100,700,138.69376135986306,-85,-85,-85,-85,1350,700,242.27698332337806,11.411649205244085,circular
596,1100,700,138.69376135986306,-85,-85,-85,-85,1350,700,253.68863252862215,11.411649205244085,circular
597,1100,700,138.69376135986306,-85,-85,-85,-85,1350,700,265.1002817338662,11.411649205244085,circular
598,1100,700,138.69376135986306,-85,-85,-85,-85,1350,700,276.5119309391103,11.411649205244085,circular
599,1100,700,138.69376135986306,-85,-85,-85,-85,1350,700,287.9235801443544,11.411649205244085,circular
600,1100,700,138.69376135986306,-85,-85,-85,-85,1350,700,299.3352293495985,11.411649205244085,circular
601,1100,700,138.69376135986306,-85,-85,-85,-85,1350,700,310.74687855484257,11.411649205244085,circular
602,1100,700,138.69376135986306,-85,-85,-85,-85,1350,700,322.15852776008666,11.411649205244085,circular
603,1100,700,138.69376135986306,-85,-85,-85,-85,1350,700,333.57017696533075,11.411649205244085,circular
604,1100,700,138.69376135986306,-85,-85,-85,-85,1350,700,344.98182617057483,11.411649205244085,circular
605,1100,700,138.69376135986306,-85,-85,-85,-85,1350,700,356.3934753758189,11.411649205244085,circular
606,1100,700,138.69376135986306,-85,-85,-85,-85,1350,700,7.805124581063012,11.411649205244085,circular
607,1100,700,138.69376135986306,-85,-85,-85,-85,1350,700,19.216773786307098,11.411649205244085,circular
608,1100,700,138.69376135986306,-85,-85,-85,-85,1350,700,30.628422991551183,11.411649205244085,circular
609,1100,700,138.69376135986306,-85,-85,-85,-85,1350,700,42.040072196795265,11.411649205244085,circular
610,1100,700,138.69376135986306,-85,-85,-85,-85,1350,700,53.451721402039354,11.411649205244085,circular
611,1100,700,138.69376135986306,-85,-85,-85,-85,1350,700,64.86337060728344,11.411649205244085,circular
612,1100,700,138.69376135986306,-85,-85,-85,-85,1350,700,76.27501981252753,11.411649205244085,circular
613,1100,700,138.69376135986306,-85,-85,-85,-85,1350,700,87.68666901777162,11.411649205244085,circular
614,1100,700,138.69376135986306,-85,-85,-85,-85,1350,700,99.09831822301571,11.411649205244085,circular
615,1100,700,138.69376135986306,-85,-85,-85,-85,1350,700,110.5099674282598,11.411649205244085,circular
616,1100,700,138.69376135986306,-85,-85,-85,-85,1350,700,121.92161663350389,11.411649205244085,circular
617,1100,700,138.69376135986306,-85,-85,-85,-85,1350,700,133.33326583874796,11.411649205244085,circular
618,1100,700,138.69376135986306,-85,-85,-85,-85,1350,700,144.74491504399205,11.411649205244085,circular
619,1100,700,138.69376135986306,-85,20.48098321025059,21.41811930585211,-85,1350,700,156.15656424923614,11.411649205244085,circular
620,1100,700,138.69376135986306,-85,23.971022246457757,24.495315191602927,-85,1350,700,167.56821345448023,11.411649205244085,circular
621,1100,700,138.69376135986306,-85,25.536951728381826,25.684904084789974,-85,1350,700,178.97986265972432,11.411649205244085,circular
622,1100,700,138.69376135986306,-85,26.053745949214605,26.077602459396946,-85,1350,700,190.3915118649684,11.411649205244085,circular
623,1100,700,138.69376135986306,-85,25.906018829630398,25.807460623826316,-85,1350,700,201.8031610702125,11.411649205244085,circular
624,1100,700,138.69376135986306,-85,25.042923900792417,24.788337040832293,-85,1350,700,213.21481027545659,11.411649205244085,circular
625,1100,700,138.69376135986306,-85,23.067302502757133,22.170735458799452,-85,1350,700,224.62645948070067,11.411649205244085,circular
626,1100,700,138.69376135986306,-85,16.269948115724716,11.50579409835762,-85,1350,700,236.03810868594476,11.411649205244085,circular
627,1100,700,138.69376135986306,-85,-85,-85,-85,1350,700,247.44975789118885,11.411649205244085,circular
628,1100,700,138.69376135986306,-85,-85,-85,-85,1350,700,258.8614070964329,11.411649205244085,circular
629,1100,700,138.69376135986306,-85,-85,-85,-85,1350,700,270.273056301677,11.411649205244085,circular
630,1100,700,138.69376135986306,-85,-85,-85,-85,1350,700,281.6847055069211,11.411649205244085,circular
631,1100,700,138.69376135986306,-85,-85,-85,-85,1350,700,293.0963547121652,11.411649205244085,circular
632,1100,700,138.69376135986306,-85,-85,-85,-85,1350,700,304.50800391740927,11.411649205244085,circular
633,1100,700,138.69376135986306,-85,-85,-85,-85,1350,700,315.91965312265336,11.411649205244085,circular
634,1100,700,138.69376135986306,-85,-85,-85,-85,1350,700,327.33130232789745,11.411649205244085,circular
635,1100,700,138.69376135986306,-85,-85,-85,-85,1350,700,338.74295153314154,11.411649205244085,circular
636,1100,700,138.69376135986306,-85,-85,-85,-85,1350,700,350.1546007383856,11.411649205244085,circular
637,1100,700,138.69376135986306,-85,-85,-85,-85,1350,700,1.566249943629714,11.411649205244085,circular
638,1100,700,138.69376135986306,-85,-85,-85,-85,1350,700,12.9778991488738,11.411649205244085,circular
639,1100,700,138.69376135986306,-85,-85,-85,-85,1350,700,24.389548354117885,11.411649205244085,circular
640,1100,700,138.69376135986306,-85,-85,-85,-85,1350,700,35.80119755936197,11.411649205244085,circular
641,1100,700,138.69376135986306,-85,-85,-85,-85,1350,700,47.212846764606056,11.411649205244085,circular
642,1100,700,138.69376135986306,-85,-85,-85,-85,1350,700,58.624495969850145,11.411649205244085,circular
643,1100,700,138.69376135986306,-85,-85,-85,-85,1350,700,70.03614517509423,11.411649205244085,circular
644,1100,700,138.69376135986306,-85,-85,-85,-85,1350,700,81.44779438033832,11.411649205244085,circular
645,1100,700,138.69376135986306,-85,-85,-85,-85,1350,700,92.85944358558241,11.411649205244085,circular
646,1100,700,138.69376135986306,-85,-85,-85,-85,1350,700,104.2710927908265,11.411649205244085,circular
647,1100,700,138.69376135986306,-85,-85,-85,-85,1350,700,115.68274199607059,11.411649205244085,circular
648,1100,700,138.69376135986306,-85,-85,-85,-85,1350,700,127.09439120131468,11.411649205244085,circular
649,1100,700,138.69376135986306,-85,-85,-85,-85,1350,700,138.50604040655875,11.411649205244085,circular
650,1100,700,138.69376135986306,-85,14.513447644213304,17.513155499392102,-85,1350,700,149.91768961180284,11.411649205244085,circular
651,1100,700,138.69376135986306,-85,22.496022074683278,23.31969953712386,-85,1350,700,161.32933881704693,11.411649205244085,circular
652,1100,700,138.69376135986306,-85,24.92014212493214,25.157178905256924,-85,1350,700,172.74098802229102,11.411649205244085,circular
653,1100,700,138.69376135986306,-85,25.859665714847075,25.946643644493044,-85,1350,700,184.1526372275351,11.411649205244085,circular
654,1100,700,138.69376135986306,-85,26.074956048612798,26.035130213615616,-85,1350,700,195.5642864327792,11.411649205244085,circular
655,1100,700,138.69376135986306,-85,25.614204328866276,25.452908776355446,-85,1350,700,206.9759356380233,11.411649205244085,circular
656,1100,700,138.69376135986306,-85,24.332711411139446,23.769789312347285,-85,1350,700,218.38758484326738,11.411649205244085,circular
657,1100,700,138.69376135986306,-85,20.97742610025735,19.914354227256315,-85,1350,700,229.79923404851147,11.411649205244085,circular
658,1100,700,138.69376135986306,-85,-85,-85,-85,1350,700,241.21088325375555,11.411649205244085,circular
659,1100,700,138.69376135986306,-85,-85,-85,-85,1350,700,252.62253245899964,11.411649205244085,circular
660,1100,700,138.69376135986306,-85,-85,-85,-85,1350,700,264.0341816642437,11.411649205244085,circular
661,1100,700,138.69376135986306,-85,-85,-85,-85,1350,700,275.4458308694878,11.411649205244085,circular
662,1100,700,138.69376135986306,-85,-85,-85,-85,1350,700,286.8574800747319,11.411649205244085,circular
663,1100,700,138.69376135986306,-85,-85,-85,-85,1350,700,298.26912927997597,11.411649205244085,circular
664,1100,700,138.69376135986306,-85,-85,-85,-85,1350,700,309.68077848522006,11.411649205244085,circular
665,1100,700,138.69376135986306,-85,-85,-85,-85,1350,700,321.09242769046415,11.411649205244085,circular
666,1100,700,138.69376135986306,-85,-85,-85,-85,1350,700,332.50407689570824,11.411649205244085,circular
667,1100,700,138.69376135986306,-85,-85,-85,-85,1350,700,343.9157261009523,11.411649205244085,circular
668,1100,700,138.69376135986306,-85,-85,-85,-85,1350,700,355.3273753061964,11.411649205244085,circular
669,1100,700,138.69376135986306,-85,-85,-85,-85,1350,700,6.739024511440505,11.411649205244085,circular
670,1100,700,138.69376135986306,-85,-85,-85,-85,1350,700,18.15067371668459,11.411649205244085,circular
671,1100,700,138.69376135986306,-85,-85,-85,-85,1350,700,29.562322921928676,11.411649205244085,circular
672,1100,700,138.69376135986306,-85,-85,-85,-85,1350,700,40.97397212717276,11.411649205244085,circular
673,1100,700,138.69376135986306,-85,-85,-85,-85,1350,700,52.38562133241685,11.411649205244085,circular
674,1100,700,138.69376135986306,-85,-85,-85,-85,1350,700,63.797270537660935,11.411649205244085,circular
675,1100,700,138.69376135986306,-85,-85,-85,-85,1350,700,75.20891974290502,11.411649205244085,circular
676,1100,700,138.69376135986306,-85,-85,-85,-85,1350,700,86.62056894814911,11.411649205244085,circular
677,1100,700,138.69376135986306,-85,-85,-85,-85,1350,700,98.0322181533932,11.411649205244085,circular
678,1100,700,138.69376135986306,-85,-85,-85,-85,1350,700,109.44386735863729,11.411649205244085,circular
679,1100,700,138.69376135986306,-85,-85,-85,-85,1350,700,120.85551656388138,11.411649205244085,circular
680,1100,700,138.69376135986306,-85,-85,-85,-85,1350,700,132.26716576912546,11.411649205244085,circular
681,1100,700,138.69376135986306,-85,-85,-85,-85,1350,700,143.67881497436954,11.411649205244085,circular
682,1100,700,138.69376135986306,-85,19.91435422725632,20.97742610025734,-85,1350,700,155.09046417961363,11.411649205244085,circular
683,1100,700,138.69376135986306,-85,23.769789312347285,24.33271141113945,-85,1350,700,166.50211338485772,11.411649205244085,circular
684,1100,700,138.69376135986306,-85,25.452908776355446,25.614204328866276,-85,1350,700,177.9137625901018,11.411649205244085,circular
685,1100,700,138.69376135986306,-85,26.035130213615616,26.074956048612798,-85,1350,700,189.3254117953459,11.411649205244085,circular
686,1100,700,138.69376135986306,-85,25.946643644493044,25.859665714847075,-85,1350,700,200.73706100059,11.411649205244085,circular
687,1100,700,138.69376135986306,-85,25.157178905256924,24.92014212493214,-85,1350,700,212.14871020583408,11.411649205244085,circular
688,1100,700,138.69376135986306,-85,23.319699537123853,22.496022074683278,-85,1350,700,223.56035941107817,11.411649205244085,circular
689,1100,700,138.69376135986306,-85,17.51315549939211,14.513447644213265,-85,1350,700,234.97200861632226,11.411649205244085,circular
690,1100,700,138.69376135986306,-85,-85,-85,-85,1350,700,246.38365782156635,11.411649205244085,circular
691,1100,700,138.69376135986306,-85,-85,-85,-85,1350,700,257.7953070268104,11.411649205244085,circular
692,1100,700,138.69376135986306,-85,-85,-85,-85,1350,700,269.2069562320545,11.411649205244085,circular
693,1100,700,138.69376135986306,-85,-85,-85,-85,1350,700,280.6186054372986,11.411649205244085,circular
694,1100,700,138.69376135986306,-85,-85,-85,-85,1350,700,292.0302546425427,11.411649205244085,circular
695,1100,700,138.69376135986306,-85,-85,-85,-85,1350,700,303.44190384778676,11.411649205244085,circular
696,1100,700,138.69376135986306,-85,-85,-85,-85,1350,700,314.85355305303085,11.411649205244085,circular
697,1100,700,138.69376135986306,-85,-85,-85,-85,1350,700,326.26520225827494,11.411649205244085,circular
698,1100,700,138.69376135986306,-85,-85,-85,-85,1350,700,337.67685146351903,11.411649205244085,circular
699,1100,700,138.69376135986306,-85,-85,-85,-85,1350,700,349.0885006687631,11.411649205244085,circular
700,1100,700,138.69376135986306,-85,-85,-85,-85,1350,700,0.5001498740072066,11.411649205244085,circular
701,1100,700,138.69376135986306,-85,-85,-85,-85,1350,700,11.911799079251292,11.411649205244085,circular
702,1100,700,138.69376135986306,-85,-85,-85,-85,1350,700,23.323448284495377,11.411649205244085,circular
703,1100,700,138.69376135986306,-85,-85,-85,-85,1350,700,34.73509748973946,11.411649205244085,circular
704,1100,700,138.69376135986306,-85,-85,-85,-85,1350,700,46.14674669498355,11.411649205244085,circular
705,1100,700,138.69376135986306,-85,-85,-85,-85,1350,700,57.55839590022764,11.411649205244085,circular
706,1100,700,138.69376135986306,-85,-85,-85,-85,1350,700,68.97004510547173,11.411649205244085,circular
707,1100,700,138.69376135986306,-85,-85,-85,-85,1350,700,80.38169431071582,11.411649205244085,circular
708,1100,700,138.69376135986306,-85,-85,-85,-85,1350,700,91.7933435159599,11.411649205244085,circular
709,1100,700,138.69376135986306,-85,-85,-85,-85,1350,700,103.204992721204,11.411649205244085,circular
710,1100,700,138.69376135986306,-85,-85,-85,-85,1350,700,114.61664192644808,11.411649205244085,circular
711,1100,700,138.69376135986306,-85,-85,-85,-85,1350,700,126.02829113169217,11.411649205244085,circular
712,1100,700,138.69376135986306,-85,-85,-85,-85,1350,700,137.43994033693625,11.411649205244085,circular
713,1100,700,138.69376135986306,-85,11.505794098357505,16.269948115724727,-85,1350,700,148.85158954218034,11.411649205244085,circular
714,1100,700,138.69376135986306,-85,22.170735458799452,23.06730250275713,-85,1350,700,160.26323874742442,11.411649205244085,circular
715,1100,700,138.69376135986306,-85,24.646943359767004,25.042923900792417,-85,1350,700,171.6748879526685,11.411649205244085,circular
716,1100,700,138.69376135986306,-85,25.80746062382631,25.906018829630398,-85,1350,700,183.0865371579126,11.411649205244085,circular
717,1100,700,138.69376135986306,-85,26.077602459396946,26.053745949214605,-85,1350,700,194.4981863631567,11.411649205244085,circular
718,1100,700,138.69376135986306,-85,25.684904084789977,25.536951728381826,-85,1350,700,205.90983556840078,11.411649205244085,circular
719,1100,700,138.69376135986306,-85,24.495315191602927,23.97102224645776,-85,1350,700,217.32148477364487,11.411649205244085,circular
720,1100,700,138.69376135986306,-85,21.418119305852123,20.48098321025059,-85,1350,700,228.73313397888896,11.411649205244085,circular
721,1100,700,138.69376135986306,-85,-85,-85,-85,1350,700,240.14478318413305,11.411649205244085,circular
722,1100,700,138.69376135986306,-85,-85,-85,-85,1350,700,251.55643238937714,11.411649205244085,circular
723,1100,700,138.69376135986306,-85,-85,-85,-85,1350,700,262.9680815946212,11.411649205244085,circular
724,1100,700,138.69376135986306,-85,-85,-85,-85,1350,700,274.3797307998653,11.411649205244085,circular
725,1100,700,138.69376135986306,-85,-85,-85,-85,1350,700,285.7913800051094,11.411649205244085,circular
726,1100,700,138.69376135986306,-85,-85,-85,-85,1350,700,297.20302921035346,11.411649205244085,circular
727,1100,700,138.69376135986306,-85,-85,-85,-85,1350,700,308.61467841559755,11.411649205244085,circular
728,1100,700,138.69376135986306,-85,-85,-85,-85,1350,700,320.02632762084164,11.411649205244085,circular
729,1100,700,138.69376135986306,-85,-85,-85,-85,1350,700,331.43797682608573,11.411649205244085,circular
730,1100,700,138.69376135986306,-85,-85,-85,-85,1350,700,342.8496260313298,11.411649205244085,circular
731,1100,700,138.69376135986306,-85,-85,-85,-85,1350,700,354.2612752365739,11.411649205244085,circular
732,1100,700,138.69376135986306,-85,-85,-85,-85,1350,700,5.672924441817997,11.411649205244085,circular
733,1100,700,138.69376135986306,-85,-85,-85,-85,1350,700,17.084573647062083,11.411649205244085,circular
734,1100,700,138.69376135986306,-85,-85,-85,-85,1350,700,28.49622285230617,11.411649205244085,circular
735,1100,700,138.69376135986306,-85,-85,-85,-85,1350,700,39.90787205755025,11.411649205244085,circular
736,1100,700,138.69376135986306,-85,-85,-85,-85,1350,700,51.31952126279434,11.411649205244085,circular
737,1100,700,138.69376135986306,-85,-85,-85,-85,1350,700,62.73117046803843,11.411649205244085,circular
738,1100,700,138.69376135986306,-85,-85,-85,-85,1350,700,74.14281967328252,11.411649205244085,circular
739,1100,700,138.69376135986306,-85,-85,-85,-85,1350,700,85.5544688785266,11.411649205244085,circular
740,1100,700,138.69376135986306,-85,-85,-85,-85,1350,700,96.9661180837707,11.411649205244085,circular
741,1100,700,138.69376135986306,-85,-85,-85,-85,1350,700,108.37776728901478,11.411649205244085,circular
742,1100,700,138.69376135986306,-85,-85,-85,-85,1350,700,119.78941649425887,11.411649205244085,circular
743,1100,700,138.69376135986306,-85,-85,-85,-85,1350,700,131.20106569950295,11.411649205244085,circular
744,1100,700,138.69376135986306,-85,-85,-85,-85,1350,700,142.61271490474704,11.411649205244085,circular
745,1100,700,138.69376135986306,-85,19.25639156218217,20.48098321025059,-85,1350,700,154.02436410999113,11.411649205244085,circular
746,1100,700,138.69376135986306,-85,23.553218972269416,24.1582774269213,-85,1350,700,165.43601331523521,11.411649205244085,circular
747,1100,700,138.69376135986306,-85,25.36180729449956,25.536951728381826,-85,1350,700,176.8476625204793,11.411649205244085,circular
748,1100,700,138.69376135986306,-85,26.011117049096303,26.067010357935978,-85,1350,700,188.2593117257234,11.411649205244085,circular
749,1100,700,138.69376135986306,-85,26.011117049096303,25.906018829630398,-85,1350,700,199.67096093096748,11.411649205244085,circular
750,1100,700,138.69376135986306,-85,25.263344594616918,25.042923900792417,-85,1350,700,211.08261013621157,11.411649205244085,circular
751,1100,700,138.69376135986306,-85,23.553218972269416,22.793695368992225,-85,1350,700,222.49425934145566,11.411649205244085,circular
752,1100,700,138.69376135986306,-85,18.474304759512954,16.269948115724716,-85,1350,700,233.90590854669975,11.411649205244085,circular
753,1100,700,138.69376135986306,-85,-85,-85,-85,1350,700,245.31755775194384,11.411649205244085,circular
754,1100,700,138.69376135986306,-85,-85,-85,-85,1350,700,256.7292069571879,11.411649205244085,circular
755,1100,700,138.69376135986306,-85,-85,-85,-85,1350,700,268.140856162432,11.411649205244085,circular
756,1100,700,138.69376135986306,-85,-85,-85,-85,1350,700,279.5525053676761,11.411649205244085,circular
757,1100,700,138.69376135986306,-85,-85,-85,-85,1350,700,290.96415457292017,11.411649205244085,circular
758,1100,700,138.69376135986306,-85,-85,-85,-85,1350,700,302.37580377816425,11.411649205244085,circular
759,1100,700,138.69376135986306,-85,-85,-85,-85,1350,700,313.78745298340834,11.411649205244085,circular
760,1100,700,138.69376135986306,-85,-85,-85,-85,1350,700,325.19910218865243,11.411649205244085,circular
761,1100,700,138.69376135986306,-85,-85,-85,-85,1350,700,336.6107513938965,11.411649205244085,circular
762,1100,700,138.69376135986306,-85,-85,-85,-85,1350,700,348.0224005991406,11.411649205244085,circular
763,1100,700,138.69376135986306,-85,-85,-85,-85,1350,700,359.4340498043847,11.411649205244085,circular
764,1100,700,138.69376135986306,-85,-85,-85,-85,1350,700,10.845699009628788,11.411649205244085,circular
765,1100,700,138.69376135986306,-85,-85,-85,-85,1350,700,22.257348214872874,11.411649205244085,circular
766,1100,700,138.69376135986306,-85,-85,-85,-85,1350,700,33.66899742011696,11.411649205244085,circular
767,1100,700,138.69376135986306,-85,-85,-85,-85,1350,700,45.08064662536104,11.411649205244085,circular
768,1100,700,138.69376135986306,-85,-85,-85,-85,1350,700,56.49229583060513,11.411649205244085,circular
769,1100,700,138.69376135986306,-85,-85,-85,-85,1350,700,67.90394503584922,11.411649205244085,circular
770,1100,700,138.69376135986306,-85,-85,-85,-85,1350,700,79.31559424109331,11.411649205244085,circular
771,1100,700,138.69376135986306,-85,-85,-85,-85,1350,700,90.7272434463374,11.411649205244085,circular
772,1100,700,138.69376135986306,-85,-85,-85,-85,1350,700,102.13889265158149,11.411649205244085,circular
773,1100,700,138.69376135986306,-85,-85,-85,-85,1350,700,113.55054185682557,11.411649205244085,circular
774,1100,700,138.69376135986306,-85,-85,-85,-85,1350,700,124.96219106206966,11.411649205244085,circular
775,1100,700,138.69376135986306,-85,-85,-85,-85,1350,700,136.37384026731374,11.411649205244085,circular
776,1100,700,138.69376135986306,-85,-85,14.513447644213304,-85,1350,700,147.78548947255783,11.411649205244085,circular
777,1100,700,138.69376135986306,-85,21.813356630230874,22.496022074683278,-85,1350,700,159.19713867780192,11.411649205244085,circular
778,1100,700,138.69376135986306,-85,24.495315191602927,24.92014212493214,-85,1350,700,170.608787883046,11.411649205244085,circular
779,1100,700,138.69376135986306,-85,25.7492610641292,25.859665714847075,-85,1350,700,182.0204370882901,11.411649205244085,circular
780,1100,700,138.69376135986306,-85,26.077602459396946,26.067010357935978,-85,1350,700,193.43208629353418,11.411649205244085,circular
781,1100,700,138.69376135986306,-85,25.7492610641292,25.614204328866276,-85,1350,700,204.84373549877827,11.411649205244085,circular
782,1100,700,138.69376135986306,-85,24.646943359767004,24.332711411139446,-85,1350,700,216.25538470402236,11.411649205244085,circular
783,1100,700,138.69376135986306,-85,22.170735458799452,20.97742610025735,-85,1350,700,227.66703390926645,11.411649205244085,circular
784,1100,700,138.69376135986306,-85,-85,-85,-85,1350,700,239.07868311451054,11.411649205244085,circular
785,1100,700,138.69376135986306,-85,-85,-85,-85,1350,700,250.49033231975463,11.411649205244085,circular
786,1100,700,138.69376135986306,-85,-85,-85,-85,1350,700,261.9019815249987,11.411649205244085,circular
787,1100,700,138.69376135986306,-85,-85,-85,-85,1350,700,273.3136307302428,11.411649205244085,circular
788,1100,700,138.69376135986306,-85,-85,-85,-85,1350,700,284.72527993548687,11.411649205244085,circular
789,1100,700,138.69376135986306,-85,-85,-85,-85,1350,700,296.13692914073096,11.411649205244085,circular
790,1100,700,138.69376135986306,-85,-85,-85,-85,1350,700,307.54857834597505,11.411649205244085,circular
791,1100,700,138.69376135986306,-85,-85,-85,-85,1350,700,318.96022755121913,11.411649205244085,circular
792,1100,700,138.69376135986306,-85,-85,-85,-85,1350,700,330.3718767564632,11.411649205244085,circular
793,1100,700,138.69376135986306,-85,-85,-85,-85,1350,700,341.7835259617073,11.411649205244085,circular
794,1100,700,138.69376135986306,-85,-85,-85,-85,1350,700,353.1951751669514,11.411649205244085,circular
795,1100,700,138.69376135986306,-85,-85,-85,-85,1350,700,4.60682437219549,11.411649205244085,circular
796,1100,700,138.69376135986306,-85,-85,-85,-85,1350,700,16.018473577439575,11.411649205244085,circular
797,1100,700,138.69376135986306,-85,-85,-85,-85,1350,700,27.43012278268366,11.411649205244085,circular
798,1100,700,138.69376135986306,-85,-85,-85,-85,1350,700,38.84177198792774,11.411649205244085,circular
799,1100,700,138.69376135986306,-85,-85,-85,-85,1350,700,50.25342119317183,11.411649205244085,circular
800,1100,700,138.69376135986306,-85,-85,-85,-85,1350,700,61.66507039841592,11.411649205244085,circular
801,1100,700,138.69376135986306,-85,-85,-85,-85,1350,700,73.07671960366001,11.411649205244085,circular
802,1100,700,138.69376135986306,-85,-85,-85,-85,1350,700,84.4883688089041,11.411649205244085,circular
803,1100,700,138.69376135986306,-85,-85,-85,-85,1350,700,95.90001801414819,11.411649205244085,circular
804,1100,700,138.69376135986306,-85,-85,-85,-85,1350,700,107.31166721939228,11.411649205244085,circular
805,1100,700,138.69376135986306,-85,-85,-85,-85,1350,700,118.72331642463637,11.411649205244085,circular
806,1100,700,138.69376135986306,-85,-85,-85,-85,1350,700,130.13496562988044,11.411649205244085,circular
807,1100,700,138.69376135986306,-85,-85,-85,-85,1350,700,141.54661483512453,11.411649205244085,circular
808,1100,700,138.69376135986306,-85,18.47430475951294,19.91435422725632,-85,1350,700,152.95826404036862,11.411649205244085,circular
809,1100,700,138.69376135986306,-85,23.31969953712386,23.971022246457757,-85,1350,700,164.3699132456127,11.411649205244085,circular
810,1100,700,138.69376135986306,-85,25.26334459461691,25.452908776355446,-85,1350,700,175.7815624508568,11.411649205244085,circular
811,1100,700,138.69376135986306,-85,25.9816463993744,26.035130213615616,-85,1350,700,187.19321165610089,11.411649205244085,circular
812,1100,700,138.69376135986306,-85,26.035130213615616,25.946643644493044,-85,1350,700,198.60486086134497,11.411649205244085,circular
813,1100,700,138.69376135986306,-85,25.361807294499556,25.157178905256924,-85,1350,700,210.01651006658906,11.411649205244085,circular
814,1100,700,138.69376135986306,-85,23.769789312347285,23.067302502757133,-85,1350,700,221.42815927183315,11.411649205244085,circular
815,1100,700,138.69376135986306,-85,19.25639156218219,17.51315549939211,-85,1350,700,232.83980847707724,11.411649205244085,circular
816,1100,700,138.69376135986306,-85,-85,-85,-85,1350,700,244.25145768232133,11.411649205244085,circular
817,1100,700,138.69376135986306,-85,-85,-85,-85,1350,700,255.66310688756542,11.411649205244085,circular
818,1100,700,138.69376135986306,-85,-85,-85,-85,1350,700,267.0747560928095,11.411649205244085,circular
819,1100,700,138.69376135986306,-85,-85,-85,-85,1350,700,278.48640529805357,11.411649205244085,circular
820,1100,700,138.69376135986306,-85,-85,-85,-85,1350,700,289.89805450329766,11.411649205244085,circular
821,1100,700,138.69376135986306,-85,-85,-85,-85,1350,700,301.30970370854175,11.411649205244085,circular
822,1100,700,138.69376135986306,-85,-85,-85,-85,1350,700,312.72135291378584,11.411649205244085,circular
823,1100,700,138.69376135986306,-85,-85,-85,-85,1350,700,324.1330021190299,11.411649205244085,circular
824,1100,700,138.69376135986306,-85,-85,-85,-85,1350,700,335.544651324274,11.411649205244085,circular
825,1100,700,138.69376135986306,-85,-85,-85,-85,1350,700,346.9563005295181,11.411649205244085,circular
826,1100,700,138.69376135986306,-85,-85,-85,-85,1350,700,358.3679497347622,11.411649205244085,circular
827,1100,700,138.69376135986306,-85,-85,-85,-85,1350,700,9.77959894000628,11.411649205244085,circular
828,1100,700,138.69376135986306,-85,-85,-85,-85,1350,700,21.191248145250366,11.411649205244085,circular
829,1100,700,138.69376135986306,-85,-85,-85,-85,1350,700,32.60289735049445,11.411649205244085,circular
830,1100,700,138.69376135986306,-85,-85,-85,-85,1350,700,44.014546555738534,11.411649205244085,circular
831,1100,700,138.69376135986306,-85,-85,-85,-85,1350,700,55.42619576098262,11.411649205244085,circular
832,1100,700,138.69376135986306,-85,-85,-85,-85,1350,700,66.83784496622671,11.411649205244085,circular
833,1100,700,138.69376135986306,-85,-85,-85,-85,1350,700,78.2494941714708,11.411649205244085,circular
834,1100,700,138.69376135986306,-85,-85,-85,-85,1350,700,89.66114337671489,11.411649205244085,circular
835,1100,700,138.69376135986306,-85,-85,-85,-85,1350,700,101.07279258195898,11.411649205244085,circular
836,1100,700,138.69376135986306,-85,-85,-85,-85,1350,700,112.48444178720307,11.411649205244085,circular
837,1100,700,138.69376135986306,-85,-85,-85,-85,1350,700,123.89609099244716,11.411649205244085,circular
838,1100,700,138.69376135986306,-85,-85,-85,-85,1350,700,135.30774019769123,11.411649205244085,circular
839,1100,700,138.69376135986306,-85,-85,11.505794098357505,-85,1350,700,146.71938940293532,11.411649205244085,circular
840,1100,700,138.69376135986306,-85,21.41811930585211,22.170735458799452,-85,1350,700,158.1310386081794,11.411649205244085,circular
841,1100,700,138.69376135986306,-85,24.33271141113945,24.78833704083229,-85,1350,700,169.5426878134235,11.411649205244085,circular
842,1100,700,138.69376135986306,-85,25.684904084789974,25.80746062382631,-85,1350,700,180.9543370186676,11.411649205244085,circular
843,1100,700,138.69376135986306,-85,26.074956048612798,26.074956048612798,-85,1350,700,192.36598622391168,11.411649205244085,circular
844,1100,700,138.69376135986306,-85,25.807460623826316,25.684904084789977,-85,1350,700,203.77763542915577,11.411649205244085,circular
845,1100,700,138.69376135986306,-85,24.788337040832293,24.495315191602927,-85,1350,700,215.18928463439985,11.411649205244085,circular
846,1100,700,138.69376135986306,-85,22.496022074683278,21.418119305852123,-85,1350,700,226.60093383964394,11.411649205244085,circular
847,1100,700,138.69376135986306,-85,11.50579409835762,-85,-85,1350,700,238.01258304488803,11.411649205244085,circular
848,1100,700,138.69376135986306,-85,-85,-85,-85,1350,700,249.42423225013212,11.411649205244085,circular
849,1100,700,138.69376135986306,-85,-85,-85,-85,1350,700,260.8358814553762,11.411649205244085,circular
850,1100,700,138.69376135986306,-85,-85,-85,-85,1350,700,272.24753066062027,11.411649205244085,circular
851,1100,700,138.69376135986306,-85,-85,-85,-85,1350,700,283.65917986586436,11.411649205244085,circular
852,1100,700,138.69376135986306,-85,-85,-85,-85,1350,700,295.07082907110845,11.411649205244085,circular
853,1100,700,138.69376135986306,-85,-85,-85,-85,1350,700,306.48247827635254,11.411649205244085,circular
854,1100,700,138.69376135986306,-85,-85,-85,-85,1350,700,317.8941274815966,11.411649205244085,circular
855,1100,700,138.69376135986306,-85,-85,-85,-85,1350,700,329.3057766868407,11.411649205244085,circular
856,1100,700,138.69376135986306,-85,-85,-85,-85,1350,700,340.7174258920848,11.411649205244085,circular
857,1100,700,138.69376135986306,-85,-85,-85,-85,1350,700,352.1290750973289,11.411649205244085,circular
858,1100,700,138.69376135986306,-85,-85,-85,-85,1350,700,3.5407243025729827,11.411649205244085,circular
859,1100,700,138.69376135986306,-85,-85,-85,-85,1350,700,14.952373507817068,11.411649205244085,circular
860,1100,700,138.69376135986306,-85,-85,-85,-85,1350,700,26.364022713061154,11.411649205244085,circular
861,1100,700,138.69376135986306,-85,-85,-85,-85,1350,700,37.775671918305235,11.411649205244085,circular
862,1100,700,138.69376135986306,-85,-85,-85,-85,1350,700,49.187321123549324,11.411649205244085,circular
863,1100,700,138.69376135986306,-85,-85,-85,-85,1350,700,60.59897032879341,11.411649205244085,circular
864,1100,700,138.69376135986306,-85,-85,-85,-85,1350,700,72.0106195340375,11.411649205244085,circular
865,1100,700,138.69376135986306,-85,-85,-85,-85,1350,700,83.42226873928159,11.411649205244085,circular
866,1100,700,138.69376135986306,-85,-85,-85,-85,1350,700,94.83391794452568,11.411649205244085,circular
867,1100,700,138.69376135986306,-85,-85,-85,-85,1350,700,106.24556714976977,11.411649205244085,circular
868,1100,700,138.69376135986306,-85,-85,-85,-85,1350,700,117.65721635501386,11.411649205244085,circular
869,1100,700,138.69376135986306,-85,-85,-85,-85,1350,700,129.06886556025793,11.411649205244085,circular
870,1100,700,138.69376135986306,-85,-85,-85,-85,1350,700,140.48051476550202,11.411649205244085,circular
871,1100,700,138.69376135986306,-85,17.513155499392102,19.25639156218217,-85,1350,700,151.8921639707461,11.411649205244085,circular
872,1100,700,138.69376135986306,-85,23.06730250275713,23.769789312347285,-85,1350,700,163.3038131759902,11.411649205244085,circular
873,1100,700,138.69376135986306,-85,25.157178905256924,25.36180729449956,-85,1350,700,174.7154623812343,11.411649205244085,circular
874,1100,700,138.69376135986306,-85,25.946643644493044,26.011117049096303,-85,1350,700,186.12711158647838,11.411649205244085,circular
875,1100,700,138.69376135986306,-85,26.053745949214605,25.9816463993744,-85,1350,700,197.53876079172247,11.411649205244085,circular
876,1100,700,138.69376135986306,-85,25.452908776355446,25.263344594616918,-85,1350,700,208.95040999696656,11.411649205244085,circular
877,1100,700,138.69376135986306,-85,23.97102224645776,23.319699537123853,-85,1350,700,220.36205920221065,11.411649205244085,circular
878,1100,700,138.69376135986306,-85,19.914354227256315,18.474304759512954,-85,1350,700,231.77370840745473,11.411649205244085,circular
879,1100,700,138.69376135986306,-85,-85,-85,-85,1350,700,243.18535761269882,11.411649205244085,circular
880,1100,700,138.69376135986306,-85,-85,-85,-85,1350,700,254.5970068179429,11.411649205244085,circular
881,1100,700,138.69376135986306,-85,-85,-85,-85,1350,700,266.008656023187,11.411649205244085,circular
882,1100,700,138.69376135986306,-85,-85,-85,-85,1350,700,277.42030522843106,11.411649205244085,circular
883,1100,700,138.69376135986306,-85,-85,-85,-85,1350,700,288.83195443367515,11.411649205244085,circular
884,1100,700,138.69376135986306,-85,-85,-85,-85,1350,700,300.24360363891924,11.411649205244085,circular
885,1100,700,138.69376135986306,-85,-85,-85,-85,1350,700,311.65525284416333,11.411649205244085,circular
886,1100,700,138.69376135986306,-85,-85,-85,-85,1350,700,323.0669020494074,11.411649205244085,circular
887,1100,700,138.69376135986306,-85,-85,-85,-85,1350,700,334.4785512546515,11.411649205244085,circular
888,1100,700,138.69376135986306,-85,-85,-85,-85,1350,700,345.8902004598956,11.411649205244085,circular
889,1100,700,138.69376135986306,-85,-85,-85,-85,1350,700,357.3018496651397,11.411649205244085,circular
890,1100,700,138.69376135986306,-85,-85,-85,-85,1350,700,8.713498870383773,11.411649205244085,circular
891,1100,700,138.69376135986306,-85,-85,-85,-85,1350,700,20.12514807562786,11.411649205244085,circular
892,1100,700,138.69376135986306,-85,-85,-85,-85,1350,700,31.536797280871944,11.411649205244085,circular
893,1100,700,138.69376135986306,-85,-85,-85,-85,1350,700,42.948446486116026,11.411649205244085,circular
894,1100,700,138.69376135986306,-85,-85,-85,-85,1350,700,54.360095691360115,11.411649205244085,circular
895,1100,700,138.69376135986306,-85,-85,-85,-85,1350,700,65.7717448966042,11.411649205244085,circular
896,1100,700,138.69376135986306,-85,-85,-85,-85,1350,700,77.1833941018483,11.411649205244085,circular
897,1100,700,138.69376135986306,-85,-85,-85,-85,1350,700,88.59504330709238,11.411649205244085,circular
898,1100,700,138.69376135986306,-85,-85,-85,-85,1350,700,100.00669251233647,11.411649205244085,circular
899,1100,700,138.69376135986306,-85,-85,-85,-85,1350,700,111.41834171758056,11.411649205244085,circular
900,1100,700,138.69376135986306,-85,-85,-85,-85,1350,700,122.82999092282465,11.411649205244085,circular
901,1100,700,138.69376135986306,-85,-85,-85,-85,1350,700,134.24164012806872,11.411649205244085,circular
902,1100,700,138.69376135986306,-85,-85,-85,-85,1350,700,145.6532893333128,11.411649205244085,circular
903,1100,700,138.69376135986306,-85,20.97742610025734,21.813356630230874,-85,1350,700,157.0649385385569,11.411649205244085,circular
904,1100,700,138.69376135986306,-85,24.1582774269213,24.646943359767004,-85,1350,700,168.476587743801,11.411649205244085,circular
905,1100,700,138.69376135986306,-85,25.614204328866276,25.7492610641292,-85,1350,700,179.88823694904508,11.411649205244085,circular
906,1100,700,138.69376135986306,-85,26.067010357935978,26.077602459396946,-85,1350,700,191.29988615428917,11.411649205244085,circular
907,1100,700,138.69376135986306,-85,25.859665714847075,25.7492610641292,-85,1350,700,202.71153535953326,11.411649205244085,circular
908,1100,700,138.69376135986306,-85,24.92014212493214,24.646943359767004,-85,1350,700,214.12318456477735,11.411649205244085,circular
909,1100,700,138.69376135986306,-85,22.793695368992225,21.81335663023087,-85,1350,700,225.53483377002144,11.411649205244085,circular
910,1100,700,138.69376135986306,-85,14.513447644213265,-85,-85,1350,700,236.94648297526552,11.411649205244085,circular
911,1100,700,138.69376135986306,-85,-85,-85,-85,1350,700,248.3581321805096,11.411649205244085,circular
912,1100,700,138.69376135986306,-85,-85,-85,-85,1350,700,259.7697813857537,11.411649205244085,circular
913,1100,700,138.69376135986306,-85,-85,-85,-85,1350,700,271.18143059099776,11.411649205244085,circular
914,1100,700,138.69376135986306,-85,-85,-85,-85,1350,700,282.59307979624185,11.411649205244085,circular
915,1100,700,138.69376135986306,-85,-85,-85,-85,1350,700,294.00472900148594,11.411649205244085,circular
916,1100,700,138.69376135986306,-85,-85,-85,-85,1350,700,305.41637820673003,11.411649205244085,circular
917,1100,700,138.69376135986306,-85,-85,-85,-85,1350,700,316.8280274119741,11.411649205244085,circular
918,1100,700,138.69376135986306,-85,-85,-85,-85,1350,700,328.2396766172182,11.411649205244085,circular
919,1100,700,138.69376135986306,-85,-85,-85,-85,1350,700,339.6513258224623,11.411649205244085,circular
920,1100,700,138.69376135986306,-85,-85,-85,-85,1350,700,351.0629750277064,11.411649205244085,circular
921,1100,700,138.69376135986306,-85,-85,-85,-85,1350,700,2.4746242329504753,11.411649205244085,circular
922,1100,700,138.69376135986306,-85,-85,-85,-85,1350,700,13.88627343819456,11.411649205244085,circular
923,1100,700,138.69376135986306,-85,-85,-85,-85,1350,700,25.297922643438646,11.411649205244085,circular
924,1100,700,138.69376135986306,-85,-85,-85,-85,1350,700,36.70957184868273,11.411649205244085,circular
925,1100,700,138.69376135986306,-85,-85,-85,-85,1350,700,48.12122105392682,11.411649205244085,circular
926,1100,700,138.69376135986306,-85,-85,-85,-85,1350,700,59.532870259170906,11.411649205244085,circular
927,1100,700,138.69376135986306,-85,-85,-85,-85,1350,700,70.944519464415,11.411649205244085,circular
928,1100,700,138.69376135986306,-85,-85,-85,-85,1350,700,82.35616866965908,11.411649205244085,circular
929,1100,700,138.69376135986306,-85,-85,-85,-85,1350,700,93.76781787490317,11.411649205244085,circular
930,1100,700,138.69376135986306,-85,-85,-85,-85,1350,700,105.17946708014726,11.411649205244085,circular
931,1100,700,138.69376135986306,-85,-85,-85,-85,1350,700,116.59111628539135,11.411649205244085,circular
932,1100,700,138.69376135986306,-85,-85,-85,-85,1350,700,128.00276549063543,11.411649205244085,circular
933,1100,700,138.69376135986306,-85,-85,-85,-85,1350,700,139.41441469587951,11.411649205244085,circular
934,1100,700,138.69376135986306,-85,16.269948115724727,18.47430475951294,-85,1350,700,150.8260639011236,11.411649205244085,circular
935,1100,700,138.69376135986306,-85,22.793695368992218,23.31969953712386,-85,1350,700,162.2377131063677,11.411649205244085,circular
936,1100,700,138.69376135986306,-85,24.92014212493214,25.26334459461691,-85,1350,700,173.64936231161178,11.411649205244085,circular
937,1100,700,138.69376135986306,-85,25.906018829630398,25.9816463993744,-85,1350,700,185.06101151685587,11.411649205244085,circular
938,1100,700,138.69376135986306,-85,26.067010357935978,26.011117049096303,-85,1350,700,196.47266072209996,11.411649205244085,circular
939,1100,700,138.69376135986306,-85,25.536951728381826,25.361807294499556,-85,1350,700,207.88430992734405,11.411649205244085,circular
940,1100,700,138.69376135986306,-85,24.1582774269213,23.553218972269416,-85,1350,700,219.29595913258814,11.411649205244085,circular
941,1100,700,138.69376135986306,-85,20.48098321025059,19.25639156218219,-85,1350,700,230.70760833783223,11.411649205244085,circular
942,1100,700,138.69376135986306,-85,-85,-85,-85,1350,700,242.11925754307632,11.411649205244085,circular
943,1100,700,138.69376135986306,-85,-85,-85,-85,1350,700,253.5309067483204,11.411649205244085,circular
944,1100,700,138.69376135986306,-85,-85,-85,-85,1350,700,264.94255595356447,11.411649205244085,circular
945,1100,700,138.69376135986306,-85,-85,-85,-85,1350,700,276.35420515880855,11.411649205244085,circular
946,1100,700,138.69376135986306,-85,-85,-85,-85,1350,700,287.76585436405264,11.411649205244085,circular
947,1100,700,138.69376135986306,-85,-85,-85,-85,1350,700,299.17750356929673,11.411649205244085,circular
948,1100,700,138.69376135986306,-85,-85,-85,-85,1350,700,310.5891527745408,11.411649205244085,circular
949,1100,700,138.69376135986306,-85,-85,-85,-85,1350,700,322.0008019797849,11.411649205244085,circular
950,1100,700,138.69376135986306,-85,-85,-85,-85,1350,700,333.412451185029,11.411649205244085,circular
951,1100,700,138.69376135986306,-85,-85,-85,-85,1350,700,344.8241003902731,11.411649205244085,circular
952,1100,700,138.69376135986306,-85,-85,-85,-85,1350,700,356.2357495955172,11.411649205244085,circular
953,1100,700,138.69376135986306,-85,-85,-85,-85,1350,700,7.647398800761266,11.411649205244085,circular
954,1100,700,138.69376135986306,-85,-85,-85,-85,1350,700,19.05904800600535,11.411649205244085,circular
955,1100,700,138.69376135986306,-85,-85,-85,-85,1350,700,30.470697211249437,11.411649205244085,circular
956,1100,700,138.69376135986306,-85,-85,-85,-85,1350,700,41.88234641649352,11.411649205244085,circular
957,1100,700,138.69376135986306,-85,-85,-85,-85,1350,700,53.29399562173761,11.411649205244085,circular
958,1100,700,138.69376135986306,-85,-85,-85,-85,1350,700,64.7056448269817,11.411649205244085,circular
959,1100,700,138.69376135986306,-85,-85,-85,-85,1350,700,76.11729403222579,11.411649205244085,circular
960,1100,700,138.69376135986306,-85,-85,-85,-85,1350,700,87.52894323746987,11.411649205244085,circular
961,1100,700,138.69376135986306,-85,-85,-85,-85,1350,700,98.94059244271396,11.411649205244085,circular
962,1100,700,138.69376135986306,-85,-85,-85,-85,1350,700,110.35224164795805,11.411649205244085,circular
963,1100,700,138.69376135986306,-85,-85,-85,-85,1350,700,121.76389085320214,11.411649205244085,circular
964,1100,700,138.69376135986306,-85,-85,-85,-85,1350,700,133.17554005844622,11.411649205244085,circular
965,1100,700,138.69376135986306,-85,-85,-85,-85,1350,700,144.5871892636903,11.411649205244085,circular
966,1100,700,138.69376135986306,-85,20.48098321025059,21.41811930585211,-85,1350,700,155.9988384689344,11.411649205244085,circular
967,1100,700,138.69376135986306,-85,23.971022246457757,24.495315191602927,-85,1350,700,167.41048767417848,11.411649205244085,circular
968,1100,700,138.69376135986306,-85,25.536951728381826,25.684904084789974,-85,1350,700,178.82213687942257,11.411649205244085,circular
969,1100,700,138.69376135986306,-85,26.053745949214605,26.074956048612798,-85,1350,700,190.23378608466666,11.411649205244085,circular
970,1100,700,138.69376135986306,-85,25.946643644493044,25.807460623826316,-85,1350,700,201.64543528991075,11.411649205244085,circular
971,1100,700,138.69376135986306,-85,25.042923900792417,24.788337040832293,-85,1350,700,213.05708449515484,11.411649205244085,circular
972,1100,700,138.69376135986306,-85,23.067302502757133,22.170735458799452,-85,1350,700,224.46873370039893,11.411649205244085,circular
973,1100,700,138.69376135986306,-85,16.269948115724716,11.50579409835762,-85,1350,700,235.88038290564302,11.411649205244085,circular
974,1100,700,138.69376135986306,-85,-85,-85,-85,1350,700,247.2920321108871,11.411649205244085,circular
975,1100,700,138.69376135986306,-85,-85,-85,-85,1350,700,258.70368131613117,11.411649205244085,circular
976,1100,700,138.69376135986306,-85,-85,-85,-85,1350,700,270.11533052137526,11.411649205244085,circular
977,1100,700,138.69376135986306,-85,-85,-85,-85,1350,700,281.52697972661935,11.411649205244085,circular
978,1100,700,138.69376135986306,-85,-85,-85,-85,1350,700,292.93862893186343,11.411649205244085,circular
979,1100,700,138.69376135986306,-85,-85,-85,-85,1350,700,304.3502781371075,11.411649205244085,circular
980,1100,700,138.69376135986306,-85,-85,-85,-85,1350,700,315.7619273423516,11.411649205244085,circular
981,1100,700,138.69376135986306,-85,-85,-85,-85,1350,700,327.1735765475957,11.411649205244085,circular
982,1100,700,138.69376135986306,-85,-85,-85,-85,1350,700,338.5852257528398,11.411649205244085,circular
983,1100,700,138.69376135986306,-85,-85,-85,-85,1350,700,349.9968749580839,11.411649205244085,circular
984,1100,700,138.69376135986306,-85,-85,-85,-85,1350,700,1.408524163327968,11.411649205244085,circular
985,1100,700,138.69376135986306,-85,-85,-85,-85,1350,700,12.820173368572053,11.411649205244085,circular
986,1100,700,138.69376135986306,-85,-85,-85,-85,1350,700,24.23182257381614,11.411649205244085,circular
987,1100,700,138.69376135986306,-85,-85,-85,-85,1350,700,35.64347177906022,11.411649205244085,circular
988,1100,700,138.69376135986306,-85,-85,-85,-85,1350,700,47.05512098430431,11.411649205244085,circular
989,1100,700,138.69376135986306,-85,-85,-85,-85,1350,700,58.4667701895484,11.411649205244085,circular
990,1100,700,138.69376135986306,-85,-85,-85,-85,1350,700,69.87841939479249,11.411649205244085,circular
991,1100,700,138.69376135986306,-85,-85,-85,-85,1350,700,81.29006860003658,11.411649205244085,circular
992,1100,700,138.69376135986306,-85,-85,-85,-85,1350,700,92.70171780528067,11.411649205244085,circular
993,1100,700,138.69376135986306,-85,-85,-85,-85,1350,700,104.11336701052475,11.411649205244085,circular
994,1100,700,138.69376135986306,-85,-85,-85,-85,1350,700,115.52501621576884,11.411649205244085,circular
995,1100,700,138.69376135986306,-85,-85,-85,-85,1350,700,126.93666542101293,11.411649205244085,circular
996,1100,700,138.69376135986306,-85,-85,-85,-85,1350,700,138.348314626257,11.411649205244085,circular
997,1100,700,138.69376135986306,-85,14.513447644213304,17.513155499392102,-85,1350,700,149.7599638315011,11.411649205244085,circular
998,1100,700,138.69376135986306,-85,22.496022074683278,23.06730250275713,-85,1350,700,161.17161303674519,11.411649205244085,circular
999,1100,700,138.69376135986306,-85,24.78833704083229,25.157178905256924,-85,1350,700,172.58326224198927,11.411649205244085,circular
