Tick,Aircraft X,Aircraft Y,Aircraft Heading,A1,A2,A3,A4,Radar X,Radar Y,Radar Azimuth,Radar RPM,Radar Scan Pattern
0,1100,700,93.23908358884825,-85,-85,-85,-85,1350,700,320.9598714271843,17.205866871256983,circular
1,1100,700,93.23908358884825,-85,-85,-85,-85,1350,700,338.1657382984413,17.205866871256983,circular
2,1100,700,93.23908358884825,-85,-85,-85,-85,1350,700,355.3716051696983,17.205866871256983,circular
3,1100,700,93.23908358884825,-85,-85,-85,-85,1350,700,12.577472040955286,17.205866871256983,circular
4,1100,700,93.23908358884825,-85,-85,-85,-85,1350,700,29.78333891221227,17.205866871256983,circular
5,1100,700,93.23908358884825,-85,-85,-85,-85,1350,700,46.98920578346925,17.205866871256983,circular
6,1100,700,93.23908358884825,-85,-85,-85,-85,1350,700,64.19507265472623,17.205866871256983,circular
7,1100,700,93.23908358884825,-85,-85,-85,-85,1350,700,81.40093952598322,17.205866871256983,circular
8,1100,700,93.23908358884825,-85,-85,-85,-85,1350,700,98.6068063972402,17.205866871256983,circular
9,1100,700,93.23908358884825,-85,-85,-85,-85,1350,700,115.81267326849719,17.205866871256983,circular
10,1100,700,93.23908358884825,-85,-85,-85,-85,1350,700,133.01854013975418,17.205866871256983,circular
11,1100,700,93.23908358884825,-85,-85,-85,-85,1350,700,150.22440701101115,17.205866871256983,circular
12,1100,700,93.23908358884825,-85,-85,22.793695368992218,23.553218972269416,1350,700,167.43027388226812,17.205866871256983,circular
13,1100,700,93.23908358884825,-85,-85,25.536951728381826,25.80746062382631,1350,700,184.6361407535251,17.205866871256983,circular
14,1100,700,93.23908358884825,-85,-85,26.053745949214605,25.9816463993744,1350,700,201.84200762478207,17.205866871256983,circular
15,1100,700,93.23908358884825,-85,-85,24.92014212493214,24.495315191602927,1350,700,219.04787449603904,17.205866871256983,circular
16,1100,700,93.23908358884825,-85,-85,20.48098321025059,18.474304759512954,1350,700,236.25374136729602,17.205866871256983,circular
17,1100,700,93.23908358884825,-85,-85,-85,-85,1350,700,253.459608238553,17.205866871256983,circular
18,1100,700,93.23908358884825,-85,-85,-85,-85,1350,700,270.66547510980996,17.205866871256983,circular
19,1100,700,93.23908358884825,-85,-85,-85,-85,1350,700,287.87134198106696,17.205866871256983,circular
20,1100,700,93.23908358884825,-85,-85,-85,-85,1350,700,305.07720885232396,17.205866871256983,circular
21,1100,700,93.23908358884825,-85,-85,-85,-85,1350,700,322.28307572358096,17.205866871256983,circular
22,1100,700,93.23908358884825,-85,-85,-85,-85,1350,700,339.48894259483797,17.205866871256983,circular
23,1100,700,93.23908358884825,-85,-85,-85,-85,1350,700,356.69480946609497,17.205866871256983,circular
24,1100,700,93.23908358884825,-85,-85,-85,-85,1350,700,13.900676337351968,17.205866871256983,circular
25,1100,700,93.23908358884825,-85,-85,-85,-85,1350,700,31.10654320860895,17.205866871256983,circular
26,1100,700,93.23908358884825,-85,-85,-85,-85,1350,700,48.312410079865934,17.205866871256983,circular
27,1100,700,93.23908358884825,-85,-85,-85,-85,1350,700,65.51827695112291,17.205866871256983,circular
28,1100,700,93.23908358884825,-85,-85,-85,-85,1350,700,82.7241438223799,17.205866871256983,circular
29,1100,700,93.23908358884825,-85,-85,-85,-85,1350,700,99.93001069363689,17.205866871256983,circular
30,1100,700,93.23908358884825,-85,-85,-85,-85,1350,700,117.13587756489387,17.205866871256983,circular
31,1100,700,93.23908358884825,-85,-85,-85,-85,1350,700,134.34174443615086,17.205866871256983,circular
32,1100,700,93.23908358884825,-85,-85,-85,14.513447644213304,1350,700,151.54761130740783,17.205866871256983,circular
33,1100,700,93.23908358884825,-85,-85,23.06730250275713,23.971022246457757,1350,700,168.7534781786648,17.205866871256983,circular
34,1100,700,93.23908358884825,-85,-85,25.684904084789974,25.859665714847075,1350,700,185.95934504992178,17.205866871256983,circular
35,1100,700,93.23908358884825,-85,-85,26.035130213615616,25.946643644493044,1350,700,203.16521192117875,17.205866871256983,circular
36,1100,700,93.23908358884825,-85,-85,24.788337040832293,24.332711411139446,1350,700,220.37107879243572,17.205866871256983,circular
37,1100,700,93.23908358884825,-85,-85,19.914354227256315,16.269948115724716,1350,700,237.5769456636927,17.205866871256983,circular
38,1100,700,93.23908358884825,-85,-85,-85,-85,1350,700,254.78281253494967,17.205866871256983,circular
39,1100,700,93.23908358884825,-85,-85,-85,-85,1350,700,271.98867940620664,17.205866871256983,circular
40,1100,700,93.23908358884825,-85,-85,-85,-85,1350,700,289.19454627746364,17.205866871256983,circular
41,1100,700,93.23908358884825,-85,-85,-85,-85,1350,700,306.40041314872065,17.205866871256983,circular
42,1100,700,93.23908358884825,-85,-85,-85,-85,1350,700,323.60628001997765,17.205866871256983,circular
43,1100,700,93.23908358884825,-85,-85,-85,-85,1350,700,340.81214689123465,17.205866871256983,circular
44,1100,700,93.23908358884825,-85,-85,-85,-85,1350,700,358.01801376249165,17.205866871256983,circular
45,1100,700,93.23908358884825,-85,-85,-85,-85,1350,700,15.22388063374865,17.205866871256983,circular
46,1100,700,93.23908358884825,-85,-85,-85,-85,1350,700,32.429747505005636,17.205866871256983,circular
47,1100,700,93.23908358884825,-85,-85,-85,-85,1350,700,49.63561437626262,17.205866871256983,circular
48,1100,700,93.23908358884825,-85,-85,-85,-85,1350,700,66.84148124751961,17.205866871256983,circular
49,1100,700,93.23908358884825,-85,-85,-85,-85,1350,700,84.0473481187766,17.205866871256983,circular
50,1100,700,93.23908358884825,-85,-85,-85,-85,1350,700,101.25321499003358,17.205866871256983,circular
51,1100,700,93.23908358884825,-85,-85,-85,-85,1350,700,118.45908186129057,17.205866871256983,circular
52,1100,700,93.23908358884825,-85,-85,-85,-85,1350,700,135.66494873254754,17.205866871256983,circular
53,1100,700,93.23908358884825,-85,-85,-85,16.269948115724727,1350,700,152.87081560380452,17.205866871256983,circular
54,1100,700,93.23908358884825,-85,-85,23.553218972269416,24.1582774269213,1350,700,170.0766824750615,17.205866871256983,circular
55,1100,700,93.23908358884825,-85,-85,25.7492610641292,25.906018829630398,1350,700,187.28254934631846,17.205866871256983,circular
56,1100,700,93.23908358884825,-85,-85,26.011117049096303,25.859665714847075,1350,700,204.48841621757543,17.205866871256983,circular
57,1100,700,93.23908358884825,-85,-85,24.646943359767004,23.97102224645776,1350,700,221.6942830888324,17.205866871256983,circular
58,1100,700,93.23908358884825,-85,-85,18.474304759512954,14.513447644213265,1350,700,238.90014996008938,17.205866871256983,circular
59,1100,700,93.23908358884825,-85,-85,-85,-85,1350,700,256.1060168313464,17.205866871256983,circular
60,1100,700,93.23908358884825,-85,-85,-85,-85,1350,700,273.3118837026034,17.205866871256983,circular
61,1100,700,93.23908358884825,-85,-85,-85,-85,1350,700,290.5177505738604,17.205866871256983,circular
62,1100,700,93.23908358884825,-85,-85,-85,-85,1350,700,307.7236174451174,17.205866871256983,circular
63,1100,700,93.23908358884825,-85,-85,-85,-85,1350,700,324.9294843163744,17.205866871256983,circular
64,1100,700,93.23908358884825,-85,-85,-85,-85,1350,700,342.1353511876314,17.205866871256983,circular
65,1100,700,93.23908358884825,-85,-85,-85,-85,1350,700,359.3412180588884,17.205866871256983,circular
66,1100,700,93.23908358884825,-85,-85,-85,-85,1350,700,16.547084930145388,17.205866871256983,circular
67,1100,700,93.23908358884825,-85,-85,-85,-85,1350,700,33.752951801402375,17.205866871256983,circular
68,1100,700,93.23908358884825,-85,-85,-85,-85,1350,700,50.95881867265936,17.205866871256983,circular
69,1100,700,93.23908358884825,-85,-85,-85,-85,1350,700,68.16468554391635,17.205866871256983,circular
70,1100,700,93.23908358884825,-85,-85,-85,-85,1350,700,85.37055241517334,17.205866871256983,circular
71,1100,700,93.23908358884825,-85,-85,-85,-85,1350,700,102.57641928643032,17.205866871256983,circular
72,1100,700,93.23908358884825,-85,-85,-85,-85,1350,700,119.78228615768731,17.205866871256983,circular
73,1100,700,93.23908358884825,-85,-85,-85,-85,1350,700,136.98815302894428,17.205866871256983,circular
74,1100,700,93.23908358884825,-85,-85,11.505794098357505,17.513155499392102,1350,700,154.19401990020125,17.205866871256983,circular
75,1100,700,93.23908358884825,-85,-85,23.769789312347285,24.33271141113945,1350,700,171.39988677145823,17.205866871256983,circular
76,1100,700,93.23908358884825,-85,-85,25.80746062382631,25.9816463993744,1350,700,188.6057536427152,17.205866871256983,circular
77,1100,700,93.23908358884825,-85,-85,25.946643644493044,25.807460623826316,1350,700,205.81162051397217,17.205866871256983,circular
78,1100,700,93.23908358884825,-85,-85,24.332711411139446,23.769789312347285,1350,700,223.01748738522915,17.205866871256983,circular
79,1100,700,93.23908358884825,-85,-85,17.51315549939211,11.50579409835762,1350,700,240.22335425648612,17.205866871256983,circular
80,1100,700,93.23908358884825,-85,-85,-85,-85,1350,700,257.4292211277431,17.205866871256983,circular
81,1100,700,93.23908358884825,-85,-85,-85,-85,1350,700,274.6350879990001,17.205866871256983,circular
82,1100,700,93.23908358884825,-85,-85,-85,-85,1350,700,291.8409548702571,17.205866871256983,circular
83,1100,700,93.23908358884825,-85,-85,-85,-85,1350,700,309.0468217415141,17.205866871256983,circular
84,1100,700,93.23908358884825,-85,-85,-85,-85,1350,700,326.2526886127711,17.205866871256983,circular
85,1100,700,93.23908358884825,-85,-85,-85,-85,1350,700,343.4585554840281,17.205866871256983,circular
86,1100,700,93.23908358884825,-85,-85,-85,-85,1350,700,0.6644223552851258,17.205866871256983,circular
87,1100,700,93.23908358884825,-85,-85,-85,-85,1350,700,17.87028922654211,17.205866871256983,circular
88,1100,700,93.23908358884825,-85,-85,-85,-85,1350,700,35.07615609779909,17.205866871256983,circular
89,1100,700,93.23908358884825,-85,-85,-85,-85,1350,700,52.28202296905607,17.205866871256983,circular
90,1100,700,93.23908358884825,-85,-85,-85,-85,1350,700,69.48788984031306,17.205866871256983,circular
91,1100,700,93.23908358884825,-85,-85,-85,-85,1350,700,86.69375671157005,17.205866871256983,circular
92,1100,700,93.23908358884825,-85,-85,-85,-85,1350,700,103.89962358282703,17.205866871256983,circular
93,1100,700,93.23908358884825,-85,-85,-85,-85,1350,700,121.10549045408402,17.205866871256983,circular
94,1100,700,93.23908358884825,-85,-85,-85,-85,1350,700,138.311357325341,17.205866871256983,circular
95,1100,700,93.23908358884825,-85,-85,14.513447644213304,19.25639156218217,1350,700,155.51722419659797,17.205866871256983,circular
96,1100,700,93.23908358884825,-85,-85,23.971022246457757,24.646943359767004,1350,700,172.72309106785494,17.205866871256983,circular
97,1100,700,93.23908358884825,-85,-85,25.906018829630398,26.011117049096303,1350,700,189.9289579391119,17.205866871256983,circular
98,1100,700,93.23908358884825,-85,-85,25.906018829630398,25.7492610641292,1350,700,207.13482481036888,17.205866871256983,circular
99,1100,700,93.23908358884825,-85,-85,24.1582774269213,23.553218972269416,1350,700,224.34069168162586,17.205866871256983,circular
100,1100,700,93.23908358884825,-85,-85,16.269948115724716,-85,1350,700,241.54655855288283,17.205866871256983,circular
101,1100,700,93.23908358884825,-85,-85,-85,-85,1350,700,258.7524254241398,17.205866871256983,circular
102,1100,700,93.23908358884825,-85,-85,-85,-85,1350,700,275.9582922953968,17.205866871256983,circular
103,1100,700,93.23908358884825,-85,-85,-85,-85,1350,700,293.1641591666538,17.205866871256983,circular
104,1100,700,93.23908358884825,-85,-85,-85,-85,1350,700,310.3700260379108,17.205866871256983,circular
105,1100,700,93.23908358884825,-85,-85,-85,-85,1350,700,327.5758929091678,17.205866871256983,circular
106,1100,700,93.23908358884825,-85,-85,-85,-85,1350,700,344.7817597804248,17.205866871256983,circular
107,1100,700,93.23908358884825,-85,-85,-85,-85,1350,700,1.9876266516818077,17.205866871256983,circular
108,1100,700,93.23908358884825,-85,-85,-85,-85,1350,700,19.19349352293879,17.205866871256983,circular
109,1100,700,93.23908358884825,-85,-85,-85,-85,1350,700,36.399360394195774,17.205866871256983,circular
110,1100,700,93.23908358884825,-85,-85,-85,-85,1350,700,53.605227265452754,17.205866871256983,circular
111,1100,700,93.23908358884825,-85,-85,-85,-85,1350,700,70.81109413670974,17.205866871256983,circular
112,1100,700,93.23908358884825,-85,-85,-85,-85,1350,700,88.01696100796673,17.205866871256983,circular
113,1100,700,93.23908358884825,-85,-85,-85,-85,1350,700,105.22282787922371,17.205866871256983,circular
114,1100,700,93.23908358884825,-85,-85,-85,-85,1350,700,122.4286947504807,17.205866871256983,circular
115,1100,700,93.23908358884825,-85,-85,-85,-85,1350,700,139.63456162173767,17.205866871256983,circular
116,1100,700,93.23908358884825,-85,-85,17.513155499392102,19.91435422725632,1350,700,156.84042849299465,17.205866871256983,circular
117,1100,700,93.23908358884825,-85,-85,24.33271141113945,24.78833704083229,1350,700,174.04629536425162,17.205866871256983,circular
118,1100,700,93.23908358884825,-85,-85,25.946643644493044,26.035130213615616,1350,700,191.2521622355086,17.205866871256983,circular
119,1100,700,93.23908358884825,-85,-85,25.859665714847075,25.614204328866276,1350,700,208.45802910676557,17.205866871256983,circular
120,1100,700,93.23908358884825,-85,-85,23.97102224645776,23.067302502757133,1350,700,225.66389597802254,17.205866871256983,circular
121,1100,700,93.23908358884825,-85,-85,11.50579409835762,-85,1350,700,242.8697628492795,17.205866871256983,circular
122,1100,700,93.23908358884825,-85,-85,-85,-85,1350,700,260.0756297205365,17.205866871256983,circular
123,1100,700,93.23908358884825,-85,-85,-85,-85,1350,700,277.2814965917935,17.205866871256983,circular
124,1100,700,93.23908358884825,-85,-85,-85,-85,1350,700,294.4873634630505,17.205866871256983,circular
125,1100,700,93.23908358884825,-85,-85,-85,-85,1350,700,311.6932303343075,17.205866871256983,circular
126,1100,700,93.23908358884825,-85,-85,-85,-85,1350,700,328.8990972055645,17.205866871256983,circular
127,1100,700,93.23908358884825,-85,-85,-85,-85,1350,700,346.1049640768215,17.205866871256983,circular
128,1100,700,93.23908358884825,-85,-85,-85,-85,1350,700,3.3108309480784897,17.205866871256983,circular
129,1100,700,93.23908358884825,-85,-85,-85,-85,1350,700,20.516697819335473,17.205866871256983,circular
130,1100,700,93.23908358884825,-85,-85,-85,-85,1350,700,37.722564690592456,17.205866871256983,circular
131,1100,700,93.23908358884825,-85,-85,-85,-85,1350,700,54.928431561849436,17.205866871256983,circular
132,1100,700,93.23908358884825,-85,-85,-85,-85,1350,700,72.13429843310642,17.205866871256983,circular
133,1100,700,93.23908358884825,-85,-85,-85,-85,1350,700,89.34016530436341,17.205866871256983,circular
134,1100,700,93.23908358884825,-85,-85,-85,-85,1350,700,106.5460321756204,17.205866871256983,circular
135,1100,700,93.23908358884825,-85,-85,-85,-85,1350,700,123.75189904687738,17.205866871256983,circular
136,1100,700,93.23908358884825,-85,-85,-85,-85,1350,700,140.95776591813436,17.205866871256983,circular
137,1100,700,93.23908358884825,-85,-85,18.47430475951294,20.48098321025059,1350,700,158.16363278939133,17.205866871256983,circular
138,1100,700,93.23908358884825,-85,-85,24.495315191602927,24.92014212493214,1350,700,175.3694996606483,17.205866871256983,circular
139,1100,700,93.23908358884825,-85,-85,25.9816463993744,26.067010357935978,1350,700,192.57536653190527,17.205866871256983,circular
140,1100,700,93.23908358884825,-85,-85,25.7492610641292,25.536951728381826,1350,700,209.78123340316225,17.205866871256983,circular
141,1100,700,93.23908358884825,-85,-85,23.553218972269416,22.793695368992225,1350,700,226.98710027441922,17.205866871256983,circular
142,1100,700,93.23908358884825,-85,-85,-85,-85,1350,700,244.1929671456762,17.205866871256983,circular
143,1100,700,93.23908358884825,-85,-85,-85,-85,1350,700,261.39883401693317,17.205866871256983,circular
144,1100,700,93.23908358884825,-85,-85,-85,-85,1350,700,278.60470088819017,17.205866871256983,circular
145,1100,700,93.23908358884825,-85,-85,-85,-85,1350,700,295.81056775944717,17.205866871256983,circular
146,1100,700,93.23908358884825,-85,-85,-85,-85,1350,700,313.01643463070417,17.205866871256983,circular
147,1100,700,93.23908358884825,-85,-85,-85,-85,1350,700,330.22230150196117,17.205866871256983,circular
148,1100,700,93.23908358884825,-85,-85,-85,-85,1350,700,347.42816837321817,17.205866871256983,circular
149,1100,700,93.23908358884825,-85,-85,-85,-85,1350,700,4.634035244475172,17.205866871256983,circular
150,1100,700,93.23908358884825,-85,-85,-85,-85,1350,700,21.839902115732155,17.205866871256983,circular
151,1100,700,93.23908358884825,-85,-85,-85,-85,1350,700,39.04576898698914,17.205866871256983,circular
152,1100,700,93.23908358884825,-85,-85,-85,-85,1350,700,56.25163585824612,17.205866871256983,circular
153,1100,700,93.23908358884825,-85,-85,-85,-85,1350,700,73.4575027295031,17.205866871256983,circular
154,1100,700,93.23908358884825,-85,-85,-85,-85,1350,700,90.66336960076009,17.205866871256983,circular
155,1100,700,93.23908358884825,-85,-85,-85,-85,1350,700,107.86923647201708,17.205866871256983,circular
156,1100,700,93.23908358884825,-85,-85,-85,-85,1350,700,125.07510334327407,17.205866871256983,circular
157,1100,700,93.23908358884825,-85,-85,-85,-85,1350,700,142.28097021453104,17.205866871256983,circular
158,1100,700,93.23908358884825,-85,-85,19.25639156218217,21.41811930585211,1350,700,159.486837085788,17.205866871256983,circular
159,1100,700,93.23908358884825,-85,-85,24.646943359767004,25.157178905256924,1350,700,176.69270395704498,17.205866871256983,circular
160,1100,700,93.23908358884825,-85,-85,26.035130213615616,26.074956048612798,1350,700,193.89857082830196,17.205866871256983,circular
161,1100,700,93.23908358884825,-85,-85,25.684904084789977,25.452908776355446,1350,700,211.10443769955893,17.205866871256983,circular
162,1100,700,93.23908358884825,-85,-85,23.319699537123853,22.496022074683278,1350,700,228.3103045708159,17.205866871256983,circular
163,1100,700,93.23908358884825,-85,-85,-85,-85,1350,700,245.51617144207287,17.205866871256983,circular
164,1100,700,93.23908358884825,-85,-85,-85,-85,1350,700,262.72203831332985,17.205866871256983,circular
165,1100,700,93.23908358884825,-85,-85,-85,-85,1350,700,279.92790518458685,17.205866871256983,circular
166,1100,700,93.23908358884825,-85,-85,-85,-85,1350,700,297.13377205584385,17.205866871256983,circular
167,1100,700,93.23908358884825,-85,-85,-85,-85,1350,700,314.33963892710085,17.205866871256983,circular
168,1100,700,93.23908358884825,-85,-85,-85,-85,1350,700,331.54550579835785,17.205866871256983,circular
169,1100,700,93.23908358884825,-85,-85,-85,-85,1350,700,348.75137266961485,17.205866871256983,circular
170,1100,700,93.23908358884825,-85,-85,-85,-85,1350,700,5.9572395408718535,17.205866871256983,circular
171,1100,700,93.23908358884825,-85,-85,-85,-85,1350,700,23.163106412128837,17.205866871256983,circular
172,1100,700,93.23908358884825,-85,-85,-85,-85,1350,700,40.36897328338582,17.205866871256983,circular
173,1100,700,93.23908358884825,-85,-85,-85,-85,1350,700,57.5748401546428,17.205866871256983,circular
174,1100,700,93.23908358884825,-85,-85,-85,-85,1350,700,74.78070702589979,17.205866871256983,circular
175,1100,700,93.23908358884825,-85,-85,-85,-85,1350,700,91.98657389715677,17.205866871256983,circular
176,1100,700,93.23908358884825,-85,-85,-85,-85,1350,700,109.19244076841376,17.205866871256983,circular
177,1100,700,93.23908358884825,-85,-85,-85,-85,1350,700,126.39830763967075,17.205866871256983,circular
178,1100,700,93.23908358884825,-85,-85,-85,-85,1350,700,143.60417451092772,17.205866871256983,circular
179,1100,700,93.23908358884825,-85,-85,20.48098321025059,21.813356630230874,1350,700,160.8100413821847,17.205866871256983,circular
180,1100,700,93.23908358884825,-85,-85,24.92014212493214,25.26334459461691,1350,700,178.01590825344167,17.205866871256983,circular
181,1100,700,93.23908358884825,-85,-85,26.053745949214605,26.077602459396946,1350,700,195.22177512469864,17.205866871256983,circular
182,1100,700,93.23908358884825,-85,-85,25.614204328866276,25.361807294499556,1350,700,212.4276419959556,17.205866871256983,circular
183,1100,700,93.23908358884825,-85,-85,23.067302502757133,21.81335663023087,1350,700,229.63350886721258,17.205866871256983,circular
184,1100,700,93.23908358884825,-85,-85,-85,-85,1350,700,246.83937573846956,17.205866871256983,circular
185,1100,700,93.23908358884825,-85,-85,-85,-85,1350,700,264.04524260972653,17.205866871256983,circular
186,1100,700,93.23908358884825,-85,-85,-85,-85,1350,700,281.25110948098353,17.205866871256983,circular
187,1100,700,93.23908358884825,-85,-85,-85,-85,1350,700,298.45697635224053,17.205866871256983,circular
188,1100,700,93.23908358884825,-85,-85,-85,-85,1350,700,315.66284322349753,17.205866871256983,circular
189,1100,700,93.23908358884825,-85,-85,-85,-85,1350,700,332.86871009475453,17.205866871256983,circular
190,1100,700,93.23908358884825,-85,-85,-85,-85,1350,700,350.07457696601153,17.205866871256983,circular
191,1100,700,93.23908358884825,-85,-85,-85,-85,1350,700,7.280443837268535,17.205866871256983,circular
192,1100,700,93.23908358884825,-85,-85,-85,-85,1350,700,24.48631070852552,17.205866871256983,circular
193,1100,700,93.23908358884825,-85,-85,-85,-85,1350,700,41.6921775797825,17.205866871256983,circular
194,1100,700,93.23908358884825,-85,-85,-85,-85,1350,700,58.89804445103948,17.205866871256983,circular
195,1100,700,93.23908358884825,-85,-85,-85,-85,1350,700,76.10391132229647,17.205866871256983,circular
196,1100,700,93.23908358884825,-85,-85,-85,-85,1350,700,93.30977819355346,17.205866871256983,circular
197,1100,700,93.23908358884825,-85,-85,-85,-85,1350,700,110.51564506481044,17.205866871256983,circular
198,1100,700,93.23908358884825,-85,-85,-85,-85,1350,700,127.72151193606743,17.205866871256983,circular
199,1100,700,93.23908358884825,-85,-85,-85,-85,1350,700,144.9273788073244,17.205866871256983,circular
200,1100,700,93.23908358884825,-85,-85,20.97742610025734,22.170735458799452,1350,700,162.13324567858137,17.205866871256983,circular
201,1100,700,93.23908358884825,-85,-85,25.042923900792417,25.36180729449956,1350,700,179.33911254983835,17.205866871256983,circular
202,1100,700,93.23908358884825,-85,-85,26.067010357935978,26.074956048612798,1350,700,196.54497942109532,17.205866871256983,circular
203,1100,700,93.23908358884825,-85,-85,25.536951728381826,25.157178905256924,1350,700,213.7508462923523,17.205866871256983,circular
204,1100,700,93.23908358884825,-85,-85,22.496022074683278,21.418119305852123,1350,700,230.95671316360927,17.205866871256983,circular
205,1100,700,93.23908358884825,-85,-85,-85,-85,1350,700,248.16258003486624,17.205866871256983,circular
206,1100,700,93.23908358884825,-85,-85,-85,-85,1350,700,265.3684469061232,17.205866871256983,circular
207,1100,700,93.23908358884825,-85,-85,-85,-85,1350,700,282.5743137773802,17.205866871256983,circular
208,1100,700,93.23908358884825,-85,-85,-85,-85,1350,700,299.7801806486372,17.205866871256983,circular
209,1100,700,93.23908358884825,-85,-85,-85,-85,1350,700,316.9860475198942,17.205866871256983,circular
210,1100,700,93.23908358884825,-85,-85,-85,-85,1350,700,334.1919143911512,17.205866871256983,circular
211,1100,700,93.23908358884825,-85,-85,-85,-85,1350,700,351.3977812624082,17.205866871256983,circular
212,1100,700,93.23908358884825,-85,-85,-85,-85,1350,700,8.603648133665217,17.205866871256983,circular
213,1100,700,93.23908358884825,-85,-85,-85,-85,1350,700,25.8095150049222,17.205866871256983,circular
214,1100,700,93.23908358884825,-85,-85,-85,-85,1350,700,43.015381876179184,17.205866871256983,circular
215,1100,700,93.23908358884825,-85,-85,-85,-85,1350,700,60.221248747436164,17.205866871256983,circular
216,1100,700,93.23908358884825,-85,-85,-85,-85,1350,700,77.42711561869315,17.205866871256983,circular
217,1100,700,93.23908358884825,-85,-85,-85,-85,1350,700,94.63298248995014,17.205866871256983,circular
218,1100,700,93.23908358884825,-85,-85,-85,-85,1350,700,111.83884936120712,17.205866871256983,circular
219,1100,700,93.23908358884825,-85,-85,-85,-85,1350,700,129.0447162324641,17.205866871256983,circular
220,1100,700,93.23908358884825,-85,-85,-85,-85,1350,700,146.25058310372108,17.205866871256983,circular
221,1100,700,93.23908358884825,-85,-85,21.41811930585211,22.793695368992218,1350,700,163.45644997497806,17.205866871256983,circular
222,1100,700,93.23908358884825,-85,-85,25.157178905256924,25.536951728381826,1350,700,180.66231684623503,17.205866871256983,circular
223,1100,700,93.23908358884825,-85,-85,26.077602459396946,26.067010357935978,1350,700,197.868183717492,17.205866871256983,circular
224,1100,700,93.23908358884825,-85,-85,25.361807294499556,25.042923900792417,1350,700,215.07405058874897,17.205866871256983,circular
225,1100,700,93.23908358884825,-85,-85,22.170735458799452,20.97742610025735,1350,700,232.27991746000595,17.205866871256983,circular
226,1100,700,93.23908358884825,-85,-85,-85,-85,1350,700,249.48578433126292,17.205866871256983,circular
227,1100,700,93.23908358884825,-85,-85,-85,-85,1350,700,266.6916512025199,17.205866871256983,circular
228,1100,700,93.23908358884825,-85,-85,-85,-85,1350,700,283.8975180737769,17.205866871256983,circular
229,1100,700,93.23908358884825,-85,-85,-85,-85,1350,700,301.1033849450339,17.205866871256983,circular
230,1100,700,93.23908358884825,-85,-85,-85,-85,1350,700,318.3092518162909,17.205866871256983,circular
231,1100,700,93.23908358884825,-85,-85,-85,-85,1350,700,335.5151186875479,17.205866871256983,circular
232,1100,700,93.23908358884825,-85,-85,-85,-85,1350,700,352.7209855588049,17.205866871256983,circular
233,1100,700,93.23908358884825,-85,-85,-85,-85,1350,700,9.9268524300619,17.205866871256983,circular
234,1100,700,93.23908358884825,-85,-85,-85,-85,1350,700,27.132719301318883,17.205866871256983,circular
235,1100,700,93.23908358884825,-85,-85,-85,-85,1350,700,44.338586172575866,17.205866871256983,circular
236,1100,700,93.23908358884825,-85,-85,-85,-85,1350,700,61.544453043832846,17.205866871256983,circular
237,1100,700,93.23908358884825,-85,-85,-85,-85,1350,700,78.75031991508983,17.205866871256983,circular
238,1100,700,93.23908358884825,-85,-85,-85,-85,1350,700,95.95618678634682,17.205866871256983,circular
239,1100,700,93.23908358884825,-85,-85,-85,-85,1350,700,113.1620536576038,17.205866871256983,circular
240,1100,700,93.23908358884825,-85,-85,-85,-85,1350,700,130.3679205288608,17.205866871256983,circular
241,1100,700,93.23908358884825,-85,-85,-85,-85,1350,700,147.57378740011777,17.205866871256983,circular
242,1100,700,93.23908358884825,-85,-85,22.170735458799452,23.06730250275713,1350,700,164.77965427137474,17.205866871256983,circular
243,1100,700,93.23908358884825,-85,-85,25.36180729449956,25.614204328866276,1350,700,181.9855211426317,17.205866871256983,circular
244,1100,700,93.23908358884825,-85,-85,26.077602459396946,26.053745949214605,1350,700,199.19138801388868,17.205866871256983,circular
245,1100,700,93.23908358884825,-85,-85,25.263344594616918,24.92014212493214,1350,700,216.39725488514566,17.205866871256983,circular
246,1100,700,93.23908358884825,-85,-85,21.81335663023087,19.914354227256315,1350,700,233.60312175640263,17.205866871256983,circular
247,1100,700,93.23908358884825,-85,-85,-85,-85,1350,700,250.8089886276596,17.205866871256983,circular
248,1100,700,93.23908358884825,-85,-85,-85,-85,1350,700,268.0148554989166,17.205866871256983,circular
249,1100,700,93.23908358884825,-85,-85,-85,-85,1350,700,285.2207223701736,17.205866871256983,circular
250,1100,700,93.23908358884825,-85,-85,-85,-85,1350,700,302.4265892414306,17.205866871256983,circular
251,1100,700,93.23908358884825,-85,-85,-85,-85,1350,700,319.6324561126876,17.205866871256983,circular
252,1100,700,93.23908358884825,-85,-85,-85,-85,1350,700,336.8383229839446,17.205866871256983,circular
253,1100,700,93.23908358884825,-85,-85,-85,-85,1350,700,354.0441898552016,17.205866871256983,circular
254,1100,700,93.23908358884825,-85,-85,-85,-85,1350,700,11.250056726458581,17.205866871256983,circular
255,1100,700,93.23908358884825,-85,-85,-85,-85,1350,700,28.455923597715564,17.205866871256983,circular
256,1100,700,93.23908358884825,-85,-85,-85,-85,1350,700,45.66179046897255,17.205866871256983,circular
257,1100,700,93.23908358884825,-85,-85,-85,-85,1350,700,62.86765734022953,17.205866871256983,circular
258,1100,700,93.23908358884825,-85,-85,-85,-85,1350,700,80.07352421148651,17.205866871256983,circular
259,1100,700,93.23908358884825,-85,-85,-85,-85,1350,700,97.2793910827435,17.205866871256983,circular
260,1100,700,93.23908358884825,-85,-85,-85,-85,1350,700,114.48525795400049,17.205866871256983,circular
261,1100,700,93.23908358884825,-85,-85,-85,-85,1350,700,131.69112482525748,17.205866871256983,circular
262,1100,700,93.23908358884825,-85,-85,-85,-85,1350,700,148.89699169651445,17.205866871256983,circular
263,1100,700,93.23908358884825,-85,-85,22.496022074683278,23.31969953712386,1350,700,166.10285856777142,17.205866871256983,circular
264,1100,700,93.23908358884825,-85,-85,25.452908776355446,25.684904084789974,1350,700,183.3087254390284,17.205866871256983,circular
265,1100,700,93.23908358884825,-85,-85,26.074956048612798,26.011117049096303,1350,700,200.51459231028537,17.205866871256983,circular
266,1100,700,93.23908358884825,-85,-85,25.157178905256924,24.646943359767004,1350,700,217.72045918154234,17.205866871256983,circular
267,1100,700,93.23908358884825,-85,-85,20.97742610025735,19.25639156218219,1350,700,234.9263260527993,17.205866871256983,circular
268,1100,700,93.23908358884825,-85,-85,-85,-85,1350,700,252.13219292405628,17.205866871256983,circular
269,1100,700,93.23908358884825,-85,-85,-85,-85,1350,700,269.33805979531326,17.205866871256983,circular
270,1100,700,93.23908358884825,-85,-85,-85,-85,1350,700,286.54392666657026,17.205866871256983,circular
271,1100,700,93.23908358884825,-85,-85,-85,-85,1350,700,303.74979353782726,17.205866871256983,circular
272,1100,700,93.23908358884825,-85,-85,-85,-85,1350,700,320.95566040908426,17.205866871256983,circular
273,1100,700,93.23908358884825,-85,-85,-85,-85,1350,700,338.16152728034126,17.205866871256983,circular
274,1100,700,93.23908358884825,-85,-85,-85,-85,1350,700,355.36739415159826,17.205866871256983,circular
275,1100,700,93.23908358884825,-85,-85,-85,-85,1350,700,12.573261022855263,17.205866871256983,circular
276,1100,700,93.23908358884825,-85,-85,-85,-85,1350,700,29.779127894112246,17.205866871256983,circular
277,1100,700,93.23908358884825,-85,-85,-85,-85,1350,700,46.98499476536923,17.205866871256983,circular
278,1100,700,93.23908358884825,-85,-85,-85,-85,1350,700,64.19086163662621,17.205866871256983,circular
279,1100,700,93.23908358884825,-85,-85,-85,-85,1350,700,81.3967285078832,17.205866871256983,circular
280,1100,700,93.23908358884825,-85,-85,-85,-85,1350,700,98.60259537914018,17.205866871256983,circular
281,1100,700,93.23908358884825,-85,-85,-85,-85,1350,700,115.80846225039717,17.205866871256983,circular
282,1100,700,93.23908358884825,-85,-85,-85,-85,1350,700,133.01432912165416,17.205866871256983,circular
283,1100,700,93.23908358884825,-85,-85,-85,-85,1350,700,150.22019599291113,17.205866871256983,circular
284,1100,700,93.23908358884825,-85,-85,22.793695368992218,23.553218972269416,1350,700,167.4260628641681,17.205866871256983,circular
285,1100,700,93.23908358884825,-85,-85,25.536951728381826,25.80746062382631,1350,700,184.63192973542508,17.205866871256983,circular
286,1100,700,93.23908358884825,-85,-85,26.053745949214605,25.9816463993744,1350,700,201.83779660668205,17.205866871256983,circular
287,1100,700,93.23908358884825,-85,-85,24.92014212493214,24.495315191602927,1350,700,219.04366347793902,17.205866871256983,circular
288,1100,700,93.23908358884825,-85,-85,20.48098321025059,18.474304759512954,1350,700,236.249530349196,17.205866871256983,circular
289,1100,700,93.23908358884825,-85,-85,-85,-85,1350,700,253.45539722045297,17.205866871256983,circular
290,1100,700,93.23908358884825,-85,-85,-85,-85,1350,700,270.66126409170994,17.205866871256983,circular
291,1100,700,93.23908358884825,-85,-85,-85,-85,1350,700,287.86713096296694,17.205866871256983,circular
292,1100,700,93.23908358884825,-85,-85,-85,-85,1350,700,305.07299783422394,17.205866871256983,circular
293,1100,700,93.23908358884825,-85,-85,-85,-85,1350,700,322.27886470548094,17.205866871256983,circular
294,1100,700,93.23908358884825,-85,-85,-85,-85,1350,700,339.48473157673794,17.205866871256983,circular
295,1100,700,93.23908358884825,-85,-85,-85,-85,1350,700,356.69059844799494,17.205866871256983,circular
296,1100,700,93.23908358884825,-85,-85,-85,-85,1350,700,13.896465319251945,17.205866871256983,circular
297,1100,700,93.23908358884825,-85,-85,-85,-85,1350,700,31.10233219050893,17.205866871256983,circular
298,1100,700,93.23908358884825,-85,-85,-85,-85,1350,700,48.30819906176591,17.205866871256983,circular
299,1100,700,93.23908358884825,-85,-85,-85,-85,1350,700,65.51406593302289,17.205866871256983,circular
300,1100,700,93.23908358884825,-85,-85,-85,-85,1350,700,82.71993280427988,17.205866871256983,circular
301,1100,700,93.23908358884825,-85,-85,-85,-85,1350,700,99.92579967553687,17.205866871256983,circular
302,1100,700,93.23908358884825,-85,-85,-85,-85,1350,700,117.13166654679385,17.205866871256983,circular
303,1100,700,93.23908358884825,-85,-85,-85,-85,1350,700,134.33753341805084,17.205866871256983,circular
304,1100,700,93.23908358884825,-85,-85,-85,14.513447644213304,1350,700,151.5434002893078,17.205866871256983,circular
305,1100,700,93.23908358884825,-85,-85,23.06730250275713,23.971022246457757,1350,700,168.74926716056478,17.205866871256983,circular
306,1100,700,93.23908358884825,-85,-85,25.684904084789974,25.859665714847075,1350,700,185.95513403182176,17.205866871256983,circular
307,1100,700,93.23908358884825,-85,-85,26.035130213615616,25.946643644493044,1350,700,203.16100090307873,17.205866871256983,circular
308,1100,700,93.23908358884825,-85,-85,24.788337040832293,24.332711411139446,1350,700,220.3668677743357,17.205866871256983,circular
309,1100,700,93.23908358884825,-85,-85,19.914354227256315,16.269948115724716,1350,700,237.57273464559267,17.205866871256983,circular
310,1100,700,93.23908358884825,-85,-85,-85,-85,1350,700,254.77860151684965,17.205866871256983,circular
311,1100,700,93.23908358884825,-85,-85,-85,-85,1350,700,271.9844683881066,17.205866871256983,circular
312,1100,700,93.23908358884825,-85,-85,-85,-85,1350,700,289.1903352593636,17.205866871256983,circular
313,1100,700,93.23908358884825,-85,-85,-85,-85,1350,700,306.3962021306206,17.205866871256983,circular
314,1100,700,93.23908358884825,-85,-85,-85,-85,1350,700,323.6020690018776,17.205866871256983,circular
315,1100,700,93.23908358884825,-85,-85,-85,-85,1350,700,340.8079358731346,17.205866871256983,circular
316,1100,700,93.23908358884825,-85,-85,-85,-85,1350,700,358.0138027443916,17.205866871256983,circular
317,1100,700,93.23908358884825,-85,-85,-85,-85,1350,700,15.219669615648627,17.205866871256983,circular
318,1100,700,93.23908358884825,-85,-85,-85,-85,1350,700,32.425536486905614,17.205866871256983,circular
319,1100,700,93.23908358884825,-85,-85,-85,-85,1350,700,49.6314033581626,17.205866871256983,circular
320,1100,700,93.23908358884825,-85,-85,-85,-85,1350,700,66.83727022941959,17.205866871256983,circular
321,1100,700,93.23908358884825,-85,-85,-85,-85,1350,700,84.04313710067657,17.205866871256983,circular
322,1100,700,93.23908358884825,-85,-85,-85,-85,1350,700,101.24900397193356,17.205866871256983,circular
323,1100,700,93.23908358884825,-85,-85,-85,-85,1350,700,118.45487084319055,17.205866871256983,circular
324,1100,700,93.23908358884825,-85,-85,-85,-85,1350,700,135.66073771444752,17.205866871256983,circular
325,1100,700,93.23908358884825,-85,-85,-85,16.269948115724727,1350,700,152.8666045857045,17.205866871256983,circular
326,1100,700,93.23908358884825,-85,-85,23.553218972269416,24.1582774269213,1350,700,170.07247145696147,17.205866871256983,circular
327,1100,700,93.23908358884825,-85,-85,25.7492610641292,25.906018829630398,1350,700,187.27833832821844,17.205866871256983,circular
328,1100,700,93.23908358884825,-85,-85,26.011117049096303,25.859665714847075,1350,700,204.4842051994754,17.205866871256983,circular
329,1100,700,93.23908358884825,-85,-85,24.646943359767004,23.97102224645776,1350,700,221.69007207073238,17.205866871256983,circular
330,1100,700,93.23908358884825,-85,-85,18.474304759512954,14.513447644213265,1350,700,238.89593894198936,17.205866871256983,circular
331,1100,700,93.23908358884825,-85,-85,-85,-85,1350,700,256.10180581324636,17.205866871256983,circular
332,1100,700,93.23908358884825,-85,-85,-85,-85,1350,700,273.30767268450336,17.205866871256983,circular
333,1100,700,93.23908358884825,-85,-85,-85,-85,1350,700,290.51353955576036,17.205866871256983,circular
334,1100,700,93.23908358884825,-85,-85,-85,-85,1350,700,307.71940642701736,17.205866871256983,circular
335,1100,700,93.23908358884825,-85,-85,-85,-85,1350,700,324.92527329827436,17.205866871256983,circular
336,1100,700,93.23908358884825,-85,-85,-85,-85,1350,700,342.13114016953136,17.205866871256983,circular
337,1100,700,93.23908358884825,-85,-85,-85,-85,1350,700,359.33700704078836,17.205866871256983,circular
338,1100,700,93.23908358884825,-85,-85,-85,-85,1350,700,16.542873912045366,17.205866871256983,circular
339,1100,700,93.23908358884825,-85,-85,-85,-85,1350,700,33.74874078330235,17.205866871256983,circular
340,1100,700,93.23908358884825,-85,-85,-85,-85,1350,700,50.95460765455934,17.205866871256983,circular
341,1100,700,93.23908358884825,-85,-85,-85,-85,1350,700,68.16047452581633,17.205866871256983,circular
342,1100,700,93.23908358884825,-85,-85,-85,-85,1350,700,85.36634139707331,17.205866871256983,circular
343,1100,700,93.23908358884825,-85,-85,-85,-85,1350,700,102.5722082683303,17.205866871256983,circular
344,1100,700,93.23908358884825,-85,-85,-85,-85,1350,700,119.77807513958729,17.205866871256983,circular
345,1100,700,93.23908358884825,-85,-85,-85,-85,1350,700,136.98394201084426,17.205866871256983,circular
346,1100,700,93.23908358884825,-85,-85,11.505794098357505,17.513155499392102,1350,700,154.18980888210123,17.205866871256983,circular
347,1100,700,93.23908358884825,-85,-85,23.769789312347285,24.33271141113945,1350,700,171.3956757533582,17.205866871256983,circular
348,1100,700,93.23908358884825,-85,-85,25.80746062382631,25.9816463993744,1350,700,188.60154262461518,17.205866871256983,circular
349,1100,700,93.23908358884825,-85,-85,25.946643644493044,25.807460623826316,1350,700,205.80740949587215,17.205866871256983,circular
350,1100,700,93.23908358884825,-85,-85,24.332711411139446,23.769789312347285,1350,700,223.01327636712912,17.205866871256983,circular
351,1100,700,93.23908358884825,-85,-85,17.51315549939211,11.50579409835762,1350,700,240.2191432383861,17.205866871256983,circular
352,1100,700,93.23908358884825,-85,-85,-85,-85,1350,700,257.4250101096431,17.205866871256983,circular
353,1100,700,93.23908358884825,-85,-85,-85,-85,1350,700,274.6308769809001,17.205866871256983,circular
354,1100,700,93.23908358884825,-85,-85,-85,-85,1350,700,291.8367438521571,17.205866871256983,circular
355,1100,700,93.23908358884825,-85,-85,-85,-85,1350,700,309.0426107234141,17.205866871256983,circular
356,1100,700,93.23908358884825,-85,-85,-85,-85,1350,700,326.2484775946711,17.205866871256983,circular
357,1100,700,93.23908358884825,-85,-85,-85,-85,1350,700,343.4543444659281,17.205866871256983,circular
358,1100,700,93.23908358884825,-85,-85,-85,-85,1350,700,0.6602113371851033,17.205866871256983,circular
359,1100,700,93.23908358884825,-85,-85,-85,-85,1350,700,17.866078208442087,17.205866871256983,circular
360,1100,700,93.23908358884825,-85,-85,-85,-85,1350,700,35.07194507969907,17.205866871256983,circular
361,1100,700,93.23908358884825,-85,-85,-85,-85,1350,700,52.27781195095605,17.205866871256983,circular
362,1100,700,93.23908358884825,-85,-85,-85,-85,1350,700,69.48367882221304,17.205866871256983,circular
363,1100,700,93.23908358884825,-85,-85,-85,-85,1350,700,86.68954569347002,17.205866871256983,circular
364,1100,700,93.23908358884825,-85,-85,-85,-85,1350,700,103.89541256472701,17.205866871256983,circular
365,1100,700,93.23908358884825,-85,-85,-85,-85,1350,700,121.101279435984,17.205866871256983,circular
366,1100,700,93.23908358884825,-85,-85,-85,-85,1350,700,138.30714630724097,17.205866871256983,circular
367,1100,700,93.23908358884825,-85,-85,14.513447644213304,19.25639156218217,1350,700,155.51301317849794,17.205866871256983,circular
368,1100,700,93.23908358884825,-85,-85,23.971022246457757,24.646943359767004,1350,700,172.71888004975492,17.205866871256983,circular
369,1100,700,93.23908358884825,-85,-85,25.906018829630398,26.011117049096303,1350,700,189.9247469210119,17.205866871256983,circular
370,1100,700,93.23908358884825,-85,-85,25.906018829630398,25.7492610641292,1350,700,207.13061379226886,17.205866871256983,circular
371,1100,700,93.23908358884825,-85,-85,24.1582774269213,23.553218972269416,1350,700,224.33648066352583,17.205866871256983,circular
372,1100,700,93.23908358884825,-85,-85,16.269948115724716,-85,1350,700,241.5423475347828,17.205866871256983,circular
373,1100,700,93.23908358884825,-85,-85,-85,-85,1350,700,258.7482144060398,17.205866871256983,circular
374,1100,700,93.23908358884825,-85,-85,-85,-85,1350,700,275.9540812772968,17.205866871256983,circular
375,1100,700,93.23908358884825,-85,-85,-85,-85,1350,700,293.1599481485538,17.205866871256983,circular
376,1100,700,93.23908358884825,-85,-85,-85,-85,1350,700,310.3658150198108,17.205866871256983,circular
377,1100,700,93.23908358884825,-85,-85,-85,-85,1350,700,327.5716818910678,17.205866871256983,circular
378,1100,700,93.23908358884825,-85,-85,-85,-85,1350,700,344.7775487623248,17.205866871256983,circular
379,1100,700,93.23908358884825,-85,-85,-85,-85,1350,700,1.9834156335817852,17.205866871256983,circular
380,1100,700,93.23908358884825,-85,-85,-85,-85,1350,700,19.18928250483877,17.205866871256983,circular
381,1100,700,93.23908358884825,-85,-85,-85,-85,1350,700,36.39514937609575,17.205866871256983,circular
382,1100,700,93.23908358884825,-85,-85,-85,-85,1350,700,53.60101624735273,17.205866871256983,circular
383,1100,700,93.23908358884825,-85,-85,-85,-85,1350,700,70.80688311860972,17.205866871256983,circular
384,1100,700,93.23908358884825,-85,-85,-85,-85,1350,700,88.0127499898667,17.205866871256983,circular
385,1100,700,93.23908358884825,-85,-85,-85,-85,1350,700,105.21861686112369,17.205866871256983,circular
386,1100,700,93.23908358884825,-85,-85,-85,-85,1350,700,122.42448373238068,17.205866871256983,circular
387,1100,700,93.23908358884825,-85,-85,-85,-85,1350,700,139.63035060363765,17.205866871256983,circular
388,1100,700,93.23908358884825,-85,-85,17.513155499392102,19.91435422725632,1350,700,156.83621747489462,17.205866871256983,circular
389,1100,700,93.23908358884825,-85,-85,24.33271141113945,24.78833704083229,1350,700,174.0420843461516,17.205866871256983,circular
390,1100,700,93.23908358884825,-85,-85,25.946643644493044,26.035130213615616,1350,700,191.24795121740857,17.205866871256983,circular
391,1100,700,93.23908358884825,-85,-85,25.859665714847075,25.614204328866276,1350,700,208.45381808866554,17.205866871256983,circular
392,1100,700,93.23908358884825,-85,-85,23.97102224645776,23.067302502757133,1350,700,225.65968495992252,17.205866871256983,circular
393,1100,700,93.23908358884825,-85,-85,11.50579409835762,-85,1350,700,242.8655518311795,17.205866871256983,circular
394,1100,700,93.23908358884825,-85,-85,-85,-85,1350,700,260.07141870243646,17.205866871256983,circular
395,1100,700,93.23908358884825,-85,-85,-85,-85,1350,700,277.27728557369346,17.205866871256983,circular
396,1100,700,93.23908358884825,-85,-85,-85,-85,1350,700,294.48315244495046,17.205866871256983,circular
397,1100,700,93.23908358884825,-85,-85,-85,-85,1350,700,311.68901931620746,17.205866871256983,circular
398,1100,700,93.23908358884825,-85,-85,-85,-85,1350,700,328.89488618746446,17.205866871256983,circular
399,1100,700,93.23908358884825,-85,-85,-85,-85,1350,700,346.10075305872147,17.205866871256983,circular
400,1100,700,93.23908358884825,-85,-85,-85,-85,1350,700,3.306619929978467,17.205866871256983,circular
401,1100,700,93.23908358884825,-85,-85,-85,-85,1350,700,20.51248680123545,17.205866871256983,circular
402,1100,700,93.23908358884825,-85,-85,-85,-85,1350,700,37.718353672492434,17.205866871256983,circular
403,1100,700,93.23908358884825,-85,-85,-85,-85,1350,700,54.92422054374941,17.205866871256983,circular
404,1100,700,93.23908358884825,-85,-85,-85,-85,1350,700,72.1300874150064,17.205866871256983,circular
405,1100,700,93.23908358884825,-85,-85,-85,-85,1350,700,89.33595428626339,17.205866871256983,circular
406,1100,700,93.23908358884825,-85,-85,-85,-85,1350,700,106.54182115752037,17.205866871256983,circular
407,1100,700,93.23908358884825,-85,-85,-85,-85,1350,700,123.74768802877736,17.205866871256983,circular
408,1100,700,93.23908358884825,-85,-85,-85,-85,1350,700,140.95355490003433,17.205866871256983,circular
409,1100,700,93.23908358884825,-85,-85,18.47430475951294,20.48098321025059,1350,700,158.1594217712913,17.205866871256983,circular
410,1100,700,93.23908358884825,-85,-85,24.495315191602927,24.92014212493214,1350,700,175.36528864254828,17.205866871256983,circular
411,1100,700,93.23908358884825,-85,-85,25.9816463993744,26.067010357935978,1350,700,192.57115551380525,17.205866871256983,circular
412,1100,700,93.23908358884825,-85,-85,25.807460623826316,25.536951728381826,1350,700,209.77702238506222,17.205866871256983,circular
413,1100,700,93.23908358884825,-85,-85,23.553218972269416,22.793695368992225,1350,700,226.9828892563192,17.205866871256983,circular
414,1100,700,93.23908358884825,-85,-85,-85,-85,1350,700,244.18875612757617,17.205866871256983,circular
415,1100,700,93.23908358884825,-85,-85,-85,-85,1350,700,261.39462299883314,17.205866871256983,circular
416,1100,700,93.23908358884825,-85,-85,-85,-85,1350,700,278.60048987009014,17.205866871256983,circular
417,1100,700,93.23908358884825,-85,-85,-85,-85,1350,700,295.80635674134714,17.205866871256983,circular
418,1100,700,93.23908358884825,-85,-85,-85,-85,1350,700,313.01222361260415,17.205866871256983,circular
419,1100,700,93.23908358884825,-85,-85,-85,-85,1350,700,330.21809048386115,17.205866871256983,circular
420,1100,700,93.23908358884825,-85,-85,-85,-85,1350,700,347.42395735511815,17.205866871256983,circular
421,1100,700,93.23908358884825,-85,-85,-85,-85,1350,700,4.629824226375149,17.205866871256983,circular
422,1100,700,93.23908358884825,-85,-85,-85,-85,1350,700,21.835691097632132,17.205866871256983,circular
423,1100,700,93.23908358884825,-85,-85,-85,-85,1350,700,39.041557968889116,17.205866871256983,circular
424,1100,700,93.23908358884825,-85,-85,-85,-85,1350,700,56.247424840146095,17.205866871256983,circular
425,1100,700,93.23908358884825,-85,-85,-85,-85,1350,700,73.45329171140308,17.205866871256983,circular
426,1100,700,93.23908358884825,-85,-85,-85,-85,1350,700,90.65915858266007,17.205866871256983,circular
427,1100,700,93.23908358884825,-85,-85,-85,-85,1350,700,107.86502545391706,17.205866871256983,circular
428,1100,700,93.23908358884825,-85,-85,-85,-85,1350,700,125.07089232517404,17.205866871256983,circular
429,1100,700,93.23908358884825,-85,-85,-85,-85,1350,700,142.27675919643102,17.205866871256983,circular
430,1100,700,93.23908358884825,-85,-85,19.25639156218217,21.41811930585211,1350,700,159.482626067688,17.205866871256983,circular
431,1100,700,93.23908358884825,-85,-85,24.646943359767004,25.157178905256924,1350,700,176.68849293894496,17.205866871256983,circular
432,1100,700,93.23908358884825,-85,-85,26.035130213615616,26.074956048612798,1350,700,193.89435981020193,17.205866871256983,circular
433,1100,700,93.23908358884825,-85,-85,25.684904084789977,25.452908776355446,1350,700,211.1002266814589,17.205866871256983,circular
434,1100,700,93.23908358884825,-85,-85,23.319699537123853,22.496022074683278,1350,700,228.30609355271588,17.205866871256983,circular
435,1100,700,93.23908358884825,-85,-85,-85,-85,1350,700,245.51196042397285,17.205866871256983,circular
436,1100,700,93.23908358884825,-85,-85,-85,-85,1350,700,262.7178272952298,17.205866871256983,circular
437,1100,700,93.23908358884825,-85,-85,-85,-85,1350,700,279.9236941664868,17.205866871256983,circular
438,1100,700,93.23908358884825,-85,-85,-85,-85,1350,700,297.1295610377438,17.205866871256983,circular
439,1100,700,93.23908358884825,-85,-85,-85,-85,1350,700,314.3354279090008,17.205866871256983,circular
440,1100,700,93.23908358884825,-85,-85,-85,-85,1350,700,331.54129478025783,17.205866871256983,circular
441,1100,700,93.23908358884825,-85,-85,-85,-85,1350,700,348.74716165151483,17.205866871256983,circular
442,1100,700,93.23908358884825,-85,-85,-85,-85,1350,700,5.953028522771831,17.205866871256983,circular
443,1100,700,93.23908358884825,-85,-85,-85,-85,1350,700,23.158895394028814,17.205866871256983,circular
444,1100,700,93.23908358884825,-85,-85,-85,-85,1350,700,40.3647622652858,17.205866871256983,circular
445,1100,700,93.23908358884825,-85,-85,-85,-85,1350,700,57.57062913654278,17.205866871256983,circular
446,1100,700,93.23908358884825,-85,-85,-85,-85,1350,700,74.77649600779976,17.205866871256983,circular
447,1100,700,93.23908358884825,-85,-85,-85,-85,1350,700,91.98236287905675,17.205866871256983,circular
448,1100,700,93.23908358884825,-85,-85,-85,-85,1350,700,109.18822975031374,17.205866871256983,circular
449,1100,700,93.23908358884825,-85,-85,-85,-85,1350,700,126.39409662157072,17.205866871256983,circular
450,1100,700,93.23908358884825,-85,-85,-85,-85,1350,700,143.5999634928277,17.205866871256983,circular
451,1100,700,93.23908358884825,-85,-85,20.48098321025059,21.813356630230874,1350,700,160.80583036408467,17.205866871256983,circular
452,1100,700,93.23908358884825,-85,-85,24.92014212493214,25.26334459461691,1350,700,178.01169723534164,17.205866871256983,circular
453,1100,700,93.23908358884825,-85,-85,26.053745949214605,26.077602459396946,1350,700,195.21756410659862,17.205866871256983,circular
454,1100,700,93.23908358884825,-85,-85,25.614204328866276,25.361807294499556,1350,700,212.4234309778556,17.205866871256983,circular
455,1100,700,93.23908358884825,-85,-85,23.067302502757133,21.81335663023087,1350,700,229.62929784911256,17.205866871256983,circular
456,1100,700,93.23908358884825,-85,-85,-85,-85,1350,700,246.83516472036953,17.205866871256983,circular
457,1100,700,93.23908358884825,-85,-85,-85,-85,1350,700,264.0410315916265,17.205866871256983,circular
458,1100,700,93.23908358884825,-85,-85,-85,-85,1350,700,281.2468984628835,17.205866871256983,circular
459,1100,700,93.23908358884825,-85,-85,-85,-85,1350,700,298.4527653341405,17.205866871256983,circular
460,1100,700,93.23908358884825,-85,-85,-85,-85,1350,700,315.6586322053975,17.205866871256983,circular
461,1100,700,93.23908358884825,-85,-85,-85,-85,1350,700,332.8644990766545,17.205866871256983,circular
462,1100,700,93.23908358884825,-85,-85,-85,-85,1350,700,350.0703659479115,17.205866871256983,circular
463,1100,700,93.23908358884825,-85,-85,-85,-85,1350,700,7.276232819168513,17.205866871256983,circular
464,1100,700,93.23908358884825,-85,-85,-85,-85,1350,700,24.482099690425496,17.205866871256983,circular
465,1100,700,93.23908358884825,-85,-85,-85,-85,1350,700,41.68796656168248,17.205866871256983,circular
466,1100,700,93.23908358884825,-85,-85,-85,-85,1350,700,58.89383343293946,17.205866871256983,circular
467,1100,700,93.23908358884825,-85,-85,-85,-85,1350,700,76.09970030419645,17.205866871256983,circular
468,1100,700,93.23908358884825,-85,-85,-85,-85,1350,700,93.30556717545343,17.205866871256983,circular
469,1100,700,93.23908358884825,-85,-85,-85,-85,1350,700,110.51143404671042,17.205866871256983,circular
470,1100,700,93.23908358884825,-85,-85,-85,-85,1350,700,127.7173009179674,17.205866871256983,circular
471,1100,700,93.23908358884825,-85,-85,-85,-85,1350,700,144.92316778922438,17.205866871256983,circular
472,1100,700,93.23908358884825,-85,-85,20.97742610025734,22.170735458799452,1350,700,162.12903466048135,17.205866871256983,circular
473,1100,700,93.23908358884825,-85,-85,25.042923900792417,25.36180729449956,1350,700,179.33490153173832,17.205866871256983,circular
474,1100,700,93.23908358884825,-85,-85,26.067010357935978,26.074956048612798,1350,700,196.5407684029953,17.205866871256983,circular
475,1100,700,93.23908358884825,-85,-85,25.536951728381826,25.157178905256924,1350,700,213.74663527425227,17.205866871256983,circular
476,1100,700,93.23908358884825,-85,-85,22.496022074683278,21.418119305852123,1350,700,230.95250214550924,17.205866871256983,circular
477,1100,700,93.23908358884825,-85,-85,-85,-85,1350,700,248.15836901676622,17.205866871256983,circular
478,1100,700,93.23908358884825,-85,-85,-85,-85,1350,700,265.3642358880232,17.205866871256983,circular
479,1100,700,93.23908358884825,-85,-85,-85,-85,1350,700,282.5701027592802,17.205866871256983,circular
480,1100,700,93.23908358884825,-85,-85,-85,-85,1350,700,299.7759696305372,17.205866871256983,circular
481,1100,700,93.23908358884825,-85,-85,-85,-85,1350,700,316.9818365017942,17.205866871256983,circular
482,1100,700,93.23908358884825,-85,-85,-85,-85,1350,700,334.1877033730512,17.205866871256983,circular
483,1100,700,93.23908358884825,-85,-85,-85,-85,1350,700,351.3935702443082,17.205866871256983,circular
484,1100,700,93.23908358884825,-85,-85,-85,-85,1350,700,8.599437115565195,17.205866871256983,circular
485,1100,700,93.23908358884825,-85,-85,-85,-85,1350,700,25.805303986822178,17.205866871256983,circular
486,1100,700,93.23908358884825,-85,-85,-85,-85,1350,700,43.01117085807916,17.205866871256983,circular
487,1100,700,93.23908358884825,-85,-85,-85,-85,1350,700,60.21703772933614,17.205866871256983,circular
488,1100,700,93.23908358884825,-85,-85,-85,-85,1350,700,77.42290460059313,17.205866871256983,circular
489,1100,700,93.23908358884825,-85,-85,-85,-85,1350,700,94.62877147185011,17.205866871256983,circular
490,1100,700,93.23908358884825,-85,-85,-85,-85,1350,700,111.8346383431071,17.205866871256983,circular
491,1100,700,93.23908358884825,-85,-85,-85,-85,1350,700,129.0405052143641,17.205866871256983,circular
492,1100,700,93.23908358884825,-85,-85,-85,-85,1350,700,146.24637208562106,17.205866871256983,circular
493,1100,700,93.23908358884825,-85,-85,21.41811930585211,22.793695368992218,1350,700,163.45223895687803,17.205866871256983,circular
494,1100,700,93.23908358884825,-85,-85,25.157178905256924,25.536951728381826,1350,700,180.658105828135,17.205866871256983,circular
495,1100,700,93.23908358884825,-85,-85,26.077602459396946,26.067010357935978,1350,700,197.86397269939198,17.205866871256983,circular
496,1100,700,93.23908358884825,-85,-85,25.361807294499556,25.042923900792417,1350,700,215.06983957064895,17.205866871256983,circular
497,1100,700,93.23908358884825,-85,-85,22.170735458799452,20.97742610025735,1350,700,232.27570644190592,17.205866871256983,circular
498,1100,700,93.23908358884825,-85,-85,-85,-85,1350,700,249.4815733131629,17.205866871256983,circular
499,1100,700,93.23908358884825,-85,-85,-85,-85,1350,700,266.68744018441987,17.205866871256983,circular
500,1100,700,93.23908358884825,-85,-85,-85,-85,1350,700,283.89330705567687,17.205866871256983,circular
501,1100,700,93.23908358884825,-85,-85,-85,-85,1350,700,301.0991739269339,17.205866871256983,circular
502,1100,700,93.23908358884825,-85,-85,-85,-85,1350,700,318.3050407981909,17.205866871256983,circular
503,1100,700,93.23908358884825,-85,-85,-85,-85,1350,700,335.5109076694479,17.205866871256983,circular
504,1100,700,93.23908358884825,-85,-85,-85,-85,1350,700,352.7167745407049,17.205866871256983,circular
505,1100,700,93.23908358884825,-85,-85,-85,-85,1350,700,9.922641411961877,17.205866871256983,circular
506,1100,700,93.23908358884825,-85,-85,-85,-85,1350,700,27.12850828321886,17.205866871256983,circular
507,1100,700,93.23908358884825,-85,-85,-85,-85,1350,700,44.33437515447584,17.205866871256983,circular
508,1100,700,93.23908358884825,-85,-85,-85,-85,1350,700,61.54024202573282,17.205866871256983,circular
509,1100,700,93.23908358884825,-85,-85,-85,-85,1350,700,78.74610889698981,17.205866871256983,circular
510,1100,700,93.23908358884825,-85,-85,-85,-85,1350,700,95.9519757682468,17.205866871256983,circular
511,1100,700,93.23908358884825,-85,-85,-85,-85,1350,700,113.15784263950378,17.205866871256983,circular
512,1100,700,93.23908358884825,-85,-85,-85,-85,1350,700,130.36370951076077,17.205866871256983,circular
513,1100,700,93.23908358884825,-85,-85,-85,-85,1350,700,147.56957638201774,17.205866871256983,circular
514,1100,700,93.23908358884825,-85,-85,21.813356630230874,23.06730250275713,1350,700,164.77544325327472,17.205866871256983,circular
515,1100,700,93.23908358884825,-85,-85,25.36180729449956,25.614204328866276,1350,700,181.9813101245317,17.205866871256983,circular
516,1100,700,93.23908358884825,-85,-85,26.077602459396946,26.053745949214605,1350,700,199.18717699578866,17.205866871256983,circular
517,1100,700,93.23908358884825,-85,-85,25.263344594616918,24.92014212493214,1350,700,216.39304386704563,17.205866871256983,circular
518,1100,700,93.23908358884825,-85,-85,21.81335663023087,19.914354227256315,1350,700,233.5989107383026,17.205866871256983,circular
519,1100,700,93.23908358884825,-85,-85,-85,-85,1350,700,250.80477760955958,17.205866871256983,circular
520,1100,700,93.23908358884825,-85,-85,-85,-85,1350,700,268.01064448081655,17.205866871256983,circular
521,1100,700,93.23908358884825,-85,-85,-85,-85,1350,700,285.21651135207355,17.205866871256983,circular
522,1100,700,93.23908358884825,-85,-85,-85,-85,1350,700,302.42237822333055,17.205866871256983,circular
523,1100,700,93.23908358884825,-85,-85,-85,-85,1350,700,319.62824509458756,17.205866871256983,circular
524,1100,700,93.23908358884825,-85,-85,-85,-85,1350,700,336.83411196584456,17.205866871256983,circular
525,1100,700,93.23908358884825,-85,-85,-85,-85,1350,700,354.03997883710156,17.205866871256983,circular
526,1100,700,93.23908358884825,-85,-85,-85,-85,1350,700,11.245845708358559,17.205866871256983,circular
527,1100,700,93.23908358884825,-85,-85,-85,-85,1350,700,28.451712579615542,17.205866871256983,circular
528,1100,700,93.23908358884825,-85,-85,-85,-85,1350,700,45.657579450872525,17.205866871256983,circular
529,1100,700,93.23908358884825,-85,-85,-85,-85,1350,700,62.863446322129505,17.205866871256983,circular
530,1100,700,93.23908358884825,-85,-85,-85,-85,1350,700,80.06931319338649,17.205866871256983,circular
531,1100,700,93.23908358884825,-85,-85,-85,-85,1350,700,97.27518006464348,17.205866871256983,circular
532,1100,700,93.23908358884825,-85,-85,-85,-85,1350,700,114.48104693590047,17.205866871256983,circular
533,1100,700,93.23908358884825,-85,-85,-85,-85,1350,700,131.68691380715745,17.205866871256983,circular
534,1100,700,93.23908358884825,-85,-85,-85,-85,1350,700,148.89278067841443,17.205866871256983,circular
535,1100,700,93.23908358884825,-85,-85,22.496022074683278,23.31969953712386,1350,700,166.0986475496714,17.205866871256983,circular
536,1100,700,93.23908358884825,-85,-85,25.452908776355446,25.684904084789974,1350,700,183.30451442092837,17.205866871256983,circular
537,1100,700,93.23908358884825,-85,-85,26.074956048612798,26.011117049096303,1350,700,200.51038129218534,17.205866871256983,circular
538,1100,700,93.23908358884825,-85,-85,25.157178905256924,24.646943359767004,1350,700,217.71624816344232,17.205866871256983,circular
539,1100,700,93.23908358884825,-85,-85,20.97742610025735,19.25639156218219,1350,700,234.9221150346993,17.205866871256983,circular
540,1100,700,93.23908358884825,-85,-85,-85,-85,1350,700,252.12798190595626,17.205866871256983,circular
541,1100,700,93.23908358884825,-85,-85,-85,-85,1350,700,269.33384877721323,17.205866871256983,circular
542,1100,700,93.23908358884825,-85,-85,-85,-85,1350,700,286.53971564847024,17.205866871256983,circular
543,1100,700,93.23908358884825,-85,-85,-85,-85,1350,700,303.74558251972724,17.205866871256983,circular
544,1100,700,93.23908358884825,-85,-85,-85,-85,1350,700,320.95144939098424,17.205866871256983,circular
545,1100,700,93.23908358884825,-85,-85,-85,-85,1350,700,338.15731626224124,17.205866871256983,circular
546,1100,700,93.23908358884825,-85,-85,-85,-85,1350,700,355.36318313349824,17.205866871256983,circular
547,1100,700,93.23908358884825,-85,-85,-85,-85,1350,700,12.56905000475524,17.205866871256983,circular
548,1100,700,93.23908358884825,-85,-85,-85,-85,1350,700,29.774916876012224,17.205866871256983,circular
549,1100,700,93.23908358884825,-85,-85,-85,-85,1350,700,46.98078374726921,17.205866871256983,circular
550,1100,700,93.23908358884825,-85,-85,-85,-85,1350,700,64.18665061852619,17.205866871256983,circular
551,1100,700,93.23908358884825,-85,-85,-85,-85,1350,700,81.39251748978317,17.205866871256983,circular
552,1100,700,93.23908358884825,-85,-85,-85,-85,1350,700,98.59838436104016,17.205866871256983,circular
553,1100,700,93.23908358884825,-85,-85,-85,-85,1350,700,115.80425123229715,17.205866871256983,circular
554,1100,700,93.23908358884825,-85,-85,-85,-85,1350,700,133.01011810355413,17.205866871256983,circular
555,1100,700,93.23908358884825,-85,-85,-85,-85,1350,700,150.2159849748111,17.205866871256983,circular
556,1100,700,93.23908358884825,-85,-85,22.793695368992218,23.553218972269416,1350,700,167.42185184606808,17.205866871256983,circular
557,1100,700,93.23908358884825,-85,-85,25.536951728381826,25.80746062382631,1350,700,184.62771871732505,17.205866871256983,circular
558,1100,700,93.23908358884825,-85,-85,26.053745949214605,25.9816463993744,1350,700,201.83358558858203,17.205866871256983,circular
559,1100,700,93.23908358884825,-85,-85,24.92014212493214,24.495315191602927,1350,700,219.039452459839,17.205866871256983,circular
560,1100,700,93.23908358884825,-85,-85,20.48098321025059,18.474304759512954,1350,700,236.24531933109597,17.205866871256983,circular
561,1100,700,93.23908358884825,-85,-85,-85,-85,1350,700,253.45118620235294,17.205866871256983,circular
562,1100,700,93.23908358884825,-85,-85,-85,-85,1350,700,270.6570530736099,17.205866871256983,circular
563,1100,700,93.23908358884825,-85,-85,-85,-85,1350,700,287.8629199448669,17.205866871256983,circular
564,1100,700,93.23908358884825,-85,-85,-85,-85,1350,700,305.0687868161239,17.205866871256983,circular
565,1100,700,93.23908358884825,-85,-85,-85,-85,1350,700,322.2746536873809,17.205866871256983,circular
566,1100,700,93.23908358884825,-85,-85,-85,-85,1350,700,339.4805205586379,17.205866871256983,circular
567,1100,700,93.23908358884825,-85,-85,-85,-85,1350,700,356.6863874298949,17.205866871256983,circular
568,1100,700,93.23908358884825,-85,-85,-85,-85,1350,700,13.892254301151922,17.205866871256983,circular
569,1100,700,93.23908358884825,-85,-85,-85,-85,1350,700,31.098121172408906,17.205866871256983,circular
570,1100,700,93.23908358884825,-85,-85,-85,-85,1350,700,48.30398804366589,17.205866871256983,circular
571,1100,700,93.23908358884825,-85,-85,-85,-85,1350,700,65.50985491492287,17.205866871256983,circular
572,1100,700,93.23908358884825,-85,-85,-85,-85,1350,700,82.71572178617986,17.205866871256983,circular
573,1100,700,93.23908358884825,-85,-85,-85,-85,1350,700,99.92158865743684,17.205866871256983,circular
574,1100,700,93.23908358884825,-85,-85,-85,-85,1350,700,117.12745552869383,17.205866871256983,circular
575,1100,700,93.23908358884825,-85,-85,-85,-85,1350,700,134.33332239995082,17.205866871256983,circular
576,1100,700,93.23908358884825,-85,-85,-85,14.513447644213304,1350,700,151.5391892712078,17.205866871256983,circular
577,1100,700,93.23908358884825,-85,-85,23.06730250275713,23.971022246457757,1350,700,168.74505614246476,17.205866871256983,circular
578,1100,700,93.23908358884825,-85,-85,25.684904084789974,25.859665714847075,1350,700,185.95092301372173,17.205866871256983,circular
579,1100,700,93.23908358884825,-85,-85,26.035130213615616,25.946643644493044,1350,700,203.1567898849787,17.205866871256983,circular
580,1100,700,93.23908358884825,-85,-85,24.788337040832293,24.332711411139446,1350,700,220.36265675623568,17.205866871256983,circular
581,1100,700,93.23908358884825,-85,-85,19.914354227256315,16.269948115724716,1350,700,237.56852362749265,17.205866871256983,circular
582,1100,700,93.23908358884825,-85,-85,-85,-85,1350,700,254.77439049874963,17.205866871256983,circular
583,1100,700,93.23908358884825,-85,-85,-85,-85,1350,700,271.9802573700066,17.205866871256983,circular
584,1100,700,93.23908358884825,-85,-85,-85,-85,1350,700,289.1861242412636,17.205866871256983,circular
585,1100,700,93.23908358884825,-85,-85,-85,-85,1350,700,306.3919911125206,17.205866871256983,circular
586,1100,700,93.23908358884825,-85,-85,-85,-85,1350,700,323.5978579837776,17.205866871256983,circular
587,1100,700,93.23908358884825,-85,-85,-85,-85,1350,700,340.8037248550346,17.205866871256983,circular
588,1100,700,93.23908358884825,-85,-85,-85,-85,1350,700,358.0095917262916,17.205866871256983,circular
589,1100,700,93.23908358884825,-85,-85,-85,-85,1350,700,15.215458597548604,17.205866871256983,circular
590,1100,700,93.23908358884825,-85,-85,-85,-85,1350,700,32.42132546880559,17.205866871256983,circular
591,1100,700,93.23908358884825,-85,-85,-85,-85,1350,700,49.62719234006258,17.205866871256983,circular
592,1100,700,93.23908358884825,-85,-85,-85,-85,1350,700,66.83305921131956,17.205866871256983,circular
593,1100,700,93.23908358884825,-85,-85,-85,-85,1350,700,84.03892608257655,17.205866871256983,circular
594,1100,700,93.23908358884825,-85,-85,-85,-85,1350,700,101.24479295383354,17.205866871256983,circular
595,1100,700,93.23908358884825,-85,-85,-85,-85,1350,700,118.45065982509053,17.205866871256983,circular
596,1100,700,93.23908358884825,-85,-85,-85,-85,1350,700,135.6565266963475,17.205866871256983,circular
597,1100,700,93.23908358884825,-85,-85,-85,16.269948115724727,1350,700,152.86239356760447,17.205866871256983,circular
598,1100,700,93.23908358884825,-85,-85,23.553218972269416,24.1582774269213,1350,700,170.06826043886144,17.205866871256983,circular
599,1100,700,93.23908358884825,-85,-85,25.7492610641292,25.906018829630398,1350,700,187.27412731011842,17.205866871256983,circular
600,1100,700,93.23908358884825,-85,-85,26.011117049096303,25.859665714847075,1350,700,204.4799941813754,17.205866871256983,circular
601,1100,700,93.23908358884825,-85,-85,24.646943359767004,23.97102224645776,1350,700,221.68586105263236,17.205866871256983,circular
602,1100,700,93.23908358884825,-85,-85,18.474304759512954,14.513447644213265,1350,700,238.89172792388933,17.205866871256983,circular
603,1100,700,93.23908358884825,-85,-85,-85,-85,1350,700,256.09759479514634,17.205866871256983,circular
604,1100,700,93.23908358884825,-85,-85,-85,-85,1350,700,273.30346166640334,17.205866871256983,circular
605,1100,700,93.23908358884825,-85,-85,-85,-85,1350,700,290.50932853766034,17.205866871256983,circular
606,1100,700,93.23908358884825,-85,-85,-85,-85,1350,700,307.71519540891734,17.205866871256983,circular
607,1100,700,93.23908358884825,-85,-85,-85,-85,1350,700,324.92106228017434,17.205866871256983,circular
608,1100,700,93.23908358884825,-85,-85,-85,-85,1350,700,342.12692915143134,17.205866871256983,circular
609,1100,700,93.23908358884825,-85,-85,-85,-85,1350,700,359.33279602268834,17.205866871256983,circular
610,1100,700,93.23908358884825,-85,-85,-85,-85,1350,700,16.538662893945343,17.205866871256983,circular
611,1100,700,93.23908358884825,-85,-85,-85,-85,1350,700,33.74452976520233,17.205866871256983,circular
612,1100,700,93.23908358884825,-85,-85,-85,-85,1350,700,50.95039663645932,17.205866871256983,circular
613,1100,700,93.23908358884825,-85,-85,-85,-85,1350,700,68.1562635077163,17.205866871256983,circular
614,1100,700,93.23908358884825,-85,-85,-85,-85,1350,700,85.36213037897329,17.205866871256983,circular
615,1100,700,93.23908358884825,-85,-85,-85,-85,1350,700,102.56799725023028,17.205866871256983,circular
616,1100,700,93.23908358884825,-85,-85,-85,-85,1350,700,119.77386412148726,17.205866871256983,circular
617,1100,700,93.23908358884825,-85,-85,-85,-85,1350,700,136.97973099274424,17.205866871256983,circular
618,1100,700,93.23908358884825,-85,-85,11.505794098357505,17.513155499392102,1350,700,154.1855978640012,17.205866871256983,circular
619,1100,700,93.23908358884825,-85,-85,23.769789312347285,24.33271141113945,1350,700,171.39146473525818,17.205866871256983,circular
620,1100,700,93.23908358884825,-85,-85,25.80746062382631,25.9816463993744,1350,700,188.59733160651516,17.205866871256983,circular
621,1100,700,93.23908358884825,-85,-85,25.946643644493044,25.807460623826316,1350,700,205.80319847777213,17.205866871256983,circular
622,1100,700,93.23908358884825,-85,-85,24.332711411139446,23.769789312347285,1350,700,223.0090653490291,17.205866871256983,circular
623,1100,700,93.23908358884825,-85,-85,17.51315549939211,11.50579409835762,1350,700,240.21493222028607,17.205866871256983,circular
624,1100,700,93.23908358884825,-85,-85,-85,-85,1350,700,257.4207990915431,17.205866871256983,circular
625,1100,700,93.23908358884825,-85,-85,-85,-85,1350,700,274.6266659628001,17.205866871256983,circular
626,1100,700,93.23908358884825,-85,-85,-85,-85,1350,700,291.8325328340571,17.205866871256983,circular
627,1100,700,93.23908358884825,-85,-85,-85,-85,1350,700,309.0383997053141,17.205866871256983,circular
628,1100,700,93.23908358884825,-85,-85,-85,-85,1350,700,326.2442665765711,17.205866871256983,circular
629,1100,700,93.23908358884825,-85,-85,-85,-85,1350,700,343.4501334478281,17.205866871256983,circular
630,1100,700,93.23908358884825,-85,-85,-85,-85,1350,700,0.6560003190850807,17.205866871256983,circular
631,1100,700,93.23908358884825,-85,-85,-85,-85,1350,700,17.861867190342064,17.205866871256983,circular
632,1100,700,93.23908358884825,-85,-85,-85,-85,1350,700,35.06773406159905,17.205866871256983,circular
633,1100,700,93.23908358884825,-85,-85,-85,-85,1350,700,52.27360093285603,17.205866871256983,circular
634,1100,700,93.23908358884825,-85,-85,-85,-85,1350,700,69.47946780411301,17.205866871256983,circular
635,1100,700,93.23908358884825,-85,-85,-85,-85,1350,700,86.68533467537,17.205866871256983,circular
636,1100,700,93.23908358884825,-85,-85,-85,-85,1350,700,103.89120154662699,17.205866871256983,circular
637,1100,700,93.23908358884825,-85,-85,-85,-85,1350,700,121.09706841788397,17.205866871256983,circular
638,1100,700,93.23908358884825,-85,-85,-85,-85,1350,700,138.30293528914095,17.205866871256983,circular
639,1100,700,93.23908358884825,-85,-85,14.513447644213304,19.25639156218217,1350,700,155.50880216039792,17.205866871256983,circular
640,1100,700,93.23908358884825,-85,-85,23.971022246457757,24.646943359767004,1350,700,172.7146690316549,17.205866871256983,circular
641,1100,700,93.23908358884825,-85,-85,25.906018829630398,26.011117049096303,1350,700,189.92053590291187,17.205866871256983,circular
642,1100,700,93.23908358884825,-85,-85,25.906018829630398,25.7492610641292,1350,700,207.12640277416884,17.205866871256983,circular
643,1100,700,93.23908358884825,-85,-85,24.1582774269213,23.553218972269416,1350,700,224.3322696454258,17.205866871256983,circular
644,1100,700,93.23908358884825,-85,-85,16.269948115724716,-85,1350,700,241.53813651668278,17.205866871256983,circular
645,1100,700,93.23908358884825,-85,-85,-85,-85,1350,700,258.74400338793976,17.205866871256983,circular
646,1100,700,93.23908358884825,-85,-85,-85,-85,1350,700,275.94987025919676,17.205866871256983,circular
647,1100,700,93.23908358884825,-85,-85,-85,-85,1350,700,293.15573713045376,17.205866871256983,circular
648,1100,700,93.23908358884825,-85,-85,-85,-85,1350,700,310.36160400171076,17.205866871256983,circular
649,1100,700,93.23908358884825,-85,-85,-85,-85,1350,700,327.56747087296776,17.205866871256983,circular
650,1100,700,93.23908358884825,-85,-85,-85,-85,1350,700,344.77333774422476,17.205866871256983,circular
651,1100,700,93.23908358884825,-85,-85,-85,-85,1350,700,1.9792046154817626,17.205866871256983,circular
652,1100,700,93.23908358884825,-85,-85,-85,-85,1350,700,19.185071486738746,17.205866871256983,circular
653,1100,700,93.23908358884825,-85,-85,-85,-85,1350,700,36.39093835799573,17.205866871256983,circular
654,1100,700,93.23908358884825,-85,-85,-85,-85,1350,700,53.59680522925271,17.205866871256983,circular
655,1100,700,93.23908358884825,-85,-85,-85,-85,1350,700,70.8026721005097,17.205866871256983,circular
656,1100,700,93.23908358884825,-85,-85,-85,-85,1350,700,88.00853897176668,17.205866871256983,circular
657,1100,700,93.23908358884825,-85,-85,-85,-85,1350,700,105.21440584302367,17.205866871256983,circular
658,1100,700,93.23908358884825,-85,-85,-85,-85,1350,700,122.42027271428066,17.205866871256983,circular
659,1100,700,93.23908358884825,-85,-85,-85,-85,1350,700,139.62613958553763,17.205866871256983,circular
660,1100,700,93.23908358884825,-85,-85,17.513155499392102,19.91435422725632,1350,700,156.8320064567946,17.205866871256983,circular
661,1100,700,93.23908358884825,-85,-85,24.33271141113945,24.78833704083229,1350,700,174.03787332805157,17.205866871256983,circular
662,1100,700,93.23908358884825,-85,-85,25.946643644493044,26.035130213615616,1350,700,191.24374019930855,17.205866871256983,circular
663,1100,700,93.23908358884825,-85,-85,25.859665714847075,25.684904084789977,1350,700,208.44960707056552,17.205866871256983,circular
664,1100,700,93.23908358884825,-85,-85,23.97102224645776,23.067302502757133,1350,700,225.6554739418225,17.205866871256983,circular
665,1100,700,93.23908358884825,-85,-85,11.50579409835762,-85,1350,700,242.86134081307947,17.205866871256983,circular
666,1100,700,93.23908358884825,-85,-85,-85,-85,1350,700,260.06720768433644,17.205866871256983,circular
667,1100,700,93.23908358884825,-85,-85,-85,-85,1350,700,277.27307455559344,17.205866871256983,circular
668,1100,700,93.23908358884825,-85,-85,-85,-85,1350,700,294.47894142685044,17.205866871256983,circular
669,1100,700,93.23908358884825,-85,-85,-85,-85,1350,700,311.68480829810744,17.205866871256983,circular
670,1100,700,93.23908358884825,-85,-85,-85,-85,1350,700,328.89067516936444,17.205866871256983,circular
671,1100,700,93.23908358884825,-85,-85,-85,-85,1350,700,346.09654204062144,17.205866871256983,circular
672,1100,700,93.23908358884825,-85,-85,-85,-85,1350,700,3.3024089118784445,17.205866871256983,circular
673,1100,700,93.23908358884825,-85,-85,-85,-85,1350,700,20.508275783135428,17.205866871256983,circular
674,1100,700,93.23908358884825,-85,-85,-85,-85,1350,700,37.71414265439241,17.205866871256983,circular
675,1100,700,93.23908358884825,-85,-85,-85,-85,1350,700,54.92000952564939,17.205866871256983,circular
676,1100,700,93.23908358884825,-85,-85,-85,-85,1350,700,72.12587639690638,17.205866871256983,circular
677,1100,700,93.23908358884825,-85,-85,-85,-85,1350,700,89.33174326816336,17.205866871256983,circular
678,1100,700,93.23908358884825,-85,-85,-85,-85,1350,700,106.53761013942035,17.205866871256983,circular
679,1100,700,93.23908358884825,-85,-85,-85,-85,1350,700,123.74347701067734,17.205866871256983,circular
680,1100,700,93.23908358884825,-85,-85,-85,-85,1350,700,140.9493438819343,17.205866871256983,circular
681,1100,700,93.23908358884825,-85,-85,18.47430475951294,20.48098321025059,1350,700,158.15521075319128,17.205866871256983,circular
682,1100,700,93.23908358884825,-85,-85,24.495315191602927,24.92014212493214,1350,700,175.36107762444826,17.205866871256983,circular
683,1100,700,93.23908358884825,-85,-85,25.9816463993744,26.067010357935978,1350,700,192.56694449570523,17.205866871256983,circular
684,1100,700,93.23908358884825,-85,-85,25.807460623826316,25.536951728381826,1350,700,209.7728113669622,17.205866871256983,circular
685,1100,700,93.23908358884825,-85,-85,23.553218972269416,22.793695368992225,1350,700,226.97867823821917,17.205866871256983,circular
686,1100,700,93.23908358884825,-85,-85,-85,-85,1350,700,244.18454510947615,17.205866871256983,circular
687,1100,700,93.23908358884825,-85,-85,-85,-85,1350,700,261.3904119807331,17.205866871256983,circular
688,1100,700,93.23908358884825,-85,-85,-85,-85,1350,700,278.5962788519901,17.205866871256983,circular
689,1100,700,93.23908358884825,-85,-85,-85,-85,1350,700,295.8021457232471,17.205866871256983,circular
690,1100,700,93.23908358884825,-85,-85,-85,-85,1350,700,313.0080125945041,17.205866871256983,circular
691,1100,700,93.23908358884825,-85,-85,-85,-85,1350,700,330.2138794657611,17.205866871256983,circular
692,1100,700,93.23908358884825,-85,-85,-85,-85,1350,700,347.4197463370181,17.205866871256983,circular
693,1100,700,93.23908358884825,-85,-85,-85,-85,1350,700,4.6256132082751265,17.205866871256983,circular
694,1100,700,93.23908358884825,-85,-85,-85,-85,1350,700,21.83148007953211,17.205866871256983,circular
695,1100,700,93.23908358884825,-85,-85,-85,-85,1350,700,39.03734695078909,17.205866871256983,circular
696,1100,700,93.23908358884825,-85,-85,-85,-85,1350,700,56.24321382204607,17.205866871256983,circular
697,1100,700,93.23908358884825,-85,-85,-85,-85,1350,700,73.44908069330306,17.205866871256983,circular
698,1100,700,93.23908358884825,-85,-85,-85,-85,1350,700,90.65494756456005,17.205866871256983,circular
699,1100,700,93.23908358884825,-85,-85,-85,-85,1350,700,107.86081443581703,17.205866871256983,circular
700,1100,700,93.23908358884825,-85,-85,-85,-85,1350,700,125.06668130707402,17.205866871256983,circular
701,1100,700,93.23908358884825,-85,-85,-85,-85,1350,700,142.272548178331,17.205866871256983,circular
702,1100,700,93.23908358884825,-85,-85,19.25639156218217,21.41811930585211,1350,700,159.47841504958797,17.205866871256983,circular
703,1100,700,93.23908358884825,-85,-85,24.646943359767004,25.157178905256924,1350,700,176.68428192084494,17.205866871256983,circular
704,1100,700,93.23908358884825,-85,-85,26.035130213615616,26.074956048612798,1350,700,193.8901487921019,17.205866871256983,circular
705,1100,700,93.23908358884825,-85,-85,25.684904084789977,25.452908776355446,1350,700,211.09601566335888,17.205866871256983,circular
706,1100,700,93.23908358884825,-85,-85,23.319699537123853,22.496022074683278,1350,700,228.30188253461586,17.205866871256983,circular
707,1100,700,93.23908358884825,-85,-85,-85,-85,1350,700,245.50774940587283,17.205866871256983,circular
708,1100,700,93.23908358884825,-85,-85,-85,-85,1350,700,262.7136162771298,17.205866871256983,circular
709,1100,700,93.23908358884825,-85,-85,-85,-85,1350,700,279.9194831483868,17.205866871256983,circular
710,1100,700,93.23908358884825,-85,-85,-85,-85,1350,700,297.1253500196438,17.205866871256983,circular
711,1100,700,93.23908358884825,-85,-85,-85,-85,1350,700,314.3312168909008,17.205866871256983,circular
712,1100,700,93.23908358884825,-85,-85,-85,-85,1350,700,331.5370837621578,17.205866871256983,circular
713,1100,700,93.23908358884825,-85,-85,-85,-85,1350,700,348.7429506334148,17.205866871256983,circular
714,1100,700,93.23908358884825,-85,-85,-85,-85,1350,700,5.948817504671808,17.205866871256983,circular
715,1100,700,93.23908358884825,-85,-85,-85,-85,1350,700,23.15468437592879,17.205866871256983,circular
716,1100,700,93.23908358884825,-85,-85,-85,-85,1350,700,40.360551247185775,17.205866871256983,circular
717,1100,700,93.23908358884825,-85,-85,-85,-85,1350,700,57.566418118442755,17.205866871256983,circular
718,1100,700,93.23908358884825,-85,-85,-85,-85,1350,700,74.77228498969974,17.205866871256983,circular
719,1100,700,93.23908358884825,-85,-85,-85,-85,1350,700,91.97815186095673,17.205866871256983,circular
720,1100,700,93.23908358884825,-85,-85,-85,-85,1350,700,109.18401873221372,17.205866871256983,circular
721,1100,700,93.23908358884825,-85,-85,-85,-85,1350,700,126.3898856034707,17.205866871256983,circular
722,1100,700,93.23908358884825,-85,-85,-85,-85,1350,700,143.59575247472768,17.205866871256983,circular
723,1100,700,93.23908358884825,-85,-85,20.48098321025059,21.813356630230874,1350,700,160.80161934598465,17.205866871256983,circular
724,1100,700,93.23908358884825,-85,-85,24.92014212493214,25.26334459461691,1350,700,178.00748621724162,17.205866871256983,circular
725,1100,700,93.23908358884825,-85,-85,26.053745949214605,26.077602459396946,1350,700,195.2133530884986,17.205866871256983,circular
726,1100,700,93.23908358884825,-85,-85,25.614204328866276,25.361807294499556,1350,700,212.41921995975557,17.205866871256983,circular
727,1100,700,93.23908358884825,-85,-85,23.067302502757133,21.81335663023087,1350,700,229.62508683101254,17.205866871256983,circular
728,1100,700,93.23908358884825,-85,-85,-85,-85,1350,700,246.8309537022695,17.205866871256983,circular
729,1100,700,93.23908358884825,-85,-85,-85,-85,1350,700,264.0368205735265,17.205866871256983,circular
730,1100,700,93.23908358884825,-85,-85,-85,-85,1350,700,281.2426874447835,17.205866871256983,circular
731,1100,700,93.23908358884825,-85,-85,-85,-85,1350,700,298.4485543160405,17.205866871256983,circular
732,1100,700,93.23908358884825,-85,-85,-85,-85,1350,700,315.6544211872975,17.205866871256983,circular
733,1100,700,93.23908358884825,-85,-85,-85,-85,1350,700,332.8602880585545,17.205866871256983,circular
734,1100,700,93.23908358884825,-85,-85,-85,-85,1350,700,350.0661549298115,17.205866871256983,circular
735,1100,700,93.23908358884825,-85,-85,-85,-85,1350,700,7.27202180106849,17.205866871256983,circular
736,1100,700,93.23908358884825,-85,-85,-85,-85,1350,700,24.477888672325474,17.205866871256983,circular
737,1100,700,93.23908358884825,-85,-85,-85,-85,1350,700,41.68375554358246,17.205866871256983,circular
738,1100,700,93.23908358884825,-85,-85,-85,-85,1350,700,58.88962241483944,17.205866871256983,circular
739,1100,700,93.23908358884825,-85,-85,-85,-85,1350,700,76.09548928609642,17.205866871256983,circular
740,1100,700,93.23908358884825,-85,-85,-85,-85,1350,700,93.30135615735341,17.205866871256983,circular
741,1100,700,93.23908358884825,-85,-85,-85,-85,1350,700,110.5072230286104,17.205866871256983,circular
742,1100,700,93.23908358884825,-85,-85,-85,-85,1350,700,127.71308989986738,17.205866871256983,circular
743,1100,700,93.23908358884825,-85,-85,-85,-85,1350,700,144.91895677112436,17.205866871256983,circular
744,1100,700,93.23908358884825,-85,-85,20.97742610025734,22.170735458799452,1350,700,162.12482364238133,17.205866871256983,circular
745,1100,700,93.23908358884825,-85,-85,25.042923900792417,25.36180729449956,1350,700,179.3306905136383,17.205866871256983,circular
746,1100,700,93.23908358884825,-85,-85,26.067010357935978,26.074956048612798,1350,700,196.53655738489527,17.205866871256983,circular
747,1100,700,93.23908358884825,-85,-85,25.536951728381826,25.157178905256924,1350,700,213.74242425615225,17.205866871256983,circular
748,1100,700,93.23908358884825,-85,-85,22.496022074683278,21.418119305852123,1350,700,230.94829112740922,17.205866871256983,circular
749,1100,700,93.23908358884825,-85,-85,-85,-85,1350,700,248.1541579986662,17.205866871256983,circular
750,1100,700,93.23908358884825,-85,-85,-85,-85,1350,700,265.36002486992317,17.205866871256983,circular
751,1100,700,93.23908358884825,-85,-85,-85,-85,1350,700,282.56589174118017,17.205866871256983,circular
752,1100,700,93.23908358884825,-85,-85,-85,-85,1350,700,299.77175861243717,17.205866871256983,circular
753,1100,700,93.23908358884825,-85,-85,-85,-85,1350,700,316.97762548369417,17.205866871256983,circular
754,1100,700,93.23908358884825,-85,-85,-85,-85,1350,700,334.18349235495117,17.205866871256983,circular
755,1100,700,93.23908358884825,-85,-85,-85,-85,1350,700,351.38935922620817,17.205866871256983,circular
756,1100,700,93.23908358884825,-85,-85,-85,-85,1350,700,8.595226097465172,17.205866871256983,circular
757,1100,700,93.23908358884825,-85,-85,-85,-85,1350,700,25.801092968722156,17.205866871256983,circular
758,1100,700,93.23908358884825,-85,-85,-85,-85,1350,700,43.00695983997914,17.205866871256983,circular
759,1100,700,93.23908358884825,-85,-85,-85,-85,1350,700,60.21282671123612,17.205866871256983,circular
760,1100,700,93.23908358884825,-85,-85,-85,-85,1350,700,77.4186935824931,17.205866871256983,circular
761,1100,700,93.23908358884825,-85,-85,-85,-85,1350,700,94.62456045375009,17.205866871256983,circular
762,1100,700,93.23908358884825,-85,-85,-85,-85,1350,700,111.83042732500708,17.205866871256983,circular
763,1100,700,93.23908358884825,-85,-85,-85,-85,1350,700,129.03629419626407,17.205866871256983,circular
764,1100,700,93.23908358884825,-85,-85,-85,-85,1350,700,146.24216106752104,17.205866871256983,circular
765,1100,700,93.23908358884825,-85,-85,21.41811930585211,22.496022074683278,1350,700,163.448027938778,17.205866871256983,circular
766,1100,700,93.23908358884825,-85,-85,25.157178905256924,25.536951728381826,1350,700,180.65389481003498,17.205866871256983,circular
767,1100,700,93.23908358884825,-85,-85,26.077602459396946,26.067010357935978,1350,700,197.85976168129196,17.205866871256983,circular
768,1100,700,93.23908358884825,-85,-85,25.361807294499556,25.042923900792417,1350,700,215.06562855254893,17.205866871256983,circular
769,1100,700,93.23908358884825,-85,-85,22.170735458799452,20.97742610025735,1350,700,232.2714954238059,17.205866871256983,circular
770,1100,700,93.23908358884825,-85,-85,-85,-85,1350,700,249.47736229506287,17.205866871256983,circular
771,1100,700,93.23908358884825,-85,-85,-85,-85,1350,700,266.68322916631985,17.205866871256983,circular
772,1100,700,93.23908358884825,-85,-85,-85,-85,1350,700,283.88909603757685,17.205866871256983,circular
773,1100,700,93.23908358884825,-85,-85,-85,-85,1350,700,301.09496290883385,17.205866871256983,circular
774,1100,700,93.23908358884825,-85,-85,-85,-85,1350,700,318.30082978009085,17.205866871256983,circular
775,1100,700,93.23908358884825,-85,-85,-85,-85,1350,700,335.50669665134785,17.205866871256983,circular
776,1100,700,93.23908358884825,-85,-85,-85,-85,1350,700,352.71256352260485,17.205866871256983,circular
777,1100,700,93.23908358884825,-85,-85,-85,-85,1350,700,9.918430393861854,17.205866871256983,circular
778,1100,700,93.23908358884825,-85,-85,-85,-85,1350,700,27.124297265118837,17.205866871256983,circular
779,1100,700,93.23908358884825,-85,-85,-85,-85,1350,700,44.33016413637582,17.205866871256983,circular
780,1100,700,93.23908358884825,-85,-85,-85,-85,1350,700,61.5360310076328,17.205866871256983,circular
781,1100,700,93.23908358884825,-85,-85,-85,-85,1350,700,78.74189787888979,17.205866871256983,circular
782,1100,700,93.23908358884825,-85,-85,-85,-85,1350,700,95.94776475014677,17.205866871256983,circular
783,1100,700,93.23908358884825,-85,-85,-85,-85,1350,700,113.15363162140376,17.205866871256983,circular
784,1100,700,93.23908358884825,-85,-85,-85,-85,1350,700,130.35949849266075,17.205866871256983,circular
785,1100,700,93.23908358884825,-85,-85,-85,-85,1350,700,147.56536536391772,17.205866871256983,circular
786,1100,700,93.23908358884825,-85,-85,21.813356630230874,23.06730250275713,1350,700,164.7712322351747,17.205866871256983,circular
787,1100,700,93.23908358884825,-85,-85,25.36180729449956,25.614204328866276,1350,700,181.97709910643167,17.205866871256983,circular
788,1100,700,93.23908358884825,-85,-85,26.077602459396946,26.053745949214605,1350,700,199.18296597768864,17.205866871256983,circular
789,1100,700,93.23908358884825,-85,-85,25.263344594616918,24.92014212493214,1350,700,216.3888328489456,17.205866871256983,circular
790,1100,700,93.23908358884825,-85,-85,21.81335663023087,19.914354227256315,1350,700,233.59469972020258,17.205866871256983,circular
791,1100,700,93.23908358884825,-85,-85,-85,-85,1350,700,250.80056659145956,17.205866871256983,circular
792,1100,700,93.23908358884825,-85,-85,-85,-85,1350,700,268.00643346271653,17.205866871256983,circular
793,1100,700,93.23908358884825,-85,-85,-85,-85,1350,700,285.21230033397353,17.205866871256983,circular
794,1100,700,93.23908358884825,-85,-85,-85,-85,1350,700,302.41816720523053,17.205866871256983,circular
795,1100,700,93.23908358884825,-85,-85,-85,-85,1350,700,319.62403407648753,17.205866871256983,circular
796,1100,700,93.23908358884825,-85,-85,-85,-85,1350,700,336.82990094774453,17.205866871256983,circular
797,1100,700,93.23908358884825,-85,-85,-85,-85,1350,700,354.03576781900153,17.205866871256983,circular
798,1100,700,93.23908358884825,-85,-85,-85,-85,1350,700,11.241634690258536,17.205866871256983,circular
799,1100,700,93.23908358884825,-85,-85,-85,-85,1350,700,28.44750156151552,17.205866871256983,circular
800,1100,700,93.23908358884825,-85,-85,-85,-85,1350,700,45.6533684327725,17.205866871256983,circular
801,1100,700,93.23908358884825,-85,-85,-85,-85,1350,700,62.85923530402948,17.205866871256983,circular
802,1100,700,93.23908358884825,-85,-85,-85,-85,1350,700,80.06510217528647,17.205866871256983,circular
803,1100,700,93.23908358884825,-85,-85,-85,-85,1350,700,97.27096904654346,17.205866871256983,circular
804,1100,700,93.23908358884825,-85,-85,-85,-85,1350,700,114.47683591780044,17.205866871256983,circular
805,1100,700,93.23908358884825,-85,-85,-85,-85,1350,700,131.68270278905743,17.205866871256983,circular
806,1100,700,93.23908358884825,-85,-85,-85,-85,1350,700,148.8885696603144,17.205866871256983,circular
807,1100,700,93.23908358884825,-85,-85,22.496022074683278,23.31969953712386,1350,700,166.09443653157138,17.205866871256983,circular
808,1100,700,93.23908358884825,-85,-85,25.452908776355446,25.684904084789974,1350,700,183.30030340282835,17.205866871256983,circular
809,1100,700,93.23908358884825,-85,-85,26.074956048612798,26.011117049096303,1350,700,200.50617027408532,17.205866871256983,circular
810,1100,700,93.23908358884825,-85,-85,25.157178905256924,24.646943359767004,1350,700,217.7120371453423,17.205866871256983,circular
811,1100,700,93.23908358884825,-85,-85,20.97742610025735,19.25639156218219,1350,700,234.91790401659927,17.205866871256983,circular
812,1100,700,93.23908358884825,-85,-85,-85,-85,1350,700,252.12377088785624,17.205866871256983,circular
813,1100,700,93.23908358884825,-85,-85,-85,-85,1350,700,269.3296377591132,17.205866871256983,circular
814,1100,700,93.23908358884825,-85,-85,-85,-85,1350,700,286.5355046303702,17.205866871256983,circular
815,1100,700,93.23908358884825,-85,-85,-85,-85,1350,700,303.7413715016272,17.205866871256983,circular
816,1100,700,93.23908358884825,-85,-85,-85,-85,1350,700,320.9472383728842,17.205866871256983,circular
817,1100,700,93.23908358884825,-85,-85,-85,-85,1350,700,338.1531052441412,17.205866871256983,circular
818,1100,700,93.23908358884825,-85,-85,-85,-85,1350,700,355.3589721153982,17.205866871256983,circular
819,1100,700,93.23908358884825,-85,-85,-85,-85,1350,700,12.564838986655218,17.205866871256983,circular
820,1100,700,93.23908358884825,-85,-85,-85,-85,1350,700,29.7707058579122,17.205866871256983,circular
821,1100,700,93.23908358884825,-85,-85,-85,-85,1350,700,46.976572729169185,17.205866871256983,circular
822,1100,700,93.23908358884825,-85,-85,-85,-85,1350,700,64.18243960042616,17.205866871256983,circular
823,1100,700,93.23908358884825,-85,-85,-85,-85,1350,700,81.38830647168315,17.205866871256983,circular
824,1100,700,93.23908358884825,-85,-85,-85,-85,1350,700,98.59417334294014,17.205866871256983,circular
825,1100,700,93.23908358884825,-85,-85,-85,-85,1350,700,115.80004021419713,17.205866871256983,circular
826,1100,700,93.23908358884825,-85,-85,-85,-85,1350,700,133.0059070854541,17.205866871256983,circular
827,1100,700,93.23908358884825,-85,-85,-85,-85,1350,700,150.21177395671108,17.205866871256983,circular
828,1100,700,93.23908358884825,-85,-85,22.793695368992218,23.553218972269416,1350,700,167.41764082796806,17.205866871256983,circular
829,1100,700,93.23908358884825,-85,-85,25.536951728381826,25.80746062382631,1350,700,184.62350769922503,17.205866871256983,circular
830,1100,700,93.23908358884825,-85,-85,26.053745949214605,25.9816463993744,1350,700,201.829374570482,17.205866871256983,circular
831,1100,700,93.23908358884825,-85,-85,24.92014212493214,24.495315191602927,1350,700,219.03524144173898,17.205866871256983,circular
832,1100,700,93.23908358884825,-85,-85,20.48098321025059,18.474304759512954,1350,700,236.24110831299595,17.205866871256983,circular
833,1100,700,93.23908358884825,-85,-85,-85,-85,1350,700,253.44697518425292,17.205866871256983,circular
834,1100,700,93.23908358884825,-85,-85,-85,-85,1350,700,270.6528420555099,17.205866871256983,circular
835,1100,700,93.23908358884825,-85,-85,-85,-85,1350,700,287.8587089267669,17.205866871256983,circular
836,1100,700,93.23908358884825,-85,-85,-85,-85,1350,700,305.0645757980239,17.205866871256983,circular
837,1100,700,93.23908358884825,-85,-85,-85,-85,1350,700,322.2704426692809,17.205866871256983,circular
838,1100,700,93.23908358884825,-85,-85,-85,-85,1350,700,339.4763095405379,17.205866871256983,circular
839,1100,700,93.23908358884825,-85,-85,-85,-85,1350,700,356.6821764117949,17.205866871256983,circular
840,1100,700,93.23908358884825,-85,-85,-85,-85,1350,700,13.8880432830519,17.205866871256983,circular
841,1100,700,93.23908358884825,-85,-85,-85,-85,1350,700,31.093910154308883,17.205866871256983,circular
842,1100,700,93.23908358884825,-85,-85,-85,-85,1350,700,48.29977702556587,17.205866871256983,circular
843,1100,700,93.23908358884825,-85,-85,-85,-85,1350,700,65.50564389682285,17.205866871256983,circular
844,1100,700,93.23908358884825,-85,-85,-85,-85,1350,700,82.71151076807983,17.205866871256983,circular
845,1100,700,93.23908358884825,-85,-85,-85,-85,1350,700,99.91737763933682,17.205866871256983,circular
846,1100,700,93.23908358884825,-85,-85,-85,-85,1350,700,117.1232445105938,17.205866871256983,circular
847,1100,700,93.23908358884825,-85,-85,-85,-85,1350,700,134.3291113818508,17.205866871256983,circular
848,1100,700,93.23908358884825,-85,-85,-85,14.513447644213304,1350,700,151.53497825310777,17.205866871256983,circular
849,1100,700,93.23908358884825,-85,-85,23.06730250275713,23.971022246457757,1350,700,168.74084512436474,17.205866871256983,circular
850,1100,700,93.23908358884825,-85,-85,25.684904084789974,25.859665714847075,1350,700,185.9467119956217,17.205866871256983,circular
851,1100,700,93.23908358884825,-85,-85,26.035130213615616,25.946643644493044,1350,700,203.15257886687868,17.205866871256983,circular
852,1100,700,93.23908358884825,-85,-85,24.788337040832293,24.332711411139446,1350,700,220.35844573813566,17.205866871256983,circular
853,1100,700,93.23908358884825,-85,-85,19.914354227256315,16.269948115724716,1350,700,237.56431260939263,17.205866871256983,circular
854,1100,700,93.23908358884825,-85,-85,-85,-85,1350,700,254.7701794806496,17.205866871256983,circular
855,1100,700,93.23908358884825,-85,-85,-85,-85,1350,700,271.9760463519066,17.205866871256983,circular
856,1100,700,93.23908358884825,-85,-85,-85,-85,1350,700,289.1819132231636,17.205866871256983,circular
857,1100,700,93.23908358884825,-85,-85,-85,-85,1350,700,306.3877800944206,17.205866871256983,circular
858,1100,700,93.23908358884825,-85,-85,-85,-85,1350,700,323.5936469656776,17.205866871256983,circular
859,1100,700,93.23908358884825,-85,-85,-85,-85,1350,700,340.7995138369346,17.205866871256983,circular
860,1100,700,93.23908358884825,-85,-85,-85,-85,1350,700,358.0053807081916,17.205866871256983,circular
861,1100,700,93.23908358884825,-85,-85,-85,-85,1350,700,15.211247579448582,17.205866871256983,circular
862,1100,700,93.23908358884825,-85,-85,-85,-85,1350,700,32.41711445070557,17.205866871256983,circular
863,1100,700,93.23908358884825,-85,-85,-85,-85,1350,700,49.622981321962556,17.205866871256983,circular
864,1100,700,93.23908358884825,-85,-85,-85,-85,1350,700,66.82884819321954,17.205866871256983,circular
865,1100,700,93.23908358884825,-85,-85,-85,-85,1350,700,84.03471506447653,17.205866871256983,circular
866,1100,700,93.23908358884825,-85,-85,-85,-85,1350,700,101.24058193573352,17.205866871256983,circular
867,1100,700,93.23908358884825,-85,-85,-85,-85,1350,700,118.4464488069905,17.205866871256983,circular
868,1100,700,93.23908358884825,-85,-85,-85,-85,1350,700,135.65231567824748,17.205866871256983,circular
869,1100,700,93.23908358884825,-85,-85,-85,16.269948115724727,1350,700,152.85818254950445,17.205866871256983,circular
870,1100,700,93.23908358884825,-85,-85,23.553218972269416,24.1582774269213,1350,700,170.06404942076142,17.205866871256983,circular
871,1100,700,93.23908358884825,-85,-85,25.7492610641292,25.906018829630398,1350,700,187.2699162920184,17.205866871256983,circular
872,1100,700,93.23908358884825,-85,-85,26.011117049096303,25.859665714847075,1350,700,204.47578316327537,17.205866871256983,circular
873,1100,700,93.23908358884825,-85,-85,24.646943359767004,23.97102224645776,1350,700,221.68165003453234,17.205866871256983,circular
874,1100,700,93.23908358884825,-85,-85,18.474304759512954,14.513447644213265,1350,700,238.8875169057893,17.205866871256983,circular
875,1100,700,93.23908358884825,-85,-85,-85,-85,1350,700,256.0933837770463,17.205866871256983,circular
876,1100,700,93.23908358884825,-85,-85,-85,-85,1350,700,273.2992506483033,17.205866871256983,circular
877,1100,700,93.23908358884825,-85,-85,-85,-85,1350,700,290.5051175195603,17.205866871256983,circular
878,1100,700,93.23908358884825,-85,-85,-85,-85,1350,700,307.7109843908173,17.205866871256983,circular
879,1100,700,93.23908358884825,-85,-85,-85,-85,1350,700,324.9168512620743,17.205866871256983,circular
880,1100,700,93.23908358884825,-85,-85,-85,-85,1350,700,342.1227181333313,17.205866871256983,circular
881,1100,700,93.23908358884825,-85,-85,-85,-85,1350,700,359.3285850045883,17.205866871256983,circular
882,1100,700,93.23908358884825,-85,-85,-85,-85,1350,700,16.53445187584532,17.205866871256983,circular
883,1100,700,93.23908358884825,-85,-85,-85,-85,1350,700,33.74031874710231,17.205866871256983,circular
884,1100,700,93.23908358884825,-85,-85,-85,-85,1350,700,50.946185618359294,17.205866871256983,circular
885,1100,700,93.23908358884825,-85,-85,-85,-85,1350,700,68.15205248961628,17.205866871256983,circular
886,1100,700,93.23908358884825,-85,-85,-85,-85,1350,700,85.35791936087327,17.205866871256983,circular
887,1100,700,93.23908358884825,-85,-85,-85,-85,1350,700,102.56378623213025,17.205866871256983,circular
888,1100,700,93.23908358884825,-85,-85,-85,-85,1350,700,119.76965310338724,17.205866871256983,circular
889,1100,700,93.23908358884825,-85,-85,-85,-85,1350,700,136.97551997464421,17.205866871256983,circular
890,1100,700,93.23908358884825,-85,-85,11.505794098357505,17.513155499392102,1350,700,154.1813868459012,17.205866871256983,circular
891,1100,700,93.23908358884825,-85,-85,23.769789312347285,24.33271141113945,1350,700,171.38725371715816,17.205866871256983,circular
892,1100,700,93.23908358884825,-85,-85,25.80746062382631,25.9816463993744,1350,700,188.59312058841513,17.205866871256983,circular
893,1100,700,93.23908358884825,-85,-85,25.946643644493044,25.807460623826316,1350,700,205.7989874596721,17.205866871256983,circular
894,1100,700,93.23908358884825,-85,-85,24.332711411139446,23.769789312347285,1350,700,223.00485433092908,17.205866871256983,circular
895,1100,700,93.23908358884825,-85,-85,17.51315549939211,11.50579409835762,1350,700,240.21072120218605,17.205866871256983,circular
896,1100,700,93.23908358884825,-85,-85,-85,-85,1350,700,257.41658807344305,17.205866871256983,circular
897,1100,700,93.23908358884825,-85,-85,-85,-85,1350,700,274.62245494470005,17.205866871256983,circular
898,1100,700,93.23908358884825,-85,-85,-85,-85,1350,700,291.82832181595705,17.205866871256983,circular
899,1100,700,93.23908358884825,-85,-85,-85,-85,1350,700,309.03418868721405,17.205866871256983,circular
900,1100,700,93.23908358884825,-85,-85,-85,-85,1350,700,326.24005555847106,17.205866871256983,circular
901,1100,700,93.23908358884825,-85,-85,-85,-85,1350,700,343.44592242972806,17.205866871256983,circular
902,1100,700,93.23908358884825,-85,-85,-85,-85,1350,700,0.6517893009850582,17.205866871256983,circular
903,1100,700,93.23908358884825,-85,-85,-85,-85,1350,700,17.85765617224204,17.205866871256983,circular
904,1100,700,93.23908358884825,-85,-85,-85,-85,1350,700,35.063523043499025,17.205866871256983,circular
905,1100,700,93.23908358884825,-85,-85,-85,-85,1350,700,52.269389914756005,17.205866871256983,circular
906,1100,700,93.23908358884825,-85,-85,-85,-85,1350,700,69.47525678601299,17.205866871256983,circular
907,1100,700,93.23908358884825,-85,-85,-85,-85,1350,700,86.68112365726998,17.205866871256983,circular
908,1100,700,93.23908358884825,-85,-85,-85,-85,1350,700,103.88699052852697,17.205866871256983,circular
909,1100,700,93.23908358884825,-85,-85,-85,-85,1350,700,121.09285739978395,17.205866871256983,circular
910,1100,700,93.23908358884825,-85,-85,-85,-85,1350,700,138.29872427104092,17.205866871256983,circular
911,1100,700,93.23908358884825,-85,-85,14.513447644213304,19.25639156218217,1350,700,155.5045911422979,17.205866871256983,circular
912,1100,700,93.23908358884825,-85,-85,23.971022246457757,24.646943359767004,1350,700,172.71045801355487,17.205866871256983,circular
913,1100,700,93.23908358884825,-85,-85,25.906018829630398,26.011117049096303,1350,700,189.91632488481184,17.205866871256983,circular
914,1100,700,93.23908358884825,-85,-85,25.906018829630398,25.7492610641292,1350,700,207.12219175606882,17.205866871256983,circular
915,1100,700,93.23908358884825,-85,-85,24.1582774269213,23.553218972269416,1350,700,224.3280586273258,17.205866871256983,circular
916,1100,700,93.23908358884825,-85,-85,16.269948115724716,-85,1350,700,241.53392549858276,17.205866871256983,circular
917,1100,700,93.23908358884825,-85,-85,-85,-85,1350,700,258.73979236983973,17.205866871256983,circular
918,1100,700,93.23908358884825,-85,-85,-85,-85,1350,700,275.94565924109673,17.205866871256983,circular
919,1100,700,93.23908358884825,-85,-85,-85,-85,1350,700,293.15152611235374,17.205866871256983,circular
920,1100,700,93.23908358884825,-85,-85,-85,-85,1350,700,310.35739298361074,17.205866871256983,circular
921,1100,700,93.23908358884825,-85,-85,-85,-85,1350,700,327.56325985486774,17.205866871256983,circular
922,1100,700,93.23908358884825,-85,-85,-85,-85,1350,700,344.76912672612474,17.205866871256983,circular
923,1100,700,93.23908358884825,-85,-85,-85,-85,1350,700,1.97499359738174,17.205866871256983,circular
924,1100,700,93.23908358884825,-85,-85,-85,-85,1350,700,19.180860468638723,17.205866871256983,circular
925,1100,700,93.23908358884825,-85,-85,-85,-85,1350,700,36.38672733989571,17.205866871256983,circular
926,1100,700,93.23908358884825,-85,-85,-85,-85,1350,700,53.59259421115269,17.205866871256983,circular
927,1100,700,93.23908358884825,-85,-85,-85,-85,1350,700,70.79846108240967,17.205866871256983,circular
928,1100,700,93.23908358884825,-85,-85,-85,-85,1350,700,88.00432795366666,17.205866871256983,circular
929,1100,700,93.23908358884825,-85,-85,-85,-85,1350,700,105.21019482492365,17.205866871256983,circular
930,1100,700,93.23908358884825,-85,-85,-85,-85,1350,700,122.41606169618063,17.205866871256983,circular
931,1100,700,93.23908358884825,-85,-85,-85,-85,1350,700,139.6219285674376,17.205866871256983,circular
932,1100,700,93.23908358884825,-85,-85,17.513155499392102,19.91435422725632,1350,700,156.82779543869458,17.205866871256983,circular
933,1100,700,93.23908358884825,-85,-85,24.33271141113945,24.78833704083229,1350,700,174.03366230995155,17.205866871256983,circular
934,1100,700,93.23908358884825,-85,-85,25.946643644493044,26.035130213615616,1350,700,191.23952918120852,17.205866871256983,circular
935,1100,700,93.23908358884825,-85,-85,25.859665714847075,25.684904084789977,1350,700,208.4453960524655,17.205866871256983,circular
936,1100,700,93.23908358884825,-85,-85,23.97102224645776,23.067302502757133,1350,700,225.65126292372247,17.205866871256983,circular
937,1100,700,93.23908358884825,-85,-85,11.50579409835762,-85,1350,700,242.85712979497944,17.205866871256983,circular
938,1100,700,93.23908358884825,-85,-85,-85,-85,1350,700,260.0629966662364,17.205866871256983,circular
939,1100,700,93.23908358884825,-85,-85,-85,-85,1350,700,277.2688635374934,17.205866871256983,circular
940,1100,700,93.23908358884825,-85,-85,-85,-85,1350,700,294.4747304087504,17.205866871256983,circular
941,1100,700,93.23908358884825,-85,-85,-85,-85,1350,700,311.6805972800074,17.205866871256983,circular
942,1100,700,93.23908358884825,-85,-85,-85,-85,1350,700,328.8864641512644,17.205866871256983,circular
943,1100,700,93.23908358884825,-85,-85,-85,-85,1350,700,346.0923310225214,17.205866871256983,circular
944,1100,700,93.23908358884825,-85,-85,-85,-85,1350,700,3.298197893778422,17.205866871256983,circular
945,1100,700,93.23908358884825,-85,-85,-85,-85,1350,700,20.504064765035405,17.205866871256983,circular
946,1100,700,93.23908358884825,-85,-85,-85,-85,1350,700,37.70993163629239,17.205866871256983,circular
947,1100,700,93.23908358884825,-85,-85,-85,-85,1350,700,54.91579850754937,17.205866871256983,circular
948,1100,700,93.23908358884825,-85,-85,-85,-85,1350,700,72.12166537880636,17.205866871256983,circular
949,1100,700,93.23908358884825,-85,-85,-85,-85,1350,700,89.32753225006334,17.205866871256983,circular
950,1100,700,93.23908358884825,-85,-85,-85,-85,1350,700,106.53339912132033,17.205866871256983,circular
951,1100,700,93.23908358884825,-85,-85,-85,-85,1350,700,123.73926599257732,17.205866871256983,circular
952,1100,700,93.23908358884825,-85,-85,-85,-85,1350,700,140.9451328638343,17.205866871256983,circular
953,1100,700,93.23908358884825,-85,-85,18.47430475951294,20.48098321025059,1350,700,158.15099973509126,17.205866871256983,circular
954,1100,700,93.23908358884825,-85,-85,24.495315191602927,24.92014212493214,1350,700,175.35686660634823,17.205866871256983,circular
955,1100,700,93.23908358884825,-85,-85,25.9816463993744,26.067010357935978,1350,700,192.5627334776052,17.205866871256983,circular
956,1100,700,93.23908358884825,-85,-85,25.807460623826316,25.536951728381826,1350,700,209.76860034886218,17.205866871256983,circular
957,1100,700,93.23908358884825,-85,-85,23.553218972269416,22.793695368992225,1350,700,226.97446722011915,17.205866871256983,circular
958,1100,700,93.23908358884825,-85,-85,-85,-85,1350,700,244.18033409137612,17.205866871256983,circular
959,1100,700,93.23908358884825,-85,-85,-85,-85,1350,700,261.3862009626331,17.205866871256983,circular
960,1100,700,93.23908358884825,-85,-85,-85,-85,1350,700,278.5920678338901,17.205866871256983,circular
961,1100,700,93.23908358884825,-85,-85,-85,-85,1350,700,295.7979347051471,17.205866871256983,circular
962,1100,700,93.23908358884825,-85,-85,-85,-85,1350,700,313.0038015764041,17.205866871256983,circular
963,1100,700,93.23908358884825,-85,-85,-85,-85,1350,700,330.2096684476611,17.205866871256983,circular
964,1100,700,93.23908358884825,-85,-85,-85,-85,1350,700,347.4155353189181,17.205866871256983,circular
965,1100,700,93.23908358884825,-85,-85,-85,-85,1350,700,4.621402190175104,17.205866871256983,circular
966,1100,700,93.23908358884825,-85,-85,-85,-85,1350,700,21.827269061432087,17.205866871256983,circular
967,1100,700,93.23908358884825,-85,-85,-85,-85,1350,700,39.03313593268907,17.205866871256983,circular
968,1100,700,93.23908358884825,-85,-85,-85,-85,1350,700,56.23900280394605,17.205866871256983,circular
969,1100,700,93.23908358884825,-85,-85,-85,-85,1350,700,73.44486967520304,17.205866871256983,circular
970,1100,700,93.23908358884825,-85,-85,-85,-85,1350,700,90.65073654646002,17.205866871256983,circular
971,1100,700,93.23908358884825,-85,-85,-85,-85,1350,700,107.85660341771701,17.205866871256983,circular
972,1100,700,93.23908358884825,-85,-85,-85,-85,1350,700,125.062470288974,17.205866871256983,circular
973,1100,700,93.23908358884825,-85,-85,-85,-85,1350,700,142.26833716023097,17.205866871256983,circular
974,1100,700,93.23908358884825,-85,-85,19.25639156218217,21.41811930585211,1350,700,159.47420403148794,17.205866871256983,circular
975,1100,700,93.23908358884825,-85,-85,24.646943359767004,25.157178905256924,1350,700,176.68007090274492,17.205866871256983,circular
976,1100,700,93.23908358884825,-85,-85,26.035130213615616,26.074956048612798,1350,700,193.8859377740019,17.205866871256983,circular
977,1100,700,93.23908358884825,-85,-85,25.684904084789977,25.452908776355446,1350,700,211.09180464525886,17.205866871256983,circular
978,1100,700,93.23908358884825,-85,-85,23.319699537123853,22.496022074683278,1350,700,228.29767151651583,17.205866871256983,circular
979,1100,700,93.23908358884825,-85,-85,-85,-85,1350,700,245.5035383877728,17.205866871256983,circular
980,1100,700,93.23908358884825,-85,-85,-85,-85,1350,700,262.7094052590298,17.205866871256983,circular
981,1100,700,93.23908358884825,-85,-85,-85,-85,1350,700,279.9152721302868,17.205866871256983,circular
982,1100,700,93.23908358884825,-85,-85,-85,-85,1350,700,297.1211390015438,17.205866871256983,circular
983,1100,700,93.23908358884825,-85,-85,-85,-85,1350,700,314.3270058728008,17.205866871256983,circular
984,1100,700,93.23908358884825,-85,-85,-85,-85,1350,700,331.5328727440578,17.205866871256983,circular
985,1100,700,93.23908358884825,-85,-85,-85,-85,1350,700,348.7387396153148,17.205866871256983,circular
986,1100,700,93.23908358884825,-85,-85,-85,-85,1350,700,5.944606486571786,17.205866871256983,circular
987,1100,700,93.23908358884825,-85,-85,-85,-85,1350,700,23.15047335782877,17.205866871256983,circular
988,1100,700,93.23908358884825,-85,-85,-85,-85,1350,700,40.35634022908575,17.205866871256983,circular
989,1100,700,93.23908358884825,-85,-85,-85,-85,1350,700,57.56220710034273,17.205866871256983,circular
990,1100,700,93.23908358884825,-85,-85,-85,-85,1350,700,74.76807397159972,17.205866871256983,circular
991,1100,700,93.23908358884825,-85,-85,-85,-85,1350,700,91.9739408428567,17.205866871256983,circular
992,1100,700,93.23908358884825,-85,-85,-85,-85,1350,700,109.1798077141137,17.205866871256983,circular
993,1100,700,93.23908358884825,-85,-85,-85,-85,1350,700,126.38567458537068,17.205866871256983,circular
994,1100,700,93.23908358884825,-85,-85,-85,-85,1350,700,143.59154145662765,17.205866871256983,circular
995,1100,700,93.23908358884825,-85,-85,20.48098321025059,21.813356630230874,1350,700,160.79740832788463,17.205866871256983,circular
996,1100,700,93.23908358884825,-85,-85,24.92014212493214,25.26334459461691,1350,700,178.0032751991416,17.205866871256983,circular
997,1100,700,93.23908358884825,-85,-85,26.053745949214605,26.077602459396946,1350,700,195.20914207039857,17.205866871256983,circular
998,1100,700,93.23908358884825,-85,-85,25.614204328866276,25.361807294499556,1350,700,212.41500894165554,17.205866871256983,circular
999,1100,700,93.23908358884825,-85,-85,23.067302502757133,21.81335663023087,1350,700,229.62087581291252,17.205866871256983,circular
