Tick,Aircraft X,Aircraft Y,Aircraft Heading,A1,A2,A3,A4,Radar X,Radar Y,Radar Azimuth,Radar RPM,Radar Scan Pattern
0,1100,700,345.37484390398623,-85,-85,-85,-85,1350,700,2.5989082737285685,14.0555414168264,circular
1,1100,700,345.37484390398623,-85,-85,-85,-85,1350,700,16.65444969055497,14.0555414168264,circular
2,1100,700,345.37484390398623,-85,-85,-85,-85,1350,700,30.70999110738137,14.0555414168264,circular
3,1100,700,345.37484390398623,-85,-85,-85,-85,1350,700,44.76553252420777,14.0555414168264,circular
4,1100,700,345.37484390398623,-85,-85,-85,-85,1350,700,58.82107394103417,14.0555414168264,circular
5,1100,700,345.37484390398623,-85,-85,-85,-85,1350,700,72.87661535786057,14.0555414168264,circular
6,1100,700,345.37484390398623,-85,-85,-85,-85,1350,700,86.93215677468697,14.0555414168264,circular
7,1100,700,345.37484390398623,-85,-85,-85,-85,1350,700,100.98769819151337,14.0555414168264,circular
8,1100,700,345.37484390398623,-85,-85,-85,-85,1350,700,115.04323960833977,14.0555414168264,circular
9,1100,700,345.37484390398623,-85,-85,-85,-85,1350,700,129.09878102516618,14.0555414168264,circular
10,1100,700,345.37484390398623,-85,-85,-85,-85,1350,700,143.15432244199258,14.0555414168264,circular
11,1100,700,345.37484390398623,21.41811930585211,-85,-85,19.91435422725632,1350,700,157.20986385881898,14.0555414168264,circular
12,1100,700,345.37484390398623,24.78833704083229,-85,-85,24.33271141113945,1350,700,171.26540527564538,14.0555414168264,circular
13,1100,700,345.37484390398623,25.946643644493044,-85,-85,25.80746062382631,1350,700,185.32094669247178,14.0555414168264,circular
14,1100,700,345.37484390398623,25.9816463993744,-85,-85,26.053745949214605,1350,700,199.37648810929818,14.0555414168264,circular
15,1100,700,345.37484390398623,24.92014212493214,-85,-85,25.263344594616918,1350,700,213.43202952612458,14.0555414168264,circular
16,1100,700,345.37484390398623,21.81335663023087,-85,-85,22.793695368992225,1350,700,227.48757094295098,14.0555414168264,circular
17,1100,700,345.37484390398623,-85,-85,-85,-85,1350,700,241.54311235977738,14.0555414168264,circular
18,1100,700,345.37484390398623,-85,-85,-85,-85,1350,700,255.59865377660378,14.0555414168264,circular
19,1100,700,345.37484390398623,-85,-85,-85,-85,1350,700,269.65419519343016,14.0555414168264,circular
20,1100,700,345.37484390398623,-85,-85,-85,-85,1350,700,283.7097366102565,14.0555414168264,circular
21,1100,700,345.37484390398623,-85,-85,-85,-85,1350,700,297.7652780270829,14.0555414168264,circular
22,1100,700,345.37484390398623,-85,-85,-85,-85,1350,700,311.8208194439093,14.0555414168264,circular
23,1100,700,345.37484390398623,-85,-85,-85,-85,1350,700,325.87636086073564,14.0555414168264,circular
24,1100,700,345.37484390398623,-85,-85,-85,-85,1350,700,339.931902277562,14.0555414168264,circular
25,1100,700,345.37484390398623,-85,-85,-85,-85,1350,700,353.9874436943884,14.0555414168264,circular
26,1100,700,345.37484390398623,-85,-85,-85,-85,1350,700,8.042985111214762,14.0555414168264,circular
27,1100,700,345.37484390398623,-85,-85,-85,-85,1350,700,22.098526528041162,14.0555414168264,circular
28,1100,700,345.37484390398623,-85,-85,-85,-85,1350,700,36.15406794486756,14.0555414168264,circular
29,1100,700,345.37484390398623,-85,-85,-85,-85,1350,700,50.209609361693964,14.0555414168264,circular
30,1100,700,345.37484390398623,-85,-85,-85,-85,1350,700,64.26515077852036,14.0555414168264,circular
31,1100,700,345.37484390398623,-85,-85,-85,-85,1350,700,78.32069219534677,14.0555414168264,circular
32,1100,700,345.37484390398623,-85,-85,-85,-85,1350,700,92.37623361217317,14.0555414168264,circular
33,1100,700,345.37484390398623,-85,-85,-85,-85,1350,700,106.43177502899957,14.0555414168264,circular
34,1100,700,345.37484390398623,-85,-85,-85,-85,1350,700,120.48731644582597,14.0555414168264,circular
35,1100,700,345.37484390398623,-85,-85,-85,-85,1350,700,134.54285786265237,14.0555414168264,circular
36,1100,700,345.37484390398623,11.505794098357505,-85,-85,-85,1350,700,148.59839927947877,14.0555414168264,circular
37,1100,700,345.37484390398623,23.06730250275713,-85,-85,22.170735458799452,1350,700,162.65394069630517,14.0555414168264,circular
38,1100,700,345.37484390398623,25.36180729449956,-85,-85,25.042923900792417,1350,700,176.70948211313157,14.0555414168264,circular
39,1100,700,345.37484390398623,26.067010357935978,-85,-85,26.011117049096303,1350,700,190.76502352995797,14.0555414168264,circular
40,1100,700,345.37484390398623,25.7492610641292,-85,-85,25.906018829630398,1350,700,204.82056494678437,14.0555414168264,circular
41,1100,700,345.37484390398623,23.97102224645776,-85,-85,24.646943359767004,1350,700,218.87610636361077,14.0555414168264,circular
42,1100,700,345.37484390398623,18.474304759512954,-85,-85,20.97742610025735,1350,700,232.93164778043717,14.0555414168264,circular
43,1100,700,345.37484390398623,-85,-85,-85,-85,1350,700,246.98718919726358,14.0555414168264,circular
44,1100,700,345.37484390398623,-85,-85,-85,-85,1350,700,261.04273061409,14.0555414168264,circular
45,1100,700,345.37484390398623,-85,-85,-85,-85,1350,700,275.0982720309164,14.0555414168264,circular
46,1100,700,345.37484390398623,-85,-85,-85,-85,1350,700,289.1538134477428,14.0555414168264,circular
47,1100,700,345.37484390398623,-85,-85,-85,-85,1350,700,303.20935486456915,14.0555414168264,circular
48,1100,700,345.37484390398623,-85,-85,-85,-85,1350,700,317.2648962813955,14.0555414168264,circular
49,1100,700,345.37484390398623,-85,-85,-85,-85,1350,700,331.3204376982219,14.0555414168264,circular
50,1100,700,345.37484390398623,-85,-85,-85,-85,1350,700,345.37597911504827,14.0555414168264,circular
51,1100,700,345.37484390398623,-85,-85,-85,-85,1350,700,359.43152053187464,14.0555414168264,circular
52,1100,700,345.37484390398623,-85,-85,-85,-85,1350,700,13.487061948701012,14.0555414168264,circular
53,1100,700,345.37484390398623,-85,-85,-85,-85,1350,700,27.542603365527413,14.0555414168264,circular
54,1100,700,345.37484390398623,-85,-85,-85,-85,1350,700,41.59814478235381,14.0555414168264,circular
55,1100,700,345.37484390398623,-85,-85,-85,-85,1350,700,55.653686199180214,14.0555414168264,circular
56,1100,700,345.37484390398623,-85,-85,-85,-85,1350,700,69.70922761600661,14.0555414168264,circular
57,1100,700,345.37484390398623,-85,-85,-85,-85,1350,700,83.76476903283302,14.0555414168264,circular
58,1100,700,345.37484390398623,-85,-85,-85,-85,1350,700,97.82031044965942,14.0555414168264,circular
59,1100,700,345.37484390398623,-85,-85,-85,-85,1350,700,111.87585186648582,14.0555414168264,circular
60,1100,700,345.37484390398623,-85,-85,-85,-85,1350,700,125.93139328331222,14.0555414168264,circular
61,1100,700,345.37484390398623,-85,-85,-85,-85,1350,700,139.98693470013862,14.0555414168264,circular
62,1100,700,345.37484390398623,19.91435422725632,-85,-85,16.269948115724727,1350,700,154.04247611696502,14.0555414168264,circular
63,1100,700,345.37484390398623,24.33271141113945,-85,-85,23.769789312347285,1350,700,168.09801753379142,14.0555414168264,circular
64,1100,700,345.37484390398623,25.80746062382631,-85,-85,25.614204328866276,1350,700,182.15355895061782,14.0555414168264,circular
65,1100,700,345.37484390398623,26.053745949214605,-85,-85,26.077602459396946,1350,700,196.20910036744422,14.0555414168264,circular
66,1100,700,345.37484390398623,25.263344594616918,-85,-85,25.536951728381826,1350,700,210.26464178427062,14.0555414168264,circular
67,1100,700,345.37484390398623,22.793695368992225,-85,-85,23.553218972269416,1350,700,224.32018320109702,14.0555414168264,circular
68,1100,700,345.37484390398623,-85,-85,-85,16.269948115724716,1350,700,238.37572461792342,14.0555414168264,circular
69,1100,700,345.37484390398623,-85,-85,-85,-85,1350,700,252.43126603474983,14.0555414168264,circular
70,1100,700,345.37484390398623,-85,-85,-85,-85,1350,700,266.4868074515762,14.0555414168264,circular
71,1100,700,345.37484390398623,-85,-85,-85,-85,1350,700,280.54234886840266,14.0555414168264,circular
72,1100,700,345.37484390398623,-85,-85,-85,-85,1350,700,294.597890285229,14.0555414168264,circular
73,1100,700,345.37484390398623,-85,-85,-85,-85,1350,700,308.6534317020554,14.0555414168264,circular
74,1100,700,345.37484390398623,-85,-85,-85,-85,1350,700,322.7089731188818,14.0555414168264,circular
75,1100,700,345.37484390398623,-85,-85,-85,-85,1350,700,336.76451453570814,14.0555414168264,circular
76,1100,700,345.37484390398623,-85,-85,-85,-85,1350,700,350.8200559525345,14.0555414168264,circular
77,1100,700,345.37484390398623,-85,-85,-85,-85,1350,700,4.875597369360889,14.0555414168264,circular
78,1100,700,345.37484390398623,-85,-85,-85,-85,1350,700,18.93113878618729,14.0555414168264,circular
79,1100,700,345.37484390398623,-85,-85,-85,-85,1350,700,32.98668020301369,14.0555414168264,circular
80,1100,700,345.37484390398623,-85,-85,-85,-85,1350,700,47.04222161984009,14.0555414168264,circular
81,1100,700,345.37484390398623,-85,-85,-85,-85,1350,700,61.09776303666649,14.0555414168264,circular
82,1100,700,345.37484390398623,-85,-85,-85,-85,1350,700,75.1533044534929,14.0555414168264,circular
83,1100,700,345.37484390398623,-85,-85,-85,-85,1350,700,89.2088458703193,14.0555414168264,circular
84,1100,700,345.37484390398623,-85,-85,-85,-85,1350,700,103.2643872871457,14.0555414168264,circular
85,1100,700,345.37484390398623,-85,-85,-85,-85,1350,700,117.3199287039721,14.0555414168264,circular
86,1100,700,345.37484390398623,-85,-85,-85,-85,1350,700,131.3754701207985,14.0555414168264,circular
87,1100,700,345.37484390398623,-85,-85,-85,-85,1350,700,145.4310115376249,14.0555414168264,circular
88,1100,700,345.37484390398623,22.170735458799452,-85,-85,20.97742610025734,1350,700,159.4865529544513,14.0555414168264,circular
89,1100,700,345.37484390398623,25.042923900792417,-85,-85,24.646943359767004,1350,700,173.5420943712777,14.0555414168264,circular
90,1100,700,345.37484390398623,26.011117049096303,-85,-85,25.906018829630398,1350,700,187.5976357881041,14.0555414168264,circular
91,1100,700,345.37484390398623,25.906018829630398,-85,-85,26.011117049096303,1350,700,201.6531772049305,14.0555414168264,circular
92,1100,700,345.37484390398623,24.646943359767004,-85,-85,25.042923900792417,1350,700,215.7087186217569,14.0555414168264,circular
93,1100,700,345.37484390398623,20.97742610025735,-85,-85,22.170735458799452,1350,700,229.7642600385833,14.0555414168264,circular
94,1100,700,345.37484390398623,-85,-85,-85,-85,1350,700,243.8198014554097,14.0555414168264,circular
95,1100,700,345.37484390398623,-85,-85,-85,-85,1350,700,257.8753428722361,14.0555414168264,circular
96,1100,700,345.37484390398623,-85,-85,-85,-85,1350,700,271.93088428906253,14.0555414168264,circular
97,1100,700,345.37484390398623,-85,-85,-85,-85,1350,700,285.9864257058889,14.0555414168264,circular
98,1100,700,345.37484390398623,-85,-85,-85,-85,1350,700,300.0419671227153,14.0555414168264,circular
99,1100,700,345.37484390398623,-85,-85,-85,-85,1350,700,314.09750853954165,14.0555414168264,circular
100,1100,700,345.37484390398623,-85,-85,-85,-85,1350,700,328.153049956368,14.0555414168264,circular
101,1100,700,345.37484390398623,-85,-85,-85,-85,1350,700,342.2085913731944,14.0555414168264,circular
102,1100,700,345.37484390398623,-85,-85,-85,-85,1350,700,356.26413279002077,14.0555414168264,circular
103,1100,700,345.37484390398623,-85,-85,-85,-85,1350,700,10.31967420684714,14.0555414168264,circular
104,1100,700,345.37484390398623,-85,-85,-85,-85,1350,700,24.37521562367354,14.0555414168264,circular
105,1100,700,345.37484390398623,-85,-85,-85,-85,1350,700,38.43075704049994,14.0555414168264,circular
106,1100,700,345.37484390398623,-85,-85,-85,-85,1350,700,52.48629845732634,14.0555414168264,circular
107,1100,700,345.37484390398623,-85,-85,-85,-85,1350,700,66.54183987415274,14.0555414168264,circular
108,1100,700,345.37484390398623,-85,-85,-85,-85,1350,700,80.59738129097914,14.0555414168264,circular
109,1100,700,345.37484390398623,-85,-85,-85,-85,1350,700,94.65292270780554,14.0555414168264,circular
110,1100,700,345.37484390398623,-85,-85,-85,-85,1350,700,108.70846412463194,14.0555414168264,circular
111,1100,700,345.37484390398623,-85,-85,-85,-85,1350,700,122.76400554145835,14.0555414168264,circular
112,1100,700,345.37484390398623,-85,-85,-85,-85,1350,700,136.81954695828475,14.0555414168264,circular
113,1100,700,345.37484390398623,17.513155499392102,-85,-85,-85,1350,700,150.87508837511115,14.0555414168264,circular
114,1100,700,345.37484390398623,23.769789312347285,-85,-85,22.793695368992218,1350,700,164.93062979193755,14.0555414168264,circular
115,1100,700,345.37484390398623,25.614204328866276,-85,-85,25.26334459461691,1350,700,178.98617120876395,14.0555414168264,circular
116,1100,700,345.37484390398623,26.077602459396946,-85,-85,26.053745949214605,1350,700,193.04171262559035,14.0555414168264,circular
117,1100,700,345.37484390398623,25.536951728381826,-85,-85,25.7492610641292,1350,700,207.09725404241675,14.0555414168264,circular
118,1100,700,345.37484390398623,23.553218972269416,-85,-85,24.1582774269213,1350,700,221.15279545924315,14.0555414168264,circular
119,1100,700,345.37484390398623,16.269948115724716,-85,-85,19.25639156218219,1350,700,235.20833687606955,14.0555414168264,circular
120,1100,700,345.37484390398623,-85,-85,-85,-85,1350,700,249.26387829289595,14.0555414168264,circular
121,1100,700,345.37484390398623,-85,-85,-85,-85,1350,700,263.31941970972235,14.0555414168264,circular
122,1100,700,345.37484390398623,-85,-85,-85,-85,1350,700,277.3749611265488,14.0555414168264,circular
123,1100,700,345.37484390398623,-85,-85,-85,-85,1350,700,291.43050254337516,14.0555414168264,circular
124,1100,700,345.37484390398623,-85,-85,-85,-85,1350,700,305.4860439602015,14.0555414168264,circular
125,1100,700,345.37484390398623,-85,-85,-85,-85,1350,700,319.5415853770279,14.0555414168264,circular
126,1100,700,345.37484390398623,-85,-85,-85,-85,1350,700,333.5971267938543,14.0555414168264,circular
127,1100,700,345.37484390398623,-85,-85,-85,-85,1350,700,347.65266821068064,14.0555414168264,circular
128,1100,700,345.37484390398623,-85,-85,-85,-85,1350,700,1.708209627507017,14.0555414168264,circular
129,1100,700,345.37484390398623,-85,-85,-85,-85,1350,700,15.763751044333418,14.0555414168264,circular
130,1100,700,345.37484390398623,-85,-85,-85,-85,1350,700,29.81929246115982,14.0555414168264,circular
131,1100,700,345.37484390398623,-85,-85,-85,-85,1350,700,43.87483387798622,14.0555414168264,circular
132,1100,700,345.37484390398623,-85,-85,-85,-85,1350,700,57.93037529481262,14.0555414168264,circular
133,1100,700,345.37484390398623,-85,-85,-85,-85,1350,700,71.98591671163902,14.0555414168264,circular
134,1100,700,345.37484390398623,-85,-85,-85,-85,1350,700,86.04145812846542,14.0555414168264,circular
135,1100,700,345.37484390398623,-85,-85,-85,-85,1350,700,100.09699954529182,14.0555414168264,circular
136,1100,700,345.37484390398623,-85,-85,-85,-85,1350,700,114.15254096211822,14.0555414168264,circular
137,1100,700,345.37484390398623,-85,-85,-85,-85,1350,700,128.20808237894462,14.0555414168264,circular
138,1100,700,345.37484390398623,-85,-85,-85,-85,1350,700,142.26362379577103,14.0555414168264,circular
139,1100,700,345.37484390398623,20.97742610025734,-85,-85,19.25639156218217,1350,700,156.31916521259743,14.0555414168264,circular
140,1100,700,345.37484390398623,24.646943359767004,-85,-85,24.1582774269213,1350,700,170.37470662942383,14.0555414168264,circular
141,1100,700,345.37484390398623,25.906018829630398,-85,-85,25.7492610641292,1350,700,184.43024804625023,14.0555414168264,circular
142,1100,700,345.37484390398623,26.011117049096303,-85,-85,26.067010357935978,1350,700,198.48578946307663,14.0555414168264,circular
143,1100,700,345.37484390398623,25.042923900792417,-85,-85,25.361807294499556,1350,700,212.54133087990303,14.0555414168264,circular
144,1100,700,345.37484390398623,22.170735458799452,-85,-85,23.067302502757133,1350,700,226.59687229672943,14.0555414168264,circular
145,1100,700,345.37484390398623,-85,-85,-85,11.50579409835762,1350,700,240.65241371355583,14.0555414168264,circular
146,1100,700,345.37484390398623,-85,-85,-85,-85,1350,700,254.70795513038223,14.0555414168264,circular
147,1100,700,345.37484390398623,-85,-85,-85,-85,1350,700,268.76349654720866,14.0555414168264,circular
148,1100,700,345.37484390398623,-85,-85,-85,-85,1350,700,282.81903796403503,14.0555414168264,circular
149,1100,700,345.37484390398623,-85,-85,-85,-85,1350,700,296.8745793808614,14.0555414168264,circular
150,1100,700,345.37484390398623,-85,-85,-85,-85,1350,700,310.9301207976878,14.0555414168264,circular
151,1100,700,345.37484390398623,-85,-85,-85,-85,1350,700,324.98566221451415,14.0555414168264,circular
152,1100,700,345.37484390398623,-85,-85,-85,-85,1350,700,339.0412036313405,14.0555414168264,circular
153,1100,700,345.37484390398623,-85,-85,-85,-85,1350,700,353.0967450481669,14.0555414168264,circular
154,1100,700,345.37484390398623,-85,-85,-85,-85,1350,700,7.152286464993267,14.0555414168264,circular
155,1100,700,345.37484390398623,-85,-85,-85,-85,1350,700,21.207827881819668,14.0555414168264,circular
156,1100,700,345.37484390398623,-85,-85,-85,-85,1350,700,35.26336929864607,14.0555414168264,circular
157,1100,700,345.37484390398623,-85,-85,-85,-85,1350,700,49.31891071547247,14.0555414168264,circular
158,1100,700,345.37484390398623,-85,-85,-85,-85,1350,700,63.37445213229887,14.0555414168264,circular
159,1100,700,345.37484390398623,-85,-85,-85,-85,1350,700,77.42999354912527,14.0555414168264,circular
160,1100,700,345.37484390398623,-85,-85,-85,-85,1350,700,91.48553496595167,14.0555414168264,circular
161,1100,700,345.37484390398623,-85,-85,-85,-85,1350,700,105.54107638277807,14.0555414168264,circular
162,1100,700,345.37484390398623,-85,-85,-85,-85,1350,700,119.59661779960447,14.0555414168264,circular
163,1100,700,345.37484390398623,-85,-85,-85,-85,1350,700,133.65215921643087,14.0555414168264,circular
164,1100,700,345.37484390398623,-85,-85,-85,-85,1350,700,147.70770063325728,14.0555414168264,circular
165,1100,700,345.37484390398623,22.793695368992218,-85,-85,21.813356630230874,1350,700,161.76324205008368,14.0555414168264,circular
166,1100,700,345.37484390398623,25.26334459461691,-85,-85,24.92014212493214,1350,700,175.81878346691008,14.0555414168264,circular
167,1100,700,345.37484390398623,26.067010357935978,-85,-85,25.9816463993744,1350,700,189.87432488373648,14.0555414168264,circular
168,1100,700,345.37484390398623,25.7492610641292,-85,-85,25.946643644493044,1350,700,203.92986630056288,14.0555414168264,circular
169,1100,700,345.37484390398623,24.1582774269213,-85,-85,24.788337040832293,1350,700,217.98540771738928,14.0555414168264,circular
170,1100,700,345.37484390398623,19.25639156218219,-85,-85,21.418119305852123,1350,700,232.04094913421568,14.0555414168264,circular
171,1100,700,345.37484390398623,-85,-85,-85,-85,1350,700,246.09649055104208,14.0555414168264,circular
172,1100,700,345.37484390398623,-85,-85,-85,-85,1350,700,260.1520319678685,14.0555414168264,circular
173,1100,700,345.37484390398623,-85,-85,-85,-85,1350,700,274.2075733846949,14.0555414168264,circular
174,1100,700,345.37484390398623,-85,-85,-85,-85,1350,700,288.2631148015213,14.0555414168264,circular
175,1100,700,345.37484390398623,-85,-85,-85,-85,1350,700,302.31865621834766,14.0555414168264,circular
176,1100,700,345.37484390398623,-85,-85,-85,-85,1350,700,316.374197635174,14.0555414168264,circular
177,1100,700,345.37484390398623,-85,-85,-85,-85,1350,700,330.4297390520004,14.0555414168264,circular
178,1100,700,345.37484390398623,-85,-85,-85,-85,1350,700,344.4852804688268,14.0555414168264,circular
179,1100,700,345.37484390398623,-85,-85,-85,-85,1350,700,358.54082188565314,14.0555414168264,circular
180,1100,700,345.37484390398623,-85,-85,-85,-85,1350,700,12.596363302479517,14.0555414168264,circular
181,1100,700,345.37484390398623,-85,-85,-85,-85,1350,700,26.651904719305918,14.0555414168264,circular
182,1100,700,345.37484390398623,-85,-85,-85,-85,1350,700,40.70744613613232,14.0555414168264,circular
183,1100,700,345.37484390398623,-85,-85,-85,-85,1350,700,54.76298755295872,14.0555414168264,circular
184,1100,700,345.37484390398623,-85,-85,-85,-85,1350,700,68.81852896978512,14.0555414168264,circular
185,1100,700,345.37484390398623,-85,-85,-85,-85,1350,700,82.87407038661152,14.0555414168264,circular
186,1100,700,345.37484390398623,-85,-85,-85,-85,1350,700,96.92961180343792,14.0555414168264,circular
187,1100,700,345.37484390398623,-85,-85,-85,-85,1350,700,110.98515322026432,14.0555414168264,circular
188,1100,700,345.37484390398623,-85,-85,-85,-85,1350,700,125.04069463709072,14.0555414168264,circular
189,1100,700,345.37484390398623,-85,-85,-85,-85,1350,700,139.09623605391712,14.0555414168264,circular
190,1100,700,345.37484390398623,19.25639156218217,-85,-85,16.269948115724727,1350,700,153.15177747074353,14.0555414168264,circular
191,1100,700,345.37484390398623,24.1582774269213,-85,-85,23.553218972269416,1350,700,167.20731888756993,14.0555414168264,circular
192,1100,700,345.37484390398623,25.7492610641292,-85,-85,25.536951728381826,1350,700,181.26286030439633,14.0555414168264,circular
193,1100,700,345.37484390398623,26.067010357935978,-85,-85,26.077602459396946,1350,700,195.31840172122273,14.0555414168264,circular
194,1100,700,345.37484390398623,25.361807294499556,-85,-85,25.614204328866276,1350,700,209.37394313804913,14.0555414168264,circular
195,1100,700,345.37484390398623,23.067302502757133,-85,-85,23.769789312347285,1350,700,223.42948455487553,14.0555414168264,circular
196,1100,700,345.37484390398623,11.50579409835762,-85,-85,17.51315549939211,1350,700,237.48502597170193,14.0555414168264,circular
197,1100,700,345.37484390398623,-85,-85,-85,-85,1350,700,251.54056738852833,14.0555414168264,circular
198,1100,700,345.37484390398623,-85,-85,-85,-85,1350,700,265.59610880535473,14.0555414168264,circular
199,1100,700,345.37484390398623,-85,-85,-85,-85,1350,700,279.65165022218116,14.0555414168264,circular
200,1100,700,345.37484390398623,-85,-85,-85,-85,1350,700,293.70719163900753,14.0555414168264,circular
201,1100,700,345.37484390398623,-85,-85,-85,-85,1350,700,307.7627330558339,14.0555414168264,circular
202,1100,700,345.37484390398623,-85,-85,-85,-85,1350,700,321.8182744726603,14.0555414168264,circular
203,1100,700,345.37484390398623,-85,-85,-85,-85,1350,700,335.87381588948665,14.0555414168264,circular
204,1100,700,345.37484390398623,-85,-85,-85,-85,1350,700,349.929357306313,14.0555414168264,circular
205,1100,700,345.37484390398623,-85,-85,-85,-85,1350,700,3.984898723139395,14.0555414168264,circular
206,1100,700,345.37484390398623,-85,-85,-85,-85,1350,700,18.040440139965796,14.0555414168264,circular
207,1100,700,345.37484390398623,-85,-85,-85,-85,1350,700,32.095981556792196,14.0555414168264,circular
208,1100,700,345.37484390398623,-85,-85,-85,-85,1350,700,46.1515229736186,14.0555414168264,circular
209,1100,700,345.37484390398623,-85,-85,-85,-85,1350,700,60.207064390445,14.0555414168264,circular
210,1100,700,345.37484390398623,-85,-85,-85,-85,1350,700,74.2626058072714,14.0555414168264,circular
211,1100,700,345.37484390398623,-85,-85,-85,-85,1350,700,88.3181472240978,14.0555414168264,circular
212,1100,700,345.37484390398623,-85,-85,-85,-85,1350,700,102.3736886409242,14.0555414168264,circular
213,1100,700,345.37484390398623,-85,-85,-85,-85,1350,700,116.4292300577506,14.0555414168264,circular
214,1100,700,345.37484390398623,-85,-85,-85,-85,1350,700,130.484771474577,14.0555414168264,circular
215,1100,700,345.37484390398623,-85,-85,-85,-85,1350,700,144.5403128914034,14.0555414168264,circular
216,1100,700,345.37484390398623,21.813356630230874,-85,-85,20.48098321025059,1350,700,158.5958543082298,14.0555414168264,circular
217,1100,700,345.37484390398623,24.92014212493214,-85,-85,24.495315191602927,1350,700,172.6513957250562,14.0555414168264,circular
218,1100,700,345.37484390398623,25.9816463993744,-85,-85,25.859665714847075,1350,700,186.7069371418826,14.0555414168264,circular
219,1100,700,345.37484390398623,25.946643644493044,-85,-85,26.035130213615616,1350,700,200.762478558709,14.0555414168264,circular
220,1100,700,345.37484390398623,24.788337040832293,-85,-85,25.157178905256924,1350,700,214.8180199755354,14.0555414168264,circular
221,1100,700,345.37484390398623,20.97742610025735,-85,-85,22.496022074683278,1350,700,228.8735613923618,14.0555414168264,circular
222,1100,700,345.37484390398623,-85,-85,-85,-85,1350,700,242.9291028091882,14.0555414168264,circular
223,1100,700,345.37484390398623,-85,-85,-85,-85,1350,700,256.9846442260146,14.0555414168264,circular
224,1100,700,345.37484390398623,-85,-85,-85,-85,1350,700,271.04018564284104,14.0555414168264,circular
225,1100,700,345.37484390398623,-85,-85,-85,-85,1350,700,285.0957270596674,14.0555414168264,circular
226,1100,700,345.37484390398623,-85,-85,-85,-85,1350,700,299.1512684764938,14.0555414168264,circular
227,1100,700,345.37484390398623,-85,-85,-85,-85,1350,700,313.20680989332016,14.0555414168264,circular
228,1100,700,345.37484390398623,-85,-85,-85,-85,1350,700,327.2623513101465,14.0555414168264,circular
229,1100,700,345.37484390398623,-85,-85,-85,-85,1350,700,341.3178927269729,14.0555414168264,circular
230,1100,700,345.37484390398623,-85,-85,-85,-85,1350,700,355.3734341437993,14.0555414168264,circular
231,1100,700,345.37484390398623,-85,-85,-85,-85,1350,700,9.428975560625645,14.0555414168264,circular
232,1100,700,345.37484390398623,-85,-85,-85,-85,1350,700,23.484516977452046,14.0555414168264,circular
233,1100,700,345.37484390398623,-85,-85,-85,-85,1350,700,37.54005839427845,14.0555414168264,circular
234,1100,700,345.37484390398623,-85,-85,-85,-85,1350,700,51.59559981110485,14.0555414168264,circular
235,1100,700,345.37484390398623,-85,-85,-85,-85,1350,700,65.65114122793125,14.0555414168264,circular
236,1100,700,345.37484390398623,-85,-85,-85,-85,1350,700,79.70668264475765,14.0555414168264,circular
237,1100,700,345.37484390398623,-85,-85,-85,-85,1350,700,93.76222406158405,14.0555414168264,circular
238,1100,700,345.37484390398623,-85,-85,-85,-85,1350,700,107.81776547841045,14.0555414168264,circular
239,1100,700,345.37484390398623,-85,-85,-85,-85,1350,700,121.87330689523685,14.0555414168264,circular
240,1100,700,345.37484390398623,-85,-85,-85,-85,1350,700,135.92884831206325,14.0555414168264,circular
241,1100,700,345.37484390398623,16.269948115724727,-85,-85,-85,1350,700,149.98438972888965,14.0555414168264,circular
242,1100,700,345.37484390398623,23.553218972269416,-85,-85,22.496022074683278,1350,700,164.03993114571605,14.0555414168264,circular
243,1100,700,345.37484390398623,25.536951728381826,-85,-85,25.26334459461691,1350,700,178.09547256254245,14.0555414168264,circular
244,1100,700,345.37484390398623,26.077602459396946,-85,-85,26.053745949214605,1350,700,192.15101397936886,14.0555414168264,circular
245,1100,700,345.37484390398623,25.614204328866276,-85,-85,25.807460623826316,1350,700,206.20655539619526,14.0555414168264,circular
246,1100,700,345.37484390398623,23.769789312347285,-85,-85,24.332711411139446,1350,700,220.26209681302166,14.0555414168264,circular
247,1100,700,345.37484390398623,17.51315549939211,-85,-85,19.914354227256315,1350,700,234.31763822984806,14.0555414168264,circular
248,1100,700,345.37484390398623,-85,-85,-85,-85,1350,700,248.37317964667446,14.0555414168264,circular
249,1100,700,345.37484390398623,-85,-85,-85,-85,1350,700,262.42872106350086,14.0555414168264,circular
250,1100,700,345.37484390398623,-85,-85,-85,-85,1350,700,276.4842624803273,14.0555414168264,circular
251,1100,700,345.37484390398623,-85,-85,-85,-85,1350,700,290.53980389715366,14.0555414168264,circular
252,1100,700,345.37484390398623,-85,-85,-85,-85,1350,700,304.59534531398003,14.0555414168264,circular
253,1100,700,345.37484390398623,-85,-85,-85,-85,1350,700,318.6508867308064,14.0555414168264,circular
254,1100,700,345.37484390398623,-85,-85,-85,-85,1350,700,332.7064281476328,14.0555414168264,circular
255,1100,700,345.37484390398623,-85,-85,-85,-85,1350,700,346.76196956445915,14.0555414168264,circular
256,1100,700,345.37484390398623,-85,-85,-85,-85,1350,700,0.8175109812855226,14.0555414168264,circular
257,1100,700,345.37484390398623,-85,-85,-85,-85,1350,700,14.873052398111923,14.0555414168264,circular
258,1100,700,345.37484390398623,-85,-85,-85,-85,1350,700,28.928593814938324,14.0555414168264,circular
259,1100,700,345.37484390398623,-85,-85,-85,-85,1350,700,42.984135231764725,14.0555414168264,circular
260,1100,700,345.37484390398623,-85,-85,-85,-85,1350,700,57.039676648591126,14.0555414168264,circular
261,1100,700,345.37484390398623,-85,-85,-85,-85,1350,700,71.09521806541753,14.0555414168264,circular
262,1100,700,345.37484390398623,-85,-85,-85,-85,1350,700,85.15075948224393,14.0555414168264,circular
263,1100,700,345.37484390398623,-85,-85,-85,-85,1350,700,99.20630089907033,14.0555414168264,circular
264,1100,700,345.37484390398623,-85,-85,-85,-85,1350,700,113.26184231589673,14.0555414168264,circular
265,1100,700,345.37484390398623,-85,-85,-85,-85,1350,700,127.31738373272313,14.0555414168264,circular
266,1100,700,345.37484390398623,-85,-85,-85,-85,1350,700,141.37292514954953,14.0555414168264,circular
267,1100,700,345.37484390398623,20.48098321025059,-85,-85,18.47430475951294,1350,700,155.42846656637593,14.0555414168264,circular
268,1100,700,345.37484390398623,24.495315191602927,-85,-85,23.971022246457757,1350,700,169.48400798320233,14.0555414168264,circular
269,1100,700,345.37484390398623,25.859665714847075,-85,-85,25.684904084789974,1350,700,183.53954940002873,14.0555414168264,circular
270,1100,700,345.37484390398623,26.035130213615616,-85,-85,26.074956048612798,1350,700,197.59509081685513,14.0555414168264,circular
271,1100,700,345.37484390398623,25.157178905256924,-85,-85,25.452908776355446,1350,700,211.65063223368153,14.0555414168264,circular
272,1100,700,345.37484390398623,22.496022074683278,-85,-85,23.319699537123853,1350,700,225.70617365050794,14.0555414168264,circular
273,1100,700,345.37484390398623,-85,-85,-85,14.513447644213265,1350,700,239.76171506733434,14.0555414168264,circular
274,1100,700,345.37484390398623,-85,-85,-85,-85,1350,700,253.81725648416074,14.0555414168264,circular
275,1100,700,345.37484390398623,-85,-85,-85,-85,1350,700,267.87279790098717,14.0555414168264,circular
276,1100,700,345.37484390398623,-85,-85,-85,-85,1350,700,281.92833931781354,14.0555414168264,circular
277,1100,700,345.37484390398623,-85,-85,-85,-85,1350,700,295.9838807346399,14.0555414168264,circular
278,1100,700,345.37484390398623,-85,-85,-85,-85,1350,700,310.0394221514663,14.0555414168264,circular
279,1100,700,345.37484390398623,-85,-85,-85,-85,1350,700,324.09496356829266,14.0555414168264,circular
280,1100,700,345.37484390398623,-85,-85,-85,-85,1350,700,338.150504985119,14.0555414168264,circular
281,1100,700,345.37484390398623,-85,-85,-85,-85,1350,700,352.2060464019454,14.0555414168264,circular
282,1100,700,345.37484390398623,-85,-85,-85,-85,1350,700,6.261587818771773,14.0555414168264,circular
283,1100,700,345.37484390398623,-85,-85,-85,-85,1350,700,20.317129235598173,14.0555414168264,circular
284,1100,700,345.37484390398623,-85,-85,-85,-85,1350,700,34.372670652424574,14.0555414168264,circular
285,1100,700,345.37484390398623,-85,-85,-85,-85,1350,700,48.428212069250975,14.0555414168264,circular
286,1100,700,345.37484390398623,-85,-85,-85,-85,1350,700,62.483753486077376,14.0555414168264,circular
287,1100,700,345.37484390398623,-85,-85,-85,-85,1350,700,76.53929490290378,14.0555414168264,circular
288,1100,700,345.37484390398623,-85,-85,-85,-85,1350,700,90.59483631973018,14.0555414168264,circular
289,1100,700,345.37484390398623,-85,-85,-85,-85,1350,700,104.65037773655658,14.0555414168264,circular
290,1100,700,345.37484390398623,-85,-85,-85,-85,1350,700,118.70591915338298,14.0555414168264,circular
291,1100,700,345.37484390398623,-85,-85,-85,-85,1350,700,132.76146057020938,14.0555414168264,circular
292,1100,700,345.37484390398623,-85,-85,-85,-85,1350,700,146.81700198703578,14.0555414168264,circular
293,1100,700,345.37484390398623,22.793695368992218,-85,-85,21.41811930585211,1350,700,160.87254340386218,14.0555414168264,circular
294,1100,700,345.37484390398623,25.26334459461691,-85,-85,24.78833704083229,1350,700,174.92808482068858,14.0555414168264,circular
295,1100,700,345.37484390398623,26.053745949214605,-85,-85,25.946643644493044,1350,700,188.98362623751498,14.0555414168264,circular
296,1100,700,345.37484390398623,25.807460623826316,-85,-85,25.9816463993744,1350,700,203.03916765434138,14.0555414168264,circular
297,1100,700,345.37484390398623,24.332711411139446,-85,-85,24.788337040832293,1350,700,217.09470907116778,14.0555414168264,circular
298,1100,700,345.37484390398623,19.914354227256315,-85,-85,21.418119305852123,1350,700,231.15025048799419,14.0555414168264,circular
299,1100,700,345.37484390398623,-85,-85,-85,-85,1350,700,245.2057919048206,14.0555414168264,circular
300,1100,700,345.37484390398623,-85,-85,-85,-85,1350,700,259.261333321647,14.0555414168264,circular
301,1100,700,345.37484390398623,-85,-85,-85,-85,1350,700,273.3168747384734,14.0555414168264,circular
302,1100,700,345.37484390398623,-85,-85,-85,-85,1350,700,287.3724161552998,14.0555414168264,circular
303,1100,700,345.37484390398623,-85,-85,-85,-85,1350,700,301.42795757212616,14.0555414168264,circular
304,1100,700,345.37484390398623,-85,-85,-85,-85,1350,700,315.48349898895253,14.0555414168264,circular
305,1100,700,345.37484390398623,-85,-85,-85,-85,1350,700,329.5390404057789,14.0555414168264,circular
306,1100,700,345.37484390398623,-85,-85,-85,-85,1350,700,343.5945818226053,14.0555414168264,circular
307,1100,700,345.37484390398623,-85,-85,-85,-85,1350,700,357.65012323943165,14.0555414168264,circular
308,1100,700,345.37484390398623,-85,-85,-85,-85,1350,700,11.705664656258023,14.0555414168264,circular
309,1100,700,345.37484390398623,-85,-85,-85,-85,1350,700,25.761206073084423,14.0555414168264,circular
310,1100,700,345.37484390398623,-85,-85,-85,-85,1350,700,39.816747489910824,14.0555414168264,circular
311,1100,700,345.37484390398623,-85,-85,-85,-85,1350,700,53.872288906737225,14.0555414168264,circular
312,1100,700,345.37484390398623,-85,-85,-85,-85,1350,700,67.92783032356363,14.0555414168264,circular
313,1100,700,345.37484390398623,-85,-85,-85,-85,1350,700,81.98337174039003,14.0555414168264,circular
314,1100,700,345.37484390398623,-85,-85,-85,-85,1350,700,96.03891315721643,14.0555414168264,circular
315,1100,700,345.37484390398623,-85,-85,-85,-85,1350,700,110.09445457404283,14.0555414168264,circular
316,1100,700,345.37484390398623,-85,-85,-85,-85,1350,700,124.14999599086923,14.0555414168264,circular
317,1100,700,345.37484390398623,-85,-85,-85,-85,1350,700,138.20553740769563,14.0555414168264,circular
318,1100,700,345.37484390398623,18.47430475951294,-85,-85,14.513447644213304,1350,700,152.26107882452203,14.0555414168264,circular
319,1100,700,345.37484390398623,23.971022246457757,-85,-85,23.31969953712386,1350,700,166.31662024134843,14.0555414168264,circular
320,1100,700,345.37484390398623,25.684904084789974,-85,-85,25.452908776355446,1350,700,180.37216165817483,14.0555414168264,circular
321,1100,700,345.37484390398623,26.074956048612798,-85,-85,26.074956048612798,1350,700,194.42770307500123,14.0555414168264,circular
322,1100,700,345.37484390398623,25.452908776355446,-85,-85,25.684904084789977,1350,700,208.48324449182763,14.0555414168264,circular
323,1100,700,345.37484390398623,23.319699537123853,-85,-85,23.97102224645776,1350,700,222.53878590865403,14.0555414168264,circular
324,1100,700,345.37484390398623,14.513447644213265,-85,-85,18.474304759512954,1350,700,236.59432732548044,14.0555414168264,circular
325,1100,700,345.37484390398623,-85,-85,-85,-85,1350,700,250.64986874230684,14.0555414168264,circular
326,1100,700,345.37484390398623,-85,-85,-85,-85,1350,700,264.70541015913324,14.0555414168264,circular
327,1100,700,345.37484390398623,-85,-85,-85,-85,1350,700,278.76095157595967,14.0555414168264,circular
328,1100,700,345.37484390398623,-85,-85,-85,-85,1350,700,292.81649299278604,14.0555414168264,circular
329,1100,700,345.37484390398623,-85,-85,-85,-85,1350,700,306.8720344096124,14.0555414168264,circular
330,1100,700,345.37484390398623,-85,-85,-85,-85,1350,700,320.9275758264388,14.0555414168264,circular
331,1100,700,345.37484390398623,-85,-85,-85,-85,1350,700,334.98311724326516,14.0555414168264,circular
332,1100,700,345.37484390398623,-85,-85,-85,-85,1350,700,349.0386586600915,14.0555414168264,circular
333,1100,700,345.37484390398623,-85,-85,-85,-85,1350,700,3.0942000769179003,14.0555414168264,circular
334,1100,700,345.37484390398623,-85,-85,-85,-85,1350,700,17.1497414937443,14.0555414168264,circular
335,1100,700,345.37484390398623,-85,-85,-85,-85,1350,700,31.205282910570702,14.0555414168264,circular
336,1100,700,345.37484390398623,-85,-85,-85,-85,1350,700,45.2608243273971,14.0555414168264,circular
337,1100,700,345.37484390398623,-85,-85,-85,-85,1350,700,59.3163657442235,14.0555414168264,circular
338,1100,700,345.37484390398623,-85,-85,-85,-85,1350,700,73.3719071610499,14.0555414168264,circular
339,1100,700,345.37484390398623,-85,-85,-85,-85,1350,700,87.4274485778763,14.0555414168264,circular
340,1100,700,345.37484390398623,-85,-85,-85,-85,1350,700,101.4829899947027,14.0555414168264,circular
341,1100,700,345.37484390398623,-85,-85,-85,-85,1350,700,115.5385314115291,14.0555414168264,circular
342,1100,700,345.37484390398623,-85,-85,-85,-85,1350,700,129.5940728283555,14.0555414168264,circular
343,1100,700,345.37484390398623,-85,-85,-85,-85,1350,700,143.6496142451819,14.0555414168264,circular
344,1100,700,345.37484390398623,21.41811930585211,-85,-85,19.91435422725632,1350,700,157.7051556620083,14.0555414168264,circular
345,1100,700,345.37484390398623,24.78833704083229,-85,-85,24.33271141113945,1350,700,171.7606970788347,14.0555414168264,circular
346,1100,700,345.37484390398623,25.946643644493044,-85,-85,25.80746062382631,1350,700,185.8162384956611,14.0555414168264,circular
347,1100,700,345.37484390398623,25.946643644493044,-85,-85,26.053745949214605,1350,700,199.8717799124875,14.0555414168264,circular
348,1100,700,345.37484390398623,24.788337040832293,-85,-85,25.263344594616918,1350,700,213.9273213293139,14.0555414168264,circular
349,1100,700,345.37484390398623,21.418119305852123,-85,-85,22.793695368992225,1350,700,227.9828627461403,14.0555414168264,circular
350,1100,700,345.37484390398623,-85,-85,-85,-85,1350,700,242.0384041629667,14.0555414168264,circular
351,1100,700,345.37484390398623,-85,-85,-85,-85,1350,700,256.0939455797931,14.0555414168264,circular
352,1100,700,345.37484390398623,-85,-85,-85,-85,1350,700,270.14948699661954,14.0555414168264,circular
353,1100,700,345.37484390398623,-85,-85,-85,-85,1350,700,284.2050284134459,14.0555414168264,circular
354,1100,700,345.37484390398623,-85,-85,-85,-85,1350,700,298.2605698302723,14.0555414168264,circular
355,1100,700,345.37484390398623,-85,-85,-85,-85,1350,700,312.31611124709866,14.0555414168264,circular
356,1100,700,345.37484390398623,-85,-85,-85,-85,1350,700,326.37165266392503,14.0555414168264,circular
357,1100,700,345.37484390398623,-85,-85,-85,-85,1350,700,340.4271940807514,14.0555414168264,circular
358,1100,700,345.37484390398623,-85,-85,-85,-85,1350,700,354.4827354975778,14.0555414168264,circular
359,1100,700,345.37484390398623,-85,-85,-85,-85,1350,700,8.53827691440415,14.0555414168264,circular
360,1100,700,345.37484390398623,-85,-85,-85,-85,1350,700,22.59381833123055,14.0555414168264,circular
361,1100,700,345.37484390398623,-85,-85,-85,-85,1350,700,36.64935974805695,14.0555414168264,circular
362,1100,700,345.37484390398623,-85,-85,-85,-85,1350,700,50.70490116488335,14.0555414168264,circular
363,1100,700,345.37484390398623,-85,-85,-85,-85,1350,700,64.76044258170975,14.0555414168264,circular
364,1100,700,345.37484390398623,-85,-85,-85,-85,1350,700,78.81598399853615,14.0555414168264,circular
365,1100,700,345.37484390398623,-85,-85,-85,-85,1350,700,92.87152541536256,14.0555414168264,circular
366,1100,700,345.37484390398623,-85,-85,-85,-85,1350,700,106.92706683218896,14.0555414168264,circular
367,1100,700,345.37484390398623,-85,-85,-85,-85,1350,700,120.98260824901536,14.0555414168264,circular
368,1100,700,345.37484390398623,-85,-85,-85,-85,1350,700,135.03814966584176,14.0555414168264,circular
369,1100,700,345.37484390398623,14.513447644213304,-85,-85,-85,1350,700,149.09369108266816,14.0555414168264,circular
370,1100,700,345.37484390398623,23.31969953712386,-85,-85,22.496022074683278,1350,700,163.14923249949456,14.0555414168264,circular
371,1100,700,345.37484390398623,25.452908776355446,-85,-85,25.157178905256924,1350,700,177.20477391632096,14.0555414168264,circular
372,1100,700,345.37484390398623,26.074956048612798,-85,-85,26.035130213615616,1350,700,191.26031533314736,14.0555414168264,circular
373,1100,700,345.37484390398623,25.684904084789977,-85,-85,25.859665714847075,1350,700,205.31585674997376,14.0555414168264,circular
374,1100,700,345.37484390398623,23.97102224645776,-85,-85,24.495315191602927,1350,700,219.37139816680016,14.0555414168264,circular
375,1100,700,345.37484390398623,18.474304759512954,-85,-85,20.48098321025059,1350,700,233.42693958362656,14.0555414168264,circular
376,1100,700,345.37484390398623,-85,-85,-85,-85,1350,700,247.48248100045296,14.0555414168264,circular
377,1100,700,345.37484390398623,-85,-85,-85,-85,1350,700,261.53802241727936,14.0555414168264,circular
378,1100,700,345.37484390398623,-85,-85,-85,-85,1350,700,275.5935638341058,14.0555414168264,circular
379,1100,700,345.37484390398623,-85,-85,-85,-85,1350,700,289.64910525093217,14.0555414168264,circular
380,1100,700,345.37484390398623,-85,-85,-85,-85,1350,700,303.70464666775854,14.0555414168264,circular
381,1100,700,345.37484390398623,-85,-85,-85,-85,1350,700,317.7601880845849,14.0555414168264,circular
382,1100,700,345.37484390398623,-85,-85,-85,-85,1350,700,331.8157295014113,14.0555414168264,circular
383,1100,700,345.37484390398623,-85,-85,-85,-85,1350,700,345.87127091823766,14.0555414168264,circular
384,1100,700,345.37484390398623,-85,-85,-85,-85,1350,700,359.926812335064,14.0555414168264,circular
385,1100,700,345.37484390398623,-85,-85,-85,-85,1350,700,13.9823537518904,14.0555414168264,circular
386,1100,700,345.37484390398623,-85,-85,-85,-85,1350,700,28.0378951687168,14.0555414168264,circular
387,1100,700,345.37484390398623,-85,-85,-85,-85,1350,700,42.0934365855432,14.0555414168264,circular
388,1100,700,345.37484390398623,-85,-85,-85,-85,1350,700,56.1489780023696,14.0555414168264,circular
389,1100,700,345.37484390398623,-85,-85,-85,-85,1350,700,70.204519419196,14.0555414168264,circular
390,1100,700,345.37484390398623,-85,-85,-85,-85,1350,700,84.2600608360224,14.0555414168264,circular
391,1100,700,345.37484390398623,-85,-85,-85,-85,1350,700,98.3156022528488,14.0555414168264,circular
392,1100,700,345.37484390398623,-85,-85,-85,-85,1350,700,112.3711436696752,14.0555414168264,circular
393,1100,700,345.37484390398623,-85,-85,-85,-85,1350,700,126.4266850865016,14.0555414168264,circular
394,1100,700,345.37484390398623,-85,-85,-85,-85,1350,700,140.482226503328,14.0555414168264,circular
395,1100,700,345.37484390398623,19.91435422725632,-85,-85,17.513155499392102,1350,700,154.5377679201544,14.0555414168264,circular
396,1100,700,345.37484390398623,24.33271141113945,-85,-85,23.769789312347285,1350,700,168.5933093369808,14.0555414168264,circular
397,1100,700,345.37484390398623,25.80746062382631,-85,-85,25.614204328866276,1350,700,182.6488507538072,14.0555414168264,circular
398,1100,700,345.37484390398623,26.053745949214605,-85,-85,26.077602459396946,1350,700,196.7043921706336,14.0555414168264,circular
399,1100,700,345.37484390398623,25.263344594616918,-85,-85,25.536951728381826,1350,700,210.75993358746,14.0555414168264,circular
400,1100,700,345.37484390398623,22.793695368992225,-85,-85,23.553218972269416,1350,700,224.8154750042864,14.0555414168264,circular
401,1100,700,345.37484390398623,-85,-85,-85,16.269948115724716,1350,700,238.8710164211128,14.0555414168264,circular
402,1100,700,345.37484390398623,-85,-85,-85,-85,1350,700,252.9265578379392,14.0555414168264,circular
403,1100,700,345.37484390398623,-85,-85,-85,-85,1350,700,266.9820992547656,14.0555414168264,circular
404,1100,700,345.37484390398623,-85,-85,-85,-85,1350,700,281.03764067159204,14.0555414168264,circular
405,1100,700,345.37484390398623,-85,-85,-85,-85,1350,700,295.0931820884184,14.0555414168264,circular
406,1100,700,345.37484390398623,-85,-85,-85,-85,1350,700,309.1487235052448,14.0555414168264,circular
407,1100,700,345.37484390398623,-85,-85,-85,-85,1350,700,323.20426492207116,14.0555414168264,circular
408,1100,700,345.37484390398623,-85,-85,-85,-85,1350,700,337.25980633889753,14.0555414168264,circular
409,1100,700,345.37484390398623,-85,-85,-85,-85,1350,700,351.3153477557239,14.0555414168264,circular
410,1100,700,345.37484390398623,-85,-85,-85,-85,1350,700,5.370889172550278,14.0555414168264,circular
411,1100,700,345.37484390398623,-85,-85,-85,-85,1350,700,19.42643058937668,14.0555414168264,circular
412,1100,700,345.37484390398623,-85,-85,-85,-85,1350,700,33.48197200620308,14.0555414168264,circular
413,1100,700,345.37484390398623,-85,-85,-85,-85,1350,700,47.53751342302948,14.0555414168264,circular
414,1100,700,345.37484390398623,-85,-85,-85,-85,1350,700,61.59305483985588,14.0555414168264,circular
415,1100,700,345.37484390398623,-85,-85,-85,-85,1350,700,75.64859625668228,14.0555414168264,circular
416,1100,700,345.37484390398623,-85,-85,-85,-85,1350,700,89.70413767350868,14.0555414168264,circular
417,1100,700,345.37484390398623,-85,-85,-85,-85,1350,700,103.75967909033508,14.0555414168264,circular
418,1100,700,345.37484390398623,-85,-85,-85,-85,1350,700,117.81522050716148,14.0555414168264,circular
419,1100,700,345.37484390398623,-85,-85,-85,-85,1350,700,131.87076192398789,14.0555414168264,circular
420,1100,700,345.37484390398623,-85,-85,-85,-85,1350,700,145.9263033408143,14.0555414168264,circular
421,1100,700,345.37484390398623,22.496022074683278,-85,-85,20.97742610025734,1350,700,159.9818447576407,14.0555414168264,circular
422,1100,700,345.37484390398623,25.157178905256924,-85,-85,24.646943359767004,1350,700,174.0373861744671,14.0555414168264,circular
423,1100,700,345.37484390398623,26.035130213615616,-85,-85,25.946643644493044,1350,700,188.0929275912935,14.0555414168264,circular
424,1100,700,345.37484390398623,25.859665714847075,-85,-85,25.9816463993744,1350,700,202.1484690081199,14.0555414168264,circular
425,1100,700,345.37484390398623,24.495315191602927,-85,-85,24.92014212493214,1350,700,216.2040104249463,14.0555414168264,circular
426,1100,700,345.37484390398623,20.48098321025059,-85,-85,21.81335663023087,1350,700,230.2595518417727,14.0555414168264,circular
427,1100,700,345.37484390398623,-85,-85,-85,-85,1350,700,244.3150932585991,14.0555414168264,circular
428,1100,700,345.37484390398623,-85,-85,-85,-85,1350,700,258.3706346754255,14.0555414168264,circular
429,1100,700,345.37484390398623,-85,-85,-85,-85,1350,700,272.4261760922519,14.0555414168264,circular
430,1100,700,345.37484390398623,-85,-85,-85,-85,1350,700,286.4817175090783,14.0555414168264,circular
431,1100,700,345.37484390398623,-85,-85,-85,-85,1350,700,300.53725892590467,14.0555414168264,circular
432,1100,700,345.37484390398623,-85,-85,-85,-85,1350,700,314.59280034273104,14.0555414168264,circular
433,1100,700,345.37484390398623,-85,-85,-85,-85,1350,700,328.6483417595574,14.0555414168264,circular
434,1100,700,345.37484390398623,-85,-85,-85,-85,1350,700,342.7038831763838,14.0555414168264,circular
435,1100,700,345.37484390398623,-85,-85,-85,-85,1350,700,356.75942459321016,14.0555414168264,circular
436,1100,700,345.37484390398623,-85,-85,-85,-85,1350,700,10.814966010036528,14.0555414168264,circular
437,1100,700,345.37484390398623,-85,-85,-85,-85,1350,700,24.87050742686293,14.0555414168264,circular
438,1100,700,345.37484390398623,-85,-85,-85,-85,1350,700,38.92604884368933,14.0555414168264,circular
439,1100,700,345.37484390398623,-85,-85,-85,-85,1350,700,52.98159026051573,14.0555414168264,circular
440,1100,700,345.37484390398623,-85,-85,-85,-85,1350,700,67.03713167734213,14.0555414168264,circular
441,1100,700,345.37484390398623,-85,-85,-85,-85,1350,700,81.09267309416853,14.0555414168264,circular
442,1100,700,345.37484390398623,-85,-85,-85,-85,1350,700,95.14821451099493,14.0555414168264,circular
443,1100,700,345.37484390398623,-85,-85,-85,-85,1350,700,109.20375592782133,14.0555414168264,circular
444,1100,700,345.37484390398623,-85,-85,-85,-85,1350,700,123.25929734464773,14.0555414168264,circular
445,1100,700,345.37484390398623,-85,-85,-85,-85,1350,700,137.31483876147414,14.0555414168264,circular
446,1100,700,345.37484390398623,17.513155499392102,-85,-85,11.505794098357505,1350,700,151.37038017830054,14.0555414168264,circular
447,1100,700,345.37484390398623,23.769789312347285,-85,-85,23.06730250275713,1350,700,165.42592159512694,14.0555414168264,circular
448,1100,700,345.37484390398623,25.614204328866276,-85,-85,25.36180729449956,1350,700,179.48146301195334,14.0555414168264,circular
449,1100,700,345.37484390398623,26.077602459396946,-85,-85,26.067010357935978,1350,700,193.53700442877974,14.0555414168264,circular
450,1100,700,345.37484390398623,25.536951728381826,-85,-85,25.7492610641292,1350,700,207.59254584560614,14.0555414168264,circular
451,1100,700,345.37484390398623,23.553218972269416,-85,-85,24.1582774269213,1350,700,221.64808726243254,14.0555414168264,circular
452,1100,700,345.37484390398623,16.269948115724716,-85,-85,19.25639156218219,1350,700,235.70362867925894,14.0555414168264,circular
453,1100,700,345.37484390398623,-85,-85,-85,-85,1350,700,249.75917009608534,14.0555414168264,circular
454,1100,700,345.37484390398623,-85,-85,-85,-85,1350,700,263.81471151291174,14.0555414168264,circular
455,1100,700,345.37484390398623,-85,-85,-85,-85,1350,700,277.8702529297382,14.0555414168264,circular
456,1100,700,345.37484390398623,-85,-85,-85,-85,1350,700,291.92579434656454,14.0555414168264,circular
457,1100,700,345.37484390398623,-85,-85,-85,-85,1350,700,305.9813357633909,14.0555414168264,circular
458,1100,700,345.37484390398623,-85,-85,-85,-85,1350,700,320.0368771802173,14.0555414168264,circular
459,1100,700,345.37484390398623,-85,-85,-85,-85,1350,700,334.09241859704366,14.0555414168264,circular
460,1100,700,345.37484390398623,-85,-85,-85,-85,1350,700,348.14796001387003,14.0555414168264,circular
461,1100,700,345.37484390398623,-85,-85,-85,-85,1350,700,2.203501430696406,14.0555414168264,circular
462,1100,700,345.37484390398623,-85,-85,-85,-85,1350,700,16.259042847522807,14.0555414168264,circular
463,1100,700,345.37484390398623,-85,-85,-85,-85,1350,700,30.314584264349207,14.0555414168264,circular
464,1100,700,345.37484390398623,-85,-85,-85,-85,1350,700,44.37012568117561,14.0555414168264,circular
465,1100,700,345.37484390398623,-85,-85,-85,-85,1350,700,58.42566709800201,14.0555414168264,circular
466,1100,700,345.37484390398623,-85,-85,-85,-85,1350,700,72.48120851482841,14.0555414168264,circular
467,1100,700,345.37484390398623,-85,-85,-85,-85,1350,700,86.53674993165481,14.0555414168264,circular
468,1100,700,345.37484390398623,-85,-85,-85,-85,1350,700,100.59229134848121,14.0555414168264,circular
469,1100,700,345.37484390398623,-85,-85,-85,-85,1350,700,114.64783276530761,14.0555414168264,circular
470,1100,700,345.37484390398623,-85,-85,-85,-85,1350,700,128.703374182134,14.0555414168264,circular
471,1100,700,345.37484390398623,-85,-85,-85,-85,1350,700,142.7589155989604,14.0555414168264,circular
472,1100,700,345.37484390398623,20.97742610025734,-85,-85,19.25639156218217,1350,700,156.81445701578681,14.0555414168264,circular
473,1100,700,345.37484390398623,24.78833704083229,-85,-85,24.1582774269213,1350,700,170.86999843261322,14.0555414168264,circular
474,1100,700,345.37484390398623,25.946643644493044,-85,-85,25.7492610641292,1350,700,184.92553984943962,14.0555414168264,circular
475,1100,700,345.37484390398623,25.9816463993744,-85,-85,26.067010357935978,1350,700,198.98108126626602,14.0555414168264,circular
476,1100,700,345.37484390398623,24.92014212493214,-85,-85,25.361807294499556,1350,700,213.03662268309242,14.0555414168264,circular
477,1100,700,345.37484390398623,21.81335663023087,-85,-85,22.793695368992225,1350,700,227.09216409991882,14.0555414168264,circular
478,1100,700,345.37484390398623,-85,-85,-85,-85,1350,700,241.14770551674522,14.0555414168264,circular
479,1100,700,345.37484390398623,-85,-85,-85,-85,1350,700,255.20324693357162,14.0555414168264,circular
480,1100,700,345.37484390398623,-85,-85,-85,-85,1350,700,269.25878835039805,14.0555414168264,circular
481,1100,700,345.37484390398623,-85,-85,-85,-85,1350,700,283.3143297672244,14.0555414168264,circular
482,1100,700,345.37484390398623,-85,-85,-85,-85,1350,700,297.3698711840508,14.0555414168264,circular
483,1100,700,345.37484390398623,-85,-85,-85,-85,1350,700,311.42541260087717,14.0555414168264,circular
484,1100,700,345.37484390398623,-85,-85,-85,-85,1350,700,325.48095401770354,14.0555414168264,circular
485,1100,700,345.37484390398623,-85,-85,-85,-85,1350,700,339.5364954345299,14.0555414168264,circular
486,1100,700,345.37484390398623,-85,-85,-85,-85,1350,700,353.5920368513563,14.0555414168264,circular
487,1100,700,345.37484390398623,-85,-85,-85,-85,1350,700,7.647578268182656,14.0555414168264,circular
488,1100,700,345.37484390398623,-85,-85,-85,-85,1350,700,21.703119685009057,14.0555414168264,circular
489,1100,700,345.37484390398623,-85,-85,-85,-85,1350,700,35.75866110183546,14.0555414168264,circular
490,1100,700,345.37484390398623,-85,-85,-85,-85,1350,700,49.81420251866186,14.0555414168264,circular
491,1100,700,345.37484390398623,-85,-85,-85,-85,1350,700,63.86974393548826,14.0555414168264,circular
492,1100,700,345.37484390398623,-85,-85,-85,-85,1350,700,77.92528535231466,14.0555414168264,circular
493,1100,700,345.37484390398623,-85,-85,-85,-85,1350,700,91.98082676914106,14.0555414168264,circular
494,1100,700,345.37484390398623,-85,-85,-85,-85,1350,700,106.03636818596746,14.0555414168264,circular
495,1100,700,345.37484390398623,-85,-85,-85,-85,1350,700,120.09190960279386,14.0555414168264,circular
496,1100,700,345.37484390398623,-85,-85,-85,-85,1350,700,134.14745101962026,14.0555414168264,circular
497,1100,700,345.37484390398623,11.505794098357505,-85,-85,-85,1350,700,148.20299243644666,14.0555414168264,circular
498,1100,700,345.37484390398623,23.06730250275713,-85,-85,22.170735458799452,1350,700,162.25853385327306,14.0555414168264,circular
499,1100,700,345.37484390398623,25.36180729449956,-85,-85,25.042923900792417,1350,700,176.31407527009947,14.0555414168264,circular
500,1100,700,345.37484390398623,26.067010357935978,-85,-85,26.011117049096303,1350,700,190.36961668692587,14.0555414168264,circular
501,1100,700,345.37484390398623,25.7492610641292,-85,-85,25.906018829630398,1350,700,204.42515810375227,14.0555414168264,circular
502,1100,700,345.37484390398623,24.1582774269213,-85,-85,24.646943359767004,1350,700,218.48069952057867,14.0555414168264,circular
503,1100,700,345.37484390398623,19.25639156218219,-85,-85,20.97742610025735,1350,700,232.53624093740507,14.0555414168264,circular
504,1100,700,345.37484390398623,-85,-85,-85,-85,1350,700,246.59178235423147,14.0555414168264,circular
505,1100,700,345.37484390398623,-85,-85,-85,-85,1350,700,260.64732377105787,14.0555414168264,circular
506,1100,700,345.37484390398623,-85,-85,-85,-85,1350,700,274.7028651878843,14.0555414168264,circular
507,1100,700,345.37484390398623,-85,-85,-85,-85,1350,700,288.7584066047107,14.0555414168264,circular
508,1100,700,345.37484390398623,-85,-85,-85,-85,1350,700,302.81394802153704,14.0555414168264,circular
509,1100,700,345.37484390398623,-85,-85,-85,-85,1350,700,316.8694894383634,14.0555414168264,circular
510,1100,700,345.37484390398623,-85,-85,-85,-85,1350,700,330.9250308551898,14.0555414168264,circular
511,1100,700,345.37484390398623,-85,-85,-85,-85,1350,700,344.98057227201616,14.0555414168264,circular
512,1100,700,345.37484390398623,-85,-85,-85,-85,1350,700,359.03611368884253,14.0555414168264,circular
513,1100,700,345.37484390398623,-85,-85,-85,-85,1350,700,13.091655105668906,14.0555414168264,circular
514,1100,700,345.37484390398623,-85,-85,-85,-85,1350,700,27.147196522495307,14.0555414168264,circular
515,1100,700,345.37484390398623,-85,-85,-85,-85,1350,700,41.20273793932171,14.0555414168264,circular
516,1100,700,345.37484390398623,-85,-85,-85,-85,1350,700,55.25827935614811,14.0555414168264,circular
517,1100,700,345.37484390398623,-85,-85,-85,-85,1350,700,69.31382077297451,14.0555414168264,circular
518,1100,700,345.37484390398623,-85,-85,-85,-85,1350,700,83.36936218980091,14.0555414168264,circular
519,1100,700,345.37484390398623,-85,-85,-85,-85,1350,700,97.42490360662731,14.0555414168264,circular
520,1100,700,345.37484390398623,-85,-85,-85,-85,1350,700,111.48044502345371,14.0555414168264,circular
521,1100,700,345.37484390398623,-85,-85,-85,-85,1350,700,125.53598644028011,14.0555414168264,circular
522,1100,700,345.37484390398623,-85,-85,-85,-85,1350,700,139.5915278571065,14.0555414168264,circular
523,1100,700,345.37484390398623,19.25639156218217,-85,-85,16.269948115724727,1350,700,153.6470692739329,14.0555414168264,circular
524,1100,700,345.37484390398623,24.1582774269213,-85,-85,23.553218972269416,1350,700,167.70261069075931,14.0555414168264,circular
525,1100,700,345.37484390398623,25.7492610641292,-85,-85,25.536951728381826,1350,700,181.75815210758572,14.0555414168264,circular
526,1100,700,345.37484390398623,26.067010357935978,-85,-85,26.077602459396946,1350,700,195.81369352441212,14.0555414168264,circular
527,1100,700,345.37484390398623,25.263344594616918,-85,-85,25.614204328866276,1350,700,209.86923494123852,14.0555414168264,circular
528,1100,700,345.37484390398623,22.793695368992225,-85,-85,23.769789312347285,1350,700,223.92477635806492,14.0555414168264,circular
529,1100,700,345.37484390398623,-85,-85,-85,17.51315549939211,1350,700,237.98031777489132,14.0555414168264,circular
530,1100,700,345.37484390398623,-85,-85,-85,-85,1350,700,252.03585919171772,14.0555414168264,circular
531,1100,700,345.37484390398623,-85,-85,-85,-85,1350,700,266.0914006085441,14.0555414168264,circular
532,1100,700,345.37484390398623,-85,-85,-85,-85,1350,700,280.14694202537055,14.0555414168264,circular
533,1100,700,345.37484390398623,-85,-85,-85,-85,1350,700,294.2024834421969,14.0555414168264,circular
534,1100,700,345.37484390398623,-85,-85,-85,-85,1350,700,308.2580248590233,14.0555414168264,circular
535,1100,700,345.37484390398623,-85,-85,-85,-85,1350,700,322.31356627584967,14.0555414168264,circular
536,1100,700,345.37484390398623,-85,-85,-85,-85,1350,700,336.36910769267604,14.0555414168264,circular
537,1100,700,345.37484390398623,-85,-85,-85,-85,1350,700,350.4246491095024,14.0555414168264,circular
538,1100,700,345.37484390398623,-85,-85,-85,-85,1350,700,4.480190526328784,14.0555414168264,circular
539,1100,700,345.37484390398623,-85,-85,-85,-85,1350,700,18.535731943155184,14.0555414168264,circular
540,1100,700,345.37484390398623,-85,-85,-85,-85,1350,700,32.591273359981585,14.0555414168264,circular
541,1100,700,345.37484390398623,-85,-85,-85,-85,1350,700,46.646814776807986,14.0555414168264,circular
542,1100,700,345.37484390398623,-85,-85,-85,-85,1350,700,60.70235619363439,14.0555414168264,circular
543,1100,700,345.37484390398623,-85,-85,-85,-85,1350,700,74.75789761046079,14.0555414168264,circular
544,1100,700,345.37484390398623,-85,-85,-85,-85,1350,700,88.81343902728719,14.0555414168264,circular
545,1100,700,345.37484390398623,-85,-85,-85,-85,1350,700,102.86898044411359,14.0555414168264,circular
546,1100,700,345.37484390398623,-85,-85,-85,-85,1350,700,116.92452186093999,14.0555414168264,circular
547,1100,700,345.37484390398623,-85,-85,-85,-85,1350,700,130.9800632777664,14.0555414168264,circular
548,1100,700,345.37484390398623,-85,-85,-85,-85,1350,700,145.0356046945928,14.0555414168264,circular
549,1100,700,345.37484390398623,22.170735458799452,-85,-85,20.97742610025734,1350,700,159.0911461114192,14.0555414168264,circular
550,1100,700,345.37484390398623,25.042923900792417,-85,-85,24.646943359767004,1350,700,173.1466875282456,14.0555414168264,circular
551,1100,700,345.37484390398623,26.011117049096303,-85,-85,25.906018829630398,1350,700,187.202228945072,14.0555414168264,circular
552,1100,700,345.37484390398623,25.906018829630398,-85,-85,26.011117049096303,1350,700,201.2577703618984,14.0555414168264,circular
553,1100,700,345.37484390398623,24.646943359767004,-85,-85,25.042923900792417,1350,700,215.3133117787248,14.0555414168264,circular
554,1100,700,345.37484390398623,20.97742610025735,-85,-85,22.170735458799452,1350,700,229.3688531955512,14.0555414168264,circular
555,1100,700,345.37484390398623,-85,-85,-85,-85,1350,700,243.4243946123776,14.0555414168264,circular
556,1100,700,345.37484390398623,-85,-85,-85,-85,1350,700,257.479936029204,14.0555414168264,circular
557,1100,700,345.37484390398623,-85,-85,-85,-85,1350,700,271.5354774460304,14.0555414168264,circular
558,1100,700,345.37484390398623,-85,-85,-85,-85,1350,700,285.5910188628568,14.0555414168264,circular
559,1100,700,345.37484390398623,-85,-85,-85,-85,1350,700,299.6465602796832,14.0555414168264,circular
560,1100,700,345.37484390398623,-85,-85,-85,-85,1350,700,313.70210169650954,14.0555414168264,circular
561,1100,700,345.37484390398623,-85,-85,-85,-85,1350,700,327.7576431133359,14.0555414168264,circular
562,1100,700,345.37484390398623,-85,-85,-85,-85,1350,700,341.8131845301623,14.0555414168264,circular
563,1100,700,345.37484390398623,-85,-85,-85,-85,1350,700,355.86872594698866,14.0555414168264,circular
564,1100,700,345.37484390398623,-85,-85,-85,-85,1350,700,9.924267363815034,14.0555414168264,circular
565,1100,700,345.37484390398623,-85,-85,-85,-85,1350,700,23.979808780641434,14.0555414168264,circular
566,1100,700,345.37484390398623,-85,-85,-85,-85,1350,700,38.035350197467835,14.0555414168264,circular
567,1100,700,345.37484390398623,-85,-85,-85,-85,1350,700,52.090891614294236,14.0555414168264,circular
568,1100,700,345.37484390398623,-85,-85,-85,-85,1350,700,66.14643303112064,14.0555414168264,circular
569,1100,700,345.37484390398623,-85,-85,-85,-85,1350,700,80.20197444794704,14.0555414168264,circular
570,1100,700,345.37484390398623,-85,-85,-85,-85,1350,700,94.25751586477344,14.0555414168264,circular
571,1100,700,345.37484390398623,-85,-85,-85,-85,1350,700,108.31305728159984,14.0555414168264,circular
572,1100,700,345.37484390398623,-85,-85,-85,-85,1350,700,122.36859869842624,14.0555414168264,circular
573,1100,700,345.37484390398623,-85,-85,-85,-85,1350,700,136.42414011525264,14.0555414168264,circular
574,1100,700,345.37484390398623,16.269948115724727,-85,-85,-85,1350,700,150.47968153207904,14.0555414168264,circular
575,1100,700,345.37484390398623,23.553218972269416,-85,-85,22.793695368992218,1350,700,164.53522294890544,14.0555414168264,circular
576,1100,700,345.37484390398623,25.536951728381826,-85,-85,25.26334459461691,1350,700,178.59076436573184,14.0555414168264,circular
577,1100,700,345.37484390398623,26.077602459396946,-85,-85,26.053745949214605,1350,700,192.64630578255824,14.0555414168264,circular
578,1100,700,345.37484390398623,25.614204328866276,-85,-85,25.807460623826316,1350,700,206.70184719938464,14.0555414168264,circular
579,1100,700,345.37484390398623,23.769789312347285,-85,-85,24.332711411139446,1350,700,220.75738861621105,14.0555414168264,circular
580,1100,700,345.37484390398623,17.51315549939211,-85,-85,19.914354227256315,1350,700,234.81293003303745,14.0555414168264,circular
581,1100,700,345.37484390398623,-85,-85,-85,-85,1350,700,248.86847144986385,14.0555414168264,circular
582,1100,700,345.37484390398623,-85,-85,-85,-85,1350,700,262.92401286669025,14.0555414168264,circular
583,1100,700,345.37484390398623,-85,-85,-85,-85,1350,700,276.9795542835167,14.0555414168264,circular
584,1100,700,345.37484390398623,-85,-85,-85,-85,1350,700,291.03509570034305,14.0555414168264,circular
585,1100,700,345.37484390398623,-85,-85,-85,-85,1350,700,305.0906371171694,14.0555414168264,circular
586,1100,700,345.37484390398623,-85,-85,-85,-85,1350,700,319.1461785339958,14.0555414168264,circular
587,1100,700,345.37484390398623,-85,-85,-85,-85,1350,700,333.20171995082217,14.0555414168264,circular
588,1100,700,345.37484390398623,-85,-85,-85,-85,1350,700,347.25726136764854,14.0555414168264,circular
589,1100,700,345.37484390398623,-85,-85,-85,-85,1350,700,1.3128027844749113,14.0555414168264,circular
590,1100,700,345.37484390398623,-85,-85,-85,-85,1350,700,15.368344201301312,14.0555414168264,circular
591,1100,700,345.37484390398623,-85,-85,-85,-85,1350,700,29.423885618127713,14.0555414168264,circular
592,1100,700,345.37484390398623,-85,-85,-85,-85,1350,700,43.479427034954114,14.0555414168264,circular
593,1100,700,345.37484390398623,-85,-85,-85,-85,1350,700,57.534968451780514,14.0555414168264,circular
594,1100,700,345.37484390398623,-85,-85,-85,-85,1350,700,71.59050986860692,14.0555414168264,circular
595,1100,700,345.37484390398623,-85,-85,-85,-85,1350,700,85.64605128543332,14.0555414168264,circular
596,1100,700,345.37484390398623,-85,-85,-85,-85,1350,700,99.70159270225972,14.0555414168264,circular
597,1100,700,345.37484390398623,-85,-85,-85,-85,1350,700,113.75713411908612,14.0555414168264,circular
598,1100,700,345.37484390398623,-85,-85,-85,-85,1350,700,127.81267553591252,14.0555414168264,circular
599,1100,700,345.37484390398623,-85,-85,-85,-85,1350,700,141.86821695273892,14.0555414168264,circular
600,1100,700,345.37484390398623,20.97742610025734,-85,-85,18.47430475951294,1350,700,155.92375836956532,14.0555414168264,circular
601,1100,700,345.37484390398623,24.646943359767004,-85,-85,23.971022246457757,1350,700,169.97929978639172,14.0555414168264,circular
602,1100,700,345.37484390398623,25.906018829630398,-85,-85,25.684904084789974,1350,700,184.03484120321812,14.0555414168264,circular
603,1100,700,345.37484390398623,26.011117049096303,-85,-85,26.067010357935978,1350,700,198.09038262004452,14.0555414168264,circular
604,1100,700,345.37484390398623,25.042923900792417,-85,-85,25.361807294499556,1350,700,212.14592403687092,14.0555414168264,circular
605,1100,700,345.37484390398623,22.170735458799452,-85,-85,23.067302502757133,1350,700,226.20146545369732,14.0555414168264,circular
606,1100,700,345.37484390398623,-85,-85,-85,11.50579409835762,1350,700,240.25700687052372,14.0555414168264,circular
607,1100,700,345.37484390398623,-85,-85,-85,-85,1350,700,254.31254828735013,14.0555414168264,circular
608,1100,700,345.37484390398623,-85,-85,-85,-85,1350,700,268.36808970417655,14.0555414168264,circular
609,1100,700,345.37484390398623,-85,-85,-85,-85,1350,700,282.4236311210029,14.0555414168264,circular
610,1100,700,345.37484390398623,-85,-85,-85,-85,1350,700,296.4791725378293,14.0555414168264,circular
611,1100,700,345.37484390398623,-85,-85,-85,-85,1350,700,310.5347139546557,14.0555414168264,circular
612,1100,700,345.37484390398623,-85,-85,-85,-85,1350,700,324.59025537148204,14.0555414168264,circular
613,1100,700,345.37484390398623,-85,-85,-85,-85,1350,700,338.6457967883084,14.0555414168264,circular
614,1100,700,345.37484390398623,-85,-85,-85,-85,1350,700,352.7013382051348,14.0555414168264,circular
615,1100,700,345.37484390398623,-85,-85,-85,-85,1350,700,6.756879621961161,14.0555414168264,circular
616,1100,700,345.37484390398623,-85,-85,-85,-85,1350,700,20.812421038787562,14.0555414168264,circular
617,1100,700,345.37484390398623,-85,-85,-85,-85,1350,700,34.86796245561396,14.0555414168264,circular
618,1100,700,345.37484390398623,-85,-85,-85,-85,1350,700,48.923503872440364,14.0555414168264,circular
619,1100,700,345.37484390398623,-85,-85,-85,-85,1350,700,62.979045289266764,14.0555414168264,circular
620,1100,700,345.37484390398623,-85,-85,-85,-85,1350,700,77.03458670609317,14.0555414168264,circular
621,1100,700,345.37484390398623,-85,-85,-85,-85,1350,700,91.09012812291957,14.0555414168264,circular
622,1100,700,345.37484390398623,-85,-85,-85,-85,1350,700,105.14566953974597,14.0555414168264,circular
623,1100,700,345.37484390398623,-85,-85,-85,-85,1350,700,119.20121095657237,14.0555414168264,circular
624,1100,700,345.37484390398623,-85,-85,-85,-85,1350,700,133.25675237339877,14.0555414168264,circular
625,1100,700,345.37484390398623,-85,-85,-85,-85,1350,700,147.31229379022517,14.0555414168264,circular
626,1100,700,345.37484390398623,22.793695368992218,-85,-85,21.813356630230874,1350,700,161.36783520705157,14.0555414168264,circular
627,1100,700,345.37484390398623,25.26334459461691,-85,-85,24.92014212493214,1350,700,175.42337662387797,14.0555414168264,circular
628,1100,700,345.37484390398623,26.053745949214605,-85,-85,25.9816463993744,1350,700,189.47891804070437,14.0555414168264,circular
629,1100,700,345.37484390398623,25.807460623826316,-85,-85,25.946643644493044,1350,700,203.53445945753077,14.0555414168264,circular
630,1100,700,345.37484390398623,24.332711411139446,-85,-85,24.788337040832293,1350,700,217.59000087435717,14.0555414168264,circular
631,1100,700,345.37484390398623,19.914354227256315,-85,-85,21.418119305852123,1350,700,231.64554229118357,14.0555414168264,circular
632,1100,700,345.37484390398623,-85,-85,-85,-85,1350,700,245.70108370800997,14.0555414168264,circular
633,1100,700,345.37484390398623,-85,-85,-85,-85,1350,700,259.7566251248364,14.0555414168264,circular
634,1100,700,345.37484390398623,-85,-85,-85,-85,1350,700,273.8121665416628,14.0555414168264,circular
635,1100,700,345.37484390398623,-85,-85,-85,-85,1350,700,287.8677079584892,14.0555414168264,circular
636,1100,700,345.37484390398623,-85,-85,-85,-85,1350,700,301.92324937531555,14.0555414168264,circular
637,1100,700,345.37484390398623,-85,-85,-85,-85,1350,700,315.9787907921419,14.0555414168264,circular
638,1100,700,345.37484390398623,-85,-85,-85,-85,1350,700,330.0343322089683,14.0555414168264,circular
639,1100,700,345.37484390398623,-85,-85,-85,-85,1350,700,344.08987362579467,14.0555414168264,circular
640,1100,700,345.37484390398623,-85,-85,-85,-85,1350,700,358.14541504262104,14.0555414168264,circular
641,1100,700,345.37484390398623,-85,-85,-85,-85,1350,700,12.200956459447411,14.0555414168264,circular
642,1100,700,345.37484390398623,-85,-85,-85,-85,1350,700,26.256497876273812,14.0555414168264,circular
643,1100,700,345.37484390398623,-85,-85,-85,-85,1350,700,40.31203929310021,14.0555414168264,circular
644,1100,700,345.37484390398623,-85,-85,-85,-85,1350,700,54.367580709926614,14.0555414168264,circular
645,1100,700,345.37484390398623,-85,-85,-85,-85,1350,700,68.42312212675301,14.0555414168264,circular
646,1100,700,345.37484390398623,-85,-85,-85,-85,1350,700,82.47866354357942,14.0555414168264,circular
647,1100,700,345.37484390398623,-85,-85,-85,-85,1350,700,96.53420496040582,14.0555414168264,circular
648,1100,700,345.37484390398623,-85,-85,-85,-85,1350,700,110.58974637723222,14.0555414168264,circular
649,1100,700,345.37484390398623,-85,-85,-85,-85,1350,700,124.64528779405862,14.0555414168264,circular
650,1100,700,345.37484390398623,-85,-85,-85,-85,1350,700,138.70082921088502,14.0555414168264,circular
651,1100,700,345.37484390398623,18.47430475951294,-85,-85,14.513447644213304,1350,700,152.75637062771142,14.0555414168264,circular
652,1100,700,345.37484390398623,23.971022246457757,-85,-85,23.31969953712386,1350,700,166.81191204453782,14.0555414168264,circular
653,1100,700,345.37484390398623,25.7492610641292,-85,-85,25.452908776355446,1350,700,180.86745346136422,14.0555414168264,circular
654,1100,700,345.37484390398623,26.067010357935978,-85,-85,26.074956048612798,1350,700,194.92299487819062,14.0555414168264,circular
655,1100,700,345.37484390398623,25.361807294499556,-85,-85,25.684904084789977,1350,700,208.97853629501702,14.0555414168264,circular
656,1100,700,345.37484390398623,23.067302502757133,-85,-85,23.97102224645776,1350,700,223.03407771184342,14.0555414168264,circular
657,1100,700,345.37484390398623,11.50579409835762,-85,-85,17.51315549939211,1350,700,237.08961912866982,14.0555414168264,circular
658,1100,700,345.37484390398623,-85,-85,-85,-85,1350,700,251.14516054549622,14.0555414168264,circular
659,1100,700,345.37484390398623,-85,-85,-85,-85,1350,700,265.2007019623226,14.0555414168264,circular
660,1100,700,345.37484390398623,-85,-85,-85,-85,1350,700,279.25624337914905,14.0555414168264,circular
661,1100,700,345.37484390398623,-85,-85,-85,-85,1350,700,293.3117847959754,14.0555414168264,circular
662,1100,700,345.37484390398623,-85,-85,-85,-85,1350,700,307.3673262128018,14.0555414168264,circular
663,1100,700,345.37484390398623,-85,-85,-85,-85,1350,700,321.4228676296282,14.0555414168264,circular
664,1100,700,345.37484390398623,-85,-85,-85,-85,1350,700,335.47840904645454,14.0555414168264,circular
665,1100,700,345.37484390398623,-85,-85,-85,-85,1350,700,349.5339504632809,14.0555414168264,circular
666,1100,700,345.37484390398623,-85,-85,-85,-85,1350,700,3.589491880107289,14.0555414168264,circular
667,1100,700,345.37484390398623,-85,-85,-85,-85,1350,700,17.64503329693369,14.0555414168264,circular
668,1100,700,345.37484390398623,-85,-85,-85,-85,1350,700,31.70057471376009,14.0555414168264,circular
669,1100,700,345.37484390398623,-85,-85,-85,-85,1350,700,45.75611613058649,14.0555414168264,circular
670,1100,700,345.37484390398623,-85,-85,-85,-85,1350,700,59.81165754741289,14.0555414168264,circular
671,1100,700,345.37484390398623,-85,-85,-85,-85,1350,700,73.8671989642393,14.0555414168264,circular
672,1100,700,345.37484390398623,-85,-85,-85,-85,1350,700,87.9227403810657,14.0555414168264,circular
673,1100,700,345.37484390398623,-85,-85,-85,-85,1350,700,101.9782817978921,14.0555414168264,circular
674,1100,700,345.37484390398623,-85,-85,-85,-85,1350,700,116.0338232147185,14.0555414168264,circular
675,1100,700,345.37484390398623,-85,-85,-85,-85,1350,700,130.0893646315449,14.0555414168264,circular
676,1100,700,345.37484390398623,-85,-85,-85,-85,1350,700,144.1449060483713,14.0555414168264,circular
677,1100,700,345.37484390398623,21.813356630230874,-85,-85,20.48098321025059,1350,700,158.2004474651977,14.0555414168264,circular
678,1100,700,345.37484390398623,24.92014212493214,-85,-85,24.495315191602927,1350,700,172.2559888820241,14.0555414168264,circular
679,1100,700,345.37484390398623,25.9816463993744,-85,-85,25.859665714847075,1350,700,186.3115302988505,14.0555414168264,circular
680,1100,700,345.37484390398623,25.946643644493044,-85,-85,26.035130213615616,1350,700,200.3670717156769,14.0555414168264,circular
681,1100,700,345.37484390398623,24.788337040832293,-85,-85,25.157178905256924,1350,700,214.4226131325033,14.0555414168264,circular
682,1100,700,345.37484390398623,21.418119305852123,-85,-85,22.496022074683278,1350,700,228.4781545493297,14.0555414168264,circular
683,1100,700,345.37484390398623,-85,-85,-85,-85,1350,700,242.5336959661561,14.0555414168264,circular
684,1100,700,345.37484390398623,-85,-85,-85,-85,1350,700,256.5892373829825,14.0555414168264,circular
685,1100,700,345.37484390398623,-85,-85,-85,-85,1350,700,270.64477879980893,14.0555414168264,circular
686,1100,700,345.37484390398623,-85,-85,-85,-85,1350,700,284.7003202166353,14.0555414168264,circular
687,1100,700,345.37484390398623,-85,-85,-85,-85,1350,700,298.7558616334617,14.0555414168264,circular
688,1100,700,345.37484390398623,-85,-85,-85,-85,1350,700,312.81140305028805,14.0555414168264,circular
689,1100,700,345.37484390398623,-85,-85,-85,-85,1350,700,326.8669444671144,14.0555414168264,circular
690,1100,700,345.37484390398623,-85,-85,-85,-85,1350,700,340.9224858839408,14.0555414168264,circular
691,1100,700,345.37484390398623,-85,-85,-85,-85,1350,700,354.97802730076717,14.0555414168264,circular
692,1100,700,345.37484390398623,-85,-85,-85,-85,1350,700,9.033568717593539,14.0555414168264,circular
693,1100,700,345.37484390398623,-85,-85,-85,-85,1350,700,23.08911013441994,14.0555414168264,circular
694,1100,700,345.37484390398623,-85,-85,-85,-85,1350,700,37.14465155124634,14.0555414168264,circular
695,1100,700,345.37484390398623,-85,-85,-85,-85,1350,700,51.20019296807274,14.0555414168264,circular
696,1100,700,345.37484390398623,-85,-85,-85,-85,1350,700,65.25573438489914,14.0555414168264,circular
697,1100,700,345.37484390398623,-85,-85,-85,-85,1350,700,79.31127580172554,14.0555414168264,circular
698,1100,700,345.37484390398623,-85,-85,-85,-85,1350,700,93.36681721855194,14.0555414168264,circular
699,1100,700,345.37484390398623,-85,-85,-85,-85,1350,700,107.42235863537834,14.0555414168264,circular
700,1100,700,345.37484390398623,-85,-85,-85,-85,1350,700,121.47790005220475,14.0555414168264,circular
701,1100,700,345.37484390398623,-85,-85,-85,-85,1350,700,135.53344146903115,14.0555414168264,circular
702,1100,700,345.37484390398623,14.513447644213304,-85,-85,-85,1350,700,149.58898288585755,14.0555414168264,circular
703,1100,700,345.37484390398623,23.31969953712386,-85,-85,22.496022074683278,1350,700,163.64452430268395,14.0555414168264,circular
704,1100,700,345.37484390398623,25.452908776355446,-85,-85,25.157178905256924,1350,700,177.70006571951035,14.0555414168264,circular
705,1100,700,345.37484390398623,26.074956048612798,-85,-85,26.035130213615616,1350,700,191.75560713633675,14.0555414168264,circular
706,1100,700,345.37484390398623,25.684904084789977,-85,-85,25.859665714847075,1350,700,205.81114855316315,14.0555414168264,circular
707,1100,700,345.37484390398623,23.769789312347285,-85,-85,24.495315191602927,1350,700,219.86668996998955,14.0555414168264,circular
708,1100,700,345.37484390398623,17.51315549939211,-85,-85,20.48098321025059,1350,700,233.92223138681595,14.0555414168264,circular
709,1100,700,345.37484390398623,-85,-85,-85,-85,1350,700,247.97777280364235,14.0555414168264,circular
710,1100,700,345.37484390398623,-85,-85,-85,-85,1350,700,262.03331422046875,14.0555414168264,circular
711,1100,700,345.37484390398623,-85,-85,-85,-85,1350,700,276.0888556372952,14.0555414168264,circular
712,1100,700,345.37484390398623,-85,-85,-85,-85,1350,700,290.14439705412155,14.0555414168264,circular
713,1100,700,345.37484390398623,-85,-85,-85,-85,1350,700,304.1999384709479,14.0555414168264,circular
714,1100,700,345.37484390398623,-85,-85,-85,-85,1350,700,318.2554798877743,14.0555414168264,circular
715,1100,700,345.37484390398623,-85,-85,-85,-85,1350,700,332.3110213046007,14.0555414168264,circular
716,1100,700,345.37484390398623,-85,-85,-85,-85,1350,700,346.36656272142704,14.0555414168264,circular
717,1100,700,345.37484390398623,-85,-85,-85,-85,1350,700,0.42210413825341675,14.0555414168264,circular
718,1100,700,345.37484390398623,-85,-85,-85,-85,1350,700,14.477645555079818,14.0555414168264,circular
719,1100,700,345.37484390398623,-85,-85,-85,-85,1350,700,28.53318697190622,14.0555414168264,circular
720,1100,700,345.37484390398623,-85,-85,-85,-85,1350,700,42.58872838873262,14.0555414168264,circular
721,1100,700,345.37484390398623,-85,-85,-85,-85,1350,700,56.64426980555902,14.0555414168264,circular
722,1100,700,345.37484390398623,-85,-85,-85,-85,1350,700,70.69981122238542,14.0555414168264,circular
723,1100,700,345.37484390398623,-85,-85,-85,-85,1350,700,84.75535263921182,14.0555414168264,circular
724,1100,700,345.37484390398623,-85,-85,-85,-85,1350,700,98.81089405603822,14.0555414168264,circular
725,1100,700,345.37484390398623,-85,-85,-85,-85,1350,700,112.86643547286462,14.0555414168264,circular
726,1100,700,345.37484390398623,-85,-85,-85,-85,1350,700,126.92197688969102,14.0555414168264,circular
727,1100,700,345.37484390398623,-85,-85,-85,-85,1350,700,140.97751830651742,14.0555414168264,circular
728,1100,700,345.37484390398623,20.48098321025059,-85,-85,17.513155499392102,1350,700,155.03305972334383,14.0555414168264,circular
729,1100,700,345.37484390398623,24.495315191602927,-85,-85,23.971022246457757,1350,700,169.08860114017023,14.0555414168264,circular
730,1100,700,345.37484390398623,25.859665714847075,-85,-85,25.684904084789974,1350,700,183.14414255699663,14.0555414168264,circular
731,1100,700,345.37484390398623,26.035130213615616,-85,-85,26.074956048612798,1350,700,197.19968397382303,14.0555414168264,circular
732,1100,700,345.37484390398623,25.157178905256924,-85,-85,25.452908776355446,1350,700,211.25522539064943,14.0555414168264,circular
733,1100,700,345.37484390398623,22.496022074683278,-85,-85,23.319699537123853,1350,700,225.31076680747583,14.0555414168264,circular
734,1100,700,345.37484390398623,-85,-85,-85,14.513447644213265,1350,700,239.36630822430223,14.0555414168264,circular
735,1100,700,345.37484390398623,-85,-85,-85,-85,1350,700,253.42184964112863,14.0555414168264,circular
736,1100,700,345.37484390398623,-85,-85,-85,-85,1350,700,267.47739105795506,14.0555414168264,circular
737,1100,700,345.37484390398623,-85,-85,-85,-85,1350,700,281.53293247478143,14.0555414168264,circular
738,1100,700,345.37484390398623,-85,-85,-85,-85,1350,700,295.5884738916078,14.0555414168264,circular
739,1100,700,345.37484390398623,-85,-85,-85,-85,1350,700,309.6440153084342,14.0555414168264,circular
740,1100,700,345.37484390398623,-85,-85,-85,-85,1350,700,323.69955672526055,14.0555414168264,circular
741,1100,700,345.37484390398623,-85,-85,-85,-85,1350,700,337.7550981420869,14.0555414168264,circular
742,1100,700,345.37484390398623,-85,-85,-85,-85,1350,700,351.8106395589133,14.0555414168264,circular
743,1100,700,345.37484390398623,-85,-85,-85,-85,1350,700,5.866180975739667,14.0555414168264,circular
744,1100,700,345.37484390398623,-85,-85,-85,-85,1350,700,19.921722392566068,14.0555414168264,circular
745,1100,700,345.37484390398623,-85,-85,-85,-85,1350,700,33.97726380939247,14.0555414168264,circular
746,1100,700,345.37484390398623,-85,-85,-85,-85,1350,700,48.03280522621887,14.0555414168264,circular
747,1100,700,345.37484390398623,-85,-85,-85,-85,1350,700,62.08834664304527,14.0555414168264,circular
748,1100,700,345.37484390398623,-85,-85,-85,-85,1350,700,76.14388805987167,14.0555414168264,circular
749,1100,700,345.37484390398623,-85,-85,-85,-85,1350,700,90.19942947669807,14.0555414168264,circular
750,1100,700,345.37484390398623,-85,-85,-85,-85,1350,700,104.25497089352447,14.0555414168264,circular
751,1100,700,345.37484390398623,-85,-85,-85,-85,1350,700,118.31051231035087,14.0555414168264,circular
752,1100,700,345.37484390398623,-85,-85,-85,-85,1350,700,132.36605372717727,14.0555414168264,circular
753,1100,700,345.37484390398623,-85,-85,-85,-85,1350,700,146.42159514400367,14.0555414168264,circular
754,1100,700,345.37484390398623,22.496022074683278,-85,-85,21.41811930585211,1350,700,160.47713656083008,14.0555414168264,circular
755,1100,700,345.37484390398623,25.157178905256924,-85,-85,24.78833704083229,1350,700,174.53267797765648,14.0555414168264,circular
756,1100,700,345.37484390398623,26.035130213615616,-85,-85,25.946643644493044,1350,700,188.58821939448288,14.0555414168264,circular
757,1100,700,345.37484390398623,25.859665714847075,-85,-85,25.9816463993744,1350,700,202.64376081130928,14.0555414168264,circular
758,1100,700,345.37484390398623,24.495315191602927,-85,-85,24.92014212493214,1350,700,216.69930222813568,14.0555414168264,circular
759,1100,700,345.37484390398623,20.48098321025059,-85,-85,21.81335663023087,1350,700,230.75484364496208,14.0555414168264,circular
760,1100,700,345.37484390398623,-85,-85,-85,-85,1350,700,244.81038506178848,14.0555414168264,circular
761,1100,700,345.37484390398623,-85,-85,-85,-85,1350,700,258.8659264786149,14.0555414168264,circular
762,1100,700,345.37484390398623,-85,-85,-85,-85,1350,700,272.9214678954413,14.0555414168264,circular
763,1100,700,345.37484390398623,-85,-85,-85,-85,1350,700,286.9770093122677,14.0555414168264,circular
764,1100,700,345.37484390398623,-85,-85,-85,-85,1350,700,301.03255072909405,14.0555414168264,circular
765,1100,700,345.37484390398623,-85,-85,-85,-85,1350,700,315.0880921459204,14.0555414168264,circular
766,1100,700,345.37484390398623,-85,-85,-85,-85,1350,700,329.1436335627468,14.0555414168264,circular
767,1100,700,345.37484390398623,-85,-85,-85,-85,1350,700,343.1991749795732,14.0555414168264,circular
768,1100,700,345.37484390398623,-85,-85,-85,-85,1350,700,357.25471639639954,14.0555414168264,circular
769,1100,700,345.37484390398623,-85,-85,-85,-85,1350,700,11.310257813225917,14.0555414168264,circular
770,1100,700,345.37484390398623,-85,-85,-85,-85,1350,700,25.365799230052318,14.0555414168264,circular
771,1100,700,345.37484390398623,-85,-85,-85,-85,1350,700,39.42134064687872,14.0555414168264,circular
772,1100,700,345.37484390398623,-85,-85,-85,-85,1350,700,53.47688206370512,14.0555414168264,circular
773,1100,700,345.37484390398623,-85,-85,-85,-85,1350,700,67.53242348053152,14.0555414168264,circular
774,1100,700,345.37484390398623,-85,-85,-85,-85,1350,700,81.58796489735792,14.0555414168264,circular
775,1100,700,345.37484390398623,-85,-85,-85,-85,1350,700,95.64350631418432,14.0555414168264,circular
776,1100,700,345.37484390398623,-85,-85,-85,-85,1350,700,109.69904773101072,14.0555414168264,circular
777,1100,700,345.37484390398623,-85,-85,-85,-85,1350,700,123.75458914783712,14.0555414168264,circular
778,1100,700,345.37484390398623,-85,-85,-85,-85,1350,700,137.81013056466352,14.0555414168264,circular
779,1100,700,345.37484390398623,18.47430475951294,-85,-85,11.505794098357505,1350,700,151.86567198148992,14.0555414168264,circular
780,1100,700,345.37484390398623,23.971022246457757,-85,-85,23.06730250275713,1350,700,165.92121339831633,14.0555414168264,circular
781,1100,700,345.37484390398623,25.684904084789974,-85,-85,25.36180729449956,1350,700,179.97675481514273,14.0555414168264,circular
782,1100,700,345.37484390398623,26.074956048612798,-85,-85,26.067010357935978,1350,700,194.03229623196913,14.0555414168264,circular
783,1100,700,345.37484390398623,25.452908776355446,-85,-85,25.684904084789977,1350,700,208.08783764879553,14.0555414168264,circular
784,1100,700,345.37484390398623,23.319699537123853,-85,-85,23.97102224645776,1350,700,222.14337906562193,14.0555414168264,circular
785,1100,700,345.37484390398623,14.513447644213265,-85,-85,18.474304759512954,1350,700,236.19892048244833,14.0555414168264,circular
786,1100,700,345.37484390398623,-85,-85,-85,-85,1350,700,250.25446189927473,14.0555414168264,circular
787,1100,700,345.37484390398623,-85,-85,-85,-85,1350,700,264.31000331610113,14.0555414168264,circular
788,1100,700,345.37484390398623,-85,-85,-85,-85,1350,700,278.36554473292756,14.0555414168264,circular
789,1100,700,345.37484390398623,-85,-85,-85,-85,1350,700,292.42108614975393,14.0555414168264,circular
790,1100,700,345.37484390398623,-85,-85,-85,-85,1350,700,306.4766275665803,14.0555414168264,circular
791,1100,700,345.37484390398623,-85,-85,-85,-85,1350,700,320.5321689834067,14.0555414168264,circular
792,1100,700,345.37484390398623,-85,-85,-85,-85,1350,700,334.58771040023305,14.0555414168264,circular
793,1100,700,345.37484390398623,-85,-85,-85,-85,1350,700,348.6432518170594,14.0555414168264,circular
794,1100,700,345.37484390398623,-85,-85,-85,-85,1350,700,2.6987932338857945,14.0555414168264,circular
795,1100,700,345.37484390398623,-85,-85,-85,-85,1350,700,16.754334650712195,14.0555414168264,circular
796,1100,700,345.37484390398623,-85,-85,-85,-85,1350,700,30.809876067538596,14.0555414168264,circular
797,1100,700,345.37484390398623,-85,-85,-85,-85,1350,700,44.865417484365,14.0555414168264,circular
798,1100,700,345.37484390398623,-85,-85,-85,-85,1350,700,58.9209589011914,14.0555414168264,circular
799,1100,700,345.37484390398623,-85,-85,-85,-85,1350,700,72.9765003180178,14.0555414168264,circular
800,1100,700,345.37484390398623,-85,-85,-85,-85,1350,700,87.0320417348442,14.0555414168264,circular
801,1100,700,345.37484390398623,-85,-85,-85,-85,1350,700,101.0875831516706,14.0555414168264,circular
802,1100,700,345.37484390398623,-85,-85,-85,-85,1350,700,115.143124568497,14.0555414168264,circular
803,1100,700,345.37484390398623,-85,-85,-85,-85,1350,700,129.1986659853234,14.0555414168264,circular
804,1100,700,345.37484390398623,-85,-85,-85,-85,1350,700,143.2542074021498,14.0555414168264,circular
805,1100,700,345.37484390398623,21.41811930585211,-85,-85,19.91435422725632,1350,700,157.3097488189762,14.0555414168264,circular
806,1100,700,345.37484390398623,24.78833704083229,-85,-85,24.33271141113945,1350,700,171.3652902358026,14.0555414168264,circular
807,1100,700,345.37484390398623,25.946643644493044,-85,-85,25.80746062382631,1350,700,185.420831652629,14.0555414168264,circular
808,1100,700,345.37484390398623,25.9816463993744,-85,-85,26.053745949214605,1350,700,199.4763730694554,14.0555414168264,circular
809,1100,700,345.37484390398623,24.92014212493214,-85,-85,25.263344594616918,1350,700,213.5319144862818,14.0555414168264,circular
810,1100,700,345.37484390398623,21.81335663023087,-85,-85,22.793695368992225,1350,700,227.5874559031082,14.0555414168264,circular
811,1100,700,345.37484390398623,-85,-85,-85,-85,1350,700,241.6429973199346,14.0555414168264,circular
812,1100,700,345.37484390398623,-85,-85,-85,-85,1350,700,255.698538736761,14.0555414168264,circular
813,1100,700,345.37484390398623,-85,-85,-85,-85,1350,700,269.75408015358744,14.0555414168264,circular
814,1100,700,345.37484390398623,-85,-85,-85,-85,1350,700,283.8096215704138,14.0555414168264,circular
815,1100,700,345.37484390398623,-85,-85,-85,-85,1350,700,297.8651629872402,14.0555414168264,circular
816,1100,700,345.37484390398623,-85,-85,-85,-85,1350,700,311.92070440406656,14.0555414168264,circular
817,1100,700,345.37484390398623,-85,-85,-85,-85,1350,700,325.9762458208929,14.0555414168264,circular
818,1100,700,345.37484390398623,-85,-85,-85,-85,1350,700,340.0317872377193,14.0555414168264,circular
819,1100,700,345.37484390398623,-85,-85,-85,-85,1350,700,354.0873286545457,14.0555414168264,circular
820,1100,700,345.37484390398623,-85,-85,-85,-85,1350,700,8.142870071372045,14.0555414168264,circular
821,1100,700,345.37484390398623,-85,-85,-85,-85,1350,700,22.198411488198445,14.0555414168264,circular
822,1100,700,345.37484390398623,-85,-85,-85,-85,1350,700,36.253952905024846,14.0555414168264,circular
823,1100,700,345.37484390398623,-85,-85,-85,-85,1350,700,50.30949432185125,14.0555414168264,circular
824,1100,700,345.37484390398623,-85,-85,-85,-85,1350,700,64.36503573867765,14.0555414168264,circular
825,1100,700,345.37484390398623,-85,-85,-85,-85,1350,700,78.42057715550405,14.0555414168264,circular
826,1100,700,345.37484390398623,-85,-85,-85,-85,1350,700,92.47611857233045,14.0555414168264,circular
827,1100,700,345.37484390398623,-85,-85,-85,-85,1350,700,106.53165998915685,14.0555414168264,circular
828,1100,700,345.37484390398623,-85,-85,-85,-85,1350,700,120.58720140598325,14.0555414168264,circular
829,1100,700,345.37484390398623,-85,-85,-85,-85,1350,700,134.64274282280965,14.0555414168264,circular
830,1100,700,345.37484390398623,11.505794098357505,-85,-85,-85,1350,700,148.69828423963605,14.0555414168264,circular
831,1100,700,345.37484390398623,23.06730250275713,-85,-85,22.170735458799452,1350,700,162.75382565646245,14.0555414168264,circular
832,1100,700,345.37484390398623,25.36180729449956,-85,-85,25.042923900792417,1350,700,176.80936707328885,14.0555414168264,circular
833,1100,700,345.37484390398623,26.074956048612798,-85,-85,26.011117049096303,1350,700,190.86490849011525,14.0555414168264,circular
834,1100,700,345.37484390398623,25.684904084789977,-85,-85,25.906018829630398,1350,700,204.92044990694166,14.0555414168264,circular
835,1100,700,345.37484390398623,23.97102224645776,-85,-85,24.646943359767004,1350,700,218.97599132376806,14.0555414168264,circular
836,1100,700,345.37484390398623,18.474304759512954,-85,-85,20.97742610025735,1350,700,233.03153274059446,14.0555414168264,circular
837,1100,700,345.37484390398623,-85,-85,-85,-85,1350,700,247.08707415742086,14.0555414168264,circular
838,1100,700,345.37484390398623,-85,-85,-85,-85,1350,700,261.14261557424726,14.0555414168264,circular
839,1100,700,345.37484390398623,-85,-85,-85,-85,1350,700,275.1981569910737,14.0555414168264,circular
840,1100,700,345.37484390398623,-85,-85,-85,-85,1350,700,289.25369840790006,14.0555414168264,circular
841,1100,700,345.37484390398623,-85,-85,-85,-85,1350,700,303.30923982472643,14.0555414168264,circular
842,1100,700,345.37484390398623,-85,-85,-85,-85,1350,700,317.3647812415528,14.0555414168264,circular
843,1100,700,345.37484390398623,-85,-85,-85,-85,1350,700,331.4203226583792,14.0555414168264,circular
844,1100,700,345.37484390398623,-85,-85,-85,-85,1350,700,345.47586407520555,14.0555414168264,circular
845,1100,700,345.37484390398623,-85,-85,-85,-85,1350,700,359.5314054920319,14.0555414168264,circular
846,1100,700,345.37484390398623,-85,-85,-85,-85,1350,700,13.586946908858295,14.0555414168264,circular
847,1100,700,345.37484390398623,-85,-85,-85,-85,1350,700,27.642488325684695,14.0555414168264,circular
848,1100,700,345.37484390398623,-85,-85,-85,-85,1350,700,41.698029742511096,14.0555414168264,circular
849,1100,700,345.37484390398623,-85,-85,-85,-85,1350,700,55.7535711593375,14.0555414168264,circular
850,1100,700,345.37484390398623,-85,-85,-85,-85,1350,700,69.8091125761639,14.0555414168264,circular
851,1100,700,345.37484390398623,-85,-85,-85,-85,1350,700,83.8646539929903,14.0555414168264,circular
852,1100,700,345.37484390398623,-85,-85,-85,-85,1350,700,97.9201954098167,14.0555414168264,circular
853,1100,700,345.37484390398623,-85,-85,-85,-85,1350,700,111.9757368266431,14.0555414168264,circular
854,1100,700,345.37484390398623,-85,-85,-85,-85,1350,700,126.0312782434695,14.0555414168264,circular
855,1100,700,345.37484390398623,-85,-85,-85,-85,1350,700,140.0868196602959,14.0555414168264,circular
856,1100,700,345.37484390398623,19.91435422725632,-85,-85,17.513155499392102,1350,700,154.1423610771223,14.0555414168264,circular
857,1100,700,345.37484390398623,24.33271141113945,-85,-85,23.769789312347285,1350,700,168.1979024939487,14.0555414168264,circular
858,1100,700,345.37484390398623,25.80746062382631,-85,-85,25.614204328866276,1350,700,182.2534439107751,14.0555414168264,circular
859,1100,700,345.37484390398623,26.053745949214605,-85,-85,26.077602459396946,1350,700,196.3089853276015,14.0555414168264,circular
860,1100,700,345.37484390398623,25.263344594616918,-85,-85,25.536951728381826,1350,700,210.3645267444279,14.0555414168264,circular
861,1100,700,345.37484390398623,22.793695368992225,-85,-85,23.553218972269416,1350,700,224.4200681612543,14.0555414168264,circular
862,1100,700,345.37484390398623,-85,-85,-85,16.269948115724716,1350,700,238.4756095780807,14.0555414168264,circular
863,1100,700,345.37484390398623,-85,-85,-85,-85,1350,700,252.5311509949071,14.0555414168264,circular
864,1100,700,345.37484390398623,-85,-85,-85,-85,1350,700,266.5866924117335,14.0555414168264,circular
865,1100,700,345.37484390398623,-85,-85,-85,-85,1350,700,280.64223382855994,14.0555414168264,circular
866,1100,700,345.37484390398623,-85,-85,-85,-85,1350,700,294.6977752453863,14.0555414168264,circular
867,1100,700,345.37484390398623,-85,-85,-85,-85,1350,700,308.7533166622127,14.0555414168264,circular
868,1100,700,345.37484390398623,-85,-85,-85,-85,1350,700,322.80885807903906,14.0555414168264,circular
869,1100,700,345.37484390398623,-85,-85,-85,-85,1350,700,336.8643994958654,14.0555414168264,circular
870,1100,700,345.37484390398623,-85,-85,-85,-85,1350,700,350.9199409126918,14.0555414168264,circular
871,1100,700,345.37484390398623,-85,-85,-85,-85,1350,700,4.975482329518172,14.0555414168264,circular
872,1100,700,345.37484390398623,-85,-85,-85,-85,1350,700,19.031023746344573,14.0555414168264,circular
873,1100,700,345.37484390398623,-85,-85,-85,-85,1350,700,33.086565163170974,14.0555414168264,circular
874,1100,700,345.37484390398623,-85,-85,-85,-85,1350,700,47.142106579997375,14.0555414168264,circular
875,1100,700,345.37484390398623,-85,-85,-85,-85,1350,700,61.197647996823775,14.0555414168264,circular
876,1100,700,345.37484390398623,-85,-85,-85,-85,1350,700,75.25318941365018,14.0555414168264,circular
877,1100,700,345.37484390398623,-85,-85,-85,-85,1350,700,89.30873083047658,14.0555414168264,circular
878,1100,700,345.37484390398623,-85,-85,-85,-85,1350,700,103.36427224730298,14.0555414168264,circular
879,1100,700,345.37484390398623,-85,-85,-85,-85,1350,700,117.41981366412938,14.0555414168264,circular
880,1100,700,345.37484390398623,-85,-85,-85,-85,1350,700,131.47535508095578,14.0555414168264,circular
881,1100,700,345.37484390398623,-85,-85,-85,-85,1350,700,145.53089649778218,14.0555414168264,circular
882,1100,700,345.37484390398623,22.170735458799452,-85,-85,20.97742610025734,1350,700,159.58643791460858,14.0555414168264,circular
883,1100,700,345.37484390398623,25.042923900792417,-85,-85,24.646943359767004,1350,700,173.64197933143498,14.0555414168264,circular
884,1100,700,345.37484390398623,26.011117049096303,-85,-85,25.906018829630398,1350,700,187.69752074826138,14.0555414168264,circular
885,1100,700,345.37484390398623,25.906018829630398,-85,-85,26.011117049096303,1350,700,201.75306216508778,14.0555414168264,circular
886,1100,700,345.37484390398623,24.646943359767004,-85,-85,25.042923900792417,1350,700,215.80860358191418,14.0555414168264,circular
887,1100,700,345.37484390398623,20.48098321025059,-85,-85,22.170735458799452,1350,700,229.86414499874058,14.0555414168264,circular
888,1100,700,345.37484390398623,-85,-85,-85,-85,1350,700,243.91968641556699,14.0555414168264,circular
889,1100,700,345.37484390398623,-85,-85,-85,-85,1350,700,257.9752278323934,14.0555414168264,circular
890,1100,700,345.37484390398623,-85,-85,-85,-85,1350,700,272.0307692492198,14.0555414168264,circular
891,1100,700,345.37484390398623,-85,-85,-85,-85,1350,700,286.0863106660462,14.0555414168264,circular
892,1100,700,345.37484390398623,-85,-85,-85,-85,1350,700,300.14185208287256,14.0555414168264,circular
893,1100,700,345.37484390398623,-85,-85,-85,-85,1350,700,314.19739349969893,14.0555414168264,circular
894,1100,700,345.37484390398623,-85,-85,-85,-85,1350,700,328.2529349165253,14.0555414168264,circular
895,1100,700,345.37484390398623,-85,-85,-85,-85,1350,700,342.3084763333517,14.0555414168264,circular
896,1100,700,345.37484390398623,-85,-85,-85,-85,1350,700,356.36401775017805,14.0555414168264,circular
897,1100,700,345.37484390398623,-85,-85,-85,-85,1350,700,10.419559167004422,14.0555414168264,circular
898,1100,700,345.37484390398623,-85,-85,-85,-85,1350,700,24.475100583830823,14.0555414168264,circular
899,1100,700,345.37484390398623,-85,-85,-85,-85,1350,700,38.530642000657224,14.0555414168264,circular
900,1100,700,345.37484390398623,-85,-85,-85,-85,1350,700,52.586183417483625,14.0555414168264,circular
901,1100,700,345.37484390398623,-85,-85,-85,-85,1350,700,66.64172483431003,14.0555414168264,circular
902,1100,700,345.37484390398623,-85,-85,-85,-85,1350,700,80.69726625113643,14.0555414168264,circular
903,1100,700,345.37484390398623,-85,-85,-85,-85,1350,700,94.75280766796283,14.0555414168264,circular
904,1100,700,345.37484390398623,-85,-85,-85,-85,1350,700,108.80834908478923,14.0555414168264,circular
905,1100,700,345.37484390398623,-85,-85,-85,-85,1350,700,122.86389050161563,14.0555414168264,circular
906,1100,700,345.37484390398623,-85,-85,-85,-85,1350,700,136.91943191844203,14.0555414168264,circular
907,1100,700,345.37484390398623,17.513155499392102,-85,-85,-85,1350,700,150.97497333526843,14.0555414168264,circular
908,1100,700,345.37484390398623,23.769789312347285,-85,-85,22.793695368992218,1350,700,165.03051475209483,14.0555414168264,circular
909,1100,700,345.37484390398623,25.614204328866276,-85,-85,25.36180729449956,1350,700,179.08605616892123,14.0555414168264,circular
910,1100,700,345.37484390398623,26.077602459396946,-85,-85,26.067010357935978,1350,700,193.14159758574763,14.0555414168264,circular
911,1100,700,345.37484390398623,25.536951728381826,-85,-85,25.7492610641292,1350,700,207.19713900257403,14.0555414168264,circular
912,1100,700,345.37484390398623,23.553218972269416,-85,-85,24.1582774269213,1350,700,221.25268041940043,14.0555414168264,circular
913,1100,700,345.37484390398623,16.269948115724716,-85,-85,19.25639156218219,1350,700,235.30822183622683,14.0555414168264,circular
914,1100,700,345.37484390398623,-85,-85,-85,-85,1350,700,249.36376325305324,14.0555414168264,circular
915,1100,700,345.37484390398623,-85,-85,-85,-85,1350,700,263.41930466987964,14.0555414168264,circular
916,1100,700,345.37484390398623,-85,-85,-85,-85,1350,700,277.47484608670607,14.0555414168264,circular
917,1100,700,345.37484390398623,-85,-85,-85,-85,1350,700,291.53038750353244,14.0555414168264,circular
918,1100,700,345.37484390398623,-85,-85,-85,-85,1350,700,305.5859289203588,14.0555414168264,circular
919,1100,700,345.37484390398623,-85,-85,-85,-85,1350,700,319.6414703371852,14.0555414168264,circular
920,1100,700,345.37484390398623,-85,-85,-85,-85,1350,700,333.69701175401156,14.0555414168264,circular
921,1100,700,345.37484390398623,-85,-85,-85,-85,1350,700,347.7525531708379,14.0555414168264,circular
922,1100,700,345.37484390398623,-85,-85,-85,-85,1350,700,1.8080945876643,14.0555414168264,circular
923,1100,700,345.37484390398623,-85,-85,-85,-85,1350,700,15.8636360044907,14.0555414168264,circular
924,1100,700,345.37484390398623,-85,-85,-85,-85,1350,700,29.9191774213171,14.0555414168264,circular
925,1100,700,345.37484390398623,-85,-85,-85,-85,1350,700,43.9747188381435,14.0555414168264,circular
926,1100,700,345.37484390398623,-85,-85,-85,-85,1350,700,58.0302602549699,14.0555414168264,circular
927,1100,700,345.37484390398623,-85,-85,-85,-85,1350,700,72.0858016717963,14.0555414168264,circular
928,1100,700,345.37484390398623,-85,-85,-85,-85,1350,700,86.1413430886227,14.0555414168264,circular
929,1100,700,345.37484390398623,-85,-85,-85,-85,1350,700,100.1968845054491,14.0555414168264,circular
930,1100,700,345.37484390398623,-85,-85,-85,-85,1350,700,114.2524259222755,14.0555414168264,circular
931,1100,700,345.37484390398623,-85,-85,-85,-85,1350,700,128.3079673391019,14.0555414168264,circular
932,1100,700,345.37484390398623,-85,-85,-85,-85,1350,700,142.3635087559283,14.0555414168264,circular
933,1100,700,345.37484390398623,20.97742610025734,-85,-85,19.25639156218217,1350,700,156.4190501727547,14.0555414168264,circular
934,1100,700,345.37484390398623,24.646943359767004,-85,-85,24.1582774269213,1350,700,170.4745915895811,14.0555414168264,circular
935,1100,700,345.37484390398623,25.906018829630398,-85,-85,25.7492610641292,1350,700,184.5301330064075,14.0555414168264,circular
936,1100,700,345.37484390398623,26.011117049096303,-85,-85,26.067010357935978,1350,700,198.5856744232339,14.0555414168264,circular
937,1100,700,345.37484390398623,25.042923900792417,-85,-85,25.361807294499556,1350,700,212.6412158400603,14.0555414168264,circular
938,1100,700,345.37484390398623,22.170735458799452,-85,-85,23.067302502757133,1350,700,226.6967572568867,14.0555414168264,circular
939,1100,700,345.37484390398623,-85,-85,-85,11.50579409835762,1350,700,240.7522986737131,14.0555414168264,circular
940,1100,700,345.37484390398623,-85,-85,-85,-85,1350,700,254.80784009053951,14.0555414168264,circular
941,1100,700,345.37484390398623,-85,-85,-85,-85,1350,700,268.86338150736594,14.0555414168264,circular
942,1100,700,345.37484390398623,-85,-85,-85,-85,1350,700,282.9189229241923,14.0555414168264,circular
943,1100,700,345.37484390398623,-85,-85,-85,-85,1350,700,296.9744643410187,14.0555414168264,circular
944,1100,700,345.37484390398623,-85,-85,-85,-85,1350,700,311.03000575784506,14.0555414168264,circular
945,1100,700,345.37484390398623,-85,-85,-85,-85,1350,700,325.08554717467143,14.0555414168264,circular
946,1100,700,345.37484390398623,-85,-85,-85,-85,1350,700,339.1410885914978,14.0555414168264,circular
947,1100,700,345.37484390398623,-85,-85,-85,-85,1350,700,353.1966300083242,14.0555414168264,circular
948,1100,700,345.37484390398623,-85,-85,-85,-85,1350,700,7.25217142515055,14.0555414168264,circular
949,1100,700,345.37484390398623,-85,-85,-85,-85,1350,700,21.30771284197695,14.0555414168264,circular
950,1100,700,345.37484390398623,-85,-85,-85,-85,1350,700,35.36325425880335,14.0555414168264,circular
951,1100,700,345.37484390398623,-85,-85,-85,-85,1350,700,49.41879567562975,14.0555414168264,circular
952,1100,700,345.37484390398623,-85,-85,-85,-85,1350,700,63.47433709245615,14.0555414168264,circular
953,1100,700,345.37484390398623,-85,-85,-85,-85,1350,700,77.52987850928255,14.0555414168264,circular
954,1100,700,345.37484390398623,-85,-85,-85,-85,1350,700,91.58541992610895,14.0555414168264,circular
955,1100,700,345.37484390398623,-85,-85,-85,-85,1350,700,105.64096134293536,14.0555414168264,circular
956,1100,700,345.37484390398623,-85,-85,-85,-85,1350,700,119.69650275976176,14.0555414168264,circular
957,1100,700,345.37484390398623,-85,-85,-85,-85,1350,700,133.75204417658816,14.0555414168264,circular
958,1100,700,345.37484390398623,-85,-85,-85,-85,1350,700,147.80758559341456,14.0555414168264,circular
959,1100,700,345.37484390398623,23.06730250275713,-85,-85,21.813356630230874,1350,700,161.86312701024096,14.0555414168264,circular
960,1100,700,345.37484390398623,25.36180729449956,-85,-85,24.92014212493214,1350,700,175.91866842706736,14.0555414168264,circular
961,1100,700,345.37484390398623,26.067010357935978,-85,-85,25.9816463993744,1350,700,189.97420984389376,14.0555414168264,circular
962,1100,700,345.37484390398623,25.7492610641292,-85,-85,25.946643644493044,1350,700,204.02975126072016,14.0555414168264,circular
963,1100,700,345.37484390398623,24.1582774269213,-85,-85,24.646943359767004,1350,700,218.08529267754656,14.0555414168264,circular
964,1100,700,345.37484390398623,19.25639156218219,-85,-85,20.97742610025735,1350,700,232.14083409437296,14.0555414168264,circular
965,1100,700,345.37484390398623,-85,-85,-85,-85,1350,700,246.19637551119936,14.0555414168264,circular
966,1100,700,345.37484390398623,-85,-85,-85,-85,1350,700,260.25191692802576,14.0555414168264,circular
967,1100,700,345.37484390398623,-85,-85,-85,-85,1350,700,274.3074583448522,14.0555414168264,circular
968,1100,700,345.37484390398623,-85,-85,-85,-85,1350,700,288.36299976167857,14.0555414168264,circular
969,1100,700,345.37484390398623,-85,-85,-85,-85,1350,700,302.41854117850494,14.0555414168264,circular
970,1100,700,345.37484390398623,-85,-85,-85,-85,1350,700,316.4740825953313,14.0555414168264,circular
971,1100,700,345.37484390398623,-85,-85,-85,-85,1350,700,330.5296240121577,14.0555414168264,circular
972,1100,700,345.37484390398623,-85,-85,-85,-85,1350,700,344.58516542898406,14.0555414168264,circular
973,1100,700,345.37484390398623,-85,-85,-85,-85,1350,700,358.6407068458104,14.0555414168264,circular
974,1100,700,345.37484390398623,-85,-85,-85,-85,1350,700,12.6962482626368,14.0555414168264,circular
975,1100,700,345.37484390398623,-85,-85,-85,-85,1350,700,26.7517896794632,14.0555414168264,circular
976,1100,700,345.37484390398623,-85,-85,-85,-85,1350,700,40.8073310962896,14.0555414168264,circular
977,1100,700,345.37484390398623,-85,-85,-85,-85,1350,700,54.862872513116,14.0555414168264,circular
978,1100,700,345.37484390398623,-85,-85,-85,-85,1350,700,68.9184139299424,14.0555414168264,circular
979,1100,700,345.37484390398623,-85,-85,-85,-85,1350,700,82.9739553467688,14.0555414168264,circular
980,1100,700,345.37484390398623,-85,-85,-85,-85,1350,700,97.0294967635952,14.0555414168264,circular
981,1100,700,345.37484390398623,-85,-85,-85,-85,1350,700,111.0850381804216,14.0555414168264,circular
982,1100,700,345.37484390398623,-85,-85,-85,-85,1350,700,125.140579597248,14.0555414168264,circular
983,1100,700,345.37484390398623,-85,-85,-85,-85,1350,700,139.1961210140744,14.0555414168264,circular
984,1100,700,345.37484390398623,19.25639156218217,-85,-85,16.269948115724727,1350,700,153.2516624309008,14.0555414168264,circular
985,1100,700,345.37484390398623,24.1582774269213,-85,-85,23.553218972269416,1350,700,167.3072038477272,14.0555414168264,circular
986,1100,700,345.37484390398623,25.7492610641292,-85,-85,25.536951728381826,1350,700,181.3627452645536,14.0555414168264,circular
987,1100,700,345.37484390398623,26.067010357935978,-85,-85,26.077602459396946,1350,700,195.41828668138,14.0555414168264,circular
988,1100,700,345.37484390398623,25.361807294499556,-85,-85,25.614204328866276,1350,700,209.4738280982064,14.0555414168264,circular
989,1100,700,345.37484390398623,23.067302502757133,-85,-85,23.769789312347285,1350,700,223.5293695150328,14.0555414168264,circular
990,1100,700,345.37484390398623,11.50579409835762,-85,-85,17.51315549939211,1350,700,237.5849109318592,14.0555414168264,circular
991,1100,700,345.37484390398623,-85,-85,-85,-85,1350,700,251.6404523486856,14.0555414168264,circular
992,1100,700,345.37484390398623,-85,-85,-85,-85,1350,700,265.695993765512,14.0555414168264,circular
993,1100,700,345.37484390398623,-85,-85,-85,-85,1350,700,279.75153518233844,14.0555414168264,circular
994,1100,700,345.37484390398623,-85,-85,-85,-85,1350,700,293.8070765991648,14.0555414168264,circular
995,1100,700,345.37484390398623,-85,-85,-85,-85,1350,700,307.8626180159912,14.0555414168264,circular
996,1100,700,345.37484390398623,-85,-85,-85,-85,1350,700,321.91815943281756,14.0555414168264,circular
997,1100,700,345.37484390398623,-85,-85,-85,-85,1350,700,335.97370084964393,14.0555414168264,circular
998,1100,700,345.37484390398623,-85,-85,-85,-85,1350,700,350.0292422664703,14.0555414168264,circular
999,1100,700,345.37484390398623,-85,-85,-85,-85,1350,700,4.084783683296678,14.0555414168264,circular
