Tick,Aircraft X,Aircraft Y,Aircraft Heading,A1,A2,A3,A4,Radar X,Radar Y,Radar Azimuth,Radar RPM,Radar Scan Pattern
0,1100,700,189.0547848563362,-85,-85,-85,-85,1350,700,78.16541055515111,13.67745002561852,circular
1,1100,700,189.0547848563362,-85,-85,-85,-85,1350,700,91.84286058076964,13.67745002561852,circular
2,1100,700,189.0547848563362,-85,-85,-85,-85,1350,700,105.52031060638816,13.67745002561852,circular
3,1100,700,189.0547848563362,-85,-85,-85,-85,1350,700,119.19776063200669,13.67745002561852,circular
4,1100,700,189.0547848563362,-85,-85,-85,-85,1350,700,132.87521065762522,13.67745002561852,circular
5,1100,700,189.0547848563362,-85,-85,-85,-85,1350,700,146.55266068324374,13.67745002561852,circular
6,1100,700,189.0547848563362,-85,21.813356630230874,22.793695368992218,-85,1350,700,160.23011070886227,13.67745002561852,circular
7,1100,700,189.0547848563362,-85,24.78833704083229,25.26334459461691,-85,1350,700,173.9075607344808,13.67745002561852,circular
8,1100,700,189.0547848563362,-85,25.946643644493044,26.035130213615616,-85,1350,700,187.58501076009932,13.67745002561852,circular
9,1100,700,189.0547848563362,-85,25.9816463993744,25.859665714847075,-85,1350,700,201.26246078571785,13.67745002561852,circular
10,1100,700,189.0547848563362,-85,25.042923900792417,24.495315191602927,-85,1350,700,214.93991081133638,13.67745002561852,circular
11,1100,700,189.0547848563362,-85,22.170735458799452,20.97742610025735,-85,1350,700,228.6173608369549,13.67745002561852,circular
12,1100,700,189.0547848563362,-85,-85,-85,-85,1350,700,242.29481086257343,13.67745002561852,circular
13,1100,700,189.0547848563362,-85,-85,-85,-85,1350,700,255.97226088819195,13.67745002561852,circular
14,1100,700,189.0547848563362,-85,-85,-85,-85,1350,700,269.64971091381045,13.67745002561852,circular
15,1100,700,189.0547848563362,-85,-85,-85,-85,1350,700,283.32716093942895,13.67745002561852,circular
16,1100,700,189.0547848563362,-85,-85,-85,-85,1350,700,297.00461096504745,13.67745002561852,circular
17,1100,700,189.0547848563362,-85,-85,-85,-85,1350,700,310.68206099066595,13.67745002561852,circular
18,1100,700,189.0547848563362,-85,-85,-85,-85,1350,700,324.35951101628444,13.67745002561852,circular
19,1100,700,189.0547848563362,-85,-85,-85,-85,1350,700,338.03696104190294,13.67745002561852,circular
20,1100,700,189.0547848563362,-85,-85,-85,-85,1350,700,351.71441106752144,13.67745002561852,circular
21,1100,700,189.0547848563362,-85,-85,-85,-85,1350,700,5.391861093139937,13.67745002561852,circular
22,1100,700,189.0547848563362,-85,-85,-85,-85,1350,700,19.069311118758456,13.67745002561852,circular
23,1100,700,189.0547848563362,-85,-85,-85,-85,1350,700,32.746761144376975,13.67745002561852,circular
24,1100,700,189.0547848563362,-85,-85,-85,-85,1350,700,46.424211169995495,13.67745002561852,circular
25,1100,700,189.0547848563362,-85,-85,-85,-85,1350,700,60.101661195614014,13.67745002561852,circular
26,1100,700,189.0547848563362,-85,-85,-85,-85,1350,700,73.77911122123254,13.67745002561852,circular
27,1100,700,189.0547848563362,-85,-85,-85,-85,1350,700,87.45656124685107,13.67745002561852,circular
28,1100,700,189.0547848563362,-85,-85,-85,-85,1350,700,101.13401127246959,13.67745002561852,circular
29,1100,700,189.0547848563362,-85,-85,-85,-85,1350,700,114.81146129808812,13.67745002561852,circular
30,1100,700,189.0547848563362,-85,-85,-85,-85,1350,700,128.48891132370665,13.67745002561852,circular
31,1100,700,189.0547848563362,-85,-85,-85,-85,1350,700,142.16636134932517,13.67745002561852,circular
32,1100,700,189.0547848563362,-85,19.25639156218217,21.41811930585211,-85,1350,700,155.8438113749437,13.67745002561852,circular
33,1100,700,189.0547848563362,-85,24.1582774269213,24.646943359767004,-85,1350,700,169.52126140056222,13.67745002561852,circular
34,1100,700,189.0547848563362,-85,25.7492610641292,25.906018829630398,-85,1350,700,183.19871142618075,13.67745002561852,circular
35,1100,700,189.0547848563362,-85,26.074956048612798,26.011117049096303,-85,1350,700,196.87616145179928,13.67745002561852,circular
36,1100,700,189.0547848563362,-85,25.452908776355446,25.157178905256924,-85,1350,700,210.5536114774178,13.67745002561852,circular
37,1100,700,189.0547848563362,-85,23.319699537123853,22.496022074683278,-85,1350,700,224.23106150303633,13.67745002561852,circular
38,1100,700,189.0547848563362,-85,16.269948115724716,-85,-85,1350,700,237.90851152865486,13.67745002561852,circular
39,1100,700,189.0547848563362,-85,-85,-85,-85,1350,700,251.58596155427338,13.67745002561852,circular
40,1100,700,189.0547848563362,-85,-85,-85,-85,1350,700,265.2634115798919,13.67745002561852,circular
41,1100,700,189.0547848563362,-85,-85,-85,-85,1350,700,278.9408616055104,13.67745002561852,circular
42,1100,700,189.0547848563362,-85,-85,-85,-85,1350,700,292.6183116311289,13.67745002561852,circular
43,1100,700,189.0547848563362,-85,-85,-85,-85,1350,700,306.2957616567474,13.67745002561852,circular
44,1100,700,189.0547848563362,-85,-85,-85,-85,1350,700,319.9732116823659,13.67745002561852,circular
45,1100,700,189.0547848563362,-85,-85,-85,-85,1350,700,333.6506617079844,13.67745002561852,circular
46,1100,700,189.0547848563362,-85,-85,-85,-85,1350,700,347.3281117336029,13.67745002561852,circular
47,1100,700,189.0547848563362,-85,-85,-85,-85,1350,700,1.0055617592213935,13.67745002561852,circular
48,1100,700,189.0547848563362,-85,-85,-85,-85,1350,700,14.683011784839913,13.67745002561852,circular
49,1100,700,189.0547848563362,-85,-85,-85,-85,1350,700,28.360461810458432,13.67745002561852,circular
50,1100,700,189.0547848563362,-85,-85,-85,-85,1350,700,42.03791183607695,13.67745002561852,circular
51,1100,700,189.0547848563362,-85,-85,-85,-85,1350,700,55.71536186169547,13.67745002561852,circular
52,1100,700,189.0547848563362,-85,-85,-85,-85,1350,700,69.392811887314,13.67745002561852,circular
53,1100,700,189.0547848563362,-85,-85,-85,-85,1350,700,83.07026191293252,13.67745002561852,circular
54,1100,700,189.0547848563362,-85,-85,-85,-85,1350,700,96.74771193855105,13.67745002561852,circular
55,1100,700,189.0547848563362,-85,-85,-85,-85,1350,700,110.42516196416958,13.67745002561852,circular
56,1100,700,189.0547848563362,-85,-85,-85,-85,1350,700,124.1026119897881,13.67745002561852,circular
57,1100,700,189.0547848563362,-85,-85,-85,-85,1350,700,137.78006201540663,13.67745002561852,circular
58,1100,700,189.0547848563362,-85,14.513447644213304,18.47430475951294,-85,1350,700,151.45751204102515,13.67745002561852,circular
59,1100,700,189.0547848563362,-85,23.31969953712386,23.971022246457757,-85,1350,700,165.13496206664368,13.67745002561852,circular
60,1100,700,189.0547848563362,-85,25.36180729449956,25.684904084789974,-85,1350,700,178.8124120922622,13.67745002561852,circular
61,1100,700,189.0547848563362,-85,26.067010357935978,26.077602459396946,-85,1350,700,192.48986211788073,13.67745002561852,circular
62,1100,700,189.0547848563362,-85,25.7492610641292,25.536951728381826,-85,1350,700,206.16731214349926,13.67745002561852,circular
63,1100,700,189.0547848563362,-85,24.332711411139446,23.553218972269416,-85,1350,700,219.84476216911779,13.67745002561852,circular
64,1100,700,189.0547848563362,-85,19.914354227256315,17.51315549939211,-85,1350,700,233.5222121947363,13.67745002561852,circular
65,1100,700,189.0547848563362,-85,-85,-85,-85,1350,700,247.19966222035484,13.67745002561852,circular
66,1100,700,189.0547848563362,-85,-85,-85,-85,1350,700,260.87711224597336,13.67745002561852,circular
67,1100,700,189.0547848563362,-85,-85,-85,-85,1350,700,274.55456227159186,13.67745002561852,circular
68,1100,700,189.0547848563362,-85,-85,-85,-85,1350,700,288.23201229721036,13.67745002561852,circular
69,1100,700,189.0547848563362,-85,-85,-85,-85,1350,700,301.90946232282886,13.67745002561852,circular
70,1100,700,189.0547848563362,-85,-85,-85,-85,1350,700,315.58691234844736,13.67745002561852,circular
71,1100,700,189.0547848563362,-85,-85,-85,-85,1350,700,329.26436237406585,13.67745002561852,circular
72,1100,700,189.0547848563362,-85,-85,-85,-85,1350,700,342.94181239968435,13.67745002561852,circular
73,1100,700,189.0547848563362,-85,-85,-85,-85,1350,700,356.61926242530285,13.67745002561852,circular
74,1100,700,189.0547848563362,-85,-85,-85,-85,1350,700,10.296712450921348,13.67745002561852,circular
75,1100,700,189.0547848563362,-85,-85,-85,-85,1350,700,23.974162476539867,13.67745002561852,circular
76,1100,700,189.0547848563362,-85,-85,-85,-85,1350,700,37.651612502158386,13.67745002561852,circular
77,1100,700,189.0547848563362,-85,-85,-85,-85,1350,700,51.329062527776905,13.67745002561852,circular
78,1100,700,189.0547848563362,-85,-85,-85,-85,1350,700,65.00651255339542,13.67745002561852,circular
79,1100,700,189.0547848563362,-85,-85,-85,-85,1350,700,78.68396257901395,13.67745002561852,circular
80,1100,700,189.0547848563362,-85,-85,-85,-85,1350,700,92.36141260463248,13.67745002561852,circular
81,1100,700,189.0547848563362,-85,-85,-85,-85,1350,700,106.038862630251,13.67745002561852,circular
82,1100,700,189.0547848563362,-85,-85,-85,-85,1350,700,119.71631265586953,13.67745002561852,circular
83,1100,700,189.0547848563362,-85,-85,-85,-85,1350,700,133.39376268148806,13.67745002561852,circular
84,1100,700,189.0547848563362,-85,-85,11.505794098357505,-85,1350,700,147.07121270710658,13.67745002561852,circular
85,1100,700,189.0547848563362,-85,21.813356630230874,22.793695368992218,-85,1350,700,160.7486627327251,13.67745002561852,circular
86,1100,700,189.0547848563362,-85,24.92014212493214,25.26334459461691,-85,1350,700,174.42611275834363,13.67745002561852,circular
87,1100,700,189.0547848563362,-85,25.9816463993744,26.053745949214605,-85,1350,700,188.10356278396216,13.67745002561852,circular
88,1100,700,189.0547848563362,-85,25.9816463993744,25.807460623826316,-85,1350,700,201.7810128095807,13.67745002561852,circular
89,1100,700,189.0547848563362,-85,24.92014212493214,24.495315191602927,-85,1350,700,215.4584628351992,13.67745002561852,circular
90,1100,700,189.0547848563362,-85,21.81335663023087,20.48098321025059,-85,1350,700,229.13591286081774,13.67745002561852,circular
91,1100,700,189.0547848563362,-85,-85,-85,-85,1350,700,242.81336288643627,13.67745002561852,circular
92,1100,700,189.0547848563362,-85,-85,-85,-85,1350,700,256.49081291205476,13.67745002561852,circular
93,1100,700,189.0547848563362,-85,-85,-85,-85,1350,700,270.16826293767326,13.67745002561852,circular
94,1100,700,189.0547848563362,-85,-85,-85,-85,1350,700,283.84571296329176,13.67745002561852,circular
95,1100,700,189.0547848563362,-85,-85,-85,-85,1350,700,297.52316298891026,13.67745002561852,circular
96,1100,700,189.0547848563362,-85,-85,-85,-85,1350,700,311.20061301452876,13.67745002561852,circular
97,1100,700,189.0547848563362,-85,-85,-85,-85,1350,700,324.87806304014725,13.67745002561852,circular
98,1100,700,189.0547848563362,-85,-85,-85,-85,1350,700,338.55551306576575,13.67745002561852,circular
99,1100,700,189.0547848563362,-85,-85,-85,-85,1350,700,352.23296309138425,13.67745002561852,circular
100,1100,700,189.0547848563362,-85,-85,-85,-85,1350,700,5.910413117002747,13.67745002561852,circular
101,1100,700,189.0547848563362,-85,-85,-85,-85,1350,700,19.587863142621266,13.67745002561852,circular
102,1100,700,189.0547848563362,-85,-85,-85,-85,1350,700,33.265313168239786,13.67745002561852,circular
103,1100,700,189.0547848563362,-85,-85,-85,-85,1350,700,46.942763193858305,13.67745002561852,circular
104,1100,700,189.0547848563362,-85,-85,-85,-85,1350,700,60.620213219476824,13.67745002561852,circular
105,1100,700,189.0547848563362,-85,-85,-85,-85,1350,700,74.29766324509535,13.67745002561852,circular
106,1100,700,189.0547848563362,-85,-85,-85,-85,1350,700,87.97511327071388,13.67745002561852,circular
107,1100,700,189.0547848563362,-85,-85,-85,-85,1350,700,101.6525632963324,13.67745002561852,circular
108,1100,700,189.0547848563362,-85,-85,-85,-85,1350,700,115.33001332195093,13.67745002561852,circular
109,1100,700,189.0547848563362,-85,-85,-85,-85,1350,700,129.00746334756946,13.67745002561852,circular
110,1100,700,189.0547848563362,-85,-85,-85,-85,1350,700,142.68491337318798,13.67745002561852,circular
111,1100,700,189.0547848563362,-85,19.91435422725632,21.41811930585211,-85,1350,700,156.3623633988065,13.67745002561852,circular
112,1100,700,189.0547848563362,-85,24.1582774269213,24.78833704083229,-85,1350,700,170.03981342442503,13.67745002561852,circular
113,1100,700,189.0547848563362,-85,25.7492610641292,25.906018829630398,-85,1350,700,183.71726345004356,13.67745002561852,circular
114,1100,700,189.0547848563362,-85,26.067010357935978,26.011117049096303,-85,1350,700,197.3947134756621,13.67745002561852,circular
115,1100,700,189.0547848563362,-85,25.361807294499556,25.042923900792417,-85,1350,700,211.0721635012806,13.67745002561852,circular
116,1100,700,189.0547848563362,-85,23.319699537123853,22.496022074683278,-85,1350,700,224.74961352689914,13.67745002561852,circular
117,1100,700,189.0547848563362,-85,14.513447644213265,-85,-85,1350,700,238.42706355251767,13.67745002561852,circular
118,1100,700,189.0547848563362,-85,-85,-85,-85,1350,700,252.1045135781362,13.67745002561852,circular
119,1100,700,189.0547848563362,-85,-85,-85,-85,1350,700,265.7819636037547,13.67745002561852,circular
120,1100,700,189.0547848563362,-85,-85,-85,-85,1350,700,279.4594136293732,13.67745002561852,circular
121,1100,700,189.0547848563362,-85,-85,-85,-85,1350,700,293.1368636549917,13.67745002561852,circular
122,1100,700,189.0547848563362,-85,-85,-85,-85,1350,700,306.8143136806102,13.67745002561852,circular
123,1100,700,189.0547848563362,-85,-85,-85,-85,1350,700,320.4917637062287,13.67745002561852,circular
124,1100,700,189.0547848563362,-85,-85,-85,-85,1350,700,334.1692137318472,13.67745002561852,circular
125,1100,700,189.0547848563362,-85,-85,-85,-85,1350,700,347.8466637574657,13.67745002561852,circular
126,1100,700,189.0547848563362,-85,-85,-85,-85,1350,700,1.5241137830842035,13.67745002561852,circular
127,1100,700,189.0547848563362,-85,-85,-85,-85,1350,700,15.201563808702723,13.67745002561852,circular
128,1100,700,189.0547848563362,-85,-85,-85,-85,1350,700,28.879013834321242,13.67745002561852,circular
129,1100,700,189.0547848563362,-85,-85,-85,-85,1350,700,42.55646385993976,13.67745002561852,circular
130,1100,700,189.0547848563362,-85,-85,-85,-85,1350,700,56.23391388555828,13.67745002561852,circular
131,1100,700,189.0547848563362,-85,-85,-85,-85,1350,700,69.9113639111768,13.67745002561852,circular
132,1100,700,189.0547848563362,-85,-85,-85,-85,1350,700,83.58881393679533,13.67745002561852,circular
133,1100,700,189.0547848563362,-85,-85,-85,-85,1350,700,97.26626396241386,13.67745002561852,circular
134,1100,700,189.0547848563362,-85,-85,-85,-85,1350,700,110.94371398803239,13.67745002561852,circular
135,1100,700,189.0547848563362,-85,-85,-85,-85,1350,700,124.62116401365091,13.67745002561852,circular
136,1100,700,189.0547848563362,-85,-85,-85,-85,1350,700,138.29861403926944,13.67745002561852,circular
137,1100,700,189.0547848563362,-85,14.513447644213304,19.25639156218217,-85,1350,700,151.97606406488796,13.67745002561852,circular
138,1100,700,189.0547848563362,-85,23.31969953712386,23.971022246457757,-85,1350,700,165.6535140905065,13.67745002561852,circular
139,1100,700,189.0547848563362,-85,25.452908776355446,25.684904084789974,-85,1350,700,179.33096411612502,13.67745002561852,circular
140,1100,700,189.0547848563362,-85,26.067010357935978,26.074956048612798,-85,1350,700,193.00841414174354,13.67745002561852,circular
141,1100,700,189.0547848563362,-85,25.7492610641292,25.536951728381826,-85,1350,700,206.68586416736207,13.67745002561852,circular
142,1100,700,189.0547848563362,-85,24.1582774269213,23.553218972269416,-85,1350,700,220.3633141929806,13.67745002561852,circular
143,1100,700,189.0547848563362,-85,19.914354227256315,16.269948115724716,-85,1350,700,234.04076421859912,13.67745002561852,circular
144,1100,700,189.0547848563362,-85,-85,-85,-85,1350,700,247.71821424421765,13.67745002561852,circular
145,1100,700,189.0547848563362,-85,-85,-85,-85,1350,700,261.3956642698362,13.67745002561852,circular
146,1100,700,189.0547848563362,-85,-85,-85,-85,1350,700,275.0731142954547,13.67745002561852,circular
147,1100,700,189.0547848563362,-85,-85,-85,-85,1350,700,288.75056432107317,13.67745002561852,circular
148,1100,700,189.0547848563362,-85,-85,-85,-85,1350,700,302.42801434669167,13.67745002561852,circular
149,1100,700,189.0547848563362,-85,-85,-85,-85,1350,700,316.10546437231017,13.67745002561852,circular
150,1100,700,189.0547848563362,-85,-85,-85,-85,1350,700,329.78291439792866,13.67745002561852,circular
151,1100,700,189.0547848563362,-85,-85,-85,-85,1350,700,343.46036442354716,13.67745002561852,circular
152,1100,700,189.0547848563362,-85,-85,-85,-85,1350,700,357.13781444916566,13.67745002561852,circular
153,1100,700,189.0547848563362,-85,-85,-85,-85,1350,700,10.815264474784158,13.67745002561852,circular
154,1100,700,189.0547848563362,-85,-85,-85,-85,1350,700,24.492714500402677,13.67745002561852,circular
155,1100,700,189.0547848563362,-85,-85,-85,-85,1350,700,38.170164526021196,13.67745002561852,circular
156,1100,700,189.0547848563362,-85,-85,-85,-85,1350,700,51.847614551639715,13.67745002561852,circular
157,1100,700,189.0547848563362,-85,-85,-85,-85,1350,700,65.52506457725823,13.67745002561852,circular
158,1100,700,189.0547848563362,-85,-85,-85,-85,1350,700,79.20251460287676,13.67745002561852,circular
159,1100,700,189.0547848563362,-85,-85,-85,-85,1350,700,92.87996462849529,13.67745002561852,circular
160,1100,700,189.0547848563362,-85,-85,-85,-85,1350,700,106.55741465411381,13.67745002561852,circular
161,1100,700,189.0547848563362,-85,-85,-85,-85,1350,700,120.23486467973234,13.67745002561852,circular
162,1100,700,189.0547848563362,-85,-85,-85,-85,1350,700,133.91231470535087,13.67745002561852,circular
163,1100,700,189.0547848563362,-85,-85,11.505794098357505,-85,1350,700,147.5897647309694,13.67745002561852,circular
164,1100,700,189.0547848563362,-85,22.170735458799452,23.06730250275713,-85,1350,700,161.26721475658792,13.67745002561852,circular
165,1100,700,189.0547848563362,-85,24.92014212493214,25.36180729449956,-85,1350,700,174.94466478220644,13.67745002561852,circular
166,1100,700,189.0547848563362,-85,25.9816463993744,26.053745949214605,-85,1350,700,188.62211480782497,13.67745002561852,circular
167,1100,700,189.0547848563362,-85,25.946643644493044,25.807460623826316,-85,1350,700,202.2995648334435,13.67745002561852,circular
168,1100,700,189.0547848563362,-85,24.92014212493214,24.332711411139446,-85,1350,700,215.97701485906202,13.67745002561852,circular
169,1100,700,189.0547848563362,-85,21.81335663023087,20.48098321025059,-85,1350,700,229.65446488468055,13.67745002561852,circular
170,1100,700,189.0547848563362,-85,-85,-85,-85,1350,700,243.33191491029908,13.67745002561852,circular
171,1100,700,189.0547848563362,-85,-85,-85,-85,1350,700,257.0093649359176,13.67745002561852,circular
172,1100,700,189.0547848563362,-85,-85,-85,-85,1350,700,270.6868149615361,13.67745002561852,circular
173,1100,700,189.0547848563362,-85,-85,-85,-85,1350,700,284.36426498715457,13.67745002561852,circular
174,1100,700,189.0547848563362,-85,-85,-85,-85,1350,700,298.04171501277307,13.67745002561852,circular
175,1100,700,189.0547848563362,-85,-85,-85,-85,1350,700,311.71916503839157,13.67745002561852,circular
176,1100,700,189.0547848563362,-85,-85,-85,-85,1350,700,325.39661506401006,13.67745002561852,circular
177,1100,700,189.0547848563362,-85,-85,-85,-85,1350,700,339.07406508962856,13.67745002561852,circular
178,1100,700,189.0547848563362,-85,-85,-85,-85,1350,700,352.75151511524706,13.67745002561852,circular
179,1100,700,189.0547848563362,-85,-85,-85,-85,1350,700,6.428965140865557,13.67745002561852,circular
180,1100,700,189.0547848563362,-85,-85,-85,-85,1350,700,20.106415166484076,13.67745002561852,circular
181,1100,700,189.0547848563362,-85,-85,-85,-85,1350,700,33.783865192102596,13.67745002561852,circular
182,1100,700,189.0547848563362,-85,-85,-85,-85,1350,700,47.461315217721115,13.67745002561852,circular
183,1100,700,189.0547848563362,-85,-85,-85,-85,1350,700,61.138765243339634,13.67745002561852,circular
184,1100,700,189.0547848563362,-85,-85,-85,-85,1350,700,74.81621526895816,13.67745002561852,circular
185,1100,700,189.0547848563362,-85,-85,-85,-85,1350,700,88.49366529457669,13.67745002561852,circular
186,1100,700,189.0547848563362,-85,-85,-85,-85,1350,700,102.17111532019521,13.67745002561852,circular
187,1100,700,189.0547848563362,-85,-85,-85,-85,1350,700,115.84856534581374,13.67745002561852,circular
188,1100,700,189.0547848563362,-85,-85,-85,-85,1350,700,129.52601537143227,13.67745002561852,circular
189,1100,700,189.0547848563362,-85,-85,-85,-85,1350,700,143.2034653970508,13.67745002561852,circular
190,1100,700,189.0547848563362,-85,19.91435422725632,21.813356630230874,-85,1350,700,156.88091542266932,13.67745002561852,circular
191,1100,700,189.0547848563362,-85,24.33271141113945,24.78833704083229,-85,1350,700,170.55836544828784,13.67745002561852,circular
192,1100,700,189.0547848563362,-85,25.80746062382631,25.946643644493044,-85,1350,700,184.23581547390637,13.67745002561852,circular
193,1100,700,189.0547848563362,-85,26.067010357935978,25.9816463993744,-85,1350,700,197.9132654995249,13.67745002561852,circular
194,1100,700,189.0547848563362,-85,25.361807294499556,25.042923900792417,-85,1350,700,211.59071552514342,13.67745002561852,circular
195,1100,700,189.0547848563362,-85,23.067302502757133,22.170735458799452,-85,1350,700,225.26816555076195,13.67745002561852,circular
196,1100,700,189.0547848563362,-85,14.513447644213265,-85,-85,1350,700,238.94561557638048,13.67745002561852,circular
197,1100,700,189.0547848563362,-85,-85,-85,-85,1350,700,252.623065601999,13.67745002561852,circular
198,1100,700,189.0547848563362,-85,-85,-85,-85,1350,700,266.30051562761753,13.67745002561852,circular
199,1100,700,189.0547848563362,-85,-85,-85,-85,1350,700,279.977965653236,13.67745002561852,circular
200,1100,700,189.0547848563362,-85,-85,-85,-85,1350,700,293.6554156788545,13.67745002561852,circular
201,1100,700,189.0547848563362,-85,-85,-85,-85,1350,700,307.332865704473,13.67745002561852,circular
202,1100,700,189.0547848563362,-85,-85,-85,-85,1350,700,321.0103157300915,13.67745002561852,circular
203,1100,700,189.0547848563362,-85,-85,-85,-85,1350,700,334.68776575571,13.67745002561852,circular
204,1100,700,189.0547848563362,-85,-85,-85,-85,1350,700,348.3652157813285,13.67745002561852,circular
205,1100,700,189.0547848563362,-85,-85,-85,-85,1350,700,2.0426658069470136,13.67745002561852,circular
206,1100,700,189.0547848563362,-85,-85,-85,-85,1350,700,15.720115832565533,13.67745002561852,circular
207,1100,700,189.0547848563362,-85,-85,-85,-85,1350,700,29.397565858184052,13.67745002561852,circular
208,1100,700,189.0547848563362,-85,-85,-85,-85,1350,700,43.07501588380257,13.67745002561852,circular
209,1100,700,189.0547848563362,-85,-85,-85,-85,1350,700,56.75246590942109,13.67745002561852,circular
210,1100,700,189.0547848563362,-85,-85,-85,-85,1350,700,70.42991593503962,13.67745002561852,circular
211,1100,700,189.0547848563362,-85,-85,-85,-85,1350,700,84.10736596065814,13.67745002561852,circular
212,1100,700,189.0547848563362,-85,-85,-85,-85,1350,700,97.78481598627667,13.67745002561852,circular
213,1100,700,189.0547848563362,-85,-85,-85,-85,1350,700,111.4622660118952,13.67745002561852,circular
214,1100,700,189.0547848563362,-85,-85,-85,-85,1350,700,125.13971603751372,13.67745002561852,circular
215,1100,700,189.0547848563362,-85,-85,-85,-85,1350,700,138.81716606313225,13.67745002561852,circular
216,1100,700,189.0547848563362,-85,16.269948115724727,19.25639156218217,-85,1350,700,152.49461608875077,13.67745002561852,circular
217,1100,700,189.0547848563362,-85,23.553218972269416,24.1582774269213,-85,1350,700,166.1720661143693,13.67745002561852,circular
218,1100,700,189.0547848563362,-85,25.452908776355446,25.7492610641292,-85,1350,700,179.84951613998783,13.67745002561852,circular
219,1100,700,189.0547848563362,-85,26.074956048612798,26.074956048612798,-85,1350,700,193.52696616560635,13.67745002561852,circular
220,1100,700,189.0547848563362,-85,25.684904084789977,25.452908776355446,-85,1350,700,207.20441619122488,13.67745002561852,circular
221,1100,700,189.0547848563362,-85,24.1582774269213,23.319699537123853,-85,1350,700,220.8818662168434,13.67745002561852,circular
222,1100,700,189.0547848563362,-85,19.25639156218219,16.269948115724716,-85,1350,700,234.55931624246193,13.67745002561852,circular
223,1100,700,189.0547848563362,-85,-85,-85,-85,1350,700,248.23676626808046,13.67745002561852,circular
224,1100,700,189.0547848563362,-85,-85,-85,-85,1350,700,261.914216293699,13.67745002561852,circular
225,1100,700,189.0547848563362,-85,-85,-85,-85,1350,700,275.5916663193175,13.67745002561852,circular
226,1100,700,189.0547848563362,-85,-85,-85,-85,1350,700,289.269116344936,13.67745002561852,circular
227,1100,700,189.0547848563362,-85,-85,-85,-85,1350,700,302.9465663705545,13.67745002561852,circular
228,1100,700,189.0547848563362,-85,-85,-85,-85,1350,700,316.624016396173,13.67745002561852,circular
229,1100,700,189.0547848563362,-85,-85,-85,-85,1350,700,330.3014664217915,13.67745002561852,circular
230,1100,700,189.0547848563362,-85,-85,-85,-85,1350,700,343.97891644741,13.67745002561852,circular
231,1100,700,189.0547848563362,-85,-85,-85,-85,1350,700,357.65636647302847,13.67745002561852,circular
232,1100,700,189.0547848563362,-85,-85,-85,-85,1350,700,11.333816498646968,13.67745002561852,circular
233,1100,700,189.0547848563362,-85,-85,-85,-85,1350,700,25.011266524265487,13.67745002561852,circular
234,1100,700,189.0547848563362,-85,-85,-85,-85,1350,700,38.688716549884006,13.67745002561852,circular
235,1100,700,189.0547848563362,-85,-85,-85,-85,1350,700,52.366166575502525,13.67745002561852,circular
236,1100,700,189.0547848563362,-85,-85,-85,-85,1350,700,66.04361660112104,13.67745002561852,circular
237,1100,700,189.0547848563362,-85,-85,-85,-85,1350,700,79.72106662673957,13.67745002561852,circular
238,1100,700,189.0547848563362,-85,-85,-85,-85,1350,700,93.3985166523581,13.67745002561852,circular
239,1100,700,189.0547848563362,-85,-85,-85,-85,1350,700,107.07596667797662,13.67745002561852,circular
240,1100,700,189.0547848563362,-85,-85,-85,-85,1350,700,120.75341670359515,13.67745002561852,circular
241,1100,700,189.0547848563362,-85,-85,-85,-85,1350,700,134.43086672921368,13.67745002561852,circular
242,1100,700,189.0547848563362,-85,-85,14.513447644213304,-85,1350,700,148.1083167548322,13.67745002561852,circular
243,1100,700,189.0547848563362,-85,22.170735458799452,23.31969953712386,-85,1350,700,161.78576678045073,13.67745002561852,circular
244,1100,700,189.0547848563362,-85,25.042923900792417,25.36180729449956,-85,1350,700,175.46321680606925,13.67745002561852,circular
245,1100,700,189.0547848563362,-85,26.011117049096303,26.067010357935978,-85,1350,700,189.14066683168778,13.67745002561852,circular
246,1100,700,189.0547848563362,-85,25.946643644493044,25.7492610641292,-85,1350,700,202.8181168573063,13.67745002561852,circular
247,1100,700,189.0547848563362,-85,24.788337040832293,24.332711411139446,-85,1350,700,216.49556688292483,13.67745002561852,circular
248,1100,700,189.0547848563362,-85,21.418119305852123,19.914354227256315,-85,1350,700,230.17301690854336,13.67745002561852,circular
249,1100,700,189.0547848563362,-85,-85,-85,-85,1350,700,243.8504669341619,13.67745002561852,circular
250,1100,700,189.0547848563362,-85,-85,-85,-85,1350,700,257.5279169597804,13.67745002561852,circular
251,1100,700,189.0547848563362,-85,-85,-85,-85,1350,700,271.2053669853989,13.67745002561852,circular
252,1100,700,189.0547848563362,-85,-85,-85,-85,1350,700,284.8828170110174,13.67745002561852,circular
253,1100,700,189.0547848563362,-85,-85,-85,-85,1350,700,298.5602670366359,13.67745002561852,circular
254,1100,700,189.0547848563362,-85,-85,-85,-85,1350,700,312.2377170622544,13.67745002561852,circular
255,1100,700,189.0547848563362,-85,-85,-85,-85,1350,700,325.9151670878729,13.67745002561852,circular
256,1100,700,189.0547848563362,-85,-85,-85,-85,1350,700,339.5926171134914,13.67745002561852,circular
257,1100,700,189.0547848563362,-85,-85,-85,-85,1350,700,353.27006713910987,13.67745002561852,circular
258,1100,700,189.0547848563362,-85,-85,-85,-85,1350,700,6.947517164728367,13.67745002561852,circular
259,1100,700,189.0547848563362,-85,-85,-85,-85,1350,700,20.624967190346887,13.67745002561852,circular
260,1100,700,189.0547848563362,-85,-85,-85,-85,1350,700,34.302417215965406,13.67745002561852,circular
261,1100,700,189.0547848563362,-85,-85,-85,-85,1350,700,47.979867241583925,13.67745002561852,circular
262,1100,700,189.0547848563362,-85,-85,-85,-85,1350,700,61.657317267202444,13.67745002561852,circular
263,1100,700,189.0547848563362,-85,-85,-85,-85,1350,700,75.33476729282097,13.67745002561852,circular
264,1100,700,189.0547848563362,-85,-85,-85,-85,1350,700,89.0122173184395,13.67745002561852,circular
265,1100,700,189.0547848563362,-85,-85,-85,-85,1350,700,102.68966734405802,13.67745002561852,circular
266,1100,700,189.0547848563362,-85,-85,-85,-85,1350,700,116.36711736967655,13.67745002561852,circular
267,1100,700,189.0547848563362,-85,-85,-85,-85,1350,700,130.04456739529508,13.67745002561852,circular
268,1100,700,189.0547848563362,-85,-85,-85,-85,1350,700,143.7220174209136,13.67745002561852,circular
269,1100,700,189.0547848563362,-85,20.48098321025059,21.813356630230874,-85,1350,700,157.39946744653213,13.67745002561852,circular
270,1100,700,189.0547848563362,-85,24.495315191602927,24.92014212493214,-85,1350,700,171.07691747215065,13.67745002561852,circular
271,1100,700,189.0547848563362,-85,25.80746062382631,25.946643644493044,-85,1350,700,184.75436749776918,13.67745002561852,circular
272,1100,700,189.0547848563362,-85,26.053745949214605,25.9816463993744,-85,1350,700,198.4318175233877,13.67745002561852,circular
273,1100,700,189.0547848563362,-85,25.263344594616918,24.92014212493214,-85,1350,700,212.10926754900623,13.67745002561852,circular
274,1100,700,189.0547848563362,-85,23.067302502757133,21.81335663023087,-85,1350,700,225.78671757462476,13.67745002561852,circular
275,1100,700,189.0547848563362,-85,11.50579409835762,-85,-85,1350,700,239.4641676002433,13.67745002561852,circular
276,1100,700,189.0547848563362,-85,-85,-85,-85,1350,700,253.1416176258618,13.67745002561852,circular
277,1100,700,189.0547848563362,-85,-85,-85,-85,1350,700,266.81906765148034,13.67745002561852,circular
278,1100,700,189.0547848563362,-85,-85,-85,-85,1350,700,280.49651767709884,13.67745002561852,circular
279,1100,700,189.0547848563362,-85,-85,-85,-85,1350,700,294.17396770271733,13.67745002561852,circular
280,1100,700,189.0547848563362,-85,-85,-85,-85,1350,700,307.85141772833583,13.67745002561852,circular
281,1100,700,189.0547848563362,-85,-85,-85,-85,1350,700,321.52886775395433,13.67745002561852,circular
282,1100,700,189.0547848563362,-85,-85,-85,-85,1350,700,335.2063177795728,13.67745002561852,circular
283,1100,700,189.0547848563362,-85,-85,-85,-85,1350,700,348.8837678051913,13.67745002561852,circular
284,1100,700,189.0547848563362,-85,-85,-85,-85,1350,700,2.5612178308098237,13.67745002561852,circular
285,1100,700,189.0547848563362,-85,-85,-85,-85,1350,700,16.238667856428343,13.67745002561852,circular
286,1100,700,189.0547848563362,-85,-85,-85,-85,1350,700,29.916117882046862,13.67745002561852,circular
287,1100,700,189.0547848563362,-85,-85,-85,-85,1350,700,43.59356790766538,13.67745002561852,circular
288,1100,700,189.0547848563362,-85,-85,-85,-85,1350,700,57.2710179332839,13.67745002561852,circular
289,1100,700,189.0547848563362,-85,-85,-85,-85,1350,700,70.94846795890243,13.67745002561852,circular
290,1100,700,189.0547848563362,-85,-85,-85,-85,1350,700,84.62591798452095,13.67745002561852,circular
291,1100,700,189.0547848563362,-85,-85,-85,-85,1350,700,98.30336801013948,13.67745002561852,circular
292,1100,700,189.0547848563362,-85,-85,-85,-85,1350,700,111.980818035758,13.67745002561852,circular
293,1100,700,189.0547848563362,-85,-85,-85,-85,1350,700,125.65826806137653,13.67745002561852,circular
294,1100,700,189.0547848563362,-85,-85,-85,-85,1350,700,139.33571808699506,13.67745002561852,circular
295,1100,700,189.0547848563362,-85,16.269948115724727,19.91435422725632,-85,1350,700,153.01316811261358,13.67745002561852,circular
296,1100,700,189.0547848563362,-85,23.553218972269416,24.1582774269213,-85,1350,700,166.6906181382321,13.67745002561852,circular
297,1100,700,189.0547848563362,-85,25.536951728381826,25.7492610641292,-85,1350,700,180.36806816385064,13.67745002561852,circular
298,1100,700,189.0547848563362,-85,26.074956048612798,26.067010357935978,-85,1350,700,194.04551818946916,13.67745002561852,circular
299,1100,700,189.0547848563362,-85,25.684904084789977,25.452908776355446,-85,1350,700,207.7229682150877,13.67745002561852,circular
300,1100,700,189.0547848563362,-85,23.97102224645776,23.319699537123853,-85,1350,700,221.40041824070622,13.67745002561852,circular
301,1100,700,189.0547848563362,-85,18.474304759512954,14.513447644213265,-85,1350,700,235.07786826632474,13.67745002561852,circular
302,1100,700,189.0547848563362,-85,-85,-85,-85,1350,700,248.75531829194327,13.67745002561852,circular
303,1100,700,189.0547848563362,-85,-85,-85,-85,1350,700,262.4327683175618,13.67745002561852,circular
304,1100,700,189.0547848563362,-85,-85,-85,-85,1350,700,276.1102183431803,13.67745002561852,circular
305,1100,700,189.0547848563362,-85,-85,-85,-85,1350,700,289.7876683687988,13.67745002561852,circular
306,1100,700,189.0547848563362,-85,-85,-85,-85,1350,700,303.4651183944173,13.67745002561852,circular
307,1100,700,189.0547848563362,-85,-85,-85,-85,1350,700,317.1425684200358,13.67745002561852,circular
308,1100,700,189.0547848563362,-85,-85,-85,-85,1350,700,330.8200184456543,13.67745002561852,circular
309,1100,700,189.0547848563362,-85,-85,-85,-85,1350,700,344.4974684712728,13.67745002561852,circular
310,1100,700,189.0547848563362,-85,-85,-85,-85,1350,700,358.1749184968913,13.67745002561852,circular
311,1100,700,189.0547848563362,-85,-85,-85,-85,1350,700,11.852368522509778,13.67745002561852,circular
312,1100,700,189.0547848563362,-85,-85,-85,-85,1350,700,25.529818548128297,13.67745002561852,circular
313,1100,700,189.0547848563362,-85,-85,-85,-85,1350,700,39.207268573746816,13.67745002561852,circular
314,1100,700,189.0547848563362,-85,-85,-85,-85,1350,700,52.884718599365335,13.67745002561852,circular
315,1100,700,189.0547848563362,-85,-85,-85,-85,1350,700,66.56216862498385,13.67745002561852,circular
316,1100,700,189.0547848563362,-85,-85,-85,-85,1350,700,80.23961865060238,13.67745002561852,circular
317,1100,700,189.0547848563362,-85,-85,-85,-85,1350,700,93.91706867622091,13.67745002561852,circular
318,1100,700,189.0547848563362,-85,-85,-85,-85,1350,700,107.59451870183943,13.67745002561852,circular
319,1100,700,189.0547848563362,-85,-85,-85,-85,1350,700,121.27196872745796,13.67745002561852,circular
320,1100,700,189.0547848563362,-85,-85,-85,-85,1350,700,134.9494187530765,13.67745002561852,circular
321,1100,700,189.0547848563362,-85,-85,14.513447644213304,-85,1350,700,148.626868778695,13.67745002561852,circular
322,1100,700,189.0547848563362,-85,22.496022074683278,23.31969953712386,-85,1350,700,162.30431880431354,13.67745002561852,circular
323,1100,700,189.0547848563362,-85,25.042923900792417,25.452908776355446,-85,1350,700,175.98176882993207,13.67745002561852,circular
324,1100,700,189.0547848563362,-85,26.011117049096303,26.067010357935978,-85,1350,700,189.6592188555506,13.67745002561852,circular
325,1100,700,189.0547848563362,-85,25.906018829630398,25.7492610641292,-85,1350,700,203.33666888116912,13.67745002561852,circular
326,1100,700,189.0547848563362,-85,24.788337040832293,24.1582774269213,-85,1350,700,217.01411890678764,13.67745002561852,circular
327,1100,700,189.0547848563362,-85,21.418119305852123,19.914354227256315,-85,1350,700,230.69156893240617,13.67745002561852,circular
328,1100,700,189.0547848563362,-85,-85,-85,-85,1350,700,244.3690189580247,13.67745002561852,circular
329,1100,700,189.0547848563362,-85,-85,-85,-85,1350,700,258.0464689836432,13.67745002561852,circular
330,1100,700,189.0547848563362,-85,-85,-85,-85,1350,700,271.7239190092617,13.67745002561852,circular
331,1100,700,189.0547848563362,-85,-85,-85,-85,1350,700,285.4013690348802,13.67745002561852,circular
332,1100,700,189.0547848563362,-85,-85,-85,-85,1350,700,299.0788190604987,13.67745002561852,circular
333,1100,700,189.0547848563362,-85,-85,-85,-85,1350,700,312.7562690861172,13.67745002561852,circular
334,1100,700,189.0547848563362,-85,-85,-85,-85,1350,700,326.4337191117357,13.67745002561852,circular
335,1100,700,189.0547848563362,-85,-85,-85,-85,1350,700,340.1111691373542,13.67745002561852,circular
336,1100,700,189.0547848563362,-85,-85,-85,-85,1350,700,353.7886191629727,13.67745002561852,circular
337,1100,700,189.0547848563362,-85,-85,-85,-85,1350,700,7.466069188591177,13.67745002561852,circular
338,1100,700,189.0547848563362,-85,-85,-85,-85,1350,700,21.143519214209697,13.67745002561852,circular
339,1100,700,189.0547848563362,-85,-85,-85,-85,1350,700,34.820969239828216,13.67745002561852,circular
340,1100,700,189.0547848563362,-85,-85,-85,-85,1350,700,48.498419265446735,13.67745002561852,circular
341,1100,700,189.0547848563362,-85,-85,-85,-85,1350,700,62.175869291065254,13.67745002561852,circular
342,1100,700,189.0547848563362,-85,-85,-85,-85,1350,700,75.85331931668378,13.67745002561852,circular
343,1100,700,189.0547848563362,-85,-85,-85,-85,1350,700,89.5307693423023,13.67745002561852,circular
344,1100,700,189.0547848563362,-85,-85,-85,-85,1350,700,103.20821936792083,13.67745002561852,circular
345,1100,700,189.0547848563362,-85,-85,-85,-85,1350,700,116.88566939353936,13.67745002561852,circular
346,1100,700,189.0547848563362,-85,-85,-85,-85,1350,700,130.56311941915789,13.67745002561852,circular
347,1100,700,189.0547848563362,-85,-85,-85,-85,1350,700,144.2405694447764,13.67745002561852,circular
348,1100,700,189.0547848563362,-85,20.48098321025059,22.170735458799452,-85,1350,700,157.91801947039494,13.67745002561852,circular
349,1100,700,189.0547848563362,-85,24.495315191602927,24.92014212493214,-85,1350,700,171.59546949601346,13.67745002561852,circular
350,1100,700,189.0547848563362,-85,25.859665714847075,25.9816463993744,-85,1350,700,185.272919521632,13.67745002561852,circular
351,1100,700,189.0547848563362,-85,26.053745949214605,25.946643644493044,-85,1350,700,198.95036954725052,13.67745002561852,circular
352,1100,700,189.0547848563362,-85,25.263344594616918,24.92014212493214,-85,1350,700,212.62781957286904,13.67745002561852,circular
353,1100,700,189.0547848563362,-85,22.793695368992225,21.81335663023087,-85,1350,700,226.30526959848757,13.67745002561852,circular
354,1100,700,189.0547848563362,-85,11.50579409835762,-85,-85,1350,700,239.9827196241061,13.67745002561852,circular
355,1100,700,189.0547848563362,-85,-85,-85,-85,1350,700,253.66016964972462,13.67745002561852,circular
356,1100,700,189.0547848563362,-85,-85,-85,-85,1350,700,267.33761967534315,13.67745002561852,circular
357,1100,700,189.0547848563362,-85,-85,-85,-85,1350,700,281.01506970096165,13.67745002561852,circular
358,1100,700,189.0547848563362,-85,-85,-85,-85,1350,700,294.69251972658014,13.67745002561852,circular
359,1100,700,189.0547848563362,-85,-85,-85,-85,1350,700,308.36996975219864,13.67745002561852,circular
360,1100,700,189.0547848563362,-85,-85,-85,-85,1350,700,322.04741977781714,13.67745002561852,circular
361,1100,700,189.0547848563362,-85,-85,-85,-85,1350,700,335.72486980343564,13.67745002561852,circular
362,1100,700,189.0547848563362,-85,-85,-85,-85,1350,700,349.40231982905414,13.67745002561852,circular
363,1100,700,189.0547848563362,-85,-85,-85,-85,1350,700,3.0797698546726338,13.67745002561852,circular
364,1100,700,189.0547848563362,-85,-85,-85,-85,1350,700,16.757219880291153,13.67745002561852,circular
365,1100,700,189.0547848563362,-85,-85,-85,-85,1350,700,30.434669905909672,13.67745002561852,circular
366,1100,700,189.0547848563362,-85,-85,-85,-85,1350,700,44.11211993152819,13.67745002561852,circular
367,1100,700,189.0547848563362,-85,-85,-85,-85,1350,700,57.78956995714671,13.67745002561852,circular
368,1100,700,189.0547848563362,-85,-85,-85,-85,1350,700,71.46701998276524,13.67745002561852,circular
369,1100,700,189.0547848563362,-85,-85,-85,-85,1350,700,85.14447000838376,13.67745002561852,circular
370,1100,700,189.0547848563362,-85,-85,-85,-85,1350,700,98.82192003400229,13.67745002561852,circular
371,1100,700,189.0547848563362,-85,-85,-85,-85,1350,700,112.49937005962082,13.67745002561852,circular
372,1100,700,189.0547848563362,-85,-85,-85,-85,1350,700,126.17682008523934,13.67745002561852,circular
373,1100,700,189.0547848563362,-85,-85,-85,-85,1350,700,139.85427011085787,13.67745002561852,circular
374,1100,700,189.0547848563362,-85,17.513155499392102,19.91435422725632,-85,1350,700,153.5317201364764,13.67745002561852,circular
375,1100,700,189.0547848563362,-85,23.769789312347285,24.33271141113945,-85,1350,700,167.20917016209492,13.67745002561852,circular
376,1100,700,189.0547848563362,-85,25.536951728381826,25.80746062382631,-85,1350,700,180.88662018771345,13.67745002561852,circular
377,1100,700,189.0547848563362,-85,26.077602459396946,26.067010357935978,-85,1350,700,194.56407021333197,13.67745002561852,circular
378,1100,700,189.0547848563362,-85,25.614204328866276,25.361807294499556,-85,1350,700,208.2415202389505,13.67745002561852,circular
379,1100,700,189.0547848563362,-85,23.97102224645776,23.067302502757133,-85,1350,700,221.91897026456903,13.67745002561852,circular
380,1100,700,189.0547848563362,-85,18.474304759512954,14.513447644213265,-85,1350,700,235.59642029018755,13.67745002561852,circular
381,1100,700,189.0547848563362,-85,-85,-85,-85,1350,700,249.27387031580608,13.67745002561852,circular
382,1100,700,189.0547848563362,-85,-85,-85,-85,1350,700,262.9513203414246,13.67745002561852,circular
383,1100,700,189.0547848563362,-85,-85,-85,-85,1350,700,276.6287703670431,13.67745002561852,circular
384,1100,700,189.0547848563362,-85,-85,-85,-85,1350,700,290.3062203926616,13.67745002561852,circular
385,1100,700,189.0547848563362,-85,-85,-85,-85,1350,700,303.9836704182801,13.67745002561852,circular
386,1100,700,189.0547848563362,-85,-85,-85,-85,1350,700,317.6611204438986,13.67745002561852,circular
387,1100,700,189.0547848563362,-85,-85,-85,-85,1350,700,331.3385704695171,13.67745002561852,circular
388,1100,700,189.0547848563362,-85,-85,-85,-85,1350,700,345.0160204951356,13.67745002561852,circular
389,1100,700,189.0547848563362,-85,-85,-85,-85,1350,700,358.6934705207541,13.67745002561852,circular
390,1100,700,189.0547848563362,-85,-85,-85,-85,1350,700,12.370920546372588,13.67745002561852,circular
391,1100,700,189.0547848563362,-85,-85,-85,-85,1350,700,26.048370571991107,13.67745002561852,circular
392,1100,700,189.0547848563362,-85,-85,-85,-85,1350,700,39.725820597609626,13.67745002561852,circular
393,1100,700,189.0547848563362,-85,-85,-85,-85,1350,700,53.403270623228146,13.67745002561852,circular
394,1100,700,189.0547848563362,-85,-85,-85,-85,1350,700,67.08072064884666,13.67745002561852,circular
395,1100,700,189.0547848563362,-85,-85,-85,-85,1350,700,80.75817067446519,13.67745002561852,circular
396,1100,700,189.0547848563362,-85,-85,-85,-85,1350,700,94.43562070008372,13.67745002561852,circular
397,1100,700,189.0547848563362,-85,-85,-85,-85,1350,700,108.11307072570224,13.67745002561852,circular
398,1100,700,189.0547848563362,-85,-85,-85,-85,1350,700,121.79052075132077,13.67745002561852,circular
399,1100,700,189.0547848563362,-85,-85,-85,-85,1350,700,135.4679707769393,13.67745002561852,circular
400,1100,700,189.0547848563362,-85,-85,16.269948115724727,-85,1350,700,149.14542080255782,13.67745002561852,circular
401,1100,700,189.0547848563362,-85,22.496022074683278,23.553218972269416,-85,1350,700,162.82287082817635,13.67745002561852,circular
402,1100,700,189.0547848563362,-85,25.157178905256924,25.452908776355446,-85,1350,700,176.50032085379488,13.67745002561852,circular
403,1100,700,189.0547848563362,-85,26.035130213615616,26.074956048612798,-85,1350,700,190.1777708794134,13.67745002561852,circular
404,1100,700,189.0547848563362,-85,25.906018829630398,25.684904084789977,-85,1350,700,203.85522090503193,13.67745002561852,circular
405,1100,700,189.0547848563362,-85,24.646943359767004,24.1582774269213,-85,1350,700,217.53267093065045,13.67745002561852,circular
406,1100,700,189.0547848563362,-85,20.97742610025735,19.25639156218219,-85,1350,700,231.21012095626898,13.67745002561852,circular
407,1100,700,189.0547848563362,-85,-85,-85,-85,1350,700,244.8875709818875,13.67745002561852,circular
408,1100,700,189.0547848563362,-85,-85,-85,-85,1350,700,258.565021007506,13.67745002561852,circular
409,1100,700,189.0547848563362,-85,-85,-85,-85,1350,700,272.2424710331245,13.67745002561852,circular
410,1100,700,189.0547848563362,-85,-85,-85,-85,1350,700,285.919921058743,13.67745002561852,circular
411,1100,700,189.0547848563362,-85,-85,-85,-85,1350,700,299.5973710843615,13.67745002561852,circular
412,1100,700,189.0547848563362,-85,-85,-85,-85,1350,700,313.27482110998,13.67745002561852,circular
413,1100,700,189.0547848563362,-85,-85,-85,-85,1350,700,326.9522711355985,13.67745002561852,circular
414,1100,700,189.0547848563362,-85,-85,-85,-85,1350,700,340.629721161217,13.67745002561852,circular
415,1100,700,189.0547848563362,-85,-85,-85,-85,1350,700,354.3071711868355,13.67745002561852,circular
416,1100,700,189.0547848563362,-85,-85,-85,-85,1350,700,7.9846212124539875,13.67745002561852,circular
417,1100,700,189.0547848563362,-85,-85,-85,-85,1350,700,21.662071238072507,13.67745002561852,circular
418,1100,700,189.0547848563362,-85,-85,-85,-85,1350,700,35.339521263691026,13.67745002561852,circular
419,1100,700,189.0547848563362,-85,-85,-85,-85,1350,700,49.016971289309545,13.67745002561852,circular
420,1100,700,189.0547848563362,-85,-85,-85,-85,1350,700,62.694421314928064,13.67745002561852,circular
421,1100,700,189.0547848563362,-85,-85,-85,-85,1350,700,76.37187134054659,13.67745002561852,circular
422,1100,700,189.0547848563362,-85,-85,-85,-85,1350,700,90.04932136616512,13.67745002561852,circular
423,1100,700,189.0547848563362,-85,-85,-85,-85,1350,700,103.72677139178364,13.67745002561852,circular
424,1100,700,189.0547848563362,-85,-85,-85,-85,1350,700,117.40422141740217,13.67745002561852,circular
425,1100,700,189.0547848563362,-85,-85,-85,-85,1350,700,131.0816714430207,13.67745002561852,circular
426,1100,700,189.0547848563362,-85,-85,-85,-85,1350,700,144.75912146863922,13.67745002561852,circular
427,1100,700,189.0547848563362,-85,20.97742610025734,22.170735458799452,-85,1350,700,158.43657149425775,13.67745002561852,circular
428,1100,700,189.0547848563362,-85,24.646943359767004,25.042923900792417,-85,1350,700,172.11402151987627,13.67745002561852,circular
429,1100,700,189.0547848563362,-85,25.859665714847075,26.011117049096303,-85,1350,700,185.7914715454948,13.67745002561852,circular
430,1100,700,189.0547848563362,-85,26.035130213615616,25.946643644493044,-85,1350,700,199.46892157111333,13.67745002561852,circular
431,1100,700,189.0547848563362,-85,25.157178905256924,24.788337040832293,-85,1350,700,213.14637159673185,13.67745002561852,circular
432,1100,700,189.0547848563362,-85,22.793695368992225,21.418119305852123,-85,1350,700,226.82382162235038,13.67745002561852,circular
433,1100,700,189.0547848563362,-85,-85,-85,-85,1350,700,240.5012716479689,13.67745002561852,circular
434,1100,700,189.0547848563362,-85,-85,-85,-85,1350,700,254.17872167358743,13.67745002561852,circular
435,1100,700,189.0547848563362,-85,-85,-85,-85,1350,700,267.85617169920596,13.67745002561852,circular
436,1100,700,189.0547848563362,-85,-85,-85,-85,1350,700,281.53362172482446,13.67745002561852,circular
437,1100,700,189.0547848563362,-85,-85,-85,-85,1350,700,295.21107175044295,13.67745002561852,circular
438,1100,700,189.0547848563362,-85,-85,-85,-85,1350,700,308.88852177606145,13.67745002561852,circular
439,1100,700,189.0547848563362,-85,-85,-85,-85,1350,700,322.56597180167995,13.67745002561852,circular
440,1100,700,189.0547848563362,-85,-85,-85,-85,1350,700,336.24342182729845,13.67745002561852,circular
441,1100,700,189.0547848563362,-85,-85,-85,-85,1350,700,349.92087185291695,13.67745002561852,circular
442,1100,700,189.0547848563362,-85,-85,-85,-85,1350,700,3.598321878535444,13.67745002561852,circular
443,1100,700,189.0547848563362,-85,-85,-85,-85,1350,700,17.275771904153963,13.67745002561852,circular
444,1100,700,189.0547848563362,-85,-85,-85,-85,1350,700,30.953221929772482,13.67745002561852,circular
445,1100,700,189.0547848563362,-85,-85,-85,-85,1350,700,44.630671955391,13.67745002561852,circular
446,1100,700,189.0547848563362,-85,-85,-85,-85,1350,700,58.30812198100952,13.67745002561852,circular
447,1100,700,189.0547848563362,-85,-85,-85,-85,1350,700,71.98557200662805,13.67745002561852,circular
448,1100,700,189.0547848563362,-85,-85,-85,-85,1350,700,85.66302203224657,13.67745002561852,circular
449,1100,700,189.0547848563362,-85,-85,-85,-85,1350,700,99.3404720578651,13.67745002561852,circular
450,1100,700,189.0547848563362,-85,-85,-85,-85,1350,700,113.01792208348363,13.67745002561852,circular
451,1100,700,189.0547848563362,-85,-85,-85,-85,1350,700,126.69537210910215,13.67745002561852,circular
452,1100,700,189.0547848563362,-85,-85,-85,-85,1350,700,140.37282213472068,13.67745002561852,circular
453,1100,700,189.0547848563362,-85,17.513155499392102,20.48098321025059,-85,1350,700,154.0502721603392,13.67745002561852,circular
454,1100,700,189.0547848563362,-85,23.769789312347285,24.33271141113945,-85,1350,700,167.72772218595773,13.67745002561852,circular
455,1100,700,189.0547848563362,-85,25.614204328866276,25.80746062382631,-85,1350,700,181.40517221157626,13.67745002561852,circular
456,1100,700,189.0547848563362,-85,26.077602459396946,26.053745949214605,-85,1350,700,195.08262223719478,13.67745002561852,circular
457,1100,700,189.0547848563362,-85,25.614204328866276,25.361807294499556,-85,1350,700,208.7600722628133,13.67745002561852,circular
458,1100,700,189.0547848563362,-85,23.769789312347285,23.067302502757133,-85,1350,700,222.43752228843184,13.67745002561852,circular
459,1100,700,189.0547848563362,-85,17.51315549939211,11.50579409835762,-85,1350,700,236.11497231405036,13.67745002561852,circular
460,1100,700,189.0547848563362,-85,-85,-85,-85,1350,700,249.7924223396689,13.67745002561852,circular
461,1100,700,189.0547848563362,-85,-85,-85,-85,1350,700,263.4698723652874,13.67745002561852,circular
462,1100,700,189.0547848563362,-85,-85,-85,-85,1350,700,277.1473223909059,13.67745002561852,circular
463,1100,700,189.0547848563362,-85,-85,-85,-85,1350,700,290.8247724165244,13.67745002561852,circular
464,1100,700,189.0547848563362,-85,-85,-85,-85,1350,700,304.5022224421429,13.67745002561852,circular
465,1100,700,189.0547848563362,-85,-85,-85,-85,1350,700,318.1796724677614,13.67745002561852,circular
466,1100,700,189.0547848563362,-85,-85,-85,-85,1350,700,331.8571224933799,13.67745002561852,circular
467,1100,700,189.0547848563362,-85,-85,-85,-85,1350,700,345.5345725189984,13.67745002561852,circular
468,1100,700,189.0547848563362,-85,-85,-85,-85,1350,700,359.2120225446169,13.67745002561852,circular
469,1100,700,189.0547848563362,-85,-85,-85,-85,1350,700,12.889472570235398,13.67745002561852,circular
470,1100,700,189.0547848563362,-85,-85,-85,-85,1350,700,26.566922595853917,13.67745002561852,circular
471,1100,700,189.0547848563362,-85,-85,-85,-85,1350,700,40.244372621472436,13.67745002561852,circular
472,1100,700,189.0547848563362,-85,-85,-85,-85,1350,700,53.921822647090956,13.67745002561852,circular
473,1100,700,189.0547848563362,-85,-85,-85,-85,1350,700,67.59927267270947,13.67745002561852,circular
474,1100,700,189.0547848563362,-85,-85,-85,-85,1350,700,81.276722698328,13.67745002561852,circular
475,1100,700,189.0547848563362,-85,-85,-85,-85,1350,700,94.95417272394653,13.67745002561852,circular
476,1100,700,189.0547848563362,-85,-85,-85,-85,1350,700,108.63162274956505,13.67745002561852,circular
477,1100,700,189.0547848563362,-85,-85,-85,-85,1350,700,122.30907277518358,13.67745002561852,circular
478,1100,700,189.0547848563362,-85,-85,-85,-85,1350,700,135.9865228008021,13.67745002561852,circular
479,1100,700,189.0547848563362,-85,-85,16.269948115724727,-85,1350,700,149.66397282642063,13.67745002561852,circular
480,1100,700,189.0547848563362,-85,22.793695368992218,23.553218972269416,-85,1350,700,163.34142285203916,13.67745002561852,circular
481,1100,700,189.0547848563362,-85,25.157178905256924,25.536951728381826,-85,1350,700,177.01887287765769,13.67745002561852,circular
482,1100,700,189.0547848563362,-85,26.035130213615616,26.074956048612798,-85,1350,700,190.6963229032762,13.67745002561852,circular
483,1100,700,189.0547848563362,-85,25.859665714847075,25.684904084789977,-85,1350,700,204.37377292889474,13.67745002561852,circular
484,1100,700,189.0547848563362,-85,24.646943359767004,23.97102224645776,-85,1350,700,218.05122295451326,13.67745002561852,circular
485,1100,700,189.0547848563362,-85,20.97742610025735,19.25639156218219,-85,1350,700,231.7286729801318,13.67745002561852,circular
486,1100,700,189.0547848563362,-85,-85,-85,-85,1350,700,245.40612300575032,13.67745002561852,circular
487,1100,700,189.0547848563362,-85,-85,-85,-85,1350,700,259.0835730313688,13.67745002561852,circular
488,1100,700,189.0547848563362,-85,-85,-85,-85,1350,700,272.7610230569873,13.67745002561852,circular
489,1100,700,189.0547848563362,-85,-85,-85,-85,1350,700,286.4384730826058,13.67745002561852,circular
490,1100,700,189.0547848563362,-85,-85,-85,-85,1350,700,300.1159231082243,13.67745002561852,circular
491,1100,700,189.0547848563362,-85,-85,-85,-85,1350,700,313.7933731338428,13.67745002561852,circular
492,1100,700,189.0547848563362,-85,-85,-85,-85,1350,700,327.4708231594613,13.67745002561852,circular
493,1100,700,189.0547848563362,-85,-85,-85,-85,1350,700,341.1482731850798,13.67745002561852,circular
494,1100,700,189.0547848563362,-85,-85,-85,-85,1350,700,354.8257232106983,13.67745002561852,circular
495,1100,700,189.0547848563362,-85,-85,-85,-85,1350,700,8.503173236316798,13.67745002561852,circular
496,1100,700,189.0547848563362,-85,-85,-85,-85,1350,700,22.180623261935317,13.67745002561852,circular
497,1100,700,189.0547848563362,-85,-85,-85,-85,1350,700,35.858073287553836,13.67745002561852,circular
498,1100,700,189.0547848563362,-85,-85,-85,-85,1350,700,49.535523313172355,13.67745002561852,circular
499,1100,700,189.0547848563362,-85,-85,-85,-85,1350,700,63.212973338790874,13.67745002561852,circular
500,1100,700,189.0547848563362,-85,-85,-85,-85,1350,700,76.8904233644094,13.67745002561852,circular
501,1100,700,189.0547848563362,-85,-85,-85,-85,1350,700,90.56787339002793,13.67745002561852,circular
502,1100,700,189.0547848563362,-85,-85,-85,-85,1350,700,104.24532341564645,13.67745002561852,circular
503,1100,700,189.0547848563362,-85,-85,-85,-85,1350,700,117.92277344126498,13.67745002561852,circular
504,1100,700,189.0547848563362,-85,-85,-85,-85,1350,700,131.6002234668835,13.67745002561852,circular
505,1100,700,189.0547848563362,-85,-85,-85,-85,1350,700,145.27767349250203,13.67745002561852,circular
506,1100,700,189.0547848563362,-85,20.97742610025734,22.496022074683278,-85,1350,700,158.95512351812056,13.67745002561852,circular
507,1100,700,189.0547848563362,-85,24.646943359767004,25.042923900792417,-85,1350,700,172.63257354373908,13.67745002561852,circular
508,1100,700,189.0547848563362,-85,25.906018829630398,26.011117049096303,-85,1350,700,186.3100235693576,13.67745002561852,circular
509,1100,700,189.0547848563362,-85,26.035130213615616,25.906018829630398,-85,1350,700,199.98747359497614,13.67745002561852,circular
510,1100,700,189.0547848563362,-85,25.157178905256924,24.788337040832293,-85,1350,700,213.66492362059466,13.67745002561852,circular
511,1100,700,189.0547848563362,-85,22.496022074683278,21.418119305852123,-85,1350,700,227.3423736462132,13.67745002561852,circular
512,1100,700,189.0547848563362,-85,-85,-85,-85,1350,700,241.01982367183172,13.67745002561852,circular
513,1100,700,189.0547848563362,-85,-85,-85,-85,1350,700,254.69727369745024,13.67745002561852,circular
514,1100,700,189.0547848563362,-85,-85,-85,-85,1350,700,268.37472372306877,13.67745002561852,circular
515,1100,700,189.0547848563362,-85,-85,-85,-85,1350,700,282.05217374868727,13.67745002561852,circular
516,1100,700,189.0547848563362,-85,-85,-85,-85,1350,700,295.72962377430576,13.67745002561852,circular
517,1100,700,189.0547848563362,-85,-85,-85,-85,1350,700,309.40707379992426,13.67745002561852,circular
518,1100,700,189.0547848563362,-85,-85,-85,-85,1350,700,323.08452382554276,13.67745002561852,circular
519,1100,700,189.0547848563362,-85,-85,-85,-85,1350,700,336.76197385116126,13.67745002561852,circular
520,1100,700,189.0547848563362,-85,-85,-85,-85,1350,700,350.43942387677976,13.67745002561852,circular
521,1100,700,189.0547848563362,-85,-85,-85,-85,1350,700,4.116873902398254,13.67745002561852,circular
522,1100,700,189.0547848563362,-85,-85,-85,-85,1350,700,17.794323928016773,13.67745002561852,circular
523,1100,700,189.0547848563362,-85,-85,-85,-85,1350,700,31.471773953635292,13.67745002561852,circular
524,1100,700,189.0547848563362,-85,-85,-85,-85,1350,700,45.14922397925381,13.67745002561852,circular
525,1100,700,189.0547848563362,-85,-85,-85,-85,1350,700,58.82667400487233,13.67745002561852,circular
526,1100,700,189.0547848563362,-85,-85,-85,-85,1350,700,72.50412403049086,13.67745002561852,circular
527,1100,700,189.0547848563362,-85,-85,-85,-85,1350,700,86.18157405610938,13.67745002561852,circular
528,1100,700,189.0547848563362,-85,-85,-85,-85,1350,700,99.85902408172791,13.67745002561852,circular
529,1100,700,189.0547848563362,-85,-85,-85,-85,1350,700,113.53647410734644,13.67745002561852,circular
530,1100,700,189.0547848563362,-85,-85,-85,-85,1350,700,127.21392413296496,13.67745002561852,circular
531,1100,700,189.0547848563362,-85,-85,-85,-85,1350,700,140.8913741585835,13.67745002561852,circular
532,1100,700,189.0547848563362,-85,18.47430475951294,20.48098321025059,-85,1350,700,154.56882418420201,13.67745002561852,circular
533,1100,700,189.0547848563362,-85,23.971022246457757,24.495315191602927,-85,1350,700,168.24627420982054,13.67745002561852,circular
534,1100,700,189.0547848563362,-85,25.614204328866276,25.859665714847075,-85,1350,700,181.92372423543907,13.67745002561852,circular
535,1100,700,189.0547848563362,-85,26.077602459396946,26.053745949214605,-85,1350,700,195.6011742610576,13.67745002561852,circular
536,1100,700,189.0547848563362,-85,25.536951728381826,25.263344594616918,-85,1350,700,209.27862428667612,13.67745002561852,circular
537,1100,700,189.0547848563362,-85,23.769789312347285,22.793695368992225,-85,1350,700,222.95607431229465,13.67745002561852,circular
538,1100,700,189.0547848563362,-85,17.51315549939211,11.50579409835762,-85,1350,700,236.63352433791317,13.67745002561852,circular
539,1100,700,189.0547848563362,-85,-85,-85,-85,1350,700,250.3109743635317,13.67745002561852,circular
540,1100,700,189.0547848563362,-85,-85,-85,-85,1350,700,263.9884243891502,13.67745002561852,circular
541,1100,700,189.0547848563362,-85,-85,-85,-85,1350,700,277.6658744147687,13.67745002561852,circular
542,1100,700,189.0547848563362,-85,-85,-85,-85,1350,700,291.3433244403872,13.67745002561852,circular
543,1100,700,189.0547848563362,-85,-85,-85,-85,1350,700,305.0207744660057,13.67745002561852,circular
544,1100,700,189.0547848563362,-85,-85,-85,-85,1350,700,318.6982244916242,13.67745002561852,circular
545,1100,700,189.0547848563362,-85,-85,-85,-85,1350,700,332.3756745172427,13.67745002561852,circular
546,1100,700,189.0547848563362,-85,-85,-85,-85,1350,700,346.0531245428612,13.67745002561852,circular
547,1100,700,189.0547848563362,-85,-85,-85,-85,1350,700,359.7305745684797,13.67745002561852,circular
548,1100,700,189.0547848563362,-85,-85,-85,-85,1350,700,13.408024594098208,13.67745002561852,circular
549,1100,700,189.0547848563362,-85,-85,-85,-85,1350,700,27.085474619716727,13.67745002561852,circular
550,1100,700,189.0547848563362,-85,-85,-85,-85,1350,700,40.76292464533525,13.67745002561852,circular
551,1100,700,189.0547848563362,-85,-85,-85,-85,1350,700,54.440374670953766,13.67745002561852,circular
552,1100,700,189.0547848563362,-85,-85,-85,-85,1350,700,68.11782469657228,13.67745002561852,circular
553,1100,700,189.0547848563362,-85,-85,-85,-85,1350,700,81.79527472219081,13.67745002561852,circular
554,1100,700,189.0547848563362,-85,-85,-85,-85,1350,700,95.47272474780934,13.67745002561852,circular
555,1100,700,189.0547848563362,-85,-85,-85,-85,1350,700,109.15017477342786,13.67745002561852,circular
556,1100,700,189.0547848563362,-85,-85,-85,-85,1350,700,122.82762479904639,13.67745002561852,circular
557,1100,700,189.0547848563362,-85,-85,-85,-85,1350,700,136.50507482466492,13.67745002561852,circular
558,1100,700,189.0547848563362,-85,11.505794098357505,17.513155499392102,-85,1350,700,150.18252485028344,13.67745002561852,circular
559,1100,700,189.0547848563362,-85,22.793695368992218,23.769789312347285,-85,1350,700,163.85997487590197,13.67745002561852,circular
560,1100,700,189.0547848563362,-85,25.26334459461691,25.536951728381826,-85,1350,700,177.5374249015205,13.67745002561852,circular
561,1100,700,189.0547848563362,-85,26.053745949214605,26.077602459396946,-85,1350,700,191.21487492713902,13.67745002561852,circular
562,1100,700,189.0547848563362,-85,25.859665714847075,25.614204328866276,-85,1350,700,204.89232495275755,13.67745002561852,circular
563,1100,700,189.0547848563362,-85,24.495315191602927,23.97102224645776,-85,1350,700,218.56977497837607,13.67745002561852,circular
564,1100,700,189.0547848563362,-85,20.48098321025059,18.474304759512954,-85,1350,700,232.2472250039946,13.67745002561852,circular
565,1100,700,189.0547848563362,-85,-85,-85,-85,1350,700,245.92467502961313,13.67745002561852,circular
566,1100,700,189.0547848563362,-85,-85,-85,-85,1350,700,259.6021250552316,13.67745002561852,circular
567,1100,700,189.0547848563362,-85,-85,-85,-85,1350,700,273.2795750808501,13.67745002561852,circular
568,1100,700,189.0547848563362,-85,-85,-85,-85,1350,700,286.9570251064686,13.67745002561852,circular
569,1100,700,189.0547848563362,-85,-85,-85,-85,1350,700,300.6344751320871,13.67745002561852,circular
570,1100,700,189.0547848563362,-85,-85,-85,-85,1350,700,314.3119251577056,13.67745002561852,circular
571,1100,700,189.0547848563362,-85,-85,-85,-85,1350,700,327.9893751833241,13.67745002561852,circular
572,1100,700,189.0547848563362,-85,-85,-85,-85,1350,700,341.6668252089426,13.67745002561852,circular
573,1100,700,189.0547848563362,-85,-85,-85,-85,1350,700,355.3442752345611,13.67745002561852,circular
574,1100,700,189.0547848563362,-85,-85,-85,-85,1350,700,9.021725260179608,13.67745002561852,circular
575,1100,700,189.0547848563362,-85,-85,-85,-85,1350,700,22.699175285798127,13.67745002561852,circular
576,1100,700,189.0547848563362,-85,-85,-85,-85,1350,700,36.376625311416646,13.67745002561852,circular
577,1100,700,189.0547848563362,-85,-85,-85,-85,1350,700,50.054075337035165,13.67745002561852,circular
578,1100,700,189.0547848563362,-85,-85,-85,-85,1350,700,63.731525362653684,13.67745002561852,circular
579,1100,700,189.0547848563362,-85,-85,-85,-85,1350,700,77.40897538827221,13.67745002561852,circular
580,1100,700,189.0547848563362,-85,-85,-85,-85,1350,700,91.08642541389074,13.67745002561852,circular
581,1100,700,189.0547848563362,-85,-85,-85,-85,1350,700,104.76387543950926,13.67745002561852,circular
582,1100,700,189.0547848563362,-85,-85,-85,-85,1350,700,118.44132546512779,13.67745002561852,circular
583,1100,700,189.0547848563362,-85,-85,-85,-85,1350,700,132.11877549074632,13.67745002561852,circular
584,1100,700,189.0547848563362,-85,-85,-85,-85,1350,700,145.79622551636484,13.67745002561852,circular
585,1100,700,189.0547848563362,-85,21.41811930585211,22.496022074683278,-85,1350,700,159.47367554198337,13.67745002561852,circular
586,1100,700,189.0547848563362,-85,24.78833704083229,25.157178905256924,-85,1350,700,173.1511255676019,13.67745002561852,circular
587,1100,700,189.0547848563362,-85,25.906018829630398,26.035130213615616,-85,1350,700,186.82857559322042,13.67745002561852,circular
588,1100,700,189.0547848563362,-85,26.011117049096303,25.906018829630398,-85,1350,700,200.50602561883895,13.67745002561852,circular
589,1100,700,189.0547848563362,-85,25.042923900792417,24.646943359767004,-85,1350,700,214.18347564445747,13.67745002561852,circular
590,1100,700,189.0547848563362,-85,22.496022074683278,20.97742610025735,-85,1350,700,227.860925670076,13.67745002561852,circular
591,1100,700,189.0547848563362,-85,-85,-85,-85,1350,700,241.53837569569453,13.67745002561852,circular
592,1100,700,189.0547848563362,-85,-85,-85,-85,1350,700,255.21582572131305,13.67745002561852,circular
593,1100,700,189.0547848563362,-85,-85,-85,-85,1350,700,268.8932757469316,13.67745002561852,circular
594,1100,700,189.0547848563362,-85,-85,-85,-85,1350,700,282.5707257725501,13.67745002561852,circular
595,1100,700,189.0547848563362,-85,-85,-85,-85,1350,700,296.2481757981686,13.67745002561852,circular
596,1100,700,189.0547848563362,-85,-85,-85,-85,1350,700,309.9256258237871,13.67745002561852,circular
597,1100,700,189.0547848563362,-85,-85,-85,-85,1350,700,323.60307584940557,13.67745002561852,circular
598,1100,700,189.0547848563362,-85,-85,-85,-85,1350,700,337.28052587502407,13.67745002561852,circular
599,1100,700,189.0547848563362,-85,-85,-85,-85,1350,700,350.95797590064257,13.67745002561852,circular
600,1100,700,189.0547848563362,-85,-85,-85,-85,1350,700,4.635425926261064,13.67745002561852,circular
601,1100,700,189.0547848563362,-85,-85,-85,-85,1350,700,18.312875951879583,13.67745002561852,circular
602,1100,700,189.0547848563362,-85,-85,-85,-85,1350,700,31.990325977498102,13.67745002561852,circular
603,1100,700,189.0547848563362,-85,-85,-85,-85,1350,700,45.66777600311662,13.67745002561852,circular
604,1100,700,189.0547848563362,-85,-85,-85,-85,1350,700,59.34522602873514,13.67745002561852,circular
605,1100,700,189.0547848563362,-85,-85,-85,-85,1350,700,73.02267605435367,13.67745002561852,circular
606,1100,700,189.0547848563362,-85,-85,-85,-85,1350,700,86.7001260799722,13.67745002561852,circular
607,1100,700,189.0547848563362,-85,-85,-85,-85,1350,700,100.37757610559072,13.67745002561852,circular
608,1100,700,189.0547848563362,-85,-85,-85,-85,1350,700,114.05502613120925,13.67745002561852,circular
609,1100,700,189.0547848563362,-85,-85,-85,-85,1350,700,127.73247615682777,13.67745002561852,circular
610,1100,700,189.0547848563362,-85,-85,-85,-85,1350,700,141.4099261824463,13.67745002561852,circular
611,1100,700,189.0547848563362,-85,19.25639156218217,20.97742610025734,-85,1350,700,155.08737620806482,13.67745002561852,circular
612,1100,700,189.0547848563362,-85,23.971022246457757,24.495315191602927,-85,1350,700,168.76482623368335,13.67745002561852,circular
613,1100,700,189.0547848563362,-85,25.684904084789974,25.859665714847075,-85,1350,700,182.44227625930188,13.67745002561852,circular
614,1100,700,189.0547848563362,-85,26.074956048612798,26.035130213615616,-85,1350,700,196.1197262849204,13.67745002561852,circular
615,1100,700,189.0547848563362,-85,25.536951728381826,25.157178905256924,-85,1350,700,209.79717631053893,13.67745002561852,circular
616,1100,700,189.0547848563362,-85,23.553218972269416,22.793695368992225,-85,1350,700,223.47462633615746,13.67745002561852,circular
617,1100,700,189.0547848563362,-85,16.269948115724716,-85,-85,1350,700,237.15207636177598,13.67745002561852,circular
618,1100,700,189.0547848563362,-85,-85,-85,-85,1350,700,250.8295263873945,13.67745002561852,circular
619,1100,700,189.0547848563362,-85,-85,-85,-85,1350,700,264.50697641301304,13.67745002561852,circular
620,1100,700,189.0547848563362,-85,-85,-85,-85,1350,700,278.18442643863153,13.67745002561852,circular
621,1100,700,189.0547848563362,-85,-85,-85,-85,1350,700,291.86187646425003,13.67745002561852,circular
622,1100,700,189.0547848563362,-85,-85,-85,-85,1350,700,305.53932648986853,13.67745002561852,circular
623,1100,700,189.0547848563362,-85,-85,-85,-85,1350,700,319.216776515487,13.67745002561852,circular
624,1100,700,189.0547848563362,-85,-85,-85,-85,1350,700,332.8942265411055,13.67745002561852,circular
625,1100,700,189.0547848563362,-85,-85,-85,-85,1350,700,346.571676566724,13.67745002561852,circular
626,1100,700,189.0547848563362,-85,-85,-85,-85,1350,700,0.24912659234252033,13.67745002561852,circular
627,1100,700,189.0547848563362,-85,-85,-85,-85,1350,700,13.92657661796104,13.67745002561852,circular
628,1100,700,189.0547848563362,-85,-85,-85,-85,1350,700,27.60402664357956,13.67745002561852,circular
629,1100,700,189.0547848563362,-85,-85,-85,-85,1350,700,41.28147666919808,13.67745002561852,circular
630,1100,700,189.0547848563362,-85,-85,-85,-85,1350,700,54.9589266948166,13.67745002561852,circular
631,1100,700,189.0547848563362,-85,-85,-85,-85,1350,700,68.63637672043512,13.67745002561852,circular
632,1100,700,189.0547848563362,-85,-85,-85,-85,1350,700,82.31382674605365,13.67745002561852,circular
633,1100,700,189.0547848563362,-85,-85,-85,-85,1350,700,95.99127677167218,13.67745002561852,circular
634,1100,700,189.0547848563362,-85,-85,-85,-85,1350,700,109.6687267972907,13.67745002561852,circular
635,1100,700,189.0547848563362,-85,-85,-85,-85,1350,700,123.34617682290923,13.67745002561852,circular
636,1100,700,189.0547848563362,-85,-85,-85,-85,1350,700,137.02362684852775,13.67745002561852,circular
637,1100,700,189.0547848563362,-85,11.505794098357505,17.513155499392102,-85,1350,700,150.70107687414628,13.67745002561852,circular
638,1100,700,189.0547848563362,-85,23.06730250275713,23.769789312347285,-85,1350,700,164.3785268997648,13.67745002561852,circular
639,1100,700,189.0547848563362,-85,25.26334459461691,25.614204328866276,-85,1350,700,178.05597692538333,13.67745002561852,circular
640,1100,700,189.0547848563362,-85,26.053745949214605,26.077602459396946,-85,1350,700,191.73342695100186,13.67745002561852,circular
641,1100,700,189.0547848563362,-85,25.807460623826316,25.614204328866276,-85,1350,700,205.4108769766204,13.67745002561852,circular
642,1100,700,189.0547848563362,-85,24.332711411139446,23.769789312347285,-85,1350,700,219.0883270022389,13.67745002561852,circular
643,1100,700,189.0547848563362,-85,20.48098321025059,18.474304759512954,-85,1350,700,232.76577702785744,13.67745002561852,circular
644,1100,700,189.0547848563362,-85,-85,-85,-85,1350,700,246.44322705347597,13.67745002561852,circular
645,1100,700,189.0547848563362,-85,-85,-85,-85,1350,700,260.1206770790945,13.67745002561852,circular
646,1100,700,189.0547848563362,-85,-85,-85,-85,1350,700,273.798127104713,13.67745002561852,circular
647,1100,700,189.0547848563362,-85,-85,-85,-85,1350,700,287.4755771303315,13.67745002561852,circular
648,1100,700,189.0547848563362,-85,-85,-85,-85,1350,700,301.15302715595,13.67745002561852,circular
649,1100,700,189.0547848563362,-85,-85,-85,-85,1350,700,314.8304771815685,13.67745002561852,circular
650,1100,700,189.0547848563362,-85,-85,-85,-85,1350,700,328.507927207187,13.67745002561852,circular
651,1100,700,189.0547848563362,-85,-85,-85,-85,1350,700,342.1853772328055,13.67745002561852,circular
652,1100,700,189.0547848563362,-85,-85,-85,-85,1350,700,355.862827258424,13.67745002561852,circular
653,1100,700,189.0547848563362,-85,-85,-85,-85,1350,700,9.540277284042475,13.67745002561852,circular
654,1100,700,189.0547848563362,-85,-85,-85,-85,1350,700,23.217727309660994,13.67745002561852,circular
655,1100,700,189.0547848563362,-85,-85,-85,-85,1350,700,36.89517733527951,13.67745002561852,circular
656,1100,700,189.0547848563362,-85,-85,-85,-85,1350,700,50.57262736089803,13.67745002561852,circular
657,1100,700,189.0547848563362,-85,-85,-85,-85,1350,700,64.25007738651655,13.67745002561852,circular
658,1100,700,189.0547848563362,-85,-85,-85,-85,1350,700,77.92752741213508,13.67745002561852,circular
659,1100,700,189.0547848563362,-85,-85,-85,-85,1350,700,91.6049774377536,13.67745002561852,circular
660,1100,700,189.0547848563362,-85,-85,-85,-85,1350,700,105.28242746337213,13.67745002561852,circular
661,1100,700,189.0547848563362,-85,-85,-85,-85,1350,700,118.95987748899066,13.67745002561852,circular
662,1100,700,189.0547848563362,-85,-85,-85,-85,1350,700,132.63732751460918,13.67745002561852,circular
663,1100,700,189.0547848563362,-85,-85,-85,-85,1350,700,146.3147775402277,13.67745002561852,circular
664,1100,700,189.0547848563362,-85,21.41811930585211,22.793695368992218,-85,1350,700,159.99222756584624,13.67745002561852,circular
665,1100,700,189.0547848563362,-85,24.78833704083229,25.157178905256924,-85,1350,700,173.66967759146476,13.67745002561852,circular
666,1100,700,189.0547848563362,-85,25.946643644493044,26.035130213615616,-85,1350,700,187.3471276170833,13.67745002561852,circular
667,1100,700,189.0547848563362,-85,26.011117049096303,25.859665714847075,-85,1350,700,201.02457764270181,13.67745002561852,circular
668,1100,700,189.0547848563362,-85,25.042923900792417,24.646943359767004,-85,1350,700,214.70202766832034,13.67745002561852,circular
669,1100,700,189.0547848563362,-85,22.170735458799452,20.97742610025735,-85,1350,700,228.37947769393887,13.67745002561852,circular
670,1100,700,189.0547848563362,-85,-85,-85,-85,1350,700,242.0569277195574,13.67745002561852,circular
671,1100,700,189.0547848563362,-85,-85,-85,-85,1350,700,255.73437774517592,13.67745002561852,circular
672,1100,700,189.0547848563362,-85,-85,-85,-85,1350,700,269.41182777079445,13.67745002561852,circular
673,1100,700,189.0547848563362,-85,-85,-85,-85,1350,700,283.08927779641294,13.67745002561852,circular
674,1100,700,189.0547848563362,-85,-85,-85,-85,1350,700,296.76672782203144,13.67745002561852,circular
675,1100,700,189.0547848563362,-85,-85,-85,-85,1350,700,310.44417784764994,13.67745002561852,circular
676,1100,700,189.0547848563362,-85,-85,-85,-85,1350,700,324.12162787326844,13.67745002561852,circular
677,1100,700,189.0547848563362,-85,-85,-85,-85,1350,700,337.79907789888694,13.67745002561852,circular
678,1100,700,189.0547848563362,-85,-85,-85,-85,1350,700,351.47652792450543,13.67745002561852,circular
679,1100,700,189.0547848563362,-85,-85,-85,-85,1350,700,5.153977950123931,13.67745002561852,circular
680,1100,700,189.0547848563362,-85,-85,-85,-85,1350,700,18.83142797574245,13.67745002561852,circular
681,1100,700,189.0547848563362,-85,-85,-85,-85,1350,700,32.50887800136097,13.67745002561852,circular
682,1100,700,189.0547848563362,-85,-85,-85,-85,1350,700,46.18632802697949,13.67745002561852,circular
683,1100,700,189.0547848563362,-85,-85,-85,-85,1350,700,59.86377805259801,13.67745002561852,circular
684,1100,700,189.0547848563362,-85,-85,-85,-85,1350,700,73.54122807821653,13.67745002561852,circular
685,1100,700,189.0547848563362,-85,-85,-85,-85,1350,700,87.21867810383506,13.67745002561852,circular
686,1100,700,189.0547848563362,-85,-85,-85,-85,1350,700,100.89612812945359,13.67745002561852,circular
687,1100,700,189.0547848563362,-85,-85,-85,-85,1350,700,114.57357815507211,13.67745002561852,circular
688,1100,700,189.0547848563362,-85,-85,-85,-85,1350,700,128.25102818069064,13.67745002561852,circular
689,1100,700,189.0547848563362,-85,-85,-85,-85,1350,700,141.92847820630917,13.67745002561852,circular
690,1100,700,189.0547848563362,-85,19.25639156218217,20.97742610025734,-85,1350,700,155.6059282319277,13.67745002561852,circular
691,1100,700,189.0547848563362,-85,24.1582774269213,24.646943359767004,-85,1350,700,169.28337825754622,13.67745002561852,circular
692,1100,700,189.0547848563362,-85,25.684904084789974,25.906018829630398,-85,1350,700,182.96082828316474,13.67745002561852,circular
693,1100,700,189.0547848563362,-85,26.074956048612798,26.035130213615616,-85,1350,700,196.63827830878327,13.67745002561852,circular
694,1100,700,189.0547848563362,-85,25.452908776355446,25.157178905256924,-85,1350,700,210.3157283344018,13.67745002561852,circular
695,1100,700,189.0547848563362,-85,23.553218972269416,22.496022074683278,-85,1350,700,223.99317836002032,13.67745002561852,circular
696,1100,700,189.0547848563362,-85,16.269948115724716,-85,-85,1350,700,237.67062838563885,13.67745002561852,circular
697,1100,700,189.0547848563362,-85,-85,-85,-85,1350,700,251.34807841125738,13.67745002561852,circular
698,1100,700,189.0547848563362,-85,-85,-85,-85,1350,700,265.0255284368759,13.67745002561852,circular
699,1100,700,189.0547848563362,-85,-85,-85,-85,1350,700,278.7029784624944,13.67745002561852,circular
700,1100,700,189.0547848563362,-85,-85,-85,-85,1350,700,292.3804284881129,13.67745002561852,circular
701,1100,700,189.0547848563362,-85,-85,-85,-85,1350,700,306.0578785137314,13.67745002561852,circular
702,1100,700,189.0547848563362,-85,-85,-85,-85,1350,700,319.7353285393499,13.67745002561852,circular
703,1100,700,189.0547848563362,-85,-85,-85,-85,1350,700,333.4127785649684,13.67745002561852,circular
704,1100,700,189.0547848563362,-85,-85,-85,-85,1350,700,347.0902285905869,13.67745002561852,circular
705,1100,700,189.0547848563362,-85,-85,-85,-85,1350,700,0.7676786162053872,13.67745002561852,circular
706,1100,700,189.0547848563362,-85,-85,-85,-85,1350,700,14.445128641823906,13.67745002561852,circular
707,1100,700,189.0547848563362,-85,-85,-85,-85,1350,700,28.122578667442426,13.67745002561852,circular
708,1100,700,189.0547848563362,-85,-85,-85,-85,1350,700,41.800028693060945,13.67745002561852,circular
709,1100,700,189.0547848563362,-85,-85,-85,-85,1350,700,55.477478718679464,13.67745002561852,circular
710,1100,700,189.0547848563362,-85,-85,-85,-85,1350,700,69.15492874429799,13.67745002561852,circular
711,1100,700,189.0547848563362,-85,-85,-85,-85,1350,700,82.83237876991652,13.67745002561852,circular
712,1100,700,189.0547848563362,-85,-85,-85,-85,1350,700,96.50982879553504,13.67745002561852,circular
713,1100,700,189.0547848563362,-85,-85,-85,-85,1350,700,110.18727882115357,13.67745002561852,circular
714,1100,700,189.0547848563362,-85,-85,-85,-85,1350,700,123.8647288467721,13.67745002561852,circular
715,1100,700,189.0547848563362,-85,-85,-85,-85,1350,700,137.54217887239062,13.67745002561852,circular
716,1100,700,189.0547848563362,-85,14.513447644213304,18.47430475951294,-85,1350,700,151.21962889800915,13.67745002561852,circular
717,1100,700,189.0547848563362,-85,23.06730250275713,23.971022246457757,-85,1350,700,164.89707892362767,13.67745002561852,circular
718,1100,700,189.0547848563362,-85,25.36180729449956,25.614204328866276,-85,1350,700,178.5745289492462,13.67745002561852,circular
719,1100,700,189.0547848563362,-85,26.067010357935978,26.077602459396946,-85,1350,700,192.25197897486473,13.67745002561852,circular
720,1100,700,189.0547848563362,-85,25.807460623826316,25.536951728381826,-85,1350,700,205.92942900048325,13.67745002561852,circular
721,1100,700,189.0547848563362,-85,24.332711411139446,23.769789312347285,-85,1350,700,219.60687902610178,13.67745002561852,circular
722,1100,700,189.0547848563362,-85,19.914354227256315,17.51315549939211,-85,1350,700,233.2843290517203,13.67745002561852,circular
723,1100,700,189.0547848563362,-85,-85,-85,-85,1350,700,246.96177907733883,13.67745002561852,circular
724,1100,700,189.0547848563362,-85,-85,-85,-85,1350,700,260.63922910295736,13.67745002561852,circular
725,1100,700,189.0547848563362,-85,-85,-85,-85,1350,700,274.31667912857586,13.67745002561852,circular
726,1100,700,189.0547848563362,-85,-85,-85,-85,1350,700,287.99412915419435,13.67745002561852,circular
727,1100,700,189.0547848563362,-85,-85,-85,-85,1350,700,301.67157917981285,13.67745002561852,circular
728,1100,700,189.0547848563362,-85,-85,-85,-85,1350,700,315.34902920543135,13.67745002561852,circular
729,1100,700,189.0547848563362,-85,-85,-85,-85,1350,700,329.02647923104985,13.67745002561852,circular
730,1100,700,189.0547848563362,-85,-85,-85,-85,1350,700,342.70392925666835,13.67745002561852,circular
731,1100,700,189.0547848563362,-85,-85,-85,-85,1350,700,356.38137928228684,13.67745002561852,circular
732,1100,700,189.0547848563362,-85,-85,-85,-85,1350,700,10.058829307905341,13.67745002561852,circular
733,1100,700,189.0547848563362,-85,-85,-85,-85,1350,700,23.73627933352386,13.67745002561852,circular
734,1100,700,189.0547848563362,-85,-85,-85,-85,1350,700,37.41372935914238,13.67745002561852,circular
735,1100,700,189.0547848563362,-85,-85,-85,-85,1350,700,51.0911793847609,13.67745002561852,circular
736,1100,700,189.0547848563362,-85,-85,-85,-85,1350,700,64.76862941037942,13.67745002561852,circular
737,1100,700,189.0547848563362,-85,-85,-85,-85,1350,700,78.44607943599794,13.67745002561852,circular
738,1100,700,189.0547848563362,-85,-85,-85,-85,1350,700,92.12352946161647,13.67745002561852,circular
739,1100,700,189.0547848563362,-85,-85,-85,-85,1350,700,105.800979487235,13.67745002561852,circular
740,1100,700,189.0547848563362,-85,-85,-85,-85,1350,700,119.47842951285352,13.67745002561852,circular
741,1100,700,189.0547848563362,-85,-85,-85,-85,1350,700,133.15587953847205,13.67745002561852,circular
742,1100,700,189.0547848563362,-85,-85,11.505794098357505,-85,1350,700,146.83332956409058,13.67745002561852,circular
743,1100,700,189.0547848563362,-85,21.813356630230874,22.793695368992218,-85,1350,700,160.5107795897091,13.67745002561852,circular
744,1100,700,189.0547848563362,-85,24.92014212493214,25.26334459461691,-85,1350,700,174.18822961532763,13.67745002561852,circular
745,1100,700,189.0547848563362,-85,25.946643644493044,26.053745949214605,-85,1350,700,187.86567964094615,13.67745002561852,circular
746,1100,700,189.0547848563362,-85,25.9816463993744,25.859665714847075,-85,1350,700,201.54312966656468,13.67745002561852,circular
747,1100,700,189.0547848563362,-85,24.92014212493214,24.495315191602927,-85,1350,700,215.2205796921832,13.67745002561852,circular
748,1100,700,189.0547848563362,-85,22.170735458799452,20.48098321025059,-85,1350,700,228.89802971780173,13.67745002561852,circular
749,1100,700,189.0547848563362,-85,-85,-85,-85,1350,700,242.57547974342026,13.67745002561852,circular
750,1100,700,189.0547848563362,-85,-85,-85,-85,1350,700,256.25292976903876,13.67745002561852,circular
751,1100,700,189.0547848563362,-85,-85,-85,-85,1350,700,269.93037979465726,13.67745002561852,circular
752,1100,700,189.0547848563362,-85,-85,-85,-85,1350,700,283.60782982027575,13.67745002561852,circular
753,1100,700,189.0547848563362,-85,-85,-85,-85,1350,700,297.28527984589425,13.67745002561852,circular
754,1100,700,189.0547848563362,-85,-85,-85,-85,1350,700,310.96272987151275,13.67745002561852,circular
755,1100,700,189.0547848563362,-85,-85,-85,-85,1350,700,324.64017989713125,13.67745002561852,circular
756,1100,700,189.0547848563362,-85,-85,-85,-85,1350,700,338.31762992274975,13.67745002561852,circular
757,1100,700,189.0547848563362,-85,-85,-85,-85,1350,700,351.99507994836824,13.67745002561852,circular
758,1100,700,189.0547848563362,-85,-85,-85,-85,1350,700,5.672529973986741,13.67745002561852,circular
759,1100,700,189.0547848563362,-85,-85,-85,-85,1350,700,19.34997999960526,13.67745002561852,circular
760,1100,700,189.0547848563362,-85,-85,-85,-85,1350,700,33.02743002522378,13.67745002561852,circular
761,1100,700,189.0547848563362,-85,-85,-85,-85,1350,700,46.7048800508423,13.67745002561852,circular
762,1100,700,189.0547848563362,-85,-85,-85,-85,1350,700,60.38233007646082,13.67745002561852,circular
763,1100,700,189.0547848563362,-85,-85,-85,-85,1350,700,74.05978010207934,13.67745002561852,circular
764,1100,700,189.0547848563362,-85,-85,-85,-85,1350,700,87.73723012769787,13.67745002561852,circular
765,1100,700,189.0547848563362,-85,-85,-85,-85,1350,700,101.4146801533164,13.67745002561852,circular
766,1100,700,189.0547848563362,-85,-85,-85,-85,1350,700,115.09213017893492,13.67745002561852,circular
767,1100,700,189.0547848563362,-85,-85,-85,-85,1350,700,128.76958020455345,13.67745002561852,circular
768,1100,700,189.0547848563362,-85,-85,-85,-85,1350,700,142.44703023017198,13.67745002561852,circular
769,1100,700,189.0547848563362,-85,19.91435422725632,21.41811930585211,-85,1350,700,156.1244802557905,13.67745002561852,circular
770,1100,700,189.0547848563362,-85,24.1582774269213,24.78833704083229,-85,1350,700,169.80193028140903,13.67745002561852,circular
771,1100,700,189.0547848563362,-85,25.7492610641292,25.906018829630398,-85,1350,700,183.47938030702755,13.67745002561852,circular
772,1100,700,189.0547848563362,-85,26.067010357935978,26.011117049096303,-85,1350,700,197.15683033264608,13.67745002561852,circular
773,1100,700,189.0547848563362,-85,25.452908776355446,25.042923900792417,-85,1350,700,210.8342803582646,13.67745002561852,circular
774,1100,700,189.0547848563362,-85,23.319699537123853,22.496022074683278,-85,1350,700,224.51173038388313,13.67745002561852,circular
775,1100,700,189.0547848563362,-85,14.513447644213265,-85,-85,1350,700,238.18918040950166,13.67745002561852,circular
776,1100,700,189.0547848563362,-85,-85,-85,-85,1350,700,251.8666304351202,13.67745002561852,circular
777,1100,700,189.0547848563362,-85,-85,-85,-85,1350,700,265.5440804607387,13.67745002561852,circular
778,1100,700,189.0547848563362,-85,-85,-85,-85,1350,700,279.2215304863572,13.67745002561852,circular
779,1100,700,189.0547848563362,-85,-85,-85,-85,1350,700,292.8989805119757,13.67745002561852,circular
780,1100,700,189.0547848563362,-85,-85,-85,-85,1350,700,306.5764305375942,13.67745002561852,circular
781,1100,700,189.0547848563362,-85,-85,-85,-85,1350,700,320.2538805632127,13.67745002561852,circular
782,1100,700,189.0547848563362,-85,-85,-85,-85,1350,700,333.9313305888312,13.67745002561852,circular
783,1100,700,189.0547848563362,-85,-85,-85,-85,1350,700,347.6087806144497,13.67745002561852,circular
784,1100,700,189.0547848563362,-85,-85,-85,-85,1350,700,1.2862306400681973,13.67745002561852,circular
785,1100,700,189.0547848563362,-85,-85,-85,-85,1350,700,14.963680665686717,13.67745002561852,circular
786,1100,700,189.0547848563362,-85,-85,-85,-85,1350,700,28.641130691305236,13.67745002561852,circular
787,1100,700,189.0547848563362,-85,-85,-85,-85,1350,700,42.318580716923755,13.67745002561852,circular
788,1100,700,189.0547848563362,-85,-85,-85,-85,1350,700,55.996030742542274,13.67745002561852,circular
789,1100,700,189.0547848563362,-85,-85,-85,-85,1350,700,69.6734807681608,13.67745002561852,circular
790,1100,700,189.0547848563362,-85,-85,-85,-85,1350,700,83.35093079377933,13.67745002561852,circular
791,1100,700,189.0547848563362,-85,-85,-85,-85,1350,700,97.02838081939785,13.67745002561852,circular
792,1100,700,189.0547848563362,-85,-85,-85,-85,1350,700,110.70583084501638,13.67745002561852,circular
793,1100,700,189.0547848563362,-85,-85,-85,-85,1350,700,124.3832808706349,13.67745002561852,circular
794,1100,700,189.0547848563362,-85,-85,-85,-85,1350,700,138.06073089625343,13.67745002561852,circular
795,1100,700,189.0547848563362,-85,14.513447644213304,18.47430475951294,-85,1350,700,151.73818092187196,13.67745002561852,circular
796,1100,700,189.0547848563362,-85,23.31969953712386,23.971022246457757,-85,1350,700,165.41563094749048,13.67745002561852,circular
797,1100,700,189.0547848563362,-85,25.452908776355446,25.684904084789974,-85,1350,700,179.093080973109,13.67745002561852,circular
798,1100,700,189.0547848563362,-85,26.067010357935978,26.077602459396946,-85,1350,700,192.77053099872754,13.67745002561852,circular
799,1100,700,189.0547848563362,-85,25.7492610641292,25.536951728381826,-85,1350,700,206.44798102434606,13.67745002561852,circular
800,1100,700,189.0547848563362,-85,24.1582774269213,23.553218972269416,-85,1350,700,220.1254310499646,13.67745002561852,circular
801,1100,700,189.0547848563362,-85,19.914354227256315,16.269948115724716,-85,1350,700,233.80288107558312,13.67745002561852,circular
802,1100,700,189.0547848563362,-85,-85,-85,-85,1350,700,247.48033110120164,13.67745002561852,circular
803,1100,700,189.0547848563362,-85,-85,-85,-85,1350,700,261.15778112682017,13.67745002561852,circular
804,1100,700,189.0547848563362,-85,-85,-85,-85,1350,700,274.83523115243867,13.67745002561852,circular
805,1100,700,189.0547848563362,-85,-85,-85,-85,1350,700,288.51268117805716,13.67745002561852,circular
806,1100,700,189.0547848563362,-85,-85,-85,-85,1350,700,302.19013120367566,13.67745002561852,circular
807,1100,700,189.0547848563362,-85,-85,-85,-85,1350,700,315.86758122929416,13.67745002561852,circular
808,1100,700,189.0547848563362,-85,-85,-85,-85,1350,700,329.54503125491266,13.67745002561852,circular
809,1100,700,189.0547848563362,-85,-85,-85,-85,1350,700,343.22248128053116,13.67745002561852,circular
810,1100,700,189.0547848563362,-85,-85,-85,-85,1350,700,356.89993130614965,13.67745002561852,circular
811,1100,700,189.0547848563362,-85,-85,-85,-85,1350,700,10.577381331768152,13.67745002561852,circular
812,1100,700,189.0547848563362,-85,-85,-85,-85,1350,700,24.25483135738667,13.67745002561852,circular
813,1100,700,189.0547848563362,-85,-85,-85,-85,1350,700,37.93228138300519,13.67745002561852,circular
814,1100,700,189.0547848563362,-85,-85,-85,-85,1350,700,51.60973140862371,13.67745002561852,circular
815,1100,700,189.0547848563362,-85,-85,-85,-85,1350,700,65.28718143424223,13.67745002561852,circular
816,1100,700,189.0547848563362,-85,-85,-85,-85,1350,700,78.96463145986075,13.67745002561852,circular
817,1100,700,189.0547848563362,-85,-85,-85,-85,1350,700,92.64208148547928,13.67745002561852,circular
818,1100,700,189.0547848563362,-85,-85,-85,-85,1350,700,106.31953151109781,13.67745002561852,circular
819,1100,700,189.0547848563362,-85,-85,-85,-85,1350,700,119.99698153671633,13.67745002561852,circular
820,1100,700,189.0547848563362,-85,-85,-85,-85,1350,700,133.67443156233486,13.67745002561852,circular
821,1100,700,189.0547848563362,-85,-85,11.505794098357505,-85,1350,700,147.3518815879534,13.67745002561852,circular
822,1100,700,189.0547848563362,-85,21.813356630230874,23.06730250275713,-85,1350,700,161.0293316135719,13.67745002561852,circular
823,1100,700,189.0547848563362,-85,24.92014212493214,25.26334459461691,-85,1350,700,174.70678163919044,13.67745002561852,circular
824,1100,700,189.0547848563362,-85,25.9816463993744,26.053745949214605,-85,1350,700,188.38423166480896,13.67745002561852,circular
825,1100,700,189.0547848563362,-85,25.9816463993744,25.807460623826316,-85,1350,700,202.0616816904275,13.67745002561852,circular
826,1100,700,189.0547848563362,-85,24.92014212493214,24.495315191602927,-85,1350,700,215.73913171604602,13.67745002561852,circular
827,1100,700,189.0547848563362,-85,21.81335663023087,20.48098321025059,-85,1350,700,229.41658174166454,13.67745002561852,circular
828,1100,700,189.0547848563362,-85,-85,-85,-85,1350,700,243.09403176728307,13.67745002561852,circular
829,1100,700,189.0547848563362,-85,-85,-85,-85,1350,700,256.77148179290157,13.67745002561852,circular
830,1100,700,189.0547848563362,-85,-85,-85,-85,1350,700,270.44893181852007,13.67745002561852,circular
831,1100,700,189.0547848563362,-85,-85,-85,-85,1350,700,284.12638184413856,13.67745002561852,circular
832,1100,700,189.0547848563362,-85,-85,-85,-85,1350,700,297.80383186975706,13.67745002561852,circular
833,1100,700,189.0547848563362,-85,-85,-85,-85,1350,700,311.48128189537556,13.67745002561852,circular
834,1100,700,189.0547848563362,-85,-85,-85,-85,1350,700,325.15873192099406,13.67745002561852,circular
835,1100,700,189.0547848563362,-85,-85,-85,-85,1350,700,338.83618194661256,13.67745002561852,circular
836,1100,700,189.0547848563362,-85,-85,-85,-85,1350,700,352.51363197223105,13.67745002561852,circular
837,1100,700,189.0547848563362,-85,-85,-85,-85,1350,700,6.191081997849551,13.67745002561852,circular
838,1100,700,189.0547848563362,-85,-85,-85,-85,1350,700,19.86853202346807,13.67745002561852,circular
839,1100,700,189.0547848563362,-85,-85,-85,-85,1350,700,33.54598204908659,13.67745002561852,circular
840,1100,700,189.0547848563362,-85,-85,-85,-85,1350,700,47.22343207470511,13.67745002561852,circular
841,1100,700,189.0547848563362,-85,-85,-85,-85,1350,700,60.90088210032363,13.67745002561852,circular
842,1100,700,189.0547848563362,-85,-85,-85,-85,1350,700,74.57833212594215,13.67745002561852,circular
843,1100,700,189.0547848563362,-85,-85,-85,-85,1350,700,88.25578215156068,13.67745002561852,circular
844,1100,700,189.0547848563362,-85,-85,-85,-85,1350,700,101.9332321771792,13.67745002561852,circular
845,1100,700,189.0547848563362,-85,-85,-85,-85,1350,700,115.61068220279773,13.67745002561852,circular
846,1100,700,189.0547848563362,-85,-85,-85,-85,1350,700,129.28813222841626,13.67745002561852,circular
847,1100,700,189.0547848563362,-85,-85,-85,-85,1350,700,142.96558225403479,13.67745002561852,circular
848,1100,700,189.0547848563362,-85,19.91435422725632,21.41811930585211,-85,1350,700,156.6430322796533,13.67745002561852,circular
849,1100,700,189.0547848563362,-85,24.33271141113945,24.78833704083229,-85,1350,700,170.32048230527184,13.67745002561852,circular
850,1100,700,189.0547848563362,-85,25.7492610641292,25.946643644493044,-85,1350,700,183.99793233089036,13.67745002561852,circular
851,1100,700,189.0547848563362,-85,26.067010357935978,26.011117049096303,-85,1350,700,197.6753823565089,13.67745002561852,circular
852,1100,700,189.0547848563362,-85,25.361807294499556,25.042923900792417,-85,1350,700,211.35283238212742,13.67745002561852,circular
853,1100,700,189.0547848563362,-85,23.319699537123853,22.170735458799452,-85,1350,700,225.03028240774594,13.67745002561852,circular
854,1100,700,189.0547848563362,-85,14.513447644213265,-85,-85,1350,700,238.70773243336447,13.67745002561852,circular
855,1100,700,189.0547848563362,-85,-85,-85,-85,1350,700,252.385182458983,13.67745002561852,circular
856,1100,700,189.0547848563362,-85,-85,-85,-85,1350,700,266.0626324846015,13.67745002561852,circular
857,1100,700,189.0547848563362,-85,-85,-85,-85,1350,700,279.74008251022,13.67745002561852,circular
858,1100,700,189.0547848563362,-85,-85,-85,-85,1350,700,293.4175325358385,13.67745002561852,circular
859,1100,700,189.0547848563362,-85,-85,-85,-85,1350,700,307.094982561457,13.67745002561852,circular
860,1100,700,189.0547848563362,-85,-85,-85,-85,1350,700,320.7724325870755,13.67745002561852,circular
861,1100,700,189.0547848563362,-85,-85,-85,-85,1350,700,334.449882612694,13.67745002561852,circular
862,1100,700,189.0547848563362,-85,-85,-85,-85,1350,700,348.1273326383125,13.67745002561852,circular
863,1100,700,189.0547848563362,-85,-85,-85,-85,1350,700,1.8047826639310074,13.67745002561852,circular
864,1100,700,189.0547848563362,-85,-85,-85,-85,1350,700,15.482232689549527,13.67745002561852,circular
865,1100,700,189.0547848563362,-85,-85,-85,-85,1350,700,29.159682715168046,13.67745002561852,circular
866,1100,700,189.0547848563362,-85,-85,-85,-85,1350,700,42.837132740786565,13.67745002561852,circular
867,1100,700,189.0547848563362,-85,-85,-85,-85,1350,700,56.514582766405084,13.67745002561852,circular
868,1100,700,189.0547848563362,-85,-85,-85,-85,1350,700,70.19203279202361,13.67745002561852,circular
869,1100,700,189.0547848563362,-85,-85,-85,-85,1350,700,83.86948281764214,13.67745002561852,circular
870,1100,700,189.0547848563362,-85,-85,-85,-85,1350,700,97.54693284326066,13.67745002561852,circular
871,1100,700,189.0547848563362,-85,-85,-85,-85,1350,700,111.22438286887919,13.67745002561852,circular
872,1100,700,189.0547848563362,-85,-85,-85,-85,1350,700,124.90183289449772,13.67745002561852,circular
873,1100,700,189.0547848563362,-85,-85,-85,-85,1350,700,138.57928292011624,13.67745002561852,circular
874,1100,700,189.0547848563362,-85,16.269948115724727,19.25639156218217,-85,1350,700,152.25673294573477,13.67745002561852,circular
875,1100,700,189.0547848563362,-85,23.31969953712386,24.1582774269213,-85,1350,700,165.9341829713533,13.67745002561852,circular
876,1100,700,189.0547848563362,-85,25.452908776355446,25.684904084789974,-85,1350,700,179.61163299697182,13.67745002561852,circular
877,1100,700,189.0547848563362,-85,26.074956048612798,26.074956048612798,-85,1350,700,193.28908302259035,13.67745002561852,circular
878,1100,700,189.0547848563362,-85,25.7492610641292,25.452908776355446,-85,1350,700,206.96653304820887,13.67745002561852,circular
879,1100,700,189.0547848563362,-85,24.1582774269213,23.553218972269416,-85,1350,700,220.6439830738274,13.67745002561852,circular
880,1100,700,189.0547848563362,-85,19.25639156218219,16.269948115724716,-85,1350,700,234.32143309944593,13.67745002561852,circular
881,1100,700,189.0547848563362,-85,-85,-85,-85,1350,700,247.99888312506445,13.67745002561852,circular
882,1100,700,189.0547848563362,-85,-85,-85,-85,1350,700,261.676333150683,13.67745002561852,circular
883,1100,700,189.0547848563362,-85,-85,-85,-85,1350,700,275.3537831763015,13.67745002561852,circular
884,1100,700,189.0547848563362,-85,-85,-85,-85,1350,700,289.03123320192,13.67745002561852,circular
885,1100,700,189.0547848563362,-85,-85,-85,-85,1350,700,302.7086832275385,13.67745002561852,circular
886,1100,700,189.0547848563362,-85,-85,-85,-85,1350,700,316.38613325315697,13.67745002561852,circular
887,1100,700,189.0547848563362,-85,-85,-85,-85,1350,700,330.06358327877547,13.67745002561852,circular
888,1100,700,189.0547848563362,-85,-85,-85,-85,1350,700,343.74103330439397,13.67745002561852,circular
889,1100,700,189.0547848563362,-85,-85,-85,-85,1350,700,357.41848333001246,13.67745002561852,circular
890,1100,700,189.0547848563362,-85,-85,-85,-85,1350,700,11.095933355630962,13.67745002561852,circular
891,1100,700,189.0547848563362,-85,-85,-85,-85,1350,700,24.77338338124948,13.67745002561852,circular
892,1100,700,189.0547848563362,-85,-85,-85,-85,1350,700,38.450833406868,13.67745002561852,circular
893,1100,700,189.0547848563362,-85,-85,-85,-85,1350,700,52.12828343248652,13.67745002561852,circular
894,1100,700,189.0547848563362,-85,-85,-85,-85,1350,700,65.80573345810504,13.67745002561852,circular
895,1100,700,189.0547848563362,-85,-85,-85,-85,1350,700,79.48318348372356,13.67745002561852,circular
896,1100,700,189.0547848563362,-85,-85,-85,-85,1350,700,93.16063350934209,13.67745002561852,circular
897,1100,700,189.0547848563362,-85,-85,-85,-85,1350,700,106.83808353496062,13.67745002561852,circular
898,1100,700,189.0547848563362,-85,-85,-85,-85,1350,700,120.51553356057914,13.67745002561852,circular
899,1100,700,189.0547848563362,-85,-85,-85,-85,1350,700,134.19298358619767,13.67745002561852,circular
900,1100,700,189.0547848563362,-85,-85,14.513447644213304,-85,1350,700,147.8704336118162,13.67745002561852,circular
901,1100,700,189.0547848563362,-85,22.170735458799452,23.06730250275713,-85,1350,700,161.54788363743472,13.67745002561852,circular
902,1100,700,189.0547848563362,-85,25.042923900792417,25.36180729449956,-85,1350,700,175.22533366305325,13.67745002561852,circular
903,1100,700,189.0547848563362,-85,25.9816463993744,26.067010357935978,-85,1350,700,188.90278368867178,13.67745002561852,circular
904,1100,700,189.0547848563362,-85,25.946643644493044,25.807460623826316,-85,1350,700,202.5802337142903,13.67745002561852,circular
905,1100,700,189.0547848563362,-85,24.788337040832293,24.332711411139446,-85,1350,700,216.25768373990883,13.67745002561852,circular
906,1100,700,189.0547848563362,-85,21.81335663023087,19.914354227256315,-85,1350,700,229.93513376552735,13.67745002561852,circular
907,1100,700,189.0547848563362,-85,-85,-85,-85,1350,700,243.61258379114588,13.67745002561852,circular
908,1100,700,189.0547848563362,-85,-85,-85,-85,1350,700,257.2900338167644,13.67745002561852,circular
909,1100,700,189.0547848563362,-85,-85,-85,-85,1350,700,270.9674838423829,13.67745002561852,circular
910,1100,700,189.0547848563362,-85,-85,-85,-85,1350,700,284.6449338680014,13.67745002561852,circular
911,1100,700,189.0547848563362,-85,-85,-85,-85,1350,700,298.3223838936199,13.67745002561852,circular
912,1100,700,189.0547848563362,-85,-85,-85,-85,1350,700,311.99983391923837,13.67745002561852,circular
913,1100,700,189.0547848563362,-85,-85,-85,-85,1350,700,325.67728394485687,13.67745002561852,circular
914,1100,700,189.0547848563362,-85,-85,-85,-85,1350,700,339.35473397047537,13.67745002561852,circular
915,1100,700,189.0547848563362,-85,-85,-85,-85,1350,700,353.03218399609386,13.67745002561852,circular
916,1100,700,189.0547848563362,-85,-85,-85,-85,1350,700,6.709634021712361,13.67745002561852,circular
917,1100,700,189.0547848563362,-85,-85,-85,-85,1350,700,20.38708404733088,13.67745002561852,circular
918,1100,700,189.0547848563362,-85,-85,-85,-85,1350,700,34.0645340729494,13.67745002561852,circular
919,1100,700,189.0547848563362,-85,-85,-85,-85,1350,700,47.74198409856792,13.67745002561852,circular
920,1100,700,189.0547848563362,-85,-85,-85,-85,1350,700,61.41943412418644,13.67745002561852,circular
921,1100,700,189.0547848563362,-85,-85,-85,-85,1350,700,75.09688414980496,13.67745002561852,circular
922,1100,700,189.0547848563362,-85,-85,-85,-85,1350,700,88.77433417542349,13.67745002561852,circular
923,1100,700,189.0547848563362,-85,-85,-85,-85,1350,700,102.45178420104202,13.67745002561852,circular
924,1100,700,189.0547848563362,-85,-85,-85,-85,1350,700,116.12923422666054,13.67745002561852,circular
925,1100,700,189.0547848563362,-85,-85,-85,-85,1350,700,129.80668425227907,13.67745002561852,circular
926,1100,700,189.0547848563362,-85,-85,-85,-85,1350,700,143.4841342778976,13.67745002561852,circular
927,1100,700,189.0547848563362,-85,20.48098321025059,21.813356630230874,-85,1350,700,157.16158430351612,13.67745002561852,circular
928,1100,700,189.0547848563362,-85,24.33271141113945,24.92014212493214,-85,1350,700,170.83903432913465,13.67745002561852,circular
929,1100,700,189.0547848563362,-85,25.80746062382631,25.946643644493044,-85,1350,700,184.51648435475317,13.67745002561852,circular
930,1100,700,189.0547848563362,-85,26.053745949214605,25.9816463993744,-85,1350,700,198.1939343803717,13.67745002561852,circular
931,1100,700,189.0547848563362,-85,25.361807294499556,24.92014212493214,-85,1350,700,211.87138440599023,13.67745002561852,circular
932,1100,700,189.0547848563362,-85,23.067302502757133,22.170735458799452,-85,1350,700,225.54883443160875,13.67745002561852,circular
933,1100,700,189.0547848563362,-85,11.50579409835762,-85,-85,1350,700,239.22628445722728,13.67745002561852,circular
934,1100,700,189.0547848563362,-85,-85,-85,-85,1350,700,252.9037344828458,13.67745002561852,circular
935,1100,700,189.0547848563362,-85,-85,-85,-85,1350,700,266.58118450846433,13.67745002561852,circular
936,1100,700,189.0547848563362,-85,-85,-85,-85,1350,700,280.25863453408283,13.67745002561852,circular
937,1100,700,189.0547848563362,-85,-85,-85,-85,1350,700,293.9360845597013,13.67745002561852,circular
938,1100,700,189.0547848563362,-85,-85,-85,-85,1350,700,307.6135345853198,13.67745002561852,circular
939,1100,700,189.0547848563362,-85,-85,-85,-85,1350,700,321.2909846109383,13.67745002561852,circular
940,1100,700,189.0547848563362,-85,-85,-85,-85,1350,700,334.9684346365568,13.67745002561852,circular
941,1100,700,189.0547848563362,-85,-85,-85,-85,1350,700,348.6458846621753,13.67745002561852,circular
942,1100,700,189.0547848563362,-85,-85,-85,-85,1350,700,2.3233346877938175,13.67745002561852,circular
943,1100,700,189.0547848563362,-85,-85,-85,-85,1350,700,16.000784713412337,13.67745002561852,circular
944,1100,700,189.0547848563362,-85,-85,-85,-85,1350,700,29.678234739030856,13.67745002561852,circular
945,1100,700,189.0547848563362,-85,-85,-85,-85,1350,700,43.355684764649375,13.67745002561852,circular
946,1100,700,189.0547848563362,-85,-85,-85,-85,1350,700,57.033134790267894,13.67745002561852,circular
947,1100,700,189.0547848563362,-85,-85,-85,-85,1350,700,70.71058481588642,13.67745002561852,circular
948,1100,700,189.0547848563362,-85,-85,-85,-85,1350,700,84.38803484150495,13.67745002561852,circular
949,1100,700,189.0547848563362,-85,-85,-85,-85,1350,700,98.06548486712347,13.67745002561852,circular
950,1100,700,189.0547848563362,-85,-85,-85,-85,1350,700,111.742934892742,13.67745002561852,circular
951,1100,700,189.0547848563362,-85,-85,-85,-85,1350,700,125.42038491836053,13.67745002561852,circular
952,1100,700,189.0547848563362,-85,-85,-85,-85,1350,700,139.09783494397905,13.67745002561852,circular
953,1100,700,189.0547848563362,-85,16.269948115724727,19.25639156218217,-85,1350,700,152.77528496959758,13.67745002561852,circular
954,1100,700,189.0547848563362,-85,23.553218972269416,24.1582774269213,-85,1350,700,166.4527349952161,13.67745002561852,circular
955,1100,700,189.0547848563362,-85,25.536951728381826,25.7492610641292,-85,1350,700,180.13018502083463,13.67745002561852,circular
956,1100,700,189.0547848563362,-85,26.074956048612798,26.067010357935978,-85,1350,700,193.80763504645316,13.67745002561852,circular
957,1100,700,189.0547848563362,-85,25.684904084789977,25.452908776355446,-85,1350,700,207.48508507207168,13.67745002561852,circular
958,1100,700,189.0547848563362,-85,23.97102224645776,23.319699537123853,-85,1350,700,221.1625350976902,13.67745002561852,circular
959,1100,700,189.0547848563362,-85,19.25639156218219,14.513447644213265,-85,1350,700,234.83998512330874,13.67745002561852,circular
960,1100,700,189.0547848563362,-85,-85,-85,-85,1350,700,248.51743514892726,13.67745002561852,circular
961,1100,700,189.0547848563362,-85,-85,-85,-85,1350,700,262.1948851745458,13.67745002561852,circular
962,1100,700,189.0547848563362,-85,-85,-85,-85,1350,700,275.8723352001643,13.67745002561852,circular
963,1100,700,189.0547848563362,-85,-85,-85,-85,1350,700,289.5497852257828,13.67745002561852,circular
964,1100,700,189.0547848563362,-85,-85,-85,-85,1350,700,303.2272352514013,13.67745002561852,circular
965,1100,700,189.0547848563362,-85,-85,-85,-85,1350,700,316.9046852770198,13.67745002561852,circular
966,1100,700,189.0547848563362,-85,-85,-85,-85,1350,700,330.5821353026383,13.67745002561852,circular
967,1100,700,189.0547848563362,-85,-85,-85,-85,1350,700,344.2595853282568,13.67745002561852,circular
968,1100,700,189.0547848563362,-85,-85,-85,-85,1350,700,357.9370353538753,13.67745002561852,circular
969,1100,700,189.0547848563362,-85,-85,-85,-85,1350,700,11.614485379493772,13.67745002561852,circular
970,1100,700,189.0547848563362,-85,-85,-85,-85,1350,700,25.29193540511229,13.67745002561852,circular
971,1100,700,189.0547848563362,-85,-85,-85,-85,1350,700,38.96938543073081,13.67745002561852,circular
972,1100,700,189.0547848563362,-85,-85,-85,-85,1350,700,52.64683545634933,13.67745002561852,circular
973,1100,700,189.0547848563362,-85,-85,-85,-85,1350,700,66.32428548196785,13.67745002561852,circular
974,1100,700,189.0547848563362,-85,-85,-85,-85,1350,700,80.00173550758637,13.67745002561852,circular
975,1100,700,189.0547848563362,-85,-85,-85,-85,1350,700,93.6791855332049,13.67745002561852,circular
976,1100,700,189.0547848563362,-85,-85,-85,-85,1350,700,107.35663555882343,13.67745002561852,circular
977,1100,700,189.0547848563362,-85,-85,-85,-85,1350,700,121.03408558444195,13.67745002561852,circular
978,1100,700,189.0547848563362,-85,-85,-85,-85,1350,700,134.71153561006048,13.67745002561852,circular
979,1100,700,189.0547848563362,-85,-85,14.513447644213304,-85,1350,700,148.388985635679,13.67745002561852,circular
980,1100,700,189.0547848563362,-85,22.170735458799452,23.31969953712386,-85,1350,700,162.06643566129753,13.67745002561852,circular
981,1100,700,189.0547848563362,-85,25.042923900792417,25.36180729449956,-85,1350,700,175.74388568691606,13.67745002561852,circular
982,1100,700,189.0547848563362,-85,26.011117049096303,26.067010357935978,-85,1350,700,189.42133571253459,13.67745002561852,circular
983,1100,700,189.0547848563362,-85,25.906018829630398,25.7492610641292,-85,1350,700,203.0987857381531,13.67745002561852,circular
984,1100,700,189.0547848563362,-85,24.788337040832293,24.332711411139446,-85,1350,700,216.77623576377164,13.67745002561852,circular
985,1100,700,189.0547848563362,-85,21.418119305852123,19.914354227256315,-85,1350,700,230.45368578939016,13.67745002561852,circular
986,1100,700,189.0547848563362,-85,-85,-85,-85,1350,700,244.1311358150087,13.67745002561852,circular
987,1100,700,189.0547848563362,-85,-85,-85,-85,1350,700,257.8085858406272,13.67745002561852,circular
988,1100,700,189.0547848563362,-85,-85,-85,-85,1350,700,271.4860358662457,13.67745002561852,circular
989,1100,700,189.0547848563362,-85,-85,-85,-85,1350,700,285.1634858918642,13.67745002561852,circular
990,1100,700,189.0547848563362,-85,-85,-85,-85,1350,700,298.8409359174827,13.67745002561852,circular
991,1100,700,189.0547848563362,-85,-85,-85,-85,1350,700,312.5183859431012,13.67745002561852,circular
992,1100,700,189.0547848563362,-85,-85,-85,-85,1350,700,326.1958359687197,13.67745002561852,circular
993,1100,700,189.0547848563362,-85,-85,-85,-85,1350,700,339.8732859943382,13.67745002561852,circular
994,1100,700,189.0547848563362,-85,-85,-85,-85,1350,700,353.5507360199567,13.67745002561852,circular
995,1100,700,189.0547848563362,-85,-85,-85,-85,1350,700,7.228186045575171,13.67745002561852,circular
996,1100,700,189.0547848563362,-85,-85,-85,-85,1350,700,20.90563607119369,13.67745002561852,circular
997,1100,700,189.0547848563362,-85,-85,-85,-85,1350,700,34.58308609681221,13.67745002561852,circular
998,1100,700,189.0547848563362,-85,-85,-85,-85,1350,700,48.26053612243073,13.67745002561852,circular
999,1100,700,189.0547848563362,-85,-85,-85,-85,1350,700,61.93798614804925,13.67745002561852,circular
