Tick,Aircraft X,Aircraft Y,Aircraft Heading,A1,A2,A3,A4,Radar X,Radar Y,Radar Azimuth,Radar RPM,Radar Scan Pattern
0,1100,700,280.3549212742923,-85,-85,-85,-85,1350,700,343.27834957363507,14.379526817858546,circular
1,1100,700,280.3549212742923,-85,-85,-85,-85,1350,700,357.65787639149363,14.379526817858546,circular
2,1100,700,280.3549212742923,-85,-85,-85,-85,1350,700,12.037403209352192,14.379526817858546,circular
3,1100,700,280.3549212742923,-85,-85,-85,-85,1350,700,26.41693002721074,14.379526817858546,circular
4,1100,700,280.3549212742923,-85,-85,-85,-85,1350,700,40.79645684506929,14.379526817858546,circular
5,1100,700,280.3549212742923,-85,-85,-85,-85,1350,700,55.175983662927834,14.379526817858546,circular
6,1100,700,280.3549212742923,-85,-85,-85,-85,1350,700,69.55551048078638,14.379526817858546,circular
7,1100,700,280.3549212742923,-85,-85,-85,-85,1350,700,83.93503729864493,14.379526817858546,circular
8,1100,700,280.3549212742923,-85,-85,-85,-85,1350,700,98.31456411650348,14.379526817858546,circular
9,1100,700,280.3549212742923,-85,-85,-85,-85,1350,700,112.69409093436202,14.379526817858546,circular
10,1100,700,280.3549212742923,-85,-85,-85,-85,1350,700,127.07361775222057,14.379526817858546,circular
11,1100,700,280.3549212742923,-85,-85,-85,-85,1350,700,141.4531445700791,14.379526817858546,circular
12,1100,700,280.3549212742923,19.25639156218217,20.97742610025734,-85,-85,1350,700,155.83267138793764,14.379526817858546,circular
13,1100,700,280.3549212742923,24.1582774269213,24.646943359767004,-85,-85,1350,700,170.21219820579617,14.379526817858546,circular
14,1100,700,280.3549212742923,25.7492610641292,25.946643644493044,-85,-85,1350,700,184.5917250236547,14.379526817858546,circular
15,1100,700,280.3549212742923,26.053745949214605,25.9816463993744,-85,-85,1350,700,198.97125184151324,14.379526817858546,circular
16,1100,700,280.3549212742923,25.263344594616918,24.92014212493214,-85,-85,1350,700,213.35077865937177,14.379526817858546,circular
17,1100,700,280.3549212742923,22.496022074683278,21.418119305852123,-85,-85,1350,700,227.7303054772303,14.379526817858546,circular
18,1100,700,280.3549212742923,-85,-85,-85,-85,1350,700,242.10983229508884,14.379526817858546,circular
19,1100,700,280.3549212742923,-85,-85,-85,-85,1350,700,256.4893591129474,14.379526817858546,circular
20,1100,700,280.3549212742923,-85,-85,-85,-85,1350,700,270.86888593080596,14.379526817858546,circular
21,1100,700,280.3549212742923,-85,-85,-85,-85,1350,700,285.2484127486645,14.379526817858546,circular
22,1100,700,280.3549212742923,-85,-85,-85,-85,1350,700,299.6279395665231,14.379526817858546,circular
23,1100,700,280.3549212742923,-85,-85,-85,-85,1350,700,314.00746638438164,14.379526817858546,circular
24,1100,700,280.3549212742923,-85,-85,-85,-85,1350,700,328.3869932022402,14.379526817858546,circular
25,1100,700,280.3549212742923,-85,-85,-85,-85,1350,700,342.76652002009877,14.379526817858546,circular
26,1100,700,280.3549212742923,-85,-85,-85,-85,1350,700,357.14604683795733,14.379526817858546,circular
27,1100,700,280.3549212742923,-85,-85,-85,-85,1350,700,11.52557365581589,14.379526817858546,circular
28,1100,700,280.3549212742923,-85,-85,-85,-85,1350,700,25.905100473674437,14.379526817858546,circular
29,1100,700,280.3549212742923,-85,-85,-85,-85,1350,700,40.284627291532985,14.379526817858546,circular
30,1100,700,280.3549212742923,-85,-85,-85,-85,1350,700,54.66415410939153,14.379526817858546,circular
31,1100,700,280.3549212742923,-85,-85,-85,-85,1350,700,69.04368092725008,14.379526817858546,circular
32,1100,700,280.3549212742923,-85,-85,-85,-85,1350,700,83.42320774510863,14.379526817858546,circular
33,1100,700,280.3549212742923,-85,-85,-85,-85,1350,700,97.80273456296717,14.379526817858546,circular
34,1100,700,280.3549212742923,-85,-85,-85,-85,1350,700,112.18226138082572,14.379526817858546,circular
35,1100,700,280.3549212742923,-85,-85,-85,-85,1350,700,126.56178819868427,14.379526817858546,circular
36,1100,700,280.3549212742923,-85,-85,-85,-85,1350,700,140.9413150165428,14.379526817858546,circular
37,1100,700,280.3549212742923,18.47430475951294,20.48098321025059,-85,-85,1350,700,155.32084183440134,14.379526817858546,circular
38,1100,700,280.3549212742923,23.971022246457757,24.646943359767004,-85,-85,1350,700,169.70036865225987,14.379526817858546,circular
39,1100,700,280.3549212742923,25.7492610641292,25.906018829630398,-85,-85,1350,700,184.0798954701184,14.379526817858546,circular
40,1100,700,280.3549212742923,26.067010357935978,25.9816463993744,-85,-85,1350,700,198.45942228797693,14.379526817858546,circular
41,1100,700,280.3549212742923,25.263344594616918,24.92014212493214,-85,-85,1350,700,212.83894910583547,14.379526817858546,circular
42,1100,700,280.3549212742923,22.793695368992225,21.81335663023087,-85,-85,1350,700,227.218475923694,14.379526817858546,circular
43,1100,700,280.3549212742923,-85,-85,-85,-85,1350,700,241.59800274155253,14.379526817858546,circular
44,1100,700,280.3549212742923,-85,-85,-85,-85,1350,700,255.97752955941107,14.379526817858546,circular
45,1100,700,280.3549212742923,-85,-85,-85,-85,1350,700,270.3570563772696,14.379526817858546,circular
46,1100,700,280.3549212742923,-85,-85,-85,-85,1350,700,284.73658319512816,14.379526817858546,circular
47,1100,700,280.3549212742923,-85,-85,-85,-85,1350,700,299.1161100129867,14.379526817858546,circular
48,1100,700,280.3549212742923,-85,-85,-85,-85,1350,700,313.4956368308453,14.379526817858546,circular
49,1100,700,280.3549212742923,-85,-85,-85,-85,1350,700,327.87516364870385,14.379526817858546,circular
50,1100,700,280.3549212742923,-85,-85,-85,-85,1350,700,342.2546904665624,14.379526817858546,circular
51,1100,700,280.3549212742923,-85,-85,-85,-85,1350,700,356.63421728442097,14.379526817858546,circular
52,1100,700,280.3549212742923,-85,-85,-85,-85,1350,700,11.013744102279531,14.379526817858546,circular
53,1100,700,280.3549212742923,-85,-85,-85,-85,1350,700,25.39327092013808,14.379526817858546,circular
54,1100,700,280.3549212742923,-85,-85,-85,-85,1350,700,39.772797737996626,14.379526817858546,circular
55,1100,700,280.3549212742923,-85,-85,-85,-85,1350,700,54.152324555855174,14.379526817858546,circular
56,1100,700,280.3549212742923,-85,-85,-85,-85,1350,700,68.53185137371372,14.379526817858546,circular
57,1100,700,280.3549212742923,-85,-85,-85,-85,1350,700,82.91137819157227,14.379526817858546,circular
58,1100,700,280.3549212742923,-85,-85,-85,-85,1350,700,97.29090500943082,14.379526817858546,circular
59,1100,700,280.3549212742923,-85,-85,-85,-85,1350,700,111.67043182728936,14.379526817858546,circular
60,1100,700,280.3549212742923,-85,-85,-85,-85,1350,700,126.04995864514791,14.379526817858546,circular
61,1100,700,280.3549212742923,-85,-85,-85,-85,1350,700,140.42948546300644,14.379526817858546,circular
62,1100,700,280.3549212742923,18.47430475951294,20.48098321025059,-85,-85,1350,700,154.80901228086498,14.379526817858546,circular
63,1100,700,280.3549212742923,23.971022246457757,24.495315191602927,-85,-85,1350,700,169.1885390987235,14.379526817858546,circular
64,1100,700,280.3549212742923,25.684904084789974,25.906018829630398,-85,-85,1350,700,183.56806591658204,14.379526817858546,circular
65,1100,700,280.3549212742923,26.067010357935978,26.011117049096303,-85,-85,1350,700,197.94759273444058,14.379526817858546,circular
66,1100,700,280.3549212742923,25.361807294499556,25.042923900792417,-85,-85,1350,700,212.3271195522991,14.379526817858546,circular
67,1100,700,280.3549212742923,23.067302502757133,21.81335663023087,-85,-85,1350,700,226.70664637015764,14.379526817858546,circular
68,1100,700,280.3549212742923,-85,-85,-85,-85,1350,700,241.08617318801618,14.379526817858546,circular
69,1100,700,280.3549212742923,-85,-85,-85,-85,1350,700,255.4657000058747,14.379526817858546,circular
70,1100,700,280.3549212742923,-85,-85,-85,-85,1350,700,269.84522682373324,14.379526817858546,circular
71,1100,700,280.3549212742923,-85,-85,-85,-85,1350,700,284.2247536415918,14.379526817858546,circular
72,1100,700,280.3549212742923,-85,-85,-85,-85,1350,700,298.60428045945037,14.379526817858546,circular
73,1100,700,280.3549212742923,-85,-85,-85,-85,1350,700,312.9838072773089,14.379526817858546,circular
74,1100,700,280.3549212742923,-85,-85,-85,-85,1350,700,327.3633340951675,14.379526817858546,circular
75,1100,700,280.3549212742923,-85,-85,-85,-85,1350,700,341.74286091302605,14.379526817858546,circular
76,1100,700,280.3549212742923,-85,-85,-85,-85,1350,700,356.1223877308846,14.379526817858546,circular
77,1100,700,280.3549212742923,-85,-85,-85,-85,1350,700,10.501914548743173,14.379526817858546,circular
78,1100,700,280.3549212742923,-85,-85,-85,-85,1350,700,24.88144136660172,14.379526817858546,circular
79,1100,700,280.3549212742923,-85,-85,-85,-85,1350,700,39.26096818446027,14.379526817858546,circular
80,1100,700,280.3549212742923,-85,-85,-85,-85,1350,700,53.640495002318815,14.379526817858546,circular
81,1100,700,280.3549212742923,-85,-85,-85,-85,1350,700,68.02002182017736,14.379526817858546,circular
82,1100,700,280.3549212742923,-85,-85,-85,-85,1350,700,82.39954863803591,14.379526817858546,circular
83,1100,700,280.3549212742923,-85,-85,-85,-85,1350,700,96.77907545589446,14.379526817858546,circular
84,1100,700,280.3549212742923,-85,-85,-85,-85,1350,700,111.158602273753,14.379526817858546,circular
85,1100,700,280.3549212742923,-85,-85,-85,-85,1350,700,125.53812909161155,14.379526817858546,circular
86,1100,700,280.3549212742923,-85,-85,-85,-85,1350,700,139.91765590947008,14.379526817858546,circular
87,1100,700,280.3549212742923,17.513155499392102,19.91435422725632,-85,-85,1350,700,154.29718272732862,14.379526817858546,circular
88,1100,700,280.3549212742923,23.769789312347285,24.495315191602927,-85,-85,1350,700,168.67670954518715,14.379526817858546,circular
89,1100,700,280.3549212742923,25.684904084789974,25.859665714847075,-85,-85,1350,700,183.05623636304568,14.379526817858546,circular
90,1100,700,280.3549212742923,26.074956048612798,26.035130213615616,-85,-85,1350,700,197.43576318090422,14.379526817858546,circular
91,1100,700,280.3549212742923,25.361807294499556,25.042923900792417,-85,-85,1350,700,211.81528999876275,14.379526817858546,circular
92,1100,700,280.3549212742923,23.067302502757133,22.170735458799452,-85,-85,1350,700,226.19481681662128,14.379526817858546,circular
93,1100,700,280.3549212742923,11.50579409835762,-85,-85,-85,1350,700,240.57434363447982,14.379526817858546,circular
94,1100,700,280.3549212742923,-85,-85,-85,-85,1350,700,254.95387045233835,14.379526817858546,circular
95,1100,700,280.3549212742923,-85,-85,-85,-85,1350,700,269.3333972701969,14.379526817858546,circular
96,1100,700,280.3549212742923,-85,-85,-85,-85,1350,700,283.71292408805544,14.379526817858546,circular
97,1100,700,280.3549212742923,-85,-85,-85,-85,1350,700,298.092450905914,14.379526817858546,circular
98,1100,700,280.3549212742923,-85,-85,-85,-85,1350,700,312.47197772377257,14.379526817858546,circular
99,1100,700,280.3549212742923,-85,-85,-85,-85,1350,700,326.85150454163113,14.379526817858546,circular
100,1100,700,280.3549212742923,-85,-85,-85,-85,1350,700,341.2310313594897,14.379526817858546,circular
101,1100,700,280.3549212742923,-85,-85,-85,-85,1350,700,355.61055817734825,14.379526817858546,circular
102,1100,700,280.3549212742923,-85,-85,-85,-85,1350,700,9.990084995206814,14.379526817858546,circular
103,1100,700,280.3549212742923,-85,-85,-85,-85,1350,700,24.36961181306536,14.379526817858546,circular
104,1100,700,280.3549212742923,-85,-85,-85,-85,1350,700,38.74913863092391,14.379526817858546,circular
105,1100,700,280.3549212742923,-85,-85,-85,-85,1350,700,53.128665448782456,14.379526817858546,circular
106,1100,700,280.3549212742923,-85,-85,-85,-85,1350,700,67.508192266641,14.379526817858546,circular
107,1100,700,280.3549212742923,-85,-85,-85,-85,1350,700,81.88771908449955,14.379526817858546,circular
108,1100,700,280.3549212742923,-85,-85,-85,-85,1350,700,96.2672459023581,14.379526817858546,circular
109,1100,700,280.3549212742923,-85,-85,-85,-85,1350,700,110.64677272021665,14.379526817858546,circular
110,1100,700,280.3549212742923,-85,-85,-85,-85,1350,700,125.0262995380752,14.379526817858546,circular
111,1100,700,280.3549212742923,-85,-85,-85,-85,1350,700,139.40582635593373,14.379526817858546,circular
112,1100,700,280.3549212742923,17.513155499392102,19.91435422725632,-85,-85,1350,700,153.78535317379226,14.379526817858546,circular
113,1100,700,280.3549212742923,23.769789312347285,24.33271141113945,-85,-85,1350,700,168.1648799916508,14.379526817858546,circular
114,1100,700,280.3549212742923,25.614204328866276,25.859665714847075,-85,-85,1350,700,182.54440680950933,14.379526817858546,circular
115,1100,700,280.3549212742923,26.074956048612798,26.035130213615616,-85,-85,1350,700,196.92393362736786,14.379526817858546,circular
116,1100,700,280.3549212742923,25.452908776355446,25.157178905256924,-85,-85,1350,700,211.3034604452264,14.379526817858546,circular
117,1100,700,280.3549212742923,23.319699537123853,22.170735458799452,-85,-85,1350,700,225.68298726308493,14.379526817858546,circular
118,1100,700,280.3549212742923,11.50579409835762,-85,-85,-85,1350,700,240.06251408094346,14.379526817858546,circular
119,1100,700,280.3549212742923,-85,-85,-85,-85,1350,700,254.442040898802,14.379526817858546,circular
120,1100,700,280.3549212742923,-85,-85,-85,-85,1350,700,268.8215677166605,14.379526817858546,circular
121,1100,700,280.3549212742923,-85,-85,-85,-85,1350,700,283.2010945345191,14.379526817858546,circular
122,1100,700,280.3549212742923,-85,-85,-85,-85,1350,700,297.58062135237765,14.379526817858546,circular
123,1100,700,280.3549212742923,-85,-85,-85,-85,1350,700,311.9601481702362,14.379526817858546,circular
124,1100,700,280.3549212742923,-85,-85,-85,-85,1350,700,326.33967498809477,14.379526817858546,circular
125,1100,700,280.3549212742923,-85,-85,-85,-85,1350,700,340.71920180595333,14.379526817858546,circular
126,1100,700,280.3549212742923,-85,-85,-85,-85,1350,700,355.0987286238119,14.379526817858546,circular
127,1100,700,280.3549212742923,-85,-85,-85,-85,1350,700,9.478255441670456,14.379526817858546,circular
128,1100,700,280.3549212742923,-85,-85,-85,-85,1350,700,23.857782259529003,14.379526817858546,circular
129,1100,700,280.3549212742923,-85,-85,-85,-85,1350,700,38.23730907738755,14.379526817858546,circular
130,1100,700,280.3549212742923,-85,-85,-85,-85,1350,700,52.6168358952461,14.379526817858546,circular
131,1100,700,280.3549212742923,-85,-85,-85,-85,1350,700,66.99636271310465,14.379526817858546,circular
132,1100,700,280.3549212742923,-85,-85,-85,-85,1350,700,81.37588953096319,14.379526817858546,circular
133,1100,700,280.3549212742923,-85,-85,-85,-85,1350,700,95.75541634882174,14.379526817858546,circular
134,1100,700,280.3549212742923,-85,-85,-85,-85,1350,700,110.13494316668029,14.379526817858546,circular
135,1100,700,280.3549212742923,-85,-85,-85,-85,1350,700,124.51446998453883,14.379526817858546,circular
136,1100,700,280.3549212742923,-85,-85,-85,-85,1350,700,138.89399680239737,14.379526817858546,circular
137,1100,700,280.3549212742923,16.269948115724727,19.25639156218217,-85,-85,1350,700,153.2735236202559,14.379526817858546,circular
138,1100,700,280.3549212742923,23.553218972269416,24.33271141113945,-85,-85,1350,700,167.65305043811443,14.379526817858546,circular
139,1100,700,280.3549212742923,25.614204328866276,25.80746062382631,-85,-85,1350,700,182.03257725597297,14.379526817858546,circular
140,1100,700,280.3549212742923,26.077602459396946,26.053745949214605,-85,-85,1350,700,196.4121040738315,14.379526817858546,circular
141,1100,700,280.3549212742923,25.452908776355446,25.157178905256924,-85,-85,1350,700,210.79163089169003,14.379526817858546,circular
142,1100,700,280.3549212742923,23.319699537123853,22.496022074683278,-85,-85,1350,700,225.17115770954857,14.379526817858546,circular
143,1100,700,280.3549212742923,14.513447644213265,-85,-85,-85,1350,700,239.5506845274071,14.379526817858546,circular
144,1100,700,280.3549212742923,-85,-85,-85,-85,1350,700,253.93021134526563,14.379526817858546,circular
145,1100,700,280.3549212742923,-85,-85,-85,-85,1350,700,268.30973816312417,14.379526817858546,circular
146,1100,700,280.3549212742923,-85,-85,-85,-85,1350,700,282.6892649809827,14.379526817858546,circular
147,1100,700,280.3549212742923,-85,-85,-85,-85,1350,700,297.0687917988413,14.379526817858546,circular
148,1100,700,280.3549212742923,-85,-85,-85,-85,1350,700,311.44831861669985,14.379526817858546,circular
149,1100,700,280.3549212742923,-85,-85,-85,-85,1350,700,325.8278454345584,14.379526817858546,circular
150,1100,700,280.3549212742923,-85,-85,-85,-85,1350,700,340.207372252417,14.379526817858546,circular
151,1100,700,280.3549212742923,-85,-85,-85,-85,1350,700,354.58689907027554,14.379526817858546,circular
152,1100,700,280.3549212742923,-85,-85,-85,-85,1350,700,8.966425888134097,14.379526817858546,circular
153,1100,700,280.3549212742923,-85,-85,-85,-85,1350,700,23.345952705992644,14.379526817858546,circular
154,1100,700,280.3549212742923,-85,-85,-85,-85,1350,700,37.72547952385119,14.379526817858546,circular
155,1100,700,280.3549212742923,-85,-85,-85,-85,1350,700,52.10500634170974,14.379526817858546,circular
156,1100,700,280.3549212742923,-85,-85,-85,-85,1350,700,66.48453315956829,14.379526817858546,circular
157,1100,700,280.3549212742923,-85,-85,-85,-85,1350,700,80.86405997742683,14.379526817858546,circular
158,1100,700,280.3549212742923,-85,-85,-85,-85,1350,700,95.24358679528538,14.379526817858546,circular
159,1100,700,280.3549212742923,-85,-85,-85,-85,1350,700,109.62311361314393,14.379526817858546,circular
160,1100,700,280.3549212742923,-85,-85,-85,-85,1350,700,124.00264043100248,14.379526817858546,circular
161,1100,700,280.3549212742923,-85,-85,-85,-85,1350,700,138.382167248861,14.379526817858546,circular
162,1100,700,280.3549212742923,16.269948115724727,19.25639156218217,-85,-85,1350,700,152.76169406671954,14.379526817858546,circular
163,1100,700,280.3549212742923,23.553218972269416,24.1582774269213,-85,-85,1350,700,167.14122088457808,14.379526817858546,circular
164,1100,700,280.3549212742923,25.536951728381826,25.80746062382631,-85,-85,1350,700,181.5207477024366,14.379526817858546,circular
165,1100,700,280.3549212742923,26.077602459396946,26.053745949214605,-85,-85,1350,700,195.90027452029514,14.379526817858546,circular
166,1100,700,280.3549212742923,25.536951728381826,25.263344594616918,-85,-85,1350,700,210.27980133815367,14.379526817858546,circular
167,1100,700,280.3549212742923,23.553218972269416,22.496022074683278,-85,-85,1350,700,224.6593281560122,14.379526817858546,circular
168,1100,700,280.3549212742923,14.513447644213265,-85,-85,-85,1350,700,239.03885497387074,14.379526817858546,circular
169,1100,700,280.3549212742923,-85,-85,-85,-85,1350,700,253.41838179172927,14.379526817858546,circular
170,1100,700,280.3549212742923,-85,-85,-85,-85,1350,700,267.7979086095878,14.379526817858546,circular
171,1100,700,280.3549212742923,-85,-85,-85,-85,1350,700,282.17743542744637,14.379526817858546,circular
172,1100,700,280.3549212742923,-85,-85,-85,-85,1350,700,296.55696224530493,14.379526817858546,circular
173,1100,700,280.3549212742923,-85,-85,-85,-85,1350,700,310.9364890631635,14.379526817858546,circular
174,1100,700,280.3549212742923,-85,-85,-85,-85,1350,700,325.31601588102205,14.379526817858546,circular
175,1100,700,280.3549212742923,-85,-85,-85,-85,1350,700,339.6955426988806,14.379526817858546,circular
176,1100,700,280.3549212742923,-85,-85,-85,-85,1350,700,354.0750695167392,14.379526817858546,circular
177,1100,700,280.3549212742923,-85,-85,-85,-85,1350,700,8.454596334597738,14.379526817858546,circular
178,1100,700,280.3549212742923,-85,-85,-85,-85,1350,700,22.834123152456286,14.379526817858546,circular
179,1100,700,280.3549212742923,-85,-85,-85,-85,1350,700,37.21364997031483,14.379526817858546,circular
180,1100,700,280.3549212742923,-85,-85,-85,-85,1350,700,51.59317678817338,14.379526817858546,circular
181,1100,700,280.3549212742923,-85,-85,-85,-85,1350,700,65.97270360603193,14.379526817858546,circular
182,1100,700,280.3549212742923,-85,-85,-85,-85,1350,700,80.35223042389048,14.379526817858546,circular
183,1100,700,280.3549212742923,-85,-85,-85,-85,1350,700,94.73175724174902,14.379526817858546,circular
184,1100,700,280.3549212742923,-85,-85,-85,-85,1350,700,109.11128405960757,14.379526817858546,circular
185,1100,700,280.3549212742923,-85,-85,-85,-85,1350,700,123.49081087746612,14.379526817858546,circular
186,1100,700,280.3549212742923,-85,-85,-85,-85,1350,700,137.87033769532465,14.379526817858546,circular
187,1100,700,280.3549212742923,14.513447644213304,18.47430475951294,-85,-85,1350,700,152.24986451318318,14.379526817858546,circular
188,1100,700,280.3549212742923,23.31969953712386,24.1582774269213,-85,-85,1350,700,166.62939133104172,14.379526817858546,circular
189,1100,700,280.3549212742923,25.536951728381826,25.7492610641292,-85,-85,1350,700,181.00891814890025,14.379526817858546,circular
190,1100,700,280.3549212742923,26.077602459396946,26.067010357935978,-85,-85,1350,700,195.38844496675878,14.379526817858546,circular
191,1100,700,280.3549212742923,25.536951728381826,25.263344594616918,-85,-85,1350,700,209.76797178461732,14.379526817858546,circular
192,1100,700,280.3549212742923,23.553218972269416,22.793695368992225,-85,-85,1350,700,224.14749860247585,14.379526817858546,circular
193,1100,700,280.3549212742923,16.269948115724716,-85,-85,-85,1350,700,238.52702542033438,14.379526817858546,circular
194,1100,700,280.3549212742923,-85,-85,-85,-85,1350,700,252.90655223819292,14.379526817858546,circular
195,1100,700,280.3549212742923,-85,-85,-85,-85,1350,700,267.28607905605145,14.379526817858546,circular
196,1100,700,280.3549212742923,-85,-85,-85,-85,1350,700,281.66560587391,14.379526817858546,circular
197,1100,700,280.3549212742923,-85,-85,-85,-85,1350,700,296.0451326917686,14.379526817858546,circular
198,1100,700,280.3549212742923,-85,-85,-85,-85,1350,700,310.42465950962713,14.379526817858546,circular
199,1100,700,280.3549212742923,-85,-85,-85,-85,1350,700,324.8041863274857,14.379526817858546,circular
200,1100,700,280.3549212742923,-85,-85,-85,-85,1350,700,339.18371314534426,14.379526817858546,circular
201,1100,700,280.3549212742923,-85,-85,-85,-85,1350,700,353.5632399632028,14.379526817858546,circular
202,1100,700,280.3549212742923,-85,-85,-85,-85,1350,700,7.94276678106138,14.379526817858546,circular
203,1100,700,280.3549212742923,-85,-85,-85,-85,1350,700,22.322293598919927,14.379526817858546,circular
204,1100,700,280.3549212742923,-85,-85,-85,-85,1350,700,36.701820416778475,14.379526817858546,circular
205,1100,700,280.3549212742923,-85,-85,-85,-85,1350,700,51.08134723463702,14.379526817858546,circular
206,1100,700,280.3549212742923,-85,-85,-85,-85,1350,700,65.46087405249557,14.379526817858546,circular
207,1100,700,280.3549212742923,-85,-85,-85,-85,1350,700,79.84040087035412,14.379526817858546,circular
208,1100,700,280.3549212742923,-85,-85,-85,-85,1350,700,94.21992768821266,14.379526817858546,circular
209,1100,700,280.3549212742923,-85,-85,-85,-85,1350,700,108.59945450607121,14.379526817858546,circular
210,1100,700,280.3549212742923,-85,-85,-85,-85,1350,700,122.97898132392976,14.379526817858546,circular
211,1100,700,280.3549212742923,-85,-85,-85,-85,1350,700,137.3585081417883,14.379526817858546,circular
212,1100,700,280.3549212742923,14.513447644213304,18.47430475951294,-85,-85,1350,700,151.73803495964682,14.379526817858546,circular
213,1100,700,280.3549212742923,23.31969953712386,23.971022246457757,-85,-85,1350,700,166.11756177750536,14.379526817858546,circular
214,1100,700,280.3549212742923,25.452908776355446,25.7492610641292,-85,-85,1350,700,180.4970885953639,14.379526817858546,circular
215,1100,700,280.3549212742923,26.077602459396946,26.067010357935978,-85,-85,1350,700,194.87661541322242,14.379526817858546,circular
216,1100,700,280.3549212742923,25.614204328866276,25.361807294499556,-85,-85,1350,700,209.25614223108096,14.379526817858546,circular
217,1100,700,280.3549212742923,23.769789312347285,22.793695368992225,-85,-85,1350,700,223.6356690489395,14.379526817858546,circular
218,1100,700,280.3549212742923,16.269948115724716,-85,-85,-85,1350,700,238.01519586679802,14.379526817858546,circular
219,1100,700,280.3549212742923,-85,-85,-85,-85,1350,700,252.39472268465656,14.379526817858546,circular
220,1100,700,280.3549212742923,-85,-85,-85,-85,1350,700,266.7742495025151,14.379526817858546,circular
221,1100,700,280.3549212742923,-85,-85,-85,-85,1350,700,281.15377632037365,14.379526817858546,circular
222,1100,700,280.3549212742923,-85,-85,-85,-85,1350,700,295.5333031382322,14.379526817858546,circular
223,1100,700,280.3549212742923,-85,-85,-85,-85,1350,700,309.9128299560908,14.379526817858546,circular
224,1100,700,280.3549212742923,-85,-85,-85,-85,1350,700,324.29235677394934,14.379526817858546,circular
225,1100,700,280.3549212742923,-85,-85,-85,-85,1350,700,338.6718835918079,14.379526817858546,circular
226,1100,700,280.3549212742923,-85,-85,-85,-85,1350,700,353.05141040966646,14.379526817858546,circular
227,1100,700,280.3549212742923,-85,-85,-85,-85,1350,700,7.430937227525021,14.379526817858546,circular
228,1100,700,280.3549212742923,-85,-85,-85,-85,1350,700,21.81046404538357,14.379526817858546,circular
229,1100,700,280.3549212742923,-85,-85,-85,-85,1350,700,36.189990863242116,14.379526817858546,circular
230,1100,700,280.3549212742923,-85,-85,-85,-85,1350,700,50.56951768110066,14.379526817858546,circular
231,1100,700,280.3549212742923,-85,-85,-85,-85,1350,700,64.94904449895921,14.379526817858546,circular
232,1100,700,280.3549212742923,-85,-85,-85,-85,1350,700,79.32857131681776,14.379526817858546,circular
233,1100,700,280.3549212742923,-85,-85,-85,-85,1350,700,93.7080981346763,14.379526817858546,circular
234,1100,700,280.3549212742923,-85,-85,-85,-85,1350,700,108.08762495253485,14.379526817858546,circular
235,1100,700,280.3549212742923,-85,-85,-85,-85,1350,700,122.4671517703934,14.379526817858546,circular
236,1100,700,280.3549212742923,-85,-85,-85,-85,1350,700,136.84667858825193,14.379526817858546,circular
237,1100,700,280.3549212742923,11.505794098357505,17.513155499392102,-85,-85,1350,700,151.22620540611047,14.379526817858546,circular
238,1100,700,280.3549212742923,23.06730250275713,23.971022246457757,-85,-85,1350,700,165.605732223969,14.379526817858546,circular
239,1100,700,280.3549212742923,25.452908776355446,25.684904084789974,-85,-85,1350,700,179.98525904182753,14.379526817858546,circular
240,1100,700,280.3549212742923,26.074956048612798,26.074956048612798,-85,-85,1350,700,194.36478585968607,14.379526817858546,circular
241,1100,700,280.3549212742923,25.614204328866276,25.361807294499556,-85,-85,1350,700,208.7443126775446,14.379526817858546,circular
242,1100,700,280.3549212742923,23.769789312347285,23.067302502757133,-85,-85,1350,700,223.12383949540313,14.379526817858546,circular
243,1100,700,280.3549212742923,17.51315549939211,-85,-85,-85,1350,700,237.50336631326167,14.379526817858546,circular
244,1100,700,280.3549212742923,-85,-85,-85,-85,1350,700,251.8828931311202,14.379526817858546,circular
245,1100,700,280.3549212742923,-85,-85,-85,-85,1350,700,266.26241994897873,14.379526817858546,circular
246,1100,700,280.3549212742923,-85,-85,-85,-85,1350,700,280.6419467668373,14.379526817858546,circular
247,1100,700,280.3549212742923,-85,-85,-85,-85,1350,700,295.02147358469585,14.379526817858546,circular
248,1100,700,280.3549212742923,-85,-85,-85,-85,1350,700,309.4010004025544,14.379526817858546,circular
249,1100,700,280.3549212742923,-85,-85,-85,-85,1350,700,323.780527220413,14.379526817858546,circular
250,1100,700,280.3549212742923,-85,-85,-85,-85,1350,700,338.16005403827154,14.379526817858546,circular
251,1100,700,280.3549212742923,-85,-85,-85,-85,1350,700,352.5395808561301,14.379526817858546,circular
252,1100,700,280.3549212742923,-85,-85,-85,-85,1350,700,6.9191076739886626,14.379526817858546,circular
253,1100,700,280.3549212742923,-85,-85,-85,-85,1350,700,21.29863449184721,14.379526817858546,circular
254,1100,700,280.3549212742923,-85,-85,-85,-85,1350,700,35.67816130970576,14.379526817858546,circular
255,1100,700,280.3549212742923,-85,-85,-85,-85,1350,700,50.057688127564305,14.379526817858546,circular
256,1100,700,280.3549212742923,-85,-85,-85,-85,1350,700,64.43721494542285,14.379526817858546,circular
257,1100,700,280.3549212742923,-85,-85,-85,-85,1350,700,78.8167417632814,14.379526817858546,circular
258,1100,700,280.3549212742923,-85,-85,-85,-85,1350,700,93.19626858113995,14.379526817858546,circular
259,1100,700,280.3549212742923,-85,-85,-85,-85,1350,700,107.5757953989985,14.379526817858546,circular
260,1100,700,280.3549212742923,-85,-85,-85,-85,1350,700,121.95532221685704,14.379526817858546,circular
261,1100,700,280.3549212742923,-85,-85,-85,-85,1350,700,136.33484903471557,14.379526817858546,circular
262,1100,700,280.3549212742923,-85,17.513155499392102,-85,-85,1350,700,150.7143758525741,14.379526817858546,circular
263,1100,700,280.3549212742923,23.06730250275713,23.769789312347285,-85,-85,1350,700,165.09390267043264,14.379526817858546,circular
264,1100,700,280.3549212742923,25.36180729449956,25.684904084789974,-85,-85,1350,700,179.47342948829117,14.379526817858546,circular
265,1100,700,280.3549212742923,26.074956048612798,26.074956048612798,-85,-85,1350,700,193.8529563061497,14.379526817858546,circular
266,1100,700,280.3549212742923,25.684904084789977,25.452908776355446,-85,-85,1350,700,208.23248312400824,14.379526817858546,circular
267,1100,700,280.3549212742923,23.97102224645776,23.067302502757133,-85,-85,1350,700,222.61200994186677,14.379526817858546,circular
268,1100,700,280.3549212742923,17.51315549939211,11.50579409835762,-85,-85,1350,700,236.9915367597253,14.379526817858546,circular
269,1100,700,280.3549212742923,-85,-85,-85,-85,1350,700,251.37106357758384,14.379526817858546,circular
270,1100,700,280.3549212742923,-85,-85,-85,-85,1350,700,265.7505903954424,14.379526817858546,circular
271,1100,700,280.3549212742923,-85,-85,-85,-85,1350,700,280.13011721330093,14.379526817858546,circular
272,1100,700,280.3549212742923,-85,-85,-85,-85,1350,700,294.5096440311595,14.379526817858546,circular
273,1100,700,280.3549212742923,-85,-85,-85,-85,1350,700,308.88917084901806,14.379526817858546,circular
274,1100,700,280.3549212742923,-85,-85,-85,-85,1350,700,323.2686976668766,14.379526817858546,circular
275,1100,700,280.3549212742923,-85,-85,-85,-85,1350,700,337.6482244847352,14.379526817858546,circular
276,1100,700,280.3549212742923,-85,-85,-85,-85,1350,700,352.02775130259374,14.379526817858546,circular
277,1100,700,280.3549212742923,-85,-85,-85,-85,1350,700,6.407278120452304,14.379526817858546,circular
278,1100,700,280.3549212742923,-85,-85,-85,-85,1350,700,20.78680493831085,14.379526817858546,circular
279,1100,700,280.3549212742923,-85,-85,-85,-85,1350,700,35.1663317561694,14.379526817858546,circular
280,1100,700,280.3549212742923,-85,-85,-85,-85,1350,700,49.545858574027946,14.379526817858546,circular
281,1100,700,280.3549212742923,-85,-85,-85,-85,1350,700,63.92538539188649,14.379526817858546,circular
282,1100,700,280.3549212742923,-85,-85,-85,-85,1350,700,78.30491220974504,14.379526817858546,circular
283,1100,700,280.3549212742923,-85,-85,-85,-85,1350,700,92.68443902760359,14.379526817858546,circular
284,1100,700,280.3549212742923,-85,-85,-85,-85,1350,700,107.06396584546214,14.379526817858546,circular
285,1100,700,280.3549212742923,-85,-85,-85,-85,1350,700,121.44349266332068,14.379526817858546,circular
286,1100,700,280.3549212742923,-85,-85,-85,-85,1350,700,135.82301948117922,14.379526817858546,circular
287,1100,700,280.3549212742923,-85,16.269948115724727,-85,-85,1350,700,150.20254629903775,14.379526817858546,circular
288,1100,700,280.3549212742923,22.793695368992218,23.769789312347285,-85,-85,1350,700,164.58207311689628,14.379526817858546,circular
289,1100,700,280.3549212742923,25.36180729449956,25.614204328866276,-85,-85,1350,700,178.96159993475482,14.379526817858546,circular
290,1100,700,280.3549212742923,26.067010357935978,26.077602459396946,-85,-85,1350,700,193.34112675261335,14.379526817858546,circular
291,1100,700,280.3549212742923,25.7492610641292,25.452908776355446,-85,-85,1350,700,207.72065357047188,14.379526817858546,circular
292,1100,700,280.3549212742923,23.97102224645776,23.319699537123853,-85,-85,1350,700,222.10018038833041,14.379526817858546,circular
293,1100,700,280.3549212742923,18.474304759512954,11.50579409835762,-85,-85,1350,700,236.47970720618895,14.379526817858546,circular
294,1100,700,280.3549212742923,-85,-85,-85,-85,1350,700,250.85923402404748,14.379526817858546,circular
295,1100,700,280.3549212742923,-85,-85,-85,-85,1350,700,265.238760841906,14.379526817858546,circular
296,1100,700,280.3549212742923,-85,-85,-85,-85,1350,700,279.6182876597646,14.379526817858546,circular
297,1100,700,280.3549212742923,-85,-85,-85,-85,1350,700,293.99781447762314,14.379526817858546,circular
298,1100,700,280.3549212742923,-85,-85,-85,-85,1350,700,308.3773412954817,14.379526817858546,circular
299,1100,700,280.3549212742923,-85,-85,-85,-85,1350,700,322.75686811334026,14.379526817858546,circular
300,1100,700,280.3549212742923,-85,-85,-85,-85,1350,700,337.1363949311988,14.379526817858546,circular
301,1100,700,280.3549212742923,-85,-85,-85,-85,1350,700,351.5159217490574,14.379526817858546,circular
302,1100,700,280.3549212742923,-85,-85,-85,-85,1350,700,5.895448566915945,14.379526817858546,circular
303,1100,700,280.3549212742923,-85,-85,-85,-85,1350,700,20.274975384774493,14.379526817858546,circular
304,1100,700,280.3549212742923,-85,-85,-85,-85,1350,700,34.65450220263304,14.379526817858546,circular
305,1100,700,280.3549212742923,-85,-85,-85,-85,1350,700,49.03402902049159,14.379526817858546,circular
306,1100,700,280.3549212742923,-85,-85,-85,-85,1350,700,63.413555838350135,14.379526817858546,circular
307,1100,700,280.3549212742923,-85,-85,-85,-85,1350,700,77.79308265620868,14.379526817858546,circular
308,1100,700,280.3549212742923,-85,-85,-85,-85,1350,700,92.17260947406723,14.379526817858546,circular
309,1100,700,280.3549212742923,-85,-85,-85,-85,1350,700,106.55213629192578,14.379526817858546,circular
310,1100,700,280.3549212742923,-85,-85,-85,-85,1350,700,120.93166310978432,14.379526817858546,circular
311,1100,700,280.3549212742923,-85,-85,-85,-85,1350,700,135.31118992764286,14.379526817858546,circular
312,1100,700,280.3549212742923,-85,16.269948115724727,-85,-85,1350,700,149.6907167455014,14.379526817858546,circular
313,1100,700,280.3549212742923,22.793695368992218,23.553218972269416,-85,-85,1350,700,164.07024356335992,14.379526817858546,circular
314,1100,700,280.3549212742923,25.26334459461691,25.536951728381826,-85,-85,1350,700,178.44977038121846,14.379526817858546,circular
315,1100,700,280.3549212742923,26.067010357935978,26.077602459396946,-85,-85,1350,700,192.829297199077,14.379526817858546,circular
316,1100,700,280.3549212742923,25.7492610641292,25.536951728381826,-85,-85,1350,700,207.20882401693552,14.379526817858546,circular
317,1100,700,280.3549212742923,24.1582774269213,23.319699537123853,-85,-85,1350,700,221.58835083479406,14.379526817858546,circular
318,1100,700,280.3549212742923,18.474304759512954,14.513447644213265,-85,-85,1350,700,235.9678776526526,14.379526817858546,circular
319,1100,700,280.3549212742923,-85,-85,-85,-85,1350,700,250.34740447051112,14.379526817858546,circular
320,1100,700,280.3549212742923,-85,-85,-85,-85,1350,700,264.72693128836966,14.379526817858546,circular
321,1100,700,280.3549212742923,-85,-85,-85,-85,1350,700,279.1064581062282,14.379526817858546,circular
322,1100,700,280.3549212742923,-85,-85,-85,-85,1350,700,293.4859849240868,14.379526817858546,circular
323,1100,700,280.3549212742923,-85,-85,-85,-85,1350,700,307.86551174194534,14.379526817858546,circular
324,1100,700,280.3549212742923,-85,-85,-85,-85,1350,700,322.2450385598039,14.379526817858546,circular
325,1100,700,280.3549212742923,-85,-85,-85,-85,1350,700,336.62456537766246,14.379526817858546,circular
326,1100,700,280.3549212742923,-85,-85,-85,-85,1350,700,351.004092195521,14.379526817858546,circular
327,1100,700,280.3549212742923,-85,-85,-85,-85,1350,700,5.383619013379587,14.379526817858546,circular
328,1100,700,280.3549212742923,-85,-85,-85,-85,1350,700,19.763145831238134,14.379526817858546,circular
329,1100,700,280.3549212742923,-85,-85,-85,-85,1350,700,34.14267264909668,14.379526817858546,circular
330,1100,700,280.3549212742923,-85,-85,-85,-85,1350,700,48.52219946695523,14.379526817858546,circular
331,1100,700,280.3549212742923,-85,-85,-85,-85,1350,700,62.901726284813776,14.379526817858546,circular
332,1100,700,280.3549212742923,-85,-85,-85,-85,1350,700,77.28125310267232,14.379526817858546,circular
333,1100,700,280.3549212742923,-85,-85,-85,-85,1350,700,91.66077992053087,14.379526817858546,circular
334,1100,700,280.3549212742923,-85,-85,-85,-85,1350,700,106.04030673838942,14.379526817858546,circular
335,1100,700,280.3549212742923,-85,-85,-85,-85,1350,700,120.41983355624797,14.379526817858546,circular
336,1100,700,280.3549212742923,-85,-85,-85,-85,1350,700,134.7993603741065,14.379526817858546,circular
337,1100,700,280.3549212742923,-85,14.513447644213304,-85,-85,1350,700,149.17888719196503,14.379526817858546,circular
338,1100,700,280.3549212742923,22.496022074683278,23.553218972269416,-85,-85,1350,700,163.55841400982357,14.379526817858546,circular
339,1100,700,280.3549212742923,25.26334459461691,25.536951728381826,-85,-85,1350,700,177.9379408276821,14.379526817858546,circular
340,1100,700,280.3549212742923,26.053745949214605,26.077602459396946,-85,-85,1350,700,192.31746764554063,14.379526817858546,circular
341,1100,700,280.3549212742923,25.807460623826316,25.536951728381826,-85,-85,1350,700,206.69699446339916,14.379526817858546,circular
342,1100,700,280.3549212742923,24.1582774269213,23.553218972269416,-85,-85,1350,700,221.0765212812577,14.379526817858546,circular
343,1100,700,280.3549212742923,19.25639156218219,14.513447644213265,-85,-85,1350,700,235.45604809911623,14.379526817858546,circular
344,1100,700,280.3549212742923,-85,-85,-85,-85,1350,700,249.83557491697476,14.379526817858546,circular
345,1100,700,280.3549212742923,-85,-85,-85,-85,1350,700,264.2151017348333,14.379526817858546,circular
346,1100,700,280.3549212742923,-85,-85,-85,-85,1350,700,278.59462855269186,14.379526817858546,circular
347,1100,700,280.3549212742923,-85,-85,-85,-85,1350,700,292.9741553705504,14.379526817858546,circular
348,1100,700,280.3549212742923,-85,-85,-85,-85,1350,700,307.353682188409,14.379526817858546,circular
349,1100,700,280.3549212742923,-85,-85,-85,-85,1350,700,321.73320900626754,14.379526817858546,circular
350,1100,700,280.3549212742923,-85,-85,-85,-85,1350,700,336.1127358241261,14.379526817858546,circular
351,1100,700,280.3549212742923,-85,-85,-85,-85,1350,700,350.49226264198467,14.379526817858546,circular
352,1100,700,280.3549212742923,-85,-85,-85,-85,1350,700,4.871789459843228,14.379526817858546,circular
353,1100,700,280.3549212742923,-85,-85,-85,-85,1350,700,19.251316277701775,14.379526817858546,circular
354,1100,700,280.3549212742923,-85,-85,-85,-85,1350,700,33.63084309556032,14.379526817858546,circular
355,1100,700,280.3549212742923,-85,-85,-85,-85,1350,700,48.01036991341887,14.379526817858546,circular
356,1100,700,280.3549212742923,-85,-85,-85,-85,1350,700,62.38989673127742,14.379526817858546,circular
357,1100,700,280.3549212742923,-85,-85,-85,-85,1350,700,76.76942354913596,14.379526817858546,circular
358,1100,700,280.3549212742923,-85,-85,-85,-85,1350,700,91.14895036699451,14.379526817858546,circular
359,1100,700,280.3549212742923,-85,-85,-85,-85,1350,700,105.52847718485306,14.379526817858546,circular
360,1100,700,280.3549212742923,-85,-85,-85,-85,1350,700,119.9080040027116,14.379526817858546,circular
361,1100,700,280.3549212742923,-85,-85,-85,-85,1350,700,134.28753082057014,14.379526817858546,circular
362,1100,700,280.3549212742923,-85,14.513447644213304,-85,-85,1350,700,148.66705763842867,14.379526817858546,circular
363,1100,700,280.3549212742923,22.496022074683278,23.31969953712386,-85,-85,1350,700,163.0465844562872,14.379526817858546,circular
364,1100,700,280.3549212742923,25.157178905256924,25.452908776355446,-85,-85,1350,700,177.42611127414574,14.379526817858546,circular
365,1100,700,280.3549212742923,26.053745949214605,26.077602459396946,-85,-85,1350,700,191.80563809200427,14.379526817858546,circular
366,1100,700,280.3549212742923,25.807460623826316,25.614204328866276,-85,-85,1350,700,206.1851649098628,14.379526817858546,circular
367,1100,700,280.3549212742923,24.332711411139446,23.553218972269416,-85,-85,1350,700,220.56469172772134,14.379526817858546,circular
368,1100,700,280.3549212742923,19.25639156218219,16.269948115724716,-85,-85,1350,700,234.94421854557987,14.379526817858546,circular
369,1100,700,280.3549212742923,-85,-85,-85,-85,1350,700,249.3237453634384,14.379526817858546,circular
370,1100,700,280.3549212742923,-85,-85,-85,-85,1350,700,263.70327218129694,14.379526817858546,circular
371,1100,700,280.3549212742923,-85,-85,-85,-85,1350,700,278.0827989991555,14.379526817858546,circular
372,1100,700,280.3549212742923,-85,-85,-85,-85,1350,700,292.46232581701406,14.379526817858546,circular
373,1100,700,280.3549212742923,-85,-85,-85,-85,1350,700,306.8418526348726,14.379526817858546,circular
374,1100,700,280.3549212742923,-85,-85,-85,-85,1350,700,321.2213794527312,14.379526817858546,circular
375,1100,700,280.3549212742923,-85,-85,-85,-85,1350,700,335.60090627058975,14.379526817858546,circular
376,1100,700,280.3549212742923,-85,-85,-85,-85,1350,700,349.9804330884483,14.379526817858546,circular
377,1100,700,280.3549212742923,-85,-85,-85,-85,1350,700,4.3599599063068695,14.379526817858546,circular
378,1100,700,280.3549212742923,-85,-85,-85,-85,1350,700,18.739486724165417,14.379526817858546,circular
379,1100,700,280.3549212742923,-85,-85,-85,-85,1350,700,33.119013542023964,14.379526817858546,circular
380,1100,700,280.3549212742923,-85,-85,-85,-85,1350,700,47.49854035988251,14.379526817858546,circular
381,1100,700,280.3549212742923,-85,-85,-85,-85,1350,700,61.87806717774106,14.379526817858546,circular
382,1100,700,280.3549212742923,-85,-85,-85,-85,1350,700,76.2575939955996,14.379526817858546,circular
383,1100,700,280.3549212742923,-85,-85,-85,-85,1350,700,90.63712081345815,14.379526817858546,circular
384,1100,700,280.3549212742923,-85,-85,-85,-85,1350,700,105.0166476313167,14.379526817858546,circular
385,1100,700,280.3549212742923,-85,-85,-85,-85,1350,700,119.39617444917525,14.379526817858546,circular
386,1100,700,280.3549212742923,-85,-85,-85,-85,1350,700,133.77570126703378,14.379526817858546,circular
387,1100,700,280.3549212742923,-85,11.505794098357505,-85,-85,1350,700,148.15522808489231,14.379526817858546,circular
388,1100,700,280.3549212742923,22.170735458799452,23.31969953712386,-85,-85,1350,700,162.53475490275085,14.379526817858546,circular
389,1100,700,280.3549212742923,25.157178905256924,25.452908776355446,-85,-85,1350,700,176.91428172060938,14.379526817858546,circular
390,1100,700,280.3549212742923,26.035130213615616,26.074956048612798,-85,-85,1350,700,191.2938085384679,14.379526817858546,circular
391,1100,700,280.3549212742923,25.859665714847075,25.614204328866276,-85,-85,1350,700,205.67333535632645,14.379526817858546,circular
392,1100,700,280.3549212742923,24.332711411139446,23.769789312347285,-85,-85,1350,700,220.05286217418498,14.379526817858546,circular
393,1100,700,280.3549212742923,19.914354227256315,17.51315549939211,-85,-85,1350,700,234.4323889920435,14.379526817858546,circular
394,1100,700,280.3549212742923,-85,-85,-85,-85,1350,700,248.81191580990205,14.379526817858546,circular
395,1100,700,280.3549212742923,-85,-85,-85,-85,1350,700,263.1914426277606,14.379526817858546,circular
396,1100,700,280.3549212742923,-85,-85,-85,-85,1350,700,277.57096944561914,14.379526817858546,circular
397,1100,700,280.3549212742923,-85,-85,-85,-85,1350,700,291.9504962634777,14.379526817858546,circular
398,1100,700,280.3549212742923,-85,-85,-85,-85,1350,700,306.33002308133626,14.379526817858546,circular
399,1100,700,280.3549212742923,-85,-85,-85,-85,1350,700,320.7095498991948,14.379526817858546,circular
400,1100,700,280.3549212742923,-85,-85,-85,-85,1350,700,335.0890767170534,14.379526817858546,circular
401,1100,700,280.3549212742923,-85,-85,-85,-85,1350,700,349.46860353491195,14.379526817858546,circular
402,1100,700,280.3549212742923,-85,-85,-85,-85,1350,700,3.848130352770511,14.379526817858546,circular
403,1100,700,280.3549212742923,-85,-85,-85,-85,1350,700,18.227657170629058,14.379526817858546,circular
404,1100,700,280.3549212742923,-85,-85,-85,-85,1350,700,32.607183988487606,14.379526817858546,circular
405,1100,700,280.3549212742923,-85,-85,-85,-85,1350,700,46.98671080634615,14.379526817858546,circular
406,1100,700,280.3549212742923,-85,-85,-85,-85,1350,700,61.3662376242047,14.379526817858546,circular
407,1100,700,280.3549212742923,-85,-85,-85,-85,1350,700,75.74576444206325,14.379526817858546,circular
408,1100,700,280.3549212742923,-85,-85,-85,-85,1350,700,90.1252912599218,14.379526817858546,circular
409,1100,700,280.3549212742923,-85,-85,-85,-85,1350,700,104.50481807778034,14.379526817858546,circular
410,1100,700,280.3549212742923,-85,-85,-85,-85,1350,700,118.88434489563889,14.379526817858546,circular
411,1100,700,280.3549212742923,-85,-85,-85,-85,1350,700,133.26387171349742,14.379526817858546,circular
412,1100,700,280.3549212742923,-85,11.505794098357505,-85,-85,1350,700,147.64339853135596,14.379526817858546,circular
413,1100,700,280.3549212742923,22.170735458799452,23.06730250275713,-85,-85,1350,700,162.0229253492145,14.379526817858546,circular
414,1100,700,280.3549212742923,25.042923900792417,25.36180729449956,-85,-85,1350,700,176.40245216707302,14.379526817858546,circular
415,1100,700,280.3549212742923,26.035130213615616,26.074956048612798,-85,-85,1350,700,190.78197898493156,14.379526817858546,circular
416,1100,700,280.3549212742923,25.859665714847075,25.684904084789977,-85,-85,1350,700,205.1615058027901,14.379526817858546,circular
417,1100,700,280.3549212742923,24.495315191602927,23.769789312347285,-85,-85,1350,700,219.54103262064862,14.379526817858546,circular
418,1100,700,280.3549212742923,19.914354227256315,17.51315549939211,-85,-85,1350,700,233.92055943850715,14.379526817858546,circular
419,1100,700,280.3549212742923,-85,-85,-85,-85,1350,700,248.3000862563657,14.379526817858546,circular
420,1100,700,280.3549212742923,-85,-85,-85,-85,1350,700,262.6796130742242,14.379526817858546,circular
421,1100,700,280.3549212742923,-85,-85,-85,-85,1350,700,277.0591398920828,14.379526817858546,circular
422,1100,700,280.3549212742923,-85,-85,-85,-85,1350,700,291.43866670994134,14.379526817858546,circular
423,1100,700,280.3549212742923,-85,-85,-85,-85,1350,700,305.8181935277999,14.379526817858546,circular
424,1100,700,280.3549212742923,-85,-85,-85,-85,1350,700,320.19772034565847,14.379526817858546,circular
425,1100,700,280.3549212742923,-85,-85,-85,-85,1350,700,334.57724716351703,14.379526817858546,circular
426,1100,700,280.3549212742923,-85,-85,-85,-85,1350,700,348.9567739813756,14.379526817858546,circular
427,1100,700,280.3549212742923,-85,-85,-85,-85,1350,700,3.3363007992341522,14.379526817858546,circular
428,1100,700,280.3549212742923,-85,-85,-85,-85,1350,700,17.7158276170927,14.379526817858546,circular
429,1100,700,280.3549212742923,-85,-85,-85,-85,1350,700,32.09535443495125,14.379526817858546,circular
430,1100,700,280.3549212742923,-85,-85,-85,-85,1350,700,46.474881252809794,14.379526817858546,circular
431,1100,700,280.3549212742923,-85,-85,-85,-85,1350,700,60.85440807066834,14.379526817858546,circular
432,1100,700,280.3549212742923,-85,-85,-85,-85,1350,700,75.23393488852689,14.379526817858546,circular
433,1100,700,280.3549212742923,-85,-85,-85,-85,1350,700,89.61346170638544,14.379526817858546,circular
434,1100,700,280.3549212742923,-85,-85,-85,-85,1350,700,103.99298852424398,14.379526817858546,circular
435,1100,700,280.3549212742923,-85,-85,-85,-85,1350,700,118.37251534210253,14.379526817858546,circular
436,1100,700,280.3549212742923,-85,-85,-85,-85,1350,700,132.75204215996106,14.379526817858546,circular
437,1100,700,280.3549212742923,-85,-85,-85,-85,1350,700,147.1315689778196,14.379526817858546,circular
438,1100,700,280.3549212742923,21.813356630230874,23.06730250275713,-85,-85,1350,700,161.51109579567813,14.379526817858546,circular
439,1100,700,280.3549212742923,25.042923900792417,25.36180729449956,-85,-85,1350,700,175.89062261353666,14.379526817858546,circular
440,1100,700,280.3549212742923,26.011117049096303,26.067010357935978,-85,-85,1350,700,190.2701494313952,14.379526817858546,circular
441,1100,700,280.3549212742923,25.906018829630398,25.684904084789977,-85,-85,1350,700,204.64967624925373,14.379526817858546,circular
442,1100,700,280.3549212742923,24.495315191602927,23.97102224645776,-85,-85,1350,700,219.02920306711226,14.379526817858546,circular
443,1100,700,280.3549212742923,20.48098321025059,18.474304759512954,-85,-85,1350,700,233.4087298849708,14.379526817858546,circular
444,1100,700,280.3549212742923,-85,-85,-85,-85,1350,700,247.78825670282933,14.379526817858546,circular
445,1100,700,280.3549212742923,-85,-85,-85,-85,1350,700,262.16778352068786,14.379526817858546,circular
446,1100,700,280.3549212742923,-85,-85,-85,-85,1350,700,276.5473103385464,14.379526817858546,circular
447,1100,700,280.3549212742923,-85,-85,-85,-85,1350,700,290.926837156405,14.379526817858546,circular
448,1100,700,280.3549212742923,-85,-85,-85,-85,1350,700,305.30636397426355,14.379526817858546,circular
449,1100,700,280.3549212742923,-85,-85,-85,-85,1350,700,319.6858907921221,14.379526817858546,circular
450,1100,700,280.3549212742923,-85,-85,-85,-85,1350,700,334.06541760998067,14.379526817858546,circular
451,1100,700,280.3549212742923,-85,-85,-85,-85,1350,700,348.44494442783923,14.379526817858546,circular
452,1100,700,280.3549212742923,-85,-85,-85,-85,1350,700,2.8244712456977936,14.379526817858546,circular
453,1100,700,280.3549212742923,-85,-85,-85,-85,1350,700,17.20399806355634,14.379526817858546,circular
454,1100,700,280.3549212742923,-85,-85,-85,-85,1350,700,31.58352488141489,14.379526817858546,circular
455,1100,700,280.3549212742923,-85,-85,-85,-85,1350,700,45.963051699273436,14.379526817858546,circular
456,1100,700,280.3549212742923,-85,-85,-85,-85,1350,700,60.34257851713198,14.379526817858546,circular
457,1100,700,280.3549212742923,-85,-85,-85,-85,1350,700,74.72210533499053,14.379526817858546,circular
458,1100,700,280.3549212742923,-85,-85,-85,-85,1350,700,89.10163215284908,14.379526817858546,circular
459,1100,700,280.3549212742923,-85,-85,-85,-85,1350,700,103.48115897070763,14.379526817858546,circular
460,1100,700,280.3549212742923,-85,-85,-85,-85,1350,700,117.86068578856617,14.379526817858546,circular
461,1100,700,280.3549212742923,-85,-85,-85,-85,1350,700,132.2402126064247,14.379526817858546,circular
462,1100,700,280.3549212742923,-85,-85,-85,-85,1350,700,146.61973942428324,14.379526817858546,circular
463,1100,700,280.3549212742923,21.813356630230874,22.793695368992218,-85,-85,1350,700,160.99926624214177,14.379526817858546,circular
464,1100,700,280.3549212742923,24.92014212493214,25.26334459461691,-85,-85,1350,700,175.3787930600003,14.379526817858546,circular
465,1100,700,280.3549212742923,26.011117049096303,26.067010357935978,-85,-85,1350,700,189.75831987785884,14.379526817858546,circular
466,1100,700,280.3549212742923,25.906018829630398,25.7492610641292,-85,-85,1350,700,204.13784669571737,14.379526817858546,circular
467,1100,700,280.3549212742923,24.646943359767004,23.97102224645776,-85,-85,1350,700,218.5173735135759,14.379526817858546,circular
468,1100,700,280.3549212742923,20.48098321025059,18.474304759512954,-85,-85,1350,700,232.89690033143444,14.379526817858546,circular
469,1100,700,280.3549212742923,-85,-85,-85,-85,1350,700,247.27642714929297,14.379526817858546,circular
470,1100,700,280.3549212742923,-85,-85,-85,-85,1350,700,261.6559539671515,14.379526817858546,circular
471,1100,700,280.3549212742923,-85,-85,-85,-85,1350,700,276.03548078501007,14.379526817858546,circular
472,1100,700,280.3549212742923,-85,-85,-85,-85,1350,700,290.4150076028686,14.379526817858546,circular
473,1100,700,280.3549212742923,-85,-85,-85,-85,1350,700,304.7945344207272,14.379526817858546,circular
474,1100,700,280.3549212742923,-85,-85,-85,-85,1350,700,319.17406123858575,14.379526817858546,circular
475,1100,700,280.3549212742923,-85,-85,-85,-85,1350,700,333.5535880564443,14.379526817858546,circular
476,1100,700,280.3549212742923,-85,-85,-85,-85,1350,700,347.9331148743029,14.379526817858546,circular
477,1100,700,280.3549212742923,-85,-85,-85,-85,1350,700,2.312641692161435,14.379526817858546,circular
478,1100,700,280.3549212742923,-85,-85,-85,-85,1350,700,16.692168510019982,14.379526817858546,circular
479,1100,700,280.3549212742923,-85,-85,-85,-85,1350,700,31.07169532787853,14.379526817858546,circular
480,1100,700,280.3549212742923,-85,-85,-85,-85,1350,700,45.45122214573708,14.379526817858546,circular
481,1100,700,280.3549212742923,-85,-85,-85,-85,1350,700,59.830748963595624,14.379526817858546,circular
482,1100,700,280.3549212742923,-85,-85,-85,-85,1350,700,74.21027578145417,14.379526817858546,circular
483,1100,700,280.3549212742923,-85,-85,-85,-85,1350,700,88.58980259931272,14.379526817858546,circular
484,1100,700,280.3549212742923,-85,-85,-85,-85,1350,700,102.96932941717127,14.379526817858546,circular
485,1100,700,280.3549212742923,-85,-85,-85,-85,1350,700,117.34885623502981,14.379526817858546,circular
486,1100,700,280.3549212742923,-85,-85,-85,-85,1350,700,131.72838305288835,14.379526817858546,circular
487,1100,700,280.3549212742923,-85,-85,-85,-85,1350,700,146.10790987074688,14.379526817858546,circular
488,1100,700,280.3549212742923,21.41811930585211,22.793695368992218,-85,-85,1350,700,160.4874366886054,14.379526817858546,circular
489,1100,700,280.3549212742923,24.92014212493214,25.26334459461691,-85,-85,1350,700,174.86696350646395,14.379526817858546,circular
490,1100,700,280.3549212742923,25.9816463993744,26.053745949214605,-85,-85,1350,700,189.24649032432248,14.379526817858546,circular
491,1100,700,280.3549212742923,25.946643644493044,25.7492610641292,-85,-85,1350,700,203.626017142181,14.379526817858546,circular
492,1100,700,280.3549212742923,24.646943359767004,24.1582774269213,-85,-85,1350,700,218.00554396003955,14.379526817858546,circular
493,1100,700,280.3549212742923,20.97742610025735,19.25639156218219,-85,-85,1350,700,232.38507077789808,14.379526817858546,circular
494,1100,700,280.3549212742923,-85,-85,-85,-85,1350,700,246.7645975957566,14.379526817858546,circular
495,1100,700,280.3549212742923,-85,-85,-85,-85,1350,700,261.14412441361515,14.379526817858546,circular
496,1100,700,280.3549212742923,-85,-85,-85,-85,1350,700,275.5236512314737,14.379526817858546,circular
497,1100,700,280.3549212742923,-85,-85,-85,-85,1350,700,289.90317804933227,14.379526817858546,circular
498,1100,700,280.3549212742923,-85,-85,-85,-85,1350,700,304.28270486719083,14.379526817858546,circular
499,1100,700,280.3549212742923,-85,-85,-85,-85,1350,700,318.6622316850494,14.379526817858546,circular
500,1100,700,280.3549212742923,-85,-85,-85,-85,1350,700,333.04175850290795,14.379526817858546,circular
501,1100,700,280.3549212742923,-85,-85,-85,-85,1350,700,347.4212853207665,14.379526817858546,circular
502,1100,700,280.3549212742923,-85,-85,-85,-85,1350,700,1.8008121386250764,14.379526817858546,circular
503,1100,700,280.3549212742923,-85,-85,-85,-85,1350,700,16.180338956483624,14.379526817858546,circular
504,1100,700,280.3549212742923,-85,-85,-85,-85,1350,700,30.55986577434217,14.379526817858546,circular
505,1100,700,280.3549212742923,-85,-85,-85,-85,1350,700,44.93939259220072,14.379526817858546,circular
506,1100,700,280.3549212742923,-85,-85,-85,-85,1350,700,59.318919410059266,14.379526817858546,circular
507,1100,700,280.3549212742923,-85,-85,-85,-85,1350,700,73.69844622791781,14.379526817858546,circular
508,1100,700,280.3549212742923,-85,-85,-85,-85,1350,700,88.07797304577636,14.379526817858546,circular
509,1100,700,280.3549212742923,-85,-85,-85,-85,1350,700,102.45749986363491,14.379526817858546,circular
510,1100,700,280.3549212742923,-85,-85,-85,-85,1350,700,116.83702668149346,14.379526817858546,circular
511,1100,700,280.3549212742923,-85,-85,-85,-85,1350,700,131.216553499352,14.379526817858546,circular
512,1100,700,280.3549212742923,-85,-85,-85,-85,1350,700,145.59608031721052,14.379526817858546,circular
513,1100,700,280.3549212742923,21.41811930585211,22.496022074683278,-85,-85,1350,700,159.97560713506905,14.379526817858546,circular
514,1100,700,280.3549212742923,24.78833704083229,25.157178905256924,-85,-85,1350,700,174.3551339529276,14.379526817858546,circular
515,1100,700,280.3549212742923,25.9816463993744,26.053745949214605,-85,-85,1350,700,188.73466077078612,14.379526817858546,circular
516,1100,700,280.3549212742923,25.946643644493044,25.807460623826316,-85,-85,1350,700,203.11418758864465,14.379526817858546,circular
517,1100,700,280.3549212742923,24.788337040832293,24.1582774269213,-85,-85,1350,700,217.4937144065032,14.379526817858546,circular
518,1100,700,280.3549212742923,20.97742610025735,19.25639156218219,-85,-85,1350,700,231.87324122436172,14.379526817858546,circular
519,1100,700,280.3549212742923,-85,-85,-85,-85,1350,700,246.25276804222025,14.379526817858546,circular
520,1100,700,280.3549212742923,-85,-85,-85,-85,1350,700,260.6322948600788,14.379526817858546,circular
521,1100,700,280.3549212742923,-85,-85,-85,-85,1350,700,275.01182167793735,14.379526817858546,circular
522,1100,700,280.3549212742923,-85,-85,-85,-85,1350,700,289.3913484957959,14.379526817858546,circular
523,1100,700,280.3549212742923,-85,-85,-85,-85,1350,700,303.77087531365447,14.379526817858546,circular
524,1100,700,280.3549212742923,-85,-85,-85,-85,1350,700,318.15040213151303,14.379526817858546,circular
525,1100,700,280.3549212742923,-85,-85,-85,-85,1350,700,332.5299289493716,14.379526817858546,circular
526,1100,700,280.3549212742923,-85,-85,-85,-85,1350,700,346.90945576723016,14.379526817858546,circular
527,1100,700,280.3549212742923,-85,-85,-85,-85,1350,700,1.2889825850887178,14.379526817858546,circular
528,1100,700,280.3549212742923,-85,-85,-85,-85,1350,700,15.668509402947263,14.379526817858546,circular
529,1100,700,280.3549212742923,-85,-85,-85,-85,1350,700,30.04803622080581,14.379526817858546,circular
530,1100,700,280.3549212742923,-85,-85,-85,-85,1350,700,44.42756303866435,14.379526817858546,circular
531,1100,700,280.3549212742923,-85,-85,-85,-85,1350,700,58.8070898565229,14.379526817858546,circular
532,1100,700,280.3549212742923,-85,-85,-85,-85,1350,700,73.18661667438144,14.379526817858546,circular
533,1100,700,280.3549212742923,-85,-85,-85,-85,1350,700,87.56614349223999,14.379526817858546,circular
534,1100,700,280.3549212742923,-85,-85,-85,-85,1350,700,101.94567031009854,14.379526817858546,circular
535,1100,700,280.3549212742923,-85,-85,-85,-85,1350,700,116.32519712795708,14.379526817858546,circular
536,1100,700,280.3549212742923,-85,-85,-85,-85,1350,700,130.70472394581563,14.379526817858546,circular
537,1100,700,280.3549212742923,-85,-85,-85,-85,1350,700,145.08425076367416,14.379526817858546,circular
538,1100,700,280.3549212742923,20.97742610025734,22.496022074683278,-85,-85,1350,700,159.4637775815327,14.379526817858546,circular
539,1100,700,280.3549212742923,24.78833704083229,25.157178905256924,-85,-85,1350,700,173.84330439939123,14.379526817858546,circular
540,1100,700,280.3549212742923,25.946643644493044,26.035130213615616,-85,-85,1350,700,188.22283121724976,14.379526817858546,circular
541,1100,700,280.3549212742923,25.9816463993744,25.807460623826316,-85,-85,1350,700,202.6023580351083,14.379526817858546,circular
542,1100,700,280.3549212742923,24.788337040832293,24.332711411139446,-85,-85,1350,700,216.98188485296683,14.379526817858546,circular
543,1100,700,280.3549212742923,21.418119305852123,19.914354227256315,-85,-85,1350,700,231.36141167082536,14.379526817858546,circular
544,1100,700,280.3549212742923,-85,-85,-85,-85,1350,700,245.7409384886839,14.379526817858546,circular
545,1100,700,280.3549212742923,-85,-85,-85,-85,1350,700,260.1204653065424,14.379526817858546,circular
546,1100,700,280.3549212742923,-85,-85,-85,-85,1350,700,274.499992124401,14.379526817858546,circular
547,1100,700,280.3549212742923,-85,-85,-85,-85,1350,700,288.87951894225955,14.379526817858546,circular
548,1100,700,280.3549212742923,-85,-85,-85,-85,1350,700,303.2590457601181,14.379526817858546,circular
549,1100,700,280.3549212742923,-85,-85,-85,-85,1350,700,317.6385725779767,14.379526817858546,circular
550,1100,700,280.3549212742923,-85,-85,-85,-85,1350,700,332.01809939583524,14.379526817858546,circular
551,1100,700,280.3549212742923,-85,-85,-85,-85,1350,700,346.3976262136938,14.379526817858546,circular
552,1100,700,280.3549212742923,-85,-85,-85,-85,1350,700,0.7771530315523592,14.379526817858546,circular
553,1100,700,280.3549212742923,-85,-85,-85,-85,1350,700,15.156679849410905,14.379526817858546,circular
554,1100,700,280.3549212742923,-85,-85,-85,-85,1350,700,29.53620666726945,14.379526817858546,circular
555,1100,700,280.3549212742923,-85,-85,-85,-85,1350,700,43.915733485127994,14.379526817858546,circular
556,1100,700,280.3549212742923,-85,-85,-85,-85,1350,700,58.29526030298654,14.379526817858546,circular
557,1100,700,280.3549212742923,-85,-85,-85,-85,1350,700,72.67478712084508,14.379526817858546,circular
558,1100,700,280.3549212742923,-85,-85,-85,-85,1350,700,87.05431393870363,14.379526817858546,circular
559,1100,700,280.3549212742923,-85,-85,-85,-85,1350,700,101.43384075656218,14.379526817858546,circular
560,1100,700,280.3549212742923,-85,-85,-85,-85,1350,700,115.81336757442072,14.379526817858546,circular
561,1100,700,280.3549212742923,-85,-85,-85,-85,1350,700,130.19289439227927,14.379526817858546,circular
562,1100,700,280.3549212742923,-85,-85,-85,-85,1350,700,144.5724212101378,14.379526817858546,circular
563,1100,700,280.3549212742923,20.97742610025734,22.170735458799452,-85,-85,1350,700,158.95194802799634,14.379526817858546,circular
564,1100,700,280.3549212742923,24.646943359767004,25.042923900792417,-85,-85,1350,700,173.33147484585487,14.379526817858546,circular
565,1100,700,280.3549212742923,25.906018829630398,26.035130213615616,-85,-85,1350,700,187.7110016637134,14.379526817858546,circular
566,1100,700,280.3549212742923,25.9816463993744,25.859665714847075,-85,-85,1350,700,202.09052848157194,14.379526817858546,circular
567,1100,700,280.3549212742923,24.92014212493214,24.332711411139446,-85,-85,1350,700,216.47005529943047,14.379526817858546,circular
568,1100,700,280.3549212742923,21.418119305852123,19.914354227256315,-85,-85,1350,700,230.849582117289,14.379526817858546,circular
569,1100,700,280.3549212742923,-85,-85,-85,-85,1350,700,245.22910893514754,14.379526817858546,circular
570,1100,700,280.3549212742923,-85,-85,-85,-85,1350,700,259.60863575300607,14.379526817858546,circular
571,1100,700,280.3549212742923,-85,-85,-85,-85,1350,700,273.98816257086463,14.379526817858546,circular
572,1100,700,280.3549212742923,-85,-85,-85,-85,1350,700,288.3676893887232,14.379526817858546,circular
573,1100,700,280.3549212742923,-85,-85,-85,-85,1350,700,302.74721620658175,14.379526817858546,circular
574,1100,700,280.3549212742923,-85,-85,-85,-85,1350,700,317.1267430244403,14.379526817858546,circular
575,1100,700,280.3549212742923,-85,-85,-85,-85,1350,700,331.5062698422989,14.379526817858546,circular
576,1100,700,280.3549212742923,-85,-85,-85,-85,1350,700,345.88579666015744,14.379526817858546,circular
577,1100,700,280.3549212742923,-85,-85,-85,-85,1350,700,0.26532347801600054,14.379526817858546,circular
578,1100,700,280.3549212742923,-85,-85,-85,-85,1350,700,14.644850295874546,14.379526817858546,circular
579,1100,700,280.3549212742923,-85,-85,-85,-85,1350,700,29.02437711373309,14.379526817858546,circular
580,1100,700,280.3549212742923,-85,-85,-85,-85,1350,700,43.403903931591636,14.379526817858546,circular
581,1100,700,280.3549212742923,-85,-85,-85,-85,1350,700,57.78343074945018,14.379526817858546,circular
582,1100,700,280.3549212742923,-85,-85,-85,-85,1350,700,72.16295756730872,14.379526817858546,circular
583,1100,700,280.3549212742923,-85,-85,-85,-85,1350,700,86.54248438516727,14.379526817858546,circular
584,1100,700,280.3549212742923,-85,-85,-85,-85,1350,700,100.92201120302582,14.379526817858546,circular
585,1100,700,280.3549212742923,-85,-85,-85,-85,1350,700,115.30153802088437,14.379526817858546,circular
586,1100,700,280.3549212742923,-85,-85,-85,-85,1350,700,129.6810648387429,14.379526817858546,circular
587,1100,700,280.3549212742923,-85,-85,-85,-85,1350,700,144.06059165660145,14.379526817858546,circular
588,1100,700,280.3549212742923,20.48098321025059,21.813356630230874,-85,-85,1350,700,158.44011847445998,14.379526817858546,circular
589,1100,700,280.3549212742923,24.646943359767004,25.042923900792417,-85,-85,1350,700,172.8196452923185,14.379526817858546,circular
590,1100,700,280.3549212742923,25.906018829630398,26.011117049096303,-85,-85,1350,700,187.19917211017705,14.379526817858546,circular
591,1100,700,280.3549212742923,26.011117049096303,25.859665714847075,-85,-85,1350,700,201.57869892803558,14.379526817858546,circular
592,1100,700,280.3549212742923,24.92014212493214,24.495315191602927,-85,-85,1350,700,215.9582257458941,14.379526817858546,circular
593,1100,700,280.3549212742923,21.81335663023087,20.48098321025059,-85,-85,1350,700,230.33775256375264,14.379526817858546,circular
594,1100,700,280.3549212742923,-85,-85,-85,-85,1350,700,244.71727938161118,14.379526817858546,circular
595,1100,700,280.3549212742923,-85,-85,-85,-85,1350,700,259.0968061994697,14.379526817858546,circular
596,1100,700,280.3549212742923,-85,-85,-85,-85,1350,700,273.4763330173283,14.379526817858546,circular
597,1100,700,280.3549212742923,-85,-85,-85,-85,1350,700,287.85585983518683,14.379526817858546,circular
598,1100,700,280.3549212742923,-85,-85,-85,-85,1350,700,302.2353866530454,14.379526817858546,circular
599,1100,700,280.3549212742923,-85,-85,-85,-85,1350,700,316.61491347090396,14.379526817858546,circular
600,1100,700,280.3549212742923,-85,-85,-85,-85,1350,700,330.9944402887625,14.379526817858546,circular
601,1100,700,280.3549212742923,-85,-85,-85,-85,1350,700,345.3739671066211,14.379526817858546,circular
602,1100,700,280.3549212742923,-85,-85,-85,-85,1350,700,359.75349392447964,14.379526817858546,circular
603,1100,700,280.3549212742923,-85,-85,-85,-85,1350,700,14.133020742338203,14.379526817858546,circular
604,1100,700,280.3549212742923,-85,-85,-85,-85,1350,700,28.51254756019675,14.379526817858546,circular
605,1100,700,280.3549212742923,-85,-85,-85,-85,1350,700,42.8920743780553,14.379526817858546,circular
606,1100,700,280.3549212742923,-85,-85,-85,-85,1350,700,57.271601195913846,14.379526817858546,circular
607,1100,700,280.3549212742923,-85,-85,-85,-85,1350,700,71.6511280137724,14.379526817858546,circular
608,1100,700,280.3549212742923,-85,-85,-85,-85,1350,700,86.03065483163094,14.379526817858546,circular
609,1100,700,280.3549212742923,-85,-85,-85,-85,1350,700,100.41018164948949,14.379526817858546,circular
610,1100,700,280.3549212742923,-85,-85,-85,-85,1350,700,114.78970846734804,14.379526817858546,circular
611,1100,700,280.3549212742923,-85,-85,-85,-85,1350,700,129.16923528520658,14.379526817858546,circular
612,1100,700,280.3549212742923,-85,-85,-85,-85,1350,700,143.54876210306512,14.379526817858546,circular
613,1100,700,280.3549212742923,20.48098321025059,21.813356630230874,-85,-85,1350,700,157.92828892092365,14.379526817858546,circular
614,1100,700,280.3549212742923,24.495315191602927,24.92014212493214,-85,-85,1350,700,172.30781573878218,14.379526817858546,circular
615,1100,700,280.3549212742923,25.859665714847075,26.011117049096303,-85,-85,1350,700,186.68734255664071,14.379526817858546,circular
616,1100,700,280.3549212742923,26.011117049096303,25.906018829630398,-85,-85,1350,700,201.06686937449925,14.379526817858546,circular
617,1100,700,280.3549212742923,25.042923900792417,24.646943359767004,-85,-85,1350,700,215.44639619235778,14.379526817858546,circular
618,1100,700,280.3549212742923,21.81335663023087,20.48098321025059,-85,-85,1350,700,229.82592301021631,14.379526817858546,circular
619,1100,700,280.3549212742923,-85,-85,-85,-85,1350,700,244.20544982807485,14.379526817858546,circular
620,1100,700,280.3549212742923,-85,-85,-85,-85,1350,700,258.5849766459334,14.379526817858546,circular
621,1100,700,280.3549212742923,-85,-85,-85,-85,1350,700,272.96450346379197,14.379526817858546,circular
622,1100,700,280.3549212742923,-85,-85,-85,-85,1350,700,287.34403028165053,14.379526817858546,circular
623,1100,700,280.3549212742923,-85,-85,-85,-85,1350,700,301.7235570995091,14.379526817858546,circular
624,1100,700,280.3549212742923,-85,-85,-85,-85,1350,700,316.10308391736766,14.379526817858546,circular
625,1100,700,280.3549212742923,-85,-85,-85,-85,1350,700,330.4826107352262,14.379526817858546,circular
626,1100,700,280.3549212742923,-85,-85,-85,-85,1350,700,344.8621375530848,14.379526817858546,circular
627,1100,700,280.3549212742923,-85,-85,-85,-85,1350,700,359.24166437094334,14.379526817858546,circular
628,1100,700,280.3549212742923,-85,-85,-85,-85,1350,700,13.621191188801902,14.379526817858546,circular
629,1100,700,280.3549212742923,-85,-85,-85,-85,1350,700,28.00071800666045,14.379526817858546,circular
630,1100,700,280.3549212742923,-85,-85,-85,-85,1350,700,42.380244824518996,14.379526817858546,circular
631,1100,700,280.3549212742923,-85,-85,-85,-85,1350,700,56.759771642377544,14.379526817858546,circular
632,1100,700,280.3549212742923,-85,-85,-85,-85,1350,700,71.13929846023609,14.379526817858546,circular
633,1100,700,280.3549212742923,-85,-85,-85,-85,1350,700,85.51882527809464,14.379526817858546,circular
634,1100,700,280.3549212742923,-85,-85,-85,-85,1350,700,99.89835209595319,14.379526817858546,circular
635,1100,700,280.3549212742923,-85,-85,-85,-85,1350,700,114.27787891381173,14.379526817858546,circular
636,1100,700,280.3549212742923,-85,-85,-85,-85,1350,700,128.65740573167028,14.379526817858546,circular
637,1100,700,280.3549212742923,-85,-85,-85,-85,1350,700,143.0369325495288,14.379526817858546,circular
638,1100,700,280.3549212742923,19.91435422725632,21.41811930585211,-85,-85,1350,700,157.41645936738735,14.379526817858546,circular
639,1100,700,280.3549212742923,24.495315191602927,24.92014212493214,-85,-85,1350,700,171.79598618524588,14.379526817858546,circular
640,1100,700,280.3549212742923,25.859665714847075,25.9816463993744,-85,-85,1350,700,186.1755130031044,14.379526817858546,circular
641,1100,700,280.3549212742923,26.035130213615616,25.906018829630398,-85,-85,1350,700,200.55503982096295,14.379526817858546,circular
642,1100,700,280.3549212742923,25.042923900792417,24.646943359767004,-85,-85,1350,700,214.93456663882148,14.379526817858546,circular
643,1100,700,280.3549212742923,22.170735458799452,20.97742610025735,-85,-85,1350,700,229.31409345668,14.379526817858546,circular
644,1100,700,280.3549212742923,-85,-85,-85,-85,1350,700,243.69362027453855,14.379526817858546,circular
645,1100,700,280.3549212742923,-85,-85,-85,-85,1350,700,258.0731470923971,14.379526817858546,circular
646,1100,700,280.3549212742923,-85,-85,-85,-85,1350,700,272.45267391025567,14.379526817858546,circular
647,1100,700,280.3549212742923,-85,-85,-85,-85,1350,700,286.83220072811423,14.379526817858546,circular
648,1100,700,280.3549212742923,-85,-85,-85,-85,1350,700,301.2117275459728,14.379526817858546,circular
649,1100,700,280.3549212742923,-85,-85,-85,-85,1350,700,315.59125436383135,14.379526817858546,circular
650,1100,700,280.3549212742923,-85,-85,-85,-85,1350,700,329.9707811816899,14.379526817858546,circular
651,1100,700,280.3549212742923,-85,-85,-85,-85,1350,700,344.3503079995485,14.379526817858546,circular
652,1100,700,280.3549212742923,-85,-85,-85,-85,1350,700,358.72983481740704,14.379526817858546,circular
653,1100,700,280.3549212742923,-85,-85,-85,-85,1350,700,13.1093616352656,14.379526817858546,circular
654,1100,700,280.3549212742923,-85,-85,-85,-85,1350,700,27.488888453124147,14.379526817858546,circular
655,1100,700,280.3549212742923,-85,-85,-85,-85,1350,700,41.868415270982695,14.379526817858546,circular
656,1100,700,280.3549212742923,-85,-85,-85,-85,1350,700,56.24794208884124,14.379526817858546,circular
657,1100,700,280.3549212742923,-85,-85,-85,-85,1350,700,70.62746890669979,14.379526817858546,circular
658,1100,700,280.3549212742923,-85,-85,-85,-85,1350,700,85.00699572455834,14.379526817858546,circular
659,1100,700,280.3549212742923,-85,-85,-85,-85,1350,700,99.38652254241688,14.379526817858546,circular
660,1100,700,280.3549212742923,-85,-85,-85,-85,1350,700,113.76604936027543,14.379526817858546,circular
661,1100,700,280.3549212742923,-85,-85,-85,-85,1350,700,128.14557617813398,14.379526817858546,circular
662,1100,700,280.3549212742923,-85,-85,-85,-85,1350,700,142.5251029959925,14.379526817858546,circular
663,1100,700,280.3549212742923,19.91435422725632,21.41811930585211,-85,-85,1350,700,156.90462981385105,14.379526817858546,circular
664,1100,700,280.3549212742923,24.33271141113945,24.78833704083229,-85,-85,1350,700,171.28415663170958,14.379526817858546,circular
665,1100,700,280.3549212742923,25.80746062382631,25.9816463993744,-85,-85,1350,700,185.6636834495681,14.379526817858546,circular
666,1100,700,280.3549212742923,26.035130213615616,25.946643644493044,-85,-85,1350,700,200.04321026742664,14.379526817858546,circular
667,1100,700,280.3549212742923,25.157178905256924,24.788337040832293,-85,-85,1350,700,214.42273708528518,14.379526817858546,circular
668,1100,700,280.3549212742923,22.170735458799452,20.97742610025735,-85,-85,1350,700,228.8022639031437,14.379526817858546,circular
669,1100,700,280.3549212742923,-85,-85,-85,-85,1350,700,243.18179072100224,14.379526817858546,circular
670,1100,700,280.3549212742923,-85,-85,-85,-85,1350,700,257.5613175388608,14.379526817858546,circular
671,1100,700,280.3549212742923,-85,-85,-85,-85,1350,700,271.94084435671937,14.379526817858546,circular
672,1100,700,280.3549212742923,-85,-85,-85,-85,1350,700,286.32037117457793,14.379526817858546,circular
673,1100,700,280.3549212742923,-85,-85,-85,-85,1350,700,300.6998979924365,14.379526817858546,circular
674,1100,700,280.3549212742923,-85,-85,-85,-85,1350,700,315.07942481029505,14.379526817858546,circular
675,1100,700,280.3549212742923,-85,-85,-85,-85,1350,700,329.4589516281536,14.379526817858546,circular
676,1100,700,280.3549212742923,-85,-85,-85,-85,1350,700,343.8384784460122,14.379526817858546,circular
677,1100,700,280.3549212742923,-85,-85,-85,-85,1350,700,358.21800526387074,14.379526817858546,circular
678,1100,700,280.3549212742923,-85,-85,-85,-85,1350,700,12.597532081729298,14.379526817858546,circular
679,1100,700,280.3549212742923,-85,-85,-85,-85,1350,700,26.977058899587846,14.379526817858546,circular
680,1100,700,280.3549212742923,-85,-85,-85,-85,1350,700,41.35658571744639,14.379526817858546,circular
681,1100,700,280.3549212742923,-85,-85,-85,-85,1350,700,55.73611253530494,14.379526817858546,circular
682,1100,700,280.3549212742923,-85,-85,-85,-85,1350,700,70.11563935316349,14.379526817858546,circular
683,1100,700,280.3549212742923,-85,-85,-85,-85,1350,700,84.49516617102203,14.379526817858546,circular
684,1100,700,280.3549212742923,-85,-85,-85,-85,1350,700,98.87469298888058,14.379526817858546,circular
685,1100,700,280.3549212742923,-85,-85,-85,-85,1350,700,113.25421980673913,14.379526817858546,circular
686,1100,700,280.3549212742923,-85,-85,-85,-85,1350,700,127.63374662459768,14.379526817858546,circular
687,1100,700,280.3549212742923,-85,-85,-85,-85,1350,700,142.0132734424562,14.379526817858546,circular
688,1100,700,280.3549212742923,19.25639156218217,20.97742610025734,-85,-85,1350,700,156.39280026031474,14.379526817858546,circular
689,1100,700,280.3549212742923,24.33271141113945,24.78833704083229,-85,-85,1350,700,170.77232707817328,14.379526817858546,circular
690,1100,700,280.3549212742923,25.80746062382631,25.946643644493044,-85,-85,1350,700,185.1518538960318,14.379526817858546,circular
691,1100,700,280.3549212742923,26.053745949214605,25.946643644493044,-85,-85,1350,700,199.53138071389034,14.379526817858546,circular
692,1100,700,280.3549212742923,25.157178905256924,24.788337040832293,-85,-85,1350,700,213.91090753174888,14.379526817858546,circular
693,1100,700,280.3549212742923,22.496022074683278,21.418119305852123,-85,-85,1350,700,228.2904343496074,14.379526817858546,circular
694,1100,700,280.3549212742923,-85,-85,-85,-85,1350,700,242.66996116746594,14.379526817858546,circular
695,1100,700,280.3549212742923,-85,-85,-85,-85,1350,700,257.0494879853245,14.379526817858546,circular
696,1100,700,280.3549212742923,-85,-85,-85,-85,1350,700,271.42901480318307,14.379526817858546,circular
697,1100,700,280.3549212742923,-85,-85,-85,-85,1350,700,285.8085416210416,14.379526817858546,circular
698,1100,700,280.3549212742923,-85,-85,-85,-85,1350,700,300.1880684389002,14.379526817858546,circular
699,1100,700,280.3549212742923,-85,-85,-85,-85,1350,700,314.56759525675875,14.379526817858546,circular
700,1100,700,280.3549212742923,-85,-85,-85,-85,1350,700,328.9471220746173,14.379526817858546,circular
701,1100,700,280.3549212742923,-85,-85,-85,-85,1350,700,343.3266488924759,14.379526817858546,circular
702,1100,700,280.3549212742923,-85,-85,-85,-85,1350,700,357.70617571033443,14.379526817858546,circular
703,1100,700,280.3549212742923,-85,-85,-85,-85,1350,700,12.085702528192996,14.379526817858546,circular
704,1100,700,280.3549212742923,-85,-85,-85,-85,1350,700,26.465229346051544,14.379526817858546,circular
705,1100,700,280.3549212742923,-85,-85,-85,-85,1350,700,40.84475616391009,14.379526817858546,circular
706,1100,700,280.3549212742923,-85,-85,-85,-85,1350,700,55.22428298176864,14.379526817858546,circular
707,1100,700,280.3549212742923,-85,-85,-85,-85,1350,700,69.60380979962719,14.379526817858546,circular
708,1100,700,280.3549212742923,-85,-85,-85,-85,1350,700,83.98333661748573,14.379526817858546,circular
709,1100,700,280.3549212742923,-85,-85,-85,-85,1350,700,98.36286343534428,14.379526817858546,circular
710,1100,700,280.3549212742923,-85,-85,-85,-85,1350,700,112.74239025320283,14.379526817858546,circular
711,1100,700,280.3549212742923,-85,-85,-85,-85,1350,700,127.12191707106138,14.379526817858546,circular
712,1100,700,280.3549212742923,-85,-85,-85,-85,1350,700,141.5014438889199,14.379526817858546,circular
713,1100,700,280.3549212742923,19.25639156218217,20.97742610025734,-85,-85,1350,700,155.88097070677844,14.379526817858546,circular
714,1100,700,280.3549212742923,24.1582774269213,24.646943359767004,-85,-85,1350,700,170.26049752463697,14.379526817858546,circular
715,1100,700,280.3549212742923,25.7492610641292,25.946643644493044,-85,-85,1350,700,184.6400243424955,14.379526817858546,circular
716,1100,700,280.3549212742923,26.053745949214605,25.9816463993744,-85,-85,1350,700,199.01955116035404,14.379526817858546,circular
717,1100,700,280.3549212742923,25.263344594616918,24.92014212493214,-85,-85,1350,700,213.39907797821257,14.379526817858546,circular
718,1100,700,280.3549212742923,22.496022074683278,21.418119305852123,-85,-85,1350,700,227.7786047960711,14.379526817858546,circular
719,1100,700,280.3549212742923,-85,-85,-85,-85,1350,700,242.15813161392964,14.379526817858546,circular
720,1100,700,280.3549212742923,-85,-85,-85,-85,1350,700,256.5376584317882,14.379526817858546,circular
721,1100,700,280.3549212742923,-85,-85,-85,-85,1350,700,270.91718524964676,14.379526817858546,circular
722,1100,700,280.3549212742923,-85,-85,-85,-85,1350,700,285.2967120675053,14.379526817858546,circular
723,1100,700,280.3549212742923,-85,-85,-85,-85,1350,700,299.6762388853639,14.379526817858546,circular
724,1100,700,280.3549212742923,-85,-85,-85,-85,1350,700,314.05576570322245,14.379526817858546,circular
725,1100,700,280.3549212742923,-85,-85,-85,-85,1350,700,328.435292521081,14.379526817858546,circular
726,1100,700,280.3549212742923,-85,-85,-85,-85,1350,700,342.81481933893957,14.379526817858546,circular
727,1100,700,280.3549212742923,-85,-85,-85,-85,1350,700,357.19434615679813,14.379526817858546,circular
728,1100,700,280.3549212742923,-85,-85,-85,-85,1350,700,11.573872974656695,14.379526817858546,circular
729,1100,700,280.3549212742923,-85,-85,-85,-85,1350,700,25.953399792515242,14.379526817858546,circular
730,1100,700,280.3549212742923,-85,-85,-85,-85,1350,700,40.33292661037379,14.379526817858546,circular
731,1100,700,280.3549212742923,-85,-85,-85,-85,1350,700,54.71245342823234,14.379526817858546,circular
732,1100,700,280.3549212742923,-85,-85,-85,-85,1350,700,69.09198024609088,14.379526817858546,circular
733,1100,700,280.3549212742923,-85,-85,-85,-85,1350,700,83.47150706394943,14.379526817858546,circular
734,1100,700,280.3549212742923,-85,-85,-85,-85,1350,700,97.85103388180798,14.379526817858546,circular
735,1100,700,280.3549212742923,-85,-85,-85,-85,1350,700,112.23056069966653,14.379526817858546,circular
736,1100,700,280.3549212742923,-85,-85,-85,-85,1350,700,126.61008751752507,14.379526817858546,circular
737,1100,700,280.3549212742923,-85,-85,-85,-85,1350,700,140.9896143353836,14.379526817858546,circular
738,1100,700,280.3549212742923,18.47430475951294,20.48098321025059,-85,-85,1350,700,155.36914115324214,14.379526817858546,circular
739,1100,700,280.3549212742923,24.1582774269213,24.646943359767004,-85,-85,1350,700,169.74866797110067,14.379526817858546,circular
740,1100,700,280.3549212742923,25.7492610641292,25.906018829630398,-85,-85,1350,700,184.1281947889592,14.379526817858546,circular
741,1100,700,280.3549212742923,26.067010357935978,25.9816463993744,-85,-85,1350,700,198.50772160681774,14.379526817858546,circular
742,1100,700,280.3549212742923,25.263344594616918,24.92014212493214,-85,-85,1350,700,212.88724842467627,14.379526817858546,circular
743,1100,700,280.3549212742923,22.793695368992225,21.81335663023087,-85,-85,1350,700,227.2667752425348,14.379526817858546,circular
744,1100,700,280.3549212742923,-85,-85,-85,-85,1350,700,241.64630206039334,14.379526817858546,circular
745,1100,700,280.3549212742923,-85,-85,-85,-85,1350,700,256.0258288782519,14.379526817858546,circular
746,1100,700,280.3549212742923,-85,-85,-85,-85,1350,700,270.40535569611046,14.379526817858546,circular
747,1100,700,280.3549212742923,-85,-85,-85,-85,1350,700,284.784882513969,14.379526817858546,circular
748,1100,700,280.3549212742923,-85,-85,-85,-85,1350,700,299.1644093318276,14.379526817858546,circular
749,1100,700,280.3549212742923,-85,-85,-85,-85,1350,700,313.54393614968615,14.379526817858546,circular
750,1100,700,280.3549212742923,-85,-85,-85,-85,1350,700,327.9234629675447,14.379526817858546,circular
751,1100,700,280.3549212742923,-85,-85,-85,-85,1350,700,342.30298978540327,14.379526817858546,circular
752,1100,700,280.3549212742923,-85,-85,-85,-85,1350,700,356.68251660326183,14.379526817858546,circular
753,1100,700,280.3549212742923,-85,-85,-85,-85,1350,700,11.062043421120393,14.379526817858546,circular
754,1100,700,280.3549212742923,-85,-85,-85,-85,1350,700,25.44157023897894,14.379526817858546,circular
755,1100,700,280.3549212742923,-85,-85,-85,-85,1350,700,39.82109705683749,14.379526817858546,circular
756,1100,700,280.3549212742923,-85,-85,-85,-85,1350,700,54.200623874696035,14.379526817858546,circular
757,1100,700,280.3549212742923,-85,-85,-85,-85,1350,700,68.58015069255458,14.379526817858546,circular
758,1100,700,280.3549212742923,-85,-85,-85,-85,1350,700,82.95967751041313,14.379526817858546,circular
759,1100,700,280.3549212742923,-85,-85,-85,-85,1350,700,97.33920432827168,14.379526817858546,circular
760,1100,700,280.3549212742923,-85,-85,-85,-85,1350,700,111.71873114613022,14.379526817858546,circular
761,1100,700,280.3549212742923,-85,-85,-85,-85,1350,700,126.09825796398877,14.379526817858546,circular
762,1100,700,280.3549212742923,-85,-85,-85,-85,1350,700,140.4777847818473,14.379526817858546,circular
763,1100,700,280.3549212742923,18.47430475951294,20.48098321025059,-85,-85,1350,700,154.85731159970584,14.379526817858546,circular
764,1100,700,280.3549212742923,23.971022246457757,24.495315191602927,-85,-85,1350,700,169.23683841756437,14.379526817858546,circular
765,1100,700,280.3549212742923,25.684904084789974,25.906018829630398,-85,-85,1350,700,183.6163652354229,14.379526817858546,circular
766,1100,700,280.3549212742923,26.067010357935978,26.011117049096303,-85,-85,1350,700,197.99589205328144,14.379526817858546,circular
767,1100,700,280.3549212742923,25.361807294499556,25.042923900792417,-85,-85,1350,700,212.37541887113997,14.379526817858546,circular
768,1100,700,280.3549212742923,22.793695368992225,21.81335663023087,-85,-85,1350,700,226.7549456889985,14.379526817858546,circular
769,1100,700,280.3549212742923,-85,-85,-85,-85,1350,700,241.13447250685704,14.379526817858546,circular
770,1100,700,280.3549212742923,-85,-85,-85,-85,1350,700,255.51399932471557,14.379526817858546,circular
771,1100,700,280.3549212742923,-85,-85,-85,-85,1350,700,269.8935261425741,14.379526817858546,circular
772,1100,700,280.3549212742923,-85,-85,-85,-85,1350,700,284.27305296043266,14.379526817858546,circular
773,1100,700,280.3549212742923,-85,-85,-85,-85,1350,700,298.6525797782912,14.379526817858546,circular
774,1100,700,280.3549212742923,-85,-85,-85,-85,1350,700,313.0321065961498,14.379526817858546,circular
775,1100,700,280.3549212742923,-85,-85,-85,-85,1350,700,327.41163341400835,14.379526817858546,circular
776,1100,700,280.3549212742923,-85,-85,-85,-85,1350,700,341.7911602318669,14.379526817858546,circular
777,1100,700,280.3549212742923,-85,-85,-85,-85,1350,700,356.1706870497255,14.379526817858546,circular
778,1100,700,280.3549212742923,-85,-85,-85,-85,1350,700,10.550213867584034,14.379526817858546,circular
779,1100,700,280.3549212742923,-85,-85,-85,-85,1350,700,24.92974068544258,14.379526817858546,circular
780,1100,700,280.3549212742923,-85,-85,-85,-85,1350,700,39.30926750330113,14.379526817858546,circular
781,1100,700,280.3549212742923,-85,-85,-85,-85,1350,700,53.688794321159676,14.379526817858546,circular
782,1100,700,280.3549212742923,-85,-85,-85,-85,1350,700,68.06832113901822,14.379526817858546,circular
783,1100,700,280.3549212742923,-85,-85,-85,-85,1350,700,82.44784795687677,14.379526817858546,circular
784,1100,700,280.3549212742923,-85,-85,-85,-85,1350,700,96.82737477473532,14.379526817858546,circular
785,1100,700,280.3549212742923,-85,-85,-85,-85,1350,700,111.20690159259387,14.379526817858546,circular
786,1100,700,280.3549212742923,-85,-85,-85,-85,1350,700,125.58642841045241,14.379526817858546,circular
787,1100,700,280.3549212742923,-85,-85,-85,-85,1350,700,139.96595522831095,14.379526817858546,circular
788,1100,700,280.3549212742923,17.513155499392102,19.91435422725632,-85,-85,1350,700,154.34548204616948,14.379526817858546,circular
789,1100,700,280.3549212742923,23.769789312347285,24.495315191602927,-85,-85,1350,700,168.725008864028,14.379526817858546,circular
790,1100,700,280.3549212742923,25.684904084789974,25.859665714847075,-85,-85,1350,700,183.10453568188655,14.379526817858546,circular
791,1100,700,280.3549212742923,26.074956048612798,26.011117049096303,-85,-85,1350,700,197.48406249974508,14.379526817858546,circular
792,1100,700,280.3549212742923,25.361807294499556,25.042923900792417,-85,-85,1350,700,211.8635893176036,14.379526817858546,circular
793,1100,700,280.3549212742923,23.067302502757133,22.170735458799452,-85,-85,1350,700,226.24311613546215,14.379526817858546,circular
794,1100,700,280.3549212742923,11.50579409835762,-85,-85,-85,1350,700,240.62264295332068,14.379526817858546,circular
795,1100,700,280.3549212742923,-85,-85,-85,-85,1350,700,255.0021697711792,14.379526817858546,circular
796,1100,700,280.3549212742923,-85,-85,-85,-85,1350,700,269.38169658903774,14.379526817858546,circular
797,1100,700,280.3549212742923,-85,-85,-85,-85,1350,700,283.7612234068963,14.379526817858546,circular
798,1100,700,280.3549212742923,-85,-85,-85,-85,1350,700,298.14075022475487,14.379526817858546,circular
799,1100,700,280.3549212742923,-85,-85,-85,-85,1350,700,312.52027704261343,14.379526817858546,circular
800,1100,700,280.3549212742923,-85,-85,-85,-85,1350,700,326.899803860472,14.379526817858546,circular
801,1100,700,280.3549212742923,-85,-85,-85,-85,1350,700,341.27933067833055,14.379526817858546,circular
802,1100,700,280.3549212742923,-85,-85,-85,-85,1350,700,355.6588574961891,14.379526817858546,circular
803,1100,700,280.3549212742923,-85,-85,-85,-85,1350,700,10.038384314047676,14.379526817858546,circular
804,1100,700,280.3549212742923,-85,-85,-85,-85,1350,700,24.417911131906223,14.379526817858546,circular
805,1100,700,280.3549212742923,-85,-85,-85,-85,1350,700,38.79743794976477,14.379526817858546,circular
806,1100,700,280.3549212742923,-85,-85,-85,-85,1350,700,53.17696476762332,14.379526817858546,circular
807,1100,700,280.3549212742923,-85,-85,-85,-85,1350,700,67.55649158548187,14.379526817858546,circular
808,1100,700,280.3549212742923,-85,-85,-85,-85,1350,700,81.93601840334041,14.379526817858546,circular
809,1100,700,280.3549212742923,-85,-85,-85,-85,1350,700,96.31554522119896,14.379526817858546,circular
810,1100,700,280.3549212742923,-85,-85,-85,-85,1350,700,110.69507203905751,14.379526817858546,circular
811,1100,700,280.3549212742923,-85,-85,-85,-85,1350,700,125.07459885691605,14.379526817858546,circular
812,1100,700,280.3549212742923,-85,-85,-85,-85,1350,700,139.4541256747746,14.379526817858546,circular
813,1100,700,280.3549212742923,17.513155499392102,19.91435422725632,-85,-85,1350,700,153.83365249263312,14.379526817858546,circular
814,1100,700,280.3549212742923,23.769789312347285,24.33271141113945,-85,-85,1350,700,168.21317931049165,14.379526817858546,circular
815,1100,700,280.3549212742923,25.614204328866276,25.859665714847075,-85,-85,1350,700,182.5927061283502,14.379526817858546,circular
816,1100,700,280.3549212742923,26.074956048612798,26.035130213615616,-85,-85,1350,700,196.97223294620872,14.379526817858546,circular
817,1100,700,280.3549212742923,25.452908776355446,25.157178905256924,-85,-85,1350,700,211.35175976406725,14.379526817858546,circular
818,1100,700,280.3549212742923,23.067302502757133,22.170735458799452,-85,-85,1350,700,225.7312865819258,14.379526817858546,circular
819,1100,700,280.3549212742923,11.50579409835762,-85,-85,-85,1350,700,240.11081339978432,14.379526817858546,circular
820,1100,700,280.3549212742923,-85,-85,-85,-85,1350,700,254.49034021764285,14.379526817858546,circular
821,1100,700,280.3549212742923,-85,-85,-85,-85,1350,700,268.8698670355014,14.379526817858546,circular
822,1100,700,280.3549212742923,-85,-85,-85,-85,1350,700,283.24939385335995,14.379526817858546,circular
823,1100,700,280.3549212742923,-85,-85,-85,-85,1350,700,297.6289206712185,14.379526817858546,circular
824,1100,700,280.3549212742923,-85,-85,-85,-85,1350,700,312.00844748907707,14.379526817858546,circular
825,1100,700,280.3549212742923,-85,-85,-85,-85,1350,700,326.38797430693563,14.379526817858546,circular
826,1100,700,280.3549212742923,-85,-85,-85,-85,1350,700,340.7675011247942,14.379526817858546,circular
827,1100,700,280.3549212742923,-85,-85,-85,-85,1350,700,355.14702794265276,14.379526817858546,circular
828,1100,700,280.3549212742923,-85,-85,-85,-85,1350,700,9.526554760511317,14.379526817858546,circular
829,1100,700,280.3549212742923,-85,-85,-85,-85,1350,700,23.906081578369864,14.379526817858546,circular
830,1100,700,280.3549212742923,-85,-85,-85,-85,1350,700,38.28560839622841,14.379526817858546,circular
831,1100,700,280.3549212742923,-85,-85,-85,-85,1350,700,52.66513521408696,14.379526817858546,circular
832,1100,700,280.3549212742923,-85,-85,-85,-85,1350,700,67.0446620319455,14.379526817858546,circular
833,1100,700,280.3549212742923,-85,-85,-85,-85,1350,700,81.42418884980405,14.379526817858546,circular
834,1100,700,280.3549212742923,-85,-85,-85,-85,1350,700,95.8037156676626,14.379526817858546,circular
835,1100,700,280.3549212742923,-85,-85,-85,-85,1350,700,110.18324248552115,14.379526817858546,circular
836,1100,700,280.3549212742923,-85,-85,-85,-85,1350,700,124.5627693033797,14.379526817858546,circular
837,1100,700,280.3549212742923,-85,-85,-85,-85,1350,700,138.94229612123823,14.379526817858546,circular
838,1100,700,280.3549212742923,16.269948115724727,19.25639156218217,-85,-85,1350,700,153.32182293909676,14.379526817858546,circular
839,1100,700,280.3549212742923,23.553218972269416,24.33271141113945,-85,-85,1350,700,167.7013497569553,14.379526817858546,circular
840,1100,700,280.3549212742923,25.614204328866276,25.80746062382631,-85,-85,1350,700,182.08087657481383,14.379526817858546,circular
841,1100,700,280.3549212742923,26.077602459396946,26.035130213615616,-85,-85,1350,700,196.46040339267236,14.379526817858546,circular
842,1100,700,280.3549212742923,25.452908776355446,25.157178905256924,-85,-85,1350,700,210.8399302105309,14.379526817858546,circular
843,1100,700,280.3549212742923,23.319699537123853,22.496022074683278,-85,-85,1350,700,225.21945702838943,14.379526817858546,circular
844,1100,700,280.3549212742923,14.513447644213265,-85,-85,-85,1350,700,239.59898384624796,14.379526817858546,circular
845,1100,700,280.3549212742923,-85,-85,-85,-85,1350,700,253.9785106641065,14.379526817858546,circular
846,1100,700,280.3549212742923,-85,-85,-85,-85,1350,700,268.358037481965,14.379526817858546,circular
847,1100,700,280.3549212742923,-85,-85,-85,-85,1350,700,282.7375642998236,14.379526817858546,circular
848,1100,700,280.3549212742923,-85,-85,-85,-85,1350,700,297.11709111768215,14.379526817858546,circular
849,1100,700,280.3549212742923,-85,-85,-85,-85,1350,700,311.4966179355407,14.379526817858546,circular
850,1100,700,280.3549212742923,-85,-85,-85,-85,1350,700,325.8761447533993,14.379526817858546,circular
851,1100,700,280.3549212742923,-85,-85,-85,-85,1350,700,340.25567157125784,14.379526817858546,circular
852,1100,700,280.3549212742923,-85,-85,-85,-85,1350,700,354.6351983891164,14.379526817858546,circular
853,1100,700,280.3549212742923,-85,-85,-85,-85,1350,700,9.014725206974958,14.379526817858546,circular
854,1100,700,280.3549212742923,-85,-85,-85,-85,1350,700,23.394252024833506,14.379526817858546,circular
855,1100,700,280.3549212742923,-85,-85,-85,-85,1350,700,37.77377884269205,14.379526817858546,circular
856,1100,700,280.3549212742923,-85,-85,-85,-85,1350,700,52.1533056605506,14.379526817858546,circular
857,1100,700,280.3549212742923,-85,-85,-85,-85,1350,700,66.53283247840915,14.379526817858546,circular
858,1100,700,280.3549212742923,-85,-85,-85,-85,1350,700,80.9123592962677,14.379526817858546,circular
859,1100,700,280.3549212742923,-85,-85,-85,-85,1350,700,95.29188611412624,14.379526817858546,circular
860,1100,700,280.3549212742923,-85,-85,-85,-85,1350,700,109.67141293198479,14.379526817858546,circular
861,1100,700,280.3549212742923,-85,-85,-85,-85,1350,700,124.05093974984334,14.379526817858546,circular
862,1100,700,280.3549212742923,-85,-85,-85,-85,1350,700,138.43046656770187,14.379526817858546,circular
863,1100,700,280.3549212742923,16.269948115724727,19.25639156218217,-85,-85,1350,700,152.8099933855604,14.379526817858546,circular
864,1100,700,280.3549212742923,23.553218972269416,24.1582774269213,-85,-85,1350,700,167.18952020341894,14.379526817858546,circular
865,1100,700,280.3549212742923,25.536951728381826,25.80746062382631,-85,-85,1350,700,181.56904702127747,14.379526817858546,circular
866,1100,700,280.3549212742923,26.077602459396946,26.053745949214605,-85,-85,1350,700,195.948573839136,14.379526817858546,circular
867,1100,700,280.3549212742923,25.536951728381826,25.263344594616918,-85,-85,1350,700,210.32810065699454,14.379526817858546,circular
868,1100,700,280.3549212742923,23.553218972269416,22.496022074683278,-85,-85,1350,700,224.70762747485307,14.379526817858546,circular
869,1100,700,280.3549212742923,14.513447644213265,-85,-85,-85,1350,700,239.0871542927116,14.379526817858546,circular
870,1100,700,280.3549212742923,-85,-85,-85,-85,1350,700,253.46668111057014,14.379526817858546,circular
871,1100,700,280.3549212742923,-85,-85,-85,-85,1350,700,267.84620792842867,14.379526817858546,circular
872,1100,700,280.3549212742923,-85,-85,-85,-85,1350,700,282.22573474628723,14.379526817858546,circular
873,1100,700,280.3549212742923,-85,-85,-85,-85,1350,700,296.6052615641458,14.379526817858546,circular
874,1100,700,280.3549212742923,-85,-85,-85,-85,1350,700,310.98478838200435,14.379526817858546,circular
875,1100,700,280.3549212742923,-85,-85,-85,-85,1350,700,325.3643151998629,14.379526817858546,circular
876,1100,700,280.3549212742923,-85,-85,-85,-85,1350,700,339.7438420177215,14.379526817858546,circular
877,1100,700,280.3549212742923,-85,-85,-85,-85,1350,700,354.12336883558004,14.379526817858546,circular
878,1100,700,280.3549212742923,-85,-85,-85,-85,1350,700,8.5028956534386,14.379526817858546,circular
879,1100,700,280.3549212742923,-85,-85,-85,-85,1350,700,22.882422471297147,14.379526817858546,circular
880,1100,700,280.3549212742923,-85,-85,-85,-85,1350,700,37.261949289155694,14.379526817858546,circular
881,1100,700,280.3549212742923,-85,-85,-85,-85,1350,700,51.64147610701424,14.379526817858546,circular
882,1100,700,280.3549212742923,-85,-85,-85,-85,1350,700,66.02100292487279,14.379526817858546,circular
883,1100,700,280.3549212742923,-85,-85,-85,-85,1350,700,80.40052974273134,14.379526817858546,circular
884,1100,700,280.3549212742923,-85,-85,-85,-85,1350,700,94.78005656058988,14.379526817858546,circular
885,1100,700,280.3549212742923,-85,-85,-85,-85,1350,700,109.15958337844843,14.379526817858546,circular
886,1100,700,280.3549212742923,-85,-85,-85,-85,1350,700,123.53911019630698,14.379526817858546,circular
887,1100,700,280.3549212742923,-85,-85,-85,-85,1350,700,137.9186370141655,14.379526817858546,circular
888,1100,700,280.3549212742923,14.513447644213304,18.47430475951294,-85,-85,1350,700,152.29816383202404,14.379526817858546,circular
889,1100,700,280.3549212742923,23.31969953712386,24.1582774269213,-85,-85,1350,700,166.67769064988258,14.379526817858546,circular
890,1100,700,280.3549212742923,25.536951728381826,25.7492610641292,-85,-85,1350,700,181.0572174677411,14.379526817858546,circular
891,1100,700,280.3549212742923,26.077602459396946,26.067010357935978,-85,-85,1350,700,195.43674428559964,14.379526817858546,circular
892,1100,700,280.3549212742923,25.536951728381826,25.263344594616918,-85,-85,1350,700,209.81627110345818,14.379526817858546,circular
893,1100,700,280.3549212742923,23.553218972269416,22.793695368992225,-85,-85,1350,700,224.1957979213167,14.379526817858546,circular
894,1100,700,280.3549212742923,16.269948115724716,-85,-85,-85,1350,700,238.57532473917524,14.379526817858546,circular
895,1100,700,280.3549212742923,-85,-85,-85,-85,1350,700,252.95485155703378,14.379526817858546,circular
896,1100,700,280.3549212742923,-85,-85,-85,-85,1350,700,267.3343783748923,14.379526817858546,circular
897,1100,700,280.3549212742923,-85,-85,-85,-85,1350,700,281.7139051927509,14.379526817858546,circular
898,1100,700,280.3549212742923,-85,-85,-85,-85,1350,700,296.09343201060943,14.379526817858546,circular
899,1100,700,280.3549212742923,-85,-85,-85,-85,1350,700,310.472958828468,14.379526817858546,circular
900,1100,700,280.3549212742923,-85,-85,-85,-85,1350,700,324.85248564632656,14.379526817858546,circular
901,1100,700,280.3549212742923,-85,-85,-85,-85,1350,700,339.2320124641851,14.379526817858546,circular
902,1100,700,280.3549212742923,-85,-85,-85,-85,1350,700,353.6115392820437,14.379526817858546,circular
903,1100,700,280.3549212742923,-85,-85,-85,-85,1350,700,7.991066099902241,14.379526817858546,circular
904,1100,700,280.3549212742923,-85,-85,-85,-85,1350,700,22.37059291776079,14.379526817858546,circular
905,1100,700,280.3549212742923,-85,-85,-85,-85,1350,700,36.750119735619336,14.379526817858546,circular
906,1100,700,280.3549212742923,-85,-85,-85,-85,1350,700,51.12964655347788,14.379526817858546,circular
907,1100,700,280.3549212742923,-85,-85,-85,-85,1350,700,65.50917337133643,14.379526817858546,circular
908,1100,700,280.3549212742923,-85,-85,-85,-85,1350,700,79.88870018919498,14.379526817858546,circular
909,1100,700,280.3549212742923,-85,-85,-85,-85,1350,700,94.26822700705353,14.379526817858546,circular
910,1100,700,280.3549212742923,-85,-85,-85,-85,1350,700,108.64775382491207,14.379526817858546,circular
911,1100,700,280.3549212742923,-85,-85,-85,-85,1350,700,123.02728064277062,14.379526817858546,circular
912,1100,700,280.3549212742923,-85,-85,-85,-85,1350,700,137.40680746062915,14.379526817858546,circular
913,1100,700,280.3549212742923,14.513447644213304,18.47430475951294,-85,-85,1350,700,151.7863342784877,14.379526817858546,circular
914,1100,700,280.3549212742923,23.31969953712386,23.971022246457757,-85,-85,1350,700,166.16586109634622,14.379526817858546,circular
915,1100,700,280.3549212742923,25.452908776355446,25.7492610641292,-85,-85,1350,700,180.54538791420475,14.379526817858546,circular
916,1100,700,280.3549212742923,26.077602459396946,26.067010357935978,-85,-85,1350,700,194.92491473206329,14.379526817858546,circular
917,1100,700,280.3549212742923,25.614204328866276,25.361807294499556,-85,-85,1350,700,209.30444154992182,14.379526817858546,circular
918,1100,700,280.3549212742923,23.769789312347285,22.793695368992225,-85,-85,1350,700,223.68396836778035,14.379526817858546,circular
919,1100,700,280.3549212742923,16.269948115724716,-85,-85,-85,1350,700,238.06349518563889,14.379526817858546,circular
920,1100,700,280.3549212742923,-85,-85,-85,-85,1350,700,252.44302200349742,14.379526817858546,circular
921,1100,700,280.3549212742923,-85,-85,-85,-85,1350,700,266.82254882135595,14.379526817858546,circular
922,1100,700,280.3549212742923,-85,-85,-85,-85,1350,700,281.2020756392145,14.379526817858546,circular
923,1100,700,280.3549212742923,-85,-85,-85,-85,1350,700,295.5816024570731,14.379526817858546,circular
924,1100,700,280.3549212742923,-85,-85,-85,-85,1350,700,309.96112927493164,14.379526817858546,circular
925,1100,700,280.3549212742923,-85,-85,-85,-85,1350,700,324.3406560927902,14.379526817858546,circular
926,1100,700,280.3549212742923,-85,-85,-85,-85,1350,700,338.72018291064876,14.379526817858546,circular
927,1100,700,280.3549212742923,-85,-85,-85,-85,1350,700,353.0997097285073,14.379526817858546,circular
928,1100,700,280.3549212742923,-85,-85,-85,-85,1350,700,7.4792365463658825,14.379526817858546,circular
929,1100,700,280.3549212742923,-85,-85,-85,-85,1350,700,21.85876336422443,14.379526817858546,circular
930,1100,700,280.3549212742923,-85,-85,-85,-85,1350,700,36.23829018208298,14.379526817858546,circular
931,1100,700,280.3549212742923,-85,-85,-85,-85,1350,700,50.617816999941525,14.379526817858546,circular
932,1100,700,280.3549212742923,-85,-85,-85,-85,1350,700,64.99734381780007,14.379526817858546,circular
933,1100,700,280.3549212742923,-85,-85,-85,-85,1350,700,79.37687063565862,14.379526817858546,circular
934,1100,700,280.3549212742923,-85,-85,-85,-85,1350,700,93.75639745351717,14.379526817858546,circular
935,1100,700,280.3549212742923,-85,-85,-85,-85,1350,700,108.13592427137571,14.379526817858546,circular
936,1100,700,280.3549212742923,-85,-85,-85,-85,1350,700,122.51545108923426,14.379526817858546,circular
937,1100,700,280.3549212742923,-85,-85,-85,-85,1350,700,136.8949779070928,14.379526817858546,circular
938,1100,700,280.3549212742923,11.505794098357505,17.513155499392102,-85,-85,1350,700,151.27450472495133,14.379526817858546,circular
939,1100,700,280.3549212742923,23.06730250275713,23.971022246457757,-85,-85,1350,700,165.65403154280986,14.379526817858546,circular
940,1100,700,280.3549212742923,25.452908776355446,25.684904084789974,-85,-85,1350,700,180.0335583606684,14.379526817858546,circular
941,1100,700,280.3549212742923,26.074956048612798,26.074956048612798,-85,-85,1350,700,194.41308517852693,14.379526817858546,circular
942,1100,700,280.3549212742923,25.614204328866276,25.361807294499556,-85,-85,1350,700,208.79261199638546,14.379526817858546,circular
943,1100,700,280.3549212742923,23.769789312347285,23.067302502757133,-85,-85,1350,700,223.172138814244,14.379526817858546,circular
944,1100,700,280.3549212742923,17.51315549939211,-85,-85,-85,1350,700,237.55166563210253,14.379526817858546,circular
945,1100,700,280.3549212742923,-85,-85,-85,-85,1350,700,251.93119244996106,14.379526817858546,circular
946,1100,700,280.3549212742923,-85,-85,-85,-85,1350,700,266.3107192678196,14.379526817858546,circular
947,1100,700,280.3549212742923,-85,-85,-85,-85,1350,700,280.69024608567815,14.379526817858546,circular
948,1100,700,280.3549212742923,-85,-85,-85,-85,1350,700,295.0697729035367,14.379526817858546,circular
949,1100,700,280.3549212742923,-85,-85,-85,-85,1350,700,309.4492997213953,14.379526817858546,circular
950,1100,700,280.3549212742923,-85,-85,-85,-85,1350,700,323.82882653925384,14.379526817858546,circular
951,1100,700,280.3549212742923,-85,-85,-85,-85,1350,700,338.2083533571124,14.379526817858546,circular
952,1100,700,280.3549212742923,-85,-85,-85,-85,1350,700,352.58788017497096,14.379526817858546,circular
953,1100,700,280.3549212742923,-85,-85,-85,-85,1350,700,6.967406992829524,14.379526817858546,circular
954,1100,700,280.3549212742923,-85,-85,-85,-85,1350,700,21.34693381068807,14.379526817858546,circular
955,1100,700,280.3549212742923,-85,-85,-85,-85,1350,700,35.72646062854662,14.379526817858546,circular
956,1100,700,280.3549212742923,-85,-85,-85,-85,1350,700,50.105987446405166,14.379526817858546,circular
957,1100,700,280.3549212742923,-85,-85,-85,-85,1350,700,64.48551426426371,14.379526817858546,circular
958,1100,700,280.3549212742923,-85,-85,-85,-85,1350,700,78.86504108212226,14.379526817858546,circular
959,1100,700,280.3549212742923,-85,-85,-85,-85,1350,700,93.24456789998081,14.379526817858546,circular
960,1100,700,280.3549212742923,-85,-85,-85,-85,1350,700,107.62409471783936,14.379526817858546,circular
961,1100,700,280.3549212742923,-85,-85,-85,-85,1350,700,122.0036215356979,14.379526817858546,circular
962,1100,700,280.3549212742923,-85,-85,-85,-85,1350,700,136.38314835355644,14.379526817858546,circular
963,1100,700,280.3549212742923,11.505794098357505,17.513155499392102,-85,-85,1350,700,150.76267517141497,14.379526817858546,circular
964,1100,700,280.3549212742923,23.06730250275713,23.769789312347285,-85,-85,1350,700,165.1422019892735,14.379526817858546,circular
965,1100,700,280.3549212742923,25.36180729449956,25.684904084789974,-85,-85,1350,700,179.52172880713204,14.379526817858546,circular
966,1100,700,280.3549212742923,26.074956048612798,26.074956048612798,-85,-85,1350,700,193.90125562499057,14.379526817858546,circular
967,1100,700,280.3549212742923,25.684904084789977,25.452908776355446,-85,-85,1350,700,208.2807824428491,14.379526817858546,circular
968,1100,700,280.3549212742923,23.97102224645776,23.067302502757133,-85,-85,1350,700,222.66030926070763,14.379526817858546,circular
969,1100,700,280.3549212742923,17.51315549939211,11.50579409835762,-85,-85,1350,700,237.03983607856617,14.379526817858546,circular
970,1100,700,280.3549212742923,-85,-85,-85,-85,1350,700,251.4193628964247,14.379526817858546,circular
971,1100,700,280.3549212742923,-85,-85,-85,-85,1350,700,265.79888971428323,14.379526817858546,circular
972,1100,700,280.3549212742923,-85,-85,-85,-85,1350,700,280.1784165321418,14.379526817858546,circular
973,1100,700,280.3549212742923,-85,-85,-85,-85,1350,700,294.55794335000036,14.379526817858546,circular
974,1100,700,280.3549212742923,-85,-85,-85,-85,1350,700,308.9374701678589,14.379526817858546,circular
975,1100,700,280.3549212742923,-85,-85,-85,-85,1350,700,323.3169969857175,14.379526817858546,circular
976,1100,700,280.3549212742923,-85,-85,-85,-85,1350,700,337.69652380357604,14.379526817858546,circular
977,1100,700,280.3549212742923,-85,-85,-85,-85,1350,700,352.0760506214346,14.379526817858546,circular
978,1100,700,280.3549212742923,-85,-85,-85,-85,1350,700,6.455577439293165,14.379526817858546,circular
979,1100,700,280.3549212742923,-85,-85,-85,-85,1350,700,20.835104257151713,14.379526817858546,circular
980,1100,700,280.3549212742923,-85,-85,-85,-85,1350,700,35.21463107501026,14.379526817858546,circular
981,1100,700,280.3549212742923,-85,-85,-85,-85,1350,700,49.59415789286881,14.379526817858546,circular
982,1100,700,280.3549212742923,-85,-85,-85,-85,1350,700,63.973684710727355,14.379526817858546,circular
983,1100,700,280.3549212742923,-85,-85,-85,-85,1350,700,78.3532115285859,14.379526817858546,circular
984,1100,700,280.3549212742923,-85,-85,-85,-85,1350,700,92.73273834644445,14.379526817858546,circular
985,1100,700,280.3549212742923,-85,-85,-85,-85,1350,700,107.112265164303,14.379526817858546,circular
986,1100,700,280.3549212742923,-85,-85,-85,-85,1350,700,121.49179198216154,14.379526817858546,circular
987,1100,700,280.3549212742923,-85,-85,-85,-85,1350,700,135.87131880002008,14.379526817858546,circular
988,1100,700,280.3549212742923,-85,16.269948115724727,-85,-85,1350,700,150.2508456178786,14.379526817858546,circular
989,1100,700,280.3549212742923,22.793695368992218,23.769789312347285,-85,-85,1350,700,164.63037243573714,14.379526817858546,circular
990,1100,700,280.3549212742923,25.36180729449956,25.614204328866276,-85,-85,1350,700,179.00989925359568,14.379526817858546,circular
991,1100,700,280.3549212742923,26.067010357935978,26.077602459396946,-85,-85,1350,700,193.3894260714542,14.379526817858546,circular
992,1100,700,280.3549212742923,25.684904084789977,25.452908776355446,-85,-85,1350,700,207.76895288931274,14.379526817858546,circular
993,1100,700,280.3549212742923,23.97102224645776,23.319699537123853,-85,-85,1350,700,222.14847970717128,14.379526817858546,circular
994,1100,700,280.3549212742923,18.474304759512954,11.50579409835762,-85,-85,1350,700,236.5280065250298,14.379526817858546,circular
995,1100,700,280.3549212742923,-85,-85,-85,-85,1350,700,250.90753334288834,14.379526817858546,circular
996,1100,700,280.3549212742923,-85,-85,-85,-85,1350,700,265.2870601607469,14.379526817858546,circular
997,1100,700,280.3549212742923,-85,-85,-85,-85,1350,700,279.66658697860544,14.379526817858546,circular
998,1100,700,280.3549212742923,-85,-85,-85,-85,1350,700,294.046113796464,14.379526817858546,circular
999,1100,700,280.3549212742923,-85,-85,-85,-85,1350,700,308.42564061432256,14.379526817858546,circular
