Tick,Aircraft X,Aircraft Y,Aircraft Heading,A1,A2,A3,A4,Radar X,Radar Y,Radar Azimuth,Radar RPM,Radar Scan Pattern
0,1100,700,46.99999624848309,-85,-85,-85,-85,1350,700,10.38498218840266,16.775768701587666,circular
1,1100,700,46.99999624848309,-85,-85,-85,-85,1350,700,27.160750889990325,16.775768701587666,circular
2,1100,700,46.99999624848309,-85,-85,-85,-85,1350,700,43.93651959157799,16.775768701587666,circular
3,1100,700,46.99999624848309,-85,-85,-85,-85,1350,700,60.712288293165656,16.775768701587666,circular
4,1100,700,46.99999624848309,-85,-85,-85,-85,1350,700,77.48805699475332,16.775768701587666,circular
5,1100,700,46.99999624848309,-85,-85,-85,-85,1350,700,94.26382569634099,16.775768701587666,circular
6,1100,700,46.99999624848309,-85,-85,-85,-85,1350,700,111.03959439792865,16.775768701587666,circular
7,1100,700,46.99999624848309,-85,-85,-85,-85,1350,700,127.81536309951632,16.775768701587666,circular
8,1100,700,46.99999624848309,-85,-85,-85,-85,1350,700,144.59113180110398,16.775768701587666,circular
9,1100,700,46.99999624848309,-85,-85,-85,21.41811930585211,1350,700,161.36690050269164,16.775768701587666,circular
10,1100,700,46.99999624848309,-85,-85,-85,25.157178905256924,1350,700,178.1426692042793,16.775768701587666,circular
11,1100,700,46.99999624848309,-85,-85,-85,26.074956048612798,1350,700,194.91843790586694,16.775768701587666,circular
12,1100,700,46.99999624848309,-85,-85,-85,25.452908776355446,1350,700,211.6942066074546,16.775768701587666,circular
13,1100,700,46.99999624848309,-85,-85,-85,22.793695368992225,1350,700,228.46997530904224,16.775768701587666,circular
14,1100,700,46.99999624848309,-85,-85,-85,-85,1350,700,245.2457440106299,16.775768701587666,circular
15,1100,700,46.99999624848309,-85,-85,-85,-85,1350,700,262.02151271221754,16.775768701587666,circular
16,1100,700,46.99999624848309,-85,-85,-85,-85,1350,700,278.7972814138052,16.775768701587666,circular
17,1100,700,46.99999624848309,-85,-85,-85,-85,1350,700,295.57305011539285,16.775768701587666,circular
18,1100,700,46.99999624848309,-85,-85,-85,-85,1350,700,312.3488188169805,16.775768701587666,circular
19,1100,700,46.99999624848309,-85,-85,-85,-85,1350,700,329.12458751856815,16.775768701587666,circular
20,1100,700,46.99999624848309,-85,-85,-85,-85,1350,700,345.9003562201558,16.775768701587666,circular
21,1100,700,46.99999624848309,-85,-85,-85,-85,1350,700,2.676124921743451,16.775768701587666,circular
22,1100,700,46.99999624848309,-85,-85,-85,-85,1350,700,19.451893623331117,16.775768701587666,circular
23,1100,700,46.99999624848309,-85,-85,-85,-85,1350,700,36.22766232491878,16.775768701587666,circular
24,1100,700,46.99999624848309,-85,-85,-85,-85,1350,700,53.00343102650645,16.775768701587666,circular
25,1100,700,46.99999624848309,-85,-85,-85,-85,1350,700,69.77919972809411,16.775768701587666,circular
26,1100,700,46.99999624848309,-85,-85,-85,-85,1350,700,86.55496842968178,16.775768701587666,circular
27,1100,700,46.99999624848309,-85,-85,-85,-85,1350,700,103.33073713126944,16.775768701587666,circular
28,1100,700,46.99999624848309,-85,-85,-85,-85,1350,700,120.10650583285711,16.775768701587666,circular
29,1100,700,46.99999624848309,-85,-85,-85,-85,1350,700,136.88227453444478,16.775768701587666,circular
30,1100,700,46.99999624848309,-85,-85,-85,14.513447644213304,1350,700,153.65804323603243,16.775768701587666,circular
31,1100,700,46.99999624848309,-85,-85,-85,23.971022246457757,1350,700,170.43381193762008,16.775768701587666,circular
32,1100,700,46.99999624848309,-85,-85,-85,25.859665714847075,1350,700,187.20958063920773,16.775768701587666,circular
33,1100,700,46.99999624848309,-85,-85,-85,25.946643644493044,1350,700,203.98534934079538,16.775768701587666,circular
34,1100,700,46.99999624848309,-85,-85,-85,24.332711411139446,1350,700,220.76111804238303,16.775768701587666,circular
35,1100,700,46.99999624848309,-85,-85,-85,18.474304759512954,1350,700,237.53688674397068,16.775768701587666,circular
36,1100,700,46.99999624848309,-85,-85,-85,-85,1350,700,254.31265544555833,16.775768701587666,circular
37,1100,700,46.99999624848309,-85,-85,-85,-85,1350,700,271.088424147146,16.775768701587666,circular
38,1100,700,46.99999624848309,-85,-85,-85,-85,1350,700,287.86419284873364,16.775768701587666,circular
39,1100,700,46.99999624848309,-85,-85,-85,-85,1350,700,304.6399615503213,16.775768701587666,circular
40,1100,700,46.99999624848309,-85,-85,-85,-85,1350,700,321.41573025190894,16.775768701587666,circular
41,1100,700,46.99999624848309,-85,-85,-85,-85,1350,700,338.1914989534966,16.775768701587666,circular
42,1100,700,46.99999624848309,-85,-85,-85,-85,1350,700,354.96726765508424,16.775768701587666,circular
43,1100,700,46.99999624848309,-85,-85,-85,-85,1350,700,11.743036356671894,16.775768701587666,circular
44,1100,700,46.99999624848309,-85,-85,-85,-85,1350,700,28.51880505825956,16.775768701587666,circular
45,1100,700,46.99999624848309,-85,-85,-85,-85,1350,700,45.294573759847225,16.775768701587666,circular
46,1100,700,46.99999624848309,-85,-85,-85,-85,1350,700,62.07034246143489,16.775768701587666,circular
47,1100,700,46.99999624848309,-85,-85,-85,-85,1350,700,78.84611116302256,16.775768701587666,circular
48,1100,700,46.99999624848309,-85,-85,-85,-85,1350,700,95.62187986461022,16.775768701587666,circular
49,1100,700,46.99999624848309,-85,-85,-85,-85,1350,700,112.39764856619789,16.775768701587666,circular
50,1100,700,46.99999624848309,-85,-85,-85,-85,1350,700,129.17341726778557,16.775768701587666,circular
51,1100,700,46.99999624848309,-85,-85,-85,-85,1350,700,145.94918596937322,16.775768701587666,circular
52,1100,700,46.99999624848309,-85,-85,-85,22.170735458799452,1350,700,162.72495467096087,16.775768701587666,circular
53,1100,700,46.99999624848309,-85,-85,-85,25.26334459461691,1350,700,179.50072337254852,16.775768701587666,circular
54,1100,700,46.99999624848309,-85,-85,-85,26.077602459396946,1350,700,196.27649207413617,16.775768701587666,circular
55,1100,700,46.99999624848309,-85,-85,-85,25.361807294499556,1350,700,213.05226077572382,16.775768701587666,circular
56,1100,700,46.99999624848309,-85,-85,-85,22.170735458799452,1350,700,229.82802947731147,16.775768701587666,circular
57,1100,700,46.99999624848309,-85,-85,-85,-85,1350,700,246.60379817889913,16.775768701587666,circular
58,1100,700,46.99999624848309,-85,-85,-85,-85,1350,700,263.3795668804868,16.775768701587666,circular
59,1100,700,46.99999624848309,-85,-85,-85,-85,1350,700,280.15533558207443,16.775768701587666,circular
60,1100,700,46.99999624848309,-85,-85,-85,-85,1350,700,296.9311042836621,16.775768701587666,circular
61,1100,700,46.99999624848309,-85,-85,-85,-85,1350,700,313.70687298524973,16.775768701587666,circular
62,1100,700,46.99999624848309,-85,-85,-85,-85,1350,700,330.4826416868374,16.775768701587666,circular
63,1100,700,46.99999624848309,-85,-85,-85,-85,1350,700,347.25841038842503,16.775768701587666,circular
64,1100,700,46.99999624848309,-85,-85,-85,-85,1350,700,4.034179090012685,16.775768701587666,circular
65,1100,700,46.99999624848309,-85,-85,-85,-85,1350,700,20.80994779160035,16.775768701587666,circular
66,1100,700,46.99999624848309,-85,-85,-85,-85,1350,700,37.585716493188016,16.775768701587666,circular
67,1100,700,46.99999624848309,-85,-85,-85,-85,1350,700,54.36148519477568,16.775768701587666,circular
68,1100,700,46.99999624848309,-85,-85,-85,-85,1350,700,71.13725389636335,16.775768701587666,circular
69,1100,700,46.99999624848309,-85,-85,-85,-85,1350,700,87.91302259795101,16.775768701587666,circular
70,1100,700,46.99999624848309,-85,-85,-85,-85,1350,700,104.68879129953868,16.775768701587666,circular
71,1100,700,46.99999624848309,-85,-85,-85,-85,1350,700,121.46456000112634,16.775768701587666,circular
72,1100,700,46.99999624848309,-85,-85,-85,-85,1350,700,138.240328702714,16.775768701587666,circular
73,1100,700,46.99999624848309,-85,-85,-85,17.513155499392102,1350,700,155.01609740430166,16.775768701587666,circular
74,1100,700,46.99999624848309,-85,-85,-85,24.33271141113945,1350,700,171.7918661058893,16.775768701587666,circular
75,1100,700,46.99999624848309,-85,-85,-85,25.906018829630398,1350,700,188.56763480747696,16.775768701587666,circular
76,1100,700,46.99999624848309,-85,-85,-85,25.906018829630398,1350,700,205.34340350906461,16.775768701587666,circular
77,1100,700,46.99999624848309,-85,-85,-85,24.1582774269213,1350,700,222.11917221065227,16.775768701587666,circular
78,1100,700,46.99999624848309,-85,-85,-85,16.269948115724716,1350,700,238.89494091223992,16.775768701587666,circular
79,1100,700,46.99999624848309,-85,-85,-85,-85,1350,700,255.67070961382757,16.775768701587666,circular
80,1100,700,46.99999624848309,-85,-85,-85,-85,1350,700,272.4464783154152,16.775768701587666,circular
81,1100,700,46.99999624848309,-85,-85,-85,-85,1350,700,289.22224701700287,16.775768701587666,circular
82,1100,700,46.99999624848309,-85,-85,-85,-85,1350,700,305.9980157185905,16.775768701587666,circular
83,1100,700,46.99999624848309,-85,-85,-85,-85,1350,700,322.7737844201782,16.775768701587666,circular
84,1100,700,46.99999624848309,-85,-85,-85,-85,1350,700,339.5495531217658,16.775768701587666,circular
85,1100,700,46.99999624848309,-85,-85,-85,-85,1350,700,356.3253218233535,16.775768701587666,circular
86,1100,700,46.99999624848309,-85,-85,-85,-85,1350,700,13.101090524941128,16.775768701587666,circular
87,1100,700,46.99999624848309,-85,-85,-85,-85,1350,700,29.876859226528794,16.775768701587666,circular
88,1100,700,46.99999624848309,-85,-85,-85,-85,1350,700,46.65262792811646,16.775768701587666,circular
89,1100,700,46.99999624848309,-85,-85,-85,-85,1350,700,63.428396629704125,16.775768701587666,circular
90,1100,700,46.99999624848309,-85,-85,-85,-85,1350,700,80.20416533129179,16.775768701587666,circular
91,1100,700,46.99999624848309,-85,-85,-85,-85,1350,700,96.97993403287946,16.775768701587666,circular
92,1100,700,46.99999624848309,-85,-85,-85,-85,1350,700,113.75570273446712,16.775768701587666,circular
93,1100,700,46.99999624848309,-85,-85,-85,-85,1350,700,130.5314714360548,16.775768701587666,circular
94,1100,700,46.99999624848309,-85,-85,-85,-85,1350,700,147.30724013764245,16.775768701587666,circular
95,1100,700,46.99999624848309,-85,-85,-85,22.496022074683278,1350,700,164.0830088392301,16.775768701587666,circular
96,1100,700,46.99999624848309,-85,-85,-85,25.452908776355446,1350,700,180.85877754081775,16.775768701587666,circular
97,1100,700,46.99999624848309,-85,-85,-85,26.077602459396946,1350,700,197.6345462424054,16.775768701587666,circular
98,1100,700,46.99999624848309,-85,-85,-85,25.263344594616918,1350,700,214.41031494399306,16.775768701587666,circular
99,1100,700,46.99999624848309,-85,-85,-85,21.81335663023087,1350,700,231.1860836455807,16.775768701587666,circular
100,1100,700,46.99999624848309,-85,-85,-85,-85,1350,700,247.96185234716836,16.775768701587666,circular
101,1100,700,46.99999624848309,-85,-85,-85,-85,1350,700,264.737621048756,16.775768701587666,circular
102,1100,700,46.99999624848309,-85,-85,-85,-85,1350,700,281.51338975034366,16.775768701587666,circular
103,1100,700,46.99999624848309,-85,-85,-85,-85,1350,700,298.2891584519313,16.775768701587666,circular
104,1100,700,46.99999624848309,-85,-85,-85,-85,1350,700,315.06492715351897,16.775768701587666,circular
105,1100,700,46.99999624848309,-85,-85,-85,-85,1350,700,331.8406958551066,16.775768701587666,circular
106,1100,700,46.99999624848309,-85,-85,-85,-85,1350,700,348.61646455669427,16.775768701587666,circular
107,1100,700,46.99999624848309,-85,-85,-85,-85,1350,700,5.3922332582819195,16.775768701587666,circular
108,1100,700,46.99999624848309,-85,-85,-85,-85,1350,700,22.168001959869585,16.775768701587666,circular
109,1100,700,46.99999624848309,-85,-85,-85,-85,1350,700,38.94377066145725,16.775768701587666,circular
110,1100,700,46.99999624848309,-85,-85,-85,-85,1350,700,55.719539363044916,16.775768701587666,circular
111,1100,700,46.99999624848309,-85,-85,-85,-85,1350,700,72.49530806463258,16.775768701587666,circular
112,1100,700,46.99999624848309,-85,-85,-85,-85,1350,700,89.27107676622025,16.775768701587666,circular
113,1100,700,46.99999624848309,-85,-85,-85,-85,1350,700,106.04684546780791,16.775768701587666,circular
114,1100,700,46.99999624848309,-85,-85,-85,-85,1350,700,122.82261416939558,16.775768701587666,circular
115,1100,700,46.99999624848309,-85,-85,-85,-85,1350,700,139.59838287098324,16.775768701587666,circular
116,1100,700,46.99999624848309,-85,-85,-85,18.47430475951294,1350,700,156.3741515725709,16.775768701587666,circular
117,1100,700,46.99999624848309,-85,-85,-85,24.495315191602927,1350,700,173.14992027415855,16.775768701587666,circular
118,1100,700,46.99999624848309,-85,-85,-85,25.9816463993744,1350,700,189.9256889757462,16.775768701587666,circular
119,1100,700,46.99999624848309,-85,-85,-85,25.807460623826316,1350,700,206.70145767733385,16.775768701587666,circular
120,1100,700,46.99999624848309,-85,-85,-85,23.97102224645776,1350,700,223.4772263789215,16.775768701587666,circular
121,1100,700,46.99999624848309,-85,-85,-85,14.513447644213265,1350,700,240.25299508050915,16.775768701587666,circular
122,1100,700,46.99999624848309,-85,-85,-85,-85,1350,700,257.0287637820968,16.775768701587666,circular
123,1100,700,46.99999624848309,-85,-85,-85,-85,1350,700,273.80453248368445,16.775768701587666,circular
124,1100,700,46.99999624848309,-85,-85,-85,-85,1350,700,290.5803011852721,16.775768701587666,circular
125,1100,700,46.99999624848309,-85,-85,-85,-85,1350,700,307.35606988685976,16.775768701587666,circular
126,1100,700,46.99999624848309,-85,-85,-85,-85,1350,700,324.1318385884474,16.775768701587666,circular
127,1100,700,46.99999624848309,-85,-85,-85,-85,1350,700,340.90760729003506,16.775768701587666,circular
128,1100,700,46.99999624848309,-85,-85,-85,-85,1350,700,357.6833759916227,16.775768701587666,circular
129,1100,700,46.99999624848309,-85,-85,-85,-85,1350,700,14.459144693210362,16.775768701587666,circular
130,1100,700,46.99999624848309,-85,-85,-85,-85,1350,700,31.234913394798028,16.775768701587666,circular
131,1100,700,46.99999624848309,-85,-85,-85,-85,1350,700,48.01068209638569,16.775768701587666,circular
132,1100,700,46.99999624848309,-85,-85,-85,-85,1350,700,64.78645079797336,16.775768701587666,circular
133,1100,700,46.99999624848309,-85,-85,-85,-85,1350,700,81.56221949956102,16.775768701587666,circular
134,1100,700,46.99999624848309,-85,-85,-85,-85,1350,700,98.33798820114869,16.775768701587666,circular
135,1100,700,46.99999624848309,-85,-85,-85,-85,1350,700,115.11375690273636,16.775768701587666,circular
136,1100,700,46.99999624848309,-85,-85,-85,-85,1350,700,131.88952560432404,16.775768701587666,circular
137,1100,700,46.99999624848309,-85,-85,-85,-85,1350,700,148.6652943059117,16.775768701587666,circular
138,1100,700,46.99999624848309,-85,-85,-85,22.793695368992218,1350,700,165.44106300749934,16.775768701587666,circular
139,1100,700,46.99999624848309,-85,-85,-85,25.536951728381826,1350,700,182.216831709087,16.775768701587666,circular
140,1100,700,46.99999624848309,-85,-85,-85,26.067010357935978,1350,700,198.99260041067464,16.775768701587666,circular
141,1100,700,46.99999624848309,-85,-85,-85,25.042923900792417,1350,700,215.7683691122623,16.775768701587666,circular
142,1100,700,46.99999624848309,-85,-85,-85,21.418119305852123,1350,700,232.54413781384994,16.775768701587666,circular
143,1100,700,46.99999624848309,-85,-85,-85,-85,1350,700,249.3199065154376,16.775768701587666,circular
144,1100,700,46.99999624848309,-85,-85,-85,-85,1350,700,266.09567521702525,16.775768701587666,circular
145,1100,700,46.99999624848309,-85,-85,-85,-85,1350,700,282.8714439186129,16.775768701587666,circular
146,1100,700,46.99999624848309,-85,-85,-85,-85,1350,700,299.64721262020055,16.775768701587666,circular
147,1100,700,46.99999624848309,-85,-85,-85,-85,1350,700,316.4229813217882,16.775768701587666,circular
148,1100,700,46.99999624848309,-85,-85,-85,-85,1350,700,333.19875002337585,16.775768701587666,circular
149,1100,700,46.99999624848309,-85,-85,-85,-85,1350,700,349.9745187249635,16.775768701587666,circular
150,1100,700,46.99999624848309,-85,-85,-85,-85,1350,700,6.750287426551154,16.775768701587666,circular
151,1100,700,46.99999624848309,-85,-85,-85,-85,1350,700,23.52605612813882,16.775768701587666,circular
152,1100,700,46.99999624848309,-85,-85,-85,-85,1350,700,40.301824829726485,16.775768701587666,circular
153,1100,700,46.99999624848309,-85,-85,-85,-85,1350,700,57.07759353131415,16.775768701587666,circular
154,1100,700,46.99999624848309,-85,-85,-85,-85,1350,700,73.85336223290182,16.775768701587666,circular
155,1100,700,46.99999624848309,-85,-85,-85,-85,1350,700,90.62913093448948,16.775768701587666,circular
156,1100,700,46.99999624848309,-85,-85,-85,-85,1350,700,107.40489963607715,16.775768701587666,circular
157,1100,700,46.99999624848309,-85,-85,-85,-85,1350,700,124.18066833766481,16.775768701587666,circular
158,1100,700,46.99999624848309,-85,-85,-85,-85,1350,700,140.95643703925248,16.775768701587666,circular
159,1100,700,46.99999624848309,-85,-85,-85,19.91435422725632,1350,700,157.73220574084013,16.775768701587666,circular
160,1100,700,46.99999624848309,-85,-85,-85,24.646943359767004,1350,700,174.50797444242778,16.775768701587666,circular
161,1100,700,46.99999624848309,-85,-85,-85,26.011117049096303,1350,700,191.28374314401543,16.775768701587666,circular
162,1100,700,46.99999624848309,-85,-85,-85,25.7492610641292,1350,700,208.05951184560308,16.775768701587666,circular
163,1100,700,46.99999624848309,-85,-85,-85,23.553218972269416,1350,700,224.83528054719073,16.775768701587666,circular
164,1100,700,46.99999624848309,-85,-85,-85,11.50579409835762,1350,700,241.6110492487784,16.775768701587666,circular
165,1100,700,46.99999624848309,-85,-85,-85,-85,1350,700,258.38681795036604,16.775768701587666,circular
166,1100,700,46.99999624848309,-85,-85,-85,-85,1350,700,275.1625866519537,16.775768701587666,circular
167,1100,700,46.99999624848309,-85,-85,-85,-85,1350,700,291.93835535354134,16.775768701587666,circular
168,1100,700,46.99999624848309,-85,-85,-85,-85,1350,700,308.714124055129,16.775768701587666,circular
169,1100,700,46.99999624848309,-85,-85,-85,-85,1350,700,325.48989275671664,16.775768701587666,circular
170,1100,700,46.99999624848309,-85,-85,-85,-85,1350,700,342.2656614583043,16.775768701587666,circular
171,1100,700,46.99999624848309,-85,-85,-85,-85,1350,700,359.04143015989195,16.775768701587666,circular
172,1100,700,46.99999624848309,-85,-85,-85,-85,1350,700,15.817198861479596,16.775768701587666,circular
173,1100,700,46.99999624848309,-85,-85,-85,-85,1350,700,32.59296756306726,16.775768701587666,circular
174,1100,700,46.99999624848309,-85,-85,-85,-85,1350,700,49.36873626465493,16.775768701587666,circular
175,1100,700,46.99999624848309,-85,-85,-85,-85,1350,700,66.1445049662426,16.775768701587666,circular
176,1100,700,46.99999624848309,-85,-85,-85,-85,1350,700,82.92027366783026,16.775768701587666,circular
177,1100,700,46.99999624848309,-85,-85,-85,-85,1350,700,99.69604236941792,16.775768701587666,circular
178,1100,700,46.99999624848309,-85,-85,-85,-85,1350,700,116.47181107100559,16.775768701587666,circular
179,1100,700,46.99999624848309,-85,-85,-85,-85,1350,700,133.24757977259327,16.775768701587666,circular
180,1100,700,46.99999624848309,-85,-85,-85,-85,1350,700,150.02334847418092,16.775768701587666,circular
181,1100,700,46.99999624848309,-85,-85,-85,23.31969953712386,1350,700,166.79911717576857,16.775768701587666,circular
182,1100,700,46.99999624848309,-85,-85,-85,25.614204328866276,1350,700,183.57488587735622,16.775768701587666,circular
183,1100,700,46.99999624848309,-85,-85,-85,26.053745949214605,1350,700,200.35065457894387,16.775768701587666,circular
184,1100,700,46.99999624848309,-85,-85,-85,24.92014212493214,1350,700,217.12642328053153,16.775768701587666,circular
185,1100,700,46.99999624848309,-85,-85,-85,20.48098321025059,1350,700,233.90219198211918,16.775768701587666,circular
186,1100,700,46.99999624848309,-85,-85,-85,-85,1350,700,250.67796068370683,16.775768701587666,circular
187,1100,700,46.99999624848309,-85,-85,-85,-85,1350,700,267.4537293852945,16.775768701587666,circular
188,1100,700,46.99999624848309,-85,-85,-85,-85,1350,700,284.22949808688213,16.775768701587666,circular
189,1100,700,46.99999624848309,-85,-85,-85,-85,1350,700,301.0052667884698,16.775768701587666,circular
190,1100,700,46.99999624848309,-85,-85,-85,-85,1350,700,317.78103549005743,16.775768701587666,circular
191,1100,700,46.99999624848309,-85,-85,-85,-85,1350,700,334.5568041916451,16.775768701587666,circular
192,1100,700,46.99999624848309,-85,-85,-85,-85,1350,700,351.33257289323274,16.775768701587666,circular
193,1100,700,46.99999624848309,-85,-85,-85,-85,1350,700,8.108341594820388,16.775768701587666,circular
194,1100,700,46.99999624848309,-85,-85,-85,-85,1350,700,24.884110296408053,16.775768701587666,circular
195,1100,700,46.99999624848309,-85,-85,-85,-85,1350,700,41.65987899799572,16.775768701587666,circular
196,1100,700,46.99999624848309,-85,-85,-85,-85,1350,700,58.435647699583384,16.775768701587666,circular
197,1100,700,46.99999624848309,-85,-85,-85,-85,1350,700,75.21141640117105,16.775768701587666,circular
198,1100,700,46.99999624848309,-85,-85,-85,-85,1350,700,91.98718510275872,16.775768701587666,circular
199,1100,700,46.99999624848309,-85,-85,-85,-85,1350,700,108.76295380434638,16.775768701587666,circular
200,1100,700,46.99999624848309,-85,-85,-85,-85,1350,700,125.53872250593405,16.775768701587666,circular
201,1100,700,46.99999624848309,-85,-85,-85,-85,1350,700,142.3144912075217,16.775768701587666,circular
202,1100,700,46.99999624848309,-85,-85,-85,20.48098321025059,1350,700,159.09025990910936,16.775768701587666,circular
203,1100,700,46.99999624848309,-85,-85,-85,24.92014212493214,1350,700,175.86602861069701,16.775768701587666,circular
204,1100,700,46.99999624848309,-85,-85,-85,26.035130213615616,1350,700,192.64179731228467,16.775768701587666,circular
205,1100,700,46.99999624848309,-85,-85,-85,25.684904084789977,1350,700,209.41756601387232,16.775768701587666,circular
206,1100,700,46.99999624848309,-85,-85,-85,23.319699537123853,1350,700,226.19333471545997,16.775768701587666,circular
207,1100,700,46.99999624848309,-85,-85,-85,-85,1350,700,242.96910341704762,16.775768701587666,circular
208,1100,700,46.99999624848309,-85,-85,-85,-85,1350,700,259.74487211863527,16.775768701587666,circular
209,1100,700,46.99999624848309,-85,-85,-85,-85,1350,700,276.5206408202229,16.775768701587666,circular
210,1100,700,46.99999624848309,-85,-85,-85,-85,1350,700,293.2964095218106,16.775768701587666,circular
211,1100,700,46.99999624848309,-85,-85,-85,-85,1350,700,310.0721782233982,16.775768701587666,circular
212,1100,700,46.99999624848309,-85,-85,-85,-85,1350,700,326.8479469249859,16.775768701587666,circular
213,1100,700,46.99999624848309,-85,-85,-85,-85,1350,700,343.6237156265735,16.775768701587666,circular
214,1100,700,46.99999624848309,-85,-85,-85,-85,1350,700,0.3994843281611793,16.775768701587666,circular
215,1100,700,46.99999624848309,-85,-85,-85,-85,1350,700,17.175253029748845,16.775768701587666,circular
216,1100,700,46.99999624848309,-85,-85,-85,-85,1350,700,33.95102173133651,16.775768701587666,circular
217,1100,700,46.99999624848309,-85,-85,-85,-85,1350,700,50.726790432924176,16.775768701587666,circular
218,1100,700,46.99999624848309,-85,-85,-85,-85,1350,700,67.50255913451184,16.775768701587666,circular
219,1100,700,46.99999624848309,-85,-85,-85,-85,1350,700,84.2783278360995,16.775768701587666,circular
220,1100,700,46.99999624848309,-85,-85,-85,-85,1350,700,101.05409653768717,16.775768701587666,circular
221,1100,700,46.99999624848309,-85,-85,-85,-85,1350,700,117.82986523927484,16.775768701587666,circular
222,1100,700,46.99999624848309,-85,-85,-85,-85,1350,700,134.6056339408625,16.775768701587666,circular
223,1100,700,46.99999624848309,-85,-85,-85,-85,1350,700,151.38140264245015,16.775768701587666,circular
224,1100,700,46.99999624848309,-85,-85,-85,23.553218972269416,1350,700,168.1571713440378,16.775768701587666,circular
225,1100,700,46.99999624848309,-85,-85,-85,25.7492610641292,1350,700,184.93294004562546,16.775768701587666,circular
226,1100,700,46.99999624848309,-85,-85,-85,26.011117049096303,1350,700,201.7087087472131,16.775768701587666,circular
227,1100,700,46.99999624848309,-85,-85,-85,24.788337040832293,1350,700,218.48447744880076,16.775768701587666,circular
228,1100,700,46.99999624848309,-85,-85,-85,19.914354227256315,1350,700,235.2602461503884,16.775768701587666,circular
229,1100,700,46.99999624848309,-85,-85,-85,-85,1350,700,252.03601485197606,16.775768701587666,circular
230,1100,700,46.99999624848309,-85,-85,-85,-85,1350,700,268.8117835535637,16.775768701587666,circular
231,1100,700,46.99999624848309,-85,-85,-85,-85,1350,700,285.58755225515137,16.775768701587666,circular
232,1100,700,46.99999624848309,-85,-85,-85,-85,1350,700,302.363320956739,16.775768701587666,circular
233,1100,700,46.99999624848309,-85,-85,-85,-85,1350,700,319.13908965832667,16.775768701587666,circular
234,1100,700,46.99999624848309,-85,-85,-85,-85,1350,700,335.9148583599143,16.775768701587666,circular
235,1100,700,46.99999624848309,-85,-85,-85,-85,1350,700,352.69062706150197,16.775768701587666,circular
236,1100,700,46.99999624848309,-85,-85,-85,-85,1350,700,9.466395763089622,16.775768701587666,circular
237,1100,700,46.99999624848309,-85,-85,-85,-85,1350,700,26.242164464677288,16.775768701587666,circular
238,1100,700,46.99999624848309,-85,-85,-85,-85,1350,700,43.01793316626495,16.775768701587666,circular
239,1100,700,46.99999624848309,-85,-85,-85,-85,1350,700,59.79370186785262,16.775768701587666,circular
240,1100,700,46.99999624848309,-85,-85,-85,-85,1350,700,76.56947056944028,16.775768701587666,circular
241,1100,700,46.99999624848309,-85,-85,-85,-85,1350,700,93.34523927102795,16.775768701587666,circular
242,1100,700,46.99999624848309,-85,-85,-85,-85,1350,700,110.12100797261562,16.775768701587666,circular
243,1100,700,46.99999624848309,-85,-85,-85,-85,1350,700,126.89677667420328,16.775768701587666,circular
244,1100,700,46.99999624848309,-85,-85,-85,-85,1350,700,143.67254537579095,16.775768701587666,circular
245,1100,700,46.99999624848309,-85,-85,-85,20.97742610025734,1350,700,160.4483140773786,16.775768701587666,circular
246,1100,700,46.99999624848309,-85,-85,-85,25.042923900792417,1350,700,177.22408277896625,16.775768701587666,circular
247,1100,700,46.99999624848309,-85,-85,-85,26.067010357935978,1350,700,193.9998514805539,16.775768701587666,circular
248,1100,700,46.99999624848309,-85,-85,-85,25.536951728381826,1350,700,210.77562018214155,16.775768701587666,circular
249,1100,700,46.99999624848309,-85,-85,-85,23.067302502757133,1350,700,227.5513888837292,16.775768701587666,circular
250,1100,700,46.99999624848309,-85,-85,-85,-85,1350,700,244.32715758531685,16.775768701587666,circular
251,1100,700,46.99999624848309,-85,-85,-85,-85,1350,700,261.1029262869045,16.775768701587666,circular
252,1100,700,46.99999624848309,-85,-85,-85,-85,1350,700,277.87869498849216,16.775768701587666,circular
253,1100,700,46.99999624848309,-85,-85,-85,-85,1350,700,294.6544636900798,16.775768701587666,circular
254,1100,700,46.99999624848309,-85,-85,-85,-85,1350,700,311.43023239166746,16.775768701587666,circular
255,1100,700,46.99999624848309,-85,-85,-85,-85,1350,700,328.2060010932551,16.775768701587666,circular
256,1100,700,46.99999624848309,-85,-85,-85,-85,1350,700,344.98176979484276,16.775768701587666,circular
257,1100,700,46.99999624848309,-85,-85,-85,-85,1350,700,1.7575384964304135,16.775768701587666,circular
258,1100,700,46.99999624848309,-85,-85,-85,-85,1350,700,18.53330719801808,16.775768701587666,circular
259,1100,700,46.99999624848309,-85,-85,-85,-85,1350,700,35.309075899605745,16.775768701587666,circular
260,1100,700,46.99999624848309,-85,-85,-85,-85,1350,700,52.08484460119341,16.775768701587666,circular
261,1100,700,46.99999624848309,-85,-85,-85,-85,1350,700,68.86061330278108,16.775768701587666,circular
262,1100,700,46.99999624848309,-85,-85,-85,-85,1350,700,85.63638200436874,16.775768701587666,circular
263,1100,700,46.99999624848309,-85,-85,-85,-85,1350,700,102.4121507059564,16.775768701587666,circular
264,1100,700,46.99999624848309,-85,-85,-85,-85,1350,700,119.18791940754407,16.775768701587666,circular
265,1100,700,46.99999624848309,-85,-85,-85,-85,1350,700,135.96368810913174,16.775768701587666,circular
266,1100,700,46.99999624848309,-85,-85,-85,14.513447644213304,1350,700,152.7394568107194,16.775768701587666,circular
267,1100,700,46.99999624848309,-85,-85,-85,23.769789312347285,1350,700,169.51522551230704,16.775768701587666,circular
268,1100,700,46.99999624848309,-85,-85,-85,25.80746062382631,1350,700,186.2909942138947,16.775768701587666,circular
269,1100,700,46.99999624848309,-85,-85,-85,25.9816463993744,1350,700,203.06676291548234,16.775768701587666,circular
270,1100,700,46.99999624848309,-85,-85,-85,24.495315191602927,1350,700,219.84253161707,16.775768701587666,circular
271,1100,700,46.99999624848309,-85,-85,-85,19.25639156218219,1350,700,236.61830031865765,16.775768701587666,circular
272,1100,700,46.99999624848309,-85,-85,-85,-85,1350,700,253.3940690202453,16.775768701587666,circular
273,1100,700,46.99999624848309,-85,-85,-85,-85,1350,700,270.16983772183295,16.775768701587666,circular
274,1100,700,46.99999624848309,-85,-85,-85,-85,1350,700,286.9456064234206,16.775768701587666,circular
275,1100,700,46.99999624848309,-85,-85,-85,-85,1350,700,303.72137512500825,16.775768701587666,circular
276,1100,700,46.99999624848309,-85,-85,-85,-85,1350,700,320.4971438265959,16.775768701587666,circular
277,1100,700,46.99999624848309,-85,-85,-85,-85,1350,700,337.27291252818355,16.775768701587666,circular
278,1100,700,46.99999624848309,-85,-85,-85,-85,1350,700,354.0486812297712,16.775768701587666,circular
279,1100,700,46.99999624848309,-85,-85,-85,-85,1350,700,10.824449931358856,16.775768701587666,circular
280,1100,700,46.99999624848309,-85,-85,-85,-85,1350,700,27.600218632946522,16.775768701587666,circular
281,1100,700,46.99999624848309,-85,-85,-85,-85,1350,700,44.37598733453419,16.775768701587666,circular
282,1100,700,46.99999624848309,-85,-85,-85,-85,1350,700,61.15175603612185,16.775768701587666,circular
283,1100,700,46.99999624848309,-85,-85,-85,-85,1350,700,77.92752473770952,16.775768701587666,circular
284,1100,700,46.99999624848309,-85,-85,-85,-85,1350,700,94.70329343929718,16.775768701587666,circular
285,1100,700,46.99999624848309,-85,-85,-85,-85,1350,700,111.47906214088485,16.775768701587666,circular
286,1100,700,46.99999624848309,-85,-85,-85,-85,1350,700,128.25483084247253,16.775768701587666,circular
287,1100,700,46.99999624848309,-85,-85,-85,-85,1350,700,145.03059954406018,16.775768701587666,circular
288,1100,700,46.99999624848309,-85,-85,-85,21.813356630230874,1350,700,161.80636824564783,16.775768701587666,circular
289,1100,700,46.99999624848309,-85,-85,-85,25.157178905256924,1350,700,178.58213694723548,16.775768701587666,circular
290,1100,700,46.99999624848309,-85,-85,-85,26.074956048612798,1350,700,195.35790564882313,16.775768701587666,circular
291,1100,700,46.99999624848309,-85,-85,-85,25.452908776355446,1350,700,212.1336743504108,16.775768701587666,circular
292,1100,700,46.99999624848309,-85,-85,-85,22.496022074683278,1350,700,228.90944305199844,16.775768701587666,circular
293,1100,700,46.99999624848309,-85,-85,-85,-85,1350,700,245.6852117535861,16.775768701587666,circular
294,1100,700,46.99999624848309,-85,-85,-85,-85,1350,700,262.46098045517374,16.775768701587666,circular
295,1100,700,46.99999624848309,-85,-85,-85,-85,1350,700,279.2367491567614,16.775768701587666,circular
296,1100,700,46.99999624848309,-85,-85,-85,-85,1350,700,296.01251785834904,16.775768701587666,circular
297,1100,700,46.99999624848309,-85,-85,-85,-85,1350,700,312.7882865599367,16.775768701587666,circular
298,1100,700,46.99999624848309,-85,-85,-85,-85,1350,700,329.56405526152435,16.775768701587666,circular
299,1100,700,46.99999624848309,-85,-85,-85,-85,1350,700,346.339823963112,16.775768701587666,circular
300,1100,700,46.99999624848309,-85,-85,-85,-85,1350,700,3.1155926646996477,16.775768701587666,circular
301,1100,700,46.99999624848309,-85,-85,-85,-85,1350,700,19.891361366287313,16.775768701587666,circular
302,1100,700,46.99999624848309,-85,-85,-85,-85,1350,700,36.66713006787498,16.775768701587666,circular
303,1100,700,46.99999624848309,-85,-85,-85,-85,1350,700,53.442898769462644,16.775768701587666,circular
304,1100,700,46.99999624848309,-85,-85,-85,-85,1350,700,70.21866747105031,16.775768701587666,circular
305,1100,700,46.99999624848309,-85,-85,-85,-85,1350,700,86.99443617263798,16.775768701587666,circular
306,1100,700,46.99999624848309,-85,-85,-85,-85,1350,700,103.77020487422564,16.775768701587666,circular
307,1100,700,46.99999624848309,-85,-85,-85,-85,1350,700,120.5459735758133,16.775768701587666,circular
308,1100,700,46.99999624848309,-85,-85,-85,-85,1350,700,137.32174227740097,16.775768701587666,circular
309,1100,700,46.99999624848309,-85,-85,-85,16.269948115724727,1350,700,154.09751097898862,16.775768701587666,circular
310,1100,700,46.99999624848309,-85,-85,-85,24.1582774269213,1350,700,170.87327968057627,16.775768701587666,circular
311,1100,700,46.99999624848309,-85,-85,-85,25.859665714847075,1350,700,187.64904838216393,16.775768701587666,circular
312,1100,700,46.99999624848309,-85,-85,-85,25.946643644493044,1350,700,204.42481708375158,16.775768701587666,circular
313,1100,700,46.99999624848309,-85,-85,-85,24.332711411139446,1350,700,221.20058578533923,16.775768701587666,circular
314,1100,700,46.99999624848309,-85,-85,-85,17.51315549939211,1350,700,237.97635448692688,16.775768701587666,circular
315,1100,700,46.99999624848309,-85,-85,-85,-85,1350,700,254.75212318851453,16.775768701587666,circular
316,1100,700,46.99999624848309,-85,-85,-85,-85,1350,700,271.5278918901022,16.775768701587666,circular
317,1100,700,46.99999624848309,-85,-85,-85,-85,1350,700,288.30366059168983,16.775768701587666,circular
318,1100,700,46.99999624848309,-85,-85,-85,-85,1350,700,305.0794292932775,16.775768701587666,circular
319,1100,700,46.99999624848309,-85,-85,-85,-85,1350,700,321.85519799486514,16.775768701587666,circular
320,1100,700,46.99999624848309,-85,-85,-85,-85,1350,700,338.6309666964528,16.775768701587666,circular
321,1100,700,46.99999624848309,-85,-85,-85,-85,1350,700,355.40673539804044,16.775768701587666,circular
322,1100,700,46.99999624848309,-85,-85,-85,-85,1350,700,12.18250409962809,16.775768701587666,circular
323,1100,700,46.99999624848309,-85,-85,-85,-85,1350,700,28.958272801215756,16.775768701587666,circular
324,1100,700,46.99999624848309,-85,-85,-85,-85,1350,700,45.73404150280342,16.775768701587666,circular
325,1100,700,46.99999624848309,-85,-85,-85,-85,1350,700,62.50981020439109,16.775768701587666,circular
326,1100,700,46.99999624848309,-85,-85,-85,-85,1350,700,79.28557890597875,16.775768701587666,circular
327,1100,700,46.99999624848309,-85,-85,-85,-85,1350,700,96.06134760756642,16.775768701587666,circular
328,1100,700,46.99999624848309,-85,-85,-85,-85,1350,700,112.83711630915408,16.775768701587666,circular
329,1100,700,46.99999624848309,-85,-85,-85,-85,1350,700,129.61288501074176,16.775768701587666,circular
330,1100,700,46.99999624848309,-85,-85,-85,-85,1350,700,146.38865371232941,16.775768701587666,circular
331,1100,700,46.99999624848309,-85,-85,-85,22.170735458799452,1350,700,163.16442241391707,16.775768701587666,circular
332,1100,700,46.99999624848309,-85,-85,-85,25.36180729449956,1350,700,179.94019111550472,16.775768701587666,circular
333,1100,700,46.99999624848309,-85,-85,-85,26.077602459396946,1350,700,196.71595981709237,16.775768701587666,circular
334,1100,700,46.99999624848309,-85,-85,-85,25.361807294499556,1350,700,213.49172851868002,16.775768701587666,circular
335,1100,700,46.99999624848309,-85,-85,-85,22.170735458799452,1350,700,230.26749722026767,16.775768701587666,circular
336,1100,700,46.99999624848309,-85,-85,-85,-85,1350,700,247.04326592185532,16.775768701587666,circular
337,1100,700,46.99999624848309,-85,-85,-85,-85,1350,700,263.819034623443,16.775768701587666,circular
338,1100,700,46.99999624848309,-85,-85,-85,-85,1350,700,280.5948033250306,16.775768701587666,circular
339,1100,700,46.99999624848309,-85,-85,-85,-85,1350,700,297.3705720266183,16.775768701587666,circular
340,1100,700,46.99999624848309,-85,-85,-85,-85,1350,700,314.1463407282059,16.775768701587666,circular
341,1100,700,46.99999624848309,-85,-85,-85,-85,1350,700,330.9221094297936,16.775768701587666,circular
342,1100,700,46.99999624848309,-85,-85,-85,-85,1350,700,347.69787813138123,16.775768701587666,circular
343,1100,700,46.99999624848309,-85,-85,-85,-85,1350,700,4.473646832968882,16.775768701587666,circular
344,1100,700,46.99999624848309,-85,-85,-85,-85,1350,700,21.249415534556547,16.775768701587666,circular
345,1100,700,46.99999624848309,-85,-85,-85,-85,1350,700,38.02518423614421,16.775768701587666,circular
346,1100,700,46.99999624848309,-85,-85,-85,-85,1350,700,54.80095293773188,16.775768701587666,circular
347,1100,700,46.99999624848309,-85,-85,-85,-85,1350,700,71.57672163931954,16.775768701587666,circular
348,1100,700,46.99999624848309,-85,-85,-85,-85,1350,700,88.35249034090721,16.775768701587666,circular
349,1100,700,46.99999624848309,-85,-85,-85,-85,1350,700,105.12825904249488,16.775768701587666,circular
350,1100,700,46.99999624848309,-85,-85,-85,-85,1350,700,121.90402774408254,16.775768701587666,circular
351,1100,700,46.99999624848309,-85,-85,-85,-85,1350,700,138.6797964456702,16.775768701587666,circular
352,1100,700,46.99999624848309,-85,-85,-85,17.513155499392102,1350,700,155.45556514725786,16.775768701587666,circular
353,1100,700,46.99999624848309,-85,-85,-85,24.33271141113945,1350,700,172.2313338488455,16.775768701587666,circular
354,1100,700,46.99999624848309,-85,-85,-85,25.946643644493044,1350,700,189.00710255043316,16.775768701587666,circular
355,1100,700,46.99999624848309,-85,-85,-85,25.859665714847075,1350,700,205.7828712520208,16.775768701587666,circular
356,1100,700,46.99999624848309,-85,-85,-85,24.1582774269213,1350,700,222.55863995360846,16.775768701587666,circular
357,1100,700,46.99999624848309,-85,-85,-85,16.269948115724716,1350,700,239.3344086551961,16.775768701587666,circular
358,1100,700,46.99999624848309,-85,-85,-85,-85,1350,700,256.11017735678377,16.775768701587666,circular
359,1100,700,46.99999624848309,-85,-85,-85,-85,1350,700,272.8859460583714,16.775768701587666,circular
360,1100,700,46.99999624848309,-85,-85,-85,-85,1350,700,289.66171475995907,16.775768701587666,circular
361,1100,700,46.99999624848309,-85,-85,-85,-85,1350,700,306.4374834615467,16.775768701587666,circular
362,1100,700,46.99999624848309,-85,-85,-85,-85,1350,700,323.21325216313437,16.775768701587666,circular
363,1100,700,46.99999624848309,-85,-85,-85,-85,1350,700,339.989020864722,16.775768701587666,circular
364,1100,700,46.99999624848309,-85,-85,-85,-85,1350,700,356.7647895663097,16.775768701587666,circular
365,1100,700,46.99999624848309,-85,-85,-85,-85,1350,700,13.540558267897325,16.775768701587666,circular
366,1100,700,46.99999624848309,-85,-85,-85,-85,1350,700,30.31632696948499,16.775768701587666,circular
367,1100,700,46.99999624848309,-85,-85,-85,-85,1350,700,47.092095671072656,16.775768701587666,circular
368,1100,700,46.99999624848309,-85,-85,-85,-85,1350,700,63.86786437266032,16.775768701587666,circular
369,1100,700,46.99999624848309,-85,-85,-85,-85,1350,700,80.64363307424799,16.775768701587666,circular
370,1100,700,46.99999624848309,-85,-85,-85,-85,1350,700,97.41940177583565,16.775768701587666,circular
371,1100,700,46.99999624848309,-85,-85,-85,-85,1350,700,114.19517047742332,16.775768701587666,circular
372,1100,700,46.99999624848309,-85,-85,-85,-85,1350,700,130.970939179011,16.775768701587666,circular
373,1100,700,46.99999624848309,-85,-85,-85,-85,1350,700,147.74670788059865,16.775768701587666,circular
374,1100,700,46.99999624848309,-85,-85,-85,22.496022074683278,1350,700,164.5224765821863,16.775768701587666,circular
375,1100,700,46.99999624848309,-85,-85,-85,25.452908776355446,1350,700,181.29824528377395,16.775768701587666,circular
376,1100,700,46.99999624848309,-85,-85,-85,26.074956048612798,1350,700,198.0740139853616,16.775768701587666,circular
377,1100,700,46.99999624848309,-85,-85,-85,25.157178905256924,1350,700,214.84978268694925,16.775768701587666,circular
378,1100,700,46.99999624848309,-85,-85,-85,21.81335663023087,1350,700,231.6255513885369,16.775768701587666,circular
379,1100,700,46.99999624848309,-85,-85,-85,-85,1350,700,248.40132009012456,16.775768701587666,circular
380,1100,700,46.99999624848309,-85,-85,-85,-85,1350,700,265.1770887917122,16.775768701587666,circular
381,1100,700,46.99999624848309,-85,-85,-85,-85,1350,700,281.95285749329986,16.775768701587666,circular
382,1100,700,46.99999624848309,-85,-85,-85,-85,1350,700,298.7286261948875,16.775768701587666,circular
383,1100,700,46.99999624848309,-85,-85,-85,-85,1350,700,315.50439489647516,16.775768701587666,circular
384,1100,700,46.99999624848309,-85,-85,-85,-85,1350,700,332.2801635980628,16.775768701587666,circular
385,1100,700,46.99999624848309,-85,-85,-85,-85,1350,700,349.05593229965046,16.775768701587666,circular
386,1100,700,46.99999624848309,-85,-85,-85,-85,1350,700,5.831701001238116,16.775768701587666,circular
387,1100,700,46.99999624848309,-85,-85,-85,-85,1350,700,22.60746970282578,16.775768701587666,circular
388,1100,700,46.99999624848309,-85,-85,-85,-85,1350,700,39.38323840441345,16.775768701587666,circular
389,1100,700,46.99999624848309,-85,-85,-85,-85,1350,700,56.15900710600111,16.775768701587666,circular
390,1100,700,46.99999624848309,-85,-85,-85,-85,1350,700,72.93477580758878,16.775768701587666,circular
391,1100,700,46.99999624848309,-85,-85,-85,-85,1350,700,89.71054450917644,16.775768701587666,circular
392,1100,700,46.99999624848309,-85,-85,-85,-85,1350,700,106.48631321076411,16.775768701587666,circular
393,1100,700,46.99999624848309,-85,-85,-85,-85,1350,700,123.26208191235177,16.775768701587666,circular
394,1100,700,46.99999624848309,-85,-85,-85,-85,1350,700,140.03785061393944,16.775768701587666,circular
395,1100,700,46.99999624848309,-85,-85,-85,19.25639156218217,1350,700,156.8136193155271,16.775768701587666,circular
396,1100,700,46.99999624848309,-85,-85,-85,24.495315191602927,1350,700,173.58938801711474,16.775768701587666,circular
397,1100,700,46.99999624848309,-85,-85,-85,25.9816463993744,1350,700,190.3651567187024,16.775768701587666,circular
398,1100,700,46.99999624848309,-85,-85,-85,25.807460623826316,1350,700,207.14092542029005,16.775768701587666,circular
399,1100,700,46.99999624848309,-85,-85,-85,23.769789312347285,1350,700,223.9166941218777,16.775768701587666,circular
400,1100,700,46.99999624848309,-85,-85,-85,11.50579409835762,1350,700,240.69246282346535,16.775768701587666,circular
401,1100,700,46.99999624848309,-85,-85,-85,-85,1350,700,257.468231525053,16.775768701587666,circular
402,1100,700,46.99999624848309,-85,-85,-85,-85,1350,700,274.24400022664065,16.775768701587666,circular
403,1100,700,46.99999624848309,-85,-85,-85,-85,1350,700,291.0197689282283,16.775768701587666,circular
404,1100,700,46.99999624848309,-85,-85,-85,-85,1350,700,307.79553762981595,16.775768701587666,circular
405,1100,700,46.99999624848309,-85,-85,-85,-85,1350,700,324.5713063314036,16.775768701587666,circular
406,1100,700,46.99999624848309,-85,-85,-85,-85,1350,700,341.34707503299126,16.775768701587666,circular
407,1100,700,46.99999624848309,-85,-85,-85,-85,1350,700,358.1228437345789,16.775768701587666,circular
408,1100,700,46.99999624848309,-85,-85,-85,-85,1350,700,14.898612436166559,16.775768701587666,circular
409,1100,700,46.99999624848309,-85,-85,-85,-85,1350,700,31.674381137754224,16.775768701587666,circular
410,1100,700,46.99999624848309,-85,-85,-85,-85,1350,700,48.45014983934189,16.775768701587666,circular
411,1100,700,46.99999624848309,-85,-85,-85,-85,1350,700,65.22591854092956,16.775768701587666,circular
412,1100,700,46.99999624848309,-85,-85,-85,-85,1350,700,82.00168724251722,16.775768701587666,circular
413,1100,700,46.99999624848309,-85,-85,-85,-85,1350,700,98.77745594410489,16.775768701587666,circular
414,1100,700,46.99999624848309,-85,-85,-85,-85,1350,700,115.55322464569255,16.775768701587666,circular
415,1100,700,46.99999624848309,-85,-85,-85,-85,1350,700,132.32899334728023,16.775768701587666,circular
416,1100,700,46.99999624848309,-85,-85,-85,-85,1350,700,149.10476204886788,16.775768701587666,circular
417,1100,700,46.99999624848309,-85,-85,-85,23.06730250275713,1350,700,165.88053075045553,16.775768701587666,circular
418,1100,700,46.99999624848309,-85,-85,-85,25.536951728381826,1350,700,182.65629945204319,16.775768701587666,circular
419,1100,700,46.99999624848309,-85,-85,-85,26.067010357935978,1350,700,199.43206815363084,16.775768701587666,circular
420,1100,700,46.99999624848309,-85,-85,-85,25.042923900792417,1350,700,216.2078368552185,16.775768701587666,circular
421,1100,700,46.99999624848309,-85,-85,-85,20.97742610025735,1350,700,232.98360555680614,16.775768701587666,circular
422,1100,700,46.99999624848309,-85,-85,-85,-85,1350,700,249.7593742583938,16.775768701587666,circular
423,1100,700,46.99999624848309,-85,-85,-85,-85,1350,700,266.53514295998144,16.775768701587666,circular
424,1100,700,46.99999624848309,-85,-85,-85,-85,1350,700,283.3109116615691,16.775768701587666,circular
425,1100,700,46.99999624848309,-85,-85,-85,-85,1350,700,300.08668036315674,16.775768701587666,circular
426,1100,700,46.99999624848309,-85,-85,-85,-85,1350,700,316.8624490647444,16.775768701587666,circular
427,1100,700,46.99999624848309,-85,-85,-85,-85,1350,700,333.63821776633205,16.775768701587666,circular
428,1100,700,46.99999624848309,-85,-85,-85,-85,1350,700,350.4139864679197,16.775768701587666,circular
429,1100,700,46.99999624848309,-85,-85,-85,-85,1350,700,7.18975516950735,16.775768701587666,circular
430,1100,700,46.99999624848309,-85,-85,-85,-85,1350,700,23.965523871095016,16.775768701587666,circular
431,1100,700,46.99999624848309,-85,-85,-85,-85,1350,700,40.74129257268268,16.775768701587666,circular
432,1100,700,46.99999624848309,-85,-85,-85,-85,1350,700,57.51706127427035,16.775768701587666,circular
433,1100,700,46.99999624848309,-85,-85,-85,-85,1350,700,74.29282997585801,16.775768701587666,circular
434,1100,700,46.99999624848309,-85,-85,-85,-85,1350,700,91.06859867744568,16.775768701587666,circular
435,1100,700,46.99999624848309,-85,-85,-85,-85,1350,700,107.84436737903334,16.775768701587666,circular
436,1100,700,46.99999624848309,-85,-85,-85,-85,1350,700,124.62013608062101,16.775768701587666,circular
437,1100,700,46.99999624848309,-85,-85,-85,-85,1350,700,141.39590478220867,16.775768701587666,circular
438,1100,700,46.99999624848309,-85,-85,-85,19.91435422725632,1350,700,158.17167348379633,16.775768701587666,circular
439,1100,700,46.99999624848309,-85,-85,-85,24.78833704083229,1350,700,174.94744218538398,16.775768701587666,circular
440,1100,700,46.99999624848309,-85,-85,-85,26.035130213615616,1350,700,191.72321088697163,16.775768701587666,circular
441,1100,700,46.99999624848309,-85,-85,-85,25.7492610641292,1350,700,208.49897958855928,16.775768701587666,circular
442,1100,700,46.99999624848309,-85,-85,-85,23.553218972269416,1350,700,225.27474829014693,16.775768701587666,circular
443,1100,700,46.99999624848309,-85,-85,-85,-85,1350,700,242.05051699173458,16.775768701587666,circular
444,1100,700,46.99999624848309,-85,-85,-85,-85,1350,700,258.82628569332223,16.775768701587666,circular
445,1100,700,46.99999624848309,-85,-85,-85,-85,1350,700,275.6020543949099,16.775768701587666,circular
446,1100,700,46.99999624848309,-85,-85,-85,-85,1350,700,292.37782309649754,16.775768701587666,circular
447,1100,700,46.99999624848309,-85,-85,-85,-85,1350,700,309.1535917980852,16.775768701587666,circular
448,1100,700,46.99999624848309,-85,-85,-85,-85,1350,700,325.92936049967284,16.775768701587666,circular
449,1100,700,46.99999624848309,-85,-85,-85,-85,1350,700,342.7051292012605,16.775768701587666,circular
450,1100,700,46.99999624848309,-85,-85,-85,-85,1350,700,359.48089790284814,16.775768701587666,circular
451,1100,700,46.99999624848309,-85,-85,-85,-85,1350,700,16.256666604435793,16.775768701587666,circular
452,1100,700,46.99999624848309,-85,-85,-85,-85,1350,700,33.03243530602346,16.775768701587666,circular
453,1100,700,46.99999624848309,-85,-85,-85,-85,1350,700,49.808204007611124,16.775768701587666,circular
454,1100,700,46.99999624848309,-85,-85,-85,-85,1350,700,66.58397270919879,16.775768701587666,circular
455,1100,700,46.99999624848309,-85,-85,-85,-85,1350,700,83.35974141078646,16.775768701587666,circular
456,1100,700,46.99999624848309,-85,-85,-85,-85,1350,700,100.13551011237412,16.775768701587666,circular
457,1100,700,46.99999624848309,-85,-85,-85,-85,1350,700,116.91127881396179,16.775768701587666,circular
458,1100,700,46.99999624848309,-85,-85,-85,-85,1350,700,133.68704751554947,16.775768701587666,circular
459,1100,700,46.99999624848309,-85,-85,-85,-85,1350,700,150.46281621713712,16.775768701587666,circular
460,1100,700,46.99999624848309,-85,-85,-85,23.31969953712386,1350,700,167.23858491872477,16.775768701587666,circular
461,1100,700,46.99999624848309,-85,-85,-85,25.684904084789974,1350,700,184.01435362031242,16.775768701587666,circular
462,1100,700,46.99999624848309,-85,-85,-85,26.035130213615616,1350,700,200.79012232190007,16.775768701587666,circular
463,1100,700,46.99999624848309,-85,-85,-85,24.92014212493214,1350,700,217.56589102348772,16.775768701587666,circular
464,1100,700,46.99999624848309,-85,-85,-85,20.48098321025059,1350,700,234.34165972507537,16.775768701587666,circular
465,1100,700,46.99999624848309,-85,-85,-85,-85,1350,700,251.11742842666303,16.775768701587666,circular
466,1100,700,46.99999624848309,-85,-85,-85,-85,1350,700,267.8931971282507,16.775768701587666,circular
467,1100,700,46.99999624848309,-85,-85,-85,-85,1350,700,284.6689658298383,16.775768701587666,circular
468,1100,700,46.99999624848309,-85,-85,-85,-85,1350,700,301.444734531426,16.775768701587666,circular
469,1100,700,46.99999624848309,-85,-85,-85,-85,1350,700,318.22050323301363,16.775768701587666,circular
470,1100,700,46.99999624848309,-85,-85,-85,-85,1350,700,334.9962719346013,16.775768701587666,circular
471,1100,700,46.99999624848309,-85,-85,-85,-85,1350,700,351.77204063618893,16.775768701587666,circular
472,1100,700,46.99999624848309,-85,-85,-85,-85,1350,700,8.547809337776584,16.775768701587666,circular
473,1100,700,46.99999624848309,-85,-85,-85,-85,1350,700,25.32357803936425,16.775768701587666,circular
474,1100,700,46.99999624848309,-85,-85,-85,-85,1350,700,42.099346740951916,16.775768701587666,circular
475,1100,700,46.99999624848309,-85,-85,-85,-85,1350,700,58.87511544253958,16.775768701587666,circular
476,1100,700,46.99999624848309,-85,-85,-85,-85,1350,700,75.65088414412725,16.775768701587666,circular
477,1100,700,46.99999624848309,-85,-85,-85,-85,1350,700,92.42665284571491,16.775768701587666,circular
478,1100,700,46.99999624848309,-85,-85,-85,-85,1350,700,109.20242154730258,16.775768701587666,circular
479,1100,700,46.99999624848309,-85,-85,-85,-85,1350,700,125.97819024889024,16.775768701587666,circular
480,1100,700,46.99999624848309,-85,-85,-85,-85,1350,700,142.7539589504779,16.775768701587666,circular
481,1100,700,46.99999624848309,-85,-85,-85,20.48098321025059,1350,700,159.52972765206556,16.775768701587666,circular
482,1100,700,46.99999624848309,-85,-85,-85,24.92014212493214,1350,700,176.3054963536532,16.775768701587666,circular
483,1100,700,46.99999624848309,-85,-85,-85,26.053745949214605,1350,700,193.08126505524086,16.775768701587666,circular
484,1100,700,46.99999624848309,-85,-85,-85,25.614204328866276,1350,700,209.8570337568285,16.775768701587666,circular
485,1100,700,46.99999624848309,-85,-85,-85,23.319699537123853,1350,700,226.63280245841617,16.775768701587666,circular
486,1100,700,46.99999624848309,-85,-85,-85,-85,1350,700,243.40857116000382,16.775768701587666,circular
487,1100,700,46.99999624848309,-85,-85,-85,-85,1350,700,260.18433986159147,16.775768701587666,circular
488,1100,700,46.99999624848309,-85,-85,-85,-85,1350,700,276.9601085631791,16.775768701587666,circular
489,1100,700,46.99999624848309,-85,-85,-85,-85,1350,700,293.73587726476677,16.775768701587666,circular
490,1100,700,46.99999624848309,-85,-85,-85,-85,1350,700,310.5116459663544,16.775768701587666,circular
491,1100,700,46.99999624848309,-85,-85,-85,-85,1350,700,327.2874146679421,16.775768701587666,circular
492,1100,700,46.99999624848309,-85,-85,-85,-85,1350,700,344.0631833695297,16.775768701587666,circular
493,1100,700,46.99999624848309,-85,-85,-85,-85,1350,700,0.8389520711173759,16.775768701587666,circular
494,1100,700,46.99999624848309,-85,-85,-85,-85,1350,700,17.61472077270504,16.775768701587666,circular
495,1100,700,46.99999624848309,-85,-85,-85,-85,1350,700,34.39048947429271,16.775768701587666,circular
496,1100,700,46.99999624848309,-85,-85,-85,-85,1350,700,51.16625817588037,16.775768701587666,circular
497,1100,700,46.99999624848309,-85,-85,-85,-85,1350,700,67.94202687746804,16.775768701587666,circular
498,1100,700,46.99999624848309,-85,-85,-85,-85,1350,700,84.7177955790557,16.775768701587666,circular
499,1100,700,46.99999624848309,-85,-85,-85,-85,1350,700,101.49356428064337,16.775768701587666,circular
500,1100,700,46.99999624848309,-85,-85,-85,-85,1350,700,118.26933298223103,16.775768701587666,circular
501,1100,700,46.99999624848309,-85,-85,-85,-85,1350,700,135.0451016838187,16.775768701587666,circular
502,1100,700,46.99999624848309,-85,-85,-85,11.505794098357505,1350,700,151.82087038540635,16.775768701587666,circular
503,1100,700,46.99999624848309,-85,-85,-85,23.553218972269416,1350,700,168.596639086994,16.775768701587666,circular
504,1100,700,46.99999624848309,-85,-85,-85,25.7492610641292,1350,700,185.37240778858165,16.775768701587666,circular
505,1100,700,46.99999624848309,-85,-85,-85,26.011117049096303,1350,700,202.1481764901693,16.775768701587666,circular
506,1100,700,46.99999624848309,-85,-85,-85,24.646943359767004,1350,700,218.92394519175696,16.775768701587666,circular
507,1100,700,46.99999624848309,-85,-85,-85,19.25639156218219,1350,700,235.6997138933446,16.775768701587666,circular
508,1100,700,46.99999624848309,-85,-85,-85,-85,1350,700,252.47548259493226,16.775768701587666,circular
509,1100,700,46.99999624848309,-85,-85,-85,-85,1350,700,269.2512512965199,16.775768701587666,circular
510,1100,700,46.99999624848309,-85,-85,-85,-85,1350,700,286.02701999810756,16.775768701587666,circular
511,1100,700,46.99999624848309,-85,-85,-85,-85,1350,700,302.8027886996952,16.775768701587666,circular
512,1100,700,46.99999624848309,-85,-85,-85,-85,1350,700,319.57855740128286,16.775768701587666,circular
513,1100,700,46.99999624848309,-85,-85,-85,-85,1350,700,336.3543261028705,16.775768701587666,circular
514,1100,700,46.99999624848309,-85,-85,-85,-85,1350,700,353.13009480445817,16.775768701587666,circular
515,1100,700,46.99999624848309,-85,-85,-85,-85,1350,700,9.905863506045819,16.775768701587666,circular
516,1100,700,46.99999624848309,-85,-85,-85,-85,1350,700,26.681632207633484,16.775768701587666,circular
517,1100,700,46.99999624848309,-85,-85,-85,-85,1350,700,43.45740090922115,16.775768701587666,circular
518,1100,700,46.99999624848309,-85,-85,-85,-85,1350,700,60.233169610808815,16.775768701587666,circular
519,1100,700,46.99999624848309,-85,-85,-85,-85,1350,700,77.00893831239648,16.775768701587666,circular
520,1100,700,46.99999624848309,-85,-85,-85,-85,1350,700,93.78470701398415,16.775768701587666,circular
521,1100,700,46.99999624848309,-85,-85,-85,-85,1350,700,110.56047571557181,16.775768701587666,circular
522,1100,700,46.99999624848309,-85,-85,-85,-85,1350,700,127.33624441715948,16.775768701587666,circular
523,1100,700,46.99999624848309,-85,-85,-85,-85,1350,700,144.11201311874714,16.775768701587666,circular
524,1100,700,46.99999624848309,-85,-85,-85,21.41811930585211,1350,700,160.8877818203348,16.775768701587666,circular
525,1100,700,46.99999624848309,-85,-85,-85,25.042923900792417,1350,700,177.66355052192245,16.775768701587666,circular
526,1100,700,46.99999624848309,-85,-85,-85,26.067010357935978,1350,700,194.4393192235101,16.775768701587666,circular
527,1100,700,46.99999624848309,-85,-85,-85,25.536951728381826,1350,700,211.21508792509775,16.775768701587666,circular
528,1100,700,46.99999624848309,-85,-85,-85,22.793695368992225,1350,700,227.9908566266854,16.775768701587666,circular
529,1100,700,46.99999624848309,-85,-85,-85,-85,1350,700,244.76662532827305,16.775768701587666,circular
530,1100,700,46.99999624848309,-85,-85,-85,-85,1350,700,261.5423940298607,16.775768701587666,circular
531,1100,700,46.99999624848309,-85,-85,-85,-85,1350,700,278.31816273144835,16.775768701587666,circular
532,1100,700,46.99999624848309,-85,-85,-85,-85,1350,700,295.093931433036,16.775768701587666,circular
533,1100,700,46.99999624848309,-85,-85,-85,-85,1350,700,311.86970013462366,16.775768701587666,circular
534,1100,700,46.99999624848309,-85,-85,-85,-85,1350,700,328.6454688362113,16.775768701587666,circular
535,1100,700,46.99999624848309,-85,-85,-85,-85,1350,700,345.42123753779896,16.775768701587666,circular
536,1100,700,46.99999624848309,-85,-85,-85,-85,1350,700,2.19700623938661,16.775768701587666,circular
537,1100,700,46.99999624848309,-85,-85,-85,-85,1350,700,18.972774940974276,16.775768701587666,circular
538,1100,700,46.99999624848309,-85,-85,-85,-85,1350,700,35.74854364256194,16.775768701587666,circular
539,1100,700,46.99999624848309,-85,-85,-85,-85,1350,700,52.52431234414961,16.775768701587666,circular
540,1100,700,46.99999624848309,-85,-85,-85,-85,1350,700,69.30008104573727,16.775768701587666,circular
541,1100,700,46.99999624848309,-85,-85,-85,-85,1350,700,86.07584974732494,16.775768701587666,circular
542,1100,700,46.99999624848309,-85,-85,-85,-85,1350,700,102.8516184489126,16.775768701587666,circular
543,1100,700,46.99999624848309,-85,-85,-85,-85,1350,700,119.62738715050027,16.775768701587666,circular
544,1100,700,46.99999624848309,-85,-85,-85,-85,1350,700,136.40315585208793,16.775768701587666,circular
545,1100,700,46.99999624848309,-85,-85,-85,14.513447644213304,1350,700,153.17892455367559,16.775768701587666,circular
546,1100,700,46.99999624848309,-85,-85,-85,23.971022246457757,1350,700,169.95469325526324,16.775768701587666,circular
547,1100,700,46.99999624848309,-85,-85,-85,25.859665714847075,1350,700,186.7304619568509,16.775768701587666,circular
548,1100,700,46.99999624848309,-85,-85,-85,25.9816463993744,1350,700,203.50623065843854,16.775768701587666,circular
549,1100,700,46.99999624848309,-85,-85,-85,24.495315191602927,1350,700,220.2819993600262,16.775768701587666,circular
550,1100,700,46.99999624848309,-85,-85,-85,18.474304759512954,1350,700,237.05776806161384,16.775768701587666,circular
551,1100,700,46.99999624848309,-85,-85,-85,-85,1350,700,253.8335367632015,16.775768701587666,circular
552,1100,700,46.99999624848309,-85,-85,-85,-85,1350,700,270.60930546478914,16.775768701587666,circular
553,1100,700,46.99999624848309,-85,-85,-85,-85,1350,700,287.3850741663768,16.775768701587666,circular
554,1100,700,46.99999624848309,-85,-85,-85,-85,1350,700,304.16084286796445,16.775768701587666,circular
555,1100,700,46.99999624848309,-85,-85,-85,-85,1350,700,320.9366115695521,16.775768701587666,circular
556,1100,700,46.99999624848309,-85,-85,-85,-85,1350,700,337.71238027113975,16.775768701587666,circular
557,1100,700,46.99999624848309,-85,-85,-85,-85,1350,700,354.4881489727274,16.775768701587666,circular
558,1100,700,46.99999624848309,-85,-85,-85,-85,1350,700,11.263917674315053,16.775768701587666,circular
559,1100,700,46.99999624848309,-85,-85,-85,-85,1350,700,28.03968637590272,16.775768701587666,circular
560,1100,700,46.99999624848309,-85,-85,-85,-85,1350,700,44.815455077490384,16.775768701587666,circular
561,1100,700,46.99999624848309,-85,-85,-85,-85,1350,700,61.59122377907805,16.775768701587666,circular
562,1100,700,46.99999624848309,-85,-85,-85,-85,1350,700,78.36699248066571,16.775768701587666,circular
563,1100,700,46.99999624848309,-85,-85,-85,-85,1350,700,95.14276118225338,16.775768701587666,circular
564,1100,700,46.99999624848309,-85,-85,-85,-85,1350,700,111.91852988384105,16.775768701587666,circular
565,1100,700,46.99999624848309,-85,-85,-85,-85,1350,700,128.69429858542873,16.775768701587666,circular
566,1100,700,46.99999624848309,-85,-85,-85,-85,1350,700,145.47006728701638,16.775768701587666,circular
567,1100,700,46.99999624848309,-85,-85,-85,21.813356630230874,1350,700,162.24583598860403,16.775768701587666,circular
568,1100,700,46.99999624848309,-85,-85,-85,25.26334459461691,1350,700,179.02160469019168,16.775768701587666,circular
569,1100,700,46.99999624848309,-85,-85,-85,26.077602459396946,1350,700,195.79737339177933,16.775768701587666,circular
570,1100,700,46.99999624848309,-85,-85,-85,25.452908776355446,1350,700,212.57314209336698,16.775768701587666,circular
571,1100,700,46.99999624848309,-85,-85,-85,22.496022074683278,1350,700,229.34891079495463,16.775768701587666,circular
572,1100,700,46.99999624848309,-85,-85,-85,-85,1350,700,246.12467949654229,16.775768701587666,circular
573,1100,700,46.99999624848309,-85,-85,-85,-85,1350,700,262.90044819812994,16.775768701587666,circular
574,1100,700,46.99999624848309,-85,-85,-85,-85,1350,700,279.6762168997176,16.775768701587666,circular
575,1100,700,46.99999624848309,-85,-85,-85,-85,1350,700,296.45198560130524,16.775768701587666,circular
576,1100,700,46.99999624848309,-85,-85,-85,-85,1350,700,313.2277543028929,16.775768701587666,circular
577,1100,700,46.99999624848309,-85,-85,-85,-85,1350,700,330.00352300448054,16.775768701587666,circular
578,1100,700,46.99999624848309,-85,-85,-85,-85,1350,700,346.7792917060682,16.775768701587666,circular
579,1100,700,46.99999624848309,-85,-85,-85,-85,1350,700,3.5550604076558443,16.775768701587666,circular
580,1100,700,46.99999624848309,-85,-85,-85,-85,1350,700,20.33082910924351,16.775768701587666,circular
581,1100,700,46.99999624848309,-85,-85,-85,-85,1350,700,37.106597810831175,16.775768701587666,circular
582,1100,700,46.99999624848309,-85,-85,-85,-85,1350,700,53.88236651241884,16.775768701587666,circular
583,1100,700,46.99999624848309,-85,-85,-85,-85,1350,700,70.6581352140065,16.775768701587666,circular
584,1100,700,46.99999624848309,-85,-85,-85,-85,1350,700,87.43390391559417,16.775768701587666,circular
585,1100,700,46.99999624848309,-85,-85,-85,-85,1350,700,104.20967261718184,16.775768701587666,circular
586,1100,700,46.99999624848309,-85,-85,-85,-85,1350,700,120.9854413187695,16.775768701587666,circular
587,1100,700,46.99999624848309,-85,-85,-85,-85,1350,700,137.76121002035717,16.775768701587666,circular
588,1100,700,46.99999624848309,-85,-85,-85,16.269948115724727,1350,700,154.53697872194482,16.775768701587666,circular
589,1100,700,46.99999624848309,-85,-85,-85,24.1582774269213,1350,700,171.31274742353247,16.775768701587666,circular
590,1100,700,46.99999624848309,-85,-85,-85,25.906018829630398,1350,700,188.08851612512012,16.775768701587666,circular
591,1100,700,46.99999624848309,-85,-85,-85,25.906018829630398,1350,700,204.86428482670777,16.775768701587666,circular
592,1100,700,46.99999624848309,-85,-85,-85,24.332711411139446,1350,700,221.64005352829543,16.775768701587666,circular
593,1100,700,46.99999624848309,-85,-85,-85,17.51315549939211,1350,700,238.41582222988308,16.775768701587666,circular
594,1100,700,46.99999624848309,-85,-85,-85,-85,1350,700,255.19159093147073,16.775768701587666,circular
595,1100,700,46.99999624848309,-85,-85,-85,-85,1350,700,271.9673596330584,16.775768701587666,circular
596,1100,700,46.99999624848309,-85,-85,-85,-85,1350,700,288.74312833464603,16.775768701587666,circular
597,1100,700,46.99999624848309,-85,-85,-85,-85,1350,700,305.5188970362337,16.775768701587666,circular
598,1100,700,46.99999624848309,-85,-85,-85,-85,1350,700,322.29466573782133,16.775768701587666,circular
599,1100,700,46.99999624848309,-85,-85,-85,-85,1350,700,339.070434439409,16.775768701587666,circular
600,1100,700,46.99999624848309,-85,-85,-85,-85,1350,700,355.84620314099664,16.775768701587666,circular
601,1100,700,46.99999624848309,-85,-85,-85,-85,1350,700,12.621971842584287,16.775768701587666,circular
602,1100,700,46.99999624848309,-85,-85,-85,-85,1350,700,29.397740544171953,16.775768701587666,circular
603,1100,700,46.99999624848309,-85,-85,-85,-85,1350,700,46.17350924575962,16.775768701587666,circular
604,1100,700,46.99999624848309,-85,-85,-85,-85,1350,700,62.949277947347284,16.775768701587666,circular
605,1100,700,46.99999624848309,-85,-85,-85,-85,1350,700,79.72504664893495,16.775768701587666,circular
606,1100,700,46.99999624848309,-85,-85,-85,-85,1350,700,96.50081535052261,16.775768701587666,circular
607,1100,700,46.99999624848309,-85,-85,-85,-85,1350,700,113.27658405211028,16.775768701587666,circular
608,1100,700,46.99999624848309,-85,-85,-85,-85,1350,700,130.05235275369796,16.775768701587666,circular
609,1100,700,46.99999624848309,-85,-85,-85,-85,1350,700,146.8281214552856,16.775768701587666,circular
610,1100,700,46.99999624848309,-85,-85,-85,22.170735458799452,1350,700,163.60389015687326,16.775768701587666,circular
611,1100,700,46.99999624848309,-85,-85,-85,25.36180729449956,1350,700,180.3796588584609,16.775768701587666,circular
612,1100,700,46.99999624848309,-85,-85,-85,26.077602459396946,1350,700,197.15542756004857,16.775768701587666,circular
613,1100,700,46.99999624848309,-85,-85,-85,25.263344594616918,1350,700,213.93119626163622,16.775768701587666,circular
614,1100,700,46.99999624848309,-85,-85,-85,21.81335663023087,1350,700,230.70696496322387,16.775768701587666,circular
615,1100,700,46.99999624848309,-85,-85,-85,-85,1350,700,247.48273366481152,16.775768701587666,circular
616,1100,700,46.99999624848309,-85,-85,-85,-85,1350,700,264.25850236639917,16.775768701587666,circular
617,1100,700,46.99999624848309,-85,-85,-85,-85,1350,700,281.0342710679868,16.775768701587666,circular
618,1100,700,46.99999624848309,-85,-85,-85,-85,1350,700,297.8100397695745,16.775768701587666,circular
619,1100,700,46.99999624848309,-85,-85,-85,-85,1350,700,314.5858084711621,16.775768701587666,circular
620,1100,700,46.99999624848309,-85,-85,-85,-85,1350,700,331.3615771727498,16.775768701587666,circular
621,1100,700,46.99999624848309,-85,-85,-85,-85,1350,700,348.1373458743374,16.775768701587666,circular
622,1100,700,46.99999624848309,-85,-85,-85,-85,1350,700,4.9131145759250785,16.775768701587666,circular
623,1100,700,46.99999624848309,-85,-85,-85,-85,1350,700,21.688883277512744,16.775768701587666,circular
624,1100,700,46.99999624848309,-85,-85,-85,-85,1350,700,38.46465197910041,16.775768701587666,circular
625,1100,700,46.99999624848309,-85,-85,-85,-85,1350,700,55.240420680688075,16.775768701587666,circular
626,1100,700,46.99999624848309,-85,-85,-85,-85,1350,700,72.01618938227574,16.775768701587666,circular
627,1100,700,46.99999624848309,-85,-85,-85,-85,1350,700,88.7919580838634,16.775768701587666,circular
628,1100,700,46.99999624848309,-85,-85,-85,-85,1350,700,105.56772678545107,16.775768701587666,circular
629,1100,700,46.99999624848309,-85,-85,-85,-85,1350,700,122.34349548703874,16.775768701587666,circular
630,1100,700,46.99999624848309,-85,-85,-85,-85,1350,700,139.1192641886264,16.775768701587666,circular
631,1100,700,46.99999624848309,-85,-85,-85,18.47430475951294,1350,700,155.89503289021405,16.775768701587666,circular
632,1100,700,46.99999624848309,-85,-85,-85,24.33271141113945,1350,700,172.6708015918017,16.775768701587666,circular
633,1100,700,46.99999624848309,-85,-85,-85,25.946643644493044,1350,700,189.44657029338936,16.775768701587666,circular
634,1100,700,46.99999624848309,-85,-85,-85,25.859665714847075,1350,700,206.222338994977,16.775768701587666,circular
635,1100,700,46.99999624848309,-85,-85,-85,23.97102224645776,1350,700,222.99810769656466,16.775768701587666,circular
636,1100,700,46.99999624848309,-85,-85,-85,14.513447644213265,1350,700,239.7738763981523,16.775768701587666,circular
637,1100,700,46.99999624848309,-85,-85,-85,-85,1350,700,256.54964509973996,16.775768701587666,circular
638,1100,700,46.99999624848309,-85,-85,-85,-85,1350,700,273.3254138013276,16.775768701587666,circular
639,1100,700,46.99999624848309,-85,-85,-85,-85,1350,700,290.10118250291526,16.775768701587666,circular
640,1100,700,46.99999624848309,-85,-85,-85,-85,1350,700,306.8769512045029,16.775768701587666,circular
641,1100,700,46.99999624848309,-85,-85,-85,-85,1350,700,323.65271990609057,16.775768701587666,circular
642,1100,700,46.99999624848309,-85,-85,-85,-85,1350,700,340.4284886076782,16.775768701587666,circular
643,1100,700,46.99999624848309,-85,-85,-85,-85,1350,700,357.20425730926587,16.775768701587666,circular
644,1100,700,46.99999624848309,-85,-85,-85,-85,1350,700,13.980026010853521,16.775768701587666,circular
645,1100,700,46.99999624848309,-85,-85,-85,-85,1350,700,30.755794712441187,16.775768701587666,circular
646,1100,700,46.99999624848309,-85,-85,-85,-85,1350,700,47.53156341402885,16.775768701587666,circular
647,1100,700,46.99999624848309,-85,-85,-85,-85,1350,700,64.30733211561652,16.775768701587666,circular
648,1100,700,46.99999624848309,-85,-85,-85,-85,1350,700,81.08310081720418,16.775768701587666,circular
649,1100,700,46.99999624848309,-85,-85,-85,-85,1350,700,97.85886951879185,16.775768701587666,circular
650,1100,700,46.99999624848309,-85,-85,-85,-85,1350,700,114.63463822037951,16.775768701587666,circular
651,1100,700,46.99999624848309,-85,-85,-85,-85,1350,700,131.4104069219672,16.775768701587666,circular
652,1100,700,46.99999624848309,-85,-85,-85,-85,1350,700,148.18617562355485,16.775768701587666,circular
653,1100,700,46.99999624848309,-85,-85,-85,22.793695368992218,1350,700,164.9619443251425,16.775768701587666,circular
654,1100,700,46.99999624848309,-85,-85,-85,25.536951728381826,1350,700,181.73771302673015,16.775768701587666,circular
655,1100,700,46.99999624848309,-85,-85,-85,26.074956048612798,1350,700,198.5134817283178,16.775768701587666,circular
656,1100,700,46.99999624848309,-85,-85,-85,25.157178905256924,1350,700,215.28925042990545,16.775768701587666,circular
657,1100,700,46.99999624848309,-85,-85,-85,21.418119305852123,1350,700,232.0650191314931,16.775768701587666,circular
658,1100,700,46.99999624848309,-85,-85,-85,-85,1350,700,248.84078783308075,16.775768701587666,circular
659,1100,700,46.99999624848309,-85,-85,-85,-85,1350,700,265.6165565346684,16.775768701587666,circular
660,1100,700,46.99999624848309,-85,-85,-85,-85,1350,700,282.39232523625606,16.775768701587666,circular
661,1100,700,46.99999624848309,-85,-85,-85,-85,1350,700,299.1680939378437,16.775768701587666,circular
662,1100,700,46.99999624848309,-85,-85,-85,-85,1350,700,315.94386263943136,16.775768701587666,circular
663,1100,700,46.99999624848309,-85,-85,-85,-85,1350,700,332.719631341019,16.775768701587666,circular
664,1100,700,46.99999624848309,-85,-85,-85,-85,1350,700,349.49540004260666,16.775768701587666,circular
665,1100,700,46.99999624848309,-85,-85,-85,-85,1350,700,6.271168744194313,16.775768701587666,circular
666,1100,700,46.99999624848309,-85,-85,-85,-85,1350,700,23.04693744578198,16.775768701587666,circular
667,1100,700,46.99999624848309,-85,-85,-85,-85,1350,700,39.822706147369644,16.775768701587666,circular
668,1100,700,46.99999624848309,-85,-85,-85,-85,1350,700,56.59847484895731,16.775768701587666,circular
669,1100,700,46.99999624848309,-85,-85,-85,-85,1350,700,73.37424355054497,16.775768701587666,circular
670,1100,700,46.99999624848309,-85,-85,-85,-85,1350,700,90.15001225213264,16.775768701587666,circular
671,1100,700,46.99999624848309,-85,-85,-85,-85,1350,700,106.9257809537203,16.775768701587666,circular
672,1100,700,46.99999624848309,-85,-85,-85,-85,1350,700,123.70154965530797,16.775768701587666,circular
673,1100,700,46.99999624848309,-85,-85,-85,-85,1350,700,140.47731835689564,16.775768701587666,circular
674,1100,700,46.99999624848309,-85,-85,-85,19.25639156218217,1350,700,157.2530870584833,16.775768701587666,circular
675,1100,700,46.99999624848309,-85,-85,-85,24.646943359767004,1350,700,174.02885576007094,16.775768701587666,circular
676,1100,700,46.99999624848309,-85,-85,-85,26.011117049096303,1350,700,190.8046244616586,16.775768701587666,circular
677,1100,700,46.99999624848309,-85,-85,-85,25.807460623826316,1350,700,207.58039316324624,16.775768701587666,circular
678,1100,700,46.99999624848309,-85,-85,-85,23.769789312347285,1350,700,224.3561618648339,16.775768701587666,circular
679,1100,700,46.99999624848309,-85,-85,-85,11.50579409835762,1350,700,241.13193056642154,16.775768701587666,circular
680,1100,700,46.99999624848309,-85,-85,-85,-85,1350,700,257.9076992680092,16.775768701587666,circular
681,1100,700,46.99999624848309,-85,-85,-85,-85,1350,700,274.68346796959685,16.775768701587666,circular
682,1100,700,46.99999624848309,-85,-85,-85,-85,1350,700,291.4592366711845,16.775768701587666,circular
683,1100,700,46.99999624848309,-85,-85,-85,-85,1350,700,308.23500537277215,16.775768701587666,circular
684,1100,700,46.99999624848309,-85,-85,-85,-85,1350,700,325.0107740743598,16.775768701587666,circular
685,1100,700,46.99999624848309,-85,-85,-85,-85,1350,700,341.78654277594745,16.775768701587666,circular
686,1100,700,46.99999624848309,-85,-85,-85,-85,1350,700,358.5623114775351,16.775768701587666,circular
687,1100,700,46.99999624848309,-85,-85,-85,-85,1350,700,15.338080179122755,16.775768701587666,circular
688,1100,700,46.99999624848309,-85,-85,-85,-85,1350,700,32.11384888071042,16.775768701587666,circular
689,1100,700,46.99999624848309,-85,-85,-85,-85,1350,700,48.88961758229809,16.775768701587666,circular
690,1100,700,46.99999624848309,-85,-85,-85,-85,1350,700,65.66538628388575,16.775768701587666,circular
691,1100,700,46.99999624848309,-85,-85,-85,-85,1350,700,82.44115498547342,16.775768701587666,circular
692,1100,700,46.99999624848309,-85,-85,-85,-85,1350,700,99.21692368706108,16.775768701587666,circular
693,1100,700,46.99999624848309,-85,-85,-85,-85,1350,700,115.99269238864875,16.775768701587666,circular
694,1100,700,46.99999624848309,-85,-85,-85,-85,1350,700,132.76846109023643,16.775768701587666,circular
695,1100,700,46.99999624848309,-85,-85,-85,-85,1350,700,149.54422979182408,16.775768701587666,circular
696,1100,700,46.99999624848309,-85,-85,-85,23.06730250275713,1350,700,166.31999849341173,16.775768701587666,circular
697,1100,700,46.99999624848309,-85,-85,-85,25.614204328866276,1350,700,183.09576719499938,16.775768701587666,circular
698,1100,700,46.99999624848309,-85,-85,-85,26.053745949214605,1350,700,199.87153589658703,16.775768701587666,circular
699,1100,700,46.99999624848309,-85,-85,-85,25.042923900792417,1350,700,216.64730459817468,16.775768701587666,circular
700,1100,700,46.99999624848309,-85,-85,-85,20.97742610025735,1350,700,233.42307329976234,16.775768701587666,circular
701,1100,700,46.99999624848309,-85,-85,-85,-85,1350,700,250.19884200135,16.775768701587666,circular
702,1100,700,46.99999624848309,-85,-85,-85,-85,1350,700,266.97461070293764,16.775768701587666,circular
703,1100,700,46.99999624848309,-85,-85,-85,-85,1350,700,283.7503794045253,16.775768701587666,circular
704,1100,700,46.99999624848309,-85,-85,-85,-85,1350,700,300.52614810611294,16.775768701587666,circular
705,1100,700,46.99999624848309,-85,-85,-85,-85,1350,700,317.3019168077006,16.775768701587666,circular
706,1100,700,46.99999624848309,-85,-85,-85,-85,1350,700,334.07768550928824,16.775768701587666,circular
707,1100,700,46.99999624848309,-85,-85,-85,-85,1350,700,350.8534542108759,16.775768701587666,circular
708,1100,700,46.99999624848309,-85,-85,-85,-85,1350,700,7.629222912463547,16.775768701587666,circular
709,1100,700,46.99999624848309,-85,-85,-85,-85,1350,700,24.404991614051212,16.775768701587666,circular
710,1100,700,46.99999624848309,-85,-85,-85,-85,1350,700,41.18076031563888,16.775768701587666,circular
711,1100,700,46.99999624848309,-85,-85,-85,-85,1350,700,57.95652901722654,16.775768701587666,circular
712,1100,700,46.99999624848309,-85,-85,-85,-85,1350,700,74.73229771881421,16.775768701587666,circular
713,1100,700,46.99999624848309,-85,-85,-85,-85,1350,700,91.50806642040187,16.775768701587666,circular
714,1100,700,46.99999624848309,-85,-85,-85,-85,1350,700,108.28383512198954,16.775768701587666,circular
715,1100,700,46.99999624848309,-85,-85,-85,-85,1350,700,125.0596038235772,16.775768701587666,circular
716,1100,700,46.99999624848309,-85,-85,-85,-85,1350,700,141.83537252516487,16.775768701587666,circular
717,1100,700,46.99999624848309,-85,-85,-85,19.91435422725632,1350,700,158.61114122675252,16.775768701587666,circular
718,1100,700,46.99999624848309,-85,-85,-85,24.78833704083229,1350,700,175.38690992834017,16.775768701587666,circular
719,1100,700,46.99999624848309,-85,-85,-85,26.035130213615616,1350,700,192.16267862992783,16.775768701587666,circular
720,1100,700,46.99999624848309,-85,-85,-85,25.684904084789977,1350,700,208.93844733151548,16.775768701587666,circular
721,1100,700,46.99999624848309,-85,-85,-85,23.319699537123853,1350,700,225.71421603310313,16.775768701587666,circular
722,1100,700,46.99999624848309,-85,-85,-85,-85,1350,700,242.48998473469078,16.775768701587666,circular
723,1100,700,46.99999624848309,-85,-85,-85,-85,1350,700,259.26575343627843,16.775768701587666,circular
724,1100,700,46.99999624848309,-85,-85,-85,-85,1350,700,276.0415221378661,16.775768701587666,circular
725,1100,700,46.99999624848309,-85,-85,-85,-85,1350,700,292.81729083945373,16.775768701587666,circular
726,1100,700,46.99999624848309,-85,-85,-85,-85,1350,700,309.5930595410414,16.775768701587666,circular
727,1100,700,46.99999624848309,-85,-85,-85,-85,1350,700,326.36882824262904,16.775768701587666,circular
728,1100,700,46.99999624848309,-85,-85,-85,-85,1350,700,343.1445969442167,16.775768701587666,circular
729,1100,700,46.99999624848309,-85,-85,-85,-85,1350,700,359.92036564580434,16.775768701587666,circular
730,1100,700,46.99999624848309,-85,-85,-85,-85,1350,700,16.69613434739199,16.775768701587666,circular
731,1100,700,46.99999624848309,-85,-85,-85,-85,1350,700,33.471903048979655,16.775768701587666,circular
732,1100,700,46.99999624848309,-85,-85,-85,-85,1350,700,50.24767175056732,16.775768701587666,circular
733,1100,700,46.99999624848309,-85,-85,-85,-85,1350,700,67.02344045215499,16.775768701587666,circular
734,1100,700,46.99999624848309,-85,-85,-85,-85,1350,700,83.79920915374265,16.775768701587666,circular
735,1100,700,46.99999624848309,-85,-85,-85,-85,1350,700,100.57497785533032,16.775768701587666,circular
736,1100,700,46.99999624848309,-85,-85,-85,-85,1350,700,117.35074655691798,16.775768701587666,circular
737,1100,700,46.99999624848309,-85,-85,-85,-85,1350,700,134.12651525850566,16.775768701587666,circular
738,1100,700,46.99999624848309,-85,-85,-85,-85,1350,700,150.9022839600933,16.775768701587666,circular
739,1100,700,46.99999624848309,-85,-85,-85,23.31969953712386,1350,700,167.67805266168097,16.775768701587666,circular
740,1100,700,46.99999624848309,-85,-85,-85,25.684904084789974,1350,700,184.45382136326862,16.775768701587666,circular
741,1100,700,46.99999624848309,-85,-85,-85,26.035130213615616,1350,700,201.22959006485627,16.775768701587666,circular
742,1100,700,46.99999624848309,-85,-85,-85,24.788337040832293,1350,700,218.00535876644392,16.775768701587666,circular
743,1100,700,46.99999624848309,-85,-85,-85,19.914354227256315,1350,700,234.78112746803157,16.775768701587666,circular
744,1100,700,46.99999624848309,-85,-85,-85,-85,1350,700,251.55689616961922,16.775768701587666,circular
745,1100,700,46.99999624848309,-85,-85,-85,-85,1350,700,268.3326648712069,16.775768701587666,circular
746,1100,700,46.99999624848309,-85,-85,-85,-85,1350,700,285.1084335727945,16.775768701587666,circular
747,1100,700,46.99999624848309,-85,-85,-85,-85,1350,700,301.8842022743822,16.775768701587666,circular
748,1100,700,46.99999624848309,-85,-85,-85,-85,1350,700,318.6599709759698,16.775768701587666,circular
749,1100,700,46.99999624848309,-85,-85,-85,-85,1350,700,335.4357396775575,16.775768701587666,circular
750,1100,700,46.99999624848309,-85,-85,-85,-85,1350,700,352.21150837914513,16.775768701587666,circular
751,1100,700,46.99999624848309,-85,-85,-85,-85,1350,700,8.987277080732781,16.775768701587666,circular
752,1100,700,46.99999624848309,-85,-85,-85,-85,1350,700,25.763045782320447,16.775768701587666,circular
753,1100,700,46.99999624848309,-85,-85,-85,-85,1350,700,42.53881448390811,16.775768701587666,circular
754,1100,700,46.99999624848309,-85,-85,-85,-85,1350,700,59.31458318549578,16.775768701587666,circular
755,1100,700,46.99999624848309,-85,-85,-85,-85,1350,700,76.09035188708344,16.775768701587666,circular
756,1100,700,46.99999624848309,-85,-85,-85,-85,1350,700,92.86612058867111,16.775768701587666,circular
757,1100,700,46.99999624848309,-85,-85,-85,-85,1350,700,109.64188929025877,16.775768701587666,circular
758,1100,700,46.99999624848309,-85,-85,-85,-85,1350,700,126.41765799184644,16.775768701587666,circular
759,1100,700,46.99999624848309,-85,-85,-85,-85,1350,700,143.1934266934341,16.775768701587666,circular
760,1100,700,46.99999624848309,-85,-85,-85,20.97742610025734,1350,700,159.96919539502176,16.775768701587666,circular
761,1100,700,46.99999624848309,-85,-85,-85,25.042923900792417,1350,700,176.7449640966094,16.775768701587666,circular
762,1100,700,46.99999624848309,-85,-85,-85,26.053745949214605,1350,700,193.52073279819706,16.775768701587666,circular
763,1100,700,46.99999624848309,-85,-85,-85,25.614204328866276,1350,700,210.2965014997847,16.775768701587666,circular
764,1100,700,46.99999624848309,-85,-85,-85,23.067302502757133,1350,700,227.07227020137236,16.775768701587666,circular
765,1100,700,46.99999624848309,-85,-85,-85,-85,1350,700,243.84803890296,16.775768701587666,circular
766,1100,700,46.99999624848309,-85,-85,-85,-85,1350,700,260.62380760454766,16.775768701587666,circular
767,1100,700,46.99999624848309,-85,-85,-85,-85,1350,700,277.3995763061353,16.775768701587666,circular
768,1100,700,46.99999624848309,-85,-85,-85,-85,1350,700,294.17534500772297,16.775768701587666,circular
769,1100,700,46.99999624848309,-85,-85,-85,-85,1350,700,310.9511137093106,16.775768701587666,circular
770,1100,700,46.99999624848309,-85,-85,-85,-85,1350,700,327.72688241089827,16.775768701587666,circular
771,1100,700,46.99999624848309,-85,-85,-85,-85,1350,700,344.5026511124859,16.775768701587666,circular
772,1100,700,46.99999624848309,-85,-85,-85,-85,1350,700,1.2784198140735725,16.775768701587666,circular
773,1100,700,46.99999624848309,-85,-85,-85,-85,1350,700,18.054188515661238,16.775768701587666,circular
774,1100,700,46.99999624848309,-85,-85,-85,-85,1350,700,34.829957217248904,16.775768701587666,circular
775,1100,700,46.99999624848309,-85,-85,-85,-85,1350,700,51.60572591883657,16.775768701587666,circular
776,1100,700,46.99999624848309,-85,-85,-85,-85,1350,700,68.38149462042423,16.775768701587666,circular
777,1100,700,46.99999624848309,-85,-85,-85,-85,1350,700,85.1572633220119,16.775768701587666,circular
778,1100,700,46.99999624848309,-85,-85,-85,-85,1350,700,101.93303202359957,16.775768701587666,circular
779,1100,700,46.99999624848309,-85,-85,-85,-85,1350,700,118.70880072518723,16.775768701587666,circular
780,1100,700,46.99999624848309,-85,-85,-85,-85,1350,700,135.4845694267749,16.775768701587666,circular
781,1100,700,46.99999624848309,-85,-85,-85,11.505794098357505,1350,700,152.26033812836255,16.775768701587666,circular
782,1100,700,46.99999624848309,-85,-85,-85,23.769789312347285,1350,700,169.0361068299502,16.775768701587666,circular
783,1100,700,46.99999624848309,-85,-85,-85,25.80746062382631,1350,700,185.81187553153785,16.775768701587666,circular
784,1100,700,46.99999624848309,-85,-85,-85,26.011117049096303,1350,700,202.5876442331255,16.775768701587666,circular
785,1100,700,46.99999624848309,-85,-85,-85,24.646943359767004,1350,700,219.36341293471315,16.775768701587666,circular
786,1100,700,46.99999624848309,-85,-85,-85,19.25639156218219,1350,700,236.1391816363008,16.775768701587666,circular
787,1100,700,46.99999624848309,-85,-85,-85,-85,1350,700,252.91495033788846,16.775768701587666,circular
788,1100,700,46.99999624848309,-85,-85,-85,-85,1350,700,269.6907190394761,16.775768701587666,circular
789,1100,700,46.99999624848309,-85,-85,-85,-85,1350,700,286.46648774106376,16.775768701587666,circular
790,1100,700,46.99999624848309,-85,-85,-85,-85,1350,700,303.2422564426514,16.775768701587666,circular
791,1100,700,46.99999624848309,-85,-85,-85,-85,1350,700,320.01802514423906,16.775768701587666,circular
792,1100,700,46.99999624848309,-85,-85,-85,-85,1350,700,336.7937938458267,16.775768701587666,circular
793,1100,700,46.99999624848309,-85,-85,-85,-85,1350,700,353.56956254741436,16.775768701587666,circular
794,1100,700,46.99999624848309,-85,-85,-85,-85,1350,700,10.345331249002015,16.775768701587666,circular
795,1100,700,46.99999624848309,-85,-85,-85,-85,1350,700,27.12109995058968,16.775768701587666,circular
796,1100,700,46.99999624848309,-85,-85,-85,-85,1350,700,43.896868652177346,16.775768701587666,circular
797,1100,700,46.99999624848309,-85,-85,-85,-85,1350,700,60.67263735376501,16.775768701587666,circular
798,1100,700,46.99999624848309,-85,-85,-85,-85,1350,700,77.44840605535268,16.775768701587666,circular
799,1100,700,46.99999624848309,-85,-85,-85,-85,1350,700,94.22417475694034,16.775768701587666,circular
800,1100,700,46.99999624848309,-85,-85,-85,-85,1350,700,110.99994345852801,16.775768701587666,circular
801,1100,700,46.99999624848309,-85,-85,-85,-85,1350,700,127.77571216011567,16.775768701587666,circular
802,1100,700,46.99999624848309,-85,-85,-85,-85,1350,700,144.55148086170334,16.775768701587666,circular
803,1100,700,46.99999624848309,-85,-85,-85,21.41811930585211,1350,700,161.327249563291,16.775768701587666,circular
804,1100,700,46.99999624848309,-85,-85,-85,25.157178905256924,1350,700,178.10301826487864,16.775768701587666,circular
805,1100,700,46.99999624848309,-85,-85,-85,26.074956048612798,1350,700,194.8787869664663,16.775768701587666,circular
806,1100,700,46.99999624848309,-85,-85,-85,25.536951728381826,1350,700,211.65455566805394,16.775768701587666,circular
807,1100,700,46.99999624848309,-85,-85,-85,22.793695368992225,1350,700,228.4303243696416,16.775768701587666,circular
808,1100,700,46.99999624848309,-85,-85,-85,-85,1350,700,245.20609307122925,16.775768701587666,circular
809,1100,700,46.99999624848309,-85,-85,-85,-85,1350,700,261.9818617728169,16.775768701587666,circular
810,1100,700,46.99999624848309,-85,-85,-85,-85,1350,700,278.75763047440455,16.775768701587666,circular
811,1100,700,46.99999624848309,-85,-85,-85,-85,1350,700,295.5333991759922,16.775768701587666,circular
812,1100,700,46.99999624848309,-85,-85,-85,-85,1350,700,312.30916787757985,16.775768701587666,circular
813,1100,700,46.99999624848309,-85,-85,-85,-85,1350,700,329.0849365791675,16.775768701587666,circular
814,1100,700,46.99999624848309,-85,-85,-85,-85,1350,700,345.86070528075516,16.775768701587666,circular
815,1100,700,46.99999624848309,-85,-85,-85,-85,1350,700,2.6364739823428067,16.775768701587666,circular
816,1100,700,46.99999624848309,-85,-85,-85,-85,1350,700,19.412242683930472,16.775768701587666,circular
817,1100,700,46.99999624848309,-85,-85,-85,-85,1350,700,36.18801138551814,16.775768701587666,circular
818,1100,700,46.99999624848309,-85,-85,-85,-85,1350,700,52.9637800871058,16.775768701587666,circular
819,1100,700,46.99999624848309,-85,-85,-85,-85,1350,700,69.73954878869347,16.775768701587666,circular
820,1100,700,46.99999624848309,-85,-85,-85,-85,1350,700,86.51531749028113,16.775768701587666,circular
821,1100,700,46.99999624848309,-85,-85,-85,-85,1350,700,103.2910861918688,16.775768701587666,circular
822,1100,700,46.99999624848309,-85,-85,-85,-85,1350,700,120.06685489345647,16.775768701587666,circular
823,1100,700,46.99999624848309,-85,-85,-85,-85,1350,700,136.84262359504413,16.775768701587666,circular
824,1100,700,46.99999624848309,-85,-85,-85,14.513447644213304,1350,700,153.61839229663178,16.775768701587666,circular
825,1100,700,46.99999624848309,-85,-85,-85,23.971022246457757,1350,700,170.39416099821943,16.775768701587666,circular
826,1100,700,46.99999624848309,-85,-85,-85,25.859665714847075,1350,700,187.16992969980708,16.775768701587666,circular
827,1100,700,46.99999624848309,-85,-85,-85,25.946643644493044,1350,700,203.94569840139474,16.775768701587666,circular
828,1100,700,46.99999624848309,-85,-85,-85,24.332711411139446,1350,700,220.7214671029824,16.775768701587666,circular
829,1100,700,46.99999624848309,-85,-85,-85,18.474304759512954,1350,700,237.49723580457004,16.775768701587666,circular
830,1100,700,46.99999624848309,-85,-85,-85,-85,1350,700,254.2730045061577,16.775768701587666,circular
831,1100,700,46.99999624848309,-85,-85,-85,-85,1350,700,271.04877320774534,16.775768701587666,circular
832,1100,700,46.99999624848309,-85,-85,-85,-85,1350,700,287.824541909333,16.775768701587666,circular
833,1100,700,46.99999624848309,-85,-85,-85,-85,1350,700,304.60031061092064,16.775768701587666,circular
834,1100,700,46.99999624848309,-85,-85,-85,-85,1350,700,321.3760793125083,16.775768701587666,circular
835,1100,700,46.99999624848309,-85,-85,-85,-85,1350,700,338.15184801409595,16.775768701587666,circular
836,1100,700,46.99999624848309,-85,-85,-85,-85,1350,700,354.9276167156836,16.775768701587666,circular
837,1100,700,46.99999624848309,-85,-85,-85,-85,1350,700,11.70338541727125,16.775768701587666,circular
838,1100,700,46.99999624848309,-85,-85,-85,-85,1350,700,28.479154118858915,16.775768701587666,circular
839,1100,700,46.99999624848309,-85,-85,-85,-85,1350,700,45.25492282044658,16.775768701587666,circular
840,1100,700,46.99999624848309,-85,-85,-85,-85,1350,700,62.030691522034246,16.775768701587666,circular
841,1100,700,46.99999624848309,-85,-85,-85,-85,1350,700,78.80646022362191,16.775768701587666,circular
842,1100,700,46.99999624848309,-85,-85,-85,-85,1350,700,95.58222892520958,16.775768701587666,circular
843,1100,700,46.99999624848309,-85,-85,-85,-85,1350,700,112.35799762679724,16.775768701587666,circular
844,1100,700,46.99999624848309,-85,-85,-85,-85,1350,700,129.13376632838492,16.775768701587666,circular
845,1100,700,46.99999624848309,-85,-85,-85,-85,1350,700,145.90953502997257,16.775768701587666,circular
846,1100,700,46.99999624848309,-85,-85,-85,21.813356630230874,1350,700,162.68530373156023,16.775768701587666,circular
847,1100,700,46.99999624848309,-85,-85,-85,25.26334459461691,1350,700,179.46107243314788,16.775768701587666,circular
848,1100,700,46.99999624848309,-85,-85,-85,26.077602459396946,1350,700,196.23684113473553,16.775768701587666,circular
849,1100,700,46.99999624848309,-85,-85,-85,25.361807294499556,1350,700,213.01260983632318,16.775768701587666,circular
850,1100,700,46.99999624848309,-85,-85,-85,22.170735458799452,1350,700,229.78837853791083,16.775768701587666,circular
851,1100,700,46.99999624848309,-85,-85,-85,-85,1350,700,246.56414723949848,16.775768701587666,circular
852,1100,700,46.99999624848309,-85,-85,-85,-85,1350,700,263.33991594108613,16.775768701587666,circular
853,1100,700,46.99999624848309,-85,-85,-85,-85,1350,700,280.1156846426738,16.775768701587666,circular
854,1100,700,46.99999624848309,-85,-85,-85,-85,1350,700,296.89145334426144,16.775768701587666,circular
855,1100,700,46.99999624848309,-85,-85,-85,-85,1350,700,313.6672220458491,16.775768701587666,circular
856,1100,700,46.99999624848309,-85,-85,-85,-85,1350,700,330.44299074743674,16.775768701587666,circular
857,1100,700,46.99999624848309,-85,-85,-85,-85,1350,700,347.2187594490244,16.775768701587666,circular
858,1100,700,46.99999624848309,-85,-85,-85,-85,1350,700,3.994528150612041,16.775768701587666,circular
859,1100,700,46.99999624848309,-85,-85,-85,-85,1350,700,20.770296852199706,16.775768701587666,circular
860,1100,700,46.99999624848309,-85,-85,-85,-85,1350,700,37.54606555378737,16.775768701587666,circular
861,1100,700,46.99999624848309,-85,-85,-85,-85,1350,700,54.32183425537504,16.775768701587666,circular
862,1100,700,46.99999624848309,-85,-85,-85,-85,1350,700,71.0976029569627,16.775768701587666,circular
863,1100,700,46.99999624848309,-85,-85,-85,-85,1350,700,87.87337165855037,16.775768701587666,circular
864,1100,700,46.99999624848309,-85,-85,-85,-85,1350,700,104.64914036013803,16.775768701587666,circular
865,1100,700,46.99999624848309,-85,-85,-85,-85,1350,700,121.4249090617257,16.775768701587666,circular
866,1100,700,46.99999624848309,-85,-85,-85,-85,1350,700,138.20067776331337,16.775768701587666,circular
867,1100,700,46.99999624848309,-85,-85,-85,17.513155499392102,1350,700,154.97644646490102,16.775768701587666,circular
868,1100,700,46.99999624848309,-85,-85,-85,24.33271141113945,1350,700,171.75221516648867,16.775768701587666,circular
869,1100,700,46.99999624848309,-85,-85,-85,25.906018829630398,1350,700,188.52798386807632,16.775768701587666,circular
870,1100,700,46.99999624848309,-85,-85,-85,25.906018829630398,1350,700,205.30375256966397,16.775768701587666,circular
871,1100,700,46.99999624848309,-85,-85,-85,24.1582774269213,1350,700,222.07952127125162,16.775768701587666,circular
872,1100,700,46.99999624848309,-85,-85,-85,16.269948115724716,1350,700,238.85528997283927,16.775768701587666,circular
873,1100,700,46.99999624848309,-85,-85,-85,-85,1350,700,255.63105867442692,16.775768701587666,circular
874,1100,700,46.99999624848309,-85,-85,-85,-85,1350,700,272.4068273760146,16.775768701587666,circular
875,1100,700,46.99999624848309,-85,-85,-85,-85,1350,700,289.1825960776022,16.775768701587666,circular
876,1100,700,46.99999624848309,-85,-85,-85,-85,1350,700,305.9583647791899,16.775768701587666,circular
877,1100,700,46.99999624848309,-85,-85,-85,-85,1350,700,322.73413348077753,16.775768701587666,circular
878,1100,700,46.99999624848309,-85,-85,-85,-85,1350,700,339.5099021823652,16.775768701587666,circular
879,1100,700,46.99999624848309,-85,-85,-85,-85,1350,700,356.28567088395283,16.775768701587666,circular
880,1100,700,46.99999624848309,-85,-85,-85,-85,1350,700,13.061439585540484,16.775768701587666,circular
881,1100,700,46.99999624848309,-85,-85,-85,-85,1350,700,29.83720828712815,16.775768701587666,circular
882,1100,700,46.99999624848309,-85,-85,-85,-85,1350,700,46.612976988715815,16.775768701587666,circular
883,1100,700,46.99999624848309,-85,-85,-85,-85,1350,700,63.38874569030348,16.775768701587666,circular
884,1100,700,46.99999624848309,-85,-85,-85,-85,1350,700,80.16451439189115,16.775768701587666,circular
885,1100,700,46.99999624848309,-85,-85,-85,-85,1350,700,96.94028309347881,16.775768701587666,circular
886,1100,700,46.99999624848309,-85,-85,-85,-85,1350,700,113.71605179506648,16.775768701587666,circular
887,1100,700,46.99999624848309,-85,-85,-85,-85,1350,700,130.49182049665416,16.775768701587666,circular
888,1100,700,46.99999624848309,-85,-85,-85,-85,1350,700,147.2675891982418,16.775768701587666,circular
889,1100,700,46.99999624848309,-85,-85,-85,22.496022074683278,1350,700,164.04335789982946,16.775768701587666,circular
890,1100,700,46.99999624848309,-85,-85,-85,25.452908776355446,1350,700,180.8191266014171,16.775768701587666,circular
891,1100,700,46.99999624848309,-85,-85,-85,26.077602459396946,1350,700,197.59489530300476,16.775768701587666,circular
892,1100,700,46.99999624848309,-85,-85,-85,25.263344594616918,1350,700,214.3706640045924,16.775768701587666,circular
893,1100,700,46.99999624848309,-85,-85,-85,21.81335663023087,1350,700,231.14643270618006,16.775768701587666,circular
894,1100,700,46.99999624848309,-85,-85,-85,-85,1350,700,247.92220140776772,16.775768701587666,circular
895,1100,700,46.99999624848309,-85,-85,-85,-85,1350,700,264.69797010935537,16.775768701587666,circular
896,1100,700,46.99999624848309,-85,-85,-85,-85,1350,700,281.473738810943,16.775768701587666,circular
897,1100,700,46.99999624848309,-85,-85,-85,-85,1350,700,298.24950751253067,16.775768701587666,circular
898,1100,700,46.99999624848309,-85,-85,-85,-85,1350,700,315.0252762141183,16.775768701587666,circular
899,1100,700,46.99999624848309,-85,-85,-85,-85,1350,700,331.801044915706,16.775768701587666,circular
900,1100,700,46.99999624848309,-85,-85,-85,-85,1350,700,348.5768136172936,16.775768701587666,circular
901,1100,700,46.99999624848309,-85,-85,-85,-85,1350,700,5.352582318881275,16.775768701587666,circular
902,1100,700,46.99999624848309,-85,-85,-85,-85,1350,700,22.12835102046894,16.775768701587666,circular
903,1100,700,46.99999624848309,-85,-85,-85,-85,1350,700,38.904119722056606,16.775768701587666,circular
904,1100,700,46.99999624848309,-85,-85,-85,-85,1350,700,55.67988842364427,16.775768701587666,circular
905,1100,700,46.99999624848309,-85,-85,-85,-85,1350,700,72.45565712523194,16.775768701587666,circular
906,1100,700,46.99999624848309,-85,-85,-85,-85,1350,700,89.2314258268196,16.775768701587666,circular
907,1100,700,46.99999624848309,-85,-85,-85,-85,1350,700,106.00719452840727,16.775768701587666,circular
908,1100,700,46.99999624848309,-85,-85,-85,-85,1350,700,122.78296322999493,16.775768701587666,circular
909,1100,700,46.99999624848309,-85,-85,-85,-85,1350,700,139.5587319315826,16.775768701587666,circular
910,1100,700,46.99999624848309,-85,-85,-85,18.47430475951294,1350,700,156.33450063317025,16.775768701587666,circular
911,1100,700,46.99999624848309,-85,-85,-85,24.495315191602927,1350,700,173.1102693347579,16.775768701587666,circular
912,1100,700,46.99999624848309,-85,-85,-85,25.9816463993744,1350,700,189.88603803634555,16.775768701587666,circular
913,1100,700,46.99999624848309,-85,-85,-85,25.859665714847075,1350,700,206.6618067379332,16.775768701587666,circular
914,1100,700,46.99999624848309,-85,-85,-85,23.97102224645776,1350,700,223.43757543952086,16.775768701587666,circular
915,1100,700,46.99999624848309,-85,-85,-85,14.513447644213265,1350,700,240.2133441411085,16.775768701587666,circular
916,1100,700,46.99999624848309,-85,-85,-85,-85,1350,700,256.98911284269616,16.775768701587666,circular
917,1100,700,46.99999624848309,-85,-85,-85,-85,1350,700,273.7648815442838,16.775768701587666,circular
918,1100,700,46.99999624848309,-85,-85,-85,-85,1350,700,290.54065024587146,16.775768701587666,circular
919,1100,700,46.99999624848309,-85,-85,-85,-85,1350,700,307.3164189474591,16.775768701587666,circular
920,1100,700,46.99999624848309,-85,-85,-85,-85,1350,700,324.09218764904676,16.775768701587666,circular
921,1100,700,46.99999624848309,-85,-85,-85,-85,1350,700,340.8679563506344,16.775768701587666,circular
922,1100,700,46.99999624848309,-85,-85,-85,-85,1350,700,357.64372505222207,16.775768701587666,circular
923,1100,700,46.99999624848309,-85,-85,-85,-85,1350,700,14.419493753809718,16.775768701587666,circular
924,1100,700,46.99999624848309,-85,-85,-85,-85,1350,700,31.195262455397383,16.775768701587666,circular
925,1100,700,46.99999624848309,-85,-85,-85,-85,1350,700,47.97103115698505,16.775768701587666,circular
926,1100,700,46.99999624848309,-85,-85,-85,-85,1350,700,64.74679985857271,16.775768701587666,circular
927,1100,700,46.99999624848309,-85,-85,-85,-85,1350,700,81.52256856016038,16.775768701587666,circular
928,1100,700,46.99999624848309,-85,-85,-85,-85,1350,700,98.29833726174805,16.775768701587666,circular
929,1100,700,46.99999624848309,-85,-85,-85,-85,1350,700,115.07410596333571,16.775768701587666,circular
930,1100,700,46.99999624848309,-85,-85,-85,-85,1350,700,131.8498746649234,16.775768701587666,circular
931,1100,700,46.99999624848309,-85,-85,-85,-85,1350,700,148.62564336651104,16.775768701587666,circular
932,1100,700,46.99999624848309,-85,-85,-85,22.793695368992218,1350,700,165.4014120680987,16.775768701587666,circular
933,1100,700,46.99999624848309,-85,-85,-85,25.536951728381826,1350,700,182.17718076968634,16.775768701587666,circular
934,1100,700,46.99999624848309,-85,-85,-85,26.067010357935978,1350,700,198.952949471274,16.775768701587666,circular
935,1100,700,46.99999624848309,-85,-85,-85,25.042923900792417,1350,700,215.72871817286165,16.775768701587666,circular
936,1100,700,46.99999624848309,-85,-85,-85,21.418119305852123,1350,700,232.5044868744493,16.775768701587666,circular
937,1100,700,46.99999624848309,-85,-85,-85,-85,1350,700,249.28025557603695,16.775768701587666,circular
938,1100,700,46.99999624848309,-85,-85,-85,-85,1350,700,266.0560242776246,16.775768701587666,circular
939,1100,700,46.99999624848309,-85,-85,-85,-85,1350,700,282.83179297921225,16.775768701587666,circular
940,1100,700,46.99999624848309,-85,-85,-85,-85,1350,700,299.6075616807999,16.775768701587666,circular
941,1100,700,46.99999624848309,-85,-85,-85,-85,1350,700,316.38333038238756,16.775768701587666,circular
942,1100,700,46.99999624848309,-85,-85,-85,-85,1350,700,333.1590990839752,16.775768701587666,circular
943,1100,700,46.99999624848309,-85,-85,-85,-85,1350,700,349.93486778556286,16.775768701587666,circular
944,1100,700,46.99999624848309,-85,-85,-85,-85,1350,700,6.710636487150509,16.775768701587666,circular
945,1100,700,46.99999624848309,-85,-85,-85,-85,1350,700,23.486405188738175,16.775768701587666,circular
946,1100,700,46.99999624848309,-85,-85,-85,-85,1350,700,40.26217389032584,16.775768701587666,circular
947,1100,700,46.99999624848309,-85,-85,-85,-85,1350,700,57.037942591913506,16.775768701587666,circular
948,1100,700,46.99999624848309,-85,-85,-85,-85,1350,700,73.81371129350117,16.775768701587666,circular
949,1100,700,46.99999624848309,-85,-85,-85,-85,1350,700,90.58947999508884,16.775768701587666,circular
950,1100,700,46.99999624848309,-85,-85,-85,-85,1350,700,107.3652486966765,16.775768701587666,circular
951,1100,700,46.99999624848309,-85,-85,-85,-85,1350,700,124.14101739826417,16.775768701587666,circular
952,1100,700,46.99999624848309,-85,-85,-85,-85,1350,700,140.91678609985183,16.775768701587666,circular
953,1100,700,46.99999624848309,-85,-85,-85,19.91435422725632,1350,700,157.69255480143948,16.775768701587666,circular
954,1100,700,46.99999624848309,-85,-85,-85,24.646943359767004,1350,700,174.46832350302714,16.775768701587666,circular
955,1100,700,46.99999624848309,-85,-85,-85,26.011117049096303,1350,700,191.2440922046148,16.775768701587666,circular
956,1100,700,46.99999624848309,-85,-85,-85,25.7492610641292,1350,700,208.01986090620244,16.775768701587666,circular
957,1100,700,46.99999624848309,-85,-85,-85,23.553218972269416,1350,700,224.7956296077901,16.775768701587666,circular
958,1100,700,46.99999624848309,-85,-85,-85,11.50579409835762,1350,700,241.57139830937774,16.775768701587666,circular
959,1100,700,46.99999624848309,-85,-85,-85,-85,1350,700,258.3471670109654,16.775768701587666,circular
960,1100,700,46.99999624848309,-85,-85,-85,-85,1350,700,275.12293571255304,16.775768701587666,circular
961,1100,700,46.99999624848309,-85,-85,-85,-85,1350,700,291.8987044141407,16.775768701587666,circular
962,1100,700,46.99999624848309,-85,-85,-85,-85,1350,700,308.67447311572835,16.775768701587666,circular
963,1100,700,46.99999624848309,-85,-85,-85,-85,1350,700,325.450241817316,16.775768701587666,circular
964,1100,700,46.99999624848309,-85,-85,-85,-85,1350,700,342.22601051890365,16.775768701587666,circular
965,1100,700,46.99999624848309,-85,-85,-85,-85,1350,700,359.0017792204913,16.775768701587666,circular
966,1100,700,46.99999624848309,-85,-85,-85,-85,1350,700,15.777547922078952,16.775768701587666,circular
967,1100,700,46.99999624848309,-85,-85,-85,-85,1350,700,32.55331662366662,16.775768701587666,circular
968,1100,700,46.99999624848309,-85,-85,-85,-85,1350,700,49.32908532525428,16.775768701587666,circular
969,1100,700,46.99999624848309,-85,-85,-85,-85,1350,700,66.10485402684195,16.775768701587666,circular
970,1100,700,46.99999624848309,-85,-85,-85,-85,1350,700,82.88062272842961,16.775768701587666,circular
971,1100,700,46.99999624848309,-85,-85,-85,-85,1350,700,99.65639143001728,16.775768701587666,circular
972,1100,700,46.99999624848309,-85,-85,-85,-85,1350,700,116.43216013160495,16.775768701587666,circular
973,1100,700,46.99999624848309,-85,-85,-85,-85,1350,700,133.20792883319263,16.775768701587666,circular
974,1100,700,46.99999624848309,-85,-85,-85,-85,1350,700,149.98369753478028,16.775768701587666,circular
975,1100,700,46.99999624848309,-85,-85,-85,23.31969953712386,1350,700,166.75946623636793,16.775768701587666,circular
976,1100,700,46.99999624848309,-85,-85,-85,25.614204328866276,1350,700,183.53523493795558,16.775768701587666,circular
977,1100,700,46.99999624848309,-85,-85,-85,26.053745949214605,1350,700,200.31100363954323,16.775768701587666,circular
978,1100,700,46.99999624848309,-85,-85,-85,24.92014212493214,1350,700,217.08677234113088,16.775768701587666,circular
979,1100,700,46.99999624848309,-85,-85,-85,20.48098321025059,1350,700,233.86254104271853,16.775768701587666,circular
980,1100,700,46.99999624848309,-85,-85,-85,-85,1350,700,250.63830974430618,16.775768701587666,circular
981,1100,700,46.99999624848309,-85,-85,-85,-85,1350,700,267.41407844589384,16.775768701587666,circular
982,1100,700,46.99999624848309,-85,-85,-85,-85,1350,700,284.1898471474815,16.775768701587666,circular
983,1100,700,46.99999624848309,-85,-85,-85,-85,1350,700,300.96561584906914,16.775768701587666,circular
984,1100,700,46.99999624848309,-85,-85,-85,-85,1350,700,317.7413845506568,16.775768701587666,circular
985,1100,700,46.99999624848309,-85,-85,-85,-85,1350,700,334.51715325224444,16.775768701587666,circular
986,1100,700,46.99999624848309,-85,-85,-85,-85,1350,700,351.2929219538321,16.775768701587666,circular
987,1100,700,46.99999624848309,-85,-85,-85,-85,1350,700,8.068690655419744,16.775768701587666,circular
988,1100,700,46.99999624848309,-85,-85,-85,-85,1350,700,24.84445935700741,16.775768701587666,circular
989,1100,700,46.99999624848309,-85,-85,-85,-85,1350,700,41.620228058595075,16.775768701587666,circular
990,1100,700,46.99999624848309,-85,-85,-85,-85,1350,700,58.39599676018274,16.775768701587666,circular
991,1100,700,46.99999624848309,-85,-85,-85,-85,1350,700,75.1717654617704,16.775768701587666,circular
992,1100,700,46.99999624848309,-85,-85,-85,-85,1350,700,91.94753416335807,16.775768701587666,circular
993,1100,700,46.99999624848309,-85,-85,-85,-85,1350,700,108.72330286494574,16.775768701587666,circular
994,1100,700,46.99999624848309,-85,-85,-85,-85,1350,700,125.4990715665334,16.775768701587666,circular
995,1100,700,46.99999624848309,-85,-85,-85,-85,1350,700,142.27484026812107,16.775768701587666,circular
996,1100,700,46.99999624848309,-85,-85,-85,20.48098321025059,1350,700,159.05060896970872,16.775768701587666,circular
997,1100,700,46.99999624848309,-85,-85,-85,24.92014212493214,1350,700,175.82637767129637,16.775768701587666,circular
998,1100,700,46.99999624848309,-85,-85,-85,26.035130213615616,1350,700,192.60214637288402,16.775768701587666,circular
999,1100,700,46.99999624848309,-85,-85,-85,25.684904084789977,1350,700,209.37791507447167,16.775768701587666,circular
