Tick,Aircraft X,Aircraft Y,Aircraft Heading,A1,A2,A3,A4,Radar X,Radar Y,Radar Azimuth,Radar RPM,Radar Scan Pattern
0,1100,700,54.09402168493731,-85,-85,-85,-85,1350,700,108.06061028235953,13.180013213783393,circular
1,1100,700,54.09402168493731,-85,-85,-85,-85,1350,700,121.24062349614293,13.180013213783393,circular
2,1100,700,54.09402168493731,-85,-85,-85,-85,1350,700,134.42063670992633,13.180013213783393,circular
3,1100,700,54.09402168493731,-85,-85,-85,-85,1350,700,147.6006499237097,13.180013213783393,circular
4,1100,700,54.09402168493731,-85,-85,21.813356630230874,22.496022074683278,1350,700,160.7806631374931,13.180013213783393,circular
5,1100,700,54.09402168493731,-85,-85,24.78833704083229,25.157178905256924,1350,700,173.96067635127648,13.180013213783393,circular
6,1100,700,54.09402168493731,-85,-85,25.906018829630398,26.011117049096303,1350,700,187.14068956505986,13.180013213783393,circular
7,1100,700,54.09402168493731,-85,-85,26.035130213615616,25.946643644493044,1350,700,200.32070277884324,13.180013213783393,circular
8,1100,700,54.09402168493731,-85,-85,25.157178905256924,24.92014212493214,1350,700,213.50071599262662,13.180013213783393,circular
9,1100,700,54.09402168493731,-85,-85,22.793695368992225,22.170735458799452,1350,700,226.68072920641,13.180013213783393,circular
10,1100,700,54.09402168493731,-85,-85,11.50579409835762,-85,1350,700,239.8607424201934,13.180013213783393,circular
11,1100,700,54.09402168493731,-85,-85,-85,-85,1350,700,253.04075563397677,13.180013213783393,circular
12,1100,700,54.09402168493731,-85,-85,-85,-85,1350,700,266.22076884776016,13.180013213783393,circular
13,1100,700,54.09402168493731,-85,-85,-85,-85,1350,700,279.40078206154357,13.180013213783393,circular
14,1100,700,54.09402168493731,-85,-85,-85,-85,1350,700,292.580795275327,13.180013213783393,circular
15,1100,700,54.09402168493731,-85,-85,-85,-85,1350,700,305.7608084891104,13.180013213783393,circular
16,1100,700,54.09402168493731,-85,-85,-85,-85,1350,700,318.9408217028938,13.180013213783393,circular
17,1100,700,54.09402168493731,-85,-85,-85,-85,1350,700,332.1208349166772,13.180013213783393,circular
18,1100,700,54.09402168493731,-85,-85,-85,-85,1350,700,345.3008481304606,13.180013213783393,circular
19,1100,700,54.09402168493731,-85,-85,-85,-85,1350,700,358.48086134424403,13.180013213783393,circular
20,1100,700,54.09402168493731,-85,-85,-85,-85,1350,700,11.660874558027444,13.180013213783393,circular
21,1100,700,54.09402168493731,-85,-85,-85,-85,1350,700,24.840887771810838,13.180013213783393,circular
22,1100,700,54.09402168493731,-85,-85,-85,-85,1350,700,38.02090098559423,13.180013213783393,circular
23,1100,700,54.09402168493731,-85,-85,-85,-85,1350,700,51.20091419937762,13.180013213783393,circular
24,1100,700,54.09402168493731,-85,-85,-85,-85,1350,700,64.38092741316102,13.180013213783393,circular
25,1100,700,54.09402168493731,-85,-85,-85,-85,1350,700,77.56094062694442,13.180013213783393,circular
26,1100,700,54.09402168493731,-85,-85,-85,-85,1350,700,90.74095384072781,13.180013213783393,circular
27,1100,700,54.09402168493731,-85,-85,-85,-85,1350,700,103.92096705451121,13.180013213783393,circular
28,1100,700,54.09402168493731,-85,-85,-85,-85,1350,700,117.1009802682946,13.180013213783393,circular
29,1100,700,54.09402168493731,-85,-85,-85,-85,1350,700,130.280993482078,13.180013213783393,circular
30,1100,700,54.09402168493731,-85,-85,-85,-85,1350,700,143.46100669586139,13.180013213783393,circular
31,1100,700,54.09402168493731,-85,-85,19.91435422725632,20.97742610025734,1350,700,156.64101990964477,13.180013213783393,circular
32,1100,700,54.09402168493731,-85,-85,24.1582774269213,24.646943359767004,1350,700,169.82103312342815,13.180013213783393,circular
33,1100,700,54.09402168493731,-85,-85,25.684904084789974,25.859665714847075,1350,700,183.00104633721153,13.180013213783393,circular
34,1100,700,54.09402168493731,-85,-85,26.077602459396946,26.053745949214605,1350,700,196.18105955099492,13.180013213783393,circular
35,1100,700,54.09402168493731,-85,-85,25.614204328866276,25.361807294499556,1350,700,209.3610727647783,13.180013213783393,circular
36,1100,700,54.09402168493731,-85,-85,23.769789312347285,23.319699537123853,1350,700,222.54108597856168,13.180013213783393,circular
37,1100,700,54.09402168493731,-85,-85,18.474304759512954,16.269948115724716,1350,700,235.72109919234506,13.180013213783393,circular
38,1100,700,54.09402168493731,-85,-85,-85,-85,1350,700,248.90111240612845,13.180013213783393,circular
39,1100,700,54.09402168493731,-85,-85,-85,-85,1350,700,262.08112561991186,13.180013213783393,circular
40,1100,700,54.09402168493731,-85,-85,-85,-85,1350,700,275.26113883369527,13.180013213783393,circular
41,1100,700,54.09402168493731,-85,-85,-85,-85,1350,700,288.4411520474787,13.180013213783393,circular
42,1100,700,54.09402168493731,-85,-85,-85,-85,1350,700,301.6211652612621,13.180013213783393,circular
43,1100,700,54.09402168493731,-85,-85,-85,-85,1350,700,314.8011784750455,13.180013213783393,circular
44,1100,700,54.09402168493731,-85,-85,-85,-85,1350,700,327.9811916888289,13.180013213783393,circular
45,1100,700,54.09402168493731,-85,-85,-85,-85,1350,700,341.1612049026123,13.180013213783393,circular
46,1100,700,54.09402168493731,-85,-85,-85,-85,1350,700,354.34121811639574,13.180013213783393,circular
47,1100,700,54.09402168493731,-85,-85,-85,-85,1350,700,7.521231330179148,13.180013213783393,circular
48,1100,700,54.09402168493731,-85,-85,-85,-85,1350,700,20.70124454396254,13.180013213783393,circular
49,1100,700,54.09402168493731,-85,-85,-85,-85,1350,700,33.881257757745935,13.180013213783393,circular
50,1100,700,54.09402168493731,-85,-85,-85,-85,1350,700,47.061270971529325,13.180013213783393,circular
51,1100,700,54.09402168493731,-85,-85,-85,-85,1350,700,60.24128418531272,13.180013213783393,circular
52,1100,700,54.09402168493731,-85,-85,-85,-85,1350,700,73.42129739909612,13.180013213783393,circular
53,1100,700,54.09402168493731,-85,-85,-85,-85,1350,700,86.60131061287952,13.180013213783393,circular
54,1100,700,54.09402168493731,-85,-85,-85,-85,1350,700,99.78132382666291,13.180013213783393,circular
55,1100,700,54.09402168493731,-85,-85,-85,-85,1350,700,112.96133704044631,13.180013213783393,circular
56,1100,700,54.09402168493731,-85,-85,-85,-85,1350,700,126.1413502542297,13.180013213783393,circular
57,1100,700,54.09402168493731,-85,-85,-85,-85,1350,700,139.3213634680131,13.180013213783393,circular
58,1100,700,54.09402168493731,-85,-85,16.269948115724727,18.47430475951294,1350,700,152.50137668179647,13.180013213783393,circular
59,1100,700,54.09402168493731,-85,-85,23.31969953712386,23.769789312347285,1350,700,165.68138989557985,13.180013213783393,circular
60,1100,700,54.09402168493731,-85,-85,25.36180729449956,25.614204328866276,1350,700,178.86140310936324,13.180013213783393,circular
61,1100,700,54.09402168493731,-85,-85,26.053745949214605,26.077602459396946,1350,700,192.04141632314662,13.180013213783393,circular
62,1100,700,54.09402168493731,-85,-85,25.859665714847075,25.684904084789977,1350,700,205.22142953693,13.180013213783393,circular
63,1100,700,54.09402168493731,-85,-85,24.646943359767004,24.1582774269213,1350,700,218.4014427507134,13.180013213783393,circular
64,1100,700,54.09402168493731,-85,-85,20.97742610025735,19.914354227256315,1350,700,231.58145596449677,13.180013213783393,circular
65,1100,700,54.09402168493731,-85,-85,-85,-85,1350,700,244.76146917828015,13.180013213783393,circular
66,1100,700,54.09402168493731,-85,-85,-85,-85,1350,700,257.94148239206356,13.180013213783393,circular
67,1100,700,54.09402168493731,-85,-85,-85,-85,1350,700,271.121495605847,13.180013213783393,circular
68,1100,700,54.09402168493731,-85,-85,-85,-85,1350,700,284.3015088196304,13.180013213783393,circular
69,1100,700,54.09402168493731,-85,-85,-85,-85,1350,700,297.4815220334138,13.180013213783393,circular
70,1100,700,54.09402168493731,-85,-85,-85,-85,1350,700,310.6615352471972,13.180013213783393,circular
71,1100,700,54.09402168493731,-85,-85,-85,-85,1350,700,323.8415484609806,13.180013213783393,circular
72,1100,700,54.09402168493731,-85,-85,-85,-85,1350,700,337.02156167476403,13.180013213783393,circular
73,1100,700,54.09402168493731,-85,-85,-85,-85,1350,700,350.20157488854744,13.180013213783393,circular
74,1100,700,54.09402168493731,-85,-85,-85,-85,1350,700,3.381588102330852,13.180013213783393,circular
75,1100,700,54.09402168493731,-85,-85,-85,-85,1350,700,16.561601316114245,13.180013213783393,circular
76,1100,700,54.09402168493731,-85,-85,-85,-85,1350,700,29.74161452989764,13.180013213783393,circular
77,1100,700,54.09402168493731,-85,-85,-85,-85,1350,700,42.92162774368103,13.180013213783393,circular
78,1100,700,54.09402168493731,-85,-85,-85,-85,1350,700,56.101640957464426,13.180013213783393,circular
79,1100,700,54.09402168493731,-85,-85,-85,-85,1350,700,69.28165417124782,13.180013213783393,circular
80,1100,700,54.09402168493731,-85,-85,-85,-85,1350,700,82.46166738503122,13.180013213783393,circular
81,1100,700,54.09402168493731,-85,-85,-85,-85,1350,700,95.64168059881462,13.180013213783393,circular
82,1100,700,54.09402168493731,-85,-85,-85,-85,1350,700,108.82169381259801,13.180013213783393,circular
83,1100,700,54.09402168493731,-85,-85,-85,-85,1350,700,122.00170702638141,13.180013213783393,circular
84,1100,700,54.09402168493731,-85,-85,-85,-85,1350,700,135.1817202401648,13.180013213783393,circular
85,1100,700,54.09402168493731,-85,-85,-85,11.505794098357505,1350,700,148.36173345394818,13.180013213783393,circular
86,1100,700,54.09402168493731,-85,-85,22.170735458799452,22.793695368992218,1350,700,161.54174666773156,13.180013213783393,circular
87,1100,700,54.09402168493731,-85,-85,24.92014212493214,25.157178905256924,1350,700,174.72175988151494,13.180013213783393,circular
88,1100,700,54.09402168493731,-85,-85,25.946643644493044,26.035130213615616,1350,700,187.90177309529832,13.180013213783393,circular
89,1100,700,54.09402168493731,-85,-85,26.011117049096303,25.906018829630398,1350,700,201.0817863090817,13.180013213783393,circular
90,1100,700,54.09402168493731,-85,-85,25.157178905256924,24.788337040832293,1350,700,214.2617995228651,13.180013213783393,circular
91,1100,700,54.09402168493731,-85,-85,22.793695368992225,21.81335663023087,1350,700,227.44181273664847,13.180013213783393,circular
92,1100,700,54.09402168493731,-85,-85,-85,-85,1350,700,240.62182595043186,13.180013213783393,circular
93,1100,700,54.09402168493731,-85,-85,-85,-85,1350,700,253.80183916421524,13.180013213783393,circular
94,1100,700,54.09402168493731,-85,-85,-85,-85,1350,700,266.9818523779986,13.180013213783393,circular
95,1100,700,54.09402168493731,-85,-85,-85,-85,1350,700,280.16186559178203,13.180013213783393,circular
96,1100,700,54.09402168493731,-85,-85,-85,-85,1350,700,293.34187880556544,13.180013213783393,circular
97,1100,700,54.09402168493731,-85,-85,-85,-85,1350,700,306.52189201934885,13.180013213783393,circular
98,1100,700,54.09402168493731,-85,-85,-85,-85,1350,700,319.70190523313227,13.180013213783393,circular
99,1100,700,54.09402168493731,-85,-85,-85,-85,1350,700,332.8819184469157,13.180013213783393,circular
100,1100,700,54.09402168493731,-85,-85,-85,-85,1350,700,346.0619316606991,13.180013213783393,circular
101,1100,700,54.09402168493731,-85,-85,-85,-85,1350,700,359.2419448744825,13.180013213783393,circular
102,1100,700,54.09402168493731,-85,-85,-85,-85,1350,700,12.42195808826591,13.180013213783393,circular
103,1100,700,54.09402168493731,-85,-85,-85,-85,1350,700,25.601971302049304,13.180013213783393,circular
104,1100,700,54.09402168493731,-85,-85,-85,-85,1350,700,38.7819845158327,13.180013213783393,circular
105,1100,700,54.09402168493731,-85,-85,-85,-85,1350,700,51.96199772961609,13.180013213783393,circular
106,1100,700,54.09402168493731,-85,-85,-85,-85,1350,700,65.14201094339948,13.180013213783393,circular
107,1100,700,54.09402168493731,-85,-85,-85,-85,1350,700,78.32202415718288,13.180013213783393,circular
108,1100,700,54.09402168493731,-85,-85,-85,-85,1350,700,91.50203737096628,13.180013213783393,circular
109,1100,700,54.09402168493731,-85,-85,-85,-85,1350,700,104.68205058474967,13.180013213783393,circular
110,1100,700,54.09402168493731,-85,-85,-85,-85,1350,700,117.86206379853307,13.180013213783393,circular
111,1100,700,54.09402168493731,-85,-85,-85,-85,1350,700,131.04207701231647,13.180013213783393,circular
112,1100,700,54.09402168493731,-85,-85,-85,-85,1350,700,144.22209022609985,13.180013213783393,circular
113,1100,700,54.09402168493731,-85,-85,19.91435422725632,21.41811930585211,1350,700,157.40210343988323,13.180013213783393,circular
114,1100,700,54.09402168493731,-85,-85,24.33271141113945,24.646943359767004,1350,700,170.58211665366662,13.180013213783393,circular
115,1100,700,54.09402168493731,-85,-85,25.7492610641292,25.859665714847075,1350,700,183.76212986745,13.180013213783393,circular
116,1100,700,54.09402168493731,-85,-85,26.074956048612798,26.035130213615616,1350,700,196.94214308123338,13.180013213783393,circular
117,1100,700,54.09402168493731,-85,-85,25.536951728381826,25.263344594616918,1350,700,210.12215629501677,13.180013213783393,circular
118,1100,700,54.09402168493731,-85,-85,23.769789312347285,23.067302502757133,1350,700,223.30216950880015,13.180013213783393,circular
119,1100,700,54.09402168493731,-85,-85,17.51315549939211,14.513447644213265,1350,700,236.48218272258353,13.180013213783393,circular
120,1100,700,54.09402168493731,-85,-85,-85,-85,1350,700,249.6621959363669,13.180013213783393,circular
121,1100,700,54.09402168493731,-85,-85,-85,-85,1350,700,262.8422091501503,13.180013213783393,circular
122,1100,700,54.09402168493731,-85,-85,-85,-85,1350,700,276.02222236393374,13.180013213783393,circular
123,1100,700,54.09402168493731,-85,-85,-85,-85,1350,700,289.20223557771715,13.180013213783393,circular
124,1100,700,54.09402168493731,-85,-85,-85,-85,1350,700,302.38224879150056,13.180013213783393,circular
125,1100,700,54.09402168493731,-85,-85,-85,-85,1350,700,315.56226200528397,13.180013213783393,circular
126,1100,700,54.09402168493731,-85,-85,-85,-85,1350,700,328.7422752190674,13.180013213783393,circular
127,1100,700,54.09402168493731,-85,-85,-85,-85,1350,700,341.9222884328508,13.180013213783393,circular
128,1100,700,54.09402168493731,-85,-85,-85,-85,1350,700,355.1023016466342,13.180013213783393,circular
129,1100,700,54.09402168493731,-85,-85,-85,-85,1350,700,8.282314860417614,13.180013213783393,circular
130,1100,700,54.09402168493731,-85,-85,-85,-85,1350,700,21.462328074201007,13.180013213783393,circular
131,1100,700,54.09402168493731,-85,-85,-85,-85,1350,700,34.6423412879844,13.180013213783393,circular
132,1100,700,54.09402168493731,-85,-85,-85,-85,1350,700,47.82235450176779,13.180013213783393,circular
133,1100,700,54.09402168493731,-85,-85,-85,-85,1350,700,61.00236771555119,13.180013213783393,circular
134,1100,700,54.09402168493731,-85,-85,-85,-85,1350,700,74.18238092933458,13.180013213783393,circular
135,1100,700,54.09402168493731,-85,-85,-85,-85,1350,700,87.36239414311798,13.180013213783393,circular
136,1100,700,54.09402168493731,-85,-85,-85,-85,1350,700,100.54240735690138,13.180013213783393,circular
137,1100,700,54.09402168493731,-85,-85,-85,-85,1350,700,113.72242057068478,13.180013213783393,circular
138,1100,700,54.09402168493731,-85,-85,-85,-85,1350,700,126.90243378446817,13.180013213783393,circular
139,1100,700,54.09402168493731,-85,-85,-85,-85,1350,700,140.08244699825156,13.180013213783393,circular
140,1100,700,54.09402168493731,-85,-85,16.269948115724727,19.25639156218217,1350,700,153.26246021203494,13.180013213783393,circular
141,1100,700,54.09402168493731,-85,-85,23.31969953712386,23.971022246457757,1350,700,166.44247342581832,13.180013213783393,circular
142,1100,700,54.09402168493731,-85,-85,25.452908776355446,25.614204328866276,1350,700,179.6224866396017,13.180013213783393,circular
143,1100,700,54.09402168493731,-85,-85,26.067010357935978,26.077602459396946,1350,700,192.8024998533851,13.180013213783393,circular
144,1100,700,54.09402168493731,-85,-85,25.807460623826316,25.614204328866276,1350,700,205.98251306716847,13.180013213783393,circular
145,1100,700,54.09402168493731,-85,-85,24.495315191602927,23.97102224645776,1350,700,219.16252628095185,13.180013213783393,circular
146,1100,700,54.09402168493731,-85,-85,20.97742610025735,19.25639156218219,1350,700,232.34253949473523,13.180013213783393,circular
147,1100,700,54.09402168493731,-85,-85,-85,-85,1350,700,245.52255270851862,13.180013213783393,circular
148,1100,700,54.09402168493731,-85,-85,-85,-85,1350,700,258.702565922302,13.180013213783393,circular
149,1100,700,54.09402168493731,-85,-85,-85,-85,1350,700,271.88257913608544,13.180013213783393,circular
150,1100,700,54.09402168493731,-85,-85,-85,-85,1350,700,285.06259234986885,13.180013213783393,circular
151,1100,700,54.09402168493731,-85,-85,-85,-85,1350,700,298.24260556365226,13.180013213783393,circular
152,1100,700,54.09402168493731,-85,-85,-85,-85,1350,700,311.4226187774357,13.180013213783393,circular
153,1100,700,54.09402168493731,-85,-85,-85,-85,1350,700,324.6026319912191,13.180013213783393,circular
154,1100,700,54.09402168493731,-85,-85,-85,-85,1350,700,337.7826452050025,13.180013213783393,circular
155,1100,700,54.09402168493731,-85,-85,-85,-85,1350,700,350.9626584187859,13.180013213783393,circular
156,1100,700,54.09402168493731,-85,-85,-85,-85,1350,700,4.142671632569318,13.180013213783393,circular
157,1100,700,54.09402168493731,-85,-85,-85,-85,1350,700,17.32268484635271,13.180013213783393,circular
158,1100,700,54.09402168493731,-85,-85,-85,-85,1350,700,30.502698060136105,13.180013213783393,circular
159,1100,700,54.09402168493731,-85,-85,-85,-85,1350,700,43.682711273919494,13.180013213783393,circular
160,1100,700,54.09402168493731,-85,-85,-85,-85,1350,700,56.86272448770289,13.180013213783393,circular
161,1100,700,54.09402168493731,-85,-85,-85,-85,1350,700,70.04273770148629,13.180013213783393,circular
162,1100,700,54.09402168493731,-85,-85,-85,-85,1350,700,83.22275091526969,13.180013213783393,circular
163,1100,700,54.09402168493731,-85,-85,-85,-85,1350,700,96.40276412905308,13.180013213783393,circular
164,1100,700,54.09402168493731,-85,-85,-85,-85,1350,700,109.58277734283648,13.180013213783393,circular
165,1100,700,54.09402168493731,-85,-85,-85,-85,1350,700,122.76279055661988,13.180013213783393,circular
166,1100,700,54.09402168493731,-85,-85,-85,-85,1350,700,135.94280377040326,13.180013213783393,circular
167,1100,700,54.09402168493731,-85,-85,-85,14.513447644213304,1350,700,149.12281698418664,13.180013213783393,circular
168,1100,700,54.09402168493731,-85,-85,22.170735458799452,23.06730250275713,1350,700,162.30283019797002,13.180013213783393,circular
169,1100,700,54.09402168493731,-85,-85,25.042923900792417,25.26334459461691,1350,700,175.4828434117534,13.180013213783393,circular
170,1100,700,54.09402168493731,-85,-85,25.9816463993744,26.035130213615616,1350,700,188.6628566255368,13.180013213783393,circular
171,1100,700,54.09402168493731,-85,-85,25.9816463993744,25.859665714847075,1350,700,201.84286983932017,13.180013213783393,circular
172,1100,700,54.09402168493731,-85,-85,25.042923900792417,24.646943359767004,1350,700,215.02288305310356,13.180013213783393,circular
173,1100,700,54.09402168493731,-85,-85,22.496022074683278,21.418119305852123,1350,700,228.20289626688694,13.180013213783393,circular
174,1100,700,54.09402168493731,-85,-85,-85,-85,1350,700,241.38290948067032,13.180013213783393,circular
175,1100,700,54.09402168493731,-85,-85,-85,-85,1350,700,254.5629226944537,13.180013213783393,circular
176,1100,700,54.09402168493731,-85,-85,-85,-85,1350,700,267.7429359082371,13.180013213783393,circular
177,1100,700,54.09402168493731,-85,-85,-85,-85,1350,700,280.9229491220205,13.180013213783393,circular
178,1100,700,54.09402168493731,-85,-85,-85,-85,1350,700,294.1029623358039,13.180013213783393,circular
179,1100,700,54.09402168493731,-85,-85,-85,-85,1350,700,307.2829755495873,13.180013213783393,circular
180,1100,700,54.09402168493731,-85,-85,-85,-85,1350,700,320.46298876337073,13.180013213783393,circular
181,1100,700,54.09402168493731,-85,-85,-85,-85,1350,700,333.64300197715414,13.180013213783393,circular
182,1100,700,54.09402168493731,-85,-85,-85,-85,1350,700,346.82301519093755,13.180013213783393,circular
183,1100,700,54.09402168493731,-85,-85,-85,-85,1350,700,0.0030284047209647724,13.180013213783393,circular
184,1100,700,54.09402168493731,-85,-85,-85,-85,1350,700,13.183041618504358,13.180013213783393,circular
185,1100,700,54.09402168493731,-85,-85,-85,-85,1350,700,26.36305483228775,13.180013213783393,circular
186,1100,700,54.09402168493731,-85,-85,-85,-85,1350,700,39.54306804607114,13.180013213783393,circular
187,1100,700,54.09402168493731,-85,-85,-85,-85,1350,700,52.72308125985454,13.180013213783393,circular
188,1100,700,54.09402168493731,-85,-85,-85,-85,1350,700,65.90309447363794,13.180013213783393,circular
189,1100,700,54.09402168493731,-85,-85,-85,-85,1350,700,79.08310768742133,13.180013213783393,circular
190,1100,700,54.09402168493731,-85,-85,-85,-85,1350,700,92.26312090120473,13.180013213783393,circular
191,1100,700,54.09402168493731,-85,-85,-85,-85,1350,700,105.44313411498813,13.180013213783393,circular
192,1100,700,54.09402168493731,-85,-85,-85,-85,1350,700,118.62314732877152,13.180013213783393,circular
193,1100,700,54.09402168493731,-85,-85,-85,-85,1350,700,131.8031605425549,13.180013213783393,circular
194,1100,700,54.09402168493731,-85,-85,-85,-85,1350,700,144.9831737563383,13.180013213783393,circular
195,1100,700,54.09402168493731,-85,-85,20.48098321025059,21.813356630230874,1350,700,158.16318697012167,13.180013213783393,circular
196,1100,700,54.09402168493731,-85,-85,24.33271141113945,24.78833704083229,1350,700,171.34320018390505,13.180013213783393,circular
197,1100,700,54.09402168493731,-85,-85,25.80746062382631,25.906018829630398,1350,700,184.52321339768844,13.180013213783393,circular
198,1100,700,54.09402168493731,-85,-85,26.067010357935978,26.035130213615616,1350,700,197.70322661147182,13.180013213783393,circular
199,1100,700,54.09402168493731,-85,-85,25.452908776355446,25.157178905256924,1350,700,210.8832398252552,13.180013213783393,circular
200,1100,700,54.09402168493731,-85,-85,23.553218972269416,22.793695368992225,1350,700,224.06325303903859,13.180013213783393,circular
201,1100,700,54.09402168493731,-85,-85,17.51315549939211,11.50579409835762,1350,700,237.24326625282197,13.180013213783393,circular
202,1100,700,54.09402168493731,-85,-85,-85,-85,1350,700,250.42327946660535,13.180013213783393,circular
203,1100,700,54.09402168493731,-85,-85,-85,-85,1350,700,263.60329268038873,13.180013213783393,circular
204,1100,700,54.09402168493731,-85,-85,-85,-85,1350,700,276.78330589417214,13.180013213783393,circular
205,1100,700,54.09402168493731,-85,-85,-85,-85,1350,700,289.96331910795556,13.180013213783393,circular
206,1100,700,54.09402168493731,-85,-85,-85,-85,1350,700,303.14333232173897,13.180013213783393,circular
207,1100,700,54.09402168493731,-85,-85,-85,-85,1350,700,316.3233455355224,13.180013213783393,circular
208,1100,700,54.09402168493731,-85,-85,-85,-85,1350,700,329.5033587493058,13.180013213783393,circular
209,1100,700,54.09402168493731,-85,-85,-85,-85,1350,700,342.6833719630892,13.180013213783393,circular
210,1100,700,54.09402168493731,-85,-85,-85,-85,1350,700,355.8633851768726,13.180013213783393,circular
211,1100,700,54.09402168493731,-85,-85,-85,-85,1350,700,9.043398390656023,13.180013213783393,circular
212,1100,700,54.09402168493731,-85,-85,-85,-85,1350,700,22.223411604439416,13.180013213783393,circular
213,1100,700,54.09402168493731,-85,-85,-85,-85,1350,700,35.40342481822281,13.180013213783393,circular
214,1100,700,54.09402168493731,-85,-85,-85,-85,1350,700,48.5834380320062,13.180013213783393,circular
215,1100,700,54.09402168493731,-85,-85,-85,-85,1350,700,61.7634512457896,13.180013213783393,circular
216,1100,700,54.09402168493731,-85,-85,-85,-85,1350,700,74.943464459573,13.180013213783393,circular
217,1100,700,54.09402168493731,-85,-85,-85,-85,1350,700,88.12347767335639,13.180013213783393,circular
218,1100,700,54.09402168493731,-85,-85,-85,-85,1350,700,101.30349088713979,13.180013213783393,circular
219,1100,700,54.09402168493731,-85,-85,-85,-85,1350,700,114.48350410092318,13.180013213783393,circular
220,1100,700,54.09402168493731,-85,-85,-85,-85,1350,700,127.66351731470658,13.180013213783393,circular
221,1100,700,54.09402168493731,-85,-85,-85,-85,1350,700,140.84353052848996,13.180013213783393,circular
222,1100,700,54.09402168493731,-85,-85,17.513155499392102,19.91435422725632,1350,700,154.02354374227335,13.180013213783393,circular
223,1100,700,54.09402168493731,-85,-85,23.553218972269416,24.1582774269213,1350,700,167.20355695605673,13.180013213783393,circular
224,1100,700,54.09402168493731,-85,-85,25.452908776355446,25.684904084789974,1350,700,180.3835701698401,13.180013213783393,circular
225,1100,700,54.09402168493731,-85,-85,26.074956048612798,26.077602459396946,1350,700,193.5635833836235,13.180013213783393,circular
226,1100,700,54.09402168493731,-85,-85,25.7492610641292,25.614204328866276,1350,700,206.74359659740688,13.180013213783393,circular
227,1100,700,54.09402168493731,-85,-85,24.332711411139446,23.769789312347285,1350,700,219.92360981119026,13.180013213783393,circular
228,1100,700,54.09402168493731,-85,-85,20.48098321025059,18.474304759512954,1350,700,233.10362302497364,13.180013213783393,circular
229,1100,700,54.09402168493731,-85,-85,-85,-85,1350,700,246.28363623875703,13.180013213783393,circular
230,1100,700,54.09402168493731,-85,-85,-85,-85,1350,700,259.46364945254044,13.180013213783393,circular
231,1100,700,54.09402168493731,-85,-85,-85,-85,1350,700,272.64366266632385,13.180013213783393,circular
232,1100,700,54.09402168493731,-85,-85,-85,-85,1350,700,285.82367588010726,13.180013213783393,circular
233,1100,700,54.09402168493731,-85,-85,-85,-85,1350,700,299.00368909389067,13.180013213783393,circular
234,1100,700,54.09402168493731,-85,-85,-85,-85,1350,700,312.1837023076741,13.180013213783393,circular
235,1100,700,54.09402168493731,-85,-85,-85,-85,1350,700,325.3637155214575,13.180013213783393,circular
236,1100,700,54.09402168493731,-85,-85,-85,-85,1350,700,338.5437287352409,13.180013213783393,circular
237,1100,700,54.09402168493731,-85,-85,-85,-85,1350,700,351.7237419490243,13.180013213783393,circular
238,1100,700,54.09402168493731,-85,-85,-85,-85,1350,700,4.903755162807727,13.180013213783393,circular
239,1100,700,54.09402168493731,-85,-85,-85,-85,1350,700,18.08376837659112,13.180013213783393,circular
240,1100,700,54.09402168493731,-85,-85,-85,-85,1350,700,31.263781590374514,13.180013213783393,circular
241,1100,700,54.09402168493731,-85,-85,-85,-85,1350,700,44.4437948041579,13.180013213783393,circular
242,1100,700,54.09402168493731,-85,-85,-85,-85,1350,700,57.6238080179413,13.180013213783393,circular
243,1100,700,54.09402168493731,-85,-85,-85,-85,1350,700,70.8038212317247,13.180013213783393,circular
244,1100,700,54.09402168493731,-85,-85,-85,-85,1350,700,83.9838344455081,13.180013213783393,circular
245,1100,700,54.09402168493731,-85,-85,-85,-85,1350,700,97.16384765929149,13.180013213783393,circular
246,1100,700,54.09402168493731,-85,-85,-85,-85,1350,700,110.34386087307489,13.180013213783393,circular
247,1100,700,54.09402168493731,-85,-85,-85,-85,1350,700,123.52387408685829,13.180013213783393,circular
248,1100,700,54.09402168493731,-85,-85,-85,-85,1350,700,136.70388730064167,13.180013213783393,circular
249,1100,700,54.09402168493731,-85,-85,-85,16.269948115724727,1350,700,149.88390051442505,13.180013213783393,circular
250,1100,700,54.09402168493731,-85,-85,22.496022074683278,23.31969953712386,1350,700,163.06391372820843,13.180013213783393,circular
251,1100,700,54.09402168493731,-85,-85,25.042923900792417,25.36180729449956,1350,700,176.24392694199182,13.180013213783393,circular
252,1100,700,54.09402168493731,-85,-85,25.9816463993744,26.053745949214605,1350,700,189.4239401557752,13.180013213783393,circular
253,1100,700,54.09402168493731,-85,-85,25.946643644493044,25.859665714847075,1350,700,202.60395336955858,13.180013213783393,circular
254,1100,700,54.09402168493731,-85,-85,24.92014212493214,24.646943359767004,1350,700,215.78396658334196,13.180013213783393,circular
255,1100,700,54.09402168493731,-85,-85,22.170735458799452,20.97742610025735,1350,700,228.96397979712535,13.180013213783393,circular
256,1100,700,54.09402168493731,-85,-85,-85,-85,1350,700,242.14399301090873,13.180013213783393,circular
257,1100,700,54.09402168493731,-85,-85,-85,-85,1350,700,255.3240062246921,13.180013213783393,circular
258,1100,700,54.09402168493731,-85,-85,-85,-85,1350,700,268.5040194384755,13.180013213783393,circular
259,1100,700,54.09402168493731,-85,-85,-85,-85,1350,700,281.6840326522589,13.180013213783393,circular
260,1100,700,54.09402168493731,-85,-85,-85,-85,1350,700,294.8640458660423,13.180013213783393,circular
261,1100,700,54.09402168493731,-85,-85,-85,-85,1350,700,308.04405907982573,13.180013213783393,circular
262,1100,700,54.09402168493731,-85,-85,-85,-85,1350,700,321.22407229360914,13.180013213783393,circular
263,1100,700,54.09402168493731,-85,-85,-85,-85,1350,700,334.40408550739255,13.180013213783393,circular
264,1100,700,54.09402168493731,-85,-85,-85,-85,1350,700,347.58409872117596,13.180013213783393,circular
265,1100,700,54.09402168493731,-85,-85,-85,-85,1350,700,0.7641119349593737,13.180013213783393,circular
266,1100,700,54.09402168493731,-85,-85,-85,-85,1350,700,13.944125148742767,13.180013213783393,circular
267,1100,700,54.09402168493731,-85,-85,-85,-85,1350,700,27.12413836252616,13.180013213783393,circular
268,1100,700,54.09402168493731,-85,-85,-85,-85,1350,700,40.30415157630955,13.180013213783393,circular
269,1100,700,54.09402168493731,-85,-85,-85,-85,1350,700,53.48416479009295,13.180013213783393,circular
270,1100,700,54.09402168493731,-85,-85,-85,-85,1350,700,66.66417800387634,13.180013213783393,circular
271,1100,700,54.09402168493731,-85,-85,-85,-85,1350,700,79.84419121765974,13.180013213783393,circular
272,1100,700,54.09402168493731,-85,-85,-85,-85,1350,700,93.02420443144314,13.180013213783393,circular
273,1100,700,54.09402168493731,-85,-85,-85,-85,1350,700,106.20421764522654,13.180013213783393,circular
274,1100,700,54.09402168493731,-85,-85,-85,-85,1350,700,119.38423085900993,13.180013213783393,circular
275,1100,700,54.09402168493731,-85,-85,-85,-85,1350,700,132.56424407279331,13.180013213783393,circular
276,1100,700,54.09402168493731,-85,-85,-85,-85,1350,700,145.7442572865767,13.180013213783393,circular
277,1100,700,54.09402168493731,-85,-85,20.97742610025734,22.170735458799452,1350,700,158.92427050036008,13.180013213783393,circular
278,1100,700,54.09402168493731,-85,-85,24.495315191602927,24.92014212493214,1350,700,172.10428371414346,13.180013213783393,circular
279,1100,700,54.09402168493731,-85,-85,25.80746062382631,25.946643644493044,1350,700,185.28429692792685,13.180013213783393,circular
280,1100,700,54.09402168493731,-85,-85,26.053745949214605,26.011117049096303,1350,700,198.46431014171023,13.180013213783393,circular
281,1100,700,54.09402168493731,-85,-85,25.361807294499556,25.157178905256924,1350,700,211.6443233554936,13.180013213783393,circular
282,1100,700,54.09402168493731,-85,-85,23.319699537123853,22.496022074683278,1350,700,224.824336569277,13.180013213783393,circular
283,1100,700,54.09402168493731,-85,-85,16.269948115724716,-85,1350,700,238.00434978306038,13.180013213783393,circular
284,1100,700,54.09402168493731,-85,-85,-85,-85,1350,700,251.18436299684376,13.180013213783393,circular
285,1100,700,54.09402168493731,-85,-85,-85,-85,1350,700,264.36437621062714,13.180013213783393,circular
286,1100,700,54.09402168493731,-85,-85,-85,-85,1350,700,277.54438942441055,13.180013213783393,circular
287,1100,700,54.09402168493731,-85,-85,-85,-85,1350,700,290.72440263819396,13.180013213783393,circular
288,1100,700,54.09402168493731,-85,-85,-85,-85,1350,700,303.9044158519774,13.180013213783393,circular
289,1100,700,54.09402168493731,-85,-85,-85,-85,1350,700,317.0844290657608,13.180013213783393,circular
290,1100,700,54.09402168493731,-85,-85,-85,-85,1350,700,330.2644422795442,13.180013213783393,circular
291,1100,700,54.09402168493731,-85,-85,-85,-85,1350,700,343.4444554933276,13.180013213783393,circular
292,1100,700,54.09402168493731,-85,-85,-85,-85,1350,700,356.624468707111,13.180013213783393,circular
293,1100,700,54.09402168493731,-85,-85,-85,-85,1350,700,9.804481920894432,13.180013213783393,circular
294,1100,700,54.09402168493731,-85,-85,-85,-85,1350,700,22.984495134677825,13.180013213783393,circular
295,1100,700,54.09402168493731,-85,-85,-85,-85,1350,700,36.16450834846122,13.180013213783393,circular
296,1100,700,54.09402168493731,-85,-85,-85,-85,1350,700,49.34452156224461,13.180013213783393,circular
297,1100,700,54.09402168493731,-85,-85,-85,-85,1350,700,62.524534776028005,13.180013213783393,circular
298,1100,700,54.09402168493731,-85,-85,-85,-85,1350,700,75.7045479898114,13.180013213783393,circular
299,1100,700,54.09402168493731,-85,-85,-85,-85,1350,700,88.8845612035948,13.180013213783393,circular
300,1100,700,54.09402168493731,-85,-85,-85,-85,1350,700,102.0645744173782,13.180013213783393,circular
301,1100,700,54.09402168493731,-85,-85,-85,-85,1350,700,115.2445876311616,13.180013213783393,circular
302,1100,700,54.09402168493731,-85,-85,-85,-85,1350,700,128.424600844945,13.180013213783393,circular
303,1100,700,54.09402168493731,-85,-85,-85,-85,1350,700,141.60461405872837,13.180013213783393,circular
304,1100,700,54.09402168493731,-85,-85,18.47430475951294,19.91435422725632,1350,700,154.78462727251176,13.180013213783393,circular
305,1100,700,54.09402168493731,-85,-85,23.769789312347285,24.33271141113945,1350,700,167.96464048629514,13.180013213783393,circular
306,1100,700,54.09402168493731,-85,-85,25.536951728381826,25.7492610641292,1350,700,181.14465370007852,13.180013213783393,circular
307,1100,700,54.09402168493731,-85,-85,26.074956048612798,26.074956048612798,1350,700,194.3246669138619,13.180013213783393,circular
308,1100,700,54.09402168493731,-85,-85,25.684904084789977,25.536951728381826,1350,700,207.5046801276453,13.180013213783393,circular
309,1100,700,54.09402168493731,-85,-85,24.1582774269213,23.769789312347285,1350,700,220.68469334142867,13.180013213783393,circular
310,1100,700,54.09402168493731,-85,-85,19.914354227256315,17.51315549939211,1350,700,233.86470655521205,13.180013213783393,circular
311,1100,700,54.09402168493731,-85,-85,-85,-85,1350,700,247.04471976899544,13.180013213783393,circular
312,1100,700,54.09402168493731,-85,-85,-85,-85,1350,700,260.22473298277885,13.180013213783393,circular
313,1100,700,54.09402168493731,-85,-85,-85,-85,1350,700,273.40474619656226,13.180013213783393,circular
314,1100,700,54.09402168493731,-85,-85,-85,-85,1350,700,286.58475941034567,13.180013213783393,circular
315,1100,700,54.09402168493731,-85,-85,-85,-85,1350,700,299.7647726241291,13.180013213783393,circular
316,1100,700,54.09402168493731,-85,-85,-85,-85,1350,700,312.9447858379125,13.180013213783393,circular
317,1100,700,54.09402168493731,-85,-85,-85,-85,1350,700,326.1247990516959,13.180013213783393,circular
318,1100,700,54.09402168493731,-85,-85,-85,-85,1350,700,339.3048122654793,13.180013213783393,circular
319,1100,700,54.09402168493731,-85,-85,-85,-85,1350,700,352.4848254792627,13.180013213783393,circular
320,1100,700,54.09402168493731,-85,-85,-85,-85,1350,700,5.664838693046136,13.180013213783393,circular
321,1100,700,54.09402168493731,-85,-85,-85,-85,1350,700,18.84485190682953,13.180013213783393,circular
322,1100,700,54.09402168493731,-85,-85,-85,-85,1350,700,32.02486512061292,13.180013213783393,circular
323,1100,700,54.09402168493731,-85,-85,-85,-85,1350,700,45.20487833439631,13.180013213783393,circular
324,1100,700,54.09402168493731,-85,-85,-85,-85,1350,700,58.38489154817971,13.180013213783393,circular
325,1100,700,54.09402168493731,-85,-85,-85,-85,1350,700,71.5649047619631,13.180013213783393,circular
326,1100,700,54.09402168493731,-85,-85,-85,-85,1350,700,84.7449179757465,13.180013213783393,circular
327,1100,700,54.09402168493731,-85,-85,-85,-85,1350,700,97.9249311895299,13.180013213783393,circular
328,1100,700,54.09402168493731,-85,-85,-85,-85,1350,700,111.1049444033133,13.180013213783393,circular
329,1100,700,54.09402168493731,-85,-85,-85,-85,1350,700,124.2849576170967,13.180013213783393,circular
330,1100,700,54.09402168493731,-85,-85,-85,-85,1350,700,137.46497083088008,13.180013213783393,circular
331,1100,700,54.09402168493731,-85,-85,11.505794098357505,16.269948115724727,1350,700,150.64498404466346,13.180013213783393,circular
332,1100,700,54.09402168493731,-85,-85,22.793695368992218,23.553218972269416,1350,700,163.82499725844684,13.180013213783393,circular
333,1100,700,54.09402168493731,-85,-85,25.157178905256924,25.452908776355446,1350,700,177.00501047223023,13.180013213783393,circular
334,1100,700,54.09402168493731,-85,-85,26.011117049096303,26.067010357935978,1350,700,190.1850236860136,13.180013213783393,circular
335,1100,700,54.09402168493731,-85,-85,25.946643644493044,25.807460623826316,1350,700,203.365036899797,13.180013213783393,circular
336,1100,700,54.09402168493731,-85,-85,24.788337040832293,24.495315191602927,1350,700,216.54505011358037,13.180013213783393,circular
337,1100,700,54.09402168493731,-85,-85,21.81335663023087,20.97742610025735,1350,700,229.72506332736376,13.180013213783393,circular
338,1100,700,54.09402168493731,-85,-85,-85,-85,1350,700,242.90507654114714,13.180013213783393,circular
339,1100,700,54.09402168493731,-85,-85,-85,-85,1350,700,256.08508975493055,13.180013213783393,circular
340,1100,700,54.09402168493731,-85,-85,-85,-85,1350,700,269.26510296871396,13.180013213783393,circular
341,1100,700,54.09402168493731,-85,-85,-85,-85,1350,700,282.4451161824974,13.180013213783393,circular
342,1100,700,54.09402168493731,-85,-85,-85,-85,1350,700,295.6251293962808,13.180013213783393,circular
343,1100,700,54.09402168493731,-85,-85,-85,-85,1350,700,308.8051426100642,13.180013213783393,circular
344,1100,700,54.09402168493731,-85,-85,-85,-85,1350,700,321.9851558238476,13.180013213783393,circular
345,1100,700,54.09402168493731,-85,-85,-85,-85,1350,700,335.165169037631,13.180013213783393,circular
346,1100,700,54.09402168493731,-85,-85,-85,-85,1350,700,348.3451822514144,13.180013213783393,circular
347,1100,700,54.09402168493731,-85,-85,-85,-85,1350,700,1.5251954651978394,13.180013213783393,circular
348,1100,700,54.09402168493731,-85,-85,-85,-85,1350,700,14.705208678981233,13.180013213783393,circular
349,1100,700,54.09402168493731,-85,-85,-85,-85,1350,700,27.885221892764626,13.180013213783393,circular
350,1100,700,54.09402168493731,-85,-85,-85,-85,1350,700,41.065235106548016,13.180013213783393,circular
351,1100,700,54.09402168493731,-85,-85,-85,-85,1350,700,54.24524832033141,13.180013213783393,circular
352,1100,700,54.09402168493731,-85,-85,-85,-85,1350,700,67.42526153411481,13.180013213783393,circular
353,1100,700,54.09402168493731,-85,-85,-85,-85,1350,700,80.6052747478982,13.180013213783393,circular
354,1100,700,54.09402168493731,-85,-85,-85,-85,1350,700,93.7852879616816,13.180013213783393,circular
355,1100,700,54.09402168493731,-85,-85,-85,-85,1350,700,106.965301175465,13.180013213783393,circular
356,1100,700,54.09402168493731,-85,-85,-85,-85,1350,700,120.1453143892484,13.180013213783393,circular
357,1100,700,54.09402168493731,-85,-85,-85,-85,1350,700,133.32532760303178,13.180013213783393,circular
358,1100,700,54.09402168493731,-85,-85,-85,-85,1350,700,146.50534081681516,13.180013213783393,circular
359,1100,700,54.09402168493731,-85,-85,21.41811930585211,22.170735458799452,1350,700,159.68535403059855,13.180013213783393,circular
360,1100,700,54.09402168493731,-85,-85,24.646943359767004,25.042923900792417,1350,700,172.86536724438193,13.180013213783393,circular
361,1100,700,54.09402168493731,-85,-85,25.859665714847075,25.9816463993744,1350,700,186.0453804581653,13.180013213783393,circular
362,1100,700,54.09402168493731,-85,-85,26.053745949214605,25.9816463993744,1350,700,199.2253936719487,13.180013213783393,circular
363,1100,700,54.09402168493731,-85,-85,25.361807294499556,25.042923900792417,1350,700,212.40540688573208,13.180013213783393,circular
364,1100,700,54.09402168493731,-85,-85,23.067302502757133,22.496022074683278,1350,700,225.58542009951546,13.180013213783393,circular
365,1100,700,54.09402168493731,-85,-85,14.513447644213265,-85,1350,700,238.76543331329884,13.180013213783393,circular
366,1100,700,54.09402168493731,-85,-85,-85,-85,1350,700,251.94544652708223,13.180013213783393,circular
367,1100,700,54.09402168493731,-85,-85,-85,-85,1350,700,265.1254597408656,13.180013213783393,circular
368,1100,700,54.09402168493731,-85,-85,-85,-85,1350,700,278.305472954649,13.180013213783393,circular
369,1100,700,54.09402168493731,-85,-85,-85,-85,1350,700,291.48548616843243,13.180013213783393,circular
370,1100,700,54.09402168493731,-85,-85,-85,-85,1350,700,304.66549938221584,13.180013213783393,circular
371,1100,700,54.09402168493731,-85,-85,-85,-85,1350,700,317.84551259599925,13.180013213783393,circular
372,1100,700,54.09402168493731,-85,-85,-85,-85,1350,700,331.02552580978266,13.180013213783393,circular
373,1100,700,54.09402168493731,-85,-85,-85,-85,1350,700,344.2055390235661,13.180013213783393,circular
374,1100,700,54.09402168493731,-85,-85,-85,-85,1350,700,357.3855522373495,13.180013213783393,circular
375,1100,700,54.09402168493731,-85,-85,-85,-85,1350,700,10.565565451132898,13.180013213783393,circular
376,1100,700,54.09402168493731,-85,-85,-85,-85,1350,700,23.74557866491629,13.180013213783393,circular
377,1100,700,54.09402168493731,-85,-85,-85,-85,1350,700,36.925591878699684,13.180013213783393,circular
378,1100,700,54.09402168493731,-85,-85,-85,-85,1350,700,50.105605092483074,13.180013213783393,circular
379,1100,700,54.09402168493731,-85,-85,-85,-85,1350,700,63.28561830626647,13.180013213783393,circular
380,1100,700,54.09402168493731,-85,-85,-85,-85,1350,700,76.46563152004987,13.180013213783393,circular
381,1100,700,54.09402168493731,-85,-85,-85,-85,1350,700,89.64564473383327,13.180013213783393,circular
382,1100,700,54.09402168493731,-85,-85,-85,-85,1350,700,102.82565794761666,13.180013213783393,circular
383,1100,700,54.09402168493731,-85,-85,-85,-85,1350,700,116.00567116140006,13.180013213783393,circular
384,1100,700,54.09402168493731,-85,-85,-85,-85,1350,700,129.18568437518346,13.180013213783393,circular
385,1100,700,54.09402168493731,-85,-85,-85,-85,1350,700,142.36569758896684,13.180013213783393,circular
386,1100,700,54.09402168493731,-85,-85,19.25639156218217,20.48098321025059,1350,700,155.54571080275022,13.180013213783393,circular
387,1100,700,54.09402168493731,-85,-85,23.971022246457757,24.33271141113945,1350,700,168.7257240165336,13.180013213783393,circular
388,1100,700,54.09402168493731,-85,-85,25.614204328866276,25.80746062382631,1350,700,181.905737230317,13.180013213783393,circular
389,1100,700,54.09402168493731,-85,-85,26.077602459396946,26.067010357935978,1350,700,195.08575044410037,13.180013213783393,circular
390,1100,700,54.09402168493731,-85,-85,25.684904084789977,25.452908776355446,1350,700,208.26576365788375,13.180013213783393,circular
391,1100,700,54.09402168493731,-85,-85,24.1582774269213,23.553218972269416,1350,700,221.44577687166714,13.180013213783393,circular
392,1100,700,54.09402168493731,-85,-85,19.25639156218219,17.51315549939211,1350,700,234.62579008545052,13.180013213783393,circular
393,1100,700,54.09402168493731,-85,-85,-85,-85,1350,700,247.8058032992339,13.180013213783393,circular
394,1100,700,54.09402168493731,-85,-85,-85,-85,1350,700,260.9858165130173,13.180013213783393,circular
395,1100,700,54.09402168493731,-85,-85,-85,-85,1350,700,274.1658297268007,13.180013213783393,circular
396,1100,700,54.09402168493731,-85,-85,-85,-85,1350,700,287.34584294058413,13.180013213783393,circular
397,1100,700,54.09402168493731,-85,-85,-85,-85,1350,700,300.52585615436755,13.180013213783393,circular
398,1100,700,54.09402168493731,-85,-85,-85,-85,1350,700,313.70586936815096,13.180013213783393,circular
399,1100,700,54.09402168493731,-85,-85,-85,-85,1350,700,326.88588258193437,13.180013213783393,circular
400,1100,700,54.09402168493731,-85,-85,-85,-85,1350,700,340.0658957957178,13.180013213783393,circular
401,1100,700,54.09402168493731,-85,-85,-85,-85,1350,700,353.2459090095012,13.180013213783393,circular
402,1100,700,54.09402168493731,-85,-85,-85,-85,1350,700,6.425922223284601,13.180013213783393,circular
403,1100,700,54.09402168493731,-85,-85,-85,-85,1350,700,19.605935437067995,13.180013213783393,circular
404,1100,700,54.09402168493731,-85,-85,-85,-85,1350,700,32.78594865085139,13.180013213783393,circular
405,1100,700,54.09402168493731,-85,-85,-85,-85,1350,700,45.96596186463478,13.180013213783393,circular
406,1100,700,54.09402168493731,-85,-85,-85,-85,1350,700,59.145975078418175,13.180013213783393,circular
407,1100,700,54.09402168493731,-85,-85,-85,-85,1350,700,72.32598829220157,13.180013213783393,circular
408,1100,700,54.09402168493731,-85,-85,-85,-85,1350,700,85.50600150598497,13.180013213783393,circular
409,1100,700,54.09402168493731,-85,-85,-85,-85,1350,700,98.68601471976837,13.180013213783393,circular
410,1100,700,54.09402168493731,-85,-85,-85,-85,1350,700,111.86602793355176,13.180013213783393,circular
411,1100,700,54.09402168493731,-85,-85,-85,-85,1350,700,125.04604114733516,13.180013213783393,circular
412,1100,700,54.09402168493731,-85,-85,-85,-85,1350,700,138.22605436111854,13.180013213783393,circular
413,1100,700,54.09402168493731,-85,-85,11.505794098357505,17.513155499392102,1350,700,151.40606757490193,13.180013213783393,circular
414,1100,700,54.09402168493731,-85,-85,23.06730250275713,23.553218972269416,1350,700,164.5860807886853,13.180013213783393,circular
415,1100,700,54.09402168493731,-85,-85,25.26334459461691,25.452908776355446,1350,700,177.7660940024687,13.180013213783393,circular
416,1100,700,54.09402168493731,-85,-85,26.035130213615616,26.074956048612798,1350,700,190.94610721625207,13.180013213783393,circular
417,1100,700,54.09402168493731,-85,-85,25.906018829630398,25.7492610641292,1350,700,204.12612043003546,13.180013213783393,circular
418,1100,700,54.09402168493731,-85,-85,24.788337040832293,24.332711411139446,1350,700,217.30613364381884,13.180013213783393,circular
419,1100,700,54.09402168493731,-85,-85,21.418119305852123,20.48098321025059,1350,700,230.48614685760222,13.180013213783393,circular
420,1100,700,54.09402168493731,-85,-85,-85,-85,1350,700,243.6661600713856,13.180013213783393,circular
421,1100,700,54.09402168493731,-85,-85,-85,-85,1350,700,256.846173285169,13.180013213783393,circular
422,1100,700,54.09402168493731,-85,-85,-85,-85,1350,700,270.0261864989524,13.180013213783393,circular
423,1100,700,54.09402168493731,-85,-85,-85,-85,1350,700,283.20619971273584,13.180013213783393,circular
424,1100,700,54.09402168493731,-85,-85,-85,-85,1350,700,296.38621292651925,13.180013213783393,circular
425,1100,700,54.09402168493731,-85,-85,-85,-85,1350,700,309.56622614030266,13.180013213783393,circular
426,1100,700,54.09402168493731,-85,-85,-85,-85,1350,700,322.7462393540861,13.180013213783393,circular
427,1100,700,54.09402168493731,-85,-85,-85,-85,1350,700,335.9262525678695,13.180013213783393,circular
428,1100,700,54.09402168493731,-85,-85,-85,-85,1350,700,349.1062657816529,13.180013213783393,circular
429,1100,700,54.09402168493731,-85,-85,-85,-85,1350,700,2.286278995436305,13.180013213783393,circular
430,1100,700,54.09402168493731,-85,-85,-85,-85,1350,700,15.466292209219699,13.180013213783393,circular
431,1100,700,54.09402168493731,-85,-85,-85,-85,1350,700,28.646305423003092,13.180013213783393,circular
432,1100,700,54.09402168493731,-85,-85,-85,-85,1350,700,41.82631863678648,13.180013213783393,circular
433,1100,700,54.09402168493731,-85,-85,-85,-85,1350,700,55.00633185056988,13.180013213783393,circular
434,1100,700,54.09402168493731,-85,-85,-85,-85,1350,700,68.18634506435328,13.180013213783393,circular
435,1100,700,54.09402168493731,-85,-85,-85,-85,1350,700,81.36635827813667,13.180013213783393,circular
436,1100,700,54.09402168493731,-85,-85,-85,-85,1350,700,94.54637149192007,13.180013213783393,circular
437,1100,700,54.09402168493731,-85,-85,-85,-85,1350,700,107.72638470570347,13.180013213783393,circular
438,1100,700,54.09402168493731,-85,-85,-85,-85,1350,700,120.90639791948686,13.180013213783393,circular
439,1100,700,54.09402168493731,-85,-85,-85,-85,1350,700,134.08641113327025,13.180013213783393,circular
440,1100,700,54.09402168493731,-85,-85,-85,-85,1350,700,147.26642434705363,13.180013213783393,circular
441,1100,700,54.09402168493731,-85,-85,21.41811930585211,22.496022074683278,1350,700,160.446437560837,13.180013213783393,circular
442,1100,700,54.09402168493731,-85,-85,24.78833704083229,25.042923900792417,1350,700,173.6264507746204,13.180013213783393,circular
443,1100,700,54.09402168493731,-85,-85,25.906018829630398,26.011117049096303,1350,700,186.80646398840378,13.180013213783393,circular
444,1100,700,54.09402168493731,-85,-85,26.035130213615616,25.946643644493044,1350,700,199.98647720218716,13.180013213783393,circular
445,1100,700,54.09402168493731,-85,-85,25.263344594616918,24.92014212493214,1350,700,213.16649041597054,13.180013213783393,circular
446,1100,700,54.09402168493731,-85,-85,23.067302502757133,22.170735458799452,1350,700,226.34650362975393,13.180013213783393,circular
447,1100,700,54.09402168493731,-85,-85,11.50579409835762,-85,1350,700,239.5265168435373,13.180013213783393,circular
448,1100,700,54.09402168493731,-85,-85,-85,-85,1350,700,252.7065300573207,13.180013213783393,circular
449,1100,700,54.09402168493731,-85,-85,-85,-85,1350,700,265.8865432711041,13.180013213783393,circular
450,1100,700,54.09402168493731,-85,-85,-85,-85,1350,700,279.0665564848875,13.180013213783393,circular
451,1100,700,54.09402168493731,-85,-85,-85,-85,1350,700,292.2465696986709,13.180013213783393,circular
452,1100,700,54.09402168493731,-85,-85,-85,-85,1350,700,305.4265829124543,13.180013213783393,circular
453,1100,700,54.09402168493731,-85,-85,-85,-85,1350,700,318.6065961262377,13.180013213783393,circular
454,1100,700,54.09402168493731,-85,-85,-85,-85,1350,700,331.78660934002113,13.180013213783393,circular
455,1100,700,54.09402168493731,-85,-85,-85,-85,1350,700,344.96662255380454,13.180013213783393,circular
456,1100,700,54.09402168493731,-85,-85,-85,-85,1350,700,358.14663576758795,13.180013213783393,circular
457,1100,700,54.09402168493731,-85,-85,-85,-85,1350,700,11.326648981371363,13.180013213783393,circular
458,1100,700,54.09402168493731,-85,-85,-85,-85,1350,700,24.506662195154757,13.180013213783393,circular
459,1100,700,54.09402168493731,-85,-85,-85,-85,1350,700,37.68667540893815,13.180013213783393,circular
460,1100,700,54.09402168493731,-85,-85,-85,-85,1350,700,50.86668862272154,13.180013213783393,circular
461,1100,700,54.09402168493731,-85,-85,-85,-85,1350,700,64.04670183650494,13.180013213783393,circular
462,1100,700,54.09402168493731,-85,-85,-85,-85,1350,700,77.22671505028833,13.180013213783393,circular
463,1100,700,54.09402168493731,-85,-85,-85,-85,1350,700,90.40672826407173,13.180013213783393,circular
464,1100,700,54.09402168493731,-85,-85,-85,-85,1350,700,103.58674147785513,13.180013213783393,circular
465,1100,700,54.09402168493731,-85,-85,-85,-85,1350,700,116.76675469163852,13.180013213783393,circular
466,1100,700,54.09402168493731,-85,-85,-85,-85,1350,700,129.94676790542192,13.180013213783393,circular
467,1100,700,54.09402168493731,-85,-85,-85,-85,1350,700,143.1267811192053,13.180013213783393,circular
468,1100,700,54.09402168493731,-85,-85,19.25639156218217,20.97742610025734,1350,700,156.3067943329887,13.180013213783393,circular
469,1100,700,54.09402168493731,-85,-85,24.1582774269213,24.495315191602927,1350,700,169.48680754677207,13.180013213783393,circular
470,1100,700,54.09402168493731,-85,-85,25.684904084789974,25.80746062382631,1350,700,182.66682076055545,13.180013213783393,circular
471,1100,700,54.09402168493731,-85,-85,26.077602459396946,26.053745949214605,1350,700,195.84683397433884,13.180013213783393,circular
472,1100,700,54.09402168493731,-85,-85,25.614204328866276,25.361807294499556,1350,700,209.02684718812222,13.180013213783393,circular
473,1100,700,54.09402168493731,-85,-85,23.97102224645776,23.319699537123853,1350,700,222.2068604019056,13.180013213783393,circular
474,1100,700,54.09402168493731,-85,-85,19.25639156218219,16.269948115724716,1350,700,235.38687361568898,13.180013213783393,circular
475,1100,700,54.09402168493731,-85,-85,-85,-85,1350,700,248.56688682947237,13.180013213783393,circular
476,1100,700,54.09402168493731,-85,-85,-85,-85,1350,700,261.7469000432558,13.180013213783393,circular
477,1100,700,54.09402168493731,-85,-85,-85,-85,1350,700,274.9269132570392,13.180013213783393,circular
478,1100,700,54.09402168493731,-85,-85,-85,-85,1350,700,288.1069264708226,13.180013213783393,circular
479,1100,700,54.09402168493731,-85,-85,-85,-85,1350,700,301.286939684606,13.180013213783393,circular
480,1100,700,54.09402168493731,-85,-85,-85,-85,1350,700,314.4669528983894,13.180013213783393,circular
481,1100,700,54.09402168493731,-85,-85,-85,-85,1350,700,327.64696611217283,13.180013213783393,circular
482,1100,700,54.09402168493731,-85,-85,-85,-85,1350,700,340.82697932595624,13.180013213783393,circular
483,1100,700,54.09402168493731,-85,-85,-85,-85,1350,700,354.00699253973966,13.180013213783393,circular
484,1100,700,54.09402168493731,-85,-85,-85,-85,1350,700,7.187005753523067,13.180013213783393,circular
485,1100,700,54.09402168493731,-85,-85,-85,-85,1350,700,20.36701896730646,13.180013213783393,circular
486,1100,700,54.09402168493731,-85,-85,-85,-85,1350,700,33.547032181089854,13.180013213783393,circular
487,1100,700,54.09402168493731,-85,-85,-85,-85,1350,700,46.727045394873244,13.180013213783393,circular
488,1100,700,54.09402168493731,-85,-85,-85,-85,1350,700,59.90705860865664,13.180013213783393,circular
489,1100,700,54.09402168493731,-85,-85,-85,-85,1350,700,73.08707182244004,13.180013213783393,circular
490,1100,700,54.09402168493731,-85,-85,-85,-85,1350,700,86.26708503622343,13.180013213783393,circular
491,1100,700,54.09402168493731,-85,-85,-85,-85,1350,700,99.44709825000683,13.180013213783393,circular
492,1100,700,54.09402168493731,-85,-85,-85,-85,1350,700,112.62711146379023,13.180013213783393,circular
493,1100,700,54.09402168493731,-85,-85,-85,-85,1350,700,125.80712467757363,13.180013213783393,circular
494,1100,700,54.09402168493731,-85,-85,-85,-85,1350,700,138.987137891357,13.180013213783393,circular
495,1100,700,54.09402168493731,-85,-85,14.513447644213304,18.47430475951294,1350,700,152.1671511051404,13.180013213783393,circular
496,1100,700,54.09402168493731,-85,-85,23.06730250275713,23.769789312347285,1350,700,165.34716431892377,13.180013213783393,circular
497,1100,700,54.09402168493731,-85,-85,25.36180729449956,25.536951728381826,1350,700,178.52717753270716,13.180013213783393,circular
498,1100,700,54.09402168493731,-85,-85,26.053745949214605,26.074956048612798,1350,700,191.70719074649054,13.180013213783393,circular
499,1100,700,54.09402168493731,-85,-85,25.859665714847075,25.684904084789977,1350,700,204.88720396027392,13.180013213783393,circular
500,1100,700,54.09402168493731,-85,-85,24.646943359767004,24.1582774269213,1350,700,218.0672171740573,13.180013213783393,circular
501,1100,700,54.09402168493731,-85,-85,21.418119305852123,19.914354227256315,1350,700,231.2472303878407,13.180013213783393,circular
502,1100,700,54.09402168493731,-85,-85,-85,-85,1350,700,244.42724360162407,13.180013213783393,circular
503,1100,700,54.09402168493731,-85,-85,-85,-85,1350,700,257.6072568154075,13.180013213783393,circular
504,1100,700,54.09402168493731,-85,-85,-85,-85,1350,700,270.7872700291909,13.180013213783393,circular
505,1100,700,54.09402168493731,-85,-85,-85,-85,1350,700,283.9672832429743,13.180013213783393,circular
506,1100,700,54.09402168493731,-85,-85,-85,-85,1350,700,297.1472964567577,13.180013213783393,circular
507,1100,700,54.09402168493731,-85,-85,-85,-85,1350,700,310.3273096705411,13.180013213783393,circular
508,1100,700,54.09402168493731,-85,-85,-85,-85,1350,700,323.50732288432454,13.180013213783393,circular
509,1100,700,54.09402168493731,-85,-85,-85,-85,1350,700,336.68733609810795,13.180013213783393,circular
510,1100,700,54.09402168493731,-85,-85,-85,-85,1350,700,349.86734931189136,13.180013213783393,circular
511,1100,700,54.09402168493731,-85,-85,-85,-85,1350,700,3.047362525674771,13.180013213783393,circular
512,1100,700,54.09402168493731,-85,-85,-85,-85,1350,700,16.227375739458164,13.180013213783393,circular
513,1100,700,54.09402168493731,-85,-85,-85,-85,1350,700,29.407388953241558,13.180013213783393,circular
514,1100,700,54.09402168493731,-85,-85,-85,-85,1350,700,42.58740216702495,13.180013213783393,circular
515,1100,700,54.09402168493731,-85,-85,-85,-85,1350,700,55.767415380808345,13.180013213783393,circular
516,1100,700,54.09402168493731,-85,-85,-85,-85,1350,700,68.94742859459174,13.180013213783393,circular
517,1100,700,54.09402168493731,-85,-85,-85,-85,1350,700,82.12744180837514,13.180013213783393,circular
518,1100,700,54.09402168493731,-85,-85,-85,-85,1350,700,95.30745502215854,13.180013213783393,circular
519,1100,700,54.09402168493731,-85,-85,-85,-85,1350,700,108.48746823594193,13.180013213783393,circular
520,1100,700,54.09402168493731,-85,-85,-85,-85,1350,700,121.66748144972533,13.180013213783393,circular
521,1100,700,54.09402168493731,-85,-85,-85,-85,1350,700,134.8474946635087,13.180013213783393,circular
522,1100,700,54.09402168493731,-85,-85,-85,11.505794098357505,1350,700,148.0275078772921,13.180013213783393,circular
523,1100,700,54.09402168493731,-85,-85,21.813356630230874,22.793695368992218,1350,700,161.20752109107548,13.180013213783393,circular
524,1100,700,54.09402168493731,-85,-85,24.78833704083229,25.157178905256924,1350,700,174.38753430485886,13.180013213783393,circular
525,1100,700,54.09402168493731,-85,-85,25.946643644493044,26.011117049096303,1350,700,187.56754751864224,13.180013213783393,circular
526,1100,700,54.09402168493731,-85,-85,26.011117049096303,25.946643644493044,1350,700,200.74756073242563,13.180013213783393,circular
527,1100,700,54.09402168493731,-85,-85,25.157178905256924,24.788337040832293,1350,700,213.927573946209,13.180013213783393,circular
528,1100,700,54.09402168493731,-85,-85,22.793695368992225,21.81335663023087,1350,700,227.1075871599924,13.180013213783393,circular
529,1100,700,54.09402168493731,-85,-85,11.50579409835762,-85,1350,700,240.28760037377577,13.180013213783393,circular
530,1100,700,54.09402168493731,-85,-85,-85,-85,1350,700,253.46761358755916,13.180013213783393,circular
531,1100,700,54.09402168493731,-85,-85,-85,-85,1350,700,266.64762680134254,13.180013213783393,circular
532,1100,700,54.09402168493731,-85,-85,-85,-85,1350,700,279.82764001512595,13.180013213783393,circular
533,1100,700,54.09402168493731,-85,-85,-85,-85,1350,700,293.00765322890936,13.180013213783393,circular
534,1100,700,54.09402168493731,-85,-85,-85,-85,1350,700,306.1876664426928,13.180013213783393,circular
535,1100,700,54.09402168493731,-85,-85,-85,-85,1350,700,319.3676796564762,13.180013213783393,circular
536,1100,700,54.09402168493731,-85,-85,-85,-85,1350,700,332.5476928702596,13.180013213783393,circular
537,1100,700,54.09402168493731,-85,-85,-85,-85,1350,700,345.727706084043,13.180013213783393,circular
538,1100,700,54.09402168493731,-85,-85,-85,-85,1350,700,358.9077192978264,13.180013213783393,circular
539,1100,700,54.09402168493731,-85,-85,-85,-85,1350,700,12.087732511609829,13.180013213783393,circular
540,1100,700,54.09402168493731,-85,-85,-85,-85,1350,700,25.267745725393223,13.180013213783393,circular
541,1100,700,54.09402168493731,-85,-85,-85,-85,1350,700,38.447758939176616,13.180013213783393,circular
542,1100,700,54.09402168493731,-85,-85,-85,-85,1350,700,51.627772152960006,13.180013213783393,circular
543,1100,700,54.09402168493731,-85,-85,-85,-85,1350,700,64.8077853667434,13.180013213783393,circular
544,1100,700,54.09402168493731,-85,-85,-85,-85,1350,700,77.9877985805268,13.180013213783393,circular
545,1100,700,54.09402168493731,-85,-85,-85,-85,1350,700,91.1678117943102,13.180013213783393,circular
546,1100,700,54.09402168493731,-85,-85,-85,-85,1350,700,104.3478250080936,13.180013213783393,circular
547,1100,700,54.09402168493731,-85,-85,-85,-85,1350,700,117.52783822187699,13.180013213783393,circular
548,1100,700,54.09402168493731,-85,-85,-85,-85,1350,700,130.7078514356604,13.180013213783393,circular
549,1100,700,54.09402168493731,-85,-85,-85,-85,1350,700,143.88786464944377,13.180013213783393,circular
550,1100,700,54.09402168493731,-85,-85,19.91435422725632,21.41811930585211,1350,700,157.06787786322715,13.180013213783393,circular
551,1100,700,54.09402168493731,-85,-85,24.1582774269213,24.646943359767004,1350,700,170.24789107701054,13.180013213783393,circular
552,1100,700,54.09402168493731,-85,-85,25.684904084789974,25.859665714847075,1350,700,183.42790429079392,13.180013213783393,circular
553,1100,700,54.09402168493731,-85,-85,26.074956048612798,26.053745949214605,1350,700,196.6079175045773,13.180013213783393,circular
554,1100,700,54.09402168493731,-85,-85,25.536951728381826,25.361807294499556,1350,700,209.78793071836068,13.180013213783393,circular
555,1100,700,54.09402168493731,-85,-85,23.769789312347285,23.067302502757133,1350,700,222.96794393214407,13.180013213783393,circular
556,1100,700,54.09402168493731,-85,-85,18.474304759512954,14.513447644213265,1350,700,236.14795714592745,13.180013213783393,circular
557,1100,700,54.09402168493731,-85,-85,-85,-85,1350,700,249.32797035971083,13.180013213783393,circular
558,1100,700,54.09402168493731,-85,-85,-85,-85,1350,700,262.50798357349424,13.180013213783393,circular
559,1100,700,54.09402168493731,-85,-85,-85,-85,1350,700,275.68799678727765,13.180013213783393,circular
560,1100,700,54.09402168493731,-85,-85,-85,-85,1350,700,288.86801000106107,13.180013213783393,circular
561,1100,700,54.09402168493731,-85,-85,-85,-85,1350,700,302.0480232148445,13.180013213783393,circular
562,1100,700,54.09402168493731,-85,-85,-85,-85,1350,700,315.2280364286279,13.180013213783393,circular
563,1100,700,54.09402168493731,-85,-85,-85,-85,1350,700,328.4080496424113,13.180013213783393,circular
564,1100,700,54.09402168493731,-85,-85,-85,-85,1350,700,341.5880628561947,13.180013213783393,circular
565,1100,700,54.09402168493731,-85,-85,-85,-85,1350,700,354.7680760699781,13.180013213783393,circular
566,1100,700,54.09402168493731,-85,-85,-85,-85,1350,700,7.948089283761533,13.180013213783393,circular
567,1100,700,54.09402168493731,-85,-85,-85,-85,1350,700,21.128102497544926,13.180013213783393,circular
568,1100,700,54.09402168493731,-85,-85,-85,-85,1350,700,34.30811571132832,13.180013213783393,circular
569,1100,700,54.09402168493731,-85,-85,-85,-85,1350,700,47.48812892511171,13.180013213783393,circular
570,1100,700,54.09402168493731,-85,-85,-85,-85,1350,700,60.66814213889511,13.180013213783393,circular
571,1100,700,54.09402168493731,-85,-85,-85,-85,1350,700,73.8481553526785,13.180013213783393,circular
572,1100,700,54.09402168493731,-85,-85,-85,-85,1350,700,87.0281685664619,13.180013213783393,circular
573,1100,700,54.09402168493731,-85,-85,-85,-85,1350,700,100.2081817802453,13.180013213783393,circular
574,1100,700,54.09402168493731,-85,-85,-85,-85,1350,700,113.3881949940287,13.180013213783393,circular
575,1100,700,54.09402168493731,-85,-85,-85,-85,1350,700,126.56820820781209,13.180013213783393,circular
576,1100,700,54.09402168493731,-85,-85,-85,-85,1350,700,139.74822142159547,13.180013213783393,circular
577,1100,700,54.09402168493731,-85,-85,16.269948115724727,19.25639156218217,1350,700,152.92823463537886,13.180013213783393,circular
578,1100,700,54.09402168493731,-85,-85,23.31969953712386,23.971022246457757,1350,700,166.10824784916224,13.180013213783393,circular
579,1100,700,54.09402168493731,-85,-85,25.36180729449956,25.614204328866276,1350,700,179.28826106294562,13.180013213783393,circular
580,1100,700,54.09402168493731,-85,-85,26.067010357935978,26.077602459396946,1350,700,192.468274276729,13.180013213783393,circular
581,1100,700,54.09402168493731,-85,-85,25.807460623826316,25.684904084789977,1350,700,205.6482874905124,13.180013213783393,circular
582,1100,700,54.09402168493731,-85,-85,24.495315191602927,23.97102224645776,1350,700,218.82830070429577,13.180013213783393,circular
583,1100,700,54.09402168493731,-85,-85,20.97742610025735,19.25639156218219,1350,700,232.00831391807915,13.180013213783393,circular
584,1100,700,54.09402168493731,-85,-85,-85,-85,1350,700,245.18832713186254,13.180013213783393,circular
585,1100,700,54.09402168493731,-85,-85,-85,-85,1350,700,258.36834034564595,13.180013213783393,circular
586,1100,700,54.09402168493731,-85,-85,-85,-85,1350,700,271.54835355942936,13.180013213783393,circular
587,1100,700,54.09402168493731,-85,-85,-85,-85,1350,700,284.72836677321277,13.180013213783393,circular
588,1100,700,54.09402168493731,-85,-85,-85,-85,1350,700,297.9083799869962,13.180013213783393,circular
589,1100,700,54.09402168493731,-85,-85,-85,-85,1350,700,311.0883932007796,13.180013213783393,circular
590,1100,700,54.09402168493731,-85,-85,-85,-85,1350,700,324.268406414563,13.180013213783393,circular
591,1100,700,54.09402168493731,-85,-85,-85,-85,1350,700,337.4484196283464,13.180013213783393,circular
592,1100,700,54.09402168493731,-85,-85,-85,-85,1350,700,350.6284328421298,13.180013213783393,circular
593,1100,700,54.09402168493731,-85,-85,-85,-85,1350,700,3.8084460559132367,13.180013213783393,circular
594,1100,700,54.09402168493731,-85,-85,-85,-85,1350,700,16.98845926969663,13.180013213783393,circular
595,1100,700,54.09402168493731,-85,-85,-85,-85,1350,700,30.168472483480024,13.180013213783393,circular
596,1100,700,54.09402168493731,-85,-85,-85,-85,1350,700,43.34848569726341,13.180013213783393,circular
597,1100,700,54.09402168493731,-85,-85,-85,-85,1350,700,56.52849891104681,13.180013213783393,circular
598,1100,700,54.09402168493731,-85,-85,-85,-85,1350,700,69.70851212483021,13.180013213783393,circular
599,1100,700,54.09402168493731,-85,-85,-85,-85,1350,700,82.8885253386136,13.180013213783393,circular
600,1100,700,54.09402168493731,-85,-85,-85,-85,1350,700,96.068538552397,13.180013213783393,circular
601,1100,700,54.09402168493731,-85,-85,-85,-85,1350,700,109.2485517661804,13.180013213783393,circular
602,1100,700,54.09402168493731,-85,-85,-85,-85,1350,700,122.4285649799638,13.180013213783393,circular
603,1100,700,54.09402168493731,-85,-85,-85,-85,1350,700,135.60857819374718,13.180013213783393,circular
604,1100,700,54.09402168493731,-85,-85,-85,11.505794098357505,1350,700,148.78859140753056,13.180013213783393,circular
605,1100,700,54.09402168493731,-85,-85,22.170735458799452,23.06730250275713,1350,700,161.96860462131394,13.180013213783393,circular
606,1100,700,54.09402168493731,-85,-85,24.92014212493214,25.26334459461691,1350,700,175.14861783509733,13.180013213783393,circular
607,1100,700,54.09402168493731,-85,-85,25.946643644493044,26.035130213615616,1350,700,188.3286310488807,13.180013213783393,circular
608,1100,700,54.09402168493731,-85,-85,25.9816463993744,25.906018829630398,1350,700,201.5086442626641,13.180013213783393,circular
609,1100,700,54.09402168493731,-85,-85,25.042923900792417,24.788337040832293,1350,700,214.68865747644747,13.180013213783393,circular
610,1100,700,54.09402168493731,-85,-85,22.496022074683278,21.418119305852123,1350,700,227.86867069023086,13.180013213783393,circular
611,1100,700,54.09402168493731,-85,-85,-85,-85,1350,700,241.04868390401424,13.180013213783393,circular
612,1100,700,54.09402168493731,-85,-85,-85,-85,1350,700,254.22869711779762,13.180013213783393,circular
613,1100,700,54.09402168493731,-85,-85,-85,-85,1350,700,267.408710331581,13.180013213783393,circular
614,1100,700,54.09402168493731,-85,-85,-85,-85,1350,700,280.5887235453644,13.180013213783393,circular
615,1100,700,54.09402168493731,-85,-85,-85,-85,1350,700,293.7687367591478,13.180013213783393,circular
616,1100,700,54.09402168493731,-85,-85,-85,-85,1350,700,306.94874997293124,13.180013213783393,circular
617,1100,700,54.09402168493731,-85,-85,-85,-85,1350,700,320.12876318671465,13.180013213783393,circular
618,1100,700,54.09402168493731,-85,-85,-85,-85,1350,700,333.30877640049806,13.180013213783393,circular
619,1100,700,54.09402168493731,-85,-85,-85,-85,1350,700,346.4887896142815,13.180013213783393,circular
620,1100,700,54.09402168493731,-85,-85,-85,-85,1350,700,359.6688028280649,13.180013213783393,circular
621,1100,700,54.09402168493731,-85,-85,-85,-85,1350,700,12.848816041848295,13.180013213783393,circular
622,1100,700,54.09402168493731,-85,-85,-85,-85,1350,700,26.02882925563169,13.180013213783393,circular
623,1100,700,54.09402168493731,-85,-85,-85,-85,1350,700,39.20884246941508,13.180013213783393,circular
624,1100,700,54.09402168493731,-85,-85,-85,-85,1350,700,52.38885568319847,13.180013213783393,circular
625,1100,700,54.09402168493731,-85,-85,-85,-85,1350,700,65.56886889698187,13.180013213783393,circular
626,1100,700,54.09402168493731,-85,-85,-85,-85,1350,700,78.74888211076527,13.180013213783393,circular
627,1100,700,54.09402168493731,-85,-85,-85,-85,1350,700,91.92889532454866,13.180013213783393,circular
628,1100,700,54.09402168493731,-85,-85,-85,-85,1350,700,105.10890853833206,13.180013213783393,circular
629,1100,700,54.09402168493731,-85,-85,-85,-85,1350,700,118.28892175211546,13.180013213783393,circular
630,1100,700,54.09402168493731,-85,-85,-85,-85,1350,700,131.46893496589885,13.180013213783393,circular
631,1100,700,54.09402168493731,-85,-85,-85,-85,1350,700,144.64894817968224,13.180013213783393,circular
632,1100,700,54.09402168493731,-85,-85,20.48098321025059,21.813356630230874,1350,700,157.82896139346562,13.180013213783393,circular
633,1100,700,54.09402168493731,-85,-85,24.33271141113945,24.78833704083229,1350,700,171.008974607249,13.180013213783393,circular
634,1100,700,54.09402168493731,-85,-85,25.7492610641292,25.906018829630398,1350,700,184.18898782103238,13.180013213783393,circular
635,1100,700,54.09402168493731,-85,-85,26.074956048612798,26.035130213615616,1350,700,197.36900103481577,13.180013213783393,circular
636,1100,700,54.09402168493731,-85,-85,25.452908776355446,25.263344594616918,1350,700,210.54901424859915,13.180013213783393,circular
637,1100,700,54.09402168493731,-85,-85,23.553218972269416,23.067302502757133,1350,700,223.72902746238253,13.180013213783393,circular
638,1100,700,54.09402168493731,-85,-85,17.51315549939211,11.50579409835762,1350,700,236.90904067616592,13.180013213783393,circular
639,1100,700,54.09402168493731,-85,-85,-85,-85,1350,700,250.0890538899493,13.180013213783393,circular
640,1100,700,54.09402168493731,-85,-85,-85,-85,1350,700,263.2690671037327,13.180013213783393,circular
641,1100,700,54.09402168493731,-85,-85,-85,-85,1350,700,276.4490803175161,13.180013213783393,circular
642,1100,700,54.09402168493731,-85,-85,-85,-85,1350,700,289.62909353129953,13.180013213783393,circular
643,1100,700,54.09402168493731,-85,-85,-85,-85,1350,700,302.80910674508294,13.180013213783393,circular
644,1100,700,54.09402168493731,-85,-85,-85,-85,1350,700,315.98911995886635,13.180013213783393,circular
645,1100,700,54.09402168493731,-85,-85,-85,-85,1350,700,329.16913317264977,13.180013213783393,circular
646,1100,700,54.09402168493731,-85,-85,-85,-85,1350,700,342.3491463864332,13.180013213783393,circular
647,1100,700,54.09402168493731,-85,-85,-85,-85,1350,700,355.5291596002166,13.180013213783393,circular
648,1100,700,54.09402168493731,-85,-85,-85,-85,1350,700,8.709172813999999,13.180013213783393,circular
649,1100,700,54.09402168493731,-85,-85,-85,-85,1350,700,21.889186027783392,13.180013213783393,circular
650,1100,700,54.09402168493731,-85,-85,-85,-85,1350,700,35.069199241566785,13.180013213783393,circular
651,1100,700,54.09402168493731,-85,-85,-85,-85,1350,700,48.249212455350175,13.180013213783393,circular
652,1100,700,54.09402168493731,-85,-85,-85,-85,1350,700,61.42922566913357,13.180013213783393,circular
653,1100,700,54.09402168493731,-85,-85,-85,-85,1350,700,74.60923888291697,13.180013213783393,circular
654,1100,700,54.09402168493731,-85,-85,-85,-85,1350,700,87.78925209670037,13.180013213783393,circular
655,1100,700,54.09402168493731,-85,-85,-85,-85,1350,700,100.96926531048376,13.180013213783393,circular
656,1100,700,54.09402168493731,-85,-85,-85,-85,1350,700,114.14927852426716,13.180013213783393,circular
657,1100,700,54.09402168493731,-85,-85,-85,-85,1350,700,127.32929173805056,13.180013213783393,circular
658,1100,700,54.09402168493731,-85,-85,-85,-85,1350,700,140.50930495183394,13.180013213783393,circular
659,1100,700,54.09402168493731,-85,-85,17.513155499392102,19.25639156218217,1350,700,153.68931816561732,13.180013213783393,circular
660,1100,700,54.09402168493731,-85,-85,23.553218972269416,24.1582774269213,1350,700,166.8693313794007,13.180013213783393,circular
661,1100,700,54.09402168493731,-85,-85,25.452908776355446,25.684904084789974,1350,700,180.0493445931841,13.180013213783393,circular
662,1100,700,54.09402168493731,-85,-85,26.067010357935978,26.077602459396946,1350,700,193.22935780696747,13.180013213783393,circular
663,1100,700,54.09402168493731,-85,-85,25.807460623826316,25.614204328866276,1350,700,206.40937102075085,13.180013213783393,circular
664,1100,700,54.09402168493731,-85,-85,24.332711411139446,23.97102224645776,1350,700,219.58938423453424,13.180013213783393,circular
665,1100,700,54.09402168493731,-85,-85,20.48098321025059,19.25639156218219,1350,700,232.76939744831762,13.180013213783393,circular
666,1100,700,54.09402168493731,-85,-85,-85,-85,1350,700,245.949410662101,13.180013213783393,circular
667,1100,700,54.09402168493731,-85,-85,-85,-85,1350,700,259.1294238758844,13.180013213783393,circular
668,1100,700,54.09402168493731,-85,-85,-85,-85,1350,700,272.3094370896678,13.180013213783393,circular
669,1100,700,54.09402168493731,-85,-85,-85,-85,1350,700,285.48945030345124,13.180013213783393,circular
670,1100,700,54.09402168493731,-85,-85,-85,-85,1350,700,298.66946351723465,13.180013213783393,circular
671,1100,700,54.09402168493731,-85,-85,-85,-85,1350,700,311.84947673101806,13.180013213783393,circular
672,1100,700,54.09402168493731,-85,-85,-85,-85,1350,700,325.02948994480147,13.180013213783393,circular
673,1100,700,54.09402168493731,-85,-85,-85,-85,1350,700,338.2095031585849,13.180013213783393,circular
674,1100,700,54.09402168493731,-85,-85,-85,-85,1350,700,351.3895163723683,13.180013213783393,circular
675,1100,700,54.09402168493731,-85,-85,-85,-85,1350,700,4.5695295861517025,13.180013213783393,circular
676,1100,700,54.09402168493731,-85,-85,-85,-85,1350,700,17.749542799935096,13.180013213783393,circular
677,1100,700,54.09402168493731,-85,-85,-85,-85,1350,700,30.92955601371849,13.180013213783393,circular
678,1100,700,54.09402168493731,-85,-85,-85,-85,1350,700,44.10956922750188,13.180013213783393,circular
679,1100,700,54.09402168493731,-85,-85,-85,-85,1350,700,57.289582441285276,13.180013213783393,circular
680,1100,700,54.09402168493731,-85,-85,-85,-85,1350,700,70.46959565506867,13.180013213783393,circular
681,1100,700,54.09402168493731,-85,-85,-85,-85,1350,700,83.64960886885207,13.180013213783393,circular
682,1100,700,54.09402168493731,-85,-85,-85,-85,1350,700,96.82962208263547,13.180013213783393,circular
683,1100,700,54.09402168493731,-85,-85,-85,-85,1350,700,110.00963529641886,13.180013213783393,circular
684,1100,700,54.09402168493731,-85,-85,-85,-85,1350,700,123.18964851020226,13.180013213783393,circular
685,1100,700,54.09402168493731,-85,-85,-85,-85,1350,700,136.36966172398564,13.180013213783393,circular
686,1100,700,54.09402168493731,-85,-85,-85,14.513447644213304,1350,700,149.54967493776903,13.180013213783393,circular
687,1100,700,54.09402168493731,-85,-85,22.496022074683278,23.06730250275713,1350,700,162.7296881515524,13.180013213783393,circular
688,1100,700,54.09402168493731,-85,-85,25.042923900792417,25.36180729449956,1350,700,175.9097013653358,13.180013213783393,circular
689,1100,700,54.09402168493731,-85,-85,25.9816463993744,26.053745949214605,1350,700,189.08971457911917,13.180013213783393,circular
690,1100,700,54.09402168493731,-85,-85,25.9816463993744,25.859665714847075,1350,700,202.26972779290256,13.180013213783393,circular
691,1100,700,54.09402168493731,-85,-85,25.042923900792417,24.646943359767004,1350,700,215.44974100668594,13.180013213783393,circular
692,1100,700,54.09402168493731,-85,-85,22.170735458799452,21.418119305852123,1350,700,228.62975422046932,13.180013213783393,circular
693,1100,700,54.09402168493731,-85,-85,-85,-85,1350,700,241.8097674342527,13.180013213783393,circular
694,1100,700,54.09402168493731,-85,-85,-85,-85,1350,700,254.9897806480361,13.180013213783393,circular
695,1100,700,54.09402168493731,-85,-85,-85,-85,1350,700,268.16979386181947,13.180013213783393,circular
696,1100,700,54.09402168493731,-85,-85,-85,-85,1350,700,281.3498070756029,13.180013213783393,circular
697,1100,700,54.09402168493731,-85,-85,-85,-85,1350,700,294.5298202893863,13.180013213783393,circular
698,1100,700,54.09402168493731,-85,-85,-85,-85,1350,700,307.7098335031697,13.180013213783393,circular
699,1100,700,54.09402168493731,-85,-85,-85,-85,1350,700,320.8898467169531,13.180013213783393,circular
700,1100,700,54.09402168493731,-85,-85,-85,-85,1350,700,334.0698599307365,13.180013213783393,circular
701,1100,700,54.09402168493731,-85,-85,-85,-85,1350,700,347.24987314451994,13.180013213783393,circular
702,1100,700,54.09402168493731,-85,-85,-85,-85,1350,700,0.4298863583033494,13.180013213783393,circular
703,1100,700,54.09402168493731,-85,-85,-85,-85,1350,700,13.609899572086743,13.180013213783393,circular
704,1100,700,54.09402168493731,-85,-85,-85,-85,1350,700,26.789912785870136,13.180013213783393,circular
705,1100,700,54.09402168493731,-85,-85,-85,-85,1350,700,39.969925999653526,13.180013213783393,circular
706,1100,700,54.09402168493731,-85,-85,-85,-85,1350,700,53.14993921343692,13.180013213783393,circular
707,1100,700,54.09402168493731,-85,-85,-85,-85,1350,700,66.32995242722032,13.180013213783393,circular
708,1100,700,54.09402168493731,-85,-85,-85,-85,1350,700,79.50996564100372,13.180013213783393,circular
709,1100,700,54.09402168493731,-85,-85,-85,-85,1350,700,92.68997885478711,13.180013213783393,circular
710,1100,700,54.09402168493731,-85,-85,-85,-85,1350,700,105.86999206857051,13.180013213783393,circular
711,1100,700,54.09402168493731,-85,-85,-85,-85,1350,700,119.05000528235391,13.180013213783393,circular
712,1100,700,54.09402168493731,-85,-85,-85,-85,1350,700,132.2300184961373,13.180013213783393,circular
713,1100,700,54.09402168493731,-85,-85,-85,-85,1350,700,145.41003170992067,13.180013213783393,circular
714,1100,700,54.09402168493731,-85,-85,20.97742610025734,21.813356630230874,1350,700,158.59004492370406,13.180013213783393,circular
715,1100,700,54.09402168493731,-85,-85,24.495315191602927,24.78833704083229,1350,700,171.77005813748744,13.180013213783393,circular
716,1100,700,54.09402168493731,-85,-85,25.80746062382631,25.946643644493044,1350,700,184.95007135127082,13.180013213783393,circular
717,1100,700,54.09402168493731,-85,-85,26.067010357935978,26.011117049096303,1350,700,198.1300845650542,13.180013213783393,circular
718,1100,700,54.09402168493731,-85,-85,25.452908776355446,25.157178905256924,1350,700,211.3100977788376,13.180013213783393,circular
719,1100,700,54.09402168493731,-85,-85,23.319699537123853,22.793695368992225,1350,700,224.49011099262097,13.180013213783393,circular
720,1100,700,54.09402168493731,-85,-85,16.269948115724716,11.50579409835762,1350,700,237.67012420640435,13.180013213783393,circular
721,1100,700,54.09402168493731,-85,-85,-85,-85,1350,700,250.85013742018774,13.180013213783393,circular
722,1100,700,54.09402168493731,-85,-85,-85,-85,1350,700,264.0301506339711,13.180013213783393,circular
723,1100,700,54.09402168493731,-85,-85,-85,-85,1350,700,277.21016384775453,13.180013213783393,circular
724,1100,700,54.09402168493731,-85,-85,-85,-85,1350,700,290.39017706153794,13.180013213783393,circular
725,1100,700,54.09402168493731,-85,-85,-85,-85,1350,700,303.57019027532135,13.180013213783393,circular
726,1100,700,54.09402168493731,-85,-85,-85,-85,1350,700,316.75020348910476,13.180013213783393,circular
727,1100,700,54.09402168493731,-85,-85,-85,-85,1350,700,329.9302167028882,13.180013213783393,circular
728,1100,700,54.09402168493731,-85,-85,-85,-85,1350,700,343.1102299166716,13.180013213783393,circular
729,1100,700,54.09402168493731,-85,-85,-85,-85,1350,700,356.290243130455,13.180013213783393,circular
730,1100,700,54.09402168493731,-85,-85,-85,-85,1350,700,9.470256344238408,13.180013213783393,circular
731,1100,700,54.09402168493731,-85,-85,-85,-85,1350,700,22.6502695580218,13.180013213783393,circular
732,1100,700,54.09402168493731,-85,-85,-85,-85,1350,700,35.830282771805194,13.180013213783393,circular
733,1100,700,54.09402168493731,-85,-85,-85,-85,1350,700,49.010295985588584,13.180013213783393,circular
734,1100,700,54.09402168493731,-85,-85,-85,-85,1350,700,62.19030919937198,13.180013213783393,circular
735,1100,700,54.09402168493731,-85,-85,-85,-85,1350,700,75.37032241315538,13.180013213783393,circular
736,1100,700,54.09402168493731,-85,-85,-85,-85,1350,700,88.55033562693878,13.180013213783393,circular
737,1100,700,54.09402168493731,-85,-85,-85,-85,1350,700,101.73034884072217,13.180013213783393,circular
738,1100,700,54.09402168493731,-85,-85,-85,-85,1350,700,114.91036205450557,13.180013213783393,circular
739,1100,700,54.09402168493731,-85,-85,-85,-85,1350,700,128.09037526828897,13.180013213783393,circular
740,1100,700,54.09402168493731,-85,-85,-85,-85,1350,700,141.27038848207235,13.180013213783393,circular
741,1100,700,54.09402168493731,-85,-85,17.513155499392102,19.91435422725632,1350,700,154.45040169585573,13.180013213783393,circular
742,1100,700,54.09402168493731,-85,-85,23.769789312347285,24.1582774269213,1350,700,167.63041490963911,13.180013213783393,circular
743,1100,700,54.09402168493731,-85,-85,25.536951728381826,25.7492610641292,1350,700,180.8104281234225,13.180013213783393,circular
744,1100,700,54.09402168493731,-85,-85,26.074956048612798,26.074956048612798,1350,700,193.99044133720588,13.180013213783393,circular
745,1100,700,54.09402168493731,-85,-85,25.7492610641292,25.536951728381826,1350,700,207.17045455098926,13.180013213783393,circular
746,1100,700,54.09402168493731,-85,-85,24.332711411139446,23.769789312347285,1350,700,220.35046776477265,13.180013213783393,circular
747,1100,700,54.09402168493731,-85,-85,19.914354227256315,18.474304759512954,1350,700,233.53048097855603,13.180013213783393,circular
748,1100,700,54.09402168493731,-85,-85,-85,-85,1350,700,246.7104941923394,13.180013213783393,circular
749,1100,700,54.09402168493731,-85,-85,-85,-85,1350,700,259.8905074061228,13.180013213783393,circular
750,1100,700,54.09402168493731,-85,-85,-85,-85,1350,700,273.07052061990623,13.180013213783393,circular
751,1100,700,54.09402168493731,-85,-85,-85,-85,1350,700,286.25053383368964,13.180013213783393,circular
752,1100,700,54.09402168493731,-85,-85,-85,-85,1350,700,299.43054704747306,13.180013213783393,circular
753,1100,700,54.09402168493731,-85,-85,-85,-85,1350,700,312.61056026125647,13.180013213783393,circular
754,1100,700,54.09402168493731,-85,-85,-85,-85,1350,700,325.7905734750399,13.180013213783393,circular
755,1100,700,54.09402168493731,-85,-85,-85,-85,1350,700,338.9705866888233,13.180013213783393,circular
756,1100,700,54.09402168493731,-85,-85,-85,-85,1350,700,352.1505999026067,13.180013213783393,circular
757,1100,700,54.09402168493731,-85,-85,-85,-85,1350,700,5.330613116390111,13.180013213783393,circular
758,1100,700,54.09402168493731,-85,-85,-85,-85,1350,700,18.510626330173505,13.180013213783393,circular
759,1100,700,54.09402168493731,-85,-85,-85,-85,1350,700,31.690639543956898,13.180013213783393,circular
760,1100,700,54.09402168493731,-85,-85,-85,-85,1350,700,44.87065275774029,13.180013213783393,circular
761,1100,700,54.09402168493731,-85,-85,-85,-85,1350,700,58.050665971523685,13.180013213783393,circular
762,1100,700,54.09402168493731,-85,-85,-85,-85,1350,700,71.23067918530708,13.180013213783393,circular
763,1100,700,54.09402168493731,-85,-85,-85,-85,1350,700,84.41069239909048,13.180013213783393,circular
764,1100,700,54.09402168493731,-85,-85,-85,-85,1350,700,97.59070561287388,13.180013213783393,circular
765,1100,700,54.09402168493731,-85,-85,-85,-85,1350,700,110.77071882665727,13.180013213783393,circular
766,1100,700,54.09402168493731,-85,-85,-85,-85,1350,700,123.95073204044067,13.180013213783393,circular
767,1100,700,54.09402168493731,-85,-85,-85,-85,1350,700,137.13074525422405,13.180013213783393,circular
768,1100,700,54.09402168493731,-85,-85,-85,16.269948115724727,1350,700,150.31075846800744,13.180013213783393,circular
769,1100,700,54.09402168493731,-85,-85,22.793695368992218,23.31969953712386,1350,700,163.49077168179082,13.180013213783393,circular
770,1100,700,54.09402168493731,-85,-85,25.157178905256924,25.36180729449956,1350,700,176.6707848955742,13.180013213783393,circular
771,1100,700,54.09402168493731,-85,-85,26.011117049096303,26.067010357935978,1350,700,189.85079810935758,13.180013213783393,circular
772,1100,700,54.09402168493731,-85,-85,25.946643644493044,25.807460623826316,1350,700,203.03081132314097,13.180013213783393,circular
773,1100,700,54.09402168493731,-85,-85,24.92014212493214,24.495315191602927,1350,700,216.21082453692435,13.180013213783393,circular
774,1100,700,54.09402168493731,-85,-85,22.170735458799452,20.97742610025735,1350,700,229.39083775070773,13.180013213783393,circular
775,1100,700,54.09402168493731,-85,-85,-85,-85,1350,700,242.57085096449111,13.180013213783393,circular
776,1100,700,54.09402168493731,-85,-85,-85,-85,1350,700,255.7508641782745,13.180013213783393,circular
777,1100,700,54.09402168493731,-85,-85,-85,-85,1350,700,268.9308773920579,13.180013213783393,circular
778,1100,700,54.09402168493731,-85,-85,-85,-85,1350,700,282.1108906058413,13.180013213783393,circular
779,1100,700,54.09402168493731,-85,-85,-85,-85,1350,700,295.2909038196247,13.180013213783393,circular
780,1100,700,54.09402168493731,-85,-85,-85,-85,1350,700,308.4709170334081,13.180013213783393,circular
781,1100,700,54.09402168493731,-85,-85,-85,-85,1350,700,321.6509302471915,13.180013213783393,circular
782,1100,700,54.09402168493731,-85,-85,-85,-85,1350,700,334.83094346097494,13.180013213783393,circular
783,1100,700,54.09402168493731,-85,-85,-85,-85,1350,700,348.01095667475835,13.180013213783393,circular
784,1100,700,54.09402168493731,-85,-85,-85,-85,1350,700,1.1909698885417583,13.180013213783393,circular
785,1100,700,54.09402168493731,-85,-85,-85,-85,1350,700,14.370983102325152,13.180013213783393,circular
786,1100,700,54.09402168493731,-85,-85,-85,-85,1350,700,27.550996316108545,13.180013213783393,circular
787,1100,700,54.09402168493731,-85,-85,-85,-85,1350,700,40.731009529891935,13.180013213783393,circular
788,1100,700,54.09402168493731,-85,-85,-85,-85,1350,700,53.91102274367533,13.180013213783393,circular
789,1100,700,54.09402168493731,-85,-85,-85,-85,1350,700,67.09103595745873,13.180013213783393,circular
790,1100,700,54.09402168493731,-85,-85,-85,-85,1350,700,80.27104917124213,13.180013213783393,circular
791,1100,700,54.09402168493731,-85,-85,-85,-85,1350,700,93.45106238502552,13.180013213783393,circular
792,1100,700,54.09402168493731,-85,-85,-85,-85,1350,700,106.63107559880892,13.180013213783393,circular
793,1100,700,54.09402168493731,-85,-85,-85,-85,1350,700,119.81108881259232,13.180013213783393,circular
794,1100,700,54.09402168493731,-85,-85,-85,-85,1350,700,132.9911020263757,13.180013213783393,circular
795,1100,700,54.09402168493731,-85,-85,-85,-85,1350,700,146.17111524015908,13.180013213783393,circular
796,1100,700,54.09402168493731,-85,-85,20.97742610025734,22.170735458799452,1350,700,159.35112845394247,13.180013213783393,circular
797,1100,700,54.09402168493731,-85,-85,24.646943359767004,24.92014212493214,1350,700,172.53114166772585,13.180013213783393,circular
798,1100,700,54.09402168493731,-85,-85,25.859665714847075,25.946643644493044,1350,700,185.71115488150923,13.180013213783393,circular
799,1100,700,54.09402168493731,-85,-85,26.053745949214605,25.9816463993744,1350,700,198.8911680952926,13.180013213783393,circular
800,1100,700,54.09402168493731,-85,-85,25.361807294499556,25.042923900792417,1350,700,212.071181309076,13.180013213783393,circular
801,1100,700,54.09402168493731,-85,-85,23.319699537123853,22.496022074683278,1350,700,225.25119452285938,13.180013213783393,circular
802,1100,700,54.09402168493731,-85,-85,16.269948115724716,-85,1350,700,238.43120773664276,13.180013213783393,circular
803,1100,700,54.09402168493731,-85,-85,-85,-85,1350,700,251.61122095042614,13.180013213783393,circular
804,1100,700,54.09402168493731,-85,-85,-85,-85,1350,700,264.7912341642095,13.180013213783393,circular
805,1100,700,54.09402168493731,-85,-85,-85,-85,1350,700,277.97124737799294,13.180013213783393,circular
806,1100,700,54.09402168493731,-85,-85,-85,-85,1350,700,291.15126059177635,13.180013213783393,circular
807,1100,700,54.09402168493731,-85,-85,-85,-85,1350,700,304.33127380555976,13.180013213783393,circular
808,1100,700,54.09402168493731,-85,-85,-85,-85,1350,700,317.5112870193432,13.180013213783393,circular
809,1100,700,54.09402168493731,-85,-85,-85,-85,1350,700,330.6913002331266,13.180013213783393,circular
810,1100,700,54.09402168493731,-85,-85,-85,-85,1350,700,343.87131344691,13.180013213783393,circular
811,1100,700,54.09402168493731,-85,-85,-85,-85,1350,700,357.0513266606934,13.180013213783393,circular
812,1100,700,54.09402168493731,-85,-85,-85,-85,1350,700,10.231339874476816,13.180013213783393,circular
813,1100,700,54.09402168493731,-85,-85,-85,-85,1350,700,23.41135308826021,13.180013213783393,circular
814,1100,700,54.09402168493731,-85,-85,-85,-85,1350,700,36.5913663020436,13.180013213783393,circular
815,1100,700,54.09402168493731,-85,-85,-85,-85,1350,700,49.77137951582699,13.180013213783393,circular
816,1100,700,54.09402168493731,-85,-85,-85,-85,1350,700,62.95139272961039,13.180013213783393,circular
817,1100,700,54.09402168493731,-85,-85,-85,-85,1350,700,76.13140594339379,13.180013213783393,circular
818,1100,700,54.09402168493731,-85,-85,-85,-85,1350,700,89.31141915717718,13.180013213783393,circular
819,1100,700,54.09402168493731,-85,-85,-85,-85,1350,700,102.49143237096058,13.180013213783393,circular
820,1100,700,54.09402168493731,-85,-85,-85,-85,1350,700,115.67144558474398,13.180013213783393,circular
821,1100,700,54.09402168493731,-85,-85,-85,-85,1350,700,128.85145879852737,13.180013213783393,circular
822,1100,700,54.09402168493731,-85,-85,-85,-85,1350,700,142.03147201231076,13.180013213783393,circular
823,1100,700,54.09402168493731,-85,-85,18.47430475951294,20.48098321025059,1350,700,155.21148522609414,13.180013213783393,circular
824,1100,700,54.09402168493731,-85,-85,23.769789312347285,24.33271141113945,1350,700,168.39149843987752,13.180013213783393,circular
825,1100,700,54.09402168493731,-85,-85,25.614204328866276,25.7492610641292,1350,700,181.5715116536609,13.180013213783393,circular
826,1100,700,54.09402168493731,-85,-85,26.077602459396946,26.074956048612798,1350,700,194.7515248674443,13.180013213783393,circular
827,1100,700,54.09402168493731,-85,-85,25.684904084789977,25.452908776355446,1350,700,207.93153808122767,13.180013213783393,circular
828,1100,700,54.09402168493731,-85,-85,24.1582774269213,23.553218972269416,1350,700,221.11155129501105,13.180013213783393,circular
829,1100,700,54.09402168493731,-85,-85,19.914354227256315,17.51315549939211,1350,700,234.29156450879444,13.180013213783393,circular
830,1100,700,54.09402168493731,-85,-85,-85,-85,1350,700,247.47157772257782,13.180013213783393,circular
831,1100,700,54.09402168493731,-85,-85,-85,-85,1350,700,260.65159093636123,13.180013213783393,circular
832,1100,700,54.09402168493731,-85,-85,-85,-85,1350,700,273.83160415014464,13.180013213783393,circular
833,1100,700,54.09402168493731,-85,-85,-85,-85,1350,700,287.01161736392805,13.180013213783393,circular
834,1100,700,54.09402168493731,-85,-85,-85,-85,1350,700,300.19163057771146,13.180013213783393,circular
835,1100,700,54.09402168493731,-85,-85,-85,-85,1350,700,313.3716437914949,13.180013213783393,circular
836,1100,700,54.09402168493731,-85,-85,-85,-85,1350,700,326.5516570052783,13.180013213783393,circular
837,1100,700,54.09402168493731,-85,-85,-85,-85,1350,700,339.7316702190617,13.180013213783393,circular
838,1100,700,54.09402168493731,-85,-85,-85,-85,1350,700,352.9116834328451,13.180013213783393,circular
839,1100,700,54.09402168493731,-85,-85,-85,-85,1350,700,6.09169664662852,13.180013213783393,circular
840,1100,700,54.09402168493731,-85,-85,-85,-85,1350,700,19.271709860411914,13.180013213783393,circular
841,1100,700,54.09402168493731,-85,-85,-85,-85,1350,700,32.45172307419531,13.180013213783393,circular
842,1100,700,54.09402168493731,-85,-85,-85,-85,1350,700,45.6317362879787,13.180013213783393,circular
843,1100,700,54.09402168493731,-85,-85,-85,-85,1350,700,58.811749501762094,13.180013213783393,circular
844,1100,700,54.09402168493731,-85,-85,-85,-85,1350,700,71.99176271554549,13.180013213783393,circular
845,1100,700,54.09402168493731,-85,-85,-85,-85,1350,700,85.17177592932889,13.180013213783393,circular
846,1100,700,54.09402168493731,-85,-85,-85,-85,1350,700,98.35178914311228,13.180013213783393,circular
847,1100,700,54.09402168493731,-85,-85,-85,-85,1350,700,111.53180235689568,13.180013213783393,circular
848,1100,700,54.09402168493731,-85,-85,-85,-85,1350,700,124.71181557067908,13.180013213783393,circular
849,1100,700,54.09402168493731,-85,-85,-85,-85,1350,700,137.89182878446246,13.180013213783393,circular
850,1100,700,54.09402168493731,-85,-85,11.505794098357505,17.513155499392102,1350,700,151.07184199824584,13.180013213783393,circular
851,1100,700,54.09402168493731,-85,-85,22.793695368992218,23.553218972269416,1350,700,164.25185521202923,13.180013213783393,circular
852,1100,700,54.09402168493731,-85,-85,25.157178905256924,25.452908776355446,1350,700,177.4318684258126,13.180013213783393,circular
853,1100,700,54.09402168493731,-85,-85,26.035130213615616,26.067010357935978,1350,700,190.611881639596,13.180013213783393,circular
854,1100,700,54.09402168493731,-85,-85,25.906018829630398,25.807460623826316,1350,700,203.79189485337938,13.180013213783393,circular
855,1100,700,54.09402168493731,-85,-85,24.788337040832293,24.332711411139446,1350,700,216.97190806716276,13.180013213783393,circular
856,1100,700,54.09402168493731,-85,-85,21.81335663023087,20.48098321025059,1350,700,230.15192128094614,13.180013213783393,circular
857,1100,700,54.09402168493731,-85,-85,-85,-85,1350,700,243.33193449472952,13.180013213783393,circular
858,1100,700,54.09402168493731,-85,-85,-85,-85,1350,700,256.51194770851293,13.180013213783393,circular
859,1100,700,54.09402168493731,-85,-85,-85,-85,1350,700,269.69196092229635,13.180013213783393,circular
860,1100,700,54.09402168493731,-85,-85,-85,-85,1350,700,282.87197413607976,13.180013213783393,circular
861,1100,700,54.09402168493731,-85,-85,-85,-85,1350,700,296.05198734986317,13.180013213783393,circular
862,1100,700,54.09402168493731,-85,-85,-85,-85,1350,700,309.2320005636466,13.180013213783393,circular
863,1100,700,54.09402168493731,-85,-85,-85,-85,1350,700,322.41201377743,13.180013213783393,circular
864,1100,700,54.09402168493731,-85,-85,-85,-85,1350,700,335.5920269912134,13.180013213783393,circular
865,1100,700,54.09402168493731,-85,-85,-85,-85,1350,700,348.7720402049968,13.180013213783393,circular
866,1100,700,54.09402168493731,-85,-85,-85,-85,1350,700,1.952053418780224,13.180013213783393,circular
867,1100,700,54.09402168493731,-85,-85,-85,-85,1350,700,15.132066632563618,13.180013213783393,circular
868,1100,700,54.09402168493731,-85,-85,-85,-85,1350,700,28.31207984634701,13.180013213783393,circular
869,1100,700,54.09402168493731,-85,-85,-85,-85,1350,700,41.4920930601304,13.180013213783393,circular
870,1100,700,54.09402168493731,-85,-85,-85,-85,1350,700,54.6721062739138,13.180013213783393,circular
871,1100,700,54.09402168493731,-85,-85,-85,-85,1350,700,67.8521194876972,13.180013213783393,circular
872,1100,700,54.09402168493731,-85,-85,-85,-85,1350,700,81.03213270148059,13.180013213783393,circular
873,1100,700,54.09402168493731,-85,-85,-85,-85,1350,700,94.21214591526399,13.180013213783393,circular
874,1100,700,54.09402168493731,-85,-85,-85,-85,1350,700,107.39215912904739,13.180013213783393,circular
875,1100,700,54.09402168493731,-85,-85,-85,-85,1350,700,120.57217234283078,13.180013213783393,circular
876,1100,700,54.09402168493731,-85,-85,-85,-85,1350,700,133.75218555661417,13.180013213783393,circular
877,1100,700,54.09402168493731,-85,-85,-85,-85,1350,700,146.93219877039755,13.180013213783393,circular
878,1100,700,54.09402168493731,-85,-85,21.41811930585211,22.496022074683278,1350,700,160.11221198418093,13.180013213783393,circular
879,1100,700,54.09402168493731,-85,-85,24.646943359767004,25.042923900792417,1350,700,173.2922251979643,13.180013213783393,circular
880,1100,700,54.09402168493731,-85,-85,25.906018829630398,25.9816463993744,1350,700,186.4722384117477,13.180013213783393,circular
881,1100,700,54.09402168493731,-85,-85,26.035130213615616,25.9816463993744,1350,700,199.65225162553108,13.180013213783393,circular
882,1100,700,54.09402168493731,-85,-85,25.263344594616918,24.92014212493214,1350,700,212.83226483931446,13.180013213783393,circular
883,1100,700,54.09402168493731,-85,-85,23.067302502757133,22.170735458799452,1350,700,226.01227805309784,13.180013213783393,circular
884,1100,700,54.09402168493731,-85,-85,14.513447644213265,-85,1350,700,239.19229126688123,13.180013213783393,circular
885,1100,700,54.09402168493731,-85,-85,-85,-85,1350,700,252.3723044806646,13.180013213783393,circular
886,1100,700,54.09402168493731,-85,-85,-85,-85,1350,700,265.552317694448,13.180013213783393,circular
887,1100,700,54.09402168493731,-85,-85,-85,-85,1350,700,278.7323309082314,13.180013213783393,circular
888,1100,700,54.09402168493731,-85,-85,-85,-85,1350,700,291.9123441220148,13.180013213783393,circular
889,1100,700,54.09402168493731,-85,-85,-85,-85,1350,700,305.0923573357982,13.180013213783393,circular
890,1100,700,54.09402168493731,-85,-85,-85,-85,1350,700,318.27237054958164,13.180013213783393,circular
891,1100,700,54.09402168493731,-85,-85,-85,-85,1350,700,331.45238376336505,13.180013213783393,circular
892,1100,700,54.09402168493731,-85,-85,-85,-85,1350,700,344.63239697714846,13.180013213783393,circular
893,1100,700,54.09402168493731,-85,-85,-85,-85,1350,700,357.81241019093187,13.180013213783393,circular
894,1100,700,54.09402168493731,-85,-85,-85,-85,1350,700,10.992423404715282,13.180013213783393,circular
895,1100,700,54.09402168493731,-85,-85,-85,-85,1350,700,24.172436618498676,13.180013213783393,circular
896,1100,700,54.09402168493731,-85,-85,-85,-85,1350,700,37.35244983228207,13.180013213783393,circular
897,1100,700,54.09402168493731,-85,-85,-85,-85,1350,700,50.53246304606546,13.180013213783393,circular
898,1100,700,54.09402168493731,-85,-85,-85,-85,1350,700,63.712476259848856,13.180013213783393,circular
899,1100,700,54.09402168493731,-85,-85,-85,-85,1350,700,76.89248947363225,13.180013213783393,circular
900,1100,700,54.09402168493731,-85,-85,-85,-85,1350,700,90.07250268741565,13.180013213783393,circular
901,1100,700,54.09402168493731,-85,-85,-85,-85,1350,700,103.25251590119905,13.180013213783393,circular
902,1100,700,54.09402168493731,-85,-85,-85,-85,1350,700,116.43252911498244,13.180013213783393,circular
903,1100,700,54.09402168493731,-85,-85,-85,-85,1350,700,129.61254232876584,13.180013213783393,circular
904,1100,700,54.09402168493731,-85,-85,-85,-85,1350,700,142.79255554254922,13.180013213783393,circular
905,1100,700,54.09402168493731,-85,-85,19.25639156218217,20.97742610025734,1350,700,155.9725687563326,13.180013213783393,circular
906,1100,700,54.09402168493731,-85,-85,23.971022246457757,24.495315191602927,1350,700,169.152581970116,13.180013213783393,circular
907,1100,700,54.09402168493731,-85,-85,25.614204328866276,25.80746062382631,1350,700,182.33259518389937,13.180013213783393,circular
908,1100,700,54.09402168493731,-85,-85,26.077602459396946,26.067010357935978,1350,700,195.51260839768275,13.180013213783393,circular
909,1100,700,54.09402168493731,-85,-85,25.614204328866276,25.452908776355446,1350,700,208.69262161146614,13.180013213783393,circular
910,1100,700,54.09402168493731,-85,-85,23.97102224645776,23.319699537123853,1350,700,221.87263482524952,13.180013213783393,circular
911,1100,700,54.09402168493731,-85,-85,19.25639156218219,16.269948115724716,1350,700,235.0526480390329,13.180013213783393,circular
912,1100,700,54.09402168493731,-85,-85,-85,-85,1350,700,248.23266125281629,13.180013213783393,circular
913,1100,700,54.09402168493731,-85,-85,-85,-85,1350,700,261.4126744665997,13.180013213783393,circular
914,1100,700,54.09402168493731,-85,-85,-85,-85,1350,700,274.5926876803831,13.180013213783393,circular
915,1100,700,54.09402168493731,-85,-85,-85,-85,1350,700,287.7727008941665,13.180013213783393,circular
916,1100,700,54.09402168493731,-85,-85,-85,-85,1350,700,300.95271410794993,13.180013213783393,circular
917,1100,700,54.09402168493731,-85,-85,-85,-85,1350,700,314.13272732173334,13.180013213783393,circular
918,1100,700,54.09402168493731,-85,-85,-85,-85,1350,700,327.31274053551675,13.180013213783393,circular
919,1100,700,54.09402168493731,-85,-85,-85,-85,1350,700,340.49275374930016,13.180013213783393,circular
920,1100,700,54.09402168493731,-85,-85,-85,-85,1350,700,353.6727669630836,13.180013213783393,circular
921,1100,700,54.09402168493731,-85,-85,-85,-85,1350,700,6.852780176866986,13.180013213783393,circular
922,1100,700,54.09402168493731,-85,-85,-85,-85,1350,700,20.03279339065038,13.180013213783393,circular
923,1100,700,54.09402168493731,-85,-85,-85,-85,1350,700,33.21280660443377,13.180013213783393,circular
924,1100,700,54.09402168493731,-85,-85,-85,-85,1350,700,46.39281981821716,13.180013213783393,circular
925,1100,700,54.09402168493731,-85,-85,-85,-85,1350,700,59.57283303200056,13.180013213783393,circular
926,1100,700,54.09402168493731,-85,-85,-85,-85,1350,700,72.75284624578396,13.180013213783393,circular
927,1100,700,54.09402168493731,-85,-85,-85,-85,1350,700,85.93285945956735,13.180013213783393,circular
928,1100,700,54.09402168493731,-85,-85,-85,-85,1350,700,99.11287267335075,13.180013213783393,circular
929,1100,700,54.09402168493731,-85,-85,-85,-85,1350,700,112.29288588713415,13.180013213783393,circular
930,1100,700,54.09402168493731,-85,-85,-85,-85,1350,700,125.47289910091754,13.180013213783393,circular
931,1100,700,54.09402168493731,-85,-85,-85,-85,1350,700,138.65291231470093,13.180013213783393,circular
932,1100,700,54.09402168493731,-85,-85,14.513447644213304,18.47430475951294,1350,700,151.8329255284843,13.180013213783393,circular
933,1100,700,54.09402168493731,-85,-85,23.06730250275713,23.769789312347285,1350,700,165.0129387422677,13.180013213783393,circular
934,1100,700,54.09402168493731,-85,-85,25.26334459461691,25.536951728381826,1350,700,178.19295195605108,13.180013213783393,circular
935,1100,700,54.09402168493731,-85,-85,26.035130213615616,26.074956048612798,1350,700,191.37296516983446,13.180013213783393,circular
936,1100,700,54.09402168493731,-85,-85,25.859665714847075,25.7492610641292,1350,700,204.55297838361784,13.180013213783393,circular
937,1100,700,54.09402168493731,-85,-85,24.646943359767004,24.332711411139446,1350,700,217.73299159740122,13.180013213783393,circular
938,1100,700,54.09402168493731,-85,-85,21.418119305852123,19.914354227256315,1350,700,230.9130048111846,13.180013213783393,circular
939,1100,700,54.09402168493731,-85,-85,-85,-85,1350,700,244.093018024968,13.180013213783393,circular
940,1100,700,54.09402168493731,-85,-85,-85,-85,1350,700,257.2730312387514,13.180013213783393,circular
941,1100,700,54.09402168493731,-85,-85,-85,-85,1350,700,270.4530444525348,13.180013213783393,circular
942,1100,700,54.09402168493731,-85,-85,-85,-85,1350,700,283.6330576663182,13.180013213783393,circular
943,1100,700,54.09402168493731,-85,-85,-85,-85,1350,700,296.81307088010163,13.180013213783393,circular
944,1100,700,54.09402168493731,-85,-85,-85,-85,1350,700,309.99308409388505,13.180013213783393,circular
945,1100,700,54.09402168493731,-85,-85,-85,-85,1350,700,323.17309730766846,13.180013213783393,circular
946,1100,700,54.09402168493731,-85,-85,-85,-85,1350,700,336.35311052145187,13.180013213783393,circular
947,1100,700,54.09402168493731,-85,-85,-85,-85,1350,700,349.5331237352353,13.180013213783393,circular
948,1100,700,54.09402168493731,-85,-85,-85,-85,1350,700,2.71313694901869,13.180013213783393,circular
949,1100,700,54.09402168493731,-85,-85,-85,-85,1350,700,15.893150162802083,13.180013213783393,circular
950,1100,700,54.09402168493731,-85,-85,-85,-85,1350,700,29.073163376585477,13.180013213783393,circular
951,1100,700,54.09402168493731,-85,-85,-85,-85,1350,700,42.25317659036887,13.180013213783393,circular
952,1100,700,54.09402168493731,-85,-85,-85,-85,1350,700,55.43318980415226,13.180013213783393,circular
953,1100,700,54.09402168493731,-85,-85,-85,-85,1350,700,68.61320301793566,13.180013213783393,circular
954,1100,700,54.09402168493731,-85,-85,-85,-85,1350,700,81.79321623171906,13.180013213783393,circular
955,1100,700,54.09402168493731,-85,-85,-85,-85,1350,700,94.97322944550245,13.180013213783393,circular
956,1100,700,54.09402168493731,-85,-85,-85,-85,1350,700,108.15324265928585,13.180013213783393,circular
957,1100,700,54.09402168493731,-85,-85,-85,-85,1350,700,121.33325587306925,13.180013213783393,circular
958,1100,700,54.09402168493731,-85,-85,-85,-85,1350,700,134.51326908685263,13.180013213783393,circular
959,1100,700,54.09402168493731,-85,-85,-85,-85,1350,700,147.693282300636,13.180013213783393,circular
960,1100,700,54.09402168493731,-85,-85,21.813356630230874,22.793695368992218,1350,700,160.8732955144194,13.180013213783393,circular
961,1100,700,54.09402168493731,-85,-85,24.78833704083229,25.157178905256924,1350,700,174.05330872820278,13.180013213783393,circular
962,1100,700,54.09402168493731,-85,-85,25.906018829630398,26.011117049096303,1350,700,187.23332194198616,13.180013213783393,circular
963,1100,700,54.09402168493731,-85,-85,26.035130213615616,25.946643644493044,1350,700,200.41333515576954,13.180013213783393,circular
964,1100,700,54.09402168493731,-85,-85,25.157178905256924,24.92014212493214,1350,700,213.59334836955293,13.180013213783393,circular
965,1100,700,54.09402168493731,-85,-85,22.793695368992225,22.170735458799452,1350,700,226.7733615833363,13.180013213783393,circular
966,1100,700,54.09402168493731,-85,-85,11.50579409835762,-85,1350,700,239.9533747971197,13.180013213783393,circular
967,1100,700,54.09402168493731,-85,-85,-85,-85,1350,700,253.13338801090308,13.180013213783393,circular
968,1100,700,54.09402168493731,-85,-85,-85,-85,1350,700,266.31340122468646,13.180013213783393,circular
969,1100,700,54.09402168493731,-85,-85,-85,-85,1350,700,279.49341443846987,13.180013213783393,circular
970,1100,700,54.09402168493731,-85,-85,-85,-85,1350,700,292.6734276522533,13.180013213783393,circular
971,1100,700,54.09402168493731,-85,-85,-85,-85,1350,700,305.8534408660367,13.180013213783393,circular
972,1100,700,54.09402168493731,-85,-85,-85,-85,1350,700,319.0334540798201,13.180013213783393,circular
973,1100,700,54.09402168493731,-85,-85,-85,-85,1350,700,332.2134672936035,13.180013213783393,circular
974,1100,700,54.09402168493731,-85,-85,-85,-85,1350,700,345.3934805073869,13.180013213783393,circular
975,1100,700,54.09402168493731,-85,-85,-85,-85,1350,700,358.57349372117034,13.180013213783393,circular
976,1100,700,54.09402168493731,-85,-85,-85,-85,1350,700,11.753506934953748,13.180013213783393,circular
977,1100,700,54.09402168493731,-85,-85,-85,-85,1350,700,24.93352014873714,13.180013213783393,circular
978,1100,700,54.09402168493731,-85,-85,-85,-85,1350,700,38.113533362520535,13.180013213783393,circular
979,1100,700,54.09402168493731,-85,-85,-85,-85,1350,700,51.293546576303925,13.180013213783393,circular
980,1100,700,54.09402168493731,-85,-85,-85,-85,1350,700,64.47355979008732,13.180013213783393,circular
981,1100,700,54.09402168493731,-85,-85,-85,-85,1350,700,77.65357300387072,13.180013213783393,circular
982,1100,700,54.09402168493731,-85,-85,-85,-85,1350,700,90.83358621765412,13.180013213783393,circular
983,1100,700,54.09402168493731,-85,-85,-85,-85,1350,700,104.01359943143751,13.180013213783393,circular
984,1100,700,54.09402168493731,-85,-85,-85,-85,1350,700,117.19361264522091,13.180013213783393,circular
985,1100,700,54.09402168493731,-85,-85,-85,-85,1350,700,130.3736258590043,13.180013213783393,circular
986,1100,700,54.09402168493731,-85,-85,-85,-85,1350,700,143.5536390727877,13.180013213783393,circular
987,1100,700,54.09402168493731,-85,-85,19.91435422725632,20.97742610025734,1350,700,156.73365228657107,13.180013213783393,circular
988,1100,700,54.09402168493731,-85,-85,24.1582774269213,24.646943359767004,1350,700,169.91366550035445,13.180013213783393,circular
989,1100,700,54.09402168493731,-85,-85,25.684904084789974,25.859665714847075,1350,700,183.09367871413784,13.180013213783393,circular
990,1100,700,54.09402168493731,-85,-85,26.077602459396946,26.053745949214605,1350,700,196.27369192792122,13.180013213783393,circular
991,1100,700,54.09402168493731,-85,-85,25.614204328866276,25.361807294499556,1350,700,209.4537051417046,13.180013213783393,circular
992,1100,700,54.09402168493731,-85,-85,23.769789312347285,23.319699537123853,1350,700,222.63371835548799,13.180013213783393,circular
993,1100,700,54.09402168493731,-85,-85,18.474304759512954,14.513447644213265,1350,700,235.81373156927137,13.180013213783393,circular
994,1100,700,54.09402168493731,-85,-85,-85,-85,1350,700,248.99374478305475,13.180013213783393,circular
995,1100,700,54.09402168493731,-85,-85,-85,-85,1350,700,262.17375799683816,13.180013213783393,circular
996,1100,700,54.09402168493731,-85,-85,-85,-85,1350,700,275.3537712106216,13.180013213783393,circular
997,1100,700,54.09402168493731,-85,-85,-85,-85,1350,700,288.533784424405,13.180013213783393,circular
998,1100,700,54.09402168493731,-85,-85,-85,-85,1350,700,301.7137976381884,13.180013213783393,circular
999,1100,700,54.09402168493731,-85,-85,-85,-85,1350,700,314.8938108519718,13.180013213783393,circular
