Tick,Aircraft X,Aircraft Y,Aircraft Heading,A1,A2,A3,A4,Radar X,Radar Y,Radar Azimuth,Radar RPM,Radar Scan Pattern
0,1100,700,245.32018653439027,-85,-85,-85,-85,1350,700,348.9298465465534,2.3147764947029215,circular
1,1100,700,245.32018653439027,-85,-85,-85,-85,1350,700,351.2446230412563,2.3147764947029215,circular
2,1100,700,245.32018653439027,-85,-85,-85,-85,1350,700,353.55939953595924,2.3147764947029215,circular
3,1100,700,245.32018653439027,-85,-85,-85,-85,1350,700,355.87417603066217,2.3147764947029215,circular
4,1100,700,245.32018653439027,-85,-85,-85,-85,1350,700,358.1889525253651,2.3147764947029215,circular
5,1100,700,245.32018653439027,-85,-85,-85,-85,1350,700,0.5037290200680218,2.3147764947029215,circular
6,1100,700,245.32018653439027,-85,-85,-85,-85,1350,700,2.8185055147709432,2.3147764947029215,circular
7,1100,700,245.32018653439027,-85,-85,-85,-85,1350,700,5.133282009473865,2.3147764947029215,circular
8,1100,700,245.32018653439027,-85,-85,-85,-85,1350,700,7.448058504176786,2.3147764947029215,circular
9,1100,700,245.32018653439027,-85,-85,-85,-85,1350,700,9.762834998879708,2.3147764947029215,circular
10,1100,700,245.32018653439027,-85,-85,-85,-85,1350,700,12.07761149358263,2.3147764947029215,circular
11,1100,700,245.32018653439027,-85,-85,-85,-85,1350,700,14.392387988285552,2.3147764947029215,circular
12,1100,700,245.32018653439027,-85,-85,-85,-85,1350,700,16.707164482988475,2.3147764947029215,circular
13,1100,700,245.32018653439027,-85,-85,-85,-85,1350,700,19.021940977691397,2.3147764947029215,circular
14,1100,700,245.32018653439027,-85,-85,-85,-85,1350,700,21.33671747239432,2.3147764947029215,circular
15,1100,700,245.32018653439027,-85,-85,-85,-85,1350,700,23.65149396709724,2.3147764947029215,circular
16,1100,700,245.32018653439027,-85,-85,-85,-85,1350,700,25.966270461800164,2.3147764947029215,circular
17,1100,700,245.32018653439027,-85,-85,-85,-85,1350,700,28.281046956503086,2.3147764947029215,circular
18,1100,700,245.32018653439027,-85,-85,-85,-85,1350,700,30.59582345120601,2.3147764947029215,circular
19,1100,700,245.32018653439027,-85,-85,-85,-85,1350,700,32.91059994590893,2.3147764947029215,circular
20,1100,700,245.32018653439027,-85,-85,-85,-85,1350,700,35.225376440611846,2.3147764947029215,circular
21,1100,700,245.32018653439027,-85,-85,-85,-85,1350,700,37.540152935314765,2.3147764947029215,circular
22,1100,700,245.32018653439027,-85,-85,-85,-85,1350,700,39.854929430017684,2.3147764947029215,circular
23,1100,700,245.32018653439027,-85,-85,-85,-85,1350,700,42.1697059247206,2.3147764947029215,circular
24,1100,700,245.32018653439027,-85,-85,-85,-85,1350,700,44.48448241942352,2.3147764947029215,circular
25,1100,700,245.32018653439027,-85,-85,-85,-85,1350,700,46.79925891412644,2.3147764947029215,circular
26,1100,700,245.32018653439027,-85,-85,-85,-85,1350,700,49.11403540882936,2.3147764947029215,circular
27,1100,700,245.32018653439027,-85,-85,-85,-85,1350,700,51.42881190353228,2.3147764947029215,circular
28,1100,700,245.32018653439027,-85,-85,-85,-85,1350,700,53.7435883982352,2.3147764947029215,circular
29,1100,700,245.32018653439027,-85,-85,-85,-85,1350,700,56.058364892938116,2.3147764947029215,circular
30,1100,700,245.32018653439027,-85,-85,-85,-85,1350,700,58.373141387641034,2.3147764947029215,circular
31,1100,700,245.32018653439027,-85,-85,-85,-85,1350,700,60.68791788234395,2.3147764947029215,circular
32,1100,700,245.32018653439027,-85,-85,-85,-85,1350,700,63.00269437704687,2.3147764947029215,circular
33,1100,700,245.32018653439027,-85,-85,-85,-85,1350,700,65.31747087174979,2.3147764947029215,circular
34,1100,700,245.32018653439027,-85,-85,-85,-85,1350,700,67.63224736645272,2.3147764947029215,circular
35,1100,700,245.32018653439027,-85,-85,-85,-85,1350,700,69.94702386115564,2.3147764947029215,circular
36,1100,700,245.32018653439027,-85,-85,-85,-85,1350,700,72.26180035585857,2.3147764947029215,circular
37,1100,700,245.32018653439027,-85,-85,-85,-85,1350,700,74.5765768505615,2.3147764947029215,circular
38,1100,700,245.32018653439027,-85,-85,-85,-85,1350,700,76.89135334526442,2.3147764947029215,circular
39,1100,700,245.32018653439027,-85,-85,-85,-85,1350,700,79.20612983996735,2.3147764947029215,circular
40,1100,700,245.32018653439027,-85,-85,-85,-85,1350,700,81.52090633467027,2.3147764947029215,circular
41,1100,700,245.32018653439027,-85,-85,-85,-85,1350,700,83.8356828293732,2.3147764947029215,circular
42,1100,700,245.32018653439027,-85,-85,-85,-85,1350,700,86.15045932407612,2.3147764947029215,circular
43,1100,700,245.32018653439027,-85,-85,-85,-85,1350,700,88.46523581877905,2.3147764947029215,circular
44,1100,700,245.32018653439027,-85,-85,-85,-85,1350,700,90.78001231348198,2.3147764947029215,circular
45,1100,700,245.32018653439027,-85,-85,-85,-85,1350,700,93.0947888081849,2.3147764947029215,circular
46,1100,700,245.32018653439027,-85,-85,-85,-85,1350,700,95.40956530288783,2.3147764947029215,circular
47,1100,700,245.32018653439027,-85,-85,-85,-85,1350,700,97.72434179759075,2.3147764947029215,circular
48,1100,700,245.32018653439027,-85,-85,-85,-85,1350,700,100.03911829229368,2.3147764947029215,circular
49,1100,700,245.32018653439027,-85,-85,-85,-85,1350,700,102.3538947869966,2.3147764947029215,circular
50,1100,700,245.32018653439027,-85,-85,-85,-85,1350,700,104.66867128169953,2.3147764947029215,circular
51,1100,700,245.32018653439027,-85,-85,-85,-85,1350,700,106.98344777640246,2.3147764947029215,circular
52,1100,700,245.32018653439027,-85,-85,-85,-85,1350,700,109.29822427110538,2.3147764947029215,circular
53,1100,700,245.32018653439027,-85,-85,-85,-85,1350,700,111.61300076580831,2.3147764947029215,circular
54,1100,700,245.32018653439027,-85,-85,-85,-85,1350,700,113.92777726051123,2.3147764947029215,circular
55,1100,700,245.32018653439027,-85,-85,-85,-85,1350,700,116.24255375521416,2.3147764947029215,circular
56,1100,700,245.32018653439027,-85,-85,-85,-85,1350,700,118.55733024991709,2.3147764947029215,circular
57,1100,700,245.32018653439027,-85,-85,-85,-85,1350,700,120.87210674462001,2.3147764947029215,circular
58,1100,700,245.32018653439027,-85,-85,-85,-85,1350,700,123.18688323932294,2.3147764947029215,circular
59,1100,700,245.32018653439027,-85,-85,-85,-85,1350,700,125.50165973402586,2.3147764947029215,circular
60,1100,700,245.32018653439027,-85,-85,-85,-85,1350,700,127.81643622872879,2.3147764947029215,circular
61,1100,700,245.32018653439027,-85,-85,-85,-85,1350,700,130.1312127234317,2.3147764947029215,circular
62,1100,700,245.32018653439027,-85,-85,-85,-85,1350,700,132.44598921813463,2.3147764947029215,circular
63,1100,700,245.32018653439027,-85,-85,-85,-85,1350,700,134.76076571283755,2.3147764947029215,circular
64,1100,700,245.32018653439027,-85,11.505794098357505,-85,-85,1350,700,137.07554220754048,2.3147764947029215,circular
65,1100,700,245.32018653439027,-85,16.269948115724727,-85,-85,1350,700,139.3903187022434,2.3147764947029215,circular
66,1100,700,245.32018653439027,16.269948115724727,19.25639156218217,-85,-85,1350,700,141.70509519694633,2.3147764947029215,circular
67,1100,700,245.32018653439027,18.47430475951294,20.48098321025059,-85,-85,1350,700,144.01987169164926,2.3147764947029215,circular
68,1100,700,245.32018653439027,19.91435422725632,21.41811930585211,-85,-85,1350,700,146.33464818635218,2.3147764947029215,circular
69,1100,700,245.32018653439027,21.41811930585211,22.496022074683278,-85,-85,1350,700,148.6494246810551,2.3147764947029215,circular
70,1100,700,245.32018653439027,22.170735458799452,23.06730250275713,-85,-85,1350,700,150.96420117575803,2.3147764947029215,circular
71,1100,700,245.32018653439027,22.793695368992218,23.553218972269416,-85,-85,1350,700,153.27897767046096,2.3147764947029215,circular
72,1100,700,245.32018653439027,23.553218972269416,24.1582774269213,-85,-85,1350,700,155.5937541651639,2.3147764947029215,circular
73,1100,700,245.32018653439027,23.971022246457757,24.495315191602927,-85,-85,1350,700,157.9085306598668,2.3147764947029215,circular
74,1100,700,245.32018653439027,24.33271141113945,24.78833704083229,-85,-85,1350,700,160.22330715456974,2.3147764947029215,circular
75,1100,700,245.32018653439027,24.78833704083229,25.157178905256924,-85,-85,1350,700,162.53808364927266,2.3147764947029215,circular
76,1100,700,245.32018653439027,25.042923900792417,25.36180729449956,-85,-85,1350,700,164.8528601439756,2.3147764947029215,circular
77,1100,700,245.32018653439027,25.26334459461691,25.536951728381826,-85,-85,1350,700,167.16763663867852,2.3147764947029215,circular
78,1100,700,245.32018653439027,25.452908776355446,25.684904084789974,-85,-85,1350,700,169.48241313338144,2.3147764947029215,circular
79,1100,700,245.32018653439027,25.684904084789974,25.859665714847075,-85,-85,1350,700,171.79718962808437,2.3147764947029215,circular
80,1100,700,245.32018653439027,25.80746062382631,25.946643644493044,-85,-85,1350,700,174.1119661227873,2.3147764947029215,circular
81,1100,700,245.32018653439027,25.906018829630398,26.011117049096303,-85,-85,1350,700,176.42674261749022,2.3147764947029215,circular
82,1100,700,245.32018653439027,26.011117049096303,26.067010357935978,-85,-85,1350,700,178.74151911219315,2.3147764947029215,circular
83,1100,700,245.32018653439027,26.053745949214605,26.077602459396946,-85,-85,1350,700,181.05629560689607,2.3147764947029215,circular
84,1100,700,245.32018653439027,26.074956048612798,26.074956048612798,-85,-85,1350,700,183.371072101599,2.3147764947029215,circular
85,1100,700,245.32018653439027,26.074956048612798,26.035130213615616,-85,-85,1350,700,185.68584859630192,2.3147764947029215,circular
86,1100,700,245.32018653439027,26.053745949214605,25.9816463993744,-85,-85,1350,700,188.00062509100485,2.3147764947029215,circular
87,1100,700,245.32018653439027,26.011117049096303,25.906018829630398,-85,-85,1350,700,190.31540158570778,2.3147764947029215,circular
88,1100,700,245.32018653439027,25.906018829630398,25.7492610641292,-85,-85,1350,700,192.6301780804107,2.3147764947029215,circular
89,1100,700,245.32018653439027,25.807460623826316,25.614204328866276,-85,-85,1350,700,194.94495457511363,2.3147764947029215,circular
90,1100,700,245.32018653439027,25.684904084789977,25.452908776355446,-85,-85,1350,700,197.25973106981655,2.3147764947029215,circular
91,1100,700,245.32018653439027,25.452908776355446,25.157178905256924,-85,-85,1350,700,199.57450756451948,2.3147764947029215,circular
92,1100,700,245.32018653439027,25.263344594616918,24.92014212493214,-85,-85,1350,700,201.8892840592224,2.3147764947029215,circular
93,1100,700,245.32018653439027,25.042923900792417,24.646943359767004,-85,-85,1350,700,204.20406055392533,2.3147764947029215,circular
94,1100,700,245.32018653439027,24.646943359767004,24.1582774269213,-85,-85,1350,700,206.51883704862826,2.3147764947029215,circular
95,1100,700,245.32018653439027,24.332711411139446,23.769789312347285,-85,-85,1350,700,208.83361354333118,2.3147764947029215,circular
96,1100,700,245.32018653439027,23.97102224645776,23.319699537123853,-85,-85,1350,700,211.1483900380341,2.3147764947029215,circular
97,1100,700,245.32018653439027,23.553218972269416,22.793695368992225,-85,-85,1350,700,213.46316653273703,2.3147764947029215,circular
98,1100,700,245.32018653439027,22.793695368992225,21.81335663023087,-85,-85,1350,700,215.77794302743996,2.3147764947029215,circular
99,1100,700,245.32018653439027,22.170735458799452,20.97742610025735,-85,-85,1350,700,218.0927195221429,2.3147764947029215,circular
100,1100,700,245.32018653439027,21.418119305852123,19.914354227256315,-85,-85,1350,700,220.4074960168458,2.3147764947029215,circular
101,1100,700,245.32018653439027,19.914354227256315,17.51315549939211,-85,-85,1350,700,222.72227251154874,2.3147764947029215,circular
102,1100,700,245.32018653439027,18.474304759512954,14.513447644213265,-85,-85,1350,700,225.03704900625166,2.3147764947029215,circular
103,1100,700,245.32018653439027,16.269948115724716,-85,-85,-85,1350,700,227.3518255009546,2.3147764947029215,circular
104,1100,700,245.32018653439027,-85,-85,-85,-85,1350,700,229.66660199565752,2.3147764947029215,circular
105,1100,700,245.32018653439027,-85,-85,-85,-85,1350,700,231.98137849036044,2.3147764947029215,circular
106,1100,700,245.32018653439027,-85,-85,-85,-85,1350,700,234.29615498506337,2.3147764947029215,circular
107,1100,700,245.32018653439027,-85,-85,-85,-85,1350,700,236.6109314797663,2.3147764947029215,circular
108,1100,700,245.32018653439027,-85,-85,-85,-85,1350,700,238.92570797446922,2.3147764947029215,circular
109,1100,700,245.32018653439027,-85,-85,-85,-85,1350,700,241.24048446917215,2.3147764947029215,circular
110,1100,700,245.32018653439027,-85,-85,-85,-85,1350,700,243.55526096387507,2.3147764947029215,circular
111,1100,700,245.32018653439027,-85,-85,-85,-85,1350,700,245.870037458578,2.3147764947029215,circular
112,1100,700,245.32018653439027,-85,-85,-85,-85,1350,700,248.18481395328092,2.3147764947029215,circular
113,1100,700,245.32018653439027,-85,-85,-85,-85,1350,700,250.49959044798385,2.3147764947029215,circular
114,1100,700,245.32018653439027,-85,-85,-85,-85,1350,700,252.81436694268677,2.3147764947029215,circular
115,1100,700,245.32018653439027,-85,-85,-85,-85,1350,700,255.1291434373897,2.3147764947029215,circular
116,1100,700,245.32018653439027,-85,-85,-85,-85,1350,700,257.4439199320926,2.3147764947029215,circular
117,1100,700,245.32018653439027,-85,-85,-85,-85,1350,700,259.75869642679555,2.3147764947029215,circular
118,1100,700,245.32018653439027,-85,-85,-85,-85,1350,700,262.0734729214985,2.3147764947029215,circular
119,1100,700,245.32018653439027,-85,-85,-85,-85,1350,700,264.3882494162014,2.3147764947029215,circular
120,1100,700,245.32018653439027,-85,-85,-85,-85,1350,700,266.70302591090433,2.3147764947029215,circular
121,1100,700,245.32018653439027,-85,-85,-85,-85,1350,700,269.01780240560726,2.3147764947029215,circular
122,1100,700,245.32018653439027,-85,-85,-85,-85,1350,700,271.3325789003102,2.3147764947029215,circular
123,1100,700,245.32018653439027,-85,-85,-85,-85,1350,700,273.6473553950131,2.3147764947029215,circular
124,1100,700,245.32018653439027,-85,-85,-85,-85,1350,700,275.96213188971603,2.3147764947029215,circular
125,1100,700,245.32018653439027,-85,-85,-85,-85,1350,700,278.27690838441896,2.3147764947029215,circular
126,1100,700,245.32018653439027,-85,-85,-85,-85,1350,700,280.5916848791219,2.3147764947029215,circular
127,1100,700,245.32018653439027,-85,-85,-85,-85,1350,700,282.9064613738248,2.3147764947029215,circular
128,1100,700,245.32018653439027,-85,-85,-85,-85,1350,700,285.22123786852774,2.3147764947029215,circular
129,1100,700,245.32018653439027,-85,-85,-85,-85,1350,700,287.53601436323066,2.3147764947029215,circular
130,1100,700,245.32018653439027,-85,-85,-85,-85,1350,700,289.8507908579336,2.3147764947029215,circular
131,1100,700,245.32018653439027,-85,-85,-85,-85,1350,700,292.1655673526365,2.3147764947029215,circular
132,1100,700,245.32018653439027,-85,-85,-85,-85,1350,700,294.48034384733944,2.3147764947029215,circular
133,1100,700,245.32018653439027,-85,-85,-85,-85,1350,700,296.79512034204237,2.3147764947029215,circular
134,1100,700,245.32018653439027,-85,-85,-85,-85,1350,700,299.1098968367453,2.3147764947029215,circular
135,1100,700,245.32018653439027,-85,-85,-85,-85,1350,700,301.4246733314482,2.3147764947029215,circular
136,1100,700,245.32018653439027,-85,-85,-85,-85,1350,700,303.73944982615114,2.3147764947029215,circular
137,1100,700,245.32018653439027,-85,-85,-85,-85,1350,700,306.05422632085407,2.3147764947029215,circular
138,1100,700,245.32018653439027,-85,-85,-85,-85,1350,700,308.369002815557,2.3147764947029215,circular
139,1100,700,245.32018653439027,-85,-85,-85,-85,1350,700,310.6837793102599,2.3147764947029215,circular
140,1100,700,245.32018653439027,-85,-85,-85,-85,1350,700,312.99855580496285,2.3147764947029215,circular
141,1100,700,245.32018653439027,-85,-85,-85,-85,1350,700,315.3133322996658,2.3147764947029215,circular
142,1100,700,245.32018653439027,-85,-85,-85,-85,1350,700,317.6281087943687,2.3147764947029215,circular
143,1100,700,245.32018653439027,-85,-85,-85,-85,1350,700,319.9428852890716,2.3147764947029215,circular
144,1100,700,245.32018653439027,-85,-85,-85,-85,1350,700,322.25766178377455,2.3147764947029215,circular
145,1100,700,245.32018653439027,-85,-85,-85,-85,1350,700,324.5724382784775,2.3147764947029215,circular
146,1100,700,245.32018653439027,-85,-85,-85,-85,1350,700,326.8872147731804,2.3147764947029215,circular
147,1100,700,245.32018653439027,-85,-85,-85,-85,1350,700,329.20199126788333,2.3147764947029215,circular
148,1100,700,245.32018653439027,-85,-85,-85,-85,1350,700,331.51676776258626,2.3147764947029215,circular
149,1100,700,245.32018653439027,-85,-85,-85,-85,1350,700,333.8315442572892,2.3147764947029215,circular
150,1100,700,245.32018653439027,-85,-85,-85,-85,1350,700,336.1463207519921,2.3147764947029215,circular
151,1100,700,245.32018653439027,-85,-85,-85,-85,1350,700,338.46109724669503,2.3147764947029215,circular
152,1100,700,245.32018653439027,-85,-85,-85,-85,1350,700,340.77587374139796,2.3147764947029215,circular
153,1100,700,245.32018653439027,-85,-85,-85,-85,1350,700,343.0906502361009,2.3147764947029215,circular
154,1100,700,245.32018653439027,-85,-85,-85,-85,1350,700,345.4054267308038,2.3147764947029215,circular
155,1100,700,245.32018653439027,-85,-85,-85,-85,1350,700,347.72020322550674,2.3147764947029215,circular
156,1100,700,245.32018653439027,-85,-85,-85,-85,1350,700,350.03497972020966,2.3147764947029215,circular
157,1100,700,245.32018653439027,-85,-85,-85,-85,1350,700,352.3497562149126,2.3147764947029215,circular
158,1100,700,245.32018653439027,-85,-85,-85,-85,1350,700,354.6645327096155,2.3147764947029215,circular
159,1100,700,245.32018653439027,-85,-85,-85,-85,1350,700,356.97930920431844,2.3147764947029215,circular
160,1100,700,245.32018653439027,-85,-85,-85,-85,1350,700,359.29408569902137,2.3147764947029215,circular
161,1100,700,245.32018653439027,-85,-85,-85,-85,1350,700,1.608862193724292,2.3147764947029215,circular
162,1100,700,245.32018653439027,-85,-85,-85,-85,1350,700,3.9236386884272134,2.3147764947029215,circular
163,1100,700,245.32018653439027,-85,-85,-85,-85,1350,700,6.238415183130135,2.3147764947029215,circular
164,1100,700,245.32018653439027,-85,-85,-85,-85,1350,700,8.553191677833055,2.3147764947029215,circular
165,1100,700,245.32018653439027,-85,-85,-85,-85,1350,700,10.867968172535978,2.3147764947029215,circular
166,1100,700,245.32018653439027,-85,-85,-85,-85,1350,700,13.1827446672389,2.3147764947029215,circular
167,1100,700,245.32018653439027,-85,-85,-85,-85,1350,700,15.497521161941822,2.3147764947029215,circular
168,1100,700,245.32018653439027,-85,-85,-85,-85,1350,700,17.812297656644745,2.3147764947029215,circular
169,1100,700,245.32018653439027,-85,-85,-85,-85,1350,700,20.127074151347667,2.3147764947029215,circular
170,1100,700,245.32018653439027,-85,-85,-85,-85,1350,700,22.44185064605059,2.3147764947029215,circular
171,1100,700,245.32018653439027,-85,-85,-85,-85,1350,700,24.756627140753512,2.3147764947029215,circular
172,1100,700,245.32018653439027,-85,-85,-85,-85,1350,700,27.071403635456434,2.3147764947029215,circular
173,1100,700,245.32018653439027,-85,-85,-85,-85,1350,700,29.386180130159357,2.3147764947029215,circular
174,1100,700,245.32018653439027,-85,-85,-85,-85,1350,700,31.70095662486228,2.3147764947029215,circular
175,1100,700,245.32018653439027,-85,-85,-85,-85,1350,700,34.0157331195652,2.3147764947029215,circular
176,1100,700,245.32018653439027,-85,-85,-85,-85,1350,700,36.33050961426812,2.3147764947029215,circular
177,1100,700,245.32018653439027,-85,-85,-85,-85,1350,700,38.645286108971035,2.3147764947029215,circular
178,1100,700,245.32018653439027,-85,-85,-85,-85,1350,700,40.960062603673954,2.3147764947029215,circular
179,1100,700,245.32018653439027,-85,-85,-85,-85,1350,700,43.27483909837687,2.3147764947029215,circular
180,1100,700,245.32018653439027,-85,-85,-85,-85,1350,700,45.58961559307979,2.3147764947029215,circular
181,1100,700,245.32018653439027,-85,-85,-85,-85,1350,700,47.90439208778271,2.3147764947029215,circular
182,1100,700,245.32018653439027,-85,-85,-85,-85,1350,700,50.21916858248563,2.3147764947029215,circular
183,1100,700,245.32018653439027,-85,-85,-85,-85,1350,700,52.53394507718855,2.3147764947029215,circular
184,1100,700,245.32018653439027,-85,-85,-85,-85,1350,700,54.84872157189147,2.3147764947029215,circular
185,1100,700,245.32018653439027,-85,-85,-85,-85,1350,700,57.163498066594386,2.3147764947029215,circular
186,1100,700,245.32018653439027,-85,-85,-85,-85,1350,700,59.478274561297305,2.3147764947029215,circular
187,1100,700,245.32018653439027,-85,-85,-85,-85,1350,700,61.79305105600022,2.3147764947029215,circular
188,1100,700,245.32018653439027,-85,-85,-85,-85,1350,700,64.10782755070315,2.3147764947029215,circular
189,1100,700,245.32018653439027,-85,-85,-85,-85,1350,700,66.42260404540608,2.3147764947029215,circular
190,1100,700,245.32018653439027,-85,-85,-85,-85,1350,700,68.737380540109,2.3147764947029215,circular
191,1100,700,245.32018653439027,-85,-85,-85,-85,1350,700,71.05215703481193,2.3147764947029215,circular
192,1100,700,245.32018653439027,-85,-85,-85,-85,1350,700,73.36693352951485,2.3147764947029215,circular
193,1100,700,245.32018653439027,-85,-85,-85,-85,1350,700,75.68171002421778,2.3147764947029215,circular
194,1100,700,245.32018653439027,-85,-85,-85,-85,1350,700,77.9964865189207,2.3147764947029215,circular
195,1100,700,245.32018653439027,-85,-85,-85,-85,1350,700,80.31126301362363,2.3147764947029215,circular
196,1100,700,245.32018653439027,-85,-85,-85,-85,1350,700,82.62603950832656,2.3147764947029215,circular
197,1100,700,245.32018653439027,-85,-85,-85,-85,1350,700,84.94081600302948,2.3147764947029215,circular
198,1100,700,245.32018653439027,-85,-85,-85,-85,1350,700,87.25559249773241,2.3147764947029215,circular
199,1100,700,245.32018653439027,-85,-85,-85,-85,1350,700,89.57036899243533,2.3147764947029215,circular
200,1100,700,245.32018653439027,-85,-85,-85,-85,1350,700,91.88514548713826,2.3147764947029215,circular
201,1100,700,245.32018653439027,-85,-85,-85,-85,1350,700,94.19992198184119,2.3147764947029215,circular
202,1100,700,245.32018653439027,-85,-85,-85,-85,1350,700,96.51469847654411,2.3147764947029215,circular
203,1100,700,245.32018653439027,-85,-85,-85,-85,1350,700,98.82947497124704,2.3147764947029215,circular
204,1100,700,245.32018653439027,-85,-85,-85,-85,1350,700,101.14425146594996,2.3147764947029215,circular
205,1100,700,245.32018653439027,-85,-85,-85,-85,1350,700,103.45902796065289,2.3147764947029215,circular
206,1100,700,245.32018653439027,-85,-85,-85,-85,1350,700,105.77380445535582,2.3147764947029215,circular
207,1100,700,245.32018653439027,-85,-85,-85,-85,1350,700,108.08858095005874,2.3147764947029215,circular
208,1100,700,245.32018653439027,-85,-85,-85,-85,1350,700,110.40335744476167,2.3147764947029215,circular
209,1100,700,245.32018653439027,-85,-85,-85,-85,1350,700,112.7181339394646,2.3147764947029215,circular
210,1100,700,245.32018653439027,-85,-85,-85,-85,1350,700,115.03291043416752,2.3147764947029215,circular
211,1100,700,245.32018653439027,-85,-85,-85,-85,1350,700,117.34768692887044,2.3147764947029215,circular
212,1100,700,245.32018653439027,-85,-85,-85,-85,1350,700,119.66246342357337,2.3147764947029215,circular
213,1100,700,245.32018653439027,-85,-85,-85,-85,1350,700,121.9772399182763,2.3147764947029215,circular
214,1100,700,245.32018653439027,-85,-85,-85,-85,1350,700,124.29201641297922,2.3147764947029215,circular
215,1100,700,245.32018653439027,-85,-85,-85,-85,1350,700,126.60679290768215,2.3147764947029215,circular
216,1100,700,245.32018653439027,-85,-85,-85,-85,1350,700,128.92156940238507,2.3147764947029215,circular
217,1100,700,245.32018653439027,-85,-85,-85,-85,1350,700,131.236345897088,2.3147764947029215,circular
218,1100,700,245.32018653439027,-85,-85,-85,-85,1350,700,133.55112239179093,2.3147764947029215,circular
219,1100,700,245.32018653439027,-85,-85,-85,-85,1350,700,135.86589888649385,2.3147764947029215,circular
220,1100,700,245.32018653439027,-85,14.513447644213304,-85,-85,1350,700,138.18067538119678,2.3147764947029215,circular
221,1100,700,245.32018653439027,14.513447644213304,18.47430475951294,-85,-85,1350,700,140.4954518758997,2.3147764947029215,circular
222,1100,700,245.32018653439027,17.513155499392102,19.91435422725632,-85,-85,1350,700,142.81022837060263,2.3147764947029215,circular
223,1100,700,245.32018653439027,19.25639156218217,20.97742610025734,-85,-85,1350,700,145.12500486530556,2.3147764947029215,circular
224,1100,700,245.32018653439027,20.48098321025059,21.813356630230874,-85,-85,1350,700,147.43978136000848,2.3147764947029215,circular
225,1100,700,245.32018653439027,21.813356630230874,22.793695368992218,-85,-85,1350,700,149.7545578547114,2.3147764947029215,circular
226,1100,700,245.32018653439027,22.496022074683278,23.31969953712386,-85,-85,1350,700,152.06933434941433,2.3147764947029215,circular
227,1100,700,245.32018653439027,23.06730250275713,23.769789312347285,-85,-85,1350,700,154.38411084411726,2.3147764947029215,circular
228,1100,700,245.32018653439027,23.769789312347285,24.33271141113945,-85,-85,1350,700,156.69888733882019,2.3147764947029215,circular
229,1100,700,245.32018653439027,24.1582774269213,24.646943359767004,-85,-85,1350,700,159.0136638335231,2.3147764947029215,circular
230,1100,700,245.32018653439027,24.495315191602927,24.92014212493214,-85,-85,1350,700,161.32844032822604,2.3147764947029215,circular
231,1100,700,245.32018653439027,24.92014212493214,25.26334459461691,-85,-85,1350,700,163.64321682292896,2.3147764947029215,circular
232,1100,700,245.32018653439027,25.157178905256924,25.452908776355446,-85,-85,1350,700,165.9579933176319,2.3147764947029215,circular
233,1100,700,245.32018653439027,25.36180729449956,25.614204328866276,-85,-85,1350,700,168.27276981233481,2.3147764947029215,circular
234,1100,700,245.32018653439027,25.614204328866276,25.80746062382631,-85,-85,1350,700,170.58754630703774,2.3147764947029215,circular
235,1100,700,245.32018653439027,25.7492610641292,25.906018829630398,-85,-85,1350,700,172.90232280174067,2.3147764947029215,circular
236,1100,700,245.32018653439027,25.859665714847075,25.9816463993744,-85,-85,1350,700,175.2170992964436,2.3147764947029215,circular
237,1100,700,245.32018653439027,25.9816463993744,26.053745949214605,-85,-85,1350,700,177.53187579114652,2.3147764947029215,circular
238,1100,700,245.32018653439027,26.035130213615616,26.074956048612798,-85,-85,1350,700,179.84665228584944,2.3147764947029215,circular
239,1100,700,245.32018653439027,26.067010357935978,26.077602459396946,-85,-85,1350,700,182.16142878055237,2.3147764947029215,circular
240,1100,700,245.32018653439027,26.077602459396946,26.067010357935978,-85,-85,1350,700,184.4762052752553,2.3147764947029215,circular
241,1100,700,245.32018653439027,26.067010357935978,26.011117049096303,-85,-85,1350,700,186.79098176995822,2.3147764947029215,circular
242,1100,700,245.32018653439027,26.035130213615616,25.946643644493044,-85,-85,1350,700,189.10575826466115,2.3147764947029215,circular
243,1100,700,245.32018653439027,25.9816463993744,25.859665714847075,-85,-85,1350,700,191.42053475936407,2.3147764947029215,circular
244,1100,700,245.32018653439027,25.859665714847075,25.684904084789977,-85,-85,1350,700,193.735311254067,2.3147764947029215,circular
245,1100,700,245.32018653439027,25.7492610641292,25.536951728381826,-85,-85,1350,700,196.05008774876993,2.3147764947029215,circular
246,1100,700,245.32018653439027,25.614204328866276,25.361807294499556,-85,-85,1350,700,198.36486424347285,2.3147764947029215,circular
247,1100,700,245.32018653439027,25.361807294499556,25.042923900792417,-85,-85,1350,700,200.67964073817578,2.3147764947029215,circular
248,1100,700,245.32018653439027,25.157178905256924,24.788337040832293,-85,-85,1350,700,202.9944172328787,2.3147764947029215,circular
249,1100,700,245.32018653439027,24.92014212493214,24.495315191602927,-85,-85,1350,700,205.30919372758163,2.3147764947029215,circular
250,1100,700,245.32018653439027,24.495315191602927,23.97102224645776,-85,-85,1350,700,207.62397022228456,2.3147764947029215,circular
251,1100,700,245.32018653439027,24.1582774269213,23.553218972269416,-85,-85,1350,700,209.93874671698748,2.3147764947029215,circular
252,1100,700,245.32018653439027,23.769789312347285,23.067302502757133,-85,-85,1350,700,212.2535232116904,2.3147764947029215,circular
253,1100,700,245.32018653439027,23.067302502757133,22.170735458799452,-85,-85,1350,700,214.56829970639333,2.3147764947029215,circular
254,1100,700,245.32018653439027,22.496022074683278,21.418119305852123,-85,-85,1350,700,216.88307620109626,2.3147764947029215,circular
255,1100,700,245.32018653439027,21.81335663023087,20.48098321025059,-85,-85,1350,700,219.19785269579918,2.3147764947029215,circular
256,1100,700,245.32018653439027,20.48098321025059,18.474304759512954,-85,-85,1350,700,221.5126291905021,2.3147764947029215,circular
257,1100,700,245.32018653439027,19.25639156218219,16.269948115724716,-85,-85,1350,700,223.82740568520504,2.3147764947029215,circular
258,1100,700,245.32018653439027,17.51315549939211,11.50579409835762,-85,-85,1350,700,226.14218217990796,2.3147764947029215,circular
259,1100,700,245.32018653439027,14.513447644213265,-85,-85,-85,1350,700,228.4569586746109,2.3147764947029215,circular
260,1100,700,245.32018653439027,-85,-85,-85,-85,1350,700,230.7717351693138,2.3147764947029215,circular
261,1100,700,245.32018653439027,-85,-85,-85,-85,1350,700,233.08651166401674,2.3147764947029215,circular
262,1100,700,245.32018653439027,-85,-85,-85,-85,1350,700,235.40128815871967,2.3147764947029215,circular
263,1100,700,245.32018653439027,-85,-85,-85,-85,1350,700,237.7160646534226,2.3147764947029215,circular
264,1100,700,245.32018653439027,-85,-85,-85,-85,1350,700,240.03084114812552,2.3147764947029215,circular
265,1100,700,245.32018653439027,-85,-85,-85,-85,1350,700,242.34561764282844,2.3147764947029215,circular
266,1100,700,245.32018653439027,-85,-85,-85,-85,1350,700,244.66039413753137,2.3147764947029215,circular
267,1100,700,245.32018653439027,-85,-85,-85,-85,1350,700,246.9751706322343,2.3147764947029215,circular
268,1100,700,245.32018653439027,-85,-85,-85,-85,1350,700,249.28994712693722,2.3147764947029215,circular
269,1100,700,245.32018653439027,-85,-85,-85,-85,1350,700,251.60472362164015,2.3147764947029215,circular
270,1100,700,245.32018653439027,-85,-85,-85,-85,1350,700,253.91950011634307,2.3147764947029215,circular
271,1100,700,245.32018653439027,-85,-85,-85,-85,1350,700,256.23427661104597,2.3147764947029215,circular
272,1100,700,245.32018653439027,-85,-85,-85,-85,1350,700,258.5490531057489,2.3147764947029215,circular
273,1100,700,245.32018653439027,-85,-85,-85,-85,1350,700,260.8638296004518,2.3147764947029215,circular
274,1100,700,245.32018653439027,-85,-85,-85,-85,1350,700,263.17860609515475,2.3147764947029215,circular
275,1100,700,245.32018653439027,-85,-85,-85,-85,1350,700,265.4933825898577,2.3147764947029215,circular
276,1100,700,245.32018653439027,-85,-85,-85,-85,1350,700,267.8081590845606,2.3147764947029215,circular
277,1100,700,245.32018653439027,-85,-85,-85,-85,1350,700,270.1229355792635,2.3147764947029215,circular
278,1100,700,245.32018653439027,-85,-85,-85,-85,1350,700,272.43771207396645,2.3147764947029215,circular
279,1100,700,245.32018653439027,-85,-85,-85,-85,1350,700,274.7524885686694,2.3147764947029215,circular
280,1100,700,245.32018653439027,-85,-85,-85,-85,1350,700,277.0672650633723,2.3147764947029215,circular
281,1100,700,245.32018653439027,-85,-85,-85,-85,1350,700,279.38204155807523,2.3147764947029215,circular
282,1100,700,245.32018653439027,-85,-85,-85,-85,1350,700,281.69681805277816,2.3147764947029215,circular
283,1100,700,245.32018653439027,-85,-85,-85,-85,1350,700,284.0115945474811,2.3147764947029215,circular
284,1100,700,245.32018653439027,-85,-85,-85,-85,1350,700,286.326371042184,2.3147764947029215,circular
285,1100,700,245.32018653439027,-85,-85,-85,-85,1350,700,288.64114753688693,2.3147764947029215,circular
286,1100,700,245.32018653439027,-85,-85,-85,-85,1350,700,290.95592403158986,2.3147764947029215,circular
287,1100,700,245.32018653439027,-85,-85,-85,-85,1350,700,293.2707005262928,2.3147764947029215,circular
288,1100,700,245.32018653439027,-85,-85,-85,-85,1350,700,295.5854770209957,2.3147764947029215,circular
289,1100,700,245.32018653439027,-85,-85,-85,-85,1350,700,297.90025351569864,2.3147764947029215,circular
290,1100,700,245.32018653439027,-85,-85,-85,-85,1350,700,300.21503001040156,2.3147764947029215,circular
291,1100,700,245.32018653439027,-85,-85,-85,-85,1350,700,302.5298065051045,2.3147764947029215,circular
292,1100,700,245.32018653439027,-85,-85,-85,-85,1350,700,304.8445829998074,2.3147764947029215,circular
293,1100,700,245.32018653439027,-85,-85,-85,-85,1350,700,307.15935949451034,2.3147764947029215,circular
294,1100,700,245.32018653439027,-85,-85,-85,-85,1350,700,309.47413598921327,2.3147764947029215,circular
295,1100,700,245.32018653439027,-85,-85,-85,-85,1350,700,311.7889124839162,2.3147764947029215,circular
296,1100,700,245.32018653439027,-85,-85,-85,-85,1350,700,314.1036889786191,2.3147764947029215,circular
297,1100,700,245.32018653439027,-85,-85,-85,-85,1350,700,316.41846547332204,2.3147764947029215,circular
298,1100,700,245.32018653439027,-85,-85,-85,-85,1350,700,318.73324196802497,2.3147764947029215,circular
299,1100,700,245.32018653439027,-85,-85,-85,-85,1350,700,321.0480184627279,2.3147764947029215,circular
300,1100,700,245.32018653439027,-85,-85,-85,-85,1350,700,323.3627949574308,2.3147764947029215,circular
301,1100,700,245.32018653439027,-85,-85,-85,-85,1350,700,325.67757145213375,2.3147764947029215,circular
302,1100,700,245.32018653439027,-85,-85,-85,-85,1350,700,327.9923479468367,2.3147764947029215,circular
303,1100,700,245.32018653439027,-85,-85,-85,-85,1350,700,330.3071244415396,2.3147764947029215,circular
304,1100,700,245.32018653439027,-85,-85,-85,-85,1350,700,332.6219009362425,2.3147764947029215,circular
305,1100,700,245.32018653439027,-85,-85,-85,-85,1350,700,334.93667743094545,2.3147764947029215,circular
306,1100,700,245.32018653439027,-85,-85,-85,-85,1350,700,337.2514539256484,2.3147764947029215,circular
307,1100,700,245.32018653439027,-85,-85,-85,-85,1350,700,339.5662304203513,2.3147764947029215,circular
308,1100,700,245.32018653439027,-85,-85,-85,-85,1350,700,341.88100691505423,2.3147764947029215,circular
309,1100,700,245.32018653439027,-85,-85,-85,-85,1350,700,344.19578340975715,2.3147764947029215,circular
310,1100,700,245.32018653439027,-85,-85,-85,-85,1350,700,346.5105599044601,2.3147764947029215,circular
311,1100,700,245.32018653439027,-85,-85,-85,-85,1350,700,348.825336399163,2.3147764947029215,circular
312,1100,700,245.32018653439027,-85,-85,-85,-85,1350,700,351.14011289386593,2.3147764947029215,circular
313,1100,700,245.32018653439027,-85,-85,-85,-85,1350,700,353.45488938856886,2.3147764947029215,circular
314,1100,700,245.32018653439027,-85,-85,-85,-85,1350,700,355.7696658832718,2.3147764947029215,circular
315,1100,700,245.32018653439027,-85,-85,-85,-85,1350,700,358.0844423779747,2.3147764947029215,circular
316,1100,700,245.32018653439027,-85,-85,-85,-85,1350,700,0.3992188726776362,2.3147764947029215,circular
317,1100,700,245.32018653439027,-85,-85,-85,-85,1350,700,2.7139953673805577,2.3147764947029215,circular
318,1100,700,245.32018653439027,-85,-85,-85,-85,1350,700,5.028771862083479,2.3147764947029215,circular
319,1100,700,245.32018653439027,-85,-85,-85,-85,1350,700,7.343548356786401,2.3147764947029215,circular
320,1100,700,245.32018653439027,-85,-85,-85,-85,1350,700,9.658324851489322,2.3147764947029215,circular
321,1100,700,245.32018653439027,-85,-85,-85,-85,1350,700,11.973101346192244,2.3147764947029215,circular
322,1100,700,245.32018653439027,-85,-85,-85,-85,1350,700,14.287877840895167,2.3147764947029215,circular
323,1100,700,245.32018653439027,-85,-85,-85,-85,1350,700,16.60265433559809,2.3147764947029215,circular
324,1100,700,245.32018653439027,-85,-85,-85,-85,1350,700,18.91743083030101,2.3147764947029215,circular
325,1100,700,245.32018653439027,-85,-85,-85,-85,1350,700,21.232207325003934,2.3147764947029215,circular
326,1100,700,245.32018653439027,-85,-85,-85,-85,1350,700,23.546983819706856,2.3147764947029215,circular
327,1100,700,245.32018653439027,-85,-85,-85,-85,1350,700,25.86176031440978,2.3147764947029215,circular
328,1100,700,245.32018653439027,-85,-85,-85,-85,1350,700,28.1765368091127,2.3147764947029215,circular
329,1100,700,245.32018653439027,-85,-85,-85,-85,1350,700,30.491313303815623,2.3147764947029215,circular
330,1100,700,245.32018653439027,-85,-85,-85,-85,1350,700,32.80608979851854,2.3147764947029215,circular
331,1100,700,245.32018653439027,-85,-85,-85,-85,1350,700,35.12086629322146,2.3147764947029215,circular
332,1100,700,245.32018653439027,-85,-85,-85,-85,1350,700,37.43564278792438,2.3147764947029215,circular
333,1100,700,245.32018653439027,-85,-85,-85,-85,1350,700,39.7504192826273,2.3147764947029215,circular
334,1100,700,245.32018653439027,-85,-85,-85,-85,1350,700,42.06519577733022,2.3147764947029215,circular
335,1100,700,245.32018653439027,-85,-85,-85,-85,1350,700,44.379972272033136,2.3147764947029215,circular
336,1100,700,245.32018653439027,-85,-85,-85,-85,1350,700,46.694748766736055,2.3147764947029215,circular
337,1100,700,245.32018653439027,-85,-85,-85,-85,1350,700,49.009525261438974,2.3147764947029215,circular
338,1100,700,245.32018653439027,-85,-85,-85,-85,1350,700,51.32430175614189,2.3147764947029215,circular
339,1100,700,245.32018653439027,-85,-85,-85,-85,1350,700,53.63907825084481,2.3147764947029215,circular
340,1100,700,245.32018653439027,-85,-85,-85,-85,1350,700,55.95385474554773,2.3147764947029215,circular
341,1100,700,245.32018653439027,-85,-85,-85,-85,1350,700,58.26863124025065,2.3147764947029215,circular
342,1100,700,245.32018653439027,-85,-85,-85,-85,1350,700,60.58340773495357,2.3147764947029215,circular
343,1100,700,245.32018653439027,-85,-85,-85,-85,1350,700,62.898184229656486,2.3147764947029215,circular
344,1100,700,245.32018653439027,-85,-85,-85,-85,1350,700,65.2129607243594,2.3147764947029215,circular
345,1100,700,245.32018653439027,-85,-85,-85,-85,1350,700,67.52773721906233,2.3147764947029215,circular
346,1100,700,245.32018653439027,-85,-85,-85,-85,1350,700,69.84251371376526,2.3147764947029215,circular
347,1100,700,245.32018653439027,-85,-85,-85,-85,1350,700,72.15729020846818,2.3147764947029215,circular
348,1100,700,245.32018653439027,-85,-85,-85,-85,1350,700,74.47206670317111,2.3147764947029215,circular
349,1100,700,245.32018653439027,-85,-85,-85,-85,1350,700,76.78684319787403,2.3147764947029215,circular
350,1100,700,245.32018653439027,-85,-85,-85,-85,1350,700,79.10161969257696,2.3147764947029215,circular
351,1100,700,245.32018653439027,-85,-85,-85,-85,1350,700,81.41639618727989,2.3147764947029215,circular
352,1100,700,245.32018653439027,-85,-85,-85,-85,1350,700,83.73117268198281,2.3147764947029215,circular
353,1100,700,245.32018653439027,-85,-85,-85,-85,1350,700,86.04594917668574,2.3147764947029215,circular
354,1100,700,245.32018653439027,-85,-85,-85,-85,1350,700,88.36072567138866,2.3147764947029215,circular
355,1100,700,245.32018653439027,-85,-85,-85,-85,1350,700,90.67550216609159,2.3147764947029215,circular
356,1100,700,245.32018653439027,-85,-85,-85,-85,1350,700,92.99027866079452,2.3147764947029215,circular
357,1100,700,245.32018653439027,-85,-85,-85,-85,1350,700,95.30505515549744,2.3147764947029215,circular
358,1100,700,245.32018653439027,-85,-85,-85,-85,1350,700,97.61983165020037,2.3147764947029215,circular
359,1100,700,245.32018653439027,-85,-85,-85,-85,1350,700,99.9346081449033,2.3147764947029215,circular
360,1100,700,245.32018653439027,-85,-85,-85,-85,1350,700,102.24938463960622,2.3147764947029215,circular
361,1100,700,245.32018653439027,-85,-85,-85,-85,1350,700,104.56416113430915,2.3147764947029215,circular
362,1100,700,245.32018653439027,-85,-85,-85,-85,1350,700,106.87893762901207,2.3147764947029215,circular
363,1100,700,245.32018653439027,-85,-85,-85,-85,1350,700,109.193714123715,2.3147764947029215,circular
364,1100,700,245.32018653439027,-85,-85,-85,-85,1350,700,111.50849061841792,2.3147764947029215,circular
365,1100,700,245.32018653439027,-85,-85,-85,-85,1350,700,113.82326711312085,2.3147764947029215,circular
366,1100,700,245.32018653439027,-85,-85,-85,-85,1350,700,116.13804360782378,2.3147764947029215,circular
367,1100,700,245.32018653439027,-85,-85,-85,-85,1350,700,118.4528201025267,2.3147764947029215,circular
368,1100,700,245.32018653439027,-85,-85,-85,-85,1350,700,120.76759659722963,2.3147764947029215,circular
369,1100,700,245.32018653439027,-85,-85,-85,-85,1350,700,123.08237309193255,2.3147764947029215,circular
370,1100,700,245.32018653439027,-85,-85,-85,-85,1350,700,125.39714958663548,2.3147764947029215,circular
371,1100,700,245.32018653439027,-85,-85,-85,-85,1350,700,127.7119260813384,2.3147764947029215,circular
372,1100,700,245.32018653439027,-85,-85,-85,-85,1350,700,130.02670257604132,2.3147764947029215,circular
373,1100,700,245.32018653439027,-85,-85,-85,-85,1350,700,132.34147907074424,2.3147764947029215,circular
374,1100,700,245.32018653439027,-85,-85,-85,-85,1350,700,134.65625556544717,2.3147764947029215,circular
375,1100,700,245.32018653439027,-85,11.505794098357505,-85,-85,1350,700,136.9710320601501,2.3147764947029215,circular
376,1100,700,245.32018653439027,-85,16.269948115724727,-85,-85,1350,700,139.28580855485302,2.3147764947029215,circular
377,1100,700,245.32018653439027,16.269948115724727,19.25639156218217,-85,-85,1350,700,141.60058504955595,2.3147764947029215,circular
378,1100,700,245.32018653439027,18.47430475951294,20.48098321025059,-85,-85,1350,700,143.91536154425887,2.3147764947029215,circular
379,1100,700,245.32018653439027,19.91435422725632,21.41811930585211,-85,-85,1350,700,146.2301380389618,2.3147764947029215,circular
380,1100,700,245.32018653439027,21.41811930585211,22.496022074683278,-85,-85,1350,700,148.54491453366472,2.3147764947029215,circular
381,1100,700,245.32018653439027,22.170735458799452,23.06730250275713,-85,-85,1350,700,150.85969102836765,2.3147764947029215,circular
382,1100,700,245.32018653439027,22.793695368992218,23.553218972269416,-85,-85,1350,700,153.17446752307058,2.3147764947029215,circular
383,1100,700,245.32018653439027,23.31969953712386,24.1582774269213,-85,-85,1350,700,155.4892440177735,2.3147764947029215,circular
384,1100,700,245.32018653439027,23.971022246457757,24.495315191602927,-85,-85,1350,700,157.80402051247643,2.3147764947029215,circular
385,1100,700,245.32018653439027,24.33271141113945,24.78833704083229,-85,-85,1350,700,160.11879700717935,2.3147764947029215,circular
386,1100,700,245.32018653439027,24.646943359767004,25.042923900792417,-85,-85,1350,700,162.43357350188228,2.3147764947029215,circular
387,1100,700,245.32018653439027,25.042923900792417,25.36180729449956,-85,-85,1350,700,164.7483499965852,2.3147764947029215,circular
388,1100,700,245.32018653439027,25.26334459461691,25.536951728381826,-85,-85,1350,700,167.06312649128813,2.3147764947029215,circular
389,1100,700,245.32018653439027,25.452908776355446,25.684904084789974,-85,-85,1350,700,169.37790298599106,2.3147764947029215,circular
390,1100,700,245.32018653439027,25.684904084789974,25.859665714847075,-85,-85,1350,700,171.69267948069398,2.3147764947029215,circular
391,1100,700,245.32018653439027,25.80746062382631,25.946643644493044,-85,-85,1350,700,174.0074559753969,2.3147764947029215,circular
392,1100,700,245.32018653439027,25.906018829630398,26.011117049096303,-85,-85,1350,700,176.32223247009983,2.3147764947029215,circular
393,1100,700,245.32018653439027,26.011117049096303,26.067010357935978,-85,-85,1350,700,178.63700896480276,2.3147764947029215,circular
394,1100,700,245.32018653439027,26.053745949214605,26.077602459396946,-85,-85,1350,700,180.9517854595057,2.3147764947029215,circular
395,1100,700,245.32018653439027,26.074956048612798,26.074956048612798,-85,-85,1350,700,183.2665619542086,2.3147764947029215,circular
396,1100,700,245.32018653439027,26.074956048612798,26.035130213615616,-85,-85,1350,700,185.58133844891154,2.3147764947029215,circular
397,1100,700,245.32018653439027,26.053745949214605,25.9816463993744,-85,-85,1350,700,187.89611494361446,2.3147764947029215,circular
398,1100,700,245.32018653439027,26.011117049096303,25.906018829630398,-85,-85,1350,700,190.2108914383174,2.3147764947029215,circular
399,1100,700,245.32018653439027,25.906018829630398,25.7492610641292,-85,-85,1350,700,192.52566793302032,2.3147764947029215,circular
400,1100,700,245.32018653439027,25.807460623826316,25.614204328866276,-85,-85,1350,700,194.84044442772324,2.3147764947029215,circular
401,1100,700,245.32018653439027,25.684904084789977,25.452908776355446,-85,-85,1350,700,197.15522092242617,2.3147764947029215,circular
402,1100,700,245.32018653439027,25.536951728381826,25.263344594616918,-85,-85,1350,700,199.4699974171291,2.3147764947029215,circular
403,1100,700,245.32018653439027,25.263344594616918,24.92014212493214,-85,-85,1350,700,201.78477391183202,2.3147764947029215,circular
404,1100,700,245.32018653439027,25.042923900792417,24.646943359767004,-85,-85,1350,700,204.09955040653495,2.3147764947029215,circular
405,1100,700,245.32018653439027,24.788337040832293,24.332711411139446,-85,-85,1350,700,206.41432690123787,2.3147764947029215,circular
406,1100,700,245.32018653439027,24.332711411139446,23.769789312347285,-85,-85,1350,700,208.7291033959408,2.3147764947029215,circular
407,1100,700,245.32018653439027,23.97102224645776,23.319699537123853,-85,-85,1350,700,211.04387989064372,2.3147764947029215,circular
408,1100,700,245.32018653439027,23.553218972269416,22.793695368992225,-85,-85,1350,700,213.35865638534665,2.3147764947029215,circular
409,1100,700,245.32018653439027,22.793695368992225,21.81335663023087,-85,-85,1350,700,215.67343288004957,2.3147764947029215,circular
410,1100,700,245.32018653439027,22.170735458799452,20.97742610025735,-85,-85,1350,700,217.9882093747525,2.3147764947029215,circular
411,1100,700,245.32018653439027,21.418119305852123,19.914354227256315,-85,-85,1350,700,220.30298586945543,2.3147764947029215,circular
412,1100,700,245.32018653439027,19.914354227256315,17.51315549939211,-85,-85,1350,700,222.61776236415835,2.3147764947029215,circular
413,1100,700,245.32018653439027,18.474304759512954,14.513447644213265,-85,-85,1350,700,224.93253885886128,2.3147764947029215,circular
414,1100,700,245.32018653439027,16.269948115724716,-85,-85,-85,1350,700,227.2473153535642,2.3147764947029215,circular
415,1100,700,245.32018653439027,-85,-85,-85,-85,1350,700,229.56209184826713,2.3147764947029215,circular
416,1100,700,245.32018653439027,-85,-85,-85,-85,1350,700,231.87686834297006,2.3147764947029215,circular
417,1100,700,245.32018653439027,-85,-85,-85,-85,1350,700,234.19164483767298,2.3147764947029215,circular
418,1100,700,245.32018653439027,-85,-85,-85,-85,1350,700,236.5064213323759,2.3147764947029215,circular
419,1100,700,245.32018653439027,-85,-85,-85,-85,1350,700,238.82119782707883,2.3147764947029215,circular
420,1100,700,245.32018653439027,-85,-85,-85,-85,1350,700,241.13597432178176,2.3147764947029215,circular
421,1100,700,245.32018653439027,-85,-85,-85,-85,1350,700,243.45075081648469,2.3147764947029215,circular
422,1100,700,245.32018653439027,-85,-85,-85,-85,1350,700,245.7655273111876,2.3147764947029215,circular
423,1100,700,245.32018653439027,-85,-85,-85,-85,1350,700,248.08030380589054,2.3147764947029215,circular
424,1100,700,245.32018653439027,-85,-85,-85,-85,1350,700,250.39508030059346,2.3147764947029215,circular
425,1100,700,245.32018653439027,-85,-85,-85,-85,1350,700,252.7098567952964,2.3147764947029215,circular
426,1100,700,245.32018653439027,-85,-85,-85,-85,1350,700,255.02463328999931,2.3147764947029215,circular
427,1100,700,245.32018653439027,-85,-85,-85,-85,1350,700,257.33940978470224,2.3147764947029215,circular
428,1100,700,245.32018653439027,-85,-85,-85,-85,1350,700,259.65418627940517,2.3147764947029215,circular
429,1100,700,245.32018653439027,-85,-85,-85,-85,1350,700,261.9689627741081,2.3147764947029215,circular
430,1100,700,245.32018653439027,-85,-85,-85,-85,1350,700,264.283739268811,2.3147764947029215,circular
431,1100,700,245.32018653439027,-85,-85,-85,-85,1350,700,266.59851576351394,2.3147764947029215,circular
432,1100,700,245.32018653439027,-85,-85,-85,-85,1350,700,268.91329225821687,2.3147764947029215,circular
433,1100,700,245.32018653439027,-85,-85,-85,-85,1350,700,271.2280687529198,2.3147764947029215,circular
434,1100,700,245.32018653439027,-85,-85,-85,-85,1350,700,273.5428452476227,2.3147764947029215,circular
435,1100,700,245.32018653439027,-85,-85,-85,-85,1350,700,275.85762174232565,2.3147764947029215,circular
436,1100,700,245.32018653439027,-85,-85,-85,-85,1350,700,278.1723982370286,2.3147764947029215,circular
437,1100,700,245.32018653439027,-85,-85,-85,-85,1350,700,280.4871747317315,2.3147764947029215,circular
438,1100,700,245.32018653439027,-85,-85,-85,-85,1350,700,282.8019512264344,2.3147764947029215,circular
439,1100,700,245.32018653439027,-85,-85,-85,-85,1350,700,285.11672772113735,2.3147764947029215,circular
440,1100,700,245.32018653439027,-85,-85,-85,-85,1350,700,287.4315042158403,2.3147764947029215,circular
441,1100,700,245.32018653439027,-85,-85,-85,-85,1350,700,289.7462807105432,2.3147764947029215,circular
442,1100,700,245.32018653439027,-85,-85,-85,-85,1350,700,292.06105720524613,2.3147764947029215,circular
443,1100,700,245.32018653439027,-85,-85,-85,-85,1350,700,294.37583369994906,2.3147764947029215,circular
444,1100,700,245.32018653439027,-85,-85,-85,-85,1350,700,296.690610194652,2.3147764947029215,circular
445,1100,700,245.32018653439027,-85,-85,-85,-85,1350,700,299.0053866893549,2.3147764947029215,circular
446,1100,700,245.32018653439027,-85,-85,-85,-85,1350,700,301.32016318405783,2.3147764947029215,circular
447,1100,700,245.32018653439027,-85,-85,-85,-85,1350,700,303.63493967876076,2.3147764947029215,circular
448,1100,700,245.32018653439027,-85,-85,-85,-85,1350,700,305.9497161734637,2.3147764947029215,circular
449,1100,700,245.32018653439027,-85,-85,-85,-85,1350,700,308.2644926681666,2.3147764947029215,circular
450,1100,700,245.32018653439027,-85,-85,-85,-85,1350,700,310.57926916286954,2.3147764947029215,circular
451,1100,700,245.32018653439027,-85,-85,-85,-85,1350,700,312.89404565757246,2.3147764947029215,circular
452,1100,700,245.32018653439027,-85,-85,-85,-85,1350,700,315.2088221522754,2.3147764947029215,circular
453,1100,700,245.32018653439027,-85,-85,-85,-85,1350,700,317.5235986469783,2.3147764947029215,circular
454,1100,700,245.32018653439027,-85,-85,-85,-85,1350,700,319.83837514168124,2.3147764947029215,circular
455,1100,700,245.32018653439027,-85,-85,-85,-85,1350,700,322.15315163638417,2.3147764947029215,circular
456,1100,700,245.32018653439027,-85,-85,-85,-85,1350,700,324.4679281310871,2.3147764947029215,circular
457,1100,700,245.32018653439027,-85,-85,-85,-85,1350,700,326.78270462579,2.3147764947029215,circular
458,1100,700,245.32018653439027,-85,-85,-85,-85,1350,700,329.09748112049294,2.3147764947029215,circular
459,1100,700,245.32018653439027,-85,-85,-85,-85,1350,700,331.41225761519587,2.3147764947029215,circular
460,1100,700,245.32018653439027,-85,-85,-85,-85,1350,700,333.7270341098988,2.3147764947029215,circular
461,1100,700,245.32018653439027,-85,-85,-85,-85,1350,700,336.0418106046017,2.3147764947029215,circular
462,1100,700,245.32018653439027,-85,-85,-85,-85,1350,700,338.35658709930465,2.3147764947029215,circular
463,1100,700,245.32018653439027,-85,-85,-85,-85,1350,700,340.6713635940076,2.3147764947029215,circular
464,1100,700,245.32018653439027,-85,-85,-85,-85,1350,700,342.9861400887105,2.3147764947029215,circular
465,1100,700,245.32018653439027,-85,-85,-85,-85,1350,700,345.3009165834134,2.3147764947029215,circular
466,1100,700,245.32018653439027,-85,-85,-85,-85,1350,700,347.61569307811635,2.3147764947029215,circular
467,1100,700,245.32018653439027,-85,-85,-85,-85,1350,700,349.9304695728193,2.3147764947029215,circular
468,1100,700,245.32018653439027,-85,-85,-85,-85,1350,700,352.2452460675222,2.3147764947029215,circular
469,1100,700,245.32018653439027,-85,-85,-85,-85,1350,700,354.56002256222513,2.3147764947029215,circular
470,1100,700,245.32018653439027,-85,-85,-85,-85,1350,700,356.87479905692805,2.3147764947029215,circular
471,1100,700,245.32018653439027,-85,-85,-85,-85,1350,700,359.189575551631,2.3147764947029215,circular
472,1100,700,245.32018653439027,-85,-85,-85,-85,1350,700,1.5043520463339064,2.3147764947029215,circular
473,1100,700,245.32018653439027,-85,-85,-85,-85,1350,700,3.819128541036828,2.3147764947029215,circular
474,1100,700,245.32018653439027,-85,-85,-85,-85,1350,700,6.133905035739749,2.3147764947029215,circular
475,1100,700,245.32018653439027,-85,-85,-85,-85,1350,700,8.44868153044267,2.3147764947029215,circular
476,1100,700,245.32018653439027,-85,-85,-85,-85,1350,700,10.763458025145592,2.3147764947029215,circular
477,1100,700,245.32018653439027,-85,-85,-85,-85,1350,700,13.078234519848515,2.3147764947029215,circular
478,1100,700,245.32018653439027,-85,-85,-85,-85,1350,700,15.393011014551437,2.3147764947029215,circular
479,1100,700,245.32018653439027,-85,-85,-85,-85,1350,700,17.70778750925436,2.3147764947029215,circular
480,1100,700,245.32018653439027,-85,-85,-85,-85,1350,700,20.02256400395728,2.3147764947029215,circular
481,1100,700,245.32018653439027,-85,-85,-85,-85,1350,700,22.337340498660204,2.3147764947029215,circular
482,1100,700,245.32018653439027,-85,-85,-85,-85,1350,700,24.652116993363126,2.3147764947029215,circular
483,1100,700,245.32018653439027,-85,-85,-85,-85,1350,700,26.96689348806605,2.3147764947029215,circular
484,1100,700,245.32018653439027,-85,-85,-85,-85,1350,700,29.28166998276897,2.3147764947029215,circular
485,1100,700,245.32018653439027,-85,-85,-85,-85,1350,700,31.596446477471893,2.3147764947029215,circular
486,1100,700,245.32018653439027,-85,-85,-85,-85,1350,700,33.91122297217481,2.3147764947029215,circular
487,1100,700,245.32018653439027,-85,-85,-85,-85,1350,700,36.22599946687773,2.3147764947029215,circular
488,1100,700,245.32018653439027,-85,-85,-85,-85,1350,700,38.54077596158065,2.3147764947029215,circular
489,1100,700,245.32018653439027,-85,-85,-85,-85,1350,700,40.85555245628357,2.3147764947029215,circular
490,1100,700,245.32018653439027,-85,-85,-85,-85,1350,700,43.17032895098649,2.3147764947029215,circular
491,1100,700,245.32018653439027,-85,-85,-85,-85,1350,700,45.485105445689406,2.3147764947029215,circular
492,1100,700,245.32018653439027,-85,-85,-85,-85,1350,700,47.799881940392325,2.3147764947029215,circular
493,1100,700,245.32018653439027,-85,-85,-85,-85,1350,700,50.114658435095244,2.3147764947029215,circular
494,1100,700,245.32018653439027,-85,-85,-85,-85,1350,700,52.42943492979816,2.3147764947029215,circular
495,1100,700,245.32018653439027,-85,-85,-85,-85,1350,700,54.74421142450108,2.3147764947029215,circular
496,1100,700,245.32018653439027,-85,-85,-85,-85,1350,700,57.058987919204,2.3147764947029215,circular
497,1100,700,245.32018653439027,-85,-85,-85,-85,1350,700,59.37376441390692,2.3147764947029215,circular
498,1100,700,245.32018653439027,-85,-85,-85,-85,1350,700,61.68854090860984,2.3147764947029215,circular
499,1100,700,245.32018653439027,-85,-85,-85,-85,1350,700,64.00331740331276,2.3147764947029215,circular
500,1100,700,245.32018653439027,-85,-85,-85,-85,1350,700,66.31809389801569,2.3147764947029215,circular
501,1100,700,245.32018653439027,-85,-85,-85,-85,1350,700,68.63287039271862,2.3147764947029215,circular
502,1100,700,245.32018653439027,-85,-85,-85,-85,1350,700,70.94764688742154,2.3147764947029215,circular
503,1100,700,245.32018653439027,-85,-85,-85,-85,1350,700,73.26242338212447,2.3147764947029215,circular
504,1100,700,245.32018653439027,-85,-85,-85,-85,1350,700,75.5771998768274,2.3147764947029215,circular
505,1100,700,245.32018653439027,-85,-85,-85,-85,1350,700,77.89197637153032,2.3147764947029215,circular
506,1100,700,245.32018653439027,-85,-85,-85,-85,1350,700,80.20675286623324,2.3147764947029215,circular
507,1100,700,245.32018653439027,-85,-85,-85,-85,1350,700,82.52152936093617,2.3147764947029215,circular
508,1100,700,245.32018653439027,-85,-85,-85,-85,1350,700,84.8363058556391,2.3147764947029215,circular
509,1100,700,245.32018653439027,-85,-85,-85,-85,1350,700,87.15108235034202,2.3147764947029215,circular
510,1100,700,245.32018653439027,-85,-85,-85,-85,1350,700,89.46585884504495,2.3147764947029215,circular
511,1100,700,245.32018653439027,-85,-85,-85,-85,1350,700,91.78063533974787,2.3147764947029215,circular
512,1100,700,245.32018653439027,-85,-85,-85,-85,1350,700,94.0954118344508,2.3147764947029215,circular
513,1100,700,245.32018653439027,-85,-85,-85,-85,1350,700,96.41018832915373,2.3147764947029215,circular
514,1100,700,245.32018653439027,-85,-85,-85,-85,1350,700,98.72496482385665,2.3147764947029215,circular
515,1100,700,245.32018653439027,-85,-85,-85,-85,1350,700,101.03974131855958,2.3147764947029215,circular
516,1100,700,245.32018653439027,-85,-85,-85,-85,1350,700,103.3545178132625,2.3147764947029215,circular
517,1100,700,245.32018653439027,-85,-85,-85,-85,1350,700,105.66929430796543,2.3147764947029215,circular
518,1100,700,245.32018653439027,-85,-85,-85,-85,1350,700,107.98407080266836,2.3147764947029215,circular
519,1100,700,245.32018653439027,-85,-85,-85,-85,1350,700,110.29884729737128,2.3147764947029215,circular
520,1100,700,245.32018653439027,-85,-85,-85,-85,1350,700,112.61362379207421,2.3147764947029215,circular
521,1100,700,245.32018653439027,-85,-85,-85,-85,1350,700,114.92840028677713,2.3147764947029215,circular
522,1100,700,245.32018653439027,-85,-85,-85,-85,1350,700,117.24317678148006,2.3147764947029215,circular
523,1100,700,245.32018653439027,-85,-85,-85,-85,1350,700,119.55795327618299,2.3147764947029215,circular
524,1100,700,245.32018653439027,-85,-85,-85,-85,1350,700,121.87272977088591,2.3147764947029215,circular
525,1100,700,245.32018653439027,-85,-85,-85,-85,1350,700,124.18750626558884,2.3147764947029215,circular
526,1100,700,245.32018653439027,-85,-85,-85,-85,1350,700,126.50228276029176,2.3147764947029215,circular
527,1100,700,245.32018653439027,-85,-85,-85,-85,1350,700,128.8170592549947,2.3147764947029215,circular
528,1100,700,245.32018653439027,-85,-85,-85,-85,1350,700,131.13183574969761,2.3147764947029215,circular
529,1100,700,245.32018653439027,-85,-85,-85,-85,1350,700,133.44661224440054,2.3147764947029215,circular
530,1100,700,245.32018653439027,-85,-85,-85,-85,1350,700,135.76138873910347,2.3147764947029215,circular
531,1100,700,245.32018653439027,-85,14.513447644213304,-85,-85,1350,700,138.0761652338064,2.3147764947029215,circular
532,1100,700,245.32018653439027,11.505794098357505,17.513155499392102,-85,-85,1350,700,140.39094172850932,2.3147764947029215,circular
533,1100,700,245.32018653439027,17.513155499392102,19.91435422725632,-85,-85,1350,700,142.70571822321224,2.3147764947029215,circular
534,1100,700,245.32018653439027,19.25639156218217,20.97742610025734,-85,-85,1350,700,145.02049471791517,2.3147764947029215,circular
535,1100,700,245.32018653439027,20.48098321025059,21.813356630230874,-85,-85,1350,700,147.3352712126181,2.3147764947029215,circular
536,1100,700,245.32018653439027,21.813356630230874,22.793695368992218,-85,-85,1350,700,149.65004770732102,2.3147764947029215,circular
537,1100,700,245.32018653439027,22.496022074683278,23.31969953712386,-85,-85,1350,700,151.96482420202395,2.3147764947029215,circular
538,1100,700,245.32018653439027,23.06730250275713,23.769789312347285,-85,-85,1350,700,154.27960069672687,2.3147764947029215,circular
539,1100,700,245.32018653439027,23.769789312347285,24.33271141113945,-85,-85,1350,700,156.5943771914298,2.3147764947029215,circular
540,1100,700,245.32018653439027,24.1582774269213,24.646943359767004,-85,-85,1350,700,158.90915368613273,2.3147764947029215,circular
541,1100,700,245.32018653439027,24.495315191602927,24.92014212493214,-85,-85,1350,700,161.22393018083565,2.3147764947029215,circular
542,1100,700,245.32018653439027,24.92014212493214,25.26334459461691,-85,-85,1350,700,163.53870667553858,2.3147764947029215,circular
543,1100,700,245.32018653439027,25.157178905256924,25.452908776355446,-85,-85,1350,700,165.8534831702415,2.3147764947029215,circular
544,1100,700,245.32018653439027,25.36180729449956,25.614204328866276,-85,-85,1350,700,168.16825966494443,2.3147764947029215,circular
545,1100,700,245.32018653439027,25.536951728381826,25.7492610641292,-85,-85,1350,700,170.48303615964736,2.3147764947029215,circular
546,1100,700,245.32018653439027,25.7492610641292,25.906018829630398,-85,-85,1350,700,172.79781265435028,2.3147764947029215,circular
547,1100,700,245.32018653439027,25.859665714847075,25.9816463993744,-85,-85,1350,700,175.1125891490532,2.3147764947029215,circular
548,1100,700,245.32018653439027,25.946643644493044,26.035130213615616,-85,-85,1350,700,177.42736564375613,2.3147764947029215,circular
549,1100,700,245.32018653439027,26.035130213615616,26.074956048612798,-85,-85,1350,700,179.74214213845906,2.3147764947029215,circular
550,1100,700,245.32018653439027,26.067010357935978,26.077602459396946,-85,-85,1350,700,182.05691863316198,2.3147764947029215,circular
551,1100,700,245.32018653439027,26.077602459396946,26.067010357935978,-85,-85,1350,700,184.3716951278649,2.3147764947029215,circular
552,1100,700,245.32018653439027,26.067010357935978,26.011117049096303,-85,-85,1350,700,186.68647162256784,2.3147764947029215,circular
553,1100,700,245.32018653439027,26.035130213615616,25.946643644493044,-85,-85,1350,700,189.00124811727076,2.3147764947029215,circular
554,1100,700,245.32018653439027,25.9816463993744,25.859665714847075,-85,-85,1350,700,191.3160246119737,2.3147764947029215,circular
555,1100,700,245.32018653439027,25.859665714847075,25.684904084789977,-85,-85,1350,700,193.6308011066766,2.3147764947029215,circular
556,1100,700,245.32018653439027,25.7492610641292,25.536951728381826,-85,-85,1350,700,195.94557760137954,2.3147764947029215,circular
557,1100,700,245.32018653439027,25.614204328866276,25.361807294499556,-85,-85,1350,700,198.26035409608247,2.3147764947029215,circular
558,1100,700,245.32018653439027,25.361807294499556,25.042923900792417,-85,-85,1350,700,200.5751305907854,2.3147764947029215,circular
559,1100,700,245.32018653439027,25.157178905256924,24.788337040832293,-85,-85,1350,700,202.88990708548832,2.3147764947029215,circular
560,1100,700,245.32018653439027,24.92014212493214,24.495315191602927,-85,-85,1350,700,205.20468358019124,2.3147764947029215,circular
561,1100,700,245.32018653439027,24.495315191602927,23.97102224645776,-85,-85,1350,700,207.51946007489417,2.3147764947029215,circular
562,1100,700,245.32018653439027,24.1582774269213,23.553218972269416,-85,-85,1350,700,209.8342365695971,2.3147764947029215,circular
563,1100,700,245.32018653439027,23.769789312347285,23.067302502757133,-85,-85,1350,700,212.14901306430002,2.3147764947029215,circular
564,1100,700,245.32018653439027,23.319699537123853,22.496022074683278,-85,-85,1350,700,214.46378955900295,2.3147764947029215,circular
565,1100,700,245.32018653439027,22.496022074683278,21.418119305852123,-85,-85,1350,700,216.77856605370587,2.3147764947029215,circular
566,1100,700,245.32018653439027,21.81335663023087,20.48098321025059,-85,-85,1350,700,219.0933425484088,2.3147764947029215,circular
567,1100,700,245.32018653439027,20.97742610025735,19.25639156218219,-85,-85,1350,700,221.40811904311172,2.3147764947029215,circular
568,1100,700,245.32018653439027,19.25639156218219,16.269948115724716,-85,-85,1350,700,223.72289553781465,2.3147764947029215,circular
569,1100,700,245.32018653439027,17.51315549939211,11.50579409835762,-85,-85,1350,700,226.03767203251758,2.3147764947029215,circular
570,1100,700,245.32018653439027,14.513447644213265,-85,-85,-85,1350,700,228.3524485272205,2.3147764947029215,circular
571,1100,700,245.32018653439027,-85,-85,-85,-85,1350,700,230.66722502192343,2.3147764947029215,circular
572,1100,700,245.32018653439027,-85,-85,-85,-85,1350,700,232.98200151662635,2.3147764947029215,circular
573,1100,700,245.32018653439027,-85,-85,-85,-85,1350,700,235.29677801132928,2.3147764947029215,circular
574,1100,700,245.32018653439027,-85,-85,-85,-85,1350,700,237.6115545060322,2.3147764947029215,circular
575,1100,700,245.32018653439027,-85,-85,-85,-85,1350,700,239.92633100073513,2.3147764947029215,circular
576,1100,700,245.32018653439027,-85,-85,-85,-85,1350,700,242.24110749543806,2.3147764947029215,circular
577,1100,700,245.32018653439027,-85,-85,-85,-85,1350,700,244.55588399014098,2.3147764947029215,circular
578,1100,700,245.32018653439027,-85,-85,-85,-85,1350,700,246.8706604848439,2.3147764947029215,circular
579,1100,700,245.32018653439027,-85,-85,-85,-85,1350,700,249.18543697954684,2.3147764947029215,circular
580,1100,700,245.32018653439027,-85,-85,-85,-85,1350,700,251.50021347424976,2.3147764947029215,circular
581,1100,700,245.32018653439027,-85,-85,-85,-85,1350,700,253.8149899689527,2.3147764947029215,circular
582,1100,700,245.32018653439027,-85,-85,-85,-85,1350,700,256.1297664636556,2.3147764947029215,circular
583,1100,700,245.32018653439027,-85,-85,-85,-85,1350,700,258.4445429583585,2.3147764947029215,circular
584,1100,700,245.32018653439027,-85,-85,-85,-85,1350,700,260.75931945306144,2.3147764947029215,circular
585,1100,700,245.32018653439027,-85,-85,-85,-85,1350,700,263.07409594776436,2.3147764947029215,circular
586,1100,700,245.32018653439027,-85,-85,-85,-85,1350,700,265.3888724424673,2.3147764947029215,circular
587,1100,700,245.32018653439027,-85,-85,-85,-85,1350,700,267.7036489371702,2.3147764947029215,circular
588,1100,700,245.32018653439027,-85,-85,-85,-85,1350,700,270.01842543187314,2.3147764947029215,circular
589,1100,700,245.32018653439027,-85,-85,-85,-85,1350,700,272.33320192657607,2.3147764947029215,circular
590,1100,700,245.32018653439027,-85,-85,-85,-85,1350,700,274.647978421279,2.3147764947029215,circular
591,1100,700,245.32018653439027,-85,-85,-85,-85,1350,700,276.9627549159819,2.3147764947029215,circular
592,1100,700,245.32018653439027,-85,-85,-85,-85,1350,700,279.27753141068484,2.3147764947029215,circular
593,1100,700,245.32018653439027,-85,-85,-85,-85,1350,700,281.59230790538777,2.3147764947029215,circular
594,1100,700,245.32018653439027,-85,-85,-85,-85,1350,700,283.9070844000907,2.3147764947029215,circular
595,1100,700,245.32018653439027,-85,-85,-85,-85,1350,700,286.2218608947936,2.3147764947029215,circular
596,1100,700,245.32018653439027,-85,-85,-85,-85,1350,700,288.53663738949655,2.3147764947029215,circular
597,1100,700,245.32018653439027,-85,-85,-85,-85,1350,700,290.8514138841995,2.3147764947029215,circular
598,1100,700,245.32018653439027,-85,-85,-85,-85,1350,700,293.1661903789024,2.3147764947029215,circular
599,1100,700,245.32018653439027,-85,-85,-85,-85,1350,700,295.4809668736053,2.3147764947029215,circular
600,1100,700,245.32018653439027,-85,-85,-85,-85,1350,700,297.79574336830825,2.3147764947029215,circular
601,1100,700,245.32018653439027,-85,-85,-85,-85,1350,700,300.1105198630112,2.3147764947029215,circular
602,1100,700,245.32018653439027,-85,-85,-85,-85,1350,700,302.4252963577141,2.3147764947029215,circular
603,1100,700,245.32018653439027,-85,-85,-85,-85,1350,700,304.74007285241703,2.3147764947029215,circular
604,1100,700,245.32018653439027,-85,-85,-85,-85,1350,700,307.05484934711995,2.3147764947029215,circular
605,1100,700,245.32018653439027,-85,-85,-85,-85,1350,700,309.3696258418229,2.3147764947029215,circular
606,1100,700,245.32018653439027,-85,-85,-85,-85,1350,700,311.6844023365258,2.3147764947029215,circular
607,1100,700,245.32018653439027,-85,-85,-85,-85,1350,700,313.99917883122873,2.3147764947029215,circular
608,1100,700,245.32018653439027,-85,-85,-85,-85,1350,700,316.31395532593166,2.3147764947029215,circular
609,1100,700,245.32018653439027,-85,-85,-85,-85,1350,700,318.6287318206346,2.3147764947029215,circular
610,1100,700,245.32018653439027,-85,-85,-85,-85,1350,700,320.9435083153375,2.3147764947029215,circular
611,1100,700,245.32018653439027,-85,-85,-85,-85,1350,700,323.25828481004044,2.3147764947029215,circular
612,1100,700,245.32018653439027,-85,-85,-85,-85,1350,700,325.57306130474336,2.3147764947029215,circular
613,1100,700,245.32018653439027,-85,-85,-85,-85,1350,700,327.8878377994463,2.3147764947029215,circular
614,1100,700,245.32018653439027,-85,-85,-85,-85,1350,700,330.2026142941492,2.3147764947029215,circular
615,1100,700,245.32018653439027,-85,-85,-85,-85,1350,700,332.51739078885214,2.3147764947029215,circular
616,1100,700,245.32018653439027,-85,-85,-85,-85,1350,700,334.83216728355507,2.3147764947029215,circular
617,1100,700,245.32018653439027,-85,-85,-85,-85,1350,700,337.146943778258,2.3147764947029215,circular
618,1100,700,245.32018653439027,-85,-85,-85,-85,1350,700,339.4617202729609,2.3147764947029215,circular
619,1100,700,245.32018653439027,-85,-85,-85,-85,1350,700,341.77649676766384,2.3147764947029215,circular
620,1100,700,245.32018653439027,-85,-85,-85,-85,1350,700,344.09127326236677,2.3147764947029215,circular
621,1100,700,245.32018653439027,-85,-85,-85,-85,1350,700,346.4060497570697,2.3147764947029215,circular
622,1100,700,245.32018653439027,-85,-85,-85,-85,1350,700,348.7208262517726,2.3147764947029215,circular
623,1100,700,245.32018653439027,-85,-85,-85,-85,1350,700,351.03560274647555,2.3147764947029215,circular
624,1100,700,245.32018653439027,-85,-85,-85,-85,1350,700,353.3503792411785,2.3147764947029215,circular
625,1100,700,245.32018653439027,-85,-85,-85,-85,1350,700,355.6651557358814,2.3147764947029215,circular
626,1100,700,245.32018653439027,-85,-85,-85,-85,1350,700,357.9799322305843,2.3147764947029215,circular
627,1100,700,245.32018653439027,-85,-85,-85,-85,1350,700,0.2947087252872507,2.3147764947029215,circular
628,1100,700,245.32018653439027,-85,-85,-85,-85,1350,700,2.609485219990172,2.3147764947029215,circular
629,1100,700,245.32018653439027,-85,-85,-85,-85,1350,700,4.924261714693094,2.3147764947029215,circular
630,1100,700,245.32018653439027,-85,-85,-85,-85,1350,700,7.239038209396015,2.3147764947029215,circular
631,1100,700,245.32018653439027,-85,-85,-85,-85,1350,700,9.553814704098937,2.3147764947029215,circular
632,1100,700,245.32018653439027,-85,-85,-85,-85,1350,700,11.868591198801859,2.3147764947029215,circular
633,1100,700,245.32018653439027,-85,-85,-85,-85,1350,700,14.183367693504781,2.3147764947029215,circular
634,1100,700,245.32018653439027,-85,-85,-85,-85,1350,700,16.498144188207704,2.3147764947029215,circular
635,1100,700,245.32018653439027,-85,-85,-85,-85,1350,700,18.812920682910626,2.3147764947029215,circular
636,1100,700,245.32018653439027,-85,-85,-85,-85,1350,700,21.12769717761355,2.3147764947029215,circular
637,1100,700,245.32018653439027,-85,-85,-85,-85,1350,700,23.44247367231647,2.3147764947029215,circular
638,1100,700,245.32018653439027,-85,-85,-85,-85,1350,700,25.757250167019393,2.3147764947029215,circular
639,1100,700,245.32018653439027,-85,-85,-85,-85,1350,700,28.072026661722315,2.3147764947029215,circular
640,1100,700,245.32018653439027,-85,-85,-85,-85,1350,700,30.386803156425238,2.3147764947029215,circular
641,1100,700,245.32018653439027,-85,-85,-85,-85,1350,700,32.70157965112816,2.3147764947029215,circular
642,1100,700,245.32018653439027,-85,-85,-85,-85,1350,700,35.016356145831075,2.3147764947029215,circular
643,1100,700,245.32018653439027,-85,-85,-85,-85,1350,700,37.331132640533994,2.3147764947029215,circular
644,1100,700,245.32018653439027,-85,-85,-85,-85,1350,700,39.64590913523691,2.3147764947029215,circular
645,1100,700,245.32018653439027,-85,-85,-85,-85,1350,700,41.96068562993983,2.3147764947029215,circular
646,1100,700,245.32018653439027,-85,-85,-85,-85,1350,700,44.27546212464275,2.3147764947029215,circular
647,1100,700,245.32018653439027,-85,-85,-85,-85,1350,700,46.59023861934567,2.3147764947029215,circular
648,1100,700,245.32018653439027,-85,-85,-85,-85,1350,700,48.90501511404859,2.3147764947029215,circular
649,1100,700,245.32018653439027,-85,-85,-85,-85,1350,700,51.21979160875151,2.3147764947029215,circular
650,1100,700,245.32018653439027,-85,-85,-85,-85,1350,700,53.534568103454426,2.3147764947029215,circular
651,1100,700,245.32018653439027,-85,-85,-85,-85,1350,700,55.849344598157344,2.3147764947029215,circular
652,1100,700,245.32018653439027,-85,-85,-85,-85,1350,700,58.16412109286026,2.3147764947029215,circular
653,1100,700,245.32018653439027,-85,-85,-85,-85,1350,700,60.47889758756318,2.3147764947029215,circular
654,1100,700,245.32018653439027,-85,-85,-85,-85,1350,700,62.7936740822661,2.3147764947029215,circular
655,1100,700,245.32018653439027,-85,-85,-85,-85,1350,700,65.10845057696902,2.3147764947029215,circular
656,1100,700,245.32018653439027,-85,-85,-85,-85,1350,700,67.42322707167195,2.3147764947029215,circular
657,1100,700,245.32018653439027,-85,-85,-85,-85,1350,700,69.73800356637487,2.3147764947029215,circular
658,1100,700,245.32018653439027,-85,-85,-85,-85,1350,700,72.0527800610778,2.3147764947029215,circular
659,1100,700,245.32018653439027,-85,-85,-85,-85,1350,700,74.36755655578072,2.3147764947029215,circular
660,1100,700,245.32018653439027,-85,-85,-85,-85,1350,700,76.68233305048365,2.3147764947029215,circular
661,1100,700,245.32018653439027,-85,-85,-85,-85,1350,700,78.99710954518658,2.3147764947029215,circular
662,1100,700,245.32018653439027,-85,-85,-85,-85,1350,700,81.3118860398895,2.3147764947029215,circular
663,1100,700,245.32018653439027,-85,-85,-85,-85,1350,700,83.62666253459243,2.3147764947029215,circular
664,1100,700,245.32018653439027,-85,-85,-85,-85,1350,700,85.94143902929535,2.3147764947029215,circular
665,1100,700,245.32018653439027,-85,-85,-85,-85,1350,700,88.25621552399828,2.3147764947029215,circular
666,1100,700,245.32018653439027,-85,-85,-85,-85,1350,700,90.5709920187012,2.3147764947029215,circular
667,1100,700,245.32018653439027,-85,-85,-85,-85,1350,700,92.88576851340413,2.3147764947029215,circular
668,1100,700,245.32018653439027,-85,-85,-85,-85,1350,700,95.20054500810706,2.3147764947029215,circular
669,1100,700,245.32018653439027,-85,-85,-85,-85,1350,700,97.51532150280998,2.3147764947029215,circular
670,1100,700,245.32018653439027,-85,-85,-85,-85,1350,700,99.83009799751291,2.3147764947029215,circular
671,1100,700,245.32018653439027,-85,-85,-85,-85,1350,700,102.14487449221583,2.3147764947029215,circular
672,1100,700,245.32018653439027,-85,-85,-85,-85,1350,700,104.45965098691876,2.3147764947029215,circular
673,1100,700,245.32018653439027,-85,-85,-85,-85,1350,700,106.77442748162169,2.3147764947029215,circular
674,1100,700,245.32018653439027,-85,-85,-85,-85,1350,700,109.08920397632461,2.3147764947029215,circular
675,1100,700,245.32018653439027,-85,-85,-85,-85,1350,700,111.40398047102754,2.3147764947029215,circular
676,1100,700,245.32018653439027,-85,-85,-85,-85,1350,700,113.71875696573046,2.3147764947029215,circular
677,1100,700,245.32018653439027,-85,-85,-85,-85,1350,700,116.03353346043339,2.3147764947029215,circular
678,1100,700,245.32018653439027,-85,-85,-85,-85,1350,700,118.34830995513632,2.3147764947029215,circular
679,1100,700,245.32018653439027,-85,-85,-85,-85,1350,700,120.66308644983924,2.3147764947029215,circular
680,1100,700,245.32018653439027,-85,-85,-85,-85,1350,700,122.97786294454217,2.3147764947029215,circular
681,1100,700,245.32018653439027,-85,-85,-85,-85,1350,700,125.2926394392451,2.3147764947029215,circular
682,1100,700,245.32018653439027,-85,-85,-85,-85,1350,700,127.60741593394802,2.3147764947029215,circular
683,1100,700,245.32018653439027,-85,-85,-85,-85,1350,700,129.92219242865093,2.3147764947029215,circular
684,1100,700,245.32018653439027,-85,-85,-85,-85,1350,700,132.23696892335386,2.3147764947029215,circular
685,1100,700,245.32018653439027,-85,-85,-85,-85,1350,700,134.55174541805678,2.3147764947029215,circular
686,1100,700,245.32018653439027,-85,11.505794098357505,-85,-85,1350,700,136.8665219127597,2.3147764947029215,circular
687,1100,700,245.32018653439027,-85,16.269948115724727,-85,-85,1350,700,139.18129840746263,2.3147764947029215,circular
688,1100,700,245.32018653439027,16.269948115724727,19.25639156218217,-85,-85,1350,700,141.49607490216556,2.3147764947029215,circular
689,1100,700,245.32018653439027,18.47430475951294,20.48098321025059,-85,-85,1350,700,143.8108513968685,2.3147764947029215,circular
690,1100,700,245.32018653439027,19.91435422725632,21.41811930585211,-85,-85,1350,700,146.1256278915714,2.3147764947029215,circular
691,1100,700,245.32018653439027,20.97742610025734,22.170735458799452,-85,-85,1350,700,148.44040438627434,2.3147764947029215,circular
692,1100,700,245.32018653439027,22.170735458799452,23.06730250275713,-85,-85,1350,700,150.75518088097726,2.3147764947029215,circular
693,1100,700,245.32018653439027,22.793695368992218,23.553218972269416,-85,-85,1350,700,153.0699573756802,2.3147764947029215,circular
694,1100,700,245.32018653439027,23.31969953712386,23.971022246457757,-85,-85,1350,700,155.38473387038312,2.3147764947029215,circular
695,1100,700,245.32018653439027,23.971022246457757,24.495315191602927,-85,-85,1350,700,157.69951036508604,2.3147764947029215,circular
696,1100,700,245.32018653439027,24.33271141113945,24.78833704083229,-85,-85,1350,700,160.01428685978897,2.3147764947029215,circular
697,1100,700,245.32018653439027,24.646943359767004,25.042923900792417,-85,-85,1350,700,162.3290633544919,2.3147764947029215,circular
698,1100,700,245.32018653439027,25.042923900792417,25.36180729449956,-85,-85,1350,700,164.64383984919482,2.3147764947029215,circular
699,1100,700,245.32018653439027,25.26334459461691,25.536951728381826,-85,-85,1350,700,166.95861634389775,2.3147764947029215,circular
700,1100,700,245.32018653439027,25.452908776355446,25.684904084789974,-85,-85,1350,700,169.27339283860067,2.3147764947029215,circular
701,1100,700,245.32018653439027,25.684904084789974,25.859665714847075,-85,-85,1350,700,171.5881693333036,2.3147764947029215,circular
702,1100,700,245.32018653439027,25.80746062382631,25.946643644493044,-85,-85,1350,700,173.90294582800652,2.3147764947029215,circular
703,1100,700,245.32018653439027,25.906018829630398,26.011117049096303,-85,-85,1350,700,176.21772232270945,2.3147764947029215,circular
704,1100,700,245.32018653439027,26.011117049096303,26.067010357935978,-85,-85,1350,700,178.53249881741237,2.3147764947029215,circular
705,1100,700,245.32018653439027,26.053745949214605,26.077602459396946,-85,-85,1350,700,180.8472753121153,2.3147764947029215,circular
706,1100,700,245.32018653439027,26.074956048612798,26.074956048612798,-85,-85,1350,700,183.16205180681823,2.3147764947029215,circular
707,1100,700,245.32018653439027,26.077602459396946,26.053745949214605,-85,-85,1350,700,185.47682830152115,2.3147764947029215,circular
708,1100,700,245.32018653439027,26.053745949214605,25.9816463993744,-85,-85,1350,700,187.79160479622408,2.3147764947029215,circular
709,1100,700,245.32018653439027,26.011117049096303,25.906018829630398,-85,-85,1350,700,190.106381290927,2.3147764947029215,circular
710,1100,700,245.32018653439027,25.946643644493044,25.807460623826316,-85,-85,1350,700,192.42115778562993,2.3147764947029215,circular
711,1100,700,245.32018653439027,25.807460623826316,25.614204328866276,-85,-85,1350,700,194.73593428033286,2.3147764947029215,circular
712,1100,700,245.32018653439027,25.684904084789977,25.452908776355446,-85,-85,1350,700,197.05071077503578,2.3147764947029215,circular
713,1100,700,245.32018653439027,25.536951728381826,25.263344594616918,-85,-85,1350,700,199.3654872697387,2.3147764947029215,circular
714,1100,700,245.32018653439027,25.263344594616918,24.92014212493214,-85,-85,1350,700,201.68026376444163,2.3147764947029215,circular
715,1100,700,245.32018653439027,25.042923900792417,24.646943359767004,-85,-85,1350,700,203.99504025914456,2.3147764947029215,circular
716,1100,700,245.32018653439027,24.788337040832293,24.332711411139446,-85,-85,1350,700,206.30981675384749,2.3147764947029215,circular
717,1100,700,245.32018653439027,24.332711411139446,23.769789312347285,-85,-85,1350,700,208.6245932485504,2.3147764947029215,circular
718,1100,700,245.32018653439027,23.97102224645776,23.319699537123853,-85,-85,1350,700,210.93936974325334,2.3147764947029215,circular
719,1100,700,245.32018653439027,23.553218972269416,22.793695368992225,-85,-85,1350,700,213.25414623795626,2.3147764947029215,circular
720,1100,700,245.32018653439027,22.793695368992225,21.81335663023087,-85,-85,1350,700,215.5689227326592,2.3147764947029215,circular
721,1100,700,245.32018653439027,22.170735458799452,20.97742610025735,-85,-85,1350,700,217.88369922736211,2.3147764947029215,circular
722,1100,700,245.32018653439027,21.418119305852123,19.914354227256315,-85,-85,1350,700,220.19847572206504,2.3147764947029215,circular
723,1100,700,245.32018653439027,19.914354227256315,17.51315549939211,-85,-85,1350,700,222.51325221676797,2.3147764947029215,circular
724,1100,700,245.32018653439027,18.474304759512954,14.513447644213265,-85,-85,1350,700,224.8280287114709,2.3147764947029215,circular
725,1100,700,245.32018653439027,16.269948115724716,-85,-85,-85,1350,700,227.14280520617382,2.3147764947029215,circular
726,1100,700,245.32018653439027,11.50579409835762,-85,-85,-85,1350,700,229.45758170087674,2.3147764947029215,circular
727,1100,700,245.32018653439027,-85,-85,-85,-85,1350,700,231.77235819557967,2.3147764947029215,circular
728,1100,700,245.32018653439027,-85,-85,-85,-85,1350,700,234.0871346902826,2.3147764947029215,circular
729,1100,700,245.32018653439027,-85,-85,-85,-85,1350,700,236.40191118498552,2.3147764947029215,circular
730,1100,700,245.32018653439027,-85,-85,-85,-85,1350,700,238.71668767968845,2.3147764947029215,circular
731,1100,700,245.32018653439027,-85,-85,-85,-85,1350,700,241.03146417439137,2.3147764947029215,circular
732,1100,700,245.32018653439027,-85,-85,-85,-85,1350,700,243.3462406690943,2.3147764947029215,circular
733,1100,700,245.32018653439027,-85,-85,-85,-85,1350,700,245.66101716379723,2.3147764947029215,circular
734,1100,700,245.32018653439027,-85,-85,-85,-85,1350,700,247.97579365850015,2.3147764947029215,circular
735,1100,700,245.32018653439027,-85,-85,-85,-85,1350,700,250.29057015320308,2.3147764947029215,circular
736,1100,700,245.32018653439027,-85,-85,-85,-85,1350,700,252.605346647906,2.3147764947029215,circular
737,1100,700,245.32018653439027,-85,-85,-85,-85,1350,700,254.92012314260893,2.3147764947029215,circular
738,1100,700,245.32018653439027,-85,-85,-85,-85,1350,700,257.23489963731186,2.3147764947029215,circular
739,1100,700,245.32018653439027,-85,-85,-85,-85,1350,700,259.5496761320148,2.3147764947029215,circular
740,1100,700,245.32018653439027,-85,-85,-85,-85,1350,700,261.8644526267177,2.3147764947029215,circular
741,1100,700,245.32018653439027,-85,-85,-85,-85,1350,700,264.17922912142063,2.3147764947029215,circular
742,1100,700,245.32018653439027,-85,-85,-85,-85,1350,700,266.49400561612356,2.3147764947029215,circular
743,1100,700,245.32018653439027,-85,-85,-85,-85,1350,700,268.8087821108265,2.3147764947029215,circular
744,1100,700,245.32018653439027,-85,-85,-85,-85,1350,700,271.1235586055294,2.3147764947029215,circular
745,1100,700,245.32018653439027,-85,-85,-85,-85,1350,700,273.43833510023234,2.3147764947029215,circular
746,1100,700,245.32018653439027,-85,-85,-85,-85,1350,700,275.75311159493526,2.3147764947029215,circular
747,1100,700,245.32018653439027,-85,-85,-85,-85,1350,700,278.0678880896382,2.3147764947029215,circular
748,1100,700,245.32018653439027,-85,-85,-85,-85,1350,700,280.3826645843411,2.3147764947029215,circular
749,1100,700,245.32018653439027,-85,-85,-85,-85,1350,700,282.69744107904404,2.3147764947029215,circular
750,1100,700,245.32018653439027,-85,-85,-85,-85,1350,700,285.01221757374697,2.3147764947029215,circular
751,1100,700,245.32018653439027,-85,-85,-85,-85,1350,700,287.3269940684499,2.3147764947029215,circular
752,1100,700,245.32018653439027,-85,-85,-85,-85,1350,700,289.6417705631528,2.3147764947029215,circular
753,1100,700,245.32018653439027,-85,-85,-85,-85,1350,700,291.95654705785574,2.3147764947029215,circular
754,1100,700,245.32018653439027,-85,-85,-85,-85,1350,700,294.27132355255867,2.3147764947029215,circular
755,1100,700,245.32018653439027,-85,-85,-85,-85,1350,700,296.5861000472616,2.3147764947029215,circular
756,1100,700,245.32018653439027,-85,-85,-85,-85,1350,700,298.9008765419645,2.3147764947029215,circular
757,1100,700,245.32018653439027,-85,-85,-85,-85,1350,700,301.21565303666745,2.3147764947029215,circular
758,1100,700,245.32018653439027,-85,-85,-85,-85,1350,700,303.5304295313704,2.3147764947029215,circular
759,1100,700,245.32018653439027,-85,-85,-85,-85,1350,700,305.8452060260733,2.3147764947029215,circular
760,1100,700,245.32018653439027,-85,-85,-85,-85,1350,700,308.1599825207762,2.3147764947029215,circular
761,1100,700,245.32018653439027,-85,-85,-85,-85,1350,700,310.47475901547915,2.3147764947029215,circular
762,1100,700,245.32018653439027,-85,-85,-85,-85,1350,700,312.7895355101821,2.3147764947029215,circular
763,1100,700,245.32018653439027,-85,-85,-85,-85,1350,700,315.104312004885,2.3147764947029215,circular
764,1100,700,245.32018653439027,-85,-85,-85,-85,1350,700,317.41908849958793,2.3147764947029215,circular
765,1100,700,245.32018653439027,-85,-85,-85,-85,1350,700,319.73386499429085,2.3147764947029215,circular
766,1100,700,245.32018653439027,-85,-85,-85,-85,1350,700,322.0486414889938,2.3147764947029215,circular
767,1100,700,245.32018653439027,-85,-85,-85,-85,1350,700,324.3634179836967,2.3147764947029215,circular
768,1100,700,245.32018653439027,-85,-85,-85,-85,1350,700,326.67819447839963,2.3147764947029215,circular
769,1100,700,245.32018653439027,-85,-85,-85,-85,1350,700,328.99297097310256,2.3147764947029215,circular
770,1100,700,245.32018653439027,-85,-85,-85,-85,1350,700,331.3077474678055,2.3147764947029215,circular
771,1100,700,245.32018653439027,-85,-85,-85,-85,1350,700,333.6225239625084,2.3147764947029215,circular
772,1100,700,245.32018653439027,-85,-85,-85,-85,1350,700,335.93730045721134,2.3147764947029215,circular
773,1100,700,245.32018653439027,-85,-85,-85,-85,1350,700,338.25207695191426,2.3147764947029215,circular
774,1100,700,245.32018653439027,-85,-85,-85,-85,1350,700,340.5668534466172,2.3147764947029215,circular
775,1100,700,245.32018653439027,-85,-85,-85,-85,1350,700,342.8816299413201,2.3147764947029215,circular
776,1100,700,245.32018653439027,-85,-85,-85,-85,1350,700,345.19640643602304,2.3147764947029215,circular
777,1100,700,245.32018653439027,-85,-85,-85,-85,1350,700,347.51118293072597,2.3147764947029215,circular
778,1100,700,245.32018653439027,-85,-85,-85,-85,1350,700,349.8259594254289,2.3147764947029215,circular
779,1100,700,245.32018653439027,-85,-85,-85,-85,1350,700,352.1407359201318,2.3147764947029215,circular
780,1100,700,245.32018653439027,-85,-85,-85,-85,1350,700,354.45551241483474,2.3147764947029215,circular
781,1100,700,245.32018653439027,-85,-85,-85,-85,1350,700,356.77028890953767,2.3147764947029215,circular
782,1100,700,245.32018653439027,-85,-85,-85,-85,1350,700,359.0850654042406,2.3147764947029215,circular
783,1100,700,245.32018653439027,-85,-85,-85,-85,1350,700,1.3998418989435208,2.3147764947029215,circular
784,1100,700,245.32018653439027,-85,-85,-85,-85,1350,700,3.7146183936464423,2.3147764947029215,circular
785,1100,700,245.32018653439027,-85,-85,-85,-85,1350,700,6.029394888349364,2.3147764947029215,circular
786,1100,700,245.32018653439027,-85,-85,-85,-85,1350,700,8.344171383052284,2.3147764947029215,circular
787,1100,700,245.32018653439027,-85,-85,-85,-85,1350,700,10.658947877755207,2.3147764947029215,circular
788,1100,700,245.32018653439027,-85,-85,-85,-85,1350,700,12.973724372458129,2.3147764947029215,circular
789,1100,700,245.32018653439027,-85,-85,-85,-85,1350,700,15.288500867161051,2.3147764947029215,circular
790,1100,700,245.32018653439027,-85,-85,-85,-85,1350,700,17.603277361863974,2.3147764947029215,circular
791,1100,700,245.32018653439027,-85,-85,-85,-85,1350,700,19.918053856566896,2.3147764947029215,circular
792,1100,700,245.32018653439027,-85,-85,-85,-85,1350,700,22.23283035126982,2.3147764947029215,circular
793,1100,700,245.32018653439027,-85,-85,-85,-85,1350,700,24.54760684597274,2.3147764947029215,circular
794,1100,700,245.32018653439027,-85,-85,-85,-85,1350,700,26.862383340675663,2.3147764947029215,circular
795,1100,700,245.32018653439027,-85,-85,-85,-85,1350,700,29.177159835378585,2.3147764947029215,circular
796,1100,700,245.32018653439027,-85,-85,-85,-85,1350,700,31.491936330081508,2.3147764947029215,circular
797,1100,700,245.32018653439027,-85,-85,-85,-85,1350,700,33.80671282478443,2.3147764947029215,circular
798,1100,700,245.32018653439027,-85,-85,-85,-85,1350,700,36.121489319487345,2.3147764947029215,circular
799,1100,700,245.32018653439027,-85,-85,-85,-85,1350,700,38.436265814190264,2.3147764947029215,circular
800,1100,700,245.32018653439027,-85,-85,-85,-85,1350,700,40.75104230889318,2.3147764947029215,circular
801,1100,700,245.32018653439027,-85,-85,-85,-85,1350,700,43.0658188035961,2.3147764947029215,circular
802,1100,700,245.32018653439027,-85,-85,-85,-85,1350,700,45.38059529829902,2.3147764947029215,circular
803,1100,700,245.32018653439027,-85,-85,-85,-85,1350,700,47.69537179300194,2.3147764947029215,circular
804,1100,700,245.32018653439027,-85,-85,-85,-85,1350,700,50.01014828770486,2.3147764947029215,circular
805,1100,700,245.32018653439027,-85,-85,-85,-85,1350,700,52.32492478240778,2.3147764947029215,circular
806,1100,700,245.32018653439027,-85,-85,-85,-85,1350,700,54.639701277110696,2.3147764947029215,circular
807,1100,700,245.32018653439027,-85,-85,-85,-85,1350,700,56.954477771813615,2.3147764947029215,circular
808,1100,700,245.32018653439027,-85,-85,-85,-85,1350,700,59.26925426651653,2.3147764947029215,circular
809,1100,700,245.32018653439027,-85,-85,-85,-85,1350,700,61.58403076121945,2.3147764947029215,circular
810,1100,700,245.32018653439027,-85,-85,-85,-85,1350,700,63.89880725592237,2.3147764947029215,circular
811,1100,700,245.32018653439027,-85,-85,-85,-85,1350,700,66.21358375062529,2.3147764947029215,circular
812,1100,700,245.32018653439027,-85,-85,-85,-85,1350,700,68.52836024532822,2.3147764947029215,circular
813,1100,700,245.32018653439027,-85,-85,-85,-85,1350,700,70.84313674003114,2.3147764947029215,circular
814,1100,700,245.32018653439027,-85,-85,-85,-85,1350,700,73.15791323473407,2.3147764947029215,circular
815,1100,700,245.32018653439027,-85,-85,-85,-85,1350,700,75.472689729437,2.3147764947029215,circular
816,1100,700,245.32018653439027,-85,-85,-85,-85,1350,700,77.78746622413992,2.3147764947029215,circular
817,1100,700,245.32018653439027,-85,-85,-85,-85,1350,700,80.10224271884285,2.3147764947029215,circular
818,1100,700,245.32018653439027,-85,-85,-85,-85,1350,700,82.41701921354577,2.3147764947029215,circular
819,1100,700,245.32018653439027,-85,-85,-85,-85,1350,700,84.7317957082487,2.3147764947029215,circular
820,1100,700,245.32018653439027,-85,-85,-85,-85,1350,700,87.04657220295162,2.3147764947029215,circular
821,1100,700,245.32018653439027,-85,-85,-85,-85,1350,700,89.36134869765455,2.3147764947029215,circular
822,1100,700,245.32018653439027,-85,-85,-85,-85,1350,700,91.67612519235747,2.3147764947029215,circular
823,1100,700,245.32018653439027,-85,-85,-85,-85,1350,700,93.9909016870604,2.3147764947029215,circular
824,1100,700,245.32018653439027,-85,-85,-85,-85,1350,700,96.30567818176333,2.3147764947029215,circular
825,1100,700,245.32018653439027,-85,-85,-85,-85,1350,700,98.62045467646625,2.3147764947029215,circular
826,1100,700,245.32018653439027,-85,-85,-85,-85,1350,700,100.93523117116918,2.3147764947029215,circular
827,1100,700,245.32018653439027,-85,-85,-85,-85,1350,700,103.2500076658721,2.3147764947029215,circular
828,1100,700,245.32018653439027,-85,-85,-85,-85,1350,700,105.56478416057503,2.3147764947029215,circular
829,1100,700,245.32018653439027,-85,-85,-85,-85,1350,700,107.87956065527796,2.3147764947029215,circular
830,1100,700,245.32018653439027,-85,-85,-85,-85,1350,700,110.19433714998088,2.3147764947029215,circular
831,1100,700,245.32018653439027,-85,-85,-85,-85,1350,700,112.50911364468381,2.3147764947029215,circular
832,1100,700,245.32018653439027,-85,-85,-85,-85,1350,700,114.82389013938673,2.3147764947029215,circular
833,1100,700,245.32018653439027,-85,-85,-85,-85,1350,700,117.13866663408966,2.3147764947029215,circular
834,1100,700,245.32018653439027,-85,-85,-85,-85,1350,700,119.45344312879259,2.3147764947029215,circular
835,1100,700,245.32018653439027,-85,-85,-85,-85,1350,700,121.76821962349551,2.3147764947029215,circular
836,1100,700,245.32018653439027,-85,-85,-85,-85,1350,700,124.08299611819844,2.3147764947029215,circular
837,1100,700,245.32018653439027,-85,-85,-85,-85,1350,700,126.39777261290136,2.3147764947029215,circular
838,1100,700,245.32018653439027,-85,-85,-85,-85,1350,700,128.71254910760427,2.3147764947029215,circular
839,1100,700,245.32018653439027,-85,-85,-85,-85,1350,700,131.0273256023072,2.3147764947029215,circular
840,1100,700,245.32018653439027,-85,-85,-85,-85,1350,700,133.34210209701013,2.3147764947029215,circular
841,1100,700,245.32018653439027,-85,-85,-85,-85,1350,700,135.65687859171305,2.3147764947029215,circular
842,1100,700,245.32018653439027,-85,14.513447644213304,-85,-85,1350,700,137.97165508641598,2.3147764947029215,circular
843,1100,700,245.32018653439027,11.505794098357505,17.513155499392102,-85,-85,1350,700,140.2864315811189,2.3147764947029215,circular
844,1100,700,245.32018653439027,17.513155499392102,19.91435422725632,-85,-85,1350,700,142.60120807582183,2.3147764947029215,circular
845,1100,700,245.32018653439027,19.25639156218217,20.97742610025734,-85,-85,1350,700,144.91598457052476,2.3147764947029215,circular
846,1100,700,245.32018653439027,20.48098321025059,21.813356630230874,-85,-85,1350,700,147.23076106522768,2.3147764947029215,circular
847,1100,700,245.32018653439027,21.813356630230874,22.793695368992218,-85,-85,1350,700,149.5455375599306,2.3147764947029215,circular
848,1100,700,245.32018653439027,22.496022074683278,23.31969953712386,-85,-85,1350,700,151.86031405463353,2.3147764947029215,circular
849,1100,700,245.32018653439027,23.06730250275713,23.769789312347285,-85,-85,1350,700,154.17509054933646,2.3147764947029215,circular
850,1100,700,245.32018653439027,23.553218972269416,24.33271141113945,-85,-85,1350,700,156.48986704403939,2.3147764947029215,circular
851,1100,700,245.32018653439027,24.1582774269213,24.646943359767004,-85,-85,1350,700,158.8046435387423,2.3147764947029215,circular
852,1100,700,245.32018653439027,24.495315191602927,24.92014212493214,-85,-85,1350,700,161.11942003344524,2.3147764947029215,circular
853,1100,700,245.32018653439027,24.78833704083229,25.157178905256924,-85,-85,1350,700,163.43419652814816,2.3147764947029215,circular
854,1100,700,245.32018653439027,25.157178905256924,25.452908776355446,-85,-85,1350,700,165.7489730228511,2.3147764947029215,circular
855,1100,700,245.32018653439027,25.36180729449956,25.614204328866276,-85,-85,1350,700,168.06374951755402,2.3147764947029215,circular
856,1100,700,245.32018653439027,25.536951728381826,25.7492610641292,-85,-85,1350,700,170.37852601225694,2.3147764947029215,circular
857,1100,700,245.32018653439027,25.7492610641292,25.906018829630398,-85,-85,1350,700,172.69330250695987,2.3147764947029215,circular
858,1100,700,245.32018653439027,25.859665714847075,25.9816463993744,-85,-85,1350,700,175.0080790016628,2.3147764947029215,circular
859,1100,700,245.32018653439027,25.946643644493044,26.035130213615616,-85,-85,1350,700,177.32285549636572,2.3147764947029215,circular
860,1100,700,245.32018653439027,26.035130213615616,26.074956048612798,-85,-85,1350,700,179.63763199106864,2.3147764947029215,circular
861,1100,700,245.32018653439027,26.067010357935978,26.077602459396946,-85,-85,1350,700,181.95240848577157,2.3147764947029215,circular
862,1100,700,245.32018653439027,26.077602459396946,26.067010357935978,-85,-85,1350,700,184.2671849804745,2.3147764947029215,circular
863,1100,700,245.32018653439027,26.067010357935978,26.011117049096303,-85,-85,1350,700,186.58196147517742,2.3147764947029215,circular
864,1100,700,245.32018653439027,26.035130213615616,25.946643644493044,-85,-85,1350,700,188.89673796988035,2.3147764947029215,circular
865,1100,700,245.32018653439027,25.9816463993744,25.859665714847075,-85,-85,1350,700,191.21151446458327,2.3147764947029215,circular
866,1100,700,245.32018653439027,25.859665714847075,25.684904084789977,-85,-85,1350,700,193.5262909592862,2.3147764947029215,circular
867,1100,700,245.32018653439027,25.7492610641292,25.536951728381826,-85,-85,1350,700,195.84106745398913,2.3147764947029215,circular
868,1100,700,245.32018653439027,25.614204328866276,25.361807294499556,-85,-85,1350,700,198.15584394869205,2.3147764947029215,circular
869,1100,700,245.32018653439027,25.452908776355446,25.157178905256924,-85,-85,1350,700,200.47062044339498,2.3147764947029215,circular
870,1100,700,245.32018653439027,25.157178905256924,24.788337040832293,-85,-85,1350,700,202.7853969380979,2.3147764947029215,circular
871,1100,700,245.32018653439027,24.92014212493214,24.495315191602927,-85,-85,1350,700,205.10017343280083,2.3147764947029215,circular
872,1100,700,245.32018653439027,24.646943359767004,24.1582774269213,-85,-85,1350,700,207.41494992750376,2.3147764947029215,circular
873,1100,700,245.32018653439027,24.1582774269213,23.553218972269416,-85,-85,1350,700,209.72972642220668,2.3147764947029215,circular
874,1100,700,245.32018653439027,23.769789312347285,23.067302502757133,-85,-85,1350,700,212.0445029169096,2.3147764947029215,circular
875,1100,700,245.32018653439027,23.319699537123853,22.496022074683278,-85,-85,1350,700,214.35927941161253,2.3147764947029215,circular
876,1100,700,245.32018653439027,22.496022074683278,21.418119305852123,-85,-85,1350,700,216.67405590631546,2.3147764947029215,circular
877,1100,700,245.32018653439027,21.81335663023087,20.48098321025059,-85,-85,1350,700,218.98883240101839,2.3147764947029215,circular
878,1100,700,245.32018653439027,20.97742610025735,19.25639156218219,-85,-85,1350,700,221.3036088957213,2.3147764947029215,circular
879,1100,700,245.32018653439027,19.25639156218219,16.269948115724716,-85,-85,1350,700,223.61838539042424,2.3147764947029215,circular
880,1100,700,245.32018653439027,17.51315549939211,11.50579409835762,-85,-85,1350,700,225.93316188512716,2.3147764947029215,circular
881,1100,700,245.32018653439027,14.513447644213265,-85,-85,-85,1350,700,228.2479383798301,2.3147764947029215,circular
882,1100,700,245.32018653439027,-85,-85,-85,-85,1350,700,230.56271487453301,2.3147764947029215,circular
883,1100,700,245.32018653439027,-85,-85,-85,-85,1350,700,232.87749136923594,2.3147764947029215,circular
884,1100,700,245.32018653439027,-85,-85,-85,-85,1350,700,235.19226786393887,2.3147764947029215,circular
885,1100,700,245.32018653439027,-85,-85,-85,-85,1350,700,237.5070443586418,2.3147764947029215,circular
886,1100,700,245.32018653439027,-85,-85,-85,-85,1350,700,239.82182085334472,2.3147764947029215,circular
887,1100,700,245.32018653439027,-85,-85,-85,-85,1350,700,242.13659734804764,2.3147764947029215,circular
888,1100,700,245.32018653439027,-85,-85,-85,-85,1350,700,244.45137384275057,2.3147764947029215,circular
889,1100,700,245.32018653439027,-85,-85,-85,-85,1350,700,246.7661503374535,2.3147764947029215,circular
890,1100,700,245.32018653439027,-85,-85,-85,-85,1350,700,249.08092683215642,2.3147764947029215,circular
891,1100,700,245.32018653439027,-85,-85,-85,-85,1350,700,251.39570332685935,2.3147764947029215,circular
892,1100,700,245.32018653439027,-85,-85,-85,-85,1350,700,253.71047982156227,2.3147764947029215,circular
893,1100,700,245.32018653439027,-85,-85,-85,-85,1350,700,256.0252563162652,2.3147764947029215,circular
894,1100,700,245.32018653439027,-85,-85,-85,-85,1350,700,258.3400328109681,2.3147764947029215,circular
895,1100,700,245.32018653439027,-85,-85,-85,-85,1350,700,260.65480930567105,2.3147764947029215,circular
896,1100,700,245.32018653439027,-85,-85,-85,-85,1350,700,262.969585800374,2.3147764947029215,circular
897,1100,700,245.32018653439027,-85,-85,-85,-85,1350,700,265.2843622950769,2.3147764947029215,circular
898,1100,700,245.32018653439027,-85,-85,-85,-85,1350,700,267.59913878977983,2.3147764947029215,circular
899,1100,700,245.32018653439027,-85,-85,-85,-85,1350,700,269.91391528448275,2.3147764947029215,circular
900,1100,700,245.32018653439027,-85,-85,-85,-85,1350,700,272.2286917791857,2.3147764947029215,circular
901,1100,700,245.32018653439027,-85,-85,-85,-85,1350,700,274.5434682738886,2.3147764947029215,circular
902,1100,700,245.32018653439027,-85,-85,-85,-85,1350,700,276.85824476859153,2.3147764947029215,circular
903,1100,700,245.32018653439027,-85,-85,-85,-85,1350,700,279.17302126329446,2.3147764947029215,circular
904,1100,700,245.32018653439027,-85,-85,-85,-85,1350,700,281.4877977579974,2.3147764947029215,circular
905,1100,700,245.32018653439027,-85,-85,-85,-85,1350,700,283.8025742527003,2.3147764947029215,circular
906,1100,700,245.32018653439027,-85,-85,-85,-85,1350,700,286.11735074740324,2.3147764947029215,circular
907,1100,700,245.32018653439027,-85,-85,-85,-85,1350,700,288.43212724210616,2.3147764947029215,circular
908,1100,700,245.32018653439027,-85,-85,-85,-85,1350,700,290.7469037368091,2.3147764947029215,circular
909,1100,700,245.32018653439027,-85,-85,-85,-85,1350,700,293.061680231512,2.3147764947029215,circular
910,1100,700,245.32018653439027,-85,-85,-85,-85,1350,700,295.37645672621494,2.3147764947029215,circular
911,1100,700,245.32018653439027,-85,-85,-85,-85,1350,700,297.69123322091787,2.3147764947029215,circular
912,1100,700,245.32018653439027,-85,-85,-85,-85,1350,700,300.0060097156208,2.3147764947029215,circular
913,1100,700,245.32018653439027,-85,-85,-85,-85,1350,700,302.3207862103237,2.3147764947029215,circular
914,1100,700,245.32018653439027,-85,-85,-85,-85,1350,700,304.63556270502664,2.3147764947029215,circular
915,1100,700,245.32018653439027,-85,-85,-85,-85,1350,700,306.95033919972957,2.3147764947029215,circular
916,1100,700,245.32018653439027,-85,-85,-85,-85,1350,700,309.2651156944325,2.3147764947029215,circular
917,1100,700,245.32018653439027,-85,-85,-85,-85,1350,700,311.5798921891354,2.3147764947029215,circular
918,1100,700,245.32018653439027,-85,-85,-85,-85,1350,700,313.89466868383835,2.3147764947029215,circular
919,1100,700,245.32018653439027,-85,-85,-85,-85,1350,700,316.2094451785413,2.3147764947029215,circular
920,1100,700,245.32018653439027,-85,-85,-85,-85,1350,700,318.5242216732442,2.3147764947029215,circular
921,1100,700,245.32018653439027,-85,-85,-85,-85,1350,700,320.8389981679471,2.3147764947029215,circular
922,1100,700,245.32018653439027,-85,-85,-85,-85,1350,700,323.15377466265005,2.3147764947029215,circular
923,1100,700,245.32018653439027,-85,-85,-85,-85,1350,700,325.468551157353,2.3147764947029215,circular
924,1100,700,245.32018653439027,-85,-85,-85,-85,1350,700,327.7833276520559,2.3147764947029215,circular
925,1100,700,245.32018653439027,-85,-85,-85,-85,1350,700,330.0981041467588,2.3147764947029215,circular
926,1100,700,245.32018653439027,-85,-85,-85,-85,1350,700,332.41288064146175,2.3147764947029215,circular
927,1100,700,245.32018653439027,-85,-85,-85,-85,1350,700,334.7276571361647,2.3147764947029215,circular
928,1100,700,245.32018653439027,-85,-85,-85,-85,1350,700,337.0424336308676,2.3147764947029215,circular
929,1100,700,245.32018653439027,-85,-85,-85,-85,1350,700,339.35721012557053,2.3147764947029215,circular
930,1100,700,245.32018653439027,-85,-85,-85,-85,1350,700,341.67198662027346,2.3147764947029215,circular
931,1100,700,245.32018653439027,-85,-85,-85,-85,1350,700,343.9867631149764,2.3147764947029215,circular
932,1100,700,245.32018653439027,-85,-85,-85,-85,1350,700,346.3015396096793,2.3147764947029215,circular
933,1100,700,245.32018653439027,-85,-85,-85,-85,1350,700,348.61631610438224,2.3147764947029215,circular
934,1100,700,245.32018653439027,-85,-85,-85,-85,1350,700,350.93109259908516,2.3147764947029215,circular
935,1100,700,245.32018653439027,-85,-85,-85,-85,1350,700,353.2458690937881,2.3147764947029215,circular
936,1100,700,245.32018653439027,-85,-85,-85,-85,1350,700,355.560645588491,2.3147764947029215,circular
937,1100,700,245.32018653439027,-85,-85,-85,-85,1350,700,357.87542208319394,2.3147764947029215,circular
938,1100,700,245.32018653439027,-85,-85,-85,-85,1350,700,0.19019857789686512,2.3147764947029215,circular
939,1100,700,245.32018653439027,-85,-85,-85,-85,1350,700,2.5049750725997866,2.3147764947029215,circular
940,1100,700,245.32018653439027,-85,-85,-85,-85,1350,700,4.819751567302708,2.3147764947029215,circular
941,1100,700,245.32018653439027,-85,-85,-85,-85,1350,700,7.1345280620056295,2.3147764947029215,circular
942,1100,700,245.32018653439027,-85,-85,-85,-85,1350,700,9.449304556708551,2.3147764947029215,circular
943,1100,700,245.32018653439027,-85,-85,-85,-85,1350,700,11.764081051411473,2.3147764947029215,circular
944,1100,700,245.32018653439027,-85,-85,-85,-85,1350,700,14.078857546114396,2.3147764947029215,circular
945,1100,700,245.32018653439027,-85,-85,-85,-85,1350,700,16.393634040817318,2.3147764947029215,circular
946,1100,700,245.32018653439027,-85,-85,-85,-85,1350,700,18.70841053552024,2.3147764947029215,circular
947,1100,700,245.32018653439027,-85,-85,-85,-85,1350,700,21.023187030223163,2.3147764947029215,circular
948,1100,700,245.32018653439027,-85,-85,-85,-85,1350,700,23.337963524926085,2.3147764947029215,circular
949,1100,700,245.32018653439027,-85,-85,-85,-85,1350,700,25.652740019629007,2.3147764947029215,circular
950,1100,700,245.32018653439027,-85,-85,-85,-85,1350,700,27.96751651433193,2.3147764947029215,circular
951,1100,700,245.32018653439027,-85,-85,-85,-85,1350,700,30.282293009034852,2.3147764947029215,circular
952,1100,700,245.32018653439027,-85,-85,-85,-85,1350,700,32.59706950373777,2.3147764947029215,circular
953,1100,700,245.32018653439027,-85,-85,-85,-85,1350,700,34.91184599844069,2.3147764947029215,circular
954,1100,700,245.32018653439027,-85,-85,-85,-85,1350,700,37.22662249314361,2.3147764947029215,circular
955,1100,700,245.32018653439027,-85,-85,-85,-85,1350,700,39.54139898784653,2.3147764947029215,circular
956,1100,700,245.32018653439027,-85,-85,-85,-85,1350,700,41.856175482549446,2.3147764947029215,circular
957,1100,700,245.32018653439027,-85,-85,-85,-85,1350,700,44.170951977252365,2.3147764947029215,circular
958,1100,700,245.32018653439027,-85,-85,-85,-85,1350,700,46.485728471955284,2.3147764947029215,circular
959,1100,700,245.32018653439027,-85,-85,-85,-85,1350,700,48.8005049666582,2.3147764947029215,circular
960,1100,700,245.32018653439027,-85,-85,-85,-85,1350,700,51.11528146136112,2.3147764947029215,circular
961,1100,700,245.32018653439027,-85,-85,-85,-85,1350,700,53.43005795606404,2.3147764947029215,circular
962,1100,700,245.32018653439027,-85,-85,-85,-85,1350,700,55.74483445076696,2.3147764947029215,circular
963,1100,700,245.32018653439027,-85,-85,-85,-85,1350,700,58.05961094546988,2.3147764947029215,circular
964,1100,700,245.32018653439027,-85,-85,-85,-85,1350,700,60.3743874401728,2.3147764947029215,circular
965,1100,700,245.32018653439027,-85,-85,-85,-85,1350,700,62.689163934875715,2.3147764947029215,circular
966,1100,700,245.32018653439027,-85,-85,-85,-85,1350,700,65.00394042957863,2.3147764947029215,circular
967,1100,700,245.32018653439027,-85,-85,-85,-85,1350,700,67.31871692428156,2.3147764947029215,circular
968,1100,700,245.32018653439027,-85,-85,-85,-85,1350,700,69.63349341898449,2.3147764947029215,circular
969,1100,700,245.32018653439027,-85,-85,-85,-85,1350,700,71.94826991368741,2.3147764947029215,circular
970,1100,700,245.32018653439027,-85,-85,-85,-85,1350,700,74.26304640839034,2.3147764947029215,circular
971,1100,700,245.32018653439027,-85,-85,-85,-85,1350,700,76.57782290309326,2.3147764947029215,circular
972,1100,700,245.32018653439027,-85,-85,-85,-85,1350,700,78.89259939779619,2.3147764947029215,circular
973,1100,700,245.32018653439027,-85,-85,-85,-85,1350,700,81.20737589249912,2.3147764947029215,circular
974,1100,700,245.32018653439027,-85,-85,-85,-85,1350,700,83.52215238720204,2.3147764947029215,circular
975,1100,700,245.32018653439027,-85,-85,-85,-85,1350,700,85.83692888190497,2.3147764947029215,circular
976,1100,700,245.32018653439027,-85,-85,-85,-85,1350,700,88.1517053766079,2.3147764947029215,circular
977,1100,700,245.32018653439027,-85,-85,-85,-85,1350,700,90.46648187131082,2.3147764947029215,circular
978,1100,700,245.32018653439027,-85,-85,-85,-85,1350,700,92.78125836601374,2.3147764947029215,circular
979,1100,700,245.32018653439027,-85,-85,-85,-85,1350,700,95.09603486071667,2.3147764947029215,circular
980,1100,700,245.32018653439027,-85,-85,-85,-85,1350,700,97.4108113554196,2.3147764947029215,circular
981,1100,700,245.32018653439027,-85,-85,-85,-85,1350,700,99.72558785012252,2.3147764947029215,circular
982,1100,700,245.32018653439027,-85,-85,-85,-85,1350,700,102.04036434482545,2.3147764947029215,circular
983,1100,700,245.32018653439027,-85,-85,-85,-85,1350,700,104.35514083952837,2.3147764947029215,circular
984,1100,700,245.32018653439027,-85,-85,-85,-85,1350,700,106.6699173342313,2.3147764947029215,circular
985,1100,700,245.32018653439027,-85,-85,-85,-85,1350,700,108.98469382893423,2.3147764947029215,circular
986,1100,700,245.32018653439027,-85,-85,-85,-85,1350,700,111.29947032363715,2.3147764947029215,circular
987,1100,700,245.32018653439027,-85,-85,-85,-85,1350,700,113.61424681834008,2.3147764947029215,circular
988,1100,700,245.32018653439027,-85,-85,-85,-85,1350,700,115.929023313043,2.3147764947029215,circular
989,1100,700,245.32018653439027,-85,-85,-85,-85,1350,700,118.24379980774593,2.3147764947029215,circular
990,1100,700,245.32018653439027,-85,-85,-85,-85,1350,700,120.55857630244886,2.3147764947029215,circular
991,1100,700,245.32018653439027,-85,-85,-85,-85,1350,700,122.87335279715178,2.3147764947029215,circular
992,1100,700,245.32018653439027,-85,-85,-85,-85,1350,700,125.18812929185471,2.3147764947029215,circular
993,1100,700,245.32018653439027,-85,-85,-85,-85,1350,700,127.50290578655763,2.3147764947029215,circular
994,1100,700,245.32018653439027,-85,-85,-85,-85,1350,700,129.81768228126055,2.3147764947029215,circular
995,1100,700,245.32018653439027,-85,-85,-85,-85,1350,700,132.13245877596347,2.3147764947029215,circular
996,1100,700,245.32018653439027,-85,-85,-85,-85,1350,700,134.4472352706664,2.3147764947029215,circular
997,1100,700,245.32018653439027,-85,11.505794098357505,-85,-85,1350,700,136.76201176536932,2.3147764947029215,circular
998,1100,700,245.32018653439027,-85,16.269948115724727,-85,-85,1350,700,139.07678826007225,2.3147764947029215,circular
999,1100,700,245.32018653439027,14.513447644213304,18.47430475951294,-85,-85,1350,700,141.39156475477517,2.3147764947029215,circular
