Tick,Aircraft X,Aircraft Y,Aircraft Heading,A1,A2,A3,A4,Radar X,Radar Y,Radar Azimuth,Radar RPM,Radar Scan Pattern
0,1100,700,9.135308002255194,-85,-85,-85,-85,1350,700,277.50577628733674,9.526933199480142,circular
1,1100,700,9.135308002255194,-85,-85,-85,-85,1350,700,287.0327094868169,9.526933199480142,circular
2,1100,700,9.135308002255194,-85,-85,-85,-85,1350,700,296.559642686297,9.526933199480142,circular
3,1100,700,9.135308002255194,-85,-85,-85,-85,1350,700,306.08657588577717,9.526933199480142,circular
4,1100,700,9.135308002255194,-85,-85,-85,-85,1350,700,315.6135090852573,9.526933199480142,circular
5,1100,700,9.135308002255194,-85,-85,-85,-85,1350,700,325.14044228473745,9.526933199480142,circular
6,1100,700,9.135308002255194,-85,-85,-85,-85,1350,700,334.6673754842176,9.526933199480142,circular
7,1100,700,9.135308002255194,-85,-85,-85,-85,1350,700,344.1943086836977,9.526933199480142,circular
8,1100,700,9.135308002255194,-85,-85,-85,-85,1350,700,353.72124188317787,9.526933199480142,circular
9,1100,700,9.135308002255194,-85,-85,-85,-85,1350,700,3.2481750826580083,9.526933199480142,circular
10,1100,700,9.135308002255194,-85,-85,-85,-85,1350,700,12.77510828213815,9.526933199480142,circular
11,1100,700,9.135308002255194,-85,-85,-85,-85,1350,700,22.302041481618293,9.526933199480142,circular
12,1100,700,9.135308002255194,-85,-85,-85,-85,1350,700,31.828974681098437,9.526933199480142,circular
13,1100,700,9.135308002255194,-85,-85,-85,-85,1350,700,41.35590788057858,9.526933199480142,circular
14,1100,700,9.135308002255194,-85,-85,-85,-85,1350,700,50.88284108005872,9.526933199480142,circular
15,1100,700,9.135308002255194,-85,-85,-85,-85,1350,700,60.40977427953886,9.526933199480142,circular
16,1100,700,9.135308002255194,-85,-85,-85,-85,1350,700,69.936707479019,9.526933199480142,circular
17,1100,700,9.135308002255194,-85,-85,-85,-85,1350,700,79.46364067849915,9.526933199480142,circular
18,1100,700,9.135308002255194,-85,-85,-85,-85,1350,700,88.99057387797929,9.526933199480142,circular
19,1100,700,9.135308002255194,-85,-85,-85,-85,1350,700,98.51750707745943,9.526933199480142,circular
20,1100,700,9.135308002255194,-85,-85,-85,-85,1350,700,108.04444027693957,9.526933199480142,circular
21,1100,700,9.135308002255194,-85,-85,-85,-85,1350,700,117.57137347641971,9.526933199480142,circular
22,1100,700,9.135308002255194,-85,-85,-85,-85,1350,700,127.09830667589985,9.526933199480142,circular
23,1100,700,9.135308002255194,-85,-85,-85,-85,1350,700,136.62523987538,9.526933199480142,circular
24,1100,700,9.135308002255194,17.513155499392102,-85,-85,11.505794098357505,1350,700,146.15217307486014,9.526933199480142,circular
25,1100,700,9.135308002255194,22.793695368992218,-85,-85,21.41811930585211,1350,700,155.67910627434028,9.526933199480142,circular
26,1100,700,9.135308002255194,24.646943359767004,-85,-85,24.1582774269213,1350,700,165.20603947382043,9.526933199480142,circular
27,1100,700,9.135308002255194,25.684904084789974,-85,-85,25.36180729449956,1350,700,174.73297267330057,9.526933199480142,circular
28,1100,700,9.135308002255194,26.053745949214605,-85,-85,25.9816463993744,1350,700,184.2599058727807,9.526933199480142,circular
29,1100,700,9.135308002255194,25.9816463993744,-85,-85,26.067010357935978,1350,700,193.78683907226085,9.526933199480142,circular
30,1100,700,9.135308002255194,25.452908776355446,-85,-85,25.684904084789977,1350,700,203.313772271741,9.526933199480142,circular
31,1100,700,9.135308002255194,24.1582774269213,-85,-85,24.788337040832293,1350,700,212.84070547122113,9.526933199480142,circular
32,1100,700,9.135308002255194,21.81335663023087,-85,-85,22.793695368992225,1350,700,222.36763867070127,9.526933199480142,circular
33,1100,700,9.135308002255194,11.50579409835762,-85,-85,18.474304759512954,1350,700,231.8945718701814,9.526933199480142,circular
34,1100,700,9.135308002255194,-85,-85,-85,-85,1350,700,241.42150506966155,9.526933199480142,circular
35,1100,700,9.135308002255194,-85,-85,-85,-85,1350,700,250.9484382691417,9.526933199480142,circular
36,1100,700,9.135308002255194,-85,-85,-85,-85,1350,700,260.47537146862186,9.526933199480142,circular
37,1100,700,9.135308002255194,-85,-85,-85,-85,1350,700,270.002304668102,9.526933199480142,circular
38,1100,700,9.135308002255194,-85,-85,-85,-85,1350,700,279.52923786758214,9.526933199480142,circular
39,1100,700,9.135308002255194,-85,-85,-85,-85,1350,700,289.0561710670623,9.526933199480142,circular
40,1100,700,9.135308002255194,-85,-85,-85,-85,1350,700,298.5831042665424,9.526933199480142,circular
41,1100,700,9.135308002255194,-85,-85,-85,-85,1350,700,308.11003746602256,9.526933199480142,circular
42,1100,700,9.135308002255194,-85,-85,-85,-85,1350,700,317.6369706655027,9.526933199480142,circular
43,1100,700,9.135308002255194,-85,-85,-85,-85,1350,700,327.16390386498284,9.526933199480142,circular
44,1100,700,9.135308002255194,-85,-85,-85,-85,1350,700,336.690837064463,9.526933199480142,circular
45,1100,700,9.135308002255194,-85,-85,-85,-85,1350,700,346.2177702639431,9.526933199480142,circular
46,1100,700,9.135308002255194,-85,-85,-85,-85,1350,700,355.74470346342326,9.526933199480142,circular
47,1100,700,9.135308002255194,-85,-85,-85,-85,1350,700,5.271636662903404,9.526933199480142,circular
48,1100,700,9.135308002255194,-85,-85,-85,-85,1350,700,14.798569862383546,9.526933199480142,circular
49,1100,700,9.135308002255194,-85,-85,-85,-85,1350,700,24.32550306186369,9.526933199480142,circular
50,1100,700,9.135308002255194,-85,-85,-85,-85,1350,700,33.85243626134383,9.526933199480142,circular
51,1100,700,9.135308002255194,-85,-85,-85,-85,1350,700,43.37936946082397,9.526933199480142,circular
52,1100,700,9.135308002255194,-85,-85,-85,-85,1350,700,52.906302660304114,9.526933199480142,circular
53,1100,700,9.135308002255194,-85,-85,-85,-85,1350,700,62.433235859784254,9.526933199480142,circular
54,1100,700,9.135308002255194,-85,-85,-85,-85,1350,700,71.9601690592644,9.526933199480142,circular
55,1100,700,9.135308002255194,-85,-85,-85,-85,1350,700,81.48710225874454,9.526933199480142,circular
56,1100,700,9.135308002255194,-85,-85,-85,-85,1350,700,91.01403545822468,9.526933199480142,circular
57,1100,700,9.135308002255194,-85,-85,-85,-85,1350,700,100.54096865770482,9.526933199480142,circular
58,1100,700,9.135308002255194,-85,-85,-85,-85,1350,700,110.06790185718496,9.526933199480142,circular
59,1100,700,9.135308002255194,-85,-85,-85,-85,1350,700,119.5948350566651,9.526933199480142,circular
60,1100,700,9.135308002255194,-85,-85,-85,-85,1350,700,129.12176825614526,9.526933199480142,circular
61,1100,700,9.135308002255194,-85,-85,-85,-85,1350,700,138.6487014556254,9.526933199480142,circular
62,1100,700,9.135308002255194,19.25639156218217,-85,-85,16.269948115724727,1350,700,148.17563465510554,9.526933199480142,circular
63,1100,700,9.135308002255194,23.31969953712386,-85,-85,22.170735458799452,1350,700,157.70256785458568,9.526933199480142,circular
64,1100,700,9.135308002255194,24.92014212493214,-85,-85,24.495315191602927,1350,700,167.22950105406582,9.526933199480142,circular
65,1100,700,9.135308002255194,25.80746062382631,-85,-85,25.536951728381826,1350,700,176.75643425354596,9.526933199480142,circular
66,1100,700,9.135308002255194,26.074956048612798,-85,-85,26.035130213615616,1350,700,186.2833674530261,9.526933199480142,circular
67,1100,700,9.135308002255194,25.906018829630398,-85,-85,26.035130213615616,1350,700,195.81030065250624,9.526933199480142,circular
68,1100,700,9.135308002255194,25.263344594616918,-85,-85,25.536951728381826,1350,700,205.33723385198638,9.526933199480142,circular
69,1100,700,9.135308002255194,23.769789312347285,-85,-85,24.495315191602927,1350,700,214.86416705146652,9.526933199480142,circular
70,1100,700,9.135308002255194,20.97742610025735,-85,-85,22.170735458799452,1350,700,224.39110025094666,9.526933199480142,circular
71,1100,700,9.135308002255194,-85,-85,-85,14.513447644213265,1350,700,233.9180334504268,9.526933199480142,circular
72,1100,700,9.135308002255194,-85,-85,-85,-85,1350,700,243.44496664990695,9.526933199480142,circular
73,1100,700,9.135308002255194,-85,-85,-85,-85,1350,700,252.97189984938709,9.526933199480142,circular
74,1100,700,9.135308002255194,-85,-85,-85,-85,1350,700,262.49883304886725,9.526933199480142,circular
75,1100,700,9.135308002255194,-85,-85,-85,-85,1350,700,272.0257662483474,9.526933199480142,circular
76,1100,700,9.135308002255194,-85,-85,-85,-85,1350,700,281.55269944782754,9.526933199480142,circular
77,1100,700,9.135308002255194,-85,-85,-85,-85,1350,700,291.0796326473077,9.526933199480142,circular
78,1100,700,9.135308002255194,-85,-85,-85,-85,1350,700,300.6065658467878,9.526933199480142,circular
79,1100,700,9.135308002255194,-85,-85,-85,-85,1350,700,310.13349904626796,9.526933199480142,circular
80,1100,700,9.135308002255194,-85,-85,-85,-85,1350,700,319.6604322457481,9.526933199480142,circular
81,1100,700,9.135308002255194,-85,-85,-85,-85,1350,700,329.18736544522824,9.526933199480142,circular
82,1100,700,9.135308002255194,-85,-85,-85,-85,1350,700,338.7142986447084,9.526933199480142,circular
83,1100,700,9.135308002255194,-85,-85,-85,-85,1350,700,348.2412318441885,9.526933199480142,circular
84,1100,700,9.135308002255194,-85,-85,-85,-85,1350,700,357.76816504366866,9.526933199480142,circular
85,1100,700,9.135308002255194,-85,-85,-85,-85,1350,700,7.2950982431488,9.526933199480142,circular
86,1100,700,9.135308002255194,-85,-85,-85,-85,1350,700,16.82203144262894,9.526933199480142,circular
87,1100,700,9.135308002255194,-85,-85,-85,-85,1350,700,26.34896464210908,9.526933199480142,circular
88,1100,700,9.135308002255194,-85,-85,-85,-85,1350,700,35.87589784158922,9.526933199480142,circular
89,1100,700,9.135308002255194,-85,-85,-85,-85,1350,700,45.40283104106936,9.526933199480142,circular
90,1100,700,9.135308002255194,-85,-85,-85,-85,1350,700,54.9297642405495,9.526933199480142,circular
91,1100,700,9.135308002255194,-85,-85,-85,-85,1350,700,64.45669744002964,9.526933199480142,circular
92,1100,700,9.135308002255194,-85,-85,-85,-85,1350,700,73.98363063950978,9.526933199480142,circular
93,1100,700,9.135308002255194,-85,-85,-85,-85,1350,700,83.51056383898992,9.526933199480142,circular
94,1100,700,9.135308002255194,-85,-85,-85,-85,1350,700,93.03749703847006,9.526933199480142,circular
95,1100,700,9.135308002255194,-85,-85,-85,-85,1350,700,102.5644302379502,9.526933199480142,circular
96,1100,700,9.135308002255194,-85,-85,-85,-85,1350,700,112.09136343743035,9.526933199480142,circular
97,1100,700,9.135308002255194,-85,-85,-85,-85,1350,700,121.61829663691049,9.526933199480142,circular
98,1100,700,9.135308002255194,-85,-85,-85,-85,1350,700,131.14522983639063,9.526933199480142,circular
99,1100,700,9.135308002255194,-85,-85,-85,-85,1350,700,140.67216303587077,9.526933199480142,circular
100,1100,700,9.135308002255194,20.48098321025059,-85,-85,18.47430475951294,1350,700,150.1990962353509,9.526933199480142,circular
101,1100,700,9.135308002255194,23.769789312347285,-85,-85,22.793695368992218,1350,700,159.72602943483105,9.526933199480142,circular
102,1100,700,9.135308002255194,25.157178905256924,-85,-85,24.78833704083229,1350,700,169.2529626343112,9.526933199480142,circular
103,1100,700,9.135308002255194,25.906018829630398,-85,-85,25.684904084789974,1350,700,178.77989583379133,9.526933199480142,circular
104,1100,700,9.135308002255194,26.077602459396946,-85,-85,26.067010357935978,1350,700,188.30682903327147,9.526933199480142,circular
105,1100,700,9.135308002255194,25.807460623826316,-85,-85,25.9816463993744,1350,700,197.8337622327516,9.526933199480142,circular
106,1100,700,9.135308002255194,25.042923900792417,-85,-85,25.361807294499556,1350,700,207.36069543223175,9.526933199480142,circular
107,1100,700,9.135308002255194,23.319699537123853,-85,-85,24.1582774269213,1350,700,216.8876286317119,9.526933199480142,circular
108,1100,700,9.135308002255194,19.914354227256315,-85,-85,21.418119305852123,1350,700,226.41456183119203,9.526933199480142,circular
109,1100,700,9.135308002255194,-85,-85,-85,-85,1350,700,235.94149503067217,9.526933199480142,circular
110,1100,700,9.135308002255194,-85,-85,-85,-85,1350,700,245.4684282301523,9.526933199480142,circular
111,1100,700,9.135308002255194,-85,-85,-85,-85,1350,700,254.99536142963245,9.526933199480142,circular
112,1100,700,9.135308002255194,-85,-85,-85,-85,1350,700,264.5222946291126,9.526933199480142,circular
113,1100,700,9.135308002255194,-85,-85,-85,-85,1350,700,274.04922782859273,9.526933199480142,circular
114,1100,700,9.135308002255194,-85,-85,-85,-85,1350,700,283.5761610280729,9.526933199480142,circular
115,1100,700,9.135308002255194,-85,-85,-85,-85,1350,700,293.103094227553,9.526933199480142,circular
116,1100,700,9.135308002255194,-85,-85,-85,-85,1350,700,302.63002742703316,9.526933199480142,circular
117,1100,700,9.135308002255194,-85,-85,-85,-85,1350,700,312.1569606265133,9.526933199480142,circular
118,1100,700,9.135308002255194,-85,-85,-85,-85,1350,700,321.68389382599344,9.526933199480142,circular
119,1100,700,9.135308002255194,-85,-85,-85,-85,1350,700,331.2108270254736,9.526933199480142,circular
120,1100,700,9.135308002255194,-85,-85,-85,-85,1350,700,340.7377602249537,9.526933199480142,circular
121,1100,700,9.135308002255194,-85,-85,-85,-85,1350,700,350.26469342443386,9.526933199480142,circular
122,1100,700,9.135308002255194,-85,-85,-85,-85,1350,700,359.791626623914,9.526933199480142,circular
123,1100,700,9.135308002255194,-85,-85,-85,-85,1350,700,9.31855982339414,9.526933199480142,circular
124,1100,700,9.135308002255194,-85,-85,-85,-85,1350,700,18.84549302287428,9.526933199480142,circular
125,1100,700,9.135308002255194,-85,-85,-85,-85,1350,700,28.37242622235442,9.526933199480142,circular
126,1100,700,9.135308002255194,-85,-85,-85,-85,1350,700,37.89935942183456,9.526933199480142,circular
127,1100,700,9.135308002255194,-85,-85,-85,-85,1350,700,47.4262926213147,9.526933199480142,circular
128,1100,700,9.135308002255194,-85,-85,-85,-85,1350,700,56.95322582079484,9.526933199480142,circular
129,1100,700,9.135308002255194,-85,-85,-85,-85,1350,700,66.48015902027498,9.526933199480142,circular
130,1100,700,9.135308002255194,-85,-85,-85,-85,1350,700,76.00709221975512,9.526933199480142,circular
131,1100,700,9.135308002255194,-85,-85,-85,-85,1350,700,85.53402541923526,9.526933199480142,circular
132,1100,700,9.135308002255194,-85,-85,-85,-85,1350,700,95.0609586187154,9.526933199480142,circular
133,1100,700,9.135308002255194,-85,-85,-85,-85,1350,700,104.58789181819554,9.526933199480142,circular
134,1100,700,9.135308002255194,-85,-85,-85,-85,1350,700,114.11482501767568,9.526933199480142,circular
135,1100,700,9.135308002255194,-85,-85,-85,-85,1350,700,123.64175821715583,9.526933199480142,circular
136,1100,700,9.135308002255194,-85,-85,-85,-85,1350,700,133.16869141663597,9.526933199480142,circular
137,1100,700,9.135308002255194,11.505794098357505,-85,-85,-85,1350,700,142.6956246161161,9.526933199480142,circular
138,1100,700,9.135308002255194,21.41811930585211,-85,-85,19.91435422725632,1350,700,152.22255781559625,9.526933199480142,circular
139,1100,700,9.135308002255194,24.1582774269213,-85,-85,23.31969953712386,1350,700,161.7494910150764,9.526933199480142,circular
140,1100,700,9.135308002255194,25.36180729449956,-85,-85,25.042923900792417,1350,700,171.27642421455653,9.526933199480142,circular
141,1100,700,9.135308002255194,25.9816463993744,-85,-85,25.80746062382631,1350,700,180.80335741403667,9.526933199480142,circular
142,1100,700,9.135308002255194,26.067010357935978,-85,-85,26.077602459396946,1350,700,190.3302906135168,9.526933199480142,circular
143,1100,700,9.135308002255194,25.684904084789977,-85,-85,25.906018829630398,1350,700,199.85722381299695,9.526933199480142,circular
144,1100,700,9.135308002255194,24.788337040832293,-85,-85,25.157178905256924,1350,700,209.3841570124771,9.526933199480142,circular
145,1100,700,9.135308002255194,22.793695368992225,-85,-85,23.769789312347285,1350,700,218.91109021195723,9.526933199480142,circular
146,1100,700,9.135308002255194,18.474304759512954,-85,-85,20.48098321025059,1350,700,228.43802341143737,9.526933199480142,circular
147,1100,700,9.135308002255194,-85,-85,-85,-85,1350,700,237.9649566109175,9.526933199480142,circular
148,1100,700,9.135308002255194,-85,-85,-85,-85,1350,700,247.49188981039765,9.526933199480142,circular
149,1100,700,9.135308002255194,-85,-85,-85,-85,1350,700,257.0188230098778,9.526933199480142,circular
150,1100,700,9.135308002255194,-85,-85,-85,-85,1350,700,266.54575620935793,9.526933199480142,circular
151,1100,700,9.135308002255194,-85,-85,-85,-85,1350,700,276.0726894088381,9.526933199480142,circular
152,1100,700,9.135308002255194,-85,-85,-85,-85,1350,700,285.5996226083182,9.526933199480142,circular
153,1100,700,9.135308002255194,-85,-85,-85,-85,1350,700,295.12655580779835,9.526933199480142,circular
154,1100,700,9.135308002255194,-85,-85,-85,-85,1350,700,304.6534890072785,9.526933199480142,circular
155,1100,700,9.135308002255194,-85,-85,-85,-85,1350,700,314.18042220675864,9.526933199480142,circular
156,1100,700,9.135308002255194,-85,-85,-85,-85,1350,700,323.7073554062388,9.526933199480142,circular
157,1100,700,9.135308002255194,-85,-85,-85,-85,1350,700,333.2342886057189,9.526933199480142,circular
158,1100,700,9.135308002255194,-85,-85,-85,-85,1350,700,342.76122180519906,9.526933199480142,circular
159,1100,700,9.135308002255194,-85,-85,-85,-85,1350,700,352.2881550046792,9.526933199480142,circular
160,1100,700,9.135308002255194,-85,-85,-85,-85,1350,700,1.8150882041593377,9.526933199480142,circular
161,1100,700,9.135308002255194,-85,-85,-85,-85,1350,700,11.34202140363948,9.526933199480142,circular
162,1100,700,9.135308002255194,-85,-85,-85,-85,1350,700,20.868954603119622,9.526933199480142,circular
163,1100,700,9.135308002255194,-85,-85,-85,-85,1350,700,30.395887802599766,9.526933199480142,circular
164,1100,700,9.135308002255194,-85,-85,-85,-85,1350,700,39.92282100207991,9.526933199480142,circular
165,1100,700,9.135308002255194,-85,-85,-85,-85,1350,700,49.44975420156005,9.526933199480142,circular
166,1100,700,9.135308002255194,-85,-85,-85,-85,1350,700,58.97668740104019,9.526933199480142,circular
167,1100,700,9.135308002255194,-85,-85,-85,-85,1350,700,68.50362060052034,9.526933199480142,circular
168,1100,700,9.135308002255194,-85,-85,-85,-85,1350,700,78.03055380000048,9.526933199480142,circular
169,1100,700,9.135308002255194,-85,-85,-85,-85,1350,700,87.55748699948062,9.526933199480142,circular
170,1100,700,9.135308002255194,-85,-85,-85,-85,1350,700,97.08442019896076,9.526933199480142,circular
171,1100,700,9.135308002255194,-85,-85,-85,-85,1350,700,106.6113533984409,9.526933199480142,circular
172,1100,700,9.135308002255194,-85,-85,-85,-85,1350,700,116.13828659792104,9.526933199480142,circular
173,1100,700,9.135308002255194,-85,-85,-85,-85,1350,700,125.66521979740118,9.526933199480142,circular
174,1100,700,9.135308002255194,-85,-85,-85,-85,1350,700,135.19215299688133,9.526933199480142,circular
175,1100,700,9.135308002255194,16.269948115724727,-85,-85,-85,1350,700,144.71908619636147,9.526933199480142,circular
176,1100,700,9.135308002255194,22.170735458799452,-85,-85,20.97742610025734,1350,700,154.2460193958416,9.526933199480142,circular
177,1100,700,9.135308002255194,24.495315191602927,-85,-85,23.769789312347285,1350,700,163.77295259532175,9.526933199480142,circular
178,1100,700,9.135308002255194,25.536951728381826,-85,-85,25.26334459461691,1350,700,173.2998857948019,9.526933199480142,circular
179,1100,700,9.135308002255194,26.035130213615616,-85,-85,25.906018829630398,1350,700,182.82681899428204,9.526933199480142,circular
180,1100,700,9.135308002255194,26.035130213615616,-85,-85,26.074956048612798,1350,700,192.35375219376218,9.526933199480142,circular
181,1100,700,9.135308002255194,25.536951728381826,-85,-85,25.807460623826316,1350,700,201.88068539324232,9.526933199480142,circular
182,1100,700,9.135308002255194,24.495315191602927,-85,-85,24.92014212493214,1350,700,211.40761859272246,9.526933199480142,circular
183,1100,700,9.135308002255194,22.170735458799452,-85,-85,23.067302502757133,1350,700,220.9345517922026,9.526933199480142,circular
184,1100,700,9.135308002255194,16.269948115724716,-85,-85,19.25639156218219,1350,700,230.46148499168274,9.526933199480142,circular
185,1100,700,9.135308002255194,-85,-85,-85,-85,1350,700,239.98841819116288,9.526933199480142,circular
186,1100,700,9.135308002255194,-85,-85,-85,-85,1350,700,249.51535139064302,9.526933199480142,circular
187,1100,700,9.135308002255194,-85,-85,-85,-85,1350,700,259.0422845901232,9.526933199480142,circular
188,1100,700,9.135308002255194,-85,-85,-85,-85,1350,700,268.56921778960333,9.526933199480142,circular
189,1100,700,9.135308002255194,-85,-85,-85,-85,1350,700,278.09615098908347,9.526933199480142,circular
190,1100,700,9.135308002255194,-85,-85,-85,-85,1350,700,287.6230841885636,9.526933199480142,circular
191,1100,700,9.135308002255194,-85,-85,-85,-85,1350,700,297.15001738804375,9.526933199480142,circular
192,1100,700,9.135308002255194,-85,-85,-85,-85,1350,700,306.6769505875239,9.526933199480142,circular
193,1100,700,9.135308002255194,-85,-85,-85,-85,1350,700,316.20388378700403,9.526933199480142,circular
194,1100,700,9.135308002255194,-85,-85,-85,-85,1350,700,325.7308169864842,9.526933199480142,circular
195,1100,700,9.135308002255194,-85,-85,-85,-85,1350,700,335.2577501859643,9.526933199480142,circular
196,1100,700,9.135308002255194,-85,-85,-85,-85,1350,700,344.78468338544445,9.526933199480142,circular
197,1100,700,9.135308002255194,-85,-85,-85,-85,1350,700,354.3116165849246,9.526933199480142,circular
198,1100,700,9.135308002255194,-85,-85,-85,-85,1350,700,3.8385497844047336,9.526933199480142,circular
199,1100,700,9.135308002255194,-85,-85,-85,-85,1350,700,13.365482983884876,9.526933199480142,circular
200,1100,700,9.135308002255194,-85,-85,-85,-85,1350,700,22.892416183365018,9.526933199480142,circular
201,1100,700,9.135308002255194,-85,-85,-85,-85,1350,700,32.41934938284516,9.526933199480142,circular
202,1100,700,9.135308002255194,-85,-85,-85,-85,1350,700,41.9462825823253,9.526933199480142,circular
203,1100,700,9.135308002255194,-85,-85,-85,-85,1350,700,51.47321578180544,9.526933199480142,circular
204,1100,700,9.135308002255194,-85,-85,-85,-85,1350,700,61.000148981285584,9.526933199480142,circular
205,1100,700,9.135308002255194,-85,-85,-85,-85,1350,700,70.52708218076573,9.526933199480142,circular
206,1100,700,9.135308002255194,-85,-85,-85,-85,1350,700,80.05401538024587,9.526933199480142,circular
207,1100,700,9.135308002255194,-85,-85,-85,-85,1350,700,89.58094857972601,9.526933199480142,circular
208,1100,700,9.135308002255194,-85,-85,-85,-85,1350,700,99.10788177920615,9.526933199480142,circular
209,1100,700,9.135308002255194,-85,-85,-85,-85,1350,700,108.6348149786863,9.526933199480142,circular
210,1100,700,9.135308002255194,-85,-85,-85,-85,1350,700,118.16174817816643,9.526933199480142,circular
211,1100,700,9.135308002255194,-85,-85,-85,-85,1350,700,127.68868137764657,9.526933199480142,circular
212,1100,700,9.135308002255194,-85,-85,-85,-85,1350,700,137.21561457712673,9.526933199480142,circular
213,1100,700,9.135308002255194,18.47430475951294,-85,-85,11.505794098357505,1350,700,146.74254777660687,9.526933199480142,circular
214,1100,700,9.135308002255194,22.793695368992218,-85,-85,21.813356630230874,1350,700,156.269480976087,9.526933199480142,circular
215,1100,700,9.135308002255194,24.78833704083229,-85,-85,24.1582774269213,1350,700,165.79641417556715,9.526933199480142,circular
216,1100,700,9.135308002255194,25.684904084789974,-85,-85,25.452908776355446,1350,700,175.3233473750473,9.526933199480142,circular
217,1100,700,9.135308002255194,26.067010357935978,-85,-85,25.9816463993744,1350,700,184.85028057452743,9.526933199480142,circular
218,1100,700,9.135308002255194,25.9816463993744,-85,-85,26.053745949214605,1350,700,194.37721377400757,9.526933199480142,circular
219,1100,700,9.135308002255194,25.361807294499556,-85,-85,25.684904084789977,1350,700,203.9041469734877,9.526933199480142,circular
220,1100,700,9.135308002255194,24.1582774269213,-85,-85,24.646943359767004,1350,700,213.43108017296785,9.526933199480142,circular
221,1100,700,9.135308002255194,21.418119305852123,-85,-85,22.496022074683278,1350,700,222.958013372448,9.526933199480142,circular
222,1100,700,9.135308002255194,11.50579409835762,-85,-85,17.51315549939211,1350,700,232.48494657192813,9.526933199480142,circular
223,1100,700,9.135308002255194,-85,-85,-85,-85,1350,700,242.01187977140827,9.526933199480142,circular
224,1100,700,9.135308002255194,-85,-85,-85,-85,1350,700,251.53881297088842,9.526933199480142,circular
225,1100,700,9.135308002255194,-85,-85,-85,-85,1350,700,261.0657461703686,9.526933199480142,circular
226,1100,700,9.135308002255194,-85,-85,-85,-85,1350,700,270.5926793698487,9.526933199480142,circular
227,1100,700,9.135308002255194,-85,-85,-85,-85,1350,700,280.11961256932886,9.526933199480142,circular
228,1100,700,9.135308002255194,-85,-85,-85,-85,1350,700,289.646545768809,9.526933199480142,circular
229,1100,700,9.135308002255194,-85,-85,-85,-85,1350,700,299.17347896828915,9.526933199480142,circular
230,1100,700,9.135308002255194,-85,-85,-85,-85,1350,700,308.7004121677693,9.526933199480142,circular
231,1100,700,9.135308002255194,-85,-85,-85,-85,1350,700,318.2273453672494,9.526933199480142,circular
232,1100,700,9.135308002255194,-85,-85,-85,-85,1350,700,327.75427856672957,9.526933199480142,circular
233,1100,700,9.135308002255194,-85,-85,-85,-85,1350,700,337.2812117662097,9.526933199480142,circular
234,1100,700,9.135308002255194,-85,-85,-85,-85,1350,700,346.80814496568985,9.526933199480142,circular
235,1100,700,9.135308002255194,-85,-85,-85,-85,1350,700,356.33507816517,9.526933199480142,circular
236,1100,700,9.135308002255194,-85,-85,-85,-85,1350,700,5.8620113646501295,9.526933199480142,circular
237,1100,700,9.135308002255194,-85,-85,-85,-85,1350,700,15.388944564130272,9.526933199480142,circular
238,1100,700,9.135308002255194,-85,-85,-85,-85,1350,700,24.915877763610414,9.526933199480142,circular
239,1100,700,9.135308002255194,-85,-85,-85,-85,1350,700,34.44281096309056,9.526933199480142,circular
240,1100,700,9.135308002255194,-85,-85,-85,-85,1350,700,43.9697441625707,9.526933199480142,circular
241,1100,700,9.135308002255194,-85,-85,-85,-85,1350,700,53.49667736205084,9.526933199480142,circular
242,1100,700,9.135308002255194,-85,-85,-85,-85,1350,700,63.02361056153098,9.526933199480142,circular
243,1100,700,9.135308002255194,-85,-85,-85,-85,1350,700,72.55054376101113,9.526933199480142,circular
244,1100,700,9.135308002255194,-85,-85,-85,-85,1350,700,82.07747696049127,9.526933199480142,circular
245,1100,700,9.135308002255194,-85,-85,-85,-85,1350,700,91.60441015997141,9.526933199480142,circular
246,1100,700,9.135308002255194,-85,-85,-85,-85,1350,700,101.13134335945155,9.526933199480142,circular
247,1100,700,9.135308002255194,-85,-85,-85,-85,1350,700,110.65827655893169,9.526933199480142,circular
248,1100,700,9.135308002255194,-85,-85,-85,-85,1350,700,120.18520975841183,9.526933199480142,circular
249,1100,700,9.135308002255194,-85,-85,-85,-85,1350,700,129.71214295789198,9.526933199480142,circular
250,1100,700,9.135308002255194,-85,-85,-85,-85,1350,700,139.23907615737212,9.526933199480142,circular
251,1100,700,9.135308002255194,19.91435422725632,-85,-85,16.269948115724727,1350,700,148.76600935685227,9.526933199480142,circular
252,1100,700,9.135308002255194,23.31969953712386,-85,-85,22.496022074683278,1350,700,158.2929425563324,9.526933199480142,circular
253,1100,700,9.135308002255194,25.042923900792417,-85,-85,24.495315191602927,1350,700,167.81987575581255,9.526933199480142,circular
254,1100,700,9.135308002255194,25.80746062382631,-85,-85,25.614204328866276,1350,700,177.3468089552927,9.526933199480142,circular
255,1100,700,9.135308002255194,26.077602459396946,-85,-85,26.035130213615616,1350,700,186.87374215477283,9.526933199480142,circular
256,1100,700,9.135308002255194,25.906018829630398,-85,-85,26.011117049096303,1350,700,196.40067535425297,9.526933199480142,circular
257,1100,700,9.135308002255194,25.157178905256924,-85,-85,25.452908776355446,1350,700,205.9276085537331,9.526933199480142,circular
258,1100,700,9.135308002255194,23.769789312347285,-85,-85,24.332711411139446,1350,700,215.45454175321325,9.526933199480142,circular
259,1100,700,9.135308002255194,20.48098321025059,-85,-85,21.81335663023087,1350,700,224.9814749526934,9.526933199480142,circular
260,1100,700,9.135308002255194,-85,-85,-85,14.513447644213265,1350,700,234.50840815217353,9.526933199480142,circular
261,1100,700,9.135308002255194,-85,-85,-85,-85,1350,700,244.03534135165367,9.526933199480142,circular
262,1100,700,9.135308002255194,-85,-85,-85,-85,1350,700,253.5622745511338,9.526933199480142,circular
263,1100,700,9.135308002255194,-85,-85,-85,-85,1350,700,263.089207750614,9.526933199480142,circular
264,1100,700,9.135308002255194,-85,-85,-85,-85,1350,700,272.6161409500941,9.526933199480142,circular
265,1100,700,9.135308002255194,-85,-85,-85,-85,1350,700,282.14307414957426,9.526933199480142,circular
266,1100,700,9.135308002255194,-85,-85,-85,-85,1350,700,291.6700073490544,9.526933199480142,circular
267,1100,700,9.135308002255194,-85,-85,-85,-85,1350,700,301.19694054853454,9.526933199480142,circular
268,1100,700,9.135308002255194,-85,-85,-85,-85,1350,700,310.7238737480147,9.526933199480142,circular
269,1100,700,9.135308002255194,-85,-85,-85,-85,1350,700,320.2508069474948,9.526933199480142,circular
270,1100,700,9.135308002255194,-85,-85,-85,-85,1350,700,329.77774014697496,9.526933199480142,circular
271,1100,700,9.135308002255194,-85,-85,-85,-85,1350,700,339.3046733464551,9.526933199480142,circular
272,1100,700,9.135308002255194,-85,-85,-85,-85,1350,700,348.83160654593524,9.526933199480142,circular
273,1100,700,9.135308002255194,-85,-85,-85,-85,1350,700,358.3585397454154,9.526933199480142,circular
274,1100,700,9.135308002255194,-85,-85,-85,-85,1350,700,7.885472944895525,9.526933199480142,circular
275,1100,700,9.135308002255194,-85,-85,-85,-85,1350,700,17.412406144375666,9.526933199480142,circular
276,1100,700,9.135308002255194,-85,-85,-85,-85,1350,700,26.939339343855806,9.526933199480142,circular
277,1100,700,9.135308002255194,-85,-85,-85,-85,1350,700,36.46627254333595,9.526933199480142,circular
278,1100,700,9.135308002255194,-85,-85,-85,-85,1350,700,45.99320574281609,9.526933199480142,circular
279,1100,700,9.135308002255194,-85,-85,-85,-85,1350,700,55.52013894229623,9.526933199480142,circular
280,1100,700,9.135308002255194,-85,-85,-85,-85,1350,700,65.04707214177637,9.526933199480142,circular
281,1100,700,9.135308002255194,-85,-85,-85,-85,1350,700,74.57400534125651,9.526933199480142,circular
282,1100,700,9.135308002255194,-85,-85,-85,-85,1350,700,84.10093854073665,9.526933199480142,circular
283,1100,700,9.135308002255194,-85,-85,-85,-85,1350,700,93.62787174021679,9.526933199480142,circular
284,1100,700,9.135308002255194,-85,-85,-85,-85,1350,700,103.15480493969693,9.526933199480142,circular
285,1100,700,9.135308002255194,-85,-85,-85,-85,1350,700,112.68173813917707,9.526933199480142,circular
286,1100,700,9.135308002255194,-85,-85,-85,-85,1350,700,122.20867133865721,9.526933199480142,circular
287,1100,700,9.135308002255194,-85,-85,-85,-85,1350,700,131.73560453813735,9.526933199480142,circular
288,1100,700,9.135308002255194,-85,-85,-85,-85,1350,700,141.2625377376175,9.526933199480142,circular
289,1100,700,9.135308002255194,20.97742610025734,-85,-85,18.47430475951294,1350,700,150.78947093709763,9.526933199480142,circular
290,1100,700,9.135308002255194,23.769789312347285,-85,-85,23.06730250275713,1350,700,160.31640413657777,9.526933199480142,circular
291,1100,700,9.135308002255194,25.26334459461691,-85,-85,24.78833704083229,1350,700,169.8433373360579,9.526933199480142,circular
292,1100,700,9.135308002255194,25.906018829630398,-85,-85,25.7492610641292,1350,700,179.37027053553805,9.526933199480142,circular
293,1100,700,9.135308002255194,26.074956048612798,-85,-85,26.067010357935978,1350,700,188.8972037350182,9.526933199480142,circular
294,1100,700,9.135308002255194,25.807460623826316,-85,-85,25.946643644493044,1350,700,198.42413693449834,9.526933199480142,circular
295,1100,700,9.135308002255194,24.92014212493214,-85,-85,25.263344594616918,1350,700,207.95107013397848,9.526933199480142,circular
296,1100,700,9.135308002255194,23.319699537123853,-85,-85,23.97102224645776,1350,700,217.47800333345862,9.526933199480142,circular
297,1100,700,9.135308002255194,19.25639156218219,-85,-85,20.97742610025735,1350,700,227.00493653293876,9.526933199480142,circular
298,1100,700,9.135308002255194,-85,-85,-85,-85,1350,700,236.5318697324189,9.526933199480142,circular
299,1100,700,9.135308002255194,-85,-85,-85,-85,1350,700,246.05880293189904,9.526933199480142,circular
300,1100,700,9.135308002255194,-85,-85,-85,-85,1350,700,255.58573613137918,9.526933199480142,circular
301,1100,700,9.135308002255194,-85,-85,-85,-85,1350,700,265.1126693308593,9.526933199480142,circular
302,1100,700,9.135308002255194,-85,-85,-85,-85,1350,700,274.63960253033946,9.526933199480142,circular
303,1100,700,9.135308002255194,-85,-85,-85,-85,1350,700,284.1665357298196,9.526933199480142,circular
304,1100,700,9.135308002255194,-85,-85,-85,-85,1350,700,293.69346892929974,9.526933199480142,circular
305,1100,700,9.135308002255194,-85,-85,-85,-85,1350,700,303.2204021287799,9.526933199480142,circular
306,1100,700,9.135308002255194,-85,-85,-85,-85,1350,700,312.74733532826,9.526933199480142,circular
307,1100,700,9.135308002255194,-85,-85,-85,-85,1350,700,322.27426852774016,9.526933199480142,circular
308,1100,700,9.135308002255194,-85,-85,-85,-85,1350,700,331.8012017272203,9.526933199480142,circular
309,1100,700,9.135308002255194,-85,-85,-85,-85,1350,700,341.32813492670044,9.526933199480142,circular
310,1100,700,9.135308002255194,-85,-85,-85,-85,1350,700,350.8550681261806,9.526933199480142,circular
311,1100,700,9.135308002255194,-85,-85,-85,-85,1350,700,0.382001325660724,9.526933199480142,circular
312,1100,700,9.135308002255194,-85,-85,-85,-85,1350,700,9.908934525140866,9.526933199480142,circular
313,1100,700,9.135308002255194,-85,-85,-85,-85,1350,700,19.43586772462101,9.526933199480142,circular
314,1100,700,9.135308002255194,-85,-85,-85,-85,1350,700,28.962800924101153,9.526933199480142,circular
315,1100,700,9.135308002255194,-85,-85,-85,-85,1350,700,38.48973412358129,9.526933199480142,circular
316,1100,700,9.135308002255194,-85,-85,-85,-85,1350,700,48.016667323061434,9.526933199480142,circular
317,1100,700,9.135308002255194,-85,-85,-85,-85,1350,700,57.543600522541574,9.526933199480142,circular
318,1100,700,9.135308002255194,-85,-85,-85,-85,1350,700,67.07053372202172,9.526933199480142,circular
319,1100,700,9.135308002255194,-85,-85,-85,-85,1350,700,76.59746692150186,9.526933199480142,circular
320,1100,700,9.135308002255194,-85,-85,-85,-85,1350,700,86.124400120982,9.526933199480142,circular
321,1100,700,9.135308002255194,-85,-85,-85,-85,1350,700,95.65133332046214,9.526933199480142,circular
322,1100,700,9.135308002255194,-85,-85,-85,-85,1350,700,105.17826651994228,9.526933199480142,circular
323,1100,700,9.135308002255194,-85,-85,-85,-85,1350,700,114.70519971942242,9.526933199480142,circular
324,1100,700,9.135308002255194,-85,-85,-85,-85,1350,700,124.23213291890256,9.526933199480142,circular
325,1100,700,9.135308002255194,-85,-85,-85,-85,1350,700,133.75906611838272,9.526933199480142,circular
326,1100,700,9.135308002255194,11.505794098357505,-85,-85,-85,1350,700,143.28599931786286,9.526933199480142,circular
327,1100,700,9.135308002255194,21.813356630230874,-85,-85,19.91435422725632,1350,700,152.812932517343,9.526933199480142,circular
328,1100,700,9.135308002255194,24.1582774269213,-85,-85,23.553218972269416,1350,700,162.33986571682314,9.526933199480142,circular
329,1100,700,9.135308002255194,25.452908776355446,-85,-85,25.042923900792417,1350,700,171.86679891630328,9.526933199480142,circular
330,1100,700,9.135308002255194,25.9816463993744,-85,-85,25.859665714847075,1350,700,181.39373211578342,9.526933199480142,circular
331,1100,700,9.135308002255194,26.053745949214605,-85,-85,26.077602459396946,1350,700,190.92066531526356,9.526933199480142,circular
332,1100,700,9.135308002255194,25.684904084789977,-85,-85,25.859665714847075,1350,700,200.4475985147437,9.526933199480142,circular
333,1100,700,9.135308002255194,24.646943359767004,-85,-85,25.042923900792417,1350,700,209.97453171422384,9.526933199480142,circular
334,1100,700,9.135308002255194,22.793695368992225,-85,-85,23.553218972269416,1350,700,219.50146491370398,9.526933199480142,circular
335,1100,700,9.135308002255194,17.51315549939211,-85,-85,19.914354227256315,1350,700,229.02839811318412,9.526933199480142,circular
336,1100,700,9.135308002255194,-85,-85,-85,-85,1350,700,238.55533131266426,9.526933199480142,circular
337,1100,700,9.135308002255194,-85,-85,-85,-85,1350,700,248.0822645121444,9.526933199480142,circular
338,1100,700,9.135308002255194,-85,-85,-85,-85,1350,700,257.6091977116246,9.526933199480142,circular
339,1100,700,9.135308002255194,-85,-85,-85,-85,1350,700,267.1361309111047,9.526933199480142,circular
340,1100,700,9.135308002255194,-85,-85,-85,-85,1350,700,276.66306411058486,9.526933199480142,circular
341,1100,700,9.135308002255194,-85,-85,-85,-85,1350,700,286.189997310065,9.526933199480142,circular
342,1100,700,9.135308002255194,-85,-85,-85,-85,1350,700,295.71693050954514,9.526933199480142,circular
343,1100,700,9.135308002255194,-85,-85,-85,-85,1350,700,305.2438637090253,9.526933199480142,circular
344,1100,700,9.135308002255194,-85,-85,-85,-85,1350,700,314.7707969085054,9.526933199480142,circular
345,1100,700,9.135308002255194,-85,-85,-85,-85,1350,700,324.29773010798556,9.526933199480142,circular
346,1100,700,9.135308002255194,-85,-85,-85,-85,1350,700,333.8246633074657,9.526933199480142,circular
347,1100,700,9.135308002255194,-85,-85,-85,-85,1350,700,343.35159650694584,9.526933199480142,circular
348,1100,700,9.135308002255194,-85,-85,-85,-85,1350,700,352.878529706426,9.526933199480142,circular
349,1100,700,9.135308002255194,-85,-85,-85,-85,1350,700,2.40546290590612,9.526933199480142,circular
350,1100,700,9.135308002255194,-85,-85,-85,-85,1350,700,11.932396105386262,9.526933199480142,circular
351,1100,700,9.135308002255194,-85,-85,-85,-85,1350,700,21.459329304866404,9.526933199480142,circular
352,1100,700,9.135308002255194,-85,-85,-85,-85,1350,700,30.98626250434655,9.526933199480142,circular
353,1100,700,9.135308002255194,-85,-85,-85,-85,1350,700,40.51319570382669,9.526933199480142,circular
354,1100,700,9.135308002255194,-85,-85,-85,-85,1350,700,50.04012890330683,9.526933199480142,circular
355,1100,700,9.135308002255194,-85,-85,-85,-85,1350,700,59.56706210278697,9.526933199480142,circular
356,1100,700,9.135308002255194,-85,-85,-85,-85,1350,700,69.09399530226712,9.526933199480142,circular
357,1100,700,9.135308002255194,-85,-85,-85,-85,1350,700,78.62092850174726,9.526933199480142,circular
358,1100,700,9.135308002255194,-85,-85,-85,-85,1350,700,88.1478617012274,9.526933199480142,circular
359,1100,700,9.135308002255194,-85,-85,-85,-85,1350,700,97.67479490070754,9.526933199480142,circular
360,1100,700,9.135308002255194,-85,-85,-85,-85,1350,700,107.20172810018768,9.526933199480142,circular
361,1100,700,9.135308002255194,-85,-85,-85,-85,1350,700,116.72866129966782,9.526933199480142,circular
362,1100,700,9.135308002255194,-85,-85,-85,-85,1350,700,126.25559449914796,9.526933199480142,circular
363,1100,700,9.135308002255194,-85,-85,-85,-85,1350,700,135.78252769862812,9.526933199480142,circular
364,1100,700,9.135308002255194,16.269948115724727,-85,-85,-85,1350,700,145.30946089810826,9.526933199480142,circular
365,1100,700,9.135308002255194,22.496022074683278,-85,-85,20.97742610025734,1350,700,154.8363940975884,9.526933199480142,circular
366,1100,700,9.135308002255194,24.495315191602927,-85,-85,23.971022246457757,1350,700,164.36332729706854,9.526933199480142,circular
367,1100,700,9.135308002255194,25.614204328866276,-85,-85,25.26334459461691,1350,700,173.89026049654868,9.526933199480142,circular
368,1100,700,9.135308002255194,26.035130213615616,-85,-85,25.946643644493044,1350,700,183.41719369602882,9.526933199480142,circular
369,1100,700,9.135308002255194,26.011117049096303,-85,-85,26.067010357935978,1350,700,192.94412689550896,9.526933199480142,circular
370,1100,700,9.135308002255194,25.536951728381826,-85,-85,25.7492610641292,1350,700,202.4710600949891,9.526933199480142,circular
371,1100,700,9.135308002255194,24.332711411139446,-85,-85,24.788337040832293,1350,700,211.99799329446924,9.526933199480142,circular
372,1100,700,9.135308002255194,22.170735458799452,-85,-85,23.067302502757133,1350,700,221.52492649394938,9.526933199480142,circular
373,1100,700,9.135308002255194,14.513447644213265,-85,-85,18.474304759512954,1350,700,231.05185969342952,9.526933199480142,circular
374,1100,700,9.135308002255194,-85,-85,-85,-85,1350,700,240.57879289290966,9.526933199480142,circular
375,1100,700,9.135308002255194,-85,-85,-85,-85,1350,700,250.1057260923898,9.526933199480142,circular
376,1100,700,9.135308002255194,-85,-85,-85,-85,1350,700,259.63265929186997,9.526933199480142,circular
377,1100,700,9.135308002255194,-85,-85,-85,-85,1350,700,269.1595924913501,9.526933199480142,circular
378,1100,700,9.135308002255194,-85,-85,-85,-85,1350,700,278.68652569083025,9.526933199480142,circular
379,1100,700,9.135308002255194,-85,-85,-85,-85,1350,700,288.2134588903104,9.526933199480142,circular
380,1100,700,9.135308002255194,-85,-85,-85,-85,1350,700,297.74039208979053,9.526933199480142,circular
381,1100,700,9.135308002255194,-85,-85,-85,-85,1350,700,307.2673252892707,9.526933199480142,circular
382,1100,700,9.135308002255194,-85,-85,-85,-85,1350,700,316.7942584887508,9.526933199480142,circular
383,1100,700,9.135308002255194,-85,-85,-85,-85,1350,700,326.32119168823095,9.526933199480142,circular
384,1100,700,9.135308002255194,-85,-85,-85,-85,1350,700,335.8481248877111,9.526933199480142,circular
385,1100,700,9.135308002255194,-85,-85,-85,-85,1350,700,345.37505808719123,9.526933199480142,circular
386,1100,700,9.135308002255194,-85,-85,-85,-85,1350,700,354.9019912866714,9.526933199480142,circular
387,1100,700,9.135308002255194,-85,-85,-85,-85,1350,700,4.428924486151516,9.526933199480142,circular
388,1100,700,9.135308002255194,-85,-85,-85,-85,1350,700,13.955857685631658,9.526933199480142,circular
389,1100,700,9.135308002255194,-85,-85,-85,-85,1350,700,23.4827908851118,9.526933199480142,circular
390,1100,700,9.135308002255194,-85,-85,-85,-85,1350,700,33.009724084591944,9.526933199480142,circular
391,1100,700,9.135308002255194,-85,-85,-85,-85,1350,700,42.536657284072085,9.526933199480142,circular
392,1100,700,9.135308002255194,-85,-85,-85,-85,1350,700,52.063590483552225,9.526933199480142,circular
393,1100,700,9.135308002255194,-85,-85,-85,-85,1350,700,61.590523683032366,9.526933199480142,circular
394,1100,700,9.135308002255194,-85,-85,-85,-85,1350,700,71.11745688251251,9.526933199480142,circular
395,1100,700,9.135308002255194,-85,-85,-85,-85,1350,700,80.64439008199265,9.526933199480142,circular
396,1100,700,9.135308002255194,-85,-85,-85,-85,1350,700,90.1713232814728,9.526933199480142,circular
397,1100,700,9.135308002255194,-85,-85,-85,-85,1350,700,99.69825648095294,9.526933199480142,circular
398,1100,700,9.135308002255194,-85,-85,-85,-85,1350,700,109.22518968043308,9.526933199480142,circular
399,1100,700,9.135308002255194,-85,-85,-85,-85,1350,700,118.75212287991322,9.526933199480142,circular
400,1100,700,9.135308002255194,-85,-85,-85,-85,1350,700,128.27905607939337,9.526933199480142,circular
401,1100,700,9.135308002255194,-85,-85,-85,-85,1350,700,137.8059892788735,9.526933199480142,circular
402,1100,700,9.135308002255194,18.47430475951294,-85,-85,14.513447644213304,1350,700,147.33292247835365,9.526933199480142,circular
403,1100,700,9.135308002255194,23.06730250275713,-85,-85,21.813356630230874,1350,700,156.8598556778338,9.526933199480142,circular
404,1100,700,9.135308002255194,24.78833704083229,-85,-85,24.33271141113945,1350,700,166.38678887731393,9.526933199480142,circular
405,1100,700,9.135308002255194,25.7492610641292,-85,-85,25.452908776355446,1350,700,175.91372207679407,9.526933199480142,circular
406,1100,700,9.135308002255194,26.067010357935978,-85,-85,26.011117049096303,1350,700,185.4406552762742,9.526933199480142,circular
407,1100,700,9.135308002255194,25.946643644493044,-85,-85,26.035130213615616,1350,700,194.96758847575435,9.526933199480142,circular
408,1100,700,9.135308002255194,25.361807294499556,-85,-85,25.614204328866276,1350,700,204.4945216752345,9.526933199480142,circular
409,1100,700,9.135308002255194,23.97102224645776,-85,-85,24.495315191602927,1350,700,214.02145487471464,9.526933199480142,circular
410,1100,700,9.135308002255194,21.418119305852123,-85,-85,22.496022074683278,1350,700,223.54838807419478,9.526933199480142,circular
411,1100,700,9.135308002255194,-85,-85,-85,16.269948115724716,1350,700,233.07532127367492,9.526933199480142,circular
412,1100,700,9.135308002255194,-85,-85,-85,-85,1350,700,242.60225447315506,9.526933199480142,circular
413,1100,700,9.135308002255194,-85,-85,-85,-85,1350,700,252.1291876726352,9.526933199480142,circular
414,1100,700,9.135308002255194,-85,-85,-85,-85,1350,700,261.65612087211537,9.526933199480142,circular
415,1100,700,9.135308002255194,-85,-85,-85,-85,1350,700,271.1830540715955,9.526933199480142,circular
416,1100,700,9.135308002255194,-85,-85,-85,-85,1350,700,280.70998727107565,9.526933199480142,circular
417,1100,700,9.135308002255194,-85,-85,-85,-85,1350,700,290.2369204705558,9.526933199480142,circular
418,1100,700,9.135308002255194,-85,-85,-85,-85,1350,700,299.7638536700359,9.526933199480142,circular
419,1100,700,9.135308002255194,-85,-85,-85,-85,1350,700,309.29078686951607,9.526933199480142,circular
420,1100,700,9.135308002255194,-85,-85,-85,-85,1350,700,318.8177200689962,9.526933199480142,circular
421,1100,700,9.135308002255194,-85,-85,-85,-85,1350,700,328.34465326847635,9.526933199480142,circular
422,1100,700,9.135308002255194,-85,-85,-85,-85,1350,700,337.8715864679565,9.526933199480142,circular
423,1100,700,9.135308002255194,-85,-85,-85,-85,1350,700,347.39851966743663,9.526933199480142,circular
424,1100,700,9.135308002255194,-85,-85,-85,-85,1350,700,356.92545286691677,9.526933199480142,circular
425,1100,700,9.135308002255194,-85,-85,-85,-85,1350,700,6.452386066396912,9.526933199480142,circular
426,1100,700,9.135308002255194,-85,-85,-85,-85,1350,700,15.979319265877054,9.526933199480142,circular
427,1100,700,9.135308002255194,-85,-85,-85,-85,1350,700,25.506252465357196,9.526933199480142,circular
428,1100,700,9.135308002255194,-85,-85,-85,-85,1350,700,35.03318566483734,9.526933199480142,circular
429,1100,700,9.135308002255194,-85,-85,-85,-85,1350,700,44.56011886431748,9.526933199480142,circular
430,1100,700,9.135308002255194,-85,-85,-85,-85,1350,700,54.08705206379762,9.526933199480142,circular
431,1100,700,9.135308002255194,-85,-85,-85,-85,1350,700,63.61398526327776,9.526933199480142,circular
432,1100,700,9.135308002255194,-85,-85,-85,-85,1350,700,73.14091846275791,9.526933199480142,circular
433,1100,700,9.135308002255194,-85,-85,-85,-85,1350,700,82.66785166223805,9.526933199480142,circular
434,1100,700,9.135308002255194,-85,-85,-85,-85,1350,700,92.19478486171819,9.526933199480142,circular
435,1100,700,9.135308002255194,-85,-85,-85,-85,1350,700,101.72171806119833,9.526933199480142,circular
436,1100,700,9.135308002255194,-85,-85,-85,-85,1350,700,111.24865126067847,9.526933199480142,circular
437,1100,700,9.135308002255194,-85,-85,-85,-85,1350,700,120.77558446015861,9.526933199480142,circular
438,1100,700,9.135308002255194,-85,-85,-85,-85,1350,700,130.30251765963877,9.526933199480142,circular
439,1100,700,9.135308002255194,-85,-85,-85,-85,1350,700,139.8294508591189,9.526933199480142,circular
440,1100,700,9.135308002255194,19.91435422725632,-85,-85,17.513155499392102,1350,700,149.35638405859905,9.526933199480142,circular
441,1100,700,9.135308002255194,23.553218972269416,-85,-85,22.496022074683278,1350,700,158.8833172580792,9.526933199480142,circular
442,1100,700,9.135308002255194,25.042923900792417,-85,-85,24.646943359767004,1350,700,168.41025045755933,9.526933199480142,circular
443,1100,700,9.135308002255194,25.859665714847075,-85,-85,25.684904084789974,1350,700,177.93718365703947,9.526933199480142,circular
444,1100,700,9.135308002255194,26.077602459396946,-85,-85,26.053745949214605,1350,700,187.4641168565196,9.526933199480142,circular
445,1100,700,9.135308002255194,25.859665714847075,-85,-85,25.9816463993744,1350,700,196.99105005599975,9.526933199480142,circular
446,1100,700,9.135308002255194,25.157178905256924,-85,-85,25.452908776355446,1350,700,206.5179832554799,9.526933199480142,circular
447,1100,700,9.135308002255194,23.553218972269416,-85,-85,24.1582774269213,1350,700,216.04491645496003,9.526933199480142,circular
448,1100,700,9.135308002255194,20.48098321025059,-85,-85,21.81335663023087,1350,700,225.57184965444017,9.526933199480142,circular
449,1100,700,9.135308002255194,-85,-85,-85,11.50579409835762,1350,700,235.0987828539203,9.526933199480142,circular
450,1100,700,9.135308002255194,-85,-85,-85,-85,1350,700,244.62571605340045,9.526933199480142,circular
451,1100,700,9.135308002255194,-85,-85,-85,-85,1350,700,254.1526492528806,9.526933199480142,circular
452,1100,700,9.135308002255194,-85,-85,-85,-85,1350,700,263.67958245236076,9.526933199480142,circular
453,1100,700,9.135308002255194,-85,-85,-85,-85,1350,700,273.2065156518409,9.526933199480142,circular
454,1100,700,9.135308002255194,-85,-85,-85,-85,1350,700,282.73344885132104,9.526933199480142,circular
455,1100,700,9.135308002255194,-85,-85,-85,-85,1350,700,292.2603820508012,9.526933199480142,circular
456,1100,700,9.135308002255194,-85,-85,-85,-85,1350,700,301.7873152502813,9.526933199480142,circular
457,1100,700,9.135308002255194,-85,-85,-85,-85,1350,700,311.31424844976146,9.526933199480142,circular
458,1100,700,9.135308002255194,-85,-85,-85,-85,1350,700,320.8411816492416,9.526933199480142,circular
459,1100,700,9.135308002255194,-85,-85,-85,-85,1350,700,330.36811484872175,9.526933199480142,circular
460,1100,700,9.135308002255194,-85,-85,-85,-85,1350,700,339.8950480482019,9.526933199480142,circular
461,1100,700,9.135308002255194,-85,-85,-85,-85,1350,700,349.421981247682,9.526933199480142,circular
462,1100,700,9.135308002255194,-85,-85,-85,-85,1350,700,358.94891444716217,9.526933199480142,circular
463,1100,700,9.135308002255194,-85,-85,-85,-85,1350,700,8.475847646642308,9.526933199480142,circular
464,1100,700,9.135308002255194,-85,-85,-85,-85,1350,700,18.002780846122448,9.526933199480142,circular
465,1100,700,9.135308002255194,-85,-85,-85,-85,1350,700,27.52971404560259,9.526933199480142,circular
466,1100,700,9.135308002255194,-85,-85,-85,-85,1350,700,37.05664724508273,9.526933199480142,circular
467,1100,700,9.135308002255194,-85,-85,-85,-85,1350,700,46.58358044456287,9.526933199480142,circular
468,1100,700,9.135308002255194,-85,-85,-85,-85,1350,700,56.11051364404301,9.526933199480142,circular
469,1100,700,9.135308002255194,-85,-85,-85,-85,1350,700,65.63744684352315,9.526933199480142,circular
470,1100,700,9.135308002255194,-85,-85,-85,-85,1350,700,75.16438004300329,9.526933199480142,circular
471,1100,700,9.135308002255194,-85,-85,-85,-85,1350,700,84.69131324248343,9.526933199480142,circular
472,1100,700,9.135308002255194,-85,-85,-85,-85,1350,700,94.21824644196357,9.526933199480142,circular
473,1100,700,9.135308002255194,-85,-85,-85,-85,1350,700,103.74517964144371,9.526933199480142,circular
474,1100,700,9.135308002255194,-85,-85,-85,-85,1350,700,113.27211284092385,9.526933199480142,circular
475,1100,700,9.135308002255194,-85,-85,-85,-85,1350,700,122.799046040404,9.526933199480142,circular
476,1100,700,9.135308002255194,-85,-85,-85,-85,1350,700,132.32597923988413,9.526933199480142,circular
477,1100,700,9.135308002255194,-85,-85,-85,-85,1350,700,141.85291243936427,9.526933199480142,circular
478,1100,700,9.135308002255194,20.97742610025734,-85,-85,19.25639156218217,1350,700,151.37984563884442,9.526933199480142,circular
479,1100,700,9.135308002255194,23.971022246457757,-85,-85,23.06730250275713,1350,700,160.90677883832456,9.526933199480142,circular
480,1100,700,9.135308002255194,25.26334459461691,-85,-85,24.92014212493214,1350,700,170.4337120378047,9.526933199480142,circular
481,1100,700,9.135308002255194,25.946643644493044,-85,-85,25.80746062382631,1350,700,179.96064523728484,9.526933199480142,circular
482,1100,700,9.135308002255194,26.074956048612798,-85,-85,26.074956048612798,1350,700,189.48757843676498,9.526933199480142,circular
483,1100,700,9.135308002255194,25.7492610641292,-85,-85,25.906018829630398,1350,700,199.01451163624512,9.526933199480142,circular
484,1100,700,9.135308002255194,24.92014212493214,-85,-85,25.263344594616918,1350,700,208.54144483572526,9.526933199480142,circular
485,1100,700,9.135308002255194,23.067302502757133,-85,-85,23.769789312347285,1350,700,218.0683780352054,9.526933199480142,circular
486,1100,700,9.135308002255194,19.25639156218219,-85,-85,20.97742610025735,1350,700,227.59531123468554,9.526933199480142,circular
487,1100,700,9.135308002255194,-85,-85,-85,-85,1350,700,237.12224443416568,9.526933199480142,circular
488,1100,700,9.135308002255194,-85,-85,-85,-85,1350,700,246.64917763364582,9.526933199480142,circular
489,1100,700,9.135308002255194,-85,-85,-85,-85,1350,700,256.17611083312596,9.526933199480142,circular
490,1100,700,9.135308002255194,-85,-85,-85,-85,1350,700,265.7030440326061,9.526933199480142,circular
491,1100,700,9.135308002255194,-85,-85,-85,-85,1350,700,275.22997723208624,9.526933199480142,circular
492,1100,700,9.135308002255194,-85,-85,-85,-85,1350,700,284.7569104315664,9.526933199480142,circular
493,1100,700,9.135308002255194,-85,-85,-85,-85,1350,700,294.2838436310465,9.526933199480142,circular
494,1100,700,9.135308002255194,-85,-85,-85,-85,1350,700,303.81077683052666,9.526933199480142,circular
495,1100,700,9.135308002255194,-85,-85,-85,-85,1350,700,313.3377100300068,9.526933199480142,circular
496,1100,700,9.135308002255194,-85,-85,-85,-85,1350,700,322.86464322948694,9.526933199480142,circular
497,1100,700,9.135308002255194,-85,-85,-85,-85,1350,700,332.3915764289671,9.526933199480142,circular
498,1100,700,9.135308002255194,-85,-85,-85,-85,1350,700,341.9185096284472,9.526933199480142,circular
499,1100,700,9.135308002255194,-85,-85,-85,-85,1350,700,351.44544282792737,9.526933199480142,circular
500,1100,700,9.135308002255194,-85,-85,-85,-85,1350,700,0.9723760274075062,9.526933199480142,circular
501,1100,700,9.135308002255194,-85,-85,-85,-85,1350,700,10.499309226887648,9.526933199480142,circular
502,1100,700,9.135308002255194,-85,-85,-85,-85,1350,700,20.02624242636779,9.526933199480142,circular
503,1100,700,9.135308002255194,-85,-85,-85,-85,1350,700,29.553175625847935,9.526933199480142,circular
504,1100,700,9.135308002255194,-85,-85,-85,-85,1350,700,39.080108825328075,9.526933199480142,circular
505,1100,700,9.135308002255194,-85,-85,-85,-85,1350,700,48.607042024808216,9.526933199480142,circular
506,1100,700,9.135308002255194,-85,-85,-85,-85,1350,700,58.133975224288356,9.526933199480142,circular
507,1100,700,9.135308002255194,-85,-85,-85,-85,1350,700,67.6609084237685,9.526933199480142,circular
508,1100,700,9.135308002255194,-85,-85,-85,-85,1350,700,77.18784162324864,9.526933199480142,circular
509,1100,700,9.135308002255194,-85,-85,-85,-85,1350,700,86.71477482272878,9.526933199480142,circular
510,1100,700,9.135308002255194,-85,-85,-85,-85,1350,700,96.24170802220893,9.526933199480142,circular
511,1100,700,9.135308002255194,-85,-85,-85,-85,1350,700,105.76864122168907,9.526933199480142,circular
512,1100,700,9.135308002255194,-85,-85,-85,-85,1350,700,115.2955744211692,9.526933199480142,circular
513,1100,700,9.135308002255194,-85,-85,-85,-85,1350,700,124.82250762064935,9.526933199480142,circular
514,1100,700,9.135308002255194,-85,-85,-85,-85,1350,700,134.3494408201295,9.526933199480142,circular
515,1100,700,9.135308002255194,14.513447644213304,-85,-85,-85,1350,700,143.87637401960964,9.526933199480142,circular
516,1100,700,9.135308002255194,21.813356630230874,-85,-85,20.48098321025059,1350,700,153.40330721908978,9.526933199480142,circular
517,1100,700,9.135308002255194,24.33271141113945,-85,-85,23.769789312347285,1350,700,162.93024041856992,9.526933199480142,circular
518,1100,700,9.135308002255194,25.452908776355446,-85,-85,25.157178905256924,1350,700,172.45717361805006,9.526933199480142,circular
519,1100,700,9.135308002255194,26.011117049096303,-85,-85,25.906018829630398,1350,700,181.9841068175302,9.526933199480142,circular
520,1100,700,9.135308002255194,26.053745949214605,-85,-85,26.077602459396946,1350,700,191.51104001701034,9.526933199480142,circular
521,1100,700,9.135308002255194,25.614204328866276,-85,-85,25.807460623826316,1350,700,201.03797321649049,9.526933199480142,circular
522,1100,700,9.135308002255194,24.646943359767004,-85,-85,25.042923900792417,1350,700,210.56490641597063,9.526933199480142,circular
523,1100,700,9.135308002255194,22.496022074683278,-85,-85,23.319699537123853,1350,700,220.09183961545077,9.526933199480142,circular
524,1100,700,9.135308002255194,17.51315549939211,-85,-85,19.914354227256315,1350,700,229.6187728149309,9.526933199480142,circular
525,1100,700,9.135308002255194,-85,-85,-85,-85,1350,700,239.14570601441105,9.526933199480142,circular
526,1100,700,9.135308002255194,-85,-85,-85,-85,1350,700,248.6726392138912,9.526933199480142,circular
527,1100,700,9.135308002255194,-85,-85,-85,-85,1350,700,258.19957241337136,9.526933199480142,circular
528,1100,700,9.135308002255194,-85,-85,-85,-85,1350,700,267.7265056128515,9.526933199480142,circular
529,1100,700,9.135308002255194,-85,-85,-85,-85,1350,700,277.25343881233164,9.526933199480142,circular
530,1100,700,9.135308002255194,-85,-85,-85,-85,1350,700,286.7803720118118,9.526933199480142,circular
531,1100,700,9.135308002255194,-85,-85,-85,-85,1350,700,296.3073052112919,9.526933199480142,circular
532,1100,700,9.135308002255194,-85,-85,-85,-85,1350,700,305.83423841077206,9.526933199480142,circular
533,1100,700,9.135308002255194,-85,-85,-85,-85,1350,700,315.3611716102522,9.526933199480142,circular
534,1100,700,9.135308002255194,-85,-85,-85,-85,1350,700,324.88810480973234,9.526933199480142,circular
535,1100,700,9.135308002255194,-85,-85,-85,-85,1350,700,334.4150380092125,9.526933199480142,circular
536,1100,700,9.135308002255194,-85,-85,-85,-85,1350,700,343.9419712086926,9.526933199480142,circular
537,1100,700,9.135308002255194,-85,-85,-85,-85,1350,700,353.46890440817276,9.526933199480142,circular
538,1100,700,9.135308002255194,-85,-85,-85,-85,1350,700,2.995837607652902,9.526933199480142,circular
539,1100,700,9.135308002255194,-85,-85,-85,-85,1350,700,12.522770807133044,9.526933199480142,circular
540,1100,700,9.135308002255194,-85,-85,-85,-85,1350,700,22.049704006613187,9.526933199480142,circular
541,1100,700,9.135308002255194,-85,-85,-85,-85,1350,700,31.57663720609333,9.526933199480142,circular
542,1100,700,9.135308002255194,-85,-85,-85,-85,1350,700,41.10357040557347,9.526933199480142,circular
543,1100,700,9.135308002255194,-85,-85,-85,-85,1350,700,50.63050360505361,9.526933199480142,circular
544,1100,700,9.135308002255194,-85,-85,-85,-85,1350,700,60.15743680453375,9.526933199480142,circular
545,1100,700,9.135308002255194,-85,-85,-85,-85,1350,700,69.6843700040139,9.526933199480142,circular
546,1100,700,9.135308002255194,-85,-85,-85,-85,1350,700,79.21130320349404,9.526933199480142,circular
547,1100,700,9.135308002255194,-85,-85,-85,-85,1350,700,88.73823640297418,9.526933199480142,circular
548,1100,700,9.135308002255194,-85,-85,-85,-85,1350,700,98.26516960245432,9.526933199480142,circular
549,1100,700,9.135308002255194,-85,-85,-85,-85,1350,700,107.79210280193446,9.526933199480142,circular
550,1100,700,9.135308002255194,-85,-85,-85,-85,1350,700,117.3190360014146,9.526933199480142,circular
551,1100,700,9.135308002255194,-85,-85,-85,-85,1350,700,126.84596920089474,9.526933199480142,circular
552,1100,700,9.135308002255194,-85,-85,-85,-85,1350,700,136.3729024003749,9.526933199480142,circular
553,1100,700,9.135308002255194,17.513155499392102,-85,-85,-85,1350,700,145.89983559985504,9.526933199480142,circular
554,1100,700,9.135308002255194,22.496022074683278,-85,-85,21.41811930585211,1350,700,155.42676879933518,9.526933199480142,circular
555,1100,700,9.135308002255194,24.646943359767004,-85,-85,24.1582774269213,1350,700,164.95370199881532,9.526933199480142,circular
556,1100,700,9.135308002255194,25.614204328866276,-85,-85,25.36180729449956,1350,700,174.48063519829546,9.526933199480142,circular
557,1100,700,9.135308002255194,26.053745949214605,-85,-85,25.9816463993744,1350,700,184.0075683977756,9.526933199480142,circular
558,1100,700,9.135308002255194,26.011117049096303,-85,-85,26.067010357935978,1350,700,193.53450159725574,9.526933199480142,circular
559,1100,700,9.135308002255194,25.452908776355446,-85,-85,25.684904084789977,1350,700,203.06143479673588,9.526933199480142,circular
560,1100,700,9.135308002255194,24.332711411139446,-85,-85,24.788337040832293,1350,700,212.58836799621602,9.526933199480142,circular
561,1100,700,9.135308002255194,21.81335663023087,-85,-85,22.793695368992225,1350,700,222.11530119569616,9.526933199480142,circular
562,1100,700,9.135308002255194,11.50579409835762,-85,-85,18.474304759512954,1350,700,231.6422343951763,9.526933199480142,circular
563,1100,700,9.135308002255194,-85,-85,-85,-85,1350,700,241.16916759465644,9.526933199480142,circular
564,1100,700,9.135308002255194,-85,-85,-85,-85,1350,700,250.69610079413658,9.526933199480142,circular
565,1100,700,9.135308002255194,-85,-85,-85,-85,1350,700,260.22303399361675,9.526933199480142,circular
566,1100,700,9.135308002255194,-85,-85,-85,-85,1350,700,269.7499671930969,9.526933199480142,circular
567,1100,700,9.135308002255194,-85,-85,-85,-85,1350,700,279.27690039257703,9.526933199480142,circular
568,1100,700,9.135308002255194,-85,-85,-85,-85,1350,700,288.8038335920572,9.526933199480142,circular
569,1100,700,9.135308002255194,-85,-85,-85,-85,1350,700,298.3307667915373,9.526933199480142,circular
570,1100,700,9.135308002255194,-85,-85,-85,-85,1350,700,307.85769999101745,9.526933199480142,circular
571,1100,700,9.135308002255194,-85,-85,-85,-85,1350,700,317.3846331904976,9.526933199480142,circular
572,1100,700,9.135308002255194,-85,-85,-85,-85,1350,700,326.91156638997774,9.526933199480142,circular
573,1100,700,9.135308002255194,-85,-85,-85,-85,1350,700,336.4384995894579,9.526933199480142,circular
574,1100,700,9.135308002255194,-85,-85,-85,-85,1350,700,345.965432788938,9.526933199480142,circular
575,1100,700,9.135308002255194,-85,-85,-85,-85,1350,700,355.49236598841816,9.526933199480142,circular
576,1100,700,9.135308002255194,-85,-85,-85,-85,1350,700,5.019299187898298,9.526933199480142,circular
577,1100,700,9.135308002255194,-85,-85,-85,-85,1350,700,14.54623238737844,9.526933199480142,circular
578,1100,700,9.135308002255194,-85,-85,-85,-85,1350,700,24.073165586858583,9.526933199480142,circular
579,1100,700,9.135308002255194,-85,-85,-85,-85,1350,700,33.60009878633873,9.526933199480142,circular
580,1100,700,9.135308002255194,-85,-85,-85,-85,1350,700,43.12703198581887,9.526933199480142,circular
581,1100,700,9.135308002255194,-85,-85,-85,-85,1350,700,52.65396518529901,9.526933199480142,circular
582,1100,700,9.135308002255194,-85,-85,-85,-85,1350,700,62.18089838477915,9.526933199480142,circular
583,1100,700,9.135308002255194,-85,-85,-85,-85,1350,700,71.7078315842593,9.526933199480142,circular
584,1100,700,9.135308002255194,-85,-85,-85,-85,1350,700,81.23476478373944,9.526933199480142,circular
585,1100,700,9.135308002255194,-85,-85,-85,-85,1350,700,90.76169798321958,9.526933199480142,circular
586,1100,700,9.135308002255194,-85,-85,-85,-85,1350,700,100.28863118269972,9.526933199480142,circular
587,1100,700,9.135308002255194,-85,-85,-85,-85,1350,700,109.81556438217986,9.526933199480142,circular
588,1100,700,9.135308002255194,-85,-85,-85,-85,1350,700,119.34249758166,9.526933199480142,circular
589,1100,700,9.135308002255194,-85,-85,-85,-85,1350,700,128.86943078114015,9.526933199480142,circular
590,1100,700,9.135308002255194,-85,-85,-85,-85,1350,700,138.3963639806203,9.526933199480142,circular
591,1100,700,9.135308002255194,19.25639156218217,-85,-85,16.269948115724727,1350,700,147.92329718010043,9.526933199480142,circular
592,1100,700,9.135308002255194,23.06730250275713,-85,-85,22.170735458799452,1350,700,157.45023037958057,9.526933199480142,circular
593,1100,700,9.135308002255194,24.92014212493214,-85,-85,24.495315191602927,1350,700,166.97716357906071,9.526933199480142,circular
594,1100,700,9.135308002255194,25.7492610641292,-85,-85,25.536951728381826,1350,700,176.50409677854086,9.526933199480142,circular
595,1100,700,9.135308002255194,26.074956048612798,-85,-85,26.035130213615616,1350,700,186.031029978021,9.526933199480142,circular
596,1100,700,9.135308002255194,25.946643644493044,-85,-85,26.035130213615616,1350,700,195.55796317750114,9.526933199480142,circular
597,1100,700,9.135308002255194,25.263344594616918,-85,-85,25.536951728381826,1350,700,205.08489637698128,9.526933199480142,circular
598,1100,700,9.135308002255194,23.97102224645776,-85,-85,24.495315191602927,1350,700,214.61182957646142,9.526933199480142,circular
599,1100,700,9.135308002255194,20.97742610025735,-85,-85,22.170735458799452,1350,700,224.13876277594156,9.526933199480142,circular
600,1100,700,9.135308002255194,-85,-85,-85,16.269948115724716,1350,700,233.6656959754217,9.526933199480142,circular
601,1100,700,9.135308002255194,-85,-85,-85,-85,1350,700,243.19262917490184,9.526933199480142,circular
602,1100,700,9.135308002255194,-85,-85,-85,-85,1350,700,252.71956237438198,9.526933199480142,circular
603,1100,700,9.135308002255194,-85,-85,-85,-85,1350,700,262.24649557386215,9.526933199480142,circular
604,1100,700,9.135308002255194,-85,-85,-85,-85,1350,700,271.7734287733423,9.526933199480142,circular
605,1100,700,9.135308002255194,-85,-85,-85,-85,1350,700,281.30036197282243,9.526933199480142,circular
606,1100,700,9.135308002255194,-85,-85,-85,-85,1350,700,290.82729517230257,9.526933199480142,circular
607,1100,700,9.135308002255194,-85,-85,-85,-85,1350,700,300.3542283717827,9.526933199480142,circular
608,1100,700,9.135308002255194,-85,-85,-85,-85,1350,700,309.88116157126285,9.526933199480142,circular
609,1100,700,9.135308002255194,-85,-85,-85,-85,1350,700,319.408094770743,9.526933199480142,circular
610,1100,700,9.135308002255194,-85,-85,-85,-85,1350,700,328.93502797022313,9.526933199480142,circular
611,1100,700,9.135308002255194,-85,-85,-85,-85,1350,700,338.4619611697033,9.526933199480142,circular
612,1100,700,9.135308002255194,-85,-85,-85,-85,1350,700,347.9888943691834,9.526933199480142,circular
613,1100,700,9.135308002255194,-85,-85,-85,-85,1350,700,357.51582756866355,9.526933199480142,circular
614,1100,700,9.135308002255194,-85,-85,-85,-85,1350,700,7.042760768143694,9.526933199480142,circular
615,1100,700,9.135308002255194,-85,-85,-85,-85,1350,700,16.569693967623834,9.526933199480142,circular
616,1100,700,9.135308002255194,-85,-85,-85,-85,1350,700,26.096627167103975,9.526933199480142,circular
617,1100,700,9.135308002255194,-85,-85,-85,-85,1350,700,35.623560366584115,9.526933199480142,circular
618,1100,700,9.135308002255194,-85,-85,-85,-85,1350,700,45.150493566064256,9.526933199480142,circular
619,1100,700,9.135308002255194,-85,-85,-85,-85,1350,700,54.677426765544396,9.526933199480142,circular
620,1100,700,9.135308002255194,-85,-85,-85,-85,1350,700,64.20435996502454,9.526933199480142,circular
621,1100,700,9.135308002255194,-85,-85,-85,-85,1350,700,73.73129316450468,9.526933199480142,circular
622,1100,700,9.135308002255194,-85,-85,-85,-85,1350,700,83.25822636398482,9.526933199480142,circular
623,1100,700,9.135308002255194,-85,-85,-85,-85,1350,700,92.78515956346496,9.526933199480142,circular
624,1100,700,9.135308002255194,-85,-85,-85,-85,1350,700,102.3120927629451,9.526933199480142,circular
625,1100,700,9.135308002255194,-85,-85,-85,-85,1350,700,111.83902596242524,9.526933199480142,circular
626,1100,700,9.135308002255194,-85,-85,-85,-85,1350,700,121.36595916190538,9.526933199480142,circular
627,1100,700,9.135308002255194,-85,-85,-85,-85,1350,700,130.89289236138552,9.526933199480142,circular
628,1100,700,9.135308002255194,-85,-85,-85,-85,1350,700,140.41982556086566,9.526933199480142,circular
629,1100,700,9.135308002255194,20.48098321025059,-85,-85,18.47430475951294,1350,700,149.9467587603458,9.526933199480142,circular
630,1100,700,9.135308002255194,23.553218972269416,-85,-85,22.793695368992218,1350,700,159.47369195982594,9.526933199480142,circular
631,1100,700,9.135308002255194,25.157178905256924,-85,-85,24.78833704083229,1350,700,169.00062515930608,9.526933199480142,circular
632,1100,700,9.135308002255194,25.859665714847075,-85,-85,25.684904084789974,1350,700,178.52755835878622,9.526933199480142,circular
633,1100,700,9.135308002255194,26.077602459396946,-85,-85,26.067010357935978,1350,700,188.05449155826636,9.526933199480142,circular
634,1100,700,9.135308002255194,25.859665714847075,-85,-85,25.9816463993744,1350,700,197.5814247577465,9.526933199480142,circular
635,1100,700,9.135308002255194,25.042923900792417,-85,-85,25.361807294499556,1350,700,207.10835795722664,9.526933199480142,circular
636,1100,700,9.135308002255194,23.319699537123853,-85,-85,24.1582774269213,1350,700,216.63529115670678,9.526933199480142,circular
637,1100,700,9.135308002255194,19.914354227256315,-85,-85,21.418119305852123,1350,700,226.16222435618693,9.526933199480142,circular
638,1100,700,9.135308002255194,-85,-85,-85,11.50579409835762,1350,700,235.68915755566707,9.526933199480142,circular
639,1100,700,9.135308002255194,-85,-85,-85,-85,1350,700,245.2160907551472,9.526933199480142,circular
640,1100,700,9.135308002255194,-85,-85,-85,-85,1350,700,254.74302395462735,9.526933199480142,circular
641,1100,700,9.135308002255194,-85,-85,-85,-85,1350,700,264.2699571541075,9.526933199480142,circular
642,1100,700,9.135308002255194,-85,-85,-85,-85,1350,700,273.7968903535876,9.526933199480142,circular
643,1100,700,9.135308002255194,-85,-85,-85,-85,1350,700,283.32382355306777,9.526933199480142,circular
644,1100,700,9.135308002255194,-85,-85,-85,-85,1350,700,292.8507567525479,9.526933199480142,circular
645,1100,700,9.135308002255194,-85,-85,-85,-85,1350,700,302.37768995202805,9.526933199480142,circular
646,1100,700,9.135308002255194,-85,-85,-85,-85,1350,700,311.9046231515082,9.526933199480142,circular
647,1100,700,9.135308002255194,-85,-85,-85,-85,1350,700,321.43155635098833,9.526933199480142,circular
648,1100,700,9.135308002255194,-85,-85,-85,-85,1350,700,330.95848955046847,9.526933199480142,circular
649,1100,700,9.135308002255194,-85,-85,-85,-85,1350,700,340.4854227499486,9.526933199480142,circular
650,1100,700,9.135308002255194,-85,-85,-85,-85,1350,700,350.01235594942875,9.526933199480142,circular
651,1100,700,9.135308002255194,-85,-85,-85,-85,1350,700,359.5392891489089,9.526933199480142,circular
652,1100,700,9.135308002255194,-85,-85,-85,-85,1350,700,9.066222348389033,9.526933199480142,circular
653,1100,700,9.135308002255194,-85,-85,-85,-85,1350,700,18.593155547869173,9.526933199480142,circular
654,1100,700,9.135308002255194,-85,-85,-85,-85,1350,700,28.120088747349314,9.526933199480142,circular
655,1100,700,9.135308002255194,-85,-85,-85,-85,1350,700,37.647021946829454,9.526933199480142,circular
656,1100,700,9.135308002255194,-85,-85,-85,-85,1350,700,47.173955146309595,9.526933199480142,circular
657,1100,700,9.135308002255194,-85,-85,-85,-85,1350,700,56.700888345789735,9.526933199480142,circular
658,1100,700,9.135308002255194,-85,-85,-85,-85,1350,700,66.22782154526988,9.526933199480142,circular
659,1100,700,9.135308002255194,-85,-85,-85,-85,1350,700,75.75475474475002,9.526933199480142,circular
660,1100,700,9.135308002255194,-85,-85,-85,-85,1350,700,85.28168794423016,9.526933199480142,circular
661,1100,700,9.135308002255194,-85,-85,-85,-85,1350,700,94.8086211437103,9.526933199480142,circular
662,1100,700,9.135308002255194,-85,-85,-85,-85,1350,700,104.33555434319044,9.526933199480142,circular
663,1100,700,9.135308002255194,-85,-85,-85,-85,1350,700,113.86248754267058,9.526933199480142,circular
664,1100,700,9.135308002255194,-85,-85,-85,-85,1350,700,123.38942074215072,9.526933199480142,circular
665,1100,700,9.135308002255194,-85,-85,-85,-85,1350,700,132.91635394163086,9.526933199480142,circular
666,1100,700,9.135308002255194,-85,-85,-85,-85,1350,700,142.443287141111,9.526933199480142,circular
667,1100,700,9.135308002255194,21.41811930585211,-85,-85,19.91435422725632,1350,700,151.97022034059114,9.526933199480142,circular
668,1100,700,9.135308002255194,23.971022246457757,-85,-85,23.31969953712386,1350,700,161.49715354007128,9.526933199480142,circular
669,1100,700,9.135308002255194,25.36180729449956,-85,-85,25.042923900792417,1350,700,171.02408673955142,9.526933199480142,circular
670,1100,700,9.135308002255194,25.946643644493044,-85,-85,25.80746062382631,1350,700,180.55101993903156,9.526933199480142,circular
671,1100,700,9.135308002255194,26.067010357935978,-85,-85,26.077602459396946,1350,700,190.0779531385117,9.526933199480142,circular
672,1100,700,9.135308002255194,25.7492610641292,-85,-85,25.906018829630398,1350,700,199.60488633799184,9.526933199480142,circular
673,1100,700,9.135308002255194,24.788337040832293,-85,-85,25.157178905256924,1350,700,209.13181953747198,9.526933199480142,circular
674,1100,700,9.135308002255194,22.793695368992225,-85,-85,23.769789312347285,1350,700,218.65875273695212,9.526933199480142,circular
675,1100,700,9.135308002255194,18.474304759512954,-85,-85,20.48098321025059,1350,700,228.18568593643226,9.526933199480142,circular
676,1100,700,9.135308002255194,-85,-85,-85,-85,1350,700,237.7126191359124,9.526933199480142,circular
677,1100,700,9.135308002255194,-85,-85,-85,-85,1350,700,247.23955233539255,9.526933199480142,circular
678,1100,700,9.135308002255194,-85,-85,-85,-85,1350,700,256.7664855348727,9.526933199480142,circular
679,1100,700,9.135308002255194,-85,-85,-85,-85,1350,700,266.2934187343528,9.526933199480142,circular
680,1100,700,9.135308002255194,-85,-85,-85,-85,1350,700,275.82035193383297,9.526933199480142,circular
681,1100,700,9.135308002255194,-85,-85,-85,-85,1350,700,285.3472851333131,9.526933199480142,circular
682,1100,700,9.135308002255194,-85,-85,-85,-85,1350,700,294.87421833279325,9.526933199480142,circular
683,1100,700,9.135308002255194,-85,-85,-85,-85,1350,700,304.4011515322734,9.526933199480142,circular
684,1100,700,9.135308002255194,-85,-85,-85,-85,1350,700,313.92808473175353,9.526933199480142,circular
685,1100,700,9.135308002255194,-85,-85,-85,-85,1350,700,323.45501793123367,9.526933199480142,circular
686,1100,700,9.135308002255194,-85,-85,-85,-85,1350,700,332.9819511307138,9.526933199480142,circular
687,1100,700,9.135308002255194,-85,-85,-85,-85,1350,700,342.50888433019395,9.526933199480142,circular
688,1100,700,9.135308002255194,-85,-85,-85,-85,1350,700,352.0358175296741,9.526933199480142,circular
689,1100,700,9.135308002255194,-85,-85,-85,-85,1350,700,1.5627507291542315,9.526933199480142,circular
690,1100,700,9.135308002255194,-85,-85,-85,-85,1350,700,11.089683928634374,9.526933199480142,circular
691,1100,700,9.135308002255194,-85,-85,-85,-85,1350,700,20.616617128114516,9.526933199480142,circular
692,1100,700,9.135308002255194,-85,-85,-85,-85,1350,700,30.14355032759466,9.526933199480142,circular
693,1100,700,9.135308002255194,-85,-85,-85,-85,1350,700,39.6704835270748,9.526933199480142,circular
694,1100,700,9.135308002255194,-85,-85,-85,-85,1350,700,49.19741672655494,9.526933199480142,circular
695,1100,700,9.135308002255194,-85,-85,-85,-85,1350,700,58.72434992603508,9.526933199480142,circular
696,1100,700,9.135308002255194,-85,-85,-85,-85,1350,700,68.25128312551523,9.526933199480142,circular
697,1100,700,9.135308002255194,-85,-85,-85,-85,1350,700,77.77821632499537,9.526933199480142,circular
698,1100,700,9.135308002255194,-85,-85,-85,-85,1350,700,87.30514952447551,9.526933199480142,circular
699,1100,700,9.135308002255194,-85,-85,-85,-85,1350,700,96.83208272395565,9.526933199480142,circular
700,1100,700,9.135308002255194,-85,-85,-85,-85,1350,700,106.35901592343579,9.526933199480142,circular
701,1100,700,9.135308002255194,-85,-85,-85,-85,1350,700,115.88594912291593,9.526933199480142,circular
702,1100,700,9.135308002255194,-85,-85,-85,-85,1350,700,125.41288232239607,9.526933199480142,circular
703,1100,700,9.135308002255194,-85,-85,-85,-85,1350,700,134.93981552187623,9.526933199480142,circular
704,1100,700,9.135308002255194,14.513447644213304,-85,-85,-85,1350,700,144.46674872135637,9.526933199480142,circular
705,1100,700,9.135308002255194,22.170735458799452,-85,-85,20.97742610025734,1350,700,153.9936819208365,9.526933199480142,circular
706,1100,700,9.135308002255194,24.33271141113945,-85,-85,23.769789312347285,1350,700,163.52061512031665,9.526933199480142,circular
707,1100,700,9.135308002255194,25.536951728381826,-85,-85,25.26334459461691,1350,700,173.0475483197968,9.526933199480142,circular
708,1100,700,9.135308002255194,26.011117049096303,-85,-85,25.906018829630398,1350,700,182.57448151927693,9.526933199480142,circular
709,1100,700,9.135308002255194,26.035130213615616,-85,-85,26.074956048612798,1350,700,192.10141471875707,9.526933199480142,circular
710,1100,700,9.135308002255194,25.536951728381826,-85,-85,25.807460623826316,1350,700,201.6283479182372,9.526933199480142,circular
711,1100,700,9.135308002255194,24.495315191602927,-85,-85,24.92014212493214,1350,700,211.15528111771735,9.526933199480142,circular
712,1100,700,9.135308002255194,22.170735458799452,-85,-85,23.319699537123853,1350,700,220.6822143171975,9.526933199480142,circular
713,1100,700,9.135308002255194,16.269948115724716,-85,-85,19.25639156218219,1350,700,230.20914751667763,9.526933199480142,circular
714,1100,700,9.135308002255194,-85,-85,-85,-85,1350,700,239.73608071615777,9.526933199480142,circular
715,1100,700,9.135308002255194,-85,-85,-85,-85,1350,700,249.2630139156379,9.526933199480142,circular
716,1100,700,9.135308002255194,-85,-85,-85,-85,1350,700,258.7899471151181,9.526933199480142,circular
717,1100,700,9.135308002255194,-85,-85,-85,-85,1350,700,268.3168803145982,9.526933199480142,circular
718,1100,700,9.135308002255194,-85,-85,-85,-85,1350,700,277.84381351407836,9.526933199480142,circular
719,1100,700,9.135308002255194,-85,-85,-85,-85,1350,700,287.3707467135585,9.526933199480142,circular
720,1100,700,9.135308002255194,-85,-85,-85,-85,1350,700,296.89767991303864,9.526933199480142,circular
721,1100,700,9.135308002255194,-85,-85,-85,-85,1350,700,306.4246131125188,9.526933199480142,circular
722,1100,700,9.135308002255194,-85,-85,-85,-85,1350,700,315.9515463119989,9.526933199480142,circular
723,1100,700,9.135308002255194,-85,-85,-85,-85,1350,700,325.47847951147907,9.526933199480142,circular
724,1100,700,9.135308002255194,-85,-85,-85,-85,1350,700,335.0054127109592,9.526933199480142,circular
725,1100,700,9.135308002255194,-85,-85,-85,-85,1350,700,344.53234591043935,9.526933199480142,circular
726,1100,700,9.135308002255194,-85,-85,-85,-85,1350,700,354.0592791099195,9.526933199480142,circular
727,1100,700,9.135308002255194,-85,-85,-85,-85,1350,700,3.5862123093996274,9.526933199480142,circular
728,1100,700,9.135308002255194,-85,-85,-85,-85,1350,700,13.11314550887977,9.526933199480142,circular
729,1100,700,9.135308002255194,-85,-85,-85,-85,1350,700,22.640078708359912,9.526933199480142,circular
730,1100,700,9.135308002255194,-85,-85,-85,-85,1350,700,32.167011907840056,9.526933199480142,circular
731,1100,700,9.135308002255194,-85,-85,-85,-85,1350,700,41.6939451073202,9.526933199480142,circular
732,1100,700,9.135308002255194,-85,-85,-85,-85,1350,700,51.22087830680034,9.526933199480142,circular
733,1100,700,9.135308002255194,-85,-85,-85,-85,1350,700,60.74781150628048,9.526933199480142,circular
734,1100,700,9.135308002255194,-85,-85,-85,-85,1350,700,70.27474470576063,9.526933199480142,circular
735,1100,700,9.135308002255194,-85,-85,-85,-85,1350,700,79.80167790524077,9.526933199480142,circular
736,1100,700,9.135308002255194,-85,-85,-85,-85,1350,700,89.3286111047209,9.526933199480142,circular
737,1100,700,9.135308002255194,-85,-85,-85,-85,1350,700,98.85554430420105,9.526933199480142,circular
738,1100,700,9.135308002255194,-85,-85,-85,-85,1350,700,108.38247750368119,9.526933199480142,circular
739,1100,700,9.135308002255194,-85,-85,-85,-85,1350,700,117.90941070316133,9.526933199480142,circular
740,1100,700,9.135308002255194,-85,-85,-85,-85,1350,700,127.43634390264147,9.526933199480142,circular
741,1100,700,9.135308002255194,-85,-85,-85,-85,1350,700,136.96327710212162,9.526933199480142,circular
742,1100,700,9.135308002255194,17.513155499392102,-85,-85,11.505794098357505,1350,700,146.49021030160176,9.526933199480142,circular
743,1100,700,9.135308002255194,22.793695368992218,-85,-85,21.813356630230874,1350,700,156.0171435010819,9.526933199480142,circular
744,1100,700,9.135308002255194,24.646943359767004,-85,-85,24.1582774269213,1350,700,165.54407670056204,9.526933199480142,circular
745,1100,700,9.135308002255194,25.684904084789974,-85,-85,25.452908776355446,1350,700,175.07100990004218,9.526933199480142,circular
746,1100,700,9.135308002255194,26.053745949214605,-85,-85,25.9816463993744,1350,700,184.59794309952233,9.526933199480142,circular
747,1100,700,9.135308002255194,25.9816463993744,-85,-85,26.053745949214605,1350,700,194.12487629900247,9.526933199480142,circular
748,1100,700,9.135308002255194,25.361807294499556,-85,-85,25.684904084789977,1350,700,203.6518094984826,9.526933199480142,circular
749,1100,700,9.135308002255194,24.1582774269213,-85,-85,24.646943359767004,1350,700,213.17874269796275,9.526933199480142,circular
750,1100,700,9.135308002255194,21.418119305852123,-85,-85,22.793695368992225,1350,700,222.7056758974429,9.526933199480142,circular
751,1100,700,9.135308002255194,11.50579409835762,-85,-85,17.51315549939211,1350,700,232.23260909692303,9.526933199480142,circular
752,1100,700,9.135308002255194,-85,-85,-85,-85,1350,700,241.75954229640317,9.526933199480142,circular
753,1100,700,9.135308002255194,-85,-85,-85,-85,1350,700,251.2864754958833,9.526933199480142,circular
754,1100,700,9.135308002255194,-85,-85,-85,-85,1350,700,260.8134086953635,9.526933199480142,circular
755,1100,700,9.135308002255194,-85,-85,-85,-85,1350,700,270.3403418948436,9.526933199480142,circular
756,1100,700,9.135308002255194,-85,-85,-85,-85,1350,700,279.86727509432376,9.526933199480142,circular
757,1100,700,9.135308002255194,-85,-85,-85,-85,1350,700,289.3942082938039,9.526933199480142,circular
758,1100,700,9.135308002255194,-85,-85,-85,-85,1350,700,298.92114149328404,9.526933199480142,circular
759,1100,700,9.135308002255194,-85,-85,-85,-85,1350,700,308.4480746927642,9.526933199480142,circular
760,1100,700,9.135308002255194,-85,-85,-85,-85,1350,700,317.9750078922443,9.526933199480142,circular
761,1100,700,9.135308002255194,-85,-85,-85,-85,1350,700,327.50194109172446,9.526933199480142,circular
762,1100,700,9.135308002255194,-85,-85,-85,-85,1350,700,337.0288742912046,9.526933199480142,circular
763,1100,700,9.135308002255194,-85,-85,-85,-85,1350,700,346.55580749068474,9.526933199480142,circular
764,1100,700,9.135308002255194,-85,-85,-85,-85,1350,700,356.0827406901649,9.526933199480142,circular
765,1100,700,9.135308002255194,-85,-85,-85,-85,1350,700,5.609673889645023,9.526933199480142,circular
766,1100,700,9.135308002255194,-85,-85,-85,-85,1350,700,15.136607089125166,9.526933199480142,circular
767,1100,700,9.135308002255194,-85,-85,-85,-85,1350,700,24.663540288605308,9.526933199480142,circular
768,1100,700,9.135308002255194,-85,-85,-85,-85,1350,700,34.19047348808545,9.526933199480142,circular
769,1100,700,9.135308002255194,-85,-85,-85,-85,1350,700,43.71740668756559,9.526933199480142,circular
770,1100,700,9.135308002255194,-85,-85,-85,-85,1350,700,53.24433988704573,9.526933199480142,circular
771,1100,700,9.135308002255194,-85,-85,-85,-85,1350,700,62.77127308652587,9.526933199480142,circular
772,1100,700,9.135308002255194,-85,-85,-85,-85,1350,700,72.29820628600602,9.526933199480142,circular
773,1100,700,9.135308002255194,-85,-85,-85,-85,1350,700,81.82513948548616,9.526933199480142,circular
774,1100,700,9.135308002255194,-85,-85,-85,-85,1350,700,91.3520726849663,9.526933199480142,circular
775,1100,700,9.135308002255194,-85,-85,-85,-85,1350,700,100.87900588444644,9.526933199480142,circular
776,1100,700,9.135308002255194,-85,-85,-85,-85,1350,700,110.40593908392658,9.526933199480142,circular
777,1100,700,9.135308002255194,-85,-85,-85,-85,1350,700,119.93287228340672,9.526933199480142,circular
778,1100,700,9.135308002255194,-85,-85,-85,-85,1350,700,129.45980548288688,9.526933199480142,circular
779,1100,700,9.135308002255194,-85,-85,-85,-85,1350,700,138.98673868236702,9.526933199480142,circular
780,1100,700,9.135308002255194,19.25639156218217,-85,-85,16.269948115724727,1350,700,148.51367188184716,9.526933199480142,circular
781,1100,700,9.135308002255194,23.31969953712386,-85,-85,22.496022074683278,1350,700,158.0406050813273,9.526933199480142,circular
782,1100,700,9.135308002255194,24.92014212493214,-85,-85,24.495315191602927,1350,700,167.56753828080744,9.526933199480142,circular
783,1100,700,9.135308002255194,25.80746062382631,-85,-85,25.614204328866276,1350,700,177.09447148028758,9.526933199480142,circular
784,1100,700,9.135308002255194,26.074956048612798,-85,-85,26.035130213615616,1350,700,186.62140467976772,9.526933199480142,circular
785,1100,700,9.135308002255194,25.906018829630398,-85,-85,26.011117049096303,1350,700,196.14833787924786,9.526933199480142,circular
786,1100,700,9.135308002255194,25.157178905256924,-85,-85,25.536951728381826,1350,700,205.675271078728,9.526933199480142,circular
787,1100,700,9.135308002255194,23.769789312347285,-85,-85,24.332711411139446,1350,700,215.20220427820814,9.526933199480142,circular
788,1100,700,9.135308002255194,20.48098321025059,-85,-85,22.170735458799452,1350,700,224.72913747768828,9.526933199480142,circular
789,1100,700,9.135308002255194,-85,-85,-85,14.513447644213265,1350,700,234.25607067716842,9.526933199480142,circular
790,1100,700,9.135308002255194,-85,-85,-85,-85,1350,700,243.78300387664856,9.526933199480142,circular
791,1100,700,9.135308002255194,-85,-85,-85,-85,1350,700,253.3099370761287,9.526933199480142,circular
792,1100,700,9.135308002255194,-85,-85,-85,-85,1350,700,262.8368702756089,9.526933199480142,circular
793,1100,700,9.135308002255194,-85,-85,-85,-85,1350,700,272.363803475089,9.526933199480142,circular
794,1100,700,9.135308002255194,-85,-85,-85,-85,1350,700,281.89073667456915,9.526933199480142,circular
795,1100,700,9.135308002255194,-85,-85,-85,-85,1350,700,291.4176698740493,9.526933199480142,circular
796,1100,700,9.135308002255194,-85,-85,-85,-85,1350,700,300.94460307352944,9.526933199480142,circular
797,1100,700,9.135308002255194,-85,-85,-85,-85,1350,700,310.4715362730096,9.526933199480142,circular
798,1100,700,9.135308002255194,-85,-85,-85,-85,1350,700,319.9984694724897,9.526933199480142,circular
799,1100,700,9.135308002255194,-85,-85,-85,-85,1350,700,329.52540267196986,9.526933199480142,circular
800,1100,700,9.135308002255194,-85,-85,-85,-85,1350,700,339.05233587145,9.526933199480142,circular
801,1100,700,9.135308002255194,-85,-85,-85,-85,1350,700,348.57926907093014,9.526933199480142,circular
802,1100,700,9.135308002255194,-85,-85,-85,-85,1350,700,358.1062022704103,9.526933199480142,circular
803,1100,700,9.135308002255194,-85,-85,-85,-85,1350,700,7.633135469890419,9.526933199480142,circular
804,1100,700,9.135308002255194,-85,-85,-85,-85,1350,700,17.16006866937056,9.526933199480142,circular
805,1100,700,9.135308002255194,-85,-85,-85,-85,1350,700,26.6870018688507,9.526933199480142,circular
806,1100,700,9.135308002255194,-85,-85,-85,-85,1350,700,36.21393506833084,9.526933199480142,circular
807,1100,700,9.135308002255194,-85,-85,-85,-85,1350,700,45.74086826781098,9.526933199480142,circular
808,1100,700,9.135308002255194,-85,-85,-85,-85,1350,700,55.26780146729112,9.526933199480142,circular
809,1100,700,9.135308002255194,-85,-85,-85,-85,1350,700,64.79473466677126,9.526933199480142,circular
810,1100,700,9.135308002255194,-85,-85,-85,-85,1350,700,74.3216678662514,9.526933199480142,circular
811,1100,700,9.135308002255194,-85,-85,-85,-85,1350,700,83.84860106573154,9.526933199480142,circular
812,1100,700,9.135308002255194,-85,-85,-85,-85,1350,700,93.37553426521168,9.526933199480142,circular
813,1100,700,9.135308002255194,-85,-85,-85,-85,1350,700,102.90246746469182,9.526933199480142,circular
814,1100,700,9.135308002255194,-85,-85,-85,-85,1350,700,112.42940066417196,9.526933199480142,circular
815,1100,700,9.135308002255194,-85,-85,-85,-85,1350,700,121.9563338636521,9.526933199480142,circular
816,1100,700,9.135308002255194,-85,-85,-85,-85,1350,700,131.48326706313225,9.526933199480142,circular
817,1100,700,9.135308002255194,-85,-85,-85,-85,1350,700,141.0102002626124,9.526933199480142,circular
818,1100,700,9.135308002255194,20.48098321025059,-85,-85,18.47430475951294,1350,700,150.53713346209253,9.526933199480142,circular
819,1100,700,9.135308002255194,23.769789312347285,-85,-85,23.06730250275713,1350,700,160.06406666157267,9.526933199480142,circular
820,1100,700,9.135308002255194,25.157178905256924,-85,-85,24.78833704083229,1350,700,169.5909998610528,9.526933199480142,circular
821,1100,700,9.135308002255194,25.906018829630398,-85,-85,25.7492610641292,1350,700,179.11793306053295,9.526933199480142,circular
822,1100,700,9.135308002255194,26.074956048612798,-85,-85,26.067010357935978,1350,700,188.6448662600131,9.526933199480142,circular
823,1100,700,9.135308002255194,25.807460623826316,-85,-85,25.946643644493044,1350,700,198.17179945949323,9.526933199480142,circular
824,1100,700,9.135308002255194,24.92014212493214,-85,-85,25.361807294499556,1350,700,207.69873265897337,9.526933199480142,circular
825,1100,700,9.135308002255194,23.319699537123853,-85,-85,23.97102224645776,1350,700,217.2256658584535,9.526933199480142,circular
826,1100,700,9.135308002255194,19.25639156218219,-85,-85,21.418119305852123,1350,700,226.75259905793365,9.526933199480142,circular
827,1100,700,9.135308002255194,-85,-85,-85,-85,1350,700,236.2795322574138,9.526933199480142,circular
828,1100,700,9.135308002255194,-85,-85,-85,-85,1350,700,245.80646545689393,9.526933199480142,circular
829,1100,700,9.135308002255194,-85,-85,-85,-85,1350,700,255.33339865637407,9.526933199480142,circular
830,1100,700,9.135308002255194,-85,-85,-85,-85,1350,700,264.8603318558542,9.526933199480142,circular
831,1100,700,9.135308002255194,-85,-85,-85,-85,1350,700,274.38726505533435,9.526933199480142,circular
832,1100,700,9.135308002255194,-85,-85,-85,-85,1350,700,283.9141982548145,9.526933199480142,circular
833,1100,700,9.135308002255194,-85,-85,-85,-85,1350,700,293.44113145429463,9.526933199480142,circular
834,1100,700,9.135308002255194,-85,-85,-85,-85,1350,700,302.9680646537748,9.526933199480142,circular
835,1100,700,9.135308002255194,-85,-85,-85,-85,1350,700,312.4949978532549,9.526933199480142,circular
836,1100,700,9.135308002255194,-85,-85,-85,-85,1350,700,322.02193105273506,9.526933199480142,circular
837,1100,700,9.135308002255194,-85,-85,-85,-85,1350,700,331.5488642522152,9.526933199480142,circular
838,1100,700,9.135308002255194,-85,-85,-85,-85,1350,700,341.07579745169534,9.526933199480142,circular
839,1100,700,9.135308002255194,-85,-85,-85,-85,1350,700,350.6027306511755,9.526933199480142,circular
840,1100,700,9.135308002255194,-85,-85,-85,-85,1350,700,0.1296638506556178,9.526933199480142,circular
841,1100,700,9.135308002255194,-85,-85,-85,-85,1350,700,9.65659705013576,9.526933199480142,circular
842,1100,700,9.135308002255194,-85,-85,-85,-85,1350,700,19.183530249615902,9.526933199480142,circular
843,1100,700,9.135308002255194,-85,-85,-85,-85,1350,700,28.710463449096046,9.526933199480142,circular
844,1100,700,9.135308002255194,-85,-85,-85,-85,1350,700,38.23739664857619,9.526933199480142,circular
845,1100,700,9.135308002255194,-85,-85,-85,-85,1350,700,47.76432984805633,9.526933199480142,circular
846,1100,700,9.135308002255194,-85,-85,-85,-85,1350,700,57.29126304753647,9.526933199480142,circular
847,1100,700,9.135308002255194,-85,-85,-85,-85,1350,700,66.81819624701662,9.526933199480142,circular
848,1100,700,9.135308002255194,-85,-85,-85,-85,1350,700,76.34512944649676,9.526933199480142,circular
849,1100,700,9.135308002255194,-85,-85,-85,-85,1350,700,85.8720626459769,9.526933199480142,circular
850,1100,700,9.135308002255194,-85,-85,-85,-85,1350,700,95.39899584545704,9.526933199480142,circular
851,1100,700,9.135308002255194,-85,-85,-85,-85,1350,700,104.92592904493718,9.526933199480142,circular
852,1100,700,9.135308002255194,-85,-85,-85,-85,1350,700,114.45286224441732,9.526933199480142,circular
853,1100,700,9.135308002255194,-85,-85,-85,-85,1350,700,123.97979544389746,9.526933199480142,circular
854,1100,700,9.135308002255194,-85,-85,-85,-85,1350,700,133.5067286433776,9.526933199480142,circular
855,1100,700,9.135308002255194,11.505794098357505,-85,-85,-85,1350,700,143.03366184285775,9.526933199480142,circular
856,1100,700,9.135308002255194,21.41811930585211,-85,-85,19.91435422725632,1350,700,152.5605950423379,9.526933199480142,circular
857,1100,700,9.135308002255194,24.1582774269213,-85,-85,23.553218972269416,1350,700,162.08752824181803,9.526933199480142,circular
858,1100,700,9.135308002255194,25.36180729449956,-85,-85,25.042923900792417,1350,700,171.61446144129818,9.526933199480142,circular
859,1100,700,9.135308002255194,25.9816463993744,-85,-85,25.859665714847075,1350,700,181.14139464077832,9.526933199480142,circular
860,1100,700,9.135308002255194,26.053745949214605,-85,-85,26.077602459396946,1350,700,190.66832784025846,9.526933199480142,circular
861,1100,700,9.135308002255194,25.684904084789977,-85,-85,25.859665714847075,1350,700,200.1952610397386,9.526933199480142,circular
862,1100,700,9.135308002255194,24.646943359767004,-85,-85,25.157178905256924,1350,700,209.72219423921874,9.526933199480142,circular
863,1100,700,9.135308002255194,22.793695368992225,-85,-85,23.553218972269416,1350,700,219.24912743869888,9.526933199480142,circular
864,1100,700,9.135308002255194,17.51315549939211,-85,-85,20.48098321025059,1350,700,228.77606063817902,9.526933199480142,circular
865,1100,700,9.135308002255194,-85,-85,-85,-85,1350,700,238.30299383765916,9.526933199480142,circular
866,1100,700,9.135308002255194,-85,-85,-85,-85,1350,700,247.8299270371393,9.526933199480142,circular
867,1100,700,9.135308002255194,-85,-85,-85,-85,1350,700,257.35686023661947,9.526933199480142,circular
868,1100,700,9.135308002255194,-85,-85,-85,-85,1350,700,266.8837934360996,9.526933199480142,circular
869,1100,700,9.135308002255194,-85,-85,-85,-85,1350,700,276.41072663557975,9.526933199480142,circular
870,1100,700,9.135308002255194,-85,-85,-85,-85,1350,700,285.9376598350599,9.526933199480142,circular
871,1100,700,9.135308002255194,-85,-85,-85,-85,1350,700,295.46459303454003,9.526933199480142,circular
872,1100,700,9.135308002255194,-85,-85,-85,-85,1350,700,304.99152623402017,9.526933199480142,circular
873,1100,700,9.135308002255194,-85,-85,-85,-85,1350,700,314.5184594335003,9.526933199480142,circular
874,1100,700,9.135308002255194,-85,-85,-85,-85,1350,700,324.04539263298045,9.526933199480142,circular
875,1100,700,9.135308002255194,-85,-85,-85,-85,1350,700,333.5723258324606,9.526933199480142,circular
876,1100,700,9.135308002255194,-85,-85,-85,-85,1350,700,343.09925903194073,9.526933199480142,circular
877,1100,700,9.135308002255194,-85,-85,-85,-85,1350,700,352.6261922314209,9.526933199480142,circular
878,1100,700,9.135308002255194,-85,-85,-85,-85,1350,700,2.1531254309010137,9.526933199480142,circular
879,1100,700,9.135308002255194,-85,-85,-85,-85,1350,700,11.680058630381156,9.526933199480142,circular
880,1100,700,9.135308002255194,-85,-85,-85,-85,1350,700,21.2069918298613,9.526933199480142,circular
881,1100,700,9.135308002255194,-85,-85,-85,-85,1350,700,30.733925029341442,9.526933199480142,circular
882,1100,700,9.135308002255194,-85,-85,-85,-85,1350,700,40.26085822882158,9.526933199480142,circular
883,1100,700,9.135308002255194,-85,-85,-85,-85,1350,700,49.78779142830172,9.526933199480142,circular
884,1100,700,9.135308002255194,-85,-85,-85,-85,1350,700,59.314724627781864,9.526933199480142,circular
885,1100,700,9.135308002255194,-85,-85,-85,-85,1350,700,68.84165782726201,9.526933199480142,circular
886,1100,700,9.135308002255194,-85,-85,-85,-85,1350,700,78.36859102674215,9.526933199480142,circular
887,1100,700,9.135308002255194,-85,-85,-85,-85,1350,700,87.89552422622229,9.526933199480142,circular
888,1100,700,9.135308002255194,-85,-85,-85,-85,1350,700,97.42245742570243,9.526933199480142,circular
889,1100,700,9.135308002255194,-85,-85,-85,-85,1350,700,106.94939062518257,9.526933199480142,circular
890,1100,700,9.135308002255194,-85,-85,-85,-85,1350,700,116.47632382466271,9.526933199480142,circular
891,1100,700,9.135308002255194,-85,-85,-85,-85,1350,700,126.00325702414285,9.526933199480142,circular
892,1100,700,9.135308002255194,-85,-85,-85,-85,1350,700,135.530190223623,9.526933199480142,circular
893,1100,700,9.135308002255194,16.269948115724727,-85,-85,-85,1350,700,145.05712342310315,9.526933199480142,circular
894,1100,700,9.135308002255194,22.170735458799452,-85,-85,20.97742610025734,1350,700,154.5840566225833,9.526933199480142,circular
895,1100,700,9.135308002255194,24.495315191602927,-85,-85,23.971022246457757,1350,700,164.11098982206343,9.526933199480142,circular
896,1100,700,9.135308002255194,25.614204328866276,-85,-85,25.26334459461691,1350,700,173.63792302154357,9.526933199480142,circular
897,1100,700,9.135308002255194,26.035130213615616,-85,-85,25.946643644493044,1350,700,183.1648562210237,9.526933199480142,circular
898,1100,700,9.135308002255194,26.011117049096303,-85,-85,26.074956048612798,1350,700,192.69178942050385,9.526933199480142,circular
899,1100,700,9.135308002255194,25.536951728381826,-85,-85,25.7492610641292,1350,700,202.218722619984,9.526933199480142,circular
900,1100,700,9.135308002255194,24.332711411139446,-85,-85,24.92014212493214,1350,700,211.74565581946413,9.526933199480142,circular
901,1100,700,9.135308002255194,22.170735458799452,-85,-85,23.067302502757133,1350,700,221.27258901894427,9.526933199480142,circular
902,1100,700,9.135308002255194,14.513447644213265,-85,-85,19.25639156218219,1350,700,230.7995222184244,9.526933199480142,circular
903,1100,700,9.135308002255194,-85,-85,-85,-85,1350,700,240.32645541790455,9.526933199480142,circular
904,1100,700,9.135308002255194,-85,-85,-85,-85,1350,700,249.8533886173847,9.526933199480142,circular
905,1100,700,9.135308002255194,-85,-85,-85,-85,1350,700,259.38032181686486,9.526933199480142,circular
906,1100,700,9.135308002255194,-85,-85,-85,-85,1350,700,268.907255016345,9.526933199480142,circular
907,1100,700,9.135308002255194,-85,-85,-85,-85,1350,700,278.43418821582515,9.526933199480142,circular
908,1100,700,9.135308002255194,-85,-85,-85,-85,1350,700,287.9611214153053,9.526933199480142,circular
909,1100,700,9.135308002255194,-85,-85,-85,-85,1350,700,297.4880546147854,9.526933199480142,circular
910,1100,700,9.135308002255194,-85,-85,-85,-85,1350,700,307.01498781426557,9.526933199480142,circular
911,1100,700,9.135308002255194,-85,-85,-85,-85,1350,700,316.5419210137457,9.526933199480142,circular
912,1100,700,9.135308002255194,-85,-85,-85,-85,1350,700,326.06885421322585,9.526933199480142,circular
913,1100,700,9.135308002255194,-85,-85,-85,-85,1350,700,335.595787412706,9.526933199480142,circular
914,1100,700,9.135308002255194,-85,-85,-85,-85,1350,700,345.12272061218613,9.526933199480142,circular
915,1100,700,9.135308002255194,-85,-85,-85,-85,1350,700,354.64965381166627,9.526933199480142,circular
916,1100,700,9.135308002255194,-85,-85,-85,-85,1350,700,4.17658701114641,9.526933199480142,circular
917,1100,700,9.135308002255194,-85,-85,-85,-85,1350,700,13.703520210626552,9.526933199480142,circular
918,1100,700,9.135308002255194,-85,-85,-85,-85,1350,700,23.230453410106694,9.526933199480142,circular
919,1100,700,9.135308002255194,-85,-85,-85,-85,1350,700,32.75738660958684,9.526933199480142,circular
920,1100,700,9.135308002255194,-85,-85,-85,-85,1350,700,42.28431980906698,9.526933199480142,circular
921,1100,700,9.135308002255194,-85,-85,-85,-85,1350,700,51.81125300854712,9.526933199480142,circular
922,1100,700,9.135308002255194,-85,-85,-85,-85,1350,700,61.33818620802726,9.526933199480142,circular
923,1100,700,9.135308002255194,-85,-85,-85,-85,1350,700,70.86511940750741,9.526933199480142,circular
924,1100,700,9.135308002255194,-85,-85,-85,-85,1350,700,80.39205260698755,9.526933199480142,circular
925,1100,700,9.135308002255194,-85,-85,-85,-85,1350,700,89.91898580646769,9.526933199480142,circular
926,1100,700,9.135308002255194,-85,-85,-85,-85,1350,700,99.44591900594783,9.526933199480142,circular
927,1100,700,9.135308002255194,-85,-85,-85,-85,1350,700,108.97285220542797,9.526933199480142,circular
928,1100,700,9.135308002255194,-85,-85,-85,-85,1350,700,118.49978540490811,9.526933199480142,circular
929,1100,700,9.135308002255194,-85,-85,-85,-85,1350,700,128.02671860438826,9.526933199480142,circular
930,1100,700,9.135308002255194,-85,-85,-85,-85,1350,700,137.5536518038684,9.526933199480142,circular
931,1100,700,9.135308002255194,18.47430475951294,-85,-85,14.513447644213304,1350,700,147.08058500334855,9.526933199480142,circular
932,1100,700,9.135308002255194,22.793695368992218,-85,-85,21.813356630230874,1350,700,156.6075182028287,9.526933199480142,circular
933,1100,700,9.135308002255194,24.78833704083229,-85,-85,24.33271141113945,1350,700,166.13445140230883,9.526933199480142,circular
934,1100,700,9.135308002255194,25.7492610641292,-85,-85,25.452908776355446,1350,700,175.66138460178897,9.526933199480142,circular
935,1100,700,9.135308002255194,26.067010357935978,-85,-85,26.011117049096303,1350,700,185.1883178012691,9.526933199480142,circular
936,1100,700,9.135308002255194,25.946643644493044,-85,-85,26.053745949214605,1350,700,194.71525100074925,9.526933199480142,circular
937,1100,700,9.135308002255194,25.361807294499556,-85,-85,25.614204328866276,1350,700,204.2421842002294,9.526933199480142,circular
938,1100,700,9.135308002255194,23.97102224645776,-85,-85,24.646943359767004,1350,700,213.76911739970953,9.526933199480142,circular
939,1100,700,9.135308002255194,21.418119305852123,-85,-85,22.496022074683278,1350,700,223.29605059918967,9.526933199480142,circular
940,1100,700,9.135308002255194,-85,-85,-85,17.51315549939211,1350,700,232.8229837986698,9.526933199480142,circular
941,1100,700,9.135308002255194,-85,-85,-85,-85,1350,700,242.34991699814995,9.526933199480142,circular
942,1100,700,9.135308002255194,-85,-85,-85,-85,1350,700,251.8768501976301,9.526933199480142,circular
943,1100,700,9.135308002255194,-85,-85,-85,-85,1350,700,261.40378339711026,9.526933199480142,circular
944,1100,700,9.135308002255194,-85,-85,-85,-85,1350,700,270.9307165965904,9.526933199480142,circular
945,1100,700,9.135308002255194,-85,-85,-85,-85,1350,700,280.45764979607054,9.526933199480142,circular
946,1100,700,9.135308002255194,-85,-85,-85,-85,1350,700,289.9845829955507,9.526933199480142,circular
947,1100,700,9.135308002255194,-85,-85,-85,-85,1350,700,299.5115161950308,9.526933199480142,circular
948,1100,700,9.135308002255194,-85,-85,-85,-85,1350,700,309.03844939451096,9.526933199480142,circular
949,1100,700,9.135308002255194,-85,-85,-85,-85,1350,700,318.5653825939911,9.526933199480142,circular
950,1100,700,9.135308002255194,-85,-85,-85,-85,1350,700,328.09231579347124,9.526933199480142,circular
951,1100,700,9.135308002255194,-85,-85,-85,-85,1350,700,337.6192489929514,9.526933199480142,circular
952,1100,700,9.135308002255194,-85,-85,-85,-85,1350,700,347.1461821924315,9.526933199480142,circular
953,1100,700,9.135308002255194,-85,-85,-85,-85,1350,700,356.67311539191167,9.526933199480142,circular
954,1100,700,9.135308002255194,-85,-85,-85,-85,1350,700,6.2000485913918055,9.526933199480142,circular
955,1100,700,9.135308002255194,-85,-85,-85,-85,1350,700,15.726981790871948,9.526933199480142,circular
956,1100,700,9.135308002255194,-85,-85,-85,-85,1350,700,25.25391499035209,9.526933199480142,circular
957,1100,700,9.135308002255194,-85,-85,-85,-85,1350,700,34.780848189832234,9.526933199480142,circular
958,1100,700,9.135308002255194,-85,-85,-85,-85,1350,700,44.307781389312375,9.526933199480142,circular
959,1100,700,9.135308002255194,-85,-85,-85,-85,1350,700,53.834714588792515,9.526933199480142,circular
960,1100,700,9.135308002255194,-85,-85,-85,-85,1350,700,63.361647788272656,9.526933199480142,circular
961,1100,700,9.135308002255194,-85,-85,-85,-85,1350,700,72.8885809877528,9.526933199480142,circular
962,1100,700,9.135308002255194,-85,-85,-85,-85,1350,700,82.41551418723294,9.526933199480142,circular
963,1100,700,9.135308002255194,-85,-85,-85,-85,1350,700,91.94244738671308,9.526933199480142,circular
964,1100,700,9.135308002255194,-85,-85,-85,-85,1350,700,101.46938058619322,9.526933199480142,circular
965,1100,700,9.135308002255194,-85,-85,-85,-85,1350,700,110.99631378567337,9.526933199480142,circular
966,1100,700,9.135308002255194,-85,-85,-85,-85,1350,700,120.5232469851535,9.526933199480142,circular
967,1100,700,9.135308002255194,-85,-85,-85,-85,1350,700,130.05018018463366,9.526933199480142,circular
968,1100,700,9.135308002255194,-85,-85,-85,-85,1350,700,139.5771133841138,9.526933199480142,circular
969,1100,700,9.135308002255194,19.91435422725632,-85,-85,17.513155499392102,1350,700,149.10404658359394,9.526933199480142,circular
970,1100,700,9.135308002255194,23.553218972269416,-85,-85,22.496022074683278,1350,700,158.63097978307408,9.526933199480142,circular
971,1100,700,9.135308002255194,25.042923900792417,-85,-85,24.646943359767004,1350,700,168.15791298255422,9.526933199480142,circular
972,1100,700,9.135308002255194,25.859665714847075,-85,-85,25.614204328866276,1350,700,177.68484618203436,9.526933199480142,circular
973,1100,700,9.135308002255194,26.077602459396946,-85,-85,26.053745949214605,1350,700,187.2117793815145,9.526933199480142,circular
974,1100,700,9.135308002255194,25.859665714847075,-85,-85,26.011117049096303,1350,700,196.73871258099464,9.526933199480142,circular
975,1100,700,9.135308002255194,25.157178905256924,-85,-85,25.452908776355446,1350,700,206.26564578047478,9.526933199480142,circular
976,1100,700,9.135308002255194,23.553218972269416,-85,-85,24.332711411139446,1350,700,215.79257897995492,9.526933199480142,circular
977,1100,700,9.135308002255194,20.48098321025059,-85,-85,21.81335663023087,1350,700,225.31951217943507,9.526933199480142,circular
978,1100,700,9.135308002255194,-85,-85,-85,14.513447644213265,1350,700,234.8464453789152,9.526933199480142,circular
979,1100,700,9.135308002255194,-85,-85,-85,-85,1350,700,244.37337857839535,9.526933199480142,circular
980,1100,700,9.135308002255194,-85,-85,-85,-85,1350,700,253.9003117778755,9.526933199480142,circular
981,1100,700,9.135308002255194,-85,-85,-85,-85,1350,700,263.42724497735566,9.526933199480142,circular
982,1100,700,9.135308002255194,-85,-85,-85,-85,1350,700,272.9541781768358,9.526933199480142,circular
983,1100,700,9.135308002255194,-85,-85,-85,-85,1350,700,282.48111137631594,9.526933199480142,circular
984,1100,700,9.135308002255194,-85,-85,-85,-85,1350,700,292.0080445757961,9.526933199480142,circular
985,1100,700,9.135308002255194,-85,-85,-85,-85,1350,700,301.5349777752762,9.526933199480142,circular
986,1100,700,9.135308002255194,-85,-85,-85,-85,1350,700,311.06191097475636,9.526933199480142,circular
987,1100,700,9.135308002255194,-85,-85,-85,-85,1350,700,320.5888441742365,9.526933199480142,circular
988,1100,700,9.135308002255194,-85,-85,-85,-85,1350,700,330.11577737371664,9.526933199480142,circular
989,1100,700,9.135308002255194,-85,-85,-85,-85,1350,700,339.6427105731968,9.526933199480142,circular
990,1100,700,9.135308002255194,-85,-85,-85,-85,1350,700,349.1696437726769,9.526933199480142,circular
991,1100,700,9.135308002255194,-85,-85,-85,-85,1350,700,358.69657697215706,9.526933199480142,circular
992,1100,700,9.135308002255194,-85,-85,-85,-85,1350,700,8.223510171637201,9.526933199480142,circular
993,1100,700,9.135308002255194,-85,-85,-85,-85,1350,700,17.750443371117342,9.526933199480142,circular
994,1100,700,9.135308002255194,-85,-85,-85,-85,1350,700,27.277376570597482,9.526933199480142,circular
995,1100,700,9.135308002255194,-85,-85,-85,-85,1350,700,36.80430977007762,9.526933199480142,circular
996,1100,700,9.135308002255194,-85,-85,-85,-85,1350,700,46.33124296955776,9.526933199480142,circular
997,1100,700,9.135308002255194,-85,-85,-85,-85,1350,700,55.858176169037904,9.526933199480142,circular
998,1100,700,9.135308002255194,-85,-85,-85,-85,1350,700,65.38510936851804,9.526933199480142,circular
999,1100,700,9.135308002255194,-85,-85,-85,-85,1350,700,74.91204256799818,9.526933199480142,circular
