Tick,Aircraft X,Aircraft Y,Aircraft Heading,A1,A2,A3,A4,Radar X,Radar Y,Radar Azimuth,Radar RPM,Radar Scan Pattern
0,1100,700,94.52440623919682,-85,-85,-85,-85,1350,700,30.23597556500385,19.54198899324997,circular
1,1100,700,94.52440623919682,-85,-85,-85,-85,1350,700,49.77796455825382,19.54198899324997,circular
2,1100,700,94.52440623919682,-85,-85,-85,-85,1350,700,69.31995355150379,19.54198899324997,circular
3,1100,700,94.52440623919682,-85,-85,-85,-85,1350,700,88.86194254475376,19.54198899324997,circular
4,1100,700,94.52440623919682,-85,-85,-85,-85,1350,700,108.40393153800373,19.54198899324997,circular
5,1100,700,94.52440623919682,-85,-85,-85,-85,1350,700,127.9459205312537,19.54198899324997,circular
6,1100,700,94.52440623919682,-85,-85,-85,-85,1350,700,147.48790952450366,19.54198899324997,circular
7,1100,700,94.52440623919682,-85,-85,21.813356630230874,23.06730250275713,1350,700,167.02989851775362,19.54198899324997,circular
8,1100,700,94.52440623919682,-85,-85,25.536951728381826,25.7492610641292,1350,700,186.57188751100358,19.54198899324997,circular
9,1100,700,94.52440623919682,-85,-85,26.011117049096303,25.906018829630398,1350,700,206.11387650425354,19.54198899324997,circular
10,1100,700,94.52440623919682,-85,-85,24.332711411139446,23.769789312347285,1350,700,225.6558654975035,19.54198899324997,circular
11,1100,700,94.52440623919682,-85,-85,11.50579409835762,-85,1350,700,245.19785449075346,19.54198899324997,circular
12,1100,700,94.52440623919682,-85,-85,-85,-85,1350,700,264.7398434840034,19.54198899324997,circular
13,1100,700,94.52440623919682,-85,-85,-85,-85,1350,700,284.2818324772534,19.54198899324997,circular
14,1100,700,94.52440623919682,-85,-85,-85,-85,1350,700,303.82382147050333,19.54198899324997,circular
15,1100,700,94.52440623919682,-85,-85,-85,-85,1350,700,323.3658104637533,19.54198899324997,circular
16,1100,700,94.52440623919682,-85,-85,-85,-85,1350,700,342.90779945700325,19.54198899324997,circular
17,1100,700,94.52440623919682,-85,-85,-85,-85,1350,700,2.449788450253209,19.54198899324997,circular
18,1100,700,94.52440623919682,-85,-85,-85,-85,1350,700,21.991777443503178,19.54198899324997,circular
19,1100,700,94.52440623919682,-85,-85,-85,-85,1350,700,41.53376643675315,19.54198899324997,circular
20,1100,700,94.52440623919682,-85,-85,-85,-85,1350,700,61.07575543000311,19.54198899324997,circular
21,1100,700,94.52440623919682,-85,-85,-85,-85,1350,700,80.61774442325309,19.54198899324997,circular
22,1100,700,94.52440623919682,-85,-85,-85,-85,1350,700,100.15973341650306,19.54198899324997,circular
23,1100,700,94.52440623919682,-85,-85,-85,-85,1350,700,119.70172240975303,19.54198899324997,circular
24,1100,700,94.52440623919682,-85,-85,-85,-85,1350,700,139.243711403003,19.54198899324997,circular
25,1100,700,94.52440623919682,-85,-85,16.269948115724727,19.91435422725632,1350,700,158.78570039625296,19.54198899324997,circular
26,1100,700,94.52440623919682,-85,-85,24.646943359767004,25.042923900792417,1350,700,178.32768938950292,19.54198899324997,circular
27,1100,700,94.52440623919682,-85,-85,26.053745949214605,26.077602459396946,1350,700,197.86967838275288,19.54198899324997,circular
28,1100,700,94.52440623919682,-85,-85,25.361807294499556,25.042923900792417,1350,700,217.41166737600284,19.54198899324997,circular
29,1100,700,94.52440623919682,-85,-85,21.418119305852123,19.25639156218219,1350,700,236.9536563692528,19.54198899324997,circular
30,1100,700,94.52440623919682,-85,-85,-85,-85,1350,700,256.4956453625028,19.54198899324997,circular
31,1100,700,94.52440623919682,-85,-85,-85,-85,1350,700,276.03763435575274,19.54198899324997,circular
32,1100,700,94.52440623919682,-85,-85,-85,-85,1350,700,295.5796233490027,19.54198899324997,circular
33,1100,700,94.52440623919682,-85,-85,-85,-85,1350,700,315.12161234225266,19.54198899324997,circular
34,1100,700,94.52440623919682,-85,-85,-85,-85,1350,700,334.6636013355026,19.54198899324997,circular
35,1100,700,94.52440623919682,-85,-85,-85,-85,1350,700,354.2055903287526,19.54198899324997,circular
36,1100,700,94.52440623919682,-85,-85,-85,-85,1350,700,13.747579322002537,19.54198899324997,circular
37,1100,700,94.52440623919682,-85,-85,-85,-85,1350,700,33.28956831525251,19.54198899324997,circular
38,1100,700,94.52440623919682,-85,-85,-85,-85,1350,700,52.83155730850248,19.54198899324997,circular
39,1100,700,94.52440623919682,-85,-85,-85,-85,1350,700,72.37354630175246,19.54198899324997,circular
40,1100,700,94.52440623919682,-85,-85,-85,-85,1350,700,91.91553529500243,19.54198899324997,circular
41,1100,700,94.52440623919682,-85,-85,-85,-85,1350,700,111.4575242882524,19.54198899324997,circular
42,1100,700,94.52440623919682,-85,-85,-85,-85,1350,700,130.99951328150237,19.54198899324997,circular
43,1100,700,94.52440623919682,-85,-85,-85,-85,1350,700,150.54150227475233,19.54198899324997,circular
44,1100,700,94.52440623919682,-85,-85,23.06730250275713,23.769789312347285,1350,700,170.0834912680023,19.54198899324997,circular
45,1100,700,94.52440623919682,-85,-85,25.7492610641292,25.906018829630398,1350,700,189.62548026125225,19.54198899324997,circular
46,1100,700,94.52440623919682,-85,-85,25.906018829630398,25.7492610641292,1350,700,209.1674692545022,19.54198899324997,circular
47,1100,700,94.52440623919682,-85,-85,23.769789312347285,23.067302502757133,1350,700,228.70945824775217,19.54198899324997,circular
48,1100,700,94.52440623919682,-85,-85,-85,-85,1350,700,248.25144724100213,19.54198899324997,circular
49,1100,700,94.52440623919682,-85,-85,-85,-85,1350,700,267.7934362342521,19.54198899324997,circular
50,1100,700,94.52440623919682,-85,-85,-85,-85,1350,700,287.33542522750207,19.54198899324997,circular
51,1100,700,94.52440623919682,-85,-85,-85,-85,1350,700,306.87741422075203,19.54198899324997,circular
52,1100,700,94.52440623919682,-85,-85,-85,-85,1350,700,326.419403214002,19.54198899324997,circular
53,1100,700,94.52440623919682,-85,-85,-85,-85,1350,700,345.96139220725195,19.54198899324997,circular
54,1100,700,94.52440623919682,-85,-85,-85,-85,1350,700,5.503381200501906,19.54198899324997,circular
55,1100,700,94.52440623919682,-85,-85,-85,-85,1350,700,25.045370193751875,19.54198899324997,circular
56,1100,700,94.52440623919682,-85,-85,-85,-85,1350,700,44.587359187001844,19.54198899324997,circular
57,1100,700,94.52440623919682,-85,-85,-85,-85,1350,700,64.12934818025181,19.54198899324997,circular
58,1100,700,94.52440623919682,-85,-85,-85,-85,1350,700,83.67133717350178,19.54198899324997,circular
59,1100,700,94.52440623919682,-85,-85,-85,-85,1350,700,103.21332616675176,19.54198899324997,circular
60,1100,700,94.52440623919682,-85,-85,-85,-85,1350,700,122.75531516000173,19.54198899324997,circular
61,1100,700,94.52440623919682,-85,-85,-85,-85,1350,700,142.2973041532517,19.54198899324997,circular
62,1100,700,94.52440623919682,-85,-85,19.25639156218217,21.41811930585211,1350,700,161.83929314650166,19.54198899324997,circular
63,1100,700,94.52440623919682,-85,-85,25.042923900792417,25.36180729449956,1350,700,181.38128213975162,19.54198899324997,circular
64,1100,700,94.52440623919682,-85,-85,26.077602459396946,26.053745949214605,1350,700,200.92327113300158,19.54198899324997,circular
65,1100,700,94.52440623919682,-85,-85,25.042923900792417,24.646943359767004,1350,700,220.46526012625154,19.54198899324997,circular
66,1100,700,94.52440623919682,-85,-85,19.914354227256315,16.269948115724716,1350,700,240.0072491195015,19.54198899324997,circular
67,1100,700,94.52440623919682,-85,-85,-85,-85,1350,700,259.5492381127515,19.54198899324997,circular
68,1100,700,94.52440623919682,-85,-85,-85,-85,1350,700,279.09122710600144,19.54198899324997,circular
69,1100,700,94.52440623919682,-85,-85,-85,-85,1350,700,298.6332160992514,19.54198899324997,circular
70,1100,700,94.52440623919682,-85,-85,-85,-85,1350,700,318.17520509250136,19.54198899324997,circular
71,1100,700,94.52440623919682,-85,-85,-85,-85,1350,700,337.7171940857513,19.54198899324997,circular
72,1100,700,94.52440623919682,-85,-85,-85,-85,1350,700,357.2591830790013,19.54198899324997,circular
73,1100,700,94.52440623919682,-85,-85,-85,-85,1350,700,16.801172072251234,19.54198899324997,circular
74,1100,700,94.52440623919682,-85,-85,-85,-85,1350,700,36.34316106550121,19.54198899324997,circular
75,1100,700,94.52440623919682,-85,-85,-85,-85,1350,700,55.88515005875118,19.54198899324997,circular
76,1100,700,94.52440623919682,-85,-85,-85,-85,1350,700,75.42713905200115,19.54198899324997,circular
77,1100,700,94.52440623919682,-85,-85,-85,-85,1350,700,94.96912804525113,19.54198899324997,circular
78,1100,700,94.52440623919682,-85,-85,-85,-85,1350,700,114.5111170385011,19.54198899324997,circular
79,1100,700,94.52440623919682,-85,-85,-85,-85,1350,700,134.05310603175107,19.54198899324997,circular
80,1100,700,94.52440623919682,-85,-85,-85,11.505794098357505,1350,700,153.59509502500103,19.54198899324997,circular
81,1100,700,94.52440623919682,-85,-85,23.769789312347285,24.33271141113945,1350,700,173.137084018251,19.54198899324997,circular
82,1100,700,94.52440623919682,-85,-85,25.906018829630398,26.011117049096303,1350,700,192.67907301150095,19.54198899324997,circular
83,1100,700,94.52440623919682,-85,-85,25.7492610641292,25.536951728381826,1350,700,212.2210620047509,19.54198899324997,circular
84,1100,700,94.52440623919682,-85,-85,23.067302502757133,21.81335663023087,1350,700,231.76305099800086,19.54198899324997,circular
85,1100,700,94.52440623919682,-85,-85,-85,-85,1350,700,251.30503999125082,19.54198899324997,circular
86,1100,700,94.52440623919682,-85,-85,-85,-85,1350,700,270.8470289845008,19.54198899324997,circular
87,1100,700,94.52440623919682,-85,-85,-85,-85,1350,700,290.38901797775077,19.54198899324997,circular
88,1100,700,94.52440623919682,-85,-85,-85,-85,1350,700,309.9310069710007,19.54198899324997,circular
89,1100,700,94.52440623919682,-85,-85,-85,-85,1350,700,329.4729959642507,19.54198899324997,circular
90,1100,700,94.52440623919682,-85,-85,-85,-85,1350,700,349.01498495750064,19.54198899324997,circular
91,1100,700,94.52440623919682,-85,-85,-85,-85,1350,700,8.556973950750603,19.54198899324997,circular
92,1100,700,94.52440623919682,-85,-85,-85,-85,1350,700,28.098962944000572,19.54198899324997,circular
93,1100,700,94.52440623919682,-85,-85,-85,-85,1350,700,47.64095193725054,19.54198899324997,circular
94,1100,700,94.52440623919682,-85,-85,-85,-85,1350,700,67.18294093050051,19.54198899324997,circular
95,1100,700,94.52440623919682,-85,-85,-85,-85,1350,700,86.72492992375048,19.54198899324997,circular
96,1100,700,94.52440623919682,-85,-85,-85,-85,1350,700,106.26691891700045,19.54198899324997,circular
97,1100,700,94.52440623919682,-85,-85,-85,-85,1350,700,125.80890791025043,19.54198899324997,circular
98,1100,700,94.52440623919682,-85,-85,-85,-85,1350,700,145.3508969035004,19.54198899324997,circular
99,1100,700,94.52440623919682,-85,-85,20.97742610025734,22.496022074683278,1350,700,164.89288589675036,19.54198899324997,circular
100,1100,700,94.52440623919682,-85,-85,25.36180729449956,25.614204328866276,1350,700,184.43487489000032,19.54198899324997,circular
101,1100,700,94.52440623919682,-85,-85,26.067010357935978,25.9816463993744,1350,700,203.97686388325027,19.54198899324997,circular
102,1100,700,94.52440623919682,-85,-85,24.646943359767004,24.1582774269213,1350,700,223.51885287650023,19.54198899324997,circular
103,1100,700,94.52440623919682,-85,-85,17.51315549939211,-85,1350,700,243.0608418697502,19.54198899324997,circular
104,1100,700,94.52440623919682,-85,-85,-85,-85,1350,700,262.6028308630002,19.54198899324997,circular
105,1100,700,94.52440623919682,-85,-85,-85,-85,1350,700,282.14481985625014,19.54198899324997,circular
106,1100,700,94.52440623919682,-85,-85,-85,-85,1350,700,301.6868088495001,19.54198899324997,circular
107,1100,700,94.52440623919682,-85,-85,-85,-85,1350,700,321.22879784275005,19.54198899324997,circular
108,1100,700,94.52440623919682,-85,-85,-85,-85,1350,700,340.770786836,19.54198899324997,circular
109,1100,700,94.52440623919682,-85,-85,-85,-85,1350,700,0.31277582924997205,19.54198899324997,circular
110,1100,700,94.52440623919682,-85,-85,-85,-85,1350,700,19.85476482249994,19.54198899324997,circular
111,1100,700,94.52440623919682,-85,-85,-85,-85,1350,700,39.39675381574991,19.54198899324997,circular
112,1100,700,94.52440623919682,-85,-85,-85,-85,1350,700,58.938742808999876,19.54198899324997,circular
113,1100,700,94.52440623919682,-85,-85,-85,-85,1350,700,78.48073180224985,19.54198899324997,circular
114,1100,700,94.52440623919682,-85,-85,-85,-85,1350,700,98.02272079549982,19.54198899324997,circular
115,1100,700,94.52440623919682,-85,-85,-85,-85,1350,700,117.5647097887498,19.54198899324997,circular
116,1100,700,94.52440623919682,-85,-85,-85,-85,1350,700,137.10669878199977,19.54198899324997,circular
117,1100,700,94.52440623919682,-85,-85,11.505794098357505,17.513155499392102,1350,700,156.64868777524973,19.54198899324997,circular
118,1100,700,94.52440623919682,-85,-85,24.33271141113945,24.78833704083229,1350,700,176.19067676849969,19.54198899324997,circular
119,1100,700,94.52440623919682,-85,-85,26.011117049096303,26.067010357935978,1350,700,195.73266576174964,19.54198899324997,circular
120,1100,700,94.52440623919682,-85,-85,25.536951728381826,25.263344594616918,1350,700,215.2746547549996,19.54198899324997,circular
121,1100,700,94.52440623919682,-85,-85,22.170735458799452,20.48098321025059,1350,700,234.81664374824956,19.54198899324997,circular
122,1100,700,94.52440623919682,-85,-85,-85,-85,1350,700,254.35863274149952,19.54198899324997,circular
123,1100,700,94.52440623919682,-85,-85,-85,-85,1350,700,273.9006217347495,19.54198899324997,circular
124,1100,700,94.52440623919682,-85,-85,-85,-85,1350,700,293.44261072799947,19.54198899324997,circular
125,1100,700,94.52440623919682,-85,-85,-85,-85,1350,700,312.9845997212494,19.54198899324997,circular
126,1100,700,94.52440623919682,-85,-85,-85,-85,1350,700,332.5265887144994,19.54198899324997,circular
127,1100,700,94.52440623919682,-85,-85,-85,-85,1350,700,352.06857770774934,19.54198899324997,circular
128,1100,700,94.52440623919682,-85,-85,-85,-85,1350,700,11.6105667009993,19.54198899324997,circular
129,1100,700,94.52440623919682,-85,-85,-85,-85,1350,700,31.15255569424927,19.54198899324997,circular
130,1100,700,94.52440623919682,-85,-85,-85,-85,1350,700,50.69454468749924,19.54198899324997,circular
131,1100,700,94.52440623919682,-85,-85,-85,-85,1350,700,70.2365336807492,19.54198899324997,circular
132,1100,700,94.52440623919682,-85,-85,-85,-85,1350,700,89.77852267399918,19.54198899324997,circular
133,1100,700,94.52440623919682,-85,-85,-85,-85,1350,700,109.32051166724915,19.54198899324997,circular
134,1100,700,94.52440623919682,-85,-85,-85,-85,1350,700,128.8625006604991,19.54198899324997,circular
135,1100,700,94.52440623919682,-85,-85,-85,-85,1350,700,148.40448965374907,19.54198899324997,circular
136,1100,700,94.52440623919682,-85,-85,22.170735458799452,23.31969953712386,1350,700,167.94647864699903,19.54198899324997,circular
137,1100,700,94.52440623919682,-85,-85,25.614204328866276,25.80746062382631,1350,700,187.48846764024898,19.54198899324997,circular
138,1100,700,94.52440623919682,-85,-85,26.011117049096303,25.859665714847075,1350,700,207.03045663349894,19.54198899324997,circular
139,1100,700,94.52440623919682,-85,-85,24.1582774269213,23.553218972269416,1350,700,226.5724456267489,19.54198899324997,circular
140,1100,700,94.52440623919682,-85,-85,-85,-85,1350,700,246.11443461999886,19.54198899324997,circular
141,1100,700,94.52440623919682,-85,-85,-85,-85,1350,700,265.6564236132488,19.54198899324997,circular
142,1100,700,94.52440623919682,-85,-85,-85,-85,1350,700,285.1984126064988,19.54198899324997,circular
143,1100,700,94.52440623919682,-85,-85,-85,-85,1350,700,304.74040159974874,19.54198899324997,circular
144,1100,700,94.52440623919682,-85,-85,-85,-85,1350,700,324.2823905929987,19.54198899324997,circular
145,1100,700,94.52440623919682,-85,-85,-85,-85,1350,700,343.82437958624865,19.54198899324997,circular
146,1100,700,94.52440623919682,-85,-85,-85,-85,1350,700,3.3663685794986122,19.54198899324997,circular
147,1100,700,94.52440623919682,-85,-85,-85,-85,1350,700,22.90835757274858,19.54198899324997,circular
148,1100,700,94.52440623919682,-85,-85,-85,-85,1350,700,42.45034656599855,19.54198899324997,circular
149,1100,700,94.52440623919682,-85,-85,-85,-85,1350,700,61.99233555924852,19.54198899324997,circular
150,1100,700,94.52440623919682,-85,-85,-85,-85,1350,700,81.53432455249849,19.54198899324997,circular
151,1100,700,94.52440623919682,-85,-85,-85,-85,1350,700,101.07631354574846,19.54198899324997,circular
152,1100,700,94.52440623919682,-85,-85,-85,-85,1350,700,120.61830253899844,19.54198899324997,circular
153,1100,700,94.52440623919682,-85,-85,-85,-85,1350,700,140.1602915322484,19.54198899324997,circular
154,1100,700,94.52440623919682,-85,-85,17.513155499392102,19.91435422725632,1350,700,159.70228052549837,19.54198899324997,circular
155,1100,700,94.52440623919682,-85,-85,24.78833704083229,25.157178905256924,1350,700,179.24426951874833,19.54198899324997,circular
156,1100,700,94.52440623919682,-85,-85,26.067010357935978,26.074956048612798,1350,700,198.78625851199828,19.54198899324997,circular
157,1100,700,94.52440623919682,-85,-85,25.263344594616918,24.92014212493214,1350,700,218.32824750524824,19.54198899324997,circular
158,1100,700,94.52440623919682,-85,-85,20.97742610025735,18.474304759512954,1350,700,237.8702364984982,19.54198899324997,circular
159,1100,700,94.52440623919682,-85,-85,-85,-85,1350,700,257.4122254917482,19.54198899324997,circular
160,1100,700,94.52440623919682,-85,-85,-85,-85,1350,700,276.95421448499815,19.54198899324997,circular
161,1100,700,94.52440623919682,-85,-85,-85,-85,1350,700,296.4962034782481,19.54198899324997,circular
162,1100,700,94.52440623919682,-85,-85,-85,-85,1350,700,316.03819247149806,19.54198899324997,circular
163,1100,700,94.52440623919682,-85,-85,-85,-85,1350,700,335.580181464748,19.54198899324997,circular
164,1100,700,94.52440623919682,-85,-85,-85,-85,1350,700,355.122170457998,19.54198899324997,circular
165,1100,700,94.52440623919682,-85,-85,-85,-85,1350,700,14.66415945124794,19.54198899324997,circular
166,1100,700,94.52440623919682,-85,-85,-85,-85,1350,700,34.20614844449791,19.54198899324997,circular
167,1100,700,94.52440623919682,-85,-85,-85,-85,1350,700,53.748137437747886,19.54198899324997,circular
168,1100,700,94.52440623919682,-85,-85,-85,-85,1350,700,73.29012643099786,19.54198899324997,circular
169,1100,700,94.52440623919682,-85,-85,-85,-85,1350,700,92.83211542424783,19.54198899324997,circular
170,1100,700,94.52440623919682,-85,-85,-85,-85,1350,700,112.3741044174978,19.54198899324997,circular
171,1100,700,94.52440623919682,-85,-85,-85,-85,1350,700,131.91609341074778,19.54198899324997,circular
172,1100,700,94.52440623919682,-85,-85,-85,-85,1350,700,151.45808240399774,19.54198899324997,circular
173,1100,700,94.52440623919682,-85,-85,23.06730250275713,23.971022246457757,1350,700,171.0000713972477,19.54198899324997,circular
174,1100,700,94.52440623919682,-85,-85,25.80746062382631,25.946643644493044,1350,700,190.54206039049765,19.54198899324997,circular
175,1100,700,94.52440623919682,-85,-85,25.859665714847075,25.684904084789977,1350,700,210.0840493837476,19.54198899324997,circular
176,1100,700,94.52440623919682,-85,-85,23.553218972269416,22.793695368992225,1350,700,229.62603837699757,19.54198899324997,circular
177,1100,700,94.52440623919682,-85,-85,-85,-85,1350,700,249.16802737024753,19.54198899324997,circular
178,1100,700,94.52440623919682,-85,-85,-85,-85,1350,700,268.7100163634975,19.54198899324997,circular
179,1100,700,94.52440623919682,-85,-85,-85,-85,1350,700,288.2520053567475,19.54198899324997,circular
180,1100,700,94.52440623919682,-85,-85,-85,-85,1350,700,307.79399434999743,19.54198899324997,circular
181,1100,700,94.52440623919682,-85,-85,-85,-85,1350,700,327.3359833432474,19.54198899324997,circular
182,1100,700,94.52440623919682,-85,-85,-85,-85,1350,700,346.87797233649735,19.54198899324997,circular
183,1100,700,94.52440623919682,-85,-85,-85,-85,1350,700,6.419961329747309,19.54198899324997,circular
184,1100,700,94.52440623919682,-85,-85,-85,-85,1350,700,25.96195032299728,19.54198899324997,circular
185,1100,700,94.52440623919682,-85,-85,-85,-85,1350,700,45.50393931624725,19.54198899324997,circular
186,1100,700,94.52440623919682,-85,-85,-85,-85,1350,700,65.04592830949721,19.54198899324997,circular
187,1100,700,94.52440623919682,-85,-85,-85,-85,1350,700,84.58791730274719,19.54198899324997,circular
188,1100,700,94.52440623919682,-85,-85,-85,-85,1350,700,104.12990629599716,19.54198899324997,circular
189,1100,700,94.52440623919682,-85,-85,-85,-85,1350,700,123.67189528924713,19.54198899324997,circular
190,1100,700,94.52440623919682,-85,-85,-85,-85,1350,700,143.2138842824971,19.54198899324997,circular
191,1100,700,94.52440623919682,-85,-85,19.91435422725632,21.813356630230874,1350,700,162.75587327574706,19.54198899324997,circular
192,1100,700,94.52440623919682,-85,-85,25.157178905256924,25.452908776355446,1350,700,182.29786226899702,19.54198899324997,circular
193,1100,700,94.52440623919682,-85,-85,26.077602459396946,26.035130213615616,1350,700,201.83985126224698,19.54198899324997,circular
194,1100,700,94.52440623919682,-85,-85,24.92014212493214,24.495315191602927,1350,700,221.38184025549694,19.54198899324997,circular
195,1100,700,94.52440623919682,-85,-85,19.25639156218219,14.513447644213265,1350,700,240.9238292487469,19.54198899324997,circular
196,1100,700,94.52440623919682,-85,-85,-85,-85,1350,700,260.4658182419969,19.54198899324997,circular
197,1100,700,94.52440623919682,-85,-85,-85,-85,1350,700,280.00780723524684,19.54198899324997,circular
198,1100,700,94.52440623919682,-85,-85,-85,-85,1350,700,299.5497962284968,19.54198899324997,circular
199,1100,700,94.52440623919682,-85,-85,-85,-85,1350,700,319.09178522174676,19.54198899324997,circular
200,1100,700,94.52440623919682,-85,-85,-85,-85,1350,700,338.6337742149967,19.54198899324997,circular
201,1100,700,94.52440623919682,-85,-85,-85,-85,1350,700,358.1757632082467,19.54198899324997,circular
202,1100,700,94.52440623919682,-85,-85,-85,-85,1350,700,17.717752201496637,19.54198899324997,circular
203,1100,700,94.52440623919682,-85,-85,-85,-85,1350,700,37.25974119474661,19.54198899324997,circular
204,1100,700,94.52440623919682,-85,-85,-85,-85,1350,700,56.80173018799658,19.54198899324997,circular
205,1100,700,94.52440623919682,-85,-85,-85,-85,1350,700,76.34371918124656,19.54198899324997,circular
206,1100,700,94.52440623919682,-85,-85,-85,-85,1350,700,95.88570817449653,19.54198899324997,circular
207,1100,700,94.52440623919682,-85,-85,-85,-85,1350,700,115.4276971677465,19.54198899324997,circular
208,1100,700,94.52440623919682,-85,-85,-85,-85,1350,700,134.96968616099647,19.54198899324997,circular
209,1100,700,94.52440623919682,-85,-85,-85,14.513447644213304,1350,700,154.51167515424643,19.54198899324997,circular
210,1100,700,94.52440623919682,-85,-85,23.769789312347285,24.495315191602927,1350,700,174.0536641474964,19.54198899324997,circular
211,1100,700,94.52440623919682,-85,-85,25.946643644493044,26.035130213615616,1350,700,193.59565314074635,19.54198899324997,circular
212,1100,700,94.52440623919682,-85,-85,25.684904084789977,25.452908776355446,1350,700,213.1376421339963,19.54198899324997,circular
213,1100,700,94.52440623919682,-85,-85,22.793695368992225,21.81335663023087,1350,700,232.67963112724627,19.54198899324997,circular
214,1100,700,94.52440623919682,-85,-85,-85,-85,1350,700,252.22162012049623,19.54198899324997,circular
215,1100,700,94.52440623919682,-85,-85,-85,-85,1350,700,271.7636091137462,19.54198899324997,circular
216,1100,700,94.52440623919682,-85,-85,-85,-85,1350,700,291.3055981069962,19.54198899324997,circular
217,1100,700,94.52440623919682,-85,-85,-85,-85,1350,700,310.84758710024613,19.54198899324997,circular
218,1100,700,94.52440623919682,-85,-85,-85,-85,1350,700,330.3895760934961,19.54198899324997,circular
219,1100,700,94.52440623919682,-85,-85,-85,-85,1350,700,349.93156508674605,19.54198899324997,circular
220,1100,700,94.52440623919682,-85,-85,-85,-85,1350,700,9.473554079996006,19.54198899324997,circular
221,1100,700,94.52440623919682,-85,-85,-85,-85,1350,700,29.015543073245976,19.54198899324997,circular
222,1100,700,94.52440623919682,-85,-85,-85,-85,1350,700,48.557532066495945,19.54198899324997,circular
223,1100,700,94.52440623919682,-85,-85,-85,-85,1350,700,68.09952105974591,19.54198899324997,circular
224,1100,700,94.52440623919682,-85,-85,-85,-85,1350,700,87.64151005299588,19.54198899324997,circular
225,1100,700,94.52440623919682,-85,-85,-85,-85,1350,700,107.18349904624586,19.54198899324997,circular
226,1100,700,94.52440623919682,-85,-85,-85,-85,1350,700,126.72548803949583,19.54198899324997,circular
227,1100,700,94.52440623919682,-85,-85,-85,-85,1350,700,146.2674770327458,19.54198899324997,circular
228,1100,700,94.52440623919682,-85,-85,21.41811930585211,22.793695368992218,1350,700,165.80946602599576,19.54198899324997,circular
229,1100,700,94.52440623919682,-85,-85,25.452908776355446,25.684904084789974,1350,700,185.35145501924572,19.54198899324997,circular
230,1100,700,94.52440623919682,-85,-85,26.053745949214605,25.946643644493044,1350,700,204.89344401249568,19.54198899324997,circular
231,1100,700,94.52440623919682,-85,-85,24.495315191602927,23.97102224645776,1350,700,224.43543300574564,19.54198899324997,circular
232,1100,700,94.52440623919682,-85,-85,16.269948115724716,-85,1350,700,243.9774219989956,19.54198899324997,circular
233,1100,700,94.52440623919682,-85,-85,-85,-85,1350,700,263.5194109922456,19.54198899324997,circular
234,1100,700,94.52440623919682,-85,-85,-85,-85,1350,700,283.06139998549554,19.54198899324997,circular
235,1100,700,94.52440623919682,-85,-85,-85,-85,1350,700,302.6033889787455,19.54198899324997,circular
236,1100,700,94.52440623919682,-85,-85,-85,-85,1350,700,322.14537797199546,19.54198899324997,circular
237,1100,700,94.52440623919682,-85,-85,-85,-85,1350,700,341.6873669652454,19.54198899324997,circular
238,1100,700,94.52440623919682,-85,-85,-85,-85,1350,700,1.2293559584953755,19.54198899324997,circular
239,1100,700,94.52440623919682,-85,-85,-85,-85,1350,700,20.771344951745345,19.54198899324997,circular
240,1100,700,94.52440623919682,-85,-85,-85,-85,1350,700,40.313333944995314,19.54198899324997,circular
241,1100,700,94.52440623919682,-85,-85,-85,-85,1350,700,59.85532293824528,19.54198899324997,circular
242,1100,700,94.52440623919682,-85,-85,-85,-85,1350,700,79.39731193149525,19.54198899324997,circular
243,1100,700,94.52440623919682,-85,-85,-85,-85,1350,700,98.93930092474523,19.54198899324997,circular
244,1100,700,94.52440623919682,-85,-85,-85,-85,1350,700,118.4812899179952,19.54198899324997,circular
245,1100,700,94.52440623919682,-85,-85,-85,-85,1350,700,138.02327891124517,19.54198899324997,circular
246,1100,700,94.52440623919682,-85,-85,14.513447644213304,18.47430475951294,1350,700,157.56526790449513,19.54198899324997,circular
247,1100,700,94.52440623919682,-85,-85,24.495315191602927,24.92014212493214,1350,700,177.1072568977451,19.54198899324997,circular
248,1100,700,94.52440623919682,-85,-85,26.035130213615616,26.074956048612798,1350,700,196.64924589099505,19.54198899324997,circular
249,1100,700,94.52440623919682,-85,-85,25.452908776355446,25.157178905256924,1350,700,216.191234884245,19.54198899324997,circular
250,1100,700,94.52440623919682,-85,-85,21.81335663023087,20.48098321025059,1350,700,235.73322387749496,19.54198899324997,circular
251,1100,700,94.52440623919682,-85,-85,-85,-85,1350,700,255.27521287074492,19.54198899324997,circular
252,1100,700,94.52440623919682,-85,-85,-85,-85,1350,700,274.8172018639949,19.54198899324997,circular
253,1100,700,94.52440623919682,-85,-85,-85,-85,1350,700,294.35919085724487,19.54198899324997,circular
254,1100,700,94.52440623919682,-85,-85,-85,-85,1350,700,313.9011798504948,19.54198899324997,circular
255,1100,700,94.52440623919682,-85,-85,-85,-85,1350,700,333.4431688437448,19.54198899324997,circular
256,1100,700,94.52440623919682,-85,-85,-85,-85,1350,700,352.98515783699474,19.54198899324997,circular
257,1100,700,94.52440623919682,-85,-85,-85,-85,1350,700,12.527146830244703,19.54198899324997,circular
258,1100,700,94.52440623919682,-85,-85,-85,-85,1350,700,32.069135823494676,19.54198899324997,circular
259,1100,700,94.52440623919682,-85,-85,-85,-85,1350,700,51.61112481674465,19.54198899324997,circular
260,1100,700,94.52440623919682,-85,-85,-85,-85,1350,700,71.15311380999462,19.54198899324997,circular
261,1100,700,94.52440623919682,-85,-85,-85,-85,1350,700,90.6951028032446,19.54198899324997,circular
262,1100,700,94.52440623919682,-85,-85,-85,-85,1350,700,110.23709179649457,19.54198899324997,circular
263,1100,700,94.52440623919682,-85,-85,-85,-85,1350,700,129.77908078974454,19.54198899324997,circular
264,1100,700,94.52440623919682,-85,-85,-85,-85,1350,700,149.3210697829945,19.54198899324997,circular
265,1100,700,94.52440623919682,-85,-85,22.496022074683278,23.553218972269416,1350,700,168.86305877624446,19.54198899324997,circular
266,1100,700,94.52440623919682,-85,-85,25.684904084789974,25.859665714847075,1350,700,188.40504776949442,19.54198899324997,circular
267,1100,700,94.52440623919682,-85,-85,25.9816463993744,25.807460623826316,1350,700,207.94703676274437,19.54198899324997,circular
268,1100,700,94.52440623919682,-85,-85,23.97102224645776,23.319699537123853,1350,700,227.48902575599433,19.54198899324997,circular
269,1100,700,94.52440623919682,-85,-85,-85,-85,1350,700,247.0310147492443,19.54198899324997,circular
270,1100,700,94.52440623919682,-85,-85,-85,-85,1350,700,266.5730037424943,19.54198899324997,circular
271,1100,700,94.52440623919682,-85,-85,-85,-85,1350,700,286.11499273574424,19.54198899324997,circular
272,1100,700,94.52440623919682,-85,-85,-85,-85,1350,700,305.6569817289942,19.54198899324997,circular
273,1100,700,94.52440623919682,-85,-85,-85,-85,1350,700,325.19897072224416,19.54198899324997,circular
274,1100,700,94.52440623919682,-85,-85,-85,-85,1350,700,344.7409597154941,19.54198899324997,circular
275,1100,700,94.52440623919682,-85,-85,-85,-85,1350,700,4.2829487087440725,19.54198899324997,circular
276,1100,700,94.52440623919682,-85,-85,-85,-85,1350,700,23.824937701994042,19.54198899324997,circular
277,1100,700,94.52440623919682,-85,-85,-85,-85,1350,700,43.36692669524401,19.54198899324997,circular
278,1100,700,94.52440623919682,-85,-85,-85,-85,1350,700,62.90891568849398,19.54198899324997,circular
279,1100,700,94.52440623919682,-85,-85,-85,-85,1350,700,82.45090468174395,19.54198899324997,circular
280,1100,700,94.52440623919682,-85,-85,-85,-85,1350,700,101.99289367499392,19.54198899324997,circular
281,1100,700,94.52440623919682,-85,-85,-85,-85,1350,700,121.5348826682439,19.54198899324997,circular
282,1100,700,94.52440623919682,-85,-85,-85,-85,1350,700,141.07687166149387,19.54198899324997,circular
283,1100,700,94.52440623919682,-85,-85,18.47430475951294,20.48098321025059,1350,700,160.61886065474383,19.54198899324997,circular
284,1100,700,94.52440623919682,-85,-85,24.92014212493214,25.26334459461691,1350,700,180.16084964799379,19.54198899324997,circular
285,1100,700,94.52440623919682,-85,-85,26.074956048612798,26.074956048612798,1350,700,199.70283864124374,19.54198899324997,circular
286,1100,700,94.52440623919682,-85,-85,25.157178905256924,24.788337040832293,1350,700,219.2448276344937,19.54198899324997,circular
287,1100,700,94.52440623919682,-85,-85,20.48098321025059,17.51315549939211,1350,700,238.78681662774366,19.54198899324997,circular
288,1100,700,94.52440623919682,-85,-85,-85,-85,1350,700,258.32880562099365,19.54198899324997,circular
289,1100,700,94.52440623919682,-85,-85,-85,-85,1350,700,277.8707946142436,19.54198899324997,circular
290,1100,700,94.52440623919682,-85,-85,-85,-85,1350,700,297.41278360749357,19.54198899324997,circular
291,1100,700,94.52440623919682,-85,-85,-85,-85,1350,700,316.9547726007435,19.54198899324997,circular
292,1100,700,94.52440623919682,-85,-85,-85,-85,1350,700,336.4967615939935,19.54198899324997,circular
293,1100,700,94.52440623919682,-85,-85,-85,-85,1350,700,356.03875058724344,19.54198899324997,circular
294,1100,700,94.52440623919682,-85,-85,-85,-85,1350,700,15.5807395804934,19.54198899324997,circular
295,1100,700,94.52440623919682,-85,-85,-85,-85,1350,700,35.12272857374337,19.54198899324997,circular
296,1100,700,94.52440623919682,-85,-85,-85,-85,1350,700,54.664717566993346,19.54198899324997,circular
297,1100,700,94.52440623919682,-85,-85,-85,-85,1350,700,74.20670656024332,19.54198899324997,circular
298,1100,700,94.52440623919682,-85,-85,-85,-85,1350,700,93.74869555349329,19.54198899324997,circular
299,1100,700,94.52440623919682,-85,-85,-85,-85,1350,700,113.29068454674326,19.54198899324997,circular
300,1100,700,94.52440623919682,-85,-85,-85,-85,1350,700,132.83267353999324,19.54198899324997,circular
301,1100,700,94.52440623919682,-85,-85,-85,-85,1350,700,152.3746625332432,19.54198899324997,circular
302,1100,700,94.52440623919682,-85,-85,23.31969953712386,24.1582774269213,1350,700,171.91665152649315,19.54198899324997,circular
303,1100,700,94.52440623919682,-85,-85,25.859665714847075,25.9816463993744,1350,700,191.4586405197431,19.54198899324997,circular
304,1100,700,94.52440623919682,-85,-85,25.859665714847075,25.614204328866276,1350,700,211.00062951299307,19.54198899324997,circular
305,1100,700,94.52440623919682,-85,-85,23.319699537123853,22.496022074683278,1350,700,230.54261850624303,19.54198899324997,circular
306,1100,700,94.52440623919682,-85,-85,-85,-85,1350,700,250.084607499493,19.54198899324997,circular
307,1100,700,94.52440623919682,-85,-85,-85,-85,1350,700,269.626596492743,19.54198899324997,circular
308,1100,700,94.52440623919682,-85,-85,-85,-85,1350,700,289.16858548599293,19.54198899324997,circular
309,1100,700,94.52440623919682,-85,-85,-85,-85,1350,700,308.7105744792429,19.54198899324997,circular
310,1100,700,94.52440623919682,-85,-85,-85,-85,1350,700,328.25256347249285,19.54198899324997,circular
311,1100,700,94.52440623919682,-85,-85,-85,-85,1350,700,347.7945524657428,19.54198899324997,circular
312,1100,700,94.52440623919682,-85,-85,-85,-85,1350,700,7.3365414589927695,19.54198899324997,circular
313,1100,700,94.52440623919682,-85,-85,-85,-85,1350,700,26.87853045224274,19.54198899324997,circular
314,1100,700,94.52440623919682,-85,-85,-85,-85,1350,700,46.42051944549271,19.54198899324997,circular
315,1100,700,94.52440623919682,-85,-85,-85,-85,1350,700,65.96250843874267,19.54198899324997,circular
316,1100,700,94.52440623919682,-85,-85,-85,-85,1350,700,85.50449743199265,19.54198899324997,circular
317,1100,700,94.52440623919682,-85,-85,-85,-85,1350,700,105.04648642524262,19.54198899324997,circular
318,1100,700,94.52440623919682,-85,-85,-85,-85,1350,700,124.58847541849259,19.54198899324997,circular
319,1100,700,94.52440623919682,-85,-85,-85,-85,1350,700,144.13046441174257,19.54198899324997,circular
320,1100,700,94.52440623919682,-85,-85,20.48098321025059,21.813356630230874,1350,700,163.67245340499252,19.54198899324997,circular
321,1100,700,94.52440623919682,-85,-85,25.26334459461691,25.536951728381826,1350,700,183.21444239824248,19.54198899324997,circular
322,1100,700,94.52440623919682,-85,-85,26.074956048612798,26.011117049096303,1350,700,202.75643139149244,19.54198899324997,circular
323,1100,700,94.52440623919682,-85,-85,24.788337040832293,24.332711411139446,1350,700,222.2984203847424,19.54198899324997,circular
324,1100,700,94.52440623919682,-85,-85,18.474304759512954,11.50579409835762,1350,700,241.84040937799236,19.54198899324997,circular
325,1100,700,94.52440623919682,-85,-85,-85,-85,1350,700,261.38239837124235,19.54198899324997,circular
326,1100,700,94.52440623919682,-85,-85,-85,-85,1350,700,280.9243873644923,19.54198899324997,circular
327,1100,700,94.52440623919682,-85,-85,-85,-85,1350,700,300.46637635774226,19.54198899324997,circular
328,1100,700,94.52440623919682,-85,-85,-85,-85,1350,700,320.0083653509922,19.54198899324997,circular
329,1100,700,94.52440623919682,-85,-85,-85,-85,1350,700,339.5503543442422,19.54198899324997,circular
330,1100,700,94.52440623919682,-85,-85,-85,-85,1350,700,359.09234333749214,19.54198899324997,circular
331,1100,700,94.52440623919682,-85,-85,-85,-85,1350,700,18.634332330742097,19.54198899324997,circular
332,1100,700,94.52440623919682,-85,-85,-85,-85,1350,700,38.17632132399207,19.54198899324997,circular
333,1100,700,94.52440623919682,-85,-85,-85,-85,1350,700,57.71831031724204,19.54198899324997,circular
334,1100,700,94.52440623919682,-85,-85,-85,-85,1350,700,77.26029931049202,19.54198899324997,circular
335,1100,700,94.52440623919682,-85,-85,-85,-85,1350,700,96.80228830374199,19.54198899324997,circular
336,1100,700,94.52440623919682,-85,-85,-85,-85,1350,700,116.34427729699196,19.54198899324997,circular
337,1100,700,94.52440623919682,-85,-85,-85,-85,1350,700,135.88626629024193,19.54198899324997,circular
338,1100,700,94.52440623919682,-85,-85,-85,16.269948115724727,1350,700,155.4282552834919,19.54198899324997,circular
339,1100,700,94.52440623919682,-85,-85,23.971022246457757,24.646943359767004,1350,700,174.97024427674185,19.54198899324997,circular
340,1100,700,94.52440623919682,-85,-85,25.9816463993744,26.053745949214605,1350,700,194.5122332699918,19.54198899324997,circular
341,1100,700,94.52440623919682,-85,-85,25.684904084789977,25.361807294499556,1350,700,214.05422226324177,19.54198899324997,circular
342,1100,700,94.52440623919682,-85,-85,22.496022074683278,21.418119305852123,1350,700,233.59621125649173,19.54198899324997,circular
343,1100,700,94.52440623919682,-85,-85,-85,-85,1350,700,253.1382002497417,19.54198899324997,circular
344,1100,700,94.52440623919682,-85,-85,-85,-85,1350,700,272.6801892429917,19.54198899324997,circular
345,1100,700,94.52440623919682,-85,-85,-85,-85,1350,700,292.22217823624163,19.54198899324997,circular
346,1100,700,94.52440623919682,-85,-85,-85,-85,1350,700,311.7641672294916,19.54198899324997,circular
347,1100,700,94.52440623919682,-85,-85,-85,-85,1350,700,331.30615622274155,19.54198899324997,circular
348,1100,700,94.52440623919682,-85,-85,-85,-85,1350,700,350.8481452159915,19.54198899324997,circular
349,1100,700,94.52440623919682,-85,-85,-85,-85,1350,700,10.390134209241467,19.54198899324997,circular
350,1100,700,94.52440623919682,-85,-85,-85,-85,1350,700,29.932123202491436,19.54198899324997,circular
351,1100,700,94.52440623919682,-85,-85,-85,-85,1350,700,49.474112195741405,19.54198899324997,circular
352,1100,700,94.52440623919682,-85,-85,-85,-85,1350,700,69.01610118899137,19.54198899324997,circular
353,1100,700,94.52440623919682,-85,-85,-85,-85,1350,700,88.55809018224134,19.54198899324997,circular
354,1100,700,94.52440623919682,-85,-85,-85,-85,1350,700,108.10007917549132,19.54198899324997,circular
355,1100,700,94.52440623919682,-85,-85,-85,-85,1350,700,127.64206816874129,19.54198899324997,circular
356,1100,700,94.52440623919682,-85,-85,-85,-85,1350,700,147.18405716199126,19.54198899324997,circular
357,1100,700,94.52440623919682,-85,-85,21.813356630230874,22.793695368992218,1350,700,166.72604615524122,19.54198899324997,circular
358,1100,700,94.52440623919682,-85,-85,25.536951728381826,25.7492610641292,1350,700,186.26803514849118,19.54198899324997,circular
359,1100,700,94.52440623919682,-85,-85,26.035130213615616,25.906018829630398,1350,700,205.81002414174114,19.54198899324997,circular
360,1100,700,94.52440623919682,-85,-85,24.332711411139446,23.769789312347285,1350,700,225.3520131349911,19.54198899324997,circular
361,1100,700,94.52440623919682,-85,-85,14.513447644213265,-85,1350,700,244.89400212824106,19.54198899324997,circular
362,1100,700,94.52440623919682,-85,-85,-85,-85,1350,700,264.43599112149104,19.54198899324997,circular
363,1100,700,94.52440623919682,-85,-85,-85,-85,1350,700,283.977980114741,19.54198899324997,circular
364,1100,700,94.52440623919682,-85,-85,-85,-85,1350,700,303.51996910799096,19.54198899324997,circular
365,1100,700,94.52440623919682,-85,-85,-85,-85,1350,700,323.0619581012409,19.54198899324997,circular
366,1100,700,94.52440623919682,-85,-85,-85,-85,1350,700,342.6039470944909,19.54198899324997,circular
367,1100,700,94.52440623919682,-85,-85,-85,-85,1350,700,2.1459360877408358,19.54198899324997,circular
368,1100,700,94.52440623919682,-85,-85,-85,-85,1350,700,21.687925080990805,19.54198899324997,circular
369,1100,700,94.52440623919682,-85,-85,-85,-85,1350,700,41.229914074240774,19.54198899324997,circular
370,1100,700,94.52440623919682,-85,-85,-85,-85,1350,700,60.77190306749074,19.54198899324997,circular
371,1100,700,94.52440623919682,-85,-85,-85,-85,1350,700,80.31389206074071,19.54198899324997,circular
372,1100,700,94.52440623919682,-85,-85,-85,-85,1350,700,99.85588105399069,19.54198899324997,circular
373,1100,700,94.52440623919682,-85,-85,-85,-85,1350,700,119.39787004724066,19.54198899324997,circular
374,1100,700,94.52440623919682,-85,-85,-85,-85,1350,700,138.93985904049063,19.54198899324997,circular
375,1100,700,94.52440623919682,-85,-85,16.269948115724727,19.25639156218217,1350,700,158.4818480337406,19.54198899324997,circular
376,1100,700,94.52440623919682,-85,-85,24.495315191602927,25.042923900792417,1350,700,178.02383702699055,19.54198899324997,circular
377,1100,700,94.52440623919682,-85,-85,26.053745949214605,26.077602459396946,1350,700,197.5658260202405,19.54198899324997,circular
378,1100,700,94.52440623919682,-85,-85,25.361807294499556,25.042923900792417,1350,700,217.10781501349047,19.54198899324997,circular
379,1100,700,94.52440623919682,-85,-85,21.418119305852123,19.914354227256315,1350,700,236.64980400674042,19.54198899324997,circular
380,1100,700,94.52440623919682,-85,-85,-85,-85,1350,700,256.1917929999904,19.54198899324997,circular
381,1100,700,94.52440623919682,-85,-85,-85,-85,1350,700,275.73378199324037,19.54198899324997,circular
382,1100,700,94.52440623919682,-85,-85,-85,-85,1350,700,295.27577098649033,19.54198899324997,circular
383,1100,700,94.52440623919682,-85,-85,-85,-85,1350,700,314.8177599797403,19.54198899324997,circular
384,1100,700,94.52440623919682,-85,-85,-85,-85,1350,700,334.35974897299025,19.54198899324997,circular
385,1100,700,94.52440623919682,-85,-85,-85,-85,1350,700,353.9017379662402,19.54198899324997,circular
386,1100,700,94.52440623919682,-85,-85,-85,-85,1350,700,13.443726959490164,19.54198899324997,circular
387,1100,700,94.52440623919682,-85,-85,-85,-85,1350,700,32.98571595274014,19.54198899324997,circular
388,1100,700,94.52440623919682,-85,-85,-85,-85,1350,700,52.52770494599011,19.54198899324997,circular
389,1100,700,94.52440623919682,-85,-85,-85,-85,1350,700,72.06969393924008,19.54198899324997,circular
390,1100,700,94.52440623919682,-85,-85,-85,-85,1350,700,91.61168293249006,19.54198899324997,circular
391,1100,700,94.52440623919682,-85,-85,-85,-85,1350,700,111.15367192574003,19.54198899324997,circular
392,1100,700,94.52440623919682,-85,-85,-85,-85,1350,700,130.69566091899,19.54198899324997,circular
393,1100,700,94.52440623919682,-85,-85,-85,-85,1350,700,150.23764991223996,19.54198899324997,circular
394,1100,700,94.52440623919682,-85,-85,22.793695368992218,23.769789312347285,1350,700,169.77963890548992,19.54198899324997,circular
395,1100,700,94.52440623919682,-85,-85,25.7492610641292,25.906018829630398,1350,700,189.32162789873988,19.54198899324997,circular
396,1100,700,94.52440623919682,-85,-85,25.946643644493044,25.7492610641292,1350,700,208.86361689198984,19.54198899324997,circular
397,1100,700,94.52440623919682,-85,-85,23.769789312347285,23.067302502757133,1350,700,228.4056058852398,19.54198899324997,circular
398,1100,700,94.52440623919682,-85,-85,-85,-85,1350,700,247.94759487848975,19.54198899324997,circular
399,1100,700,94.52440623919682,-85,-85,-85,-85,1350,700,267.48958387173974,19.54198899324997,circular
400,1100,700,94.52440623919682,-85,-85,-85,-85,1350,700,287.0315728649897,19.54198899324997,circular
401,1100,700,94.52440623919682,-85,-85,-85,-85,1350,700,306.57356185823966,19.54198899324997,circular
402,1100,700,94.52440623919682,-85,-85,-85,-85,1350,700,326.1155508514896,19.54198899324997,circular
403,1100,700,94.52440623919682,-85,-85,-85,-85,1350,700,345.6575398447396,19.54198899324997,circular
404,1100,700,94.52440623919682,-85,-85,-85,-85,1350,700,5.199528837989533,19.54198899324997,circular
405,1100,700,94.52440623919682,-85,-85,-85,-85,1350,700,24.741517831239502,19.54198899324997,circular
406,1100,700,94.52440623919682,-85,-85,-85,-85,1350,700,44.28350682448947,19.54198899324997,circular
407,1100,700,94.52440623919682,-85,-85,-85,-85,1350,700,63.82549581773944,19.54198899324997,circular
408,1100,700,94.52440623919682,-85,-85,-85,-85,1350,700,83.36748481098941,19.54198899324997,circular
409,1100,700,94.52440623919682,-85,-85,-85,-85,1350,700,102.90947380423938,19.54198899324997,circular
410,1100,700,94.52440623919682,-85,-85,-85,-85,1350,700,122.45146279748936,19.54198899324997,circular
411,1100,700,94.52440623919682,-85,-85,-85,-85,1350,700,141.99345179073933,19.54198899324997,circular
412,1100,700,94.52440623919682,-85,-85,19.25639156218217,20.97742610025734,1350,700,161.5354407839893,19.54198899324997,circular
413,1100,700,94.52440623919682,-85,-85,25.042923900792417,25.36180729449956,1350,700,181.07742977723925,19.54198899324997,circular
414,1100,700,94.52440623919682,-85,-85,26.077602459396946,26.067010357935978,1350,700,200.6194187704892,19.54198899324997,circular
415,1100,700,94.52440623919682,-85,-85,25.042923900792417,24.646943359767004,1350,700,220.16140776373916,19.54198899324997,circular
416,1100,700,94.52440623919682,-85,-85,19.914354227256315,17.51315549939211,1350,700,239.70339675698912,19.54198899324997,circular
417,1100,700,94.52440623919682,-85,-85,-85,-85,1350,700,259.2453857502391,19.54198899324997,circular
418,1100,700,94.52440623919682,-85,-85,-85,-85,1350,700,278.78737474348907,19.54198899324997,circular
419,1100,700,94.52440623919682,-85,-85,-85,-85,1350,700,298.329363736739,19.54198899324997,circular
420,1100,700,94.52440623919682,-85,-85,-85,-85,1350,700,317.871352729989,19.54198899324997,circular
421,1100,700,94.52440623919682,-85,-85,-85,-85,1350,700,337.41334172323894,19.54198899324997,circular
422,1100,700,94.52440623919682,-85,-85,-85,-85,1350,700,356.9553307164889,19.54198899324997,circular
423,1100,700,94.52440623919682,-85,-85,-85,-85,1350,700,16.49731970973886,19.54198899324997,circular
424,1100,700,94.52440623919682,-85,-85,-85,-85,1350,700,36.03930870298883,19.54198899324997,circular
425,1100,700,94.52440623919682,-85,-85,-85,-85,1350,700,55.581297696238806,19.54198899324997,circular
426,1100,700,94.52440623919682,-85,-85,-85,-85,1350,700,75.12328668948878,19.54198899324997,circular
427,1100,700,94.52440623919682,-85,-85,-85,-85,1350,700,94.66527568273875,19.54198899324997,circular
428,1100,700,94.52440623919682,-85,-85,-85,-85,1350,700,114.20726467598872,19.54198899324997,circular
429,1100,700,94.52440623919682,-85,-85,-85,-85,1350,700,133.7492536692387,19.54198899324997,circular
430,1100,700,94.52440623919682,-85,-85,-85,11.505794098357505,1350,700,153.29124266248866,19.54198899324997,circular
431,1100,700,94.52440623919682,-85,-85,23.553218972269416,24.33271141113945,1350,700,172.83323165573862,19.54198899324997,circular
432,1100,700,94.52440623919682,-85,-85,25.906018829630398,26.011117049096303,1350,700,192.37522064898857,19.54198899324997,circular
433,1100,700,94.52440623919682,-85,-85,25.807460623826316,25.536951728381826,1350,700,211.91720964223853,19.54198899324997,circular
434,1100,700,94.52440623919682,-85,-85,23.067302502757133,22.170735458799452,1350,700,231.4591986354885,19.54198899324997,circular
435,1100,700,94.52440623919682,-85,-85,-85,-85,1350,700,251.00118762873845,19.54198899324997,circular
436,1100,700,94.52440623919682,-85,-85,-85,-85,1350,700,270.54317662198844,19.54198899324997,circular
437,1100,700,94.52440623919682,-85,-85,-85,-85,1350,700,290.0851656152384,19.54198899324997,circular
438,1100,700,94.52440623919682,-85,-85,-85,-85,1350,700,309.62715460848835,19.54198899324997,circular
439,1100,700,94.52440623919682,-85,-85,-85,-85,1350,700,329.1691436017383,19.54198899324997,circular
440,1100,700,94.52440623919682,-85,-85,-85,-85,1350,700,348.71113259498827,19.54198899324997,circular
441,1100,700,94.52440623919682,-85,-85,-85,-85,1350,700,8.25312158823823,19.54198899324997,circular
442,1100,700,94.52440623919682,-85,-85,-85,-85,1350,700,27.7951105814882,19.54198899324997,circular
443,1100,700,94.52440623919682,-85,-85,-85,-85,1350,700,47.33709957473817,19.54198899324997,circular
444,1100,700,94.52440623919682,-85,-85,-85,-85,1350,700,66.87908856798813,19.54198899324997,circular
445,1100,700,94.52440623919682,-85,-85,-85,-85,1350,700,86.4210775612381,19.54198899324997,circular
446,1100,700,94.52440623919682,-85,-85,-85,-85,1350,700,105.96306655448808,19.54198899324997,circular
447,1100,700,94.52440623919682,-85,-85,-85,-85,1350,700,125.50505554773805,19.54198899324997,circular
448,1100,700,94.52440623919682,-85,-85,-85,-85,1350,700,145.04704454098803,19.54198899324997,circular
449,1100,700,94.52440623919682,-85,-85,20.97742610025734,22.170735458799452,1350,700,164.58903353423798,19.54198899324997,circular
450,1100,700,94.52440623919682,-85,-85,25.36180729449956,25.614204328866276,1350,700,184.13102252748794,19.54198899324997,circular
451,1100,700,94.52440623919682,-85,-85,26.067010357935978,26.011117049096303,1350,700,203.6730115207379,19.54198899324997,circular
452,1100,700,94.52440623919682,-85,-85,24.646943359767004,24.1582774269213,1350,700,223.21500051398786,19.54198899324997,circular
453,1100,700,94.52440623919682,-85,-85,17.51315549939211,-85,1350,700,242.75698950723782,19.54198899324997,circular
454,1100,700,94.52440623919682,-85,-85,-85,-85,1350,700,262.2989785004878,19.54198899324997,circular
455,1100,700,94.52440623919682,-85,-85,-85,-85,1350,700,281.84096749373776,19.54198899324997,circular
456,1100,700,94.52440623919682,-85,-85,-85,-85,1350,700,301.3829564869877,19.54198899324997,circular
457,1100,700,94.52440623919682,-85,-85,-85,-85,1350,700,320.9249454802377,19.54198899324997,circular
458,1100,700,94.52440623919682,-85,-85,-85,-85,1350,700,340.46693447348764,19.54198899324997,circular
459,1100,700,94.52440623919682,-85,-85,-85,-85,1350,700,0.008923466737599028,19.54198899324997,circular
460,1100,700,94.52440623919682,-85,-85,-85,-85,1350,700,19.55091245998757,19.54198899324997,circular
461,1100,700,94.52440623919682,-85,-85,-85,-85,1350,700,39.09290145323754,19.54198899324997,circular
462,1100,700,94.52440623919682,-85,-85,-85,-85,1350,700,58.6348904464875,19.54198899324997,circular
463,1100,700,94.52440623919682,-85,-85,-85,-85,1350,700,78.17687943973748,19.54198899324997,circular
464,1100,700,94.52440623919682,-85,-85,-85,-85,1350,700,97.71886843298745,19.54198899324997,circular
465,1100,700,94.52440623919682,-85,-85,-85,-85,1350,700,117.26085742623742,19.54198899324997,circular
466,1100,700,94.52440623919682,-85,-85,-85,-85,1350,700,136.8028464194874,19.54198899324997,circular
467,1100,700,94.52440623919682,-85,-85,11.505794098357505,17.513155499392102,1350,700,156.34483541273735,19.54198899324997,circular
468,1100,700,94.52440623919682,-85,-85,24.1582774269213,24.78833704083229,1350,700,175.8868244059873,19.54198899324997,circular
469,1100,700,94.52440623919682,-85,-85,26.011117049096303,26.067010357935978,1350,700,195.42881339923727,19.54198899324997,circular
470,1100,700,94.52440623919682,-85,-85,25.614204328866276,25.263344594616918,1350,700,214.97080239248723,19.54198899324997,circular
471,1100,700,94.52440623919682,-85,-85,22.170735458799452,20.97742610025735,1350,700,234.5127913857372,19.54198899324997,circular
472,1100,700,94.52440623919682,-85,-85,-85,-85,1350,700,254.05478037898715,19.54198899324997,circular
473,1100,700,94.52440623919682,-85,-85,-85,-85,1350,700,273.59676937223713,19.54198899324997,circular
474,1100,700,94.52440623919682,-85,-85,-85,-85,1350,700,293.1387583654871,19.54198899324997,circular
475,1100,700,94.52440623919682,-85,-85,-85,-85,1350,700,312.68074735873705,19.54198899324997,circular
476,1100,700,94.52440623919682,-85,-85,-85,-85,1350,700,332.222736351987,19.54198899324997,circular
477,1100,700,94.52440623919682,-85,-85,-85,-85,1350,700,351.76472534523697,19.54198899324997,circular
478,1100,700,94.52440623919682,-85,-85,-85,-85,1350,700,11.306714338486927,19.54198899324997,circular
479,1100,700,94.52440623919682,-85,-85,-85,-85,1350,700,30.848703331736896,19.54198899324997,circular
480,1100,700,94.52440623919682,-85,-85,-85,-85,1350,700,50.390692324986865,19.54198899324997,circular
481,1100,700,94.52440623919682,-85,-85,-85,-85,1350,700,69.93268131823683,19.54198899324997,circular
482,1100,700,94.52440623919682,-85,-85,-85,-85,1350,700,89.4746703114868,19.54198899324997,circular
483,1100,700,94.52440623919682,-85,-85,-85,-85,1350,700,109.01665930473678,19.54198899324997,circular
484,1100,700,94.52440623919682,-85,-85,-85,-85,1350,700,128.55864829798674,19.54198899324997,circular
485,1100,700,94.52440623919682,-85,-85,-85,-85,1350,700,148.1006372912367,19.54198899324997,circular
486,1100,700,94.52440623919682,-85,-85,22.170735458799452,23.06730250275713,1350,700,167.64262628448665,19.54198899324997,circular
487,1100,700,94.52440623919682,-85,-85,25.614204328866276,25.80746062382631,1350,700,187.1846152777366,19.54198899324997,circular
488,1100,700,94.52440623919682,-85,-85,26.011117049096303,25.906018829630398,1350,700,206.72660427098657,19.54198899324997,circular
489,1100,700,94.52440623919682,-85,-85,24.1582774269213,23.553218972269416,1350,700,226.26859326423653,19.54198899324997,circular
490,1100,700,94.52440623919682,-85,-85,11.50579409835762,-85,1350,700,245.8105822574865,19.54198899324997,circular
491,1100,700,94.52440623919682,-85,-85,-85,-85,1350,700,265.35257125073645,19.54198899324997,circular
492,1100,700,94.52440623919682,-85,-85,-85,-85,1350,700,284.8945602439864,19.54198899324997,circular
493,1100,700,94.52440623919682,-85,-85,-85,-85,1350,700,304.43654923723636,19.54198899324997,circular
494,1100,700,94.52440623919682,-85,-85,-85,-85,1350,700,323.9785382304863,19.54198899324997,circular
495,1100,700,94.52440623919682,-85,-85,-85,-85,1350,700,343.5205272237363,19.54198899324997,circular
496,1100,700,94.52440623919682,-85,-85,-85,-85,1350,700,3.062516216986239,19.54198899324997,circular
497,1100,700,94.52440623919682,-85,-85,-85,-85,1350,700,22.60450521023621,19.54198899324997,circular
498,1100,700,94.52440623919682,-85,-85,-85,-85,1350,700,42.14649420348618,19.54198899324997,circular
499,1100,700,94.52440623919682,-85,-85,-85,-85,1350,700,61.688483196736144,19.54198899324997,circular
500,1100,700,94.52440623919682,-85,-85,-85,-85,1350,700,81.23047218998612,19.54198899324997,circular
501,1100,700,94.52440623919682,-85,-85,-85,-85,1350,700,100.77246118323609,19.54198899324997,circular
502,1100,700,94.52440623919682,-85,-85,-85,-85,1350,700,120.31445017648606,19.54198899324997,circular
503,1100,700,94.52440623919682,-85,-85,-85,-85,1350,700,139.85643916973603,19.54198899324997,circular
504,1100,700,94.52440623919682,-85,-85,17.513155499392102,19.91435422725632,1350,700,159.398428162986,19.54198899324997,circular
505,1100,700,94.52440623919682,-85,-85,24.646943359767004,25.157178905256924,1350,700,178.94041715623595,19.54198899324997,circular
506,1100,700,94.52440623919682,-85,-85,26.067010357935978,26.077602459396946,1350,700,198.4824061494859,19.54198899324997,circular
507,1100,700,94.52440623919682,-85,-85,25.361807294499556,24.92014212493214,1350,700,218.02439514273587,19.54198899324997,circular
508,1100,700,94.52440623919682,-85,-85,20.97742610025735,19.25639156218219,1350,700,237.56638413598583,19.54198899324997,circular
509,1100,700,94.52440623919682,-85,-85,-85,-85,1350,700,257.1083731292358,19.54198899324997,circular
510,1100,700,94.52440623919682,-85,-85,-85,-85,1350,700,276.6503621224858,19.54198899324997,circular
511,1100,700,94.52440623919682,-85,-85,-85,-85,1350,700,296.19235111573573,19.54198899324997,circular
512,1100,700,94.52440623919682,-85,-85,-85,-85,1350,700,315.7343401089857,19.54198899324997,circular
513,1100,700,94.52440623919682,-85,-85,-85,-85,1350,700,335.27632910223565,19.54198899324997,circular
514,1100,700,94.52440623919682,-85,-85,-85,-85,1350,700,354.8183180954856,19.54198899324997,circular
515,1100,700,94.52440623919682,-85,-85,-85,-85,1350,700,14.360307088735567,19.54198899324997,circular
516,1100,700,94.52440623919682,-85,-85,-85,-85,1350,700,33.90229608198554,19.54198899324997,circular
517,1100,700,94.52440623919682,-85,-85,-85,-85,1350,700,53.44428507523551,19.54198899324997,circular
518,1100,700,94.52440623919682,-85,-85,-85,-85,1350,700,72.98627406848549,19.54198899324997,circular
519,1100,700,94.52440623919682,-85,-85,-85,-85,1350,700,92.52826306173546,19.54198899324997,circular
520,1100,700,94.52440623919682,-85,-85,-85,-85,1350,700,112.07025205498543,19.54198899324997,circular
521,1100,700,94.52440623919682,-85,-85,-85,-85,1350,700,131.6122410482354,19.54198899324997,circular
522,1100,700,94.52440623919682,-85,-85,-85,-85,1350,700,151.15423004148536,19.54198899324997,circular
523,1100,700,94.52440623919682,-85,-85,23.06730250275713,23.769789312347285,1350,700,170.69621903473532,19.54198899324997,circular
524,1100,700,94.52440623919682,-85,-85,25.80746062382631,25.946643644493044,1350,700,190.23820802798528,19.54198899324997,circular
525,1100,700,94.52440623919682,-85,-85,25.906018829630398,25.684904084789977,1350,700,209.78019702123524,19.54198899324997,circular
526,1100,700,94.52440623919682,-85,-85,23.553218972269416,22.793695368992225,1350,700,229.3221860144852,19.54198899324997,circular
527,1100,700,94.52440623919682,-85,-85,-85,-85,1350,700,248.86417500773516,19.54198899324997,circular
528,1100,700,94.52440623919682,-85,-85,-85,-85,1350,700,268.40616400098514,19.54198899324997,circular
529,1100,700,94.52440623919682,-85,-85,-85,-85,1350,700,287.9481529942351,19.54198899324997,circular
530,1100,700,94.52440623919682,-85,-85,-85,-85,1350,700,307.49014198748506,19.54198899324997,circular
531,1100,700,94.52440623919682,-85,-85,-85,-85,1350,700,327.032130980735,19.54198899324997,circular
532,1100,700,94.52440623919682,-85,-85,-85,-85,1350,700,346.574119973985,19.54198899324997,circular
533,1100,700,94.52440623919682,-85,-85,-85,-85,1350,700,6.116108967234936,19.54198899324997,circular
534,1100,700,94.52440623919682,-85,-85,-85,-85,1350,700,25.658097960484906,19.54198899324997,circular
535,1100,700,94.52440623919682,-85,-85,-85,-85,1350,700,45.200086953734875,19.54198899324997,circular
536,1100,700,94.52440623919682,-85,-85,-85,-85,1350,700,64.74207594698484,19.54198899324997,circular
537,1100,700,94.52440623919682,-85,-85,-85,-85,1350,700,84.28406494023481,19.54198899324997,circular
538,1100,700,94.52440623919682,-85,-85,-85,-85,1350,700,103.82605393348479,19.54198899324997,circular
539,1100,700,94.52440623919682,-85,-85,-85,-85,1350,700,123.36804292673476,19.54198899324997,circular
540,1100,700,94.52440623919682,-85,-85,-85,-85,1350,700,142.91003191998473,19.54198899324997,circular
541,1100,700,94.52440623919682,-85,-85,19.91435422725632,21.41811930585211,1350,700,162.4520209132347,19.54198899324997,circular
542,1100,700,94.52440623919682,-85,-85,25.042923900792417,25.452908776355446,1350,700,181.99400990648465,19.54198899324997,circular
543,1100,700,94.52440623919682,-85,-85,26.077602459396946,26.053745949214605,1350,700,201.5359988997346,19.54198899324997,circular
544,1100,700,94.52440623919682,-85,-85,24.92014212493214,24.495315191602927,1350,700,221.07798789298457,19.54198899324997,circular
545,1100,700,94.52440623919682,-85,-85,19.25639156218219,16.269948115724716,1350,700,240.61997688623453,19.54198899324997,circular
546,1100,700,94.52440623919682,-85,-85,-85,-85,1350,700,260.1619658794845,19.54198899324997,circular
547,1100,700,94.52440623919682,-85,-85,-85,-85,1350,700,279.70395487273447,19.54198899324997,circular
548,1100,700,94.52440623919682,-85,-85,-85,-85,1350,700,299.24594386598443,19.54198899324997,circular
549,1100,700,94.52440623919682,-85,-85,-85,-85,1350,700,318.7879328592344,19.54198899324997,circular
550,1100,700,94.52440623919682,-85,-85,-85,-85,1350,700,338.32992185248435,19.54198899324997,circular
551,1100,700,94.52440623919682,-85,-85,-85,-85,1350,700,357.8719108457343,19.54198899324997,circular
552,1100,700,94.52440623919682,-85,-85,-85,-85,1350,700,17.413899838984264,19.54198899324997,circular
553,1100,700,94.52440623919682,-85,-85,-85,-85,1350,700,36.95588883223424,19.54198899324997,circular
554,1100,700,94.52440623919682,-85,-85,-85,-85,1350,700,56.49787782548421,19.54198899324997,circular
555,1100,700,94.52440623919682,-85,-85,-85,-85,1350,700,76.03986681873418,19.54198899324997,circular
556,1100,700,94.52440623919682,-85,-85,-85,-85,1350,700,95.58185581198416,19.54198899324997,circular
557,1100,700,94.52440623919682,-85,-85,-85,-85,1350,700,115.12384480523413,19.54198899324997,circular
558,1100,700,94.52440623919682,-85,-85,-85,-85,1350,700,134.6658337984841,19.54198899324997,circular
559,1100,700,94.52440623919682,-85,-85,-85,14.513447644213304,1350,700,154.20782279173406,19.54198899324997,circular
560,1100,700,94.52440623919682,-85,-85,23.769789312347285,24.33271141113945,1350,700,173.74981178498402,19.54198899324997,circular
561,1100,700,94.52440623919682,-85,-85,25.946643644493044,26.035130213615616,1350,700,193.29180077823398,19.54198899324997,circular
562,1100,700,94.52440623919682,-85,-85,25.7492610641292,25.452908776355446,1350,700,212.83378977148394,19.54198899324997,circular
563,1100,700,94.52440623919682,-85,-85,22.793695368992225,21.81335663023087,1350,700,232.3757787647339,19.54198899324997,circular
564,1100,700,94.52440623919682,-85,-85,-85,-85,1350,700,251.91776775798385,19.54198899324997,circular
565,1100,700,94.52440623919682,-85,-85,-85,-85,1350,700,271.45975675123384,19.54198899324997,circular
566,1100,700,94.52440623919682,-85,-85,-85,-85,1350,700,291.0017457444838,19.54198899324997,circular
567,1100,700,94.52440623919682,-85,-85,-85,-85,1350,700,310.54373473773376,19.54198899324997,circular
568,1100,700,94.52440623919682,-85,-85,-85,-85,1350,700,330.0857237309837,19.54198899324997,circular
569,1100,700,94.52440623919682,-85,-85,-85,-85,1350,700,349.6277127242337,19.54198899324997,circular
570,1100,700,94.52440623919682,-85,-85,-85,-85,1350,700,9.169701717483633,19.54198899324997,circular
571,1100,700,94.52440623919682,-85,-85,-85,-85,1350,700,28.711690710733603,19.54198899324997,circular
572,1100,700,94.52440623919682,-85,-85,-85,-85,1350,700,48.25367970398357,19.54198899324997,circular
573,1100,700,94.52440623919682,-85,-85,-85,-85,1350,700,67.79566869723354,19.54198899324997,circular
574,1100,700,94.52440623919682,-85,-85,-85,-85,1350,700,87.33765769048351,19.54198899324997,circular
575,1100,700,94.52440623919682,-85,-85,-85,-85,1350,700,106.87964668373348,19.54198899324997,circular
576,1100,700,94.52440623919682,-85,-85,-85,-85,1350,700,126.42163567698346,19.54198899324997,circular
577,1100,700,94.52440623919682,-85,-85,-85,-85,1350,700,145.96362467023343,19.54198899324997,circular
578,1100,700,94.52440623919682,-85,-85,21.41811930585211,22.496022074683278,1350,700,165.5056136634834,19.54198899324997,circular
579,1100,700,94.52440623919682,-85,-85,25.36180729449956,25.684904084789974,1350,700,185.04760265673335,19.54198899324997,circular
580,1100,700,94.52440623919682,-85,-85,26.053745949214605,25.9816463993744,1350,700,204.5895916499833,19.54198899324997,circular
581,1100,700,94.52440623919682,-85,-85,24.495315191602927,23.97102224645776,1350,700,224.13158064323326,19.54198899324997,circular
582,1100,700,94.52440623919682,-85,-85,16.269948115724716,-85,1350,700,243.67356963648322,19.54198899324997,circular
583,1100,700,94.52440623919682,-85,-85,-85,-85,1350,700,263.2155586297332,19.54198899324997,circular
584,1100,700,94.52440623919682,-85,-85,-85,-85,1350,700,282.75754762298317,19.54198899324997,circular
585,1100,700,94.52440623919682,-85,-85,-85,-85,1350,700,302.2995366162331,19.54198899324997,circular
586,1100,700,94.52440623919682,-85,-85,-85,-85,1350,700,321.8415256094831,19.54198899324997,circular
587,1100,700,94.52440623919682,-85,-85,-85,-85,1350,700,341.38351460273304,19.54198899324997,circular
588,1100,700,94.52440623919682,-85,-85,-85,-85,1350,700,0.9255035959830025,19.54198899324997,circular
589,1100,700,94.52440623919682,-85,-85,-85,-85,1350,700,20.46749258923297,19.54198899324997,circular
590,1100,700,94.52440623919682,-85,-85,-85,-85,1350,700,40.00948158248294,19.54198899324997,circular
591,1100,700,94.52440623919682,-85,-85,-85,-85,1350,700,59.55147057573291,19.54198899324997,circular
592,1100,700,94.52440623919682,-85,-85,-85,-85,1350,700,79.09345956898288,19.54198899324997,circular
593,1100,700,94.52440623919682,-85,-85,-85,-85,1350,700,98.63544856223285,19.54198899324997,circular
594,1100,700,94.52440623919682,-85,-85,-85,-85,1350,700,118.17743755548283,19.54198899324997,circular
595,1100,700,94.52440623919682,-85,-85,-85,-85,1350,700,137.7194265487328,19.54198899324997,circular
596,1100,700,94.52440623919682,-85,-85,14.513447644213304,18.47430475951294,1350,700,157.26141554198276,19.54198899324997,circular
597,1100,700,94.52440623919682,-85,-85,24.33271141113945,24.92014212493214,1350,700,176.80340453523272,19.54198899324997,circular
598,1100,700,94.52440623919682,-85,-85,26.035130213615616,26.074956048612798,1350,700,196.34539352848267,19.54198899324997,circular
599,1100,700,94.52440623919682,-85,-85,25.536951728381826,25.157178905256924,1350,700,215.88738252173263,19.54198899324997,circular
600,1100,700,94.52440623919682,-85,-85,21.81335663023087,20.48098321025059,1350,700,235.4293715149826,19.54198899324997,circular
601,1100,700,94.52440623919682,-85,-85,-85,-85,1350,700,254.97136050823255,19.54198899324997,circular
602,1100,700,94.52440623919682,-85,-85,-85,-85,1350,700,274.51334950148254,19.54198899324997,circular
603,1100,700,94.52440623919682,-85,-85,-85,-85,1350,700,294.0553384947325,19.54198899324997,circular
604,1100,700,94.52440623919682,-85,-85,-85,-85,1350,700,313.59732748798245,19.54198899324997,circular
605,1100,700,94.52440623919682,-85,-85,-85,-85,1350,700,333.1393164812324,19.54198899324997,circular
606,1100,700,94.52440623919682,-85,-85,-85,-85,1350,700,352.6813054744824,19.54198899324997,circular
607,1100,700,94.52440623919682,-85,-85,-85,-85,1350,700,12.22329446773233,19.54198899324997,circular
608,1100,700,94.52440623919682,-85,-85,-85,-85,1350,700,31.7652834609823,19.54198899324997,circular
609,1100,700,94.52440623919682,-85,-85,-85,-85,1350,700,51.30727245423227,19.54198899324997,circular
610,1100,700,94.52440623919682,-85,-85,-85,-85,1350,700,70.84926144748223,19.54198899324997,circular
611,1100,700,94.52440623919682,-85,-85,-85,-85,1350,700,90.39125044073221,19.54198899324997,circular
612,1100,700,94.52440623919682,-85,-85,-85,-85,1350,700,109.93323943398218,19.54198899324997,circular
613,1100,700,94.52440623919682,-85,-85,-85,-85,1350,700,129.47522842723214,19.54198899324997,circular
614,1100,700,94.52440623919682,-85,-85,-85,-85,1350,700,149.0172174204821,19.54198899324997,circular
615,1100,700,94.52440623919682,-85,-85,22.496022074683278,23.31969953712386,1350,700,168.55920641373206,19.54198899324997,circular
616,1100,700,94.52440623919682,-85,-85,25.684904084789974,25.859665714847075,1350,700,188.10119540698201,19.54198899324997,circular
617,1100,700,94.52440623919682,-85,-85,25.9816463993744,25.859665714847075,1350,700,207.64318440023197,19.54198899324997,circular
618,1100,700,94.52440623919682,-85,-85,23.97102224645776,23.319699537123853,1350,700,227.18517339348193,19.54198899324997,circular
619,1100,700,94.52440623919682,-85,-85,-85,-85,1350,700,246.7271623867319,19.54198899324997,circular
620,1100,700,94.52440623919682,-85,-85,-85,-85,1350,700,266.26915137998185,19.54198899324997,circular
621,1100,700,94.52440623919682,-85,-85,-85,-85,1350,700,285.8111403732318,19.54198899324997,circular
622,1100,700,94.52440623919682,-85,-85,-85,-85,1350,700,305.35312936648177,19.54198899324997,circular
623,1100,700,94.52440623919682,-85,-85,-85,-85,1350,700,324.8951183597317,19.54198899324997,circular
624,1100,700,94.52440623919682,-85,-85,-85,-85,1350,700,344.4371073529817,19.54198899324997,circular
625,1100,700,94.52440623919682,-85,-85,-85,-85,1350,700,3.9790963462316427,19.54198899324997,circular
626,1100,700,94.52440623919682,-85,-85,-85,-85,1350,700,23.521085339481612,19.54198899324997,circular
627,1100,700,94.52440623919682,-85,-85,-85,-85,1350,700,43.06307433273158,19.54198899324997,circular
628,1100,700,94.52440623919682,-85,-85,-85,-85,1350,700,62.60506332598155,19.54198899324997,circular
629,1100,700,94.52440623919682,-85,-85,-85,-85,1350,700,82.14705231923152,19.54198899324997,circular
630,1100,700,94.52440623919682,-85,-85,-85,-85,1350,700,101.68904131248149,19.54198899324997,circular
631,1100,700,94.52440623919682,-85,-85,-85,-85,1350,700,121.23103030573147,19.54198899324997,circular
632,1100,700,94.52440623919682,-85,-85,-85,-85,1350,700,140.77301929898144,19.54198899324997,circular
633,1100,700,94.52440623919682,-85,-85,18.47430475951294,20.48098321025059,1350,700,160.3150082922314,19.54198899324997,circular
634,1100,700,94.52440623919682,-85,-85,24.78833704083229,25.26334459461691,1350,700,179.85699728548136,19.54198899324997,circular
635,1100,700,94.52440623919682,-85,-85,26.074956048612798,26.074956048612798,1350,700,199.39898627873131,19.54198899324997,circular
636,1100,700,94.52440623919682,-85,-85,25.263344594616918,24.788337040832293,1350,700,218.94097527198127,19.54198899324997,circular
637,1100,700,94.52440623919682,-85,-85,20.48098321025059,18.474304759512954,1350,700,238.48296426523123,19.54198899324997,circular
638,1100,700,94.52440623919682,-85,-85,-85,-85,1350,700,258.0249532584812,19.54198899324997,circular
639,1100,700,94.52440623919682,-85,-85,-85,-85,1350,700,277.5669422517312,19.54198899324997,circular
640,1100,700,94.52440623919682,-85,-85,-85,-85,1350,700,297.10893124498114,19.54198899324997,circular
641,1100,700,94.52440623919682,-85,-85,-85,-85,1350,700,316.6509202382311,19.54198899324997,circular
642,1100,700,94.52440623919682,-85,-85,-85,-85,1350,700,336.19290923148105,19.54198899324997,circular
643,1100,700,94.52440623919682,-85,-85,-85,-85,1350,700,355.734898224731,19.54198899324997,circular
644,1100,700,94.52440623919682,-85,-85,-85,-85,1350,700,15.27688721798097,19.54198899324997,circular
645,1100,700,94.52440623919682,-85,-85,-85,-85,1350,700,34.81887621123094,19.54198899324997,circular
646,1100,700,94.52440623919682,-85,-85,-85,-85,1350,700,54.360865204480916,19.54198899324997,circular
647,1100,700,94.52440623919682,-85,-85,-85,-85,1350,700,73.90285419773089,19.54198899324997,circular
648,1100,700,94.52440623919682,-85,-85,-85,-85,1350,700,93.44484319098086,19.54198899324997,circular
649,1100,700,94.52440623919682,-85,-85,-85,-85,1350,700,112.98683218423083,19.54198899324997,circular
650,1100,700,94.52440623919682,-85,-85,-85,-85,1350,700,132.5288211774808,19.54198899324997,circular
651,1100,700,94.52440623919682,-85,-85,-85,-85,1350,700,152.07081017073077,19.54198899324997,circular
652,1100,700,94.52440623919682,-85,-85,23.31969953712386,23.971022246457757,1350,700,171.61279916398072,19.54198899324997,circular
653,1100,700,94.52440623919682,-85,-85,25.859665714847075,25.9816463993744,1350,700,191.15478815723068,19.54198899324997,circular
654,1100,700,94.52440623919682,-85,-85,25.859665714847075,25.684904084789977,1350,700,210.69677715048064,19.54198899324997,circular
655,1100,700,94.52440623919682,-85,-85,23.319699537123853,22.496022074683278,1350,700,230.2387661437306,19.54198899324997,circular
656,1100,700,94.52440623919682,-85,-85,-85,-85,1350,700,249.78075513698056,19.54198899324997,circular
657,1100,700,94.52440623919682,-85,-85,-85,-85,1350,700,269.32274413023055,19.54198899324997,circular
658,1100,700,94.52440623919682,-85,-85,-85,-85,1350,700,288.8647331234805,19.54198899324997,circular
659,1100,700,94.52440623919682,-85,-85,-85,-85,1350,700,308.40672211673046,19.54198899324997,circular
660,1100,700,94.52440623919682,-85,-85,-85,-85,1350,700,327.9487111099804,19.54198899324997,circular
661,1100,700,94.52440623919682,-85,-85,-85,-85,1350,700,347.4907001032304,19.54198899324997,circular
662,1100,700,94.52440623919682,-85,-85,-85,-85,1350,700,7.03268909648034,19.54198899324997,circular
663,1100,700,94.52440623919682,-85,-85,-85,-85,1350,700,26.57467808973031,19.54198899324997,circular
664,1100,700,94.52440623919682,-85,-85,-85,-85,1350,700,46.11666708298028,19.54198899324997,circular
665,1100,700,94.52440623919682,-85,-85,-85,-85,1350,700,65.65865607623024,19.54198899324997,circular
666,1100,700,94.52440623919682,-85,-85,-85,-85,1350,700,85.20064506948022,19.54198899324997,circular
667,1100,700,94.52440623919682,-85,-85,-85,-85,1350,700,104.74263406273019,19.54198899324997,circular
668,1100,700,94.52440623919682,-85,-85,-85,-85,1350,700,124.28462305598016,19.54198899324997,circular
669,1100,700,94.52440623919682,-85,-85,-85,-85,1350,700,143.82661204923014,19.54198899324997,circular
670,1100,700,94.52440623919682,-85,-85,20.48098321025059,21.813356630230874,1350,700,163.3686010424801,19.54198899324997,circular
671,1100,700,94.52440623919682,-85,-85,25.157178905256924,25.536951728381826,1350,700,182.91059003573005,19.54198899324997,circular
672,1100,700,94.52440623919682,-85,-85,26.074956048612798,26.035130213615616,1350,700,202.45257902898,19.54198899324997,circular
673,1100,700,94.52440623919682,-85,-85,24.92014212493214,24.332711411139446,1350,700,221.99456802222997,19.54198899324997,circular
674,1100,700,94.52440623919682,-85,-85,18.474304759512954,14.513447644213265,1350,700,241.53655701547993,19.54198899324997,circular
675,1100,700,94.52440623919682,-85,-85,-85,-85,1350,700,261.0785460087299,19.54198899324997,circular
676,1100,700,94.52440623919682,-85,-85,-85,-85,1350,700,280.6205350019799,19.54198899324997,circular
677,1100,700,94.52440623919682,-85,-85,-85,-85,1350,700,300.16252399522983,19.54198899324997,circular
678,1100,700,94.52440623919682,-85,-85,-85,-85,1350,700,319.7045129884798,19.54198899324997,circular
679,1100,700,94.52440623919682,-85,-85,-85,-85,1350,700,339.24650198172975,19.54198899324997,circular
680,1100,700,94.52440623919682,-85,-85,-85,-85,1350,700,358.7884909749797,19.54198899324997,circular
681,1100,700,94.52440623919682,-85,-85,-85,-85,1350,700,18.330479968229668,19.54198899324997,circular
682,1100,700,94.52440623919682,-85,-85,-85,-85,1350,700,37.87246896147964,19.54198899324997,circular
683,1100,700,94.52440623919682,-85,-85,-85,-85,1350,700,57.41445795472961,19.54198899324997,circular
684,1100,700,94.52440623919682,-85,-85,-85,-85,1350,700,76.95644694797959,19.54198899324997,circular
685,1100,700,94.52440623919682,-85,-85,-85,-85,1350,700,96.49843594122956,19.54198899324997,circular
686,1100,700,94.52440623919682,-85,-85,-85,-85,1350,700,116.04042493447953,19.54198899324997,circular
687,1100,700,94.52440623919682,-85,-85,-85,-85,1350,700,135.5824139277295,19.54198899324997,circular
688,1100,700,94.52440623919682,-85,-85,-85,16.269948115724727,1350,700,155.12440292097946,19.54198899324997,circular
689,1100,700,94.52440623919682,-85,-85,23.971022246457757,24.495315191602927,1350,700,174.66639191422942,19.54198899324997,circular
690,1100,700,94.52440623919682,-85,-85,25.9816463993744,26.053745949214605,1350,700,194.20838090747938,19.54198899324997,circular
691,1100,700,94.52440623919682,-85,-85,25.684904084789977,25.452908776355446,1350,700,213.75036990072934,19.54198899324997,circular
692,1100,700,94.52440623919682,-85,-85,22.496022074683278,21.418119305852123,1350,700,233.2923588939793,19.54198899324997,circular
693,1100,700,94.52440623919682,-85,-85,-85,-85,1350,700,252.83434788722926,19.54198899324997,circular
694,1100,700,94.52440623919682,-85,-85,-85,-85,1350,700,272.37633688047924,19.54198899324997,circular
695,1100,700,94.52440623919682,-85,-85,-85,-85,1350,700,291.9183258737292,19.54198899324997,circular
696,1100,700,94.52440623919682,-85,-85,-85,-85,1350,700,311.46031486697916,19.54198899324997,circular
697,1100,700,94.52440623919682,-85,-85,-85,-85,1350,700,331.0023038602291,19.54198899324997,circular
698,1100,700,94.52440623919682,-85,-85,-85,-85,1350,700,350.5442928534791,19.54198899324997,circular
699,1100,700,94.52440623919682,-85,-85,-85,-85,1350,700,10.086281846729037,19.54198899324997,circular
700,1100,700,94.52440623919682,-85,-85,-85,-85,1350,700,29.628270839979006,19.54198899324997,circular
701,1100,700,94.52440623919682,-85,-85,-85,-85,1350,700,49.170259833228975,19.54198899324997,circular
702,1100,700,94.52440623919682,-85,-85,-85,-85,1350,700,68.71224882647894,19.54198899324997,circular
703,1100,700,94.52440623919682,-85,-85,-85,-85,1350,700,88.25423781972891,19.54198899324997,circular
704,1100,700,94.52440623919682,-85,-85,-85,-85,1350,700,107.79622681297889,19.54198899324997,circular
705,1100,700,94.52440623919682,-85,-85,-85,-85,1350,700,127.33821580622886,19.54198899324997,circular
706,1100,700,94.52440623919682,-85,-85,-85,-85,1350,700,146.88020479947883,19.54198899324997,circular
707,1100,700,94.52440623919682,-85,-85,21.813356630230874,22.793695368992218,1350,700,166.4221937927288,19.54198899324997,circular
708,1100,700,94.52440623919682,-85,-85,25.452908776355446,25.7492610641292,1350,700,185.96418278597875,19.54198899324997,circular
709,1100,700,94.52440623919682,-85,-85,26.035130213615616,25.946643644493044,1350,700,205.5061717792287,19.54198899324997,circular
710,1100,700,94.52440623919682,-85,-85,24.495315191602927,23.769789312347285,1350,700,225.04816077247867,19.54198899324997,circular
711,1100,700,94.52440623919682,-85,-85,14.513447644213265,-85,1350,700,244.59014976572863,19.54198899324997,circular
712,1100,700,94.52440623919682,-85,-85,-85,-85,1350,700,264.1321387589786,19.54198899324997,circular
713,1100,700,94.52440623919682,-85,-85,-85,-85,1350,700,283.67412775222857,19.54198899324997,circular
714,1100,700,94.52440623919682,-85,-85,-85,-85,1350,700,303.21611674547853,19.54198899324997,circular
715,1100,700,94.52440623919682,-85,-85,-85,-85,1350,700,322.7581057387285,19.54198899324997,circular
716,1100,700,94.52440623919682,-85,-85,-85,-85,1350,700,342.30009473197845,19.54198899324997,circular
717,1100,700,94.52440623919682,-85,-85,-85,-85,1350,700,1.842083725228406,19.54198899324997,circular
718,1100,700,94.52440623919682,-85,-85,-85,-85,1350,700,21.384072718478375,19.54198899324997,circular
719,1100,700,94.52440623919682,-85,-85,-85,-85,1350,700,40.926061711728345,19.54198899324997,circular
720,1100,700,94.52440623919682,-85,-85,-85,-85,1350,700,60.46805070497831,19.54198899324997,circular
721,1100,700,94.52440623919682,-85,-85,-85,-85,1350,700,80.01003969822828,19.54198899324997,circular
722,1100,700,94.52440623919682,-85,-85,-85,-85,1350,700,99.55202869147826,19.54198899324997,circular
723,1100,700,94.52440623919682,-85,-85,-85,-85,1350,700,119.09401768472823,19.54198899324997,circular
724,1100,700,94.52440623919682,-85,-85,-85,-85,1350,700,138.6360066779782,19.54198899324997,circular
725,1100,700,94.52440623919682,-85,-85,16.269948115724727,19.25639156218217,1350,700,158.17799567122816,19.54198899324997,circular
726,1100,700,94.52440623919682,-85,-85,24.495315191602927,24.92014212493214,1350,700,177.71998466447812,19.54198899324997,circular
727,1100,700,94.52440623919682,-85,-85,26.053745949214605,26.077602459396946,1350,700,197.26197365772808,19.54198899324997,circular
728,1100,700,94.52440623919682,-85,-85,25.452908776355446,25.042923900792417,1350,700,216.80396265097804,19.54198899324997,circular
729,1100,700,94.52440623919682,-85,-85,21.418119305852123,19.914354227256315,1350,700,236.345951644228,19.54198899324997,circular
730,1100,700,94.52440623919682,-85,-85,-85,-85,1350,700,255.88794063747795,19.54198899324997,circular
731,1100,700,94.52440623919682,-85,-85,-85,-85,1350,700,275.42992963072794,19.54198899324997,circular
732,1100,700,94.52440623919682,-85,-85,-85,-85,1350,700,294.9719186239779,19.54198899324997,circular
733,1100,700,94.52440623919682,-85,-85,-85,-85,1350,700,314.51390761722786,19.54198899324997,circular
734,1100,700,94.52440623919682,-85,-85,-85,-85,1350,700,334.0558966104778,19.54198899324997,circular
735,1100,700,94.52440623919682,-85,-85,-85,-85,1350,700,353.5978856037278,19.54198899324997,circular
736,1100,700,94.52440623919682,-85,-85,-85,-85,1350,700,13.139874596977734,19.54198899324997,circular
737,1100,700,94.52440623919682,-85,-85,-85,-85,1350,700,32.68186359022771,19.54198899324997,circular
738,1100,700,94.52440623919682,-85,-85,-85,-85,1350,700,52.22385258347768,19.54198899324997,circular
739,1100,700,94.52440623919682,-85,-85,-85,-85,1350,700,71.76584157672765,19.54198899324997,circular
740,1100,700,94.52440623919682,-85,-85,-85,-85,1350,700,91.30783056997763,19.54198899324997,circular
741,1100,700,94.52440623919682,-85,-85,-85,-85,1350,700,110.8498195632276,19.54198899324997,circular
742,1100,700,94.52440623919682,-85,-85,-85,-85,1350,700,130.39180855647757,19.54198899324997,circular
743,1100,700,94.52440623919682,-85,-85,-85,-85,1350,700,149.93379754972753,19.54198899324997,circular
744,1100,700,94.52440623919682,-85,-85,22.793695368992218,23.553218972269416,1350,700,169.4757865429775,19.54198899324997,circular
745,1100,700,94.52440623919682,-85,-85,25.684904084789974,25.906018829630398,1350,700,189.01777553622745,19.54198899324997,circular
746,1100,700,94.52440623919682,-85,-85,25.946643644493044,25.807460623826316,1350,700,208.5597645294774,19.54198899324997,circular
747,1100,700,94.52440623919682,-85,-85,23.769789312347285,23.067302502757133,1350,700,228.10175352272736,19.54198899324997,circular
748,1100,700,94.52440623919682,-85,-85,-85,-85,1350,700,247.64374251597732,19.54198899324997,circular
749,1100,700,94.52440623919682,-85,-85,-85,-85,1350,700,267.1857315092273,19.54198899324997,circular
750,1100,700,94.52440623919682,-85,-85,-85,-85,1350,700,286.72772050247727,19.54198899324997,circular
751,1100,700,94.52440623919682,-85,-85,-85,-85,1350,700,306.2697094957272,19.54198899324997,circular
752,1100,700,94.52440623919682,-85,-85,-85,-85,1350,700,325.8116984889772,19.54198899324997,circular
753,1100,700,94.52440623919682,-85,-85,-85,-85,1350,700,345.35368748222714,19.54198899324997,circular
754,1100,700,94.52440623919682,-85,-85,-85,-85,1350,700,4.895676475477103,19.54198899324997,circular
755,1100,700,94.52440623919682,-85,-85,-85,-85,1350,700,24.437665468727072,19.54198899324997,circular
756,1100,700,94.52440623919682,-85,-85,-85,-85,1350,700,43.97965446197704,19.54198899324997,circular
757,1100,700,94.52440623919682,-85,-85,-85,-85,1350,700,63.52164345522701,19.54198899324997,circular
758,1100,700,94.52440623919682,-85,-85,-85,-85,1350,700,83.06363244847698,19.54198899324997,circular
759,1100,700,94.52440623919682,-85,-85,-85,-85,1350,700,102.60562144172695,19.54198899324997,circular
760,1100,700,94.52440623919682,-85,-85,-85,-85,1350,700,122.14761043497693,19.54198899324997,circular
761,1100,700,94.52440623919682,-85,-85,-85,-85,1350,700,141.6895994282269,19.54198899324997,circular
762,1100,700,94.52440623919682,-85,-85,19.25639156218217,20.97742610025734,1350,700,161.23158842147686,19.54198899324997,circular
763,1100,700,94.52440623919682,-85,-85,24.92014212493214,25.36180729449956,1350,700,180.77357741472682,19.54198899324997,circular
764,1100,700,94.52440623919682,-85,-85,26.077602459396946,26.067010357935978,1350,700,200.31556640797677,19.54198899324997,circular
765,1100,700,94.52440623919682,-85,-85,25.157178905256924,24.646943359767004,1350,700,219.85755540122673,19.54198899324997,circular
766,1100,700,94.52440623919682,-85,-85,19.914354227256315,17.51315549939211,1350,700,239.3995443944767,19.54198899324997,circular
767,1100,700,94.52440623919682,-85,-85,-85,-85,1350,700,258.9415333877267,19.54198899324997,circular
768,1100,700,94.52440623919682,-85,-85,-85,-85,1350,700,278.48352238097664,19.54198899324997,circular
769,1100,700,94.52440623919682,-85,-85,-85,-85,1350,700,298.0255113742266,19.54198899324997,circular
770,1100,700,94.52440623919682,-85,-85,-85,-85,1350,700,317.56750036747655,19.54198899324997,circular
771,1100,700,94.52440623919682,-85,-85,-85,-85,1350,700,337.1094893607265,19.54198899324997,circular
772,1100,700,94.52440623919682,-85,-85,-85,-85,1350,700,356.6514783539765,19.54198899324997,circular
773,1100,700,94.52440623919682,-85,-85,-85,-85,1350,700,16.19346734722643,19.54198899324997,circular
774,1100,700,94.52440623919682,-85,-85,-85,-85,1350,700,35.735456340476404,19.54198899324997,circular
775,1100,700,94.52440623919682,-85,-85,-85,-85,1350,700,55.27744533372638,19.54198899324997,circular
776,1100,700,94.52440623919682,-85,-85,-85,-85,1350,700,74.81943432697635,19.54198899324997,circular
777,1100,700,94.52440623919682,-85,-85,-85,-85,1350,700,94.36142332022632,19.54198899324997,circular
778,1100,700,94.52440623919682,-85,-85,-85,-85,1350,700,113.9034123134763,19.54198899324997,circular
779,1100,700,94.52440623919682,-85,-85,-85,-85,1350,700,133.44540130672627,19.54198899324997,circular
780,1100,700,94.52440623919682,-85,-85,-85,11.505794098357505,1350,700,152.98739029997623,19.54198899324997,circular
781,1100,700,94.52440623919682,-85,-85,23.553218972269416,24.1582774269213,1350,700,172.52937929322619,19.54198899324997,circular
782,1100,700,94.52440623919682,-85,-85,25.859665714847075,26.011117049096303,1350,700,192.07136828647614,19.54198899324997,circular
783,1100,700,94.52440623919682,-85,-85,25.807460623826316,25.614204328866276,1350,700,211.6133572797261,19.54198899324997,circular
784,1100,700,94.52440623919682,-85,-85,23.067302502757133,22.170735458799452,1350,700,231.15534627297606,19.54198899324997,circular
785,1100,700,94.52440623919682,-85,-85,-85,-85,1350,700,250.69733526622602,19.54198899324997,circular
786,1100,700,94.52440623919682,-85,-85,-85,-85,1350,700,270.239324259476,19.54198899324997,circular
787,1100,700,94.52440623919682,-85,-85,-85,-85,1350,700,289.78131325272597,19.54198899324997,circular
788,1100,700,94.52440623919682,-85,-85,-85,-85,1350,700,309.3233022459759,19.54198899324997,circular
789,1100,700,94.52440623919682,-85,-85,-85,-85,1350,700,328.8652912392259,19.54198899324997,circular
790,1100,700,94.52440623919682,-85,-85,-85,-85,1350,700,348.40728023247584,19.54198899324997,circular
791,1100,700,94.52440623919682,-85,-85,-85,-85,1350,700,7.9492692257258,19.54198899324997,circular
792,1100,700,94.52440623919682,-85,-85,-85,-85,1350,700,27.49125821897577,19.54198899324997,circular
793,1100,700,94.52440623919682,-85,-85,-85,-85,1350,700,47.03324721222574,19.54198899324997,circular
794,1100,700,94.52440623919682,-85,-85,-85,-85,1350,700,66.5752362054757,19.54198899324997,circular
795,1100,700,94.52440623919682,-85,-85,-85,-85,1350,700,86.11722519872568,19.54198899324997,circular
796,1100,700,94.52440623919682,-85,-85,-85,-85,1350,700,105.65921419197565,19.54198899324997,circular
797,1100,700,94.52440623919682,-85,-85,-85,-85,1350,700,125.20120318522562,19.54198899324997,circular
798,1100,700,94.52440623919682,-85,-85,-85,-85,1350,700,144.7431921784756,19.54198899324997,circular
799,1100,700,94.52440623919682,-85,-85,20.97742610025734,22.170735458799452,1350,700,164.28518117172555,19.54198899324997,circular
800,1100,700,94.52440623919682,-85,-85,25.26334459461691,25.614204328866276,1350,700,183.8271701649755,19.54198899324997,circular
801,1100,700,94.52440623919682,-85,-85,26.067010357935978,26.011117049096303,1350,700,203.36915915822547,19.54198899324997,circular
802,1100,700,94.52440623919682,-85,-85,24.788337040832293,24.1582774269213,1350,700,222.91114815147543,19.54198899324997,circular
803,1100,700,94.52440623919682,-85,-85,17.51315549939211,11.50579409835762,1350,700,242.4531371447254,19.54198899324997,circular
804,1100,700,94.52440623919682,-85,-85,-85,-85,1350,700,261.9951261379754,19.54198899324997,circular
805,1100,700,94.52440623919682,-85,-85,-85,-85,1350,700,281.53711513122533,19.54198899324997,circular
806,1100,700,94.52440623919682,-85,-85,-85,-85,1350,700,301.0791041244753,19.54198899324997,circular
807,1100,700,94.52440623919682,-85,-85,-85,-85,1350,700,320.62109311772525,19.54198899324997,circular
808,1100,700,94.52440623919682,-85,-85,-85,-85,1350,700,340.1630821109752,19.54198899324997,circular
809,1100,700,94.52440623919682,-85,-85,-85,-85,1350,700,359.70507110422517,19.54198899324997,circular
810,1100,700,94.52440623919682,-85,-85,-85,-85,1350,700,19.247060097475128,19.54198899324997,circular
811,1100,700,94.52440623919682,-85,-85,-85,-85,1350,700,38.7890490907251,19.54198899324997,circular
812,1100,700,94.52440623919682,-85,-85,-85,-85,1350,700,58.33103808397507,19.54198899324997,circular
813,1100,700,94.52440623919682,-85,-85,-85,-85,1350,700,77.87302707722505,19.54198899324997,circular
814,1100,700,94.52440623919682,-85,-85,-85,-85,1350,700,97.41501607047502,19.54198899324997,circular
815,1100,700,94.52440623919682,-85,-85,-85,-85,1350,700,116.95700506372499,19.54198899324997,circular
816,1100,700,94.52440623919682,-85,-85,-85,-85,1350,700,136.49899405697496,19.54198899324997,circular
817,1100,700,94.52440623919682,-85,-85,-85,17.513155499392102,1350,700,156.04098305022492,19.54198899324997,circular
818,1100,700,94.52440623919682,-85,-85,24.1582774269213,24.646943359767004,1350,700,175.58297204347488,19.54198899324997,circular
819,1100,700,94.52440623919682,-85,-85,26.011117049096303,26.067010357935978,1350,700,195.12496103672484,19.54198899324997,circular
820,1100,700,94.52440623919682,-85,-85,25.614204328866276,25.361807294499556,1350,700,214.6669500299748,19.54198899324997,circular
821,1100,700,94.52440623919682,-85,-85,22.170735458799452,20.97742610025735,1350,700,234.20893902322476,19.54198899324997,circular
822,1100,700,94.52440623919682,-85,-85,-85,-85,1350,700,253.75092801647472,19.54198899324997,circular
823,1100,700,94.52440623919682,-85,-85,-85,-85,1350,700,273.2929170097247,19.54198899324997,circular
824,1100,700,94.52440623919682,-85,-85,-85,-85,1350,700,292.83490600297466,19.54198899324997,circular
825,1100,700,94.52440623919682,-85,-85,-85,-85,1350,700,312.3768949962246,19.54198899324997,circular
826,1100,700,94.52440623919682,-85,-85,-85,-85,1350,700,331.9188839894746,19.54198899324997,circular
827,1100,700,94.52440623919682,-85,-85,-85,-85,1350,700,351.46087298272454,19.54198899324997,circular
828,1100,700,94.52440623919682,-85,-85,-85,-85,1350,700,11.002861975974497,19.54198899324997,circular
829,1100,700,94.52440623919682,-85,-85,-85,-85,1350,700,30.544850969224466,19.54198899324997,circular
830,1100,700,94.52440623919682,-85,-85,-85,-85,1350,700,50.086839962474436,19.54198899324997,circular
831,1100,700,94.52440623919682,-85,-85,-85,-85,1350,700,69.6288289557244,19.54198899324997,circular
832,1100,700,94.52440623919682,-85,-85,-85,-85,1350,700,89.17081794897437,19.54198899324997,circular
833,1100,700,94.52440623919682,-85,-85,-85,-85,1350,700,108.71280694222435,19.54198899324997,circular
834,1100,700,94.52440623919682,-85,-85,-85,-85,1350,700,128.2547959354743,19.54198899324997,circular
835,1100,700,94.52440623919682,-85,-85,-85,-85,1350,700,147.79678492872426,19.54198899324997,circular
836,1100,700,94.52440623919682,-85,-85,22.170735458799452,23.06730250275713,1350,700,167.33877392197422,19.54198899324997,circular
837,1100,700,94.52440623919682,-85,-85,25.536951728381826,25.80746062382631,1350,700,186.88076291522418,19.54198899324997,circular
838,1100,700,94.52440623919682,-85,-85,26.011117049096303,25.906018829630398,1350,700,206.42275190847414,19.54198899324997,circular
839,1100,700,94.52440623919682,-85,-85,24.332711411139446,23.553218972269416,1350,700,225.9647409017241,19.54198899324997,circular
840,1100,700,94.52440623919682,-85,-85,11.50579409835762,-85,1350,700,245.50672989497406,19.54198899324997,circular
841,1100,700,94.52440623919682,-85,-85,-85,-85,1350,700,265.048718888224,19.54198899324997,circular
842,1100,700,94.52440623919682,-85,-85,-85,-85,1350,700,284.590707881474,19.54198899324997,circular
843,1100,700,94.52440623919682,-85,-85,-85,-85,1350,700,304.13269687472393,19.54198899324997,circular
844,1100,700,94.52440623919682,-85,-85,-85,-85,1350,700,323.6746858679739,19.54198899324997,circular
845,1100,700,94.52440623919682,-85,-85,-85,-85,1350,700,343.21667486122385,19.54198899324997,circular
846,1100,700,94.52440623919682,-85,-85,-85,-85,1350,700,2.7586638544738094,19.54198899324997,circular
847,1100,700,94.52440623919682,-85,-85,-85,-85,1350,700,22.30065284772378,19.54198899324997,circular
848,1100,700,94.52440623919682,-85,-85,-85,-85,1350,700,41.84264184097375,19.54198899324997,circular
849,1100,700,94.52440623919682,-85,-85,-85,-85,1350,700,61.384630834223714,19.54198899324997,circular
850,1100,700,94.52440623919682,-85,-85,-85,-85,1350,700,80.92661982747369,19.54198899324997,circular
851,1100,700,94.52440623919682,-85,-85,-85,-85,1350,700,100.46860882072366,19.54198899324997,circular
852,1100,700,94.52440623919682,-85,-85,-85,-85,1350,700,120.01059781397363,19.54198899324997,circular
853,1100,700,94.52440623919682,-85,-85,-85,-85,1350,700,139.5525868072236,19.54198899324997,circular
854,1100,700,94.52440623919682,-85,-85,17.513155499392102,19.91435422725632,1350,700,159.09457580047356,19.54198899324997,circular
855,1100,700,94.52440623919682,-85,-85,24.646943359767004,25.042923900792417,1350,700,178.63656479372352,19.54198899324997,circular
856,1100,700,94.52440623919682,-85,-85,26.067010357935978,26.077602459396946,1350,700,198.17855378697348,19.54198899324997,circular
857,1100,700,94.52440623919682,-85,-85,25.361807294499556,25.042923900792417,1350,700,217.72054278022344,19.54198899324997,circular
858,1100,700,94.52440623919682,-85,-85,20.97742610025735,19.25639156218219,1350,700,237.2625317734734,19.54198899324997,circular
859,1100,700,94.52440623919682,-85,-85,-85,-85,1350,700,256.8045207667234,19.54198899324997,circular
860,1100,700,94.52440623919682,-85,-85,-85,-85,1350,700,276.34650975997334,19.54198899324997,circular
861,1100,700,94.52440623919682,-85,-85,-85,-85,1350,700,295.8884987532233,19.54198899324997,circular
862,1100,700,94.52440623919682,-85,-85,-85,-85,1350,700,315.43048774647326,19.54198899324997,circular
863,1100,700,94.52440623919682,-85,-85,-85,-85,1350,700,334.9724767397232,19.54198899324997,circular
864,1100,700,94.52440623919682,-85,-85,-85,-85,1350,700,354.5144657329732,19.54198899324997,circular
865,1100,700,94.52440623919682,-85,-85,-85,-85,1350,700,14.056454726223137,19.54198899324997,circular
866,1100,700,94.52440623919682,-85,-85,-85,-85,1350,700,33.59844371947311,19.54198899324997,circular
867,1100,700,94.52440623919682,-85,-85,-85,-85,1350,700,53.14043271272308,19.54198899324997,circular
868,1100,700,94.52440623919682,-85,-85,-85,-85,1350,700,72.68242170597306,19.54198899324997,circular
869,1100,700,94.52440623919682,-85,-85,-85,-85,1350,700,92.22441069922303,19.54198899324997,circular
870,1100,700,94.52440623919682,-85,-85,-85,-85,1350,700,111.766399692473,19.54198899324997,circular
871,1100,700,94.52440623919682,-85,-85,-85,-85,1350,700,131.30838868572297,19.54198899324997,circular
872,1100,700,94.52440623919682,-85,-85,-85,-85,1350,700,150.85037767897293,19.54198899324997,circular
873,1100,700,94.52440623919682,-85,-85,23.06730250275713,23.769789312347285,1350,700,170.3923666722229,19.54198899324997,circular
874,1100,700,94.52440623919682,-85,-85,25.7492610641292,25.946643644493044,1350,700,189.93435566547285,19.54198899324997,circular
875,1100,700,94.52440623919682,-85,-85,25.906018829630398,25.7492610641292,1350,700,209.4763446587228,19.54198899324997,circular
876,1100,700,94.52440623919682,-85,-85,23.769789312347285,22.793695368992225,1350,700,229.01833365197277,19.54198899324997,circular
877,1100,700,94.52440623919682,-85,-85,-85,-85,1350,700,248.56032264522273,19.54198899324997,circular
878,1100,700,94.52440623919682,-85,-85,-85,-85,1350,700,268.1023116384727,19.54198899324997,circular
879,1100,700,94.52440623919682,-85,-85,-85,-85,1350,700,287.6443006317227,19.54198899324997,circular
880,1100,700,94.52440623919682,-85,-85,-85,-85,1350,700,307.18628962497263,19.54198899324997,circular
881,1100,700,94.52440623919682,-85,-85,-85,-85,1350,700,326.7282786182226,19.54198899324997,circular
882,1100,700,94.52440623919682,-85,-85,-85,-85,1350,700,346.27026761147255,19.54198899324997,circular
883,1100,700,94.52440623919682,-85,-85,-85,-85,1350,700,5.812256604722506,19.54198899324997,circular
884,1100,700,94.52440623919682,-85,-85,-85,-85,1350,700,25.354245597972476,19.54198899324997,circular
885,1100,700,94.52440623919682,-85,-85,-85,-85,1350,700,44.896234591222445,19.54198899324997,circular
886,1100,700,94.52440623919682,-85,-85,-85,-85,1350,700,64.43822358447241,19.54198899324997,circular
887,1100,700,94.52440623919682,-85,-85,-85,-85,1350,700,83.98021257772238,19.54198899324997,circular
888,1100,700,94.52440623919682,-85,-85,-85,-85,1350,700,103.52220157097236,19.54198899324997,circular
889,1100,700,94.52440623919682,-85,-85,-85,-85,1350,700,123.06419056422233,19.54198899324997,circular
890,1100,700,94.52440623919682,-85,-85,-85,-85,1350,700,142.6061795574723,19.54198899324997,circular
891,1100,700,94.52440623919682,-85,-85,19.91435422725632,21.41811930585211,1350,700,162.14816855072226,19.54198899324997,circular
892,1100,700,94.52440623919682,-85,-85,25.042923900792417,25.36180729449956,1350,700,181.69015754397222,19.54198899324997,circular
893,1100,700,94.52440623919682,-85,-85,26.077602459396946,26.053745949214605,1350,700,201.23214653722218,19.54198899324997,circular
894,1100,700,94.52440623919682,-85,-85,25.042923900792417,24.495315191602927,1350,700,220.77413553047214,19.54198899324997,circular
895,1100,700,94.52440623919682,-85,-85,19.25639156218219,16.269948115724716,1350,700,240.3161245237221,19.54198899324997,circular
896,1100,700,94.52440623919682,-85,-85,-85,-85,1350,700,259.8581135169721,19.54198899324997,circular
897,1100,700,94.52440623919682,-85,-85,-85,-85,1350,700,279.40010251022204,19.54198899324997,circular
898,1100,700,94.52440623919682,-85,-85,-85,-85,1350,700,298.942091503472,19.54198899324997,circular
899,1100,700,94.52440623919682,-85,-85,-85,-85,1350,700,318.48408049672196,19.54198899324997,circular
900,1100,700,94.52440623919682,-85,-85,-85,-85,1350,700,338.0260694899719,19.54198899324997,circular
901,1100,700,94.52440623919682,-85,-85,-85,-85,1350,700,357.5680584832219,19.54198899324997,circular
902,1100,700,94.52440623919682,-85,-85,-85,-85,1350,700,17.110047476471834,19.54198899324997,circular
903,1100,700,94.52440623919682,-85,-85,-85,-85,1350,700,36.65203646972181,19.54198899324997,circular
904,1100,700,94.52440623919682,-85,-85,-85,-85,1350,700,56.19402546297178,19.54198899324997,circular
905,1100,700,94.52440623919682,-85,-85,-85,-85,1350,700,75.73601445622175,19.54198899324997,circular
906,1100,700,94.52440623919682,-85,-85,-85,-85,1350,700,95.27800344947173,19.54198899324997,circular
907,1100,700,94.52440623919682,-85,-85,-85,-85,1350,700,114.8199924427217,19.54198899324997,circular
908,1100,700,94.52440623919682,-85,-85,-85,-85,1350,700,134.36198143597167,19.54198899324997,circular
909,1100,700,94.52440623919682,-85,-85,-85,14.513447644213304,1350,700,153.90397042922163,19.54198899324997,circular
910,1100,700,94.52440623919682,-85,-85,23.769789312347285,24.33271141113945,1350,700,173.4459594224716,19.54198899324997,circular
911,1100,700,94.52440623919682,-85,-85,25.906018829630398,26.035130213615616,1350,700,192.98794841572155,19.54198899324997,circular
912,1100,700,94.52440623919682,-85,-85,25.7492610641292,25.536951728381826,1350,700,212.5299374089715,19.54198899324997,circular
913,1100,700,94.52440623919682,-85,-85,23.067302502757133,21.81335663023087,1350,700,232.07192640222146,19.54198899324997,circular
914,1100,700,94.52440623919682,-85,-85,-85,-85,1350,700,251.61391539547142,19.54198899324997,circular
915,1100,700,94.52440623919682,-85,-85,-85,-85,1350,700,271.1559043887214,19.54198899324997,circular
916,1100,700,94.52440623919682,-85,-85,-85,-85,1350,700,290.69789338197137,19.54198899324997,circular
917,1100,700,94.52440623919682,-85,-85,-85,-85,1350,700,310.2398823752213,19.54198899324997,circular
918,1100,700,94.52440623919682,-85,-85,-85,-85,1350,700,329.7818713684713,19.54198899324997,circular
919,1100,700,94.52440623919682,-85,-85,-85,-85,1350,700,349.32386036172124,19.54198899324997,circular
920,1100,700,94.52440623919682,-85,-85,-85,-85,1350,700,8.865849354971203,19.54198899324997,circular
921,1100,700,94.52440623919682,-85,-85,-85,-85,1350,700,28.407838348221173,19.54198899324997,circular
922,1100,700,94.52440623919682,-85,-85,-85,-85,1350,700,47.94982734147114,19.54198899324997,circular
923,1100,700,94.52440623919682,-85,-85,-85,-85,1350,700,67.49181633472111,19.54198899324997,circular
924,1100,700,94.52440623919682,-85,-85,-85,-85,1350,700,87.03380532797108,19.54198899324997,circular
925,1100,700,94.52440623919682,-85,-85,-85,-85,1350,700,106.57579432122105,19.54198899324997,circular
926,1100,700,94.52440623919682,-85,-85,-85,-85,1350,700,126.11778331447103,19.54198899324997,circular
927,1100,700,94.52440623919682,-85,-85,-85,-85,1350,700,145.659772307721,19.54198899324997,circular
928,1100,700,94.52440623919682,-85,-85,21.41811930585211,22.496022074683278,1350,700,165.20176130097096,19.54198899324997,circular
929,1100,700,94.52440623919682,-85,-85,25.36180729449956,25.614204328866276,1350,700,184.74375029422092,19.54198899324997,circular
930,1100,700,94.52440623919682,-85,-85,26.053745949214605,25.9816463993744,1350,700,204.28573928747088,19.54198899324997,circular
931,1100,700,94.52440623919682,-85,-85,24.646943359767004,23.97102224645776,1350,700,223.82772828072083,19.54198899324997,circular
932,1100,700,94.52440623919682,-85,-85,16.269948115724716,-85,1350,700,243.3697172739708,19.54198899324997,circular
933,1100,700,94.52440623919682,-85,-85,-85,-85,1350,700,262.9117062672208,19.54198899324997,circular
934,1100,700,94.52440623919682,-85,-85,-85,-85,1350,700,282.45369526047074,19.54198899324997,circular
935,1100,700,94.52440623919682,-85,-85,-85,-85,1350,700,301.9956842537207,19.54198899324997,circular
936,1100,700,94.52440623919682,-85,-85,-85,-85,1350,700,321.53767324697066,19.54198899324997,circular
937,1100,700,94.52440623919682,-85,-85,-85,-85,1350,700,341.0796622402206,19.54198899324997,circular
938,1100,700,94.52440623919682,-85,-85,-85,-85,1350,700,0.6216512334705726,19.54198899324997,circular
939,1100,700,94.52440623919682,-85,-85,-85,-85,1350,700,20.163640226720542,19.54198899324997,circular
940,1100,700,94.52440623919682,-85,-85,-85,-85,1350,700,39.70562921997051,19.54198899324997,circular
941,1100,700,94.52440623919682,-85,-85,-85,-85,1350,700,59.24761821322048,19.54198899324997,circular
942,1100,700,94.52440623919682,-85,-85,-85,-85,1350,700,78.78960720647045,19.54198899324997,circular
943,1100,700,94.52440623919682,-85,-85,-85,-85,1350,700,98.33159619972042,19.54198899324997,circular
944,1100,700,94.52440623919682,-85,-85,-85,-85,1350,700,117.8735851929704,19.54198899324997,circular
945,1100,700,94.52440623919682,-85,-85,-85,-85,1350,700,137.41557418622037,19.54198899324997,circular
946,1100,700,94.52440623919682,-85,-85,11.505794098357505,18.47430475951294,1350,700,156.95756317947033,19.54198899324997,circular
947,1100,700,94.52440623919682,-85,-85,24.33271141113945,24.78833704083229,1350,700,176.49955217272029,19.54198899324997,circular
948,1100,700,94.52440623919682,-85,-85,26.011117049096303,26.074956048612798,1350,700,196.04154116597024,19.54198899324997,circular
949,1100,700,94.52440623919682,-85,-85,25.536951728381826,25.263344594616918,1350,700,215.5835301592202,19.54198899324997,circular
950,1100,700,94.52440623919682,-85,-85,21.81335663023087,20.48098321025059,1350,700,235.12551915247016,19.54198899324997,circular
951,1100,700,94.52440623919682,-85,-85,-85,-85,1350,700,254.66750814572012,19.54198899324997,circular
952,1100,700,94.52440623919682,-85,-85,-85,-85,1350,700,274.2094971389701,19.54198899324997,circular
953,1100,700,94.52440623919682,-85,-85,-85,-85,1350,700,293.75148613222007,19.54198899324997,circular
954,1100,700,94.52440623919682,-85,-85,-85,-85,1350,700,313.29347512547,19.54198899324997,circular
955,1100,700,94.52440623919682,-85,-85,-85,-85,1350,700,332.83546411872,19.54198899324997,circular
956,1100,700,94.52440623919682,-85,-85,-85,-85,1350,700,352.37745311196994,19.54198899324997,circular
957,1100,700,94.52440623919682,-85,-85,-85,-85,1350,700,11.9194421052199,19.54198899324997,circular
958,1100,700,94.52440623919682,-85,-85,-85,-85,1350,700,31.46143109846987,19.54198899324997,circular
959,1100,700,94.52440623919682,-85,-85,-85,-85,1350,700,51.00342009171984,19.54198899324997,circular
960,1100,700,94.52440623919682,-85,-85,-85,-85,1350,700,70.5454090849698,19.54198899324997,circular
961,1100,700,94.52440623919682,-85,-85,-85,-85,1350,700,90.08739807821978,19.54198899324997,circular
962,1100,700,94.52440623919682,-85,-85,-85,-85,1350,700,109.62938707146975,19.54198899324997,circular
963,1100,700,94.52440623919682,-85,-85,-85,-85,1350,700,129.1713760647197,19.54198899324997,circular
964,1100,700,94.52440623919682,-85,-85,-85,-85,1350,700,148.71336505796967,19.54198899324997,circular
965,1100,700,94.52440623919682,-85,-85,22.496022074683278,23.31969953712386,1350,700,168.25535405121963,19.54198899324997,circular
966,1100,700,94.52440623919682,-85,-85,25.614204328866276,25.859665714847075,1350,700,187.79734304446959,19.54198899324997,circular
967,1100,700,94.52440623919682,-85,-85,25.9816463993744,25.859665714847075,1350,700,207.33933203771954,19.54198899324997,circular
968,1100,700,94.52440623919682,-85,-85,24.1582774269213,23.319699537123853,1350,700,226.8813210309695,19.54198899324997,circular
969,1100,700,94.52440623919682,-85,-85,-85,-85,1350,700,246.42331002421946,19.54198899324997,circular
970,1100,700,94.52440623919682,-85,-85,-85,-85,1350,700,265.9652990174694,19.54198899324997,circular
971,1100,700,94.52440623919682,-85,-85,-85,-85,1350,700,285.5072880107194,19.54198899324997,circular
972,1100,700,94.52440623919682,-85,-85,-85,-85,1350,700,305.04927700396934,19.54198899324997,circular
973,1100,700,94.52440623919682,-85,-85,-85,-85,1350,700,324.5912659972193,19.54198899324997,circular
974,1100,700,94.52440623919682,-85,-85,-85,-85,1350,700,344.13325499046925,19.54198899324997,circular
975,1100,700,94.52440623919682,-85,-85,-85,-85,1350,700,3.675243983719213,19.54198899324997,circular
976,1100,700,94.52440623919682,-85,-85,-85,-85,1350,700,23.217232976969182,19.54198899324997,circular
977,1100,700,94.52440623919682,-85,-85,-85,-85,1350,700,42.75922197021915,19.54198899324997,circular
978,1100,700,94.52440623919682,-85,-85,-85,-85,1350,700,62.30121096346912,19.54198899324997,circular
979,1100,700,94.52440623919682,-85,-85,-85,-85,1350,700,81.84319995671909,19.54198899324997,circular
980,1100,700,94.52440623919682,-85,-85,-85,-85,1350,700,101.38518894996906,19.54198899324997,circular
981,1100,700,94.52440623919682,-85,-85,-85,-85,1350,700,120.92717794321904,19.54198899324997,circular
982,1100,700,94.52440623919682,-85,-85,-85,-85,1350,700,140.469166936469,19.54198899324997,circular
983,1100,700,94.52440623919682,-85,-85,17.513155499392102,20.48098321025059,1350,700,160.01115592971897,19.54198899324997,circular
984,1100,700,94.52440623919682,-85,-85,24.78833704083229,25.157178905256924,1350,700,179.55314492296893,19.54198899324997,circular
985,1100,700,94.52440623919682,-85,-85,26.074956048612798,26.074956048612798,1350,700,199.09513391621888,19.54198899324997,circular
986,1100,700,94.52440623919682,-85,-85,25.263344594616918,24.92014212493214,1350,700,218.63712290946884,19.54198899324997,circular
987,1100,700,94.52440623919682,-85,-85,20.48098321025059,18.474304759512954,1350,700,238.1791119027188,19.54198899324997,circular
988,1100,700,94.52440623919682,-85,-85,-85,-85,1350,700,257.7211008959688,19.54198899324997,circular
989,1100,700,94.52440623919682,-85,-85,-85,-85,1350,700,277.26308988921875,19.54198899324997,circular
990,1100,700,94.52440623919682,-85,-85,-85,-85,1350,700,296.8050788824687,19.54198899324997,circular
991,1100,700,94.52440623919682,-85,-85,-85,-85,1350,700,316.34706787571866,19.54198899324997,circular
992,1100,700,94.52440623919682,-85,-85,-85,-85,1350,700,335.8890568689686,19.54198899324997,circular
993,1100,700,94.52440623919682,-85,-85,-85,-85,1350,700,355.4310458622186,19.54198899324997,circular
994,1100,700,94.52440623919682,-85,-85,-85,-85,1350,700,14.97303485546854,19.54198899324997,circular
995,1100,700,94.52440623919682,-85,-85,-85,-85,1350,700,34.51502384871851,19.54198899324997,circular
996,1100,700,94.52440623919682,-85,-85,-85,-85,1350,700,54.057012841968486,19.54198899324997,circular
997,1100,700,94.52440623919682,-85,-85,-85,-85,1350,700,73.59900183521846,19.54198899324997,circular
998,1100,700,94.52440623919682,-85,-85,-85,-85,1350,700,93.14099082846843,19.54198899324997,circular
999,1100,700,94.52440623919682,-85,-85,-85,-85,1350,700,112.6829798217184,19.54198899324997,circular
