Tick,Aircraft X,Aircraft Y,Aircraft Heading,A1,A2,A3,A4,Radar X,Radar Y,Radar Azimuth,Radar RPM,Radar Scan Pattern
0,1100,700,34.54865727228495,-85,-85,-85,-85,1350,700,134.38839616956298,3.052831720601578,circular
1,1100,700,34.54865727228495,14.513447644213304,-85,-85,-85,1350,700,137.44122789016455,3.052831720601578,circular
2,1100,700,34.54865727228495,18.47430475951294,-85,-85,16.269948115724727,1350,700,140.49405961076613,3.052831720601578,circular
3,1100,700,34.54865727228495,20.48098321025059,-85,-85,19.25639156218217,1350,700,143.5468913313677,3.052831720601578,circular
4,1100,700,34.54865727228495,21.813356630230874,-85,-85,20.97742610025734,1350,700,146.59972305196928,3.052831720601578,circular
5,1100,700,34.54865727228495,22.793695368992218,-85,-85,22.170735458799452,1350,700,149.65255477257085,3.052831720601578,circular
6,1100,700,34.54865727228495,23.553218972269416,-85,-85,23.06730250275713,1350,700,152.70538649317243,3.052831720601578,circular
7,1100,700,34.54865727228495,24.1582774269213,-85,-85,23.769789312347285,1350,700,155.758218213774,3.052831720601578,circular
8,1100,700,34.54865727228495,24.78833704083229,-85,-85,24.33271141113945,1350,700,158.81104993437557,3.052831720601578,circular
9,1100,700,34.54865727228495,25.157178905256924,-85,-85,24.78833704083229,1350,700,161.86388165497715,3.052831720601578,circular
10,1100,700,34.54865727228495,25.452908776355446,-85,-85,25.157178905256924,1350,700,164.91671337557872,3.052831720601578,circular
11,1100,700,34.54865727228495,25.684904084789974,-85,-85,25.452908776355446,1350,700,167.9695450961803,3.052831720601578,circular
12,1100,700,34.54865727228495,25.859665714847075,-85,-85,25.684904084789974,1350,700,171.02237681678187,3.052831720601578,circular
13,1100,700,34.54865727228495,25.9816463993744,-85,-85,25.859665714847075,1350,700,174.07520853738345,3.052831720601578,circular
14,1100,700,34.54865727228495,26.053745949214605,-85,-85,25.9816463993744,1350,700,177.12804025798502,3.052831720601578,circular
15,1100,700,34.54865727228495,26.077602459396946,-85,-85,26.053745949214605,1350,700,180.1808719785866,3.052831720601578,circular
16,1100,700,34.54865727228495,26.067010357935978,-85,-85,26.077602459396946,1350,700,183.23370369918817,3.052831720601578,circular
17,1100,700,34.54865727228495,26.011117049096303,-85,-85,26.067010357935978,1350,700,186.28653541978974,3.052831720601578,circular
18,1100,700,34.54865727228495,25.906018829630398,-85,-85,26.011117049096303,1350,700,189.33936714039132,3.052831720601578,circular
19,1100,700,34.54865727228495,25.7492610641292,-85,-85,25.906018829630398,1350,700,192.3921988609929,3.052831720601578,circular
20,1100,700,34.54865727228495,25.536951728381826,-85,-85,25.7492610641292,1350,700,195.44503058159447,3.052831720601578,circular
21,1100,700,34.54865727228495,25.263344594616918,-85,-85,25.452908776355446,1350,700,198.49786230219604,3.052831720601578,circular
22,1100,700,34.54865727228495,24.92014212493214,-85,-85,25.157178905256924,1350,700,201.55069402279761,3.052831720601578,circular
23,1100,700,34.54865727228495,24.495315191602927,-85,-85,24.788337040832293,1350,700,204.6035257433992,3.052831720601578,circular
24,1100,700,34.54865727228495,23.97102224645776,-85,-85,24.332711411139446,1350,700,207.65635746400076,3.052831720601578,circular
25,1100,700,34.54865727228495,23.319699537123853,-85,-85,23.769789312347285,1350,700,210.70918918460234,3.052831720601578,circular
26,1100,700,34.54865727228495,22.496022074683278,-85,-85,23.067302502757133,1350,700,213.7620209052039,3.052831720601578,circular
27,1100,700,34.54865727228495,20.97742610025735,-85,-85,22.170735458799452,1350,700,216.81485262580549,3.052831720601578,circular
28,1100,700,34.54865727228495,19.25639156218219,-85,-85,20.97742610025735,1350,700,219.86768434640706,3.052831720601578,circular
29,1100,700,34.54865727228495,16.269948115724716,-85,-85,19.25639156218219,1350,700,222.92051606700863,3.052831720601578,circular
30,1100,700,34.54865727228495,-85,-85,-85,16.269948115724716,1350,700,225.9733477876102,3.052831720601578,circular
31,1100,700,34.54865727228495,-85,-85,-85,-85,1350,700,229.02617950821178,3.052831720601578,circular
32,1100,700,34.54865727228495,-85,-85,-85,-85,1350,700,232.07901122881336,3.052831720601578,circular
33,1100,700,34.54865727228495,-85,-85,-85,-85,1350,700,235.13184294941493,3.052831720601578,circular
34,1100,700,34.54865727228495,-85,-85,-85,-85,1350,700,238.1846746700165,3.052831720601578,circular
35,1100,700,34.54865727228495,-85,-85,-85,-85,1350,700,241.23750639061808,3.052831720601578,circular
36,1100,700,34.54865727228495,-85,-85,-85,-85,1350,700,244.29033811121965,3.052831720601578,circular
37,1100,700,34.54865727228495,-85,-85,-85,-85,1350,700,247.34316983182123,3.052831720601578,circular
38,1100,700,34.54865727228495,-85,-85,-85,-85,1350,700,250.3960015524228,3.052831720601578,circular
39,1100,700,34.54865727228495,-85,-85,-85,-85,1350,700,253.44883327302438,3.052831720601578,circular
40,1100,700,34.54865727228495,-85,-85,-85,-85,1350,700,256.501664993626,3.052831720601578,circular
41,1100,700,34.54865727228495,-85,-85,-85,-85,1350,700,259.5544967142276,3.052831720601578,circular
42,1100,700,34.54865727228495,-85,-85,-85,-85,1350,700,262.6073284348292,3.052831720601578,circular
43,1100,700,34.54865727228495,-85,-85,-85,-85,1350,700,265.6601601554308,3.052831720601578,circular
44,1100,700,34.54865727228495,-85,-85,-85,-85,1350,700,268.7129918760324,3.052831720601578,circular
45,1100,700,34.54865727228495,-85,-85,-85,-85,1350,700,271.765823596634,3.052831720601578,circular
46,1100,700,34.54865727228495,-85,-85,-85,-85,1350,700,274.8186553172356,3.052831720601578,circular
47,1100,700,34.54865727228495,-85,-85,-85,-85,1350,700,277.8714870378372,3.052831720601578,circular
48,1100,700,34.54865727228495,-85,-85,-85,-85,1350,700,280.9243187584388,3.052831720601578,circular
49,1100,700,34.54865727228495,-85,-85,-85,-85,1350,700,283.9771504790404,3.052831720601578,circular
50,1100,700,34.54865727228495,-85,-85,-85,-85,1350,700,287.029982199642,3.052831720601578,circular
51,1100,700,34.54865727228495,-85,-85,-85,-85,1350,700,290.0828139202436,3.052831720601578,circular
52,1100,700,34.54865727228495,-85,-85,-85,-85,1350,700,293.1356456408452,3.052831720601578,circular
53,1100,700,34.54865727228495,-85,-85,-85,-85,1350,700,296.1884773614468,3.052831720601578,circular
54,1100,700,34.54865727228495,-85,-85,-85,-85,1350,700,299.2413090820484,3.052831720601578,circular
55,1100,700,34.54865727228495,-85,-85,-85,-85,1350,700,302.29414080265,3.052831720601578,circular
56,1100,700,34.54865727228495,-85,-85,-85,-85,1350,700,305.3469725232516,3.052831720601578,circular
57,1100,700,34.54865727228495,-85,-85,-85,-85,1350,700,308.3998042438532,3.052831720601578,circular
58,1100,700,34.54865727228495,-85,-85,-85,-85,1350,700,311.4526359644548,3.052831720601578,circular
59,1100,700,34.54865727228495,-85,-85,-85,-85,1350,700,314.50546768505643,3.052831720601578,circular
60,1100,700,34.54865727228495,-85,-85,-85,-85,1350,700,317.55829940565803,3.052831720601578,circular
61,1100,700,34.54865727228495,-85,-85,-85,-85,1350,700,320.61113112625964,3.052831720601578,circular
62,1100,700,34.54865727228495,-85,-85,-85,-85,1350,700,323.66396284686124,3.052831720601578,circular
63,1100,700,34.54865727228495,-85,-85,-85,-85,1350,700,326.71679456746284,3.052831720601578,circular
64,1100,700,34.54865727228495,-85,-85,-85,-85,1350,700,329.76962628806444,3.052831720601578,circular
65,1100,700,34.54865727228495,-85,-85,-85,-85,1350,700,332.82245800866605,3.052831720601578,circular
66,1100,700,34.54865727228495,-85,-85,-85,-85,1350,700,335.87528972926765,3.052831720601578,circular
67,1100,700,34.54865727228495,-85,-85,-85,-85,1350,700,338.92812144986925,3.052831720601578,circular
68,1100,700,34.54865727228495,-85,-85,-85,-85,1350,700,341.98095317047085,3.052831720601578,circular
69,1100,700,34.54865727228495,-85,-85,-85,-85,1350,700,345.03378489107246,3.052831720601578,circular
70,1100,700,34.54865727228495,-85,-85,-85,-85,1350,700,348.08661661167406,3.052831720601578,circular
71,1100,700,34.54865727228495,-85,-85,-85,-85,1350,700,351.13944833227566,3.052831720601578,circular
72,1100,700,34.54865727228495,-85,-85,-85,-85,1350,700,354.19228005287727,3.052831720601578,circular
73,1100,700,34.54865727228495,-85,-85,-85,-85,1350,700,357.24511177347887,3.052831720601578,circular
74,1100,700,34.54865727228495,-85,-85,-85,-85,1350,700,0.2979434940804708,3.052831720601578,circular
75,1100,700,34.54865727228495,-85,-85,-85,-85,1350,700,3.3507752146820486,3.052831720601578,circular
76,1100,700,34.54865727228495,-85,-85,-85,-85,1350,700,6.4036069352836265,3.052831720601578,circular
77,1100,700,34.54865727228495,-85,-85,-85,-85,1350,700,9.456438655885204,3.052831720601578,circular
78,1100,700,34.54865727228495,-85,-85,-85,-85,1350,700,12.509270376486782,3.052831720601578,circular
79,1100,700,34.54865727228495,-85,-85,-85,-85,1350,700,15.56210209708836,3.052831720601578,circular
80,1100,700,34.54865727228495,-85,-85,-85,-85,1350,700,18.614933817689938,3.052831720601578,circular
81,1100,700,34.54865727228495,-85,-85,-85,-85,1350,700,21.667765538291516,3.052831720601578,circular
82,1100,700,34.54865727228495,-85,-85,-85,-85,1350,700,24.720597258893093,3.052831720601578,circular
83,1100,700,34.54865727228495,-85,-85,-85,-85,1350,700,27.77342897949467,3.052831720601578,circular
84,1100,700,34.54865727228495,-85,-85,-85,-85,1350,700,30.82626070009625,3.052831720601578,circular
85,1100,700,34.54865727228495,-85,-85,-85,-85,1350,700,33.87909242069783,3.052831720601578,circular
86,1100,700,34.54865727228495,-85,-85,-85,-85,1350,700,36.931924141299405,3.052831720601578,circular
87,1100,700,34.54865727228495,-85,-85,-85,-85,1350,700,39.98475586190098,3.052831720601578,circular
88,1100,700,34.54865727228495,-85,-85,-85,-85,1350,700,43.03758758250255,3.052831720601578,circular
89,1100,700,34.54865727228495,-85,-85,-85,-85,1350,700,46.09041930310413,3.052831720601578,circular
90,1100,700,34.54865727228495,-85,-85,-85,-85,1350,700,49.1432510237057,3.052831720601578,circular
91,1100,700,34.54865727228495,-85,-85,-85,-85,1350,700,52.196082744307276,3.052831720601578,circular
92,1100,700,34.54865727228495,-85,-85,-85,-85,1350,700,55.24891446490885,3.052831720601578,circular
93,1100,700,34.54865727228495,-85,-85,-85,-85,1350,700,58.301746185510424,3.052831720601578,circular
94,1100,700,34.54865727228495,-85,-85,-85,-85,1350,700,61.354577906112,3.052831720601578,circular
95,1100,700,34.54865727228495,-85,-85,-85,-85,1350,700,64.40740962671357,3.052831720601578,circular
96,1100,700,34.54865727228495,-85,-85,-85,-85,1350,700,67.46024134731515,3.052831720601578,circular
97,1100,700,34.54865727228495,-85,-85,-85,-85,1350,700,70.51307306791672,3.052831720601578,circular
98,1100,700,34.54865727228495,-85,-85,-85,-85,1350,700,73.5659047885183,3.052831720601578,circular
99,1100,700,34.54865727228495,-85,-85,-85,-85,1350,700,76.61873650911987,3.052831720601578,circular
100,1100,700,34.54865727228495,-85,-85,-85,-85,1350,700,79.67156822972144,3.052831720601578,circular
101,1100,700,34.54865727228495,-85,-85,-85,-85,1350,700,82.72439995032302,3.052831720601578,circular
102,1100,700,34.54865727228495,-85,-85,-85,-85,1350,700,85.77723167092459,3.052831720601578,circular
103,1100,700,34.54865727228495,-85,-85,-85,-85,1350,700,88.83006339152617,3.052831720601578,circular
104,1100,700,34.54865727228495,-85,-85,-85,-85,1350,700,91.88289511212774,3.052831720601578,circular
105,1100,700,34.54865727228495,-85,-85,-85,-85,1350,700,94.93572683272932,3.052831720601578,circular
106,1100,700,34.54865727228495,-85,-85,-85,-85,1350,700,97.98855855333089,3.052831720601578,circular
107,1100,700,34.54865727228495,-85,-85,-85,-85,1350,700,101.04139027393246,3.052831720601578,circular
108,1100,700,34.54865727228495,-85,-85,-85,-85,1350,700,104.09422199453404,3.052831720601578,circular
109,1100,700,34.54865727228495,-85,-85,-85,-85,1350,700,107.14705371513561,3.052831720601578,circular
110,1100,700,34.54865727228495,-85,-85,-85,-85,1350,700,110.19988543573719,3.052831720601578,circular
111,1100,700,34.54865727228495,-85,-85,-85,-85,1350,700,113.25271715633876,3.052831720601578,circular
112,1100,700,34.54865727228495,-85,-85,-85,-85,1350,700,116.30554887694034,3.052831720601578,circular
113,1100,700,34.54865727228495,-85,-85,-85,-85,1350,700,119.35838059754191,3.052831720601578,circular
114,1100,700,34.54865727228495,-85,-85,-85,-85,1350,700,122.41121231814348,3.052831720601578,circular
115,1100,700,34.54865727228495,-85,-85,-85,-85,1350,700,125.46404403874506,3.052831720601578,circular
116,1100,700,34.54865727228495,-85,-85,-85,-85,1350,700,128.51687575934665,3.052831720601578,circular
117,1100,700,34.54865727228495,-85,-85,-85,-85,1350,700,131.56970747994822,3.052831720601578,circular
118,1100,700,34.54865727228495,-85,-85,-85,-85,1350,700,134.6225392005498,3.052831720601578,circular
119,1100,700,34.54865727228495,14.513447644213304,-85,-85,-85,1350,700,137.67537092115137,3.052831720601578,circular
120,1100,700,34.54865727228495,18.47430475951294,-85,-85,16.269948115724727,1350,700,140.72820264175294,3.052831720601578,circular
121,1100,700,34.54865727228495,20.48098321025059,-85,-85,19.25639156218217,1350,700,143.78103436235452,3.052831720601578,circular
122,1100,700,34.54865727228495,22.170735458799452,-85,-85,20.97742610025734,1350,700,146.8338660829561,3.052831720601578,circular
123,1100,700,34.54865727228495,23.06730250275713,-85,-85,22.170735458799452,1350,700,149.88669780355767,3.052831720601578,circular
124,1100,700,34.54865727228495,23.769789312347285,-85,-85,23.06730250275713,1350,700,152.93952952415924,3.052831720601578,circular
125,1100,700,34.54865727228495,24.33271141113945,-85,-85,23.769789312347285,1350,700,155.99236124476081,3.052831720601578,circular
126,1100,700,34.54865727228495,24.78833704083229,-85,-85,24.33271141113945,1350,700,159.0451929653624,3.052831720601578,circular
127,1100,700,34.54865727228495,25.157178905256924,-85,-85,24.78833704083229,1350,700,162.09802468596396,3.052831720601578,circular
128,1100,700,34.54865727228495,25.452908776355446,-85,-85,25.157178905256924,1350,700,165.15085640656554,3.052831720601578,circular
129,1100,700,34.54865727228495,25.684904084789974,-85,-85,25.452908776355446,1350,700,168.2036881271671,3.052831720601578,circular
130,1100,700,34.54865727228495,25.859665714847075,-85,-85,25.684904084789974,1350,700,171.2565198477687,3.052831720601578,circular
131,1100,700,34.54865727228495,25.9816463993744,-85,-85,25.859665714847075,1350,700,174.30935156837026,3.052831720601578,circular
132,1100,700,34.54865727228495,26.053745949214605,-85,-85,25.9816463993744,1350,700,177.36218328897183,3.052831720601578,circular
133,1100,700,34.54865727228495,26.077602459396946,-85,-85,26.053745949214605,1350,700,180.4150150095734,3.052831720601578,circular
134,1100,700,34.54865727228495,26.067010357935978,-85,-85,26.077602459396946,1350,700,183.46784673017498,3.052831720601578,circular
135,1100,700,34.54865727228495,26.011117049096303,-85,-85,26.053745949214605,1350,700,186.52067845077656,3.052831720601578,circular
136,1100,700,34.54865727228495,25.906018829630398,-85,-85,25.9816463993744,1350,700,189.57351017137813,3.052831720601578,circular
137,1100,700,34.54865727228495,25.7492610641292,-85,-85,25.859665714847075,1350,700,192.6263418919797,3.052831720601578,circular
138,1100,700,34.54865727228495,25.536951728381826,-85,-85,25.684904084789977,1350,700,195.67917361258128,3.052831720601578,circular
139,1100,700,34.54865727228495,25.263344594616918,-85,-85,25.452908776355446,1350,700,198.73200533318285,3.052831720601578,circular
140,1100,700,34.54865727228495,24.788337040832293,-85,-85,25.157178905256924,1350,700,201.78483705378443,3.052831720601578,circular
141,1100,700,34.54865727228495,24.332711411139446,-85,-85,24.788337040832293,1350,700,204.837668774386,3.052831720601578,circular
142,1100,700,34.54865727228495,23.769789312347285,-85,-85,24.332711411139446,1350,700,207.89050049498758,3.052831720601578,circular
143,1100,700,34.54865727228495,23.067302502757133,-85,-85,23.769789312347285,1350,700,210.94333221558915,3.052831720601578,circular
144,1100,700,34.54865727228495,22.170735458799452,-85,-85,23.067302502757133,1350,700,213.99616393619073,3.052831720601578,circular
145,1100,700,34.54865727228495,20.97742610025735,-85,-85,22.170735458799452,1350,700,217.0489956567923,3.052831720601578,circular
146,1100,700,34.54865727228495,19.25639156218219,-85,-85,20.97742610025735,1350,700,220.10182737739387,3.052831720601578,circular
147,1100,700,34.54865727228495,16.269948115724716,-85,-85,19.25639156218219,1350,700,223.15465909799545,3.052831720601578,circular
148,1100,700,34.54865727228495,-85,-85,-85,16.269948115724716,1350,700,226.20749081859702,3.052831720601578,circular
149,1100,700,34.54865727228495,-85,-85,-85,-85,1350,700,229.2603225391986,3.052831720601578,circular
150,1100,700,34.54865727228495,-85,-85,-85,-85,1350,700,232.31315425980017,3.052831720601578,circular
151,1100,700,34.54865727228495,-85,-85,-85,-85,1350,700,235.36598598040175,3.052831720601578,circular
152,1100,700,34.54865727228495,-85,-85,-85,-85,1350,700,238.41881770100332,3.052831720601578,circular
153,1100,700,34.54865727228495,-85,-85,-85,-85,1350,700,241.4716494216049,3.052831720601578,circular
154,1100,700,34.54865727228495,-85,-85,-85,-85,1350,700,244.52448114220647,3.052831720601578,circular
155,1100,700,34.54865727228495,-85,-85,-85,-85,1350,700,247.57731286280804,3.052831720601578,circular
156,1100,700,34.54865727228495,-85,-85,-85,-85,1350,700,250.63014458340962,3.052831720601578,circular
157,1100,700,34.54865727228495,-85,-85,-85,-85,1350,700,253.6829763040112,3.052831720601578,circular
158,1100,700,34.54865727228495,-85,-85,-85,-85,1350,700,256.73580802461277,3.052831720601578,circular
159,1100,700,34.54865727228495,-85,-85,-85,-85,1350,700,259.78863974521437,3.052831720601578,circular
160,1100,700,34.54865727228495,-85,-85,-85,-85,1350,700,262.84147146581597,3.052831720601578,circular
161,1100,700,34.54865727228495,-85,-85,-85,-85,1350,700,265.8943031864176,3.052831720601578,circular
162,1100,700,34.54865727228495,-85,-85,-85,-85,1350,700,268.9471349070192,3.052831720601578,circular
163,1100,700,34.54865727228495,-85,-85,-85,-85,1350,700,271.9999666276208,3.052831720601578,circular
164,1100,700,34.54865727228495,-85,-85,-85,-85,1350,700,275.0527983482224,3.052831720601578,circular
165,1100,700,34.54865727228495,-85,-85,-85,-85,1350,700,278.105630068824,3.052831720601578,circular
166,1100,700,34.54865727228495,-85,-85,-85,-85,1350,700,281.1584617894256,3.052831720601578,circular
167,1100,700,34.54865727228495,-85,-85,-85,-85,1350,700,284.2112935100272,3.052831720601578,circular
168,1100,700,34.54865727228495,-85,-85,-85,-85,1350,700,287.2641252306288,3.052831720601578,circular
169,1100,700,34.54865727228495,-85,-85,-85,-85,1350,700,290.3169569512304,3.052831720601578,circular
170,1100,700,34.54865727228495,-85,-85,-85,-85,1350,700,293.369788671832,3.052831720601578,circular
171,1100,700,34.54865727228495,-85,-85,-85,-85,1350,700,296.4226203924336,3.052831720601578,circular
172,1100,700,34.54865727228495,-85,-85,-85,-85,1350,700,299.4754521130352,3.052831720601578,circular
173,1100,700,34.54865727228495,-85,-85,-85,-85,1350,700,302.5282838336368,3.052831720601578,circular
174,1100,700,34.54865727228495,-85,-85,-85,-85,1350,700,305.5811155542384,3.052831720601578,circular
175,1100,700,34.54865727228495,-85,-85,-85,-85,1350,700,308.63394727484,3.052831720601578,circular
176,1100,700,34.54865727228495,-85,-85,-85,-85,1350,700,311.6867789954416,3.052831720601578,circular
177,1100,700,34.54865727228495,-85,-85,-85,-85,1350,700,314.7396107160432,3.052831720601578,circular
178,1100,700,34.54865727228495,-85,-85,-85,-85,1350,700,317.7924424366448,3.052831720601578,circular
179,1100,700,34.54865727228495,-85,-85,-85,-85,1350,700,320.8452741572464,3.052831720601578,circular
180,1100,700,34.54865727228495,-85,-85,-85,-85,1350,700,323.898105877848,3.052831720601578,circular
181,1100,700,34.54865727228495,-85,-85,-85,-85,1350,700,326.9509375984496,3.052831720601578,circular
182,1100,700,34.54865727228495,-85,-85,-85,-85,1350,700,330.00376931905123,3.052831720601578,circular
183,1100,700,34.54865727228495,-85,-85,-85,-85,1350,700,333.05660103965283,3.052831720601578,circular
184,1100,700,34.54865727228495,-85,-85,-85,-85,1350,700,336.10943276025444,3.052831720601578,circular
185,1100,700,34.54865727228495,-85,-85,-85,-85,1350,700,339.16226448085604,3.052831720601578,circular
186,1100,700,34.54865727228495,-85,-85,-85,-85,1350,700,342.21509620145764,3.052831720601578,circular
187,1100,700,34.54865727228495,-85,-85,-85,-85,1350,700,345.26792792205924,3.052831720601578,circular
188,1100,700,34.54865727228495,-85,-85,-85,-85,1350,700,348.32075964266085,3.052831720601578,circular
189,1100,700,34.54865727228495,-85,-85,-85,-85,1350,700,351.37359136326245,3.052831720601578,circular
190,1100,700,34.54865727228495,-85,-85,-85,-85,1350,700,354.42642308386405,3.052831720601578,circular
191,1100,700,34.54865727228495,-85,-85,-85,-85,1350,700,357.47925480446565,3.052831720601578,circular
192,1100,700,34.54865727228495,-85,-85,-85,-85,1350,700,0.5320865250672568,3.052831720601578,circular
193,1100,700,34.54865727228495,-85,-85,-85,-85,1350,700,3.5849182456688347,3.052831720601578,circular
194,1100,700,34.54865727228495,-85,-85,-85,-85,1350,700,6.6377499662704125,3.052831720601578,circular
195,1100,700,34.54865727228495,-85,-85,-85,-85,1350,700,9.69058168687199,3.052831720601578,circular
196,1100,700,34.54865727228495,-85,-85,-85,-85,1350,700,12.743413407473568,3.052831720601578,circular
197,1100,700,34.54865727228495,-85,-85,-85,-85,1350,700,15.796245128075146,3.052831720601578,circular
198,1100,700,34.54865727228495,-85,-85,-85,-85,1350,700,18.849076848676724,3.052831720601578,circular
199,1100,700,34.54865727228495,-85,-85,-85,-85,1350,700,21.9019085692783,3.052831720601578,circular
200,1100,700,34.54865727228495,-85,-85,-85,-85,1350,700,24.95474028987988,3.052831720601578,circular
201,1100,700,34.54865727228495,-85,-85,-85,-85,1350,700,28.007572010481457,3.052831720601578,circular
202,1100,700,34.54865727228495,-85,-85,-85,-85,1350,700,31.060403731083035,3.052831720601578,circular
203,1100,700,34.54865727228495,-85,-85,-85,-85,1350,700,34.113235451684616,3.052831720601578,circular
204,1100,700,34.54865727228495,-85,-85,-85,-85,1350,700,37.16606717228619,3.052831720601578,circular
205,1100,700,34.54865727228495,-85,-85,-85,-85,1350,700,40.218898892887765,3.052831720601578,circular
206,1100,700,34.54865727228495,-85,-85,-85,-85,1350,700,43.27173061348934,3.052831720601578,circular
207,1100,700,34.54865727228495,-85,-85,-85,-85,1350,700,46.32456233409091,3.052831720601578,circular
208,1100,700,34.54865727228495,-85,-85,-85,-85,1350,700,49.37739405469249,3.052831720601578,circular
209,1100,700,34.54865727228495,-85,-85,-85,-85,1350,700,52.43022577529406,3.052831720601578,circular
210,1100,700,34.54865727228495,-85,-85,-85,-85,1350,700,55.483057495895636,3.052831720601578,circular
211,1100,700,34.54865727228495,-85,-85,-85,-85,1350,700,58.53588921649721,3.052831720601578,circular
212,1100,700,34.54865727228495,-85,-85,-85,-85,1350,700,61.588720937098785,3.052831720601578,circular
213,1100,700,34.54865727228495,-85,-85,-85,-85,1350,700,64.64155265770036,3.052831720601578,circular
214,1100,700,34.54865727228495,-85,-85,-85,-85,1350,700,67.69438437830193,3.052831720601578,circular
215,1100,700,34.54865727228495,-85,-85,-85,-85,1350,700,70.74721609890351,3.052831720601578,circular
216,1100,700,34.54865727228495,-85,-85,-85,-85,1350,700,73.80004781950508,3.052831720601578,circular
217,1100,700,34.54865727228495,-85,-85,-85,-85,1350,700,76.85287954010666,3.052831720601578,circular
218,1100,700,34.54865727228495,-85,-85,-85,-85,1350,700,79.90571126070823,3.052831720601578,circular
219,1100,700,34.54865727228495,-85,-85,-85,-85,1350,700,82.9585429813098,3.052831720601578,circular
220,1100,700,34.54865727228495,-85,-85,-85,-85,1350,700,86.01137470191138,3.052831720601578,circular
221,1100,700,34.54865727228495,-85,-85,-85,-85,1350,700,89.06420642251295,3.052831720601578,circular
222,1100,700,34.54865727228495,-85,-85,-85,-85,1350,700,92.11703814311453,3.052831720601578,circular
223,1100,700,34.54865727228495,-85,-85,-85,-85,1350,700,95.1698698637161,3.052831720601578,circular
224,1100,700,34.54865727228495,-85,-85,-85,-85,1350,700,98.22270158431768,3.052831720601578,circular
225,1100,700,34.54865727228495,-85,-85,-85,-85,1350,700,101.27553330491925,3.052831720601578,circular
226,1100,700,34.54865727228495,-85,-85,-85,-85,1350,700,104.32836502552082,3.052831720601578,circular
227,1100,700,34.54865727228495,-85,-85,-85,-85,1350,700,107.3811967461224,3.052831720601578,circular
228,1100,700,34.54865727228495,-85,-85,-85,-85,1350,700,110.43402846672397,3.052831720601578,circular
229,1100,700,34.54865727228495,-85,-85,-85,-85,1350,700,113.48686018732555,3.052831720601578,circular
230,1100,700,34.54865727228495,-85,-85,-85,-85,1350,700,116.53969190792712,3.052831720601578,circular
231,1100,700,34.54865727228495,-85,-85,-85,-85,1350,700,119.5925236285287,3.052831720601578,circular
232,1100,700,34.54865727228495,-85,-85,-85,-85,1350,700,122.64535534913027,3.052831720601578,circular
233,1100,700,34.54865727228495,-85,-85,-85,-85,1350,700,125.69818706973184,3.052831720601578,circular
234,1100,700,34.54865727228495,-85,-85,-85,-85,1350,700,128.75101879033343,3.052831720601578,circular
235,1100,700,34.54865727228495,-85,-85,-85,-85,1350,700,131.803850510935,3.052831720601578,circular
236,1100,700,34.54865727228495,-85,-85,-85,-85,1350,700,134.85668223153658,3.052831720601578,circular
237,1100,700,34.54865727228495,16.269948115724727,-85,-85,-85,1350,700,137.90951395213816,3.052831720601578,circular
238,1100,700,34.54865727228495,19.25639156218217,-85,-85,16.269948115724727,1350,700,140.96234567273973,3.052831720601578,circular
239,1100,700,34.54865727228495,20.97742610025734,-85,-85,19.25639156218217,1350,700,144.0151773933413,3.052831720601578,circular
240,1100,700,34.54865727228495,22.170735458799452,-85,-85,20.97742610025734,1350,700,147.06800911394288,3.052831720601578,circular
241,1100,700,34.54865727228495,23.06730250275713,-85,-85,22.170735458799452,1350,700,150.12084083454445,3.052831720601578,circular
242,1100,700,34.54865727228495,23.769789312347285,-85,-85,23.06730250275713,1350,700,153.17367255514603,3.052831720601578,circular
243,1100,700,34.54865727228495,24.33271141113945,-85,-85,23.769789312347285,1350,700,156.2265042757476,3.052831720601578,circular
244,1100,700,34.54865727228495,24.78833704083229,-85,-85,24.33271141113945,1350,700,159.27933599634918,3.052831720601578,circular
245,1100,700,34.54865727228495,25.157178905256924,-85,-85,24.78833704083229,1350,700,162.33216771695075,3.052831720601578,circular
246,1100,700,34.54865727228495,25.452908776355446,-85,-85,25.157178905256924,1350,700,165.38499943755232,3.052831720601578,circular
247,1100,700,34.54865727228495,25.684904084789974,-85,-85,25.452908776355446,1350,700,168.4378311581539,3.052831720601578,circular
248,1100,700,34.54865727228495,25.859665714847075,-85,-85,25.7492610641292,1350,700,171.49066287875547,3.052831720601578,circular
249,1100,700,34.54865727228495,25.9816463993744,-85,-85,25.906018829630398,1350,700,174.54349459935705,3.052831720601578,circular
250,1100,700,34.54865727228495,26.053745949214605,-85,-85,26.011117049096303,1350,700,177.59632631995862,3.052831720601578,circular
251,1100,700,34.54865727228495,26.077602459396946,-85,-85,26.067010357935978,1350,700,180.6491580405602,3.052831720601578,circular
252,1100,700,34.54865727228495,26.067010357935978,-85,-85,26.077602459396946,1350,700,183.70198976116177,3.052831720601578,circular
253,1100,700,34.54865727228495,26.011117049096303,-85,-85,26.053745949214605,1350,700,186.75482148176334,3.052831720601578,circular
254,1100,700,34.54865727228495,25.859665714847075,-85,-85,25.9816463993744,1350,700,189.80765320236492,3.052831720601578,circular
255,1100,700,34.54865727228495,25.684904084789977,-85,-85,25.859665714847075,1350,700,192.8604849229665,3.052831720601578,circular
256,1100,700,34.54865727228495,25.452908776355446,-85,-85,25.684904084789977,1350,700,195.91331664356807,3.052831720601578,circular
257,1100,700,34.54865727228495,25.157178905256924,-85,-85,25.452908776355446,1350,700,198.96614836416964,3.052831720601578,circular
258,1100,700,34.54865727228495,24.788337040832293,-85,-85,25.157178905256924,1350,700,202.01898008477121,3.052831720601578,circular
259,1100,700,34.54865727228495,24.332711411139446,-85,-85,24.788337040832293,1350,700,205.0718118053728,3.052831720601578,circular
260,1100,700,34.54865727228495,23.769789312347285,-85,-85,24.332711411139446,1350,700,208.12464352597436,3.052831720601578,circular
261,1100,700,34.54865727228495,23.067302502757133,-85,-85,23.769789312347285,1350,700,211.17747524657594,3.052831720601578,circular
262,1100,700,34.54865727228495,22.170735458799452,-85,-85,23.067302502757133,1350,700,214.2303069671775,3.052831720601578,circular
263,1100,700,34.54865727228495,20.97742610025735,-85,-85,22.170735458799452,1350,700,217.2831386877791,3.052831720601578,circular
264,1100,700,34.54865727228495,19.25639156218219,-85,-85,20.97742610025735,1350,700,220.33597040838066,3.052831720601578,circular
265,1100,700,34.54865727228495,16.269948115724716,-85,-85,19.25639156218219,1350,700,223.38880212898223,3.052831720601578,circular
266,1100,700,34.54865727228495,-85,-85,-85,16.269948115724716,1350,700,226.4416338495838,3.052831720601578,circular
267,1100,700,34.54865727228495,-85,-85,-85,-85,1350,700,229.49446557018538,3.052831720601578,circular
268,1100,700,34.54865727228495,-85,-85,-85,-85,1350,700,232.54729729078696,3.052831720601578,circular
269,1100,700,34.54865727228495,-85,-85,-85,-85,1350,700,235.60012901138853,3.052831720601578,circular
270,1100,700,34.54865727228495,-85,-85,-85,-85,1350,700,238.6529607319901,3.052831720601578,circular
271,1100,700,34.54865727228495,-85,-85,-85,-85,1350,700,241.70579245259168,3.052831720601578,circular
272,1100,700,34.54865727228495,-85,-85,-85,-85,1350,700,244.75862417319325,3.052831720601578,circular
273,1100,700,34.54865727228495,-85,-85,-85,-85,1350,700,247.81145589379483,3.052831720601578,circular
274,1100,700,34.54865727228495,-85,-85,-85,-85,1350,700,250.8642876143964,3.052831720601578,circular
275,1100,700,34.54865727228495,-85,-85,-85,-85,1350,700,253.91711933499798,3.052831720601578,circular
276,1100,700,34.54865727228495,-85,-85,-85,-85,1350,700,256.96995105559955,3.052831720601578,circular
277,1100,700,34.54865727228495,-85,-85,-85,-85,1350,700,260.02278277620115,3.052831720601578,circular
278,1100,700,34.54865727228495,-85,-85,-85,-85,1350,700,263.07561449680276,3.052831720601578,circular
279,1100,700,34.54865727228495,-85,-85,-85,-85,1350,700,266.12844621740436,3.052831720601578,circular
280,1100,700,34.54865727228495,-85,-85,-85,-85,1350,700,269.18127793800596,3.052831720601578,circular
281,1100,700,34.54865727228495,-85,-85,-85,-85,1350,700,272.23410965860757,3.052831720601578,circular
282,1100,700,34.54865727228495,-85,-85,-85,-85,1350,700,275.28694137920917,3.052831720601578,circular
283,1100,700,34.54865727228495,-85,-85,-85,-85,1350,700,278.33977309981077,3.052831720601578,circular
284,1100,700,34.54865727228495,-85,-85,-85,-85,1350,700,281.3926048204124,3.052831720601578,circular
285,1100,700,34.54865727228495,-85,-85,-85,-85,1350,700,284.445436541014,3.052831720601578,circular
286,1100,700,34.54865727228495,-85,-85,-85,-85,1350,700,287.4982682616156,3.052831720601578,circular
287,1100,700,34.54865727228495,-85,-85,-85,-85,1350,700,290.5510999822172,3.052831720601578,circular
288,1100,700,34.54865727228495,-85,-85,-85,-85,1350,700,293.6039317028188,3.052831720601578,circular
289,1100,700,34.54865727228495,-85,-85,-85,-85,1350,700,296.6567634234204,3.052831720601578,circular
290,1100,700,34.54865727228495,-85,-85,-85,-85,1350,700,299.709595144022,3.052831720601578,circular
291,1100,700,34.54865727228495,-85,-85,-85,-85,1350,700,302.7624268646236,3.052831720601578,circular
292,1100,700,34.54865727228495,-85,-85,-85,-85,1350,700,305.8152585852252,3.052831720601578,circular
293,1100,700,34.54865727228495,-85,-85,-85,-85,1350,700,308.8680903058268,3.052831720601578,circular
294,1100,700,34.54865727228495,-85,-85,-85,-85,1350,700,311.9209220264284,3.052831720601578,circular
295,1100,700,34.54865727228495,-85,-85,-85,-85,1350,700,314.97375374703,3.052831720601578,circular
296,1100,700,34.54865727228495,-85,-85,-85,-85,1350,700,318.0265854676316,3.052831720601578,circular
297,1100,700,34.54865727228495,-85,-85,-85,-85,1350,700,321.0794171882332,3.052831720601578,circular
298,1100,700,34.54865727228495,-85,-85,-85,-85,1350,700,324.1322489088348,3.052831720601578,circular
299,1100,700,34.54865727228495,-85,-85,-85,-85,1350,700,327.1850806294364,3.052831720601578,circular
300,1100,700,34.54865727228495,-85,-85,-85,-85,1350,700,330.237912350038,3.052831720601578,circular
301,1100,700,34.54865727228495,-85,-85,-85,-85,1350,700,333.2907440706396,3.052831720601578,circular
302,1100,700,34.54865727228495,-85,-85,-85,-85,1350,700,336.3435757912412,3.052831720601578,circular
303,1100,700,34.54865727228495,-85,-85,-85,-85,1350,700,339.3964075118428,3.052831720601578,circular
304,1100,700,34.54865727228495,-85,-85,-85,-85,1350,700,342.4492392324444,3.052831720601578,circular
305,1100,700,34.54865727228495,-85,-85,-85,-85,1350,700,345.50207095304603,3.052831720601578,circular
306,1100,700,34.54865727228495,-85,-85,-85,-85,1350,700,348.55490267364763,3.052831720601578,circular
307,1100,700,34.54865727228495,-85,-85,-85,-85,1350,700,351.60773439424923,3.052831720601578,circular
308,1100,700,34.54865727228495,-85,-85,-85,-85,1350,700,354.66056611485084,3.052831720601578,circular
309,1100,700,34.54865727228495,-85,-85,-85,-85,1350,700,357.71339783545244,3.052831720601578,circular
310,1100,700,34.54865727228495,-85,-85,-85,-85,1350,700,0.7662295560540429,3.052831720601578,circular
311,1100,700,34.54865727228495,-85,-85,-85,-85,1350,700,3.8190612766556207,3.052831720601578,circular
312,1100,700,34.54865727228495,-85,-85,-85,-85,1350,700,6.8718929972571985,3.052831720601578,circular
313,1100,700,34.54865727228495,-85,-85,-85,-85,1350,700,9.924724717858776,3.052831720601578,circular
314,1100,700,34.54865727228495,-85,-85,-85,-85,1350,700,12.977556438460354,3.052831720601578,circular
315,1100,700,34.54865727228495,-85,-85,-85,-85,1350,700,16.030388159061932,3.052831720601578,circular
316,1100,700,34.54865727228495,-85,-85,-85,-85,1350,700,19.08321987966351,3.052831720601578,circular
317,1100,700,34.54865727228495,-85,-85,-85,-85,1350,700,22.136051600265088,3.052831720601578,circular
318,1100,700,34.54865727228495,-85,-85,-85,-85,1350,700,25.188883320866665,3.052831720601578,circular
319,1100,700,34.54865727228495,-85,-85,-85,-85,1350,700,28.241715041468243,3.052831720601578,circular
320,1100,700,34.54865727228495,-85,-85,-85,-85,1350,700,31.29454676206982,3.052831720601578,circular
321,1100,700,34.54865727228495,-85,-85,-85,-85,1350,700,34.3473784826714,3.052831720601578,circular
322,1100,700,34.54865727228495,-85,-85,-85,-85,1350,700,37.40021020327298,3.052831720601578,circular
323,1100,700,34.54865727228495,-85,-85,-85,-85,1350,700,40.45304192387455,3.052831720601578,circular
324,1100,700,34.54865727228495,-85,-85,-85,-85,1350,700,43.505873644476125,3.052831720601578,circular
325,1100,700,34.54865727228495,-85,-85,-85,-85,1350,700,46.5587053650777,3.052831720601578,circular
326,1100,700,34.54865727228495,-85,-85,-85,-85,1350,700,49.611537085679274,3.052831720601578,circular
327,1100,700,34.54865727228495,-85,-85,-85,-85,1350,700,52.66436880628085,3.052831720601578,circular
328,1100,700,34.54865727228495,-85,-85,-85,-85,1350,700,55.71720052688242,3.052831720601578,circular
329,1100,700,34.54865727228495,-85,-85,-85,-85,1350,700,58.770032247484,3.052831720601578,circular
330,1100,700,34.54865727228495,-85,-85,-85,-85,1350,700,61.82286396808557,3.052831720601578,circular
331,1100,700,34.54865727228495,-85,-85,-85,-85,1350,700,64.87569568868714,3.052831720601578,circular
332,1100,700,34.54865727228495,-85,-85,-85,-85,1350,700,67.92852740928872,3.052831720601578,circular
333,1100,700,34.54865727228495,-85,-85,-85,-85,1350,700,70.9813591298903,3.052831720601578,circular
334,1100,700,34.54865727228495,-85,-85,-85,-85,1350,700,74.03419085049187,3.052831720601578,circular
335,1100,700,34.54865727228495,-85,-85,-85,-85,1350,700,77.08702257109344,3.052831720601578,circular
336,1100,700,34.54865727228495,-85,-85,-85,-85,1350,700,80.13985429169502,3.052831720601578,circular
337,1100,700,34.54865727228495,-85,-85,-85,-85,1350,700,83.19268601229659,3.052831720601578,circular
338,1100,700,34.54865727228495,-85,-85,-85,-85,1350,700,86.24551773289816,3.052831720601578,circular
339,1100,700,34.54865727228495,-85,-85,-85,-85,1350,700,89.29834945349974,3.052831720601578,circular
340,1100,700,34.54865727228495,-85,-85,-85,-85,1350,700,92.35118117410131,3.052831720601578,circular
341,1100,700,34.54865727228495,-85,-85,-85,-85,1350,700,95.40401289470289,3.052831720601578,circular
342,1100,700,34.54865727228495,-85,-85,-85,-85,1350,700,98.45684461530446,3.052831720601578,circular
343,1100,700,34.54865727228495,-85,-85,-85,-85,1350,700,101.50967633590604,3.052831720601578,circular
344,1100,700,34.54865727228495,-85,-85,-85,-85,1350,700,104.56250805650761,3.052831720601578,circular
345,1100,700,34.54865727228495,-85,-85,-85,-85,1350,700,107.61533977710918,3.052831720601578,circular
346,1100,700,34.54865727228495,-85,-85,-85,-85,1350,700,110.66817149771076,3.052831720601578,circular
347,1100,700,34.54865727228495,-85,-85,-85,-85,1350,700,113.72100321831233,3.052831720601578,circular
348,1100,700,34.54865727228495,-85,-85,-85,-85,1350,700,116.77383493891391,3.052831720601578,circular
349,1100,700,34.54865727228495,-85,-85,-85,-85,1350,700,119.82666665951548,3.052831720601578,circular
350,1100,700,34.54865727228495,-85,-85,-85,-85,1350,700,122.87949838011706,3.052831720601578,circular
351,1100,700,34.54865727228495,-85,-85,-85,-85,1350,700,125.93233010071863,3.052831720601578,circular
352,1100,700,34.54865727228495,-85,-85,-85,-85,1350,700,128.98516182132022,3.052831720601578,circular
353,1100,700,34.54865727228495,-85,-85,-85,-85,1350,700,132.0379935419218,3.052831720601578,circular
354,1100,700,34.54865727228495,-85,-85,-85,-85,1350,700,135.09082526252337,3.052831720601578,circular
355,1100,700,34.54865727228495,16.269948115724727,-85,-85,-85,1350,700,138.14365698312494,3.052831720601578,circular
356,1100,700,34.54865727228495,19.25639156218217,-85,-85,16.269948115724727,1350,700,141.19648870372652,3.052831720601578,circular
357,1100,700,34.54865727228495,20.97742610025734,-85,-85,19.25639156218217,1350,700,144.2493204243281,3.052831720601578,circular
358,1100,700,34.54865727228495,22.170735458799452,-85,-85,20.97742610025734,1350,700,147.30215214492966,3.052831720601578,circular
359,1100,700,34.54865727228495,23.06730250275713,-85,-85,22.170735458799452,1350,700,150.35498386553124,3.052831720601578,circular
360,1100,700,34.54865727228495,23.769789312347285,-85,-85,23.06730250275713,1350,700,153.4078155861328,3.052831720601578,circular
361,1100,700,34.54865727228495,24.33271141113945,-85,-85,23.769789312347285,1350,700,156.4606473067344,3.052831720601578,circular
362,1100,700,34.54865727228495,24.78833704083229,-85,-85,24.495315191602927,1350,700,159.51347902733596,3.052831720601578,circular
363,1100,700,34.54865727228495,25.157178905256924,-85,-85,24.92014212493214,1350,700,162.56631074793754,3.052831720601578,circular
364,1100,700,34.54865727228495,25.452908776355446,-85,-85,25.26334459461691,1350,700,165.6191424685391,3.052831720601578,circular
365,1100,700,34.54865727228495,25.684904084789974,-85,-85,25.536951728381826,1350,700,168.67197418914068,3.052831720601578,circular
366,1100,700,34.54865727228495,25.859665714847075,-85,-85,25.7492610641292,1350,700,171.72480590974226,3.052831720601578,circular
367,1100,700,34.54865727228495,25.9816463993744,-85,-85,25.906018829630398,1350,700,174.77763763034383,3.052831720601578,circular
368,1100,700,34.54865727228495,26.067010357935978,-85,-85,26.011117049096303,1350,700,177.8304693509454,3.052831720601578,circular
369,1100,700,34.54865727228495,26.077602459396946,-85,-85,26.067010357935978,1350,700,180.88330107154698,3.052831720601578,circular
370,1100,700,34.54865727228495,26.053745949214605,-85,-85,26.077602459396946,1350,700,183.93613279214856,3.052831720601578,circular
371,1100,700,34.54865727228495,25.9816463993744,-85,-85,26.053745949214605,1350,700,186.98896451275013,3.052831720601578,circular
372,1100,700,34.54865727228495,25.859665714847075,-85,-85,25.9816463993744,1350,700,190.0417962333517,3.052831720601578,circular
373,1100,700,34.54865727228495,25.684904084789977,-85,-85,25.859665714847075,1350,700,193.09462795395328,3.052831720601578,circular
374,1100,700,34.54865727228495,25.452908776355446,-85,-85,25.684904084789977,1350,700,196.14745967455485,3.052831720601578,circular
375,1100,700,34.54865727228495,25.157178905256924,-85,-85,25.452908776355446,1350,700,199.20029139515643,3.052831720601578,circular
376,1100,700,34.54865727228495,24.788337040832293,-85,-85,25.157178905256924,1350,700,202.253123115758,3.052831720601578,circular
377,1100,700,34.54865727228495,24.332711411139446,-85,-85,24.788337040832293,1350,700,205.30595483635958,3.052831720601578,circular
378,1100,700,34.54865727228495,23.769789312347285,-85,-85,24.332711411139446,1350,700,208.35878655696115,3.052831720601578,circular
379,1100,700,34.54865727228495,23.067302502757133,-85,-85,23.769789312347285,1350,700,211.41161827756272,3.052831720601578,circular
380,1100,700,34.54865727228495,22.170735458799452,-85,-85,23.067302502757133,1350,700,214.4644499981643,3.052831720601578,circular
381,1100,700,34.54865727228495,20.97742610025735,-85,-85,21.81335663023087,1350,700,217.51728171876587,3.052831720601578,circular
382,1100,700,34.54865727228495,19.25639156218219,-85,-85,20.48098321025059,1350,700,220.57011343936745,3.052831720601578,circular
383,1100,700,34.54865727228495,16.269948115724716,-85,-85,18.474304759512954,1350,700,223.62294515996902,3.052831720601578,circular
384,1100,700,34.54865727228495,-85,-85,-85,14.513447644213265,1350,700,226.6757768805706,3.052831720601578,circular
385,1100,700,34.54865727228495,-85,-85,-85,-85,1350,700,229.72860860117217,3.052831720601578,circular
386,1100,700,34.54865727228495,-85,-85,-85,-85,1350,700,232.78144032177374,3.052831720601578,circular
387,1100,700,34.54865727228495,-85,-85,-85,-85,1350,700,235.83427204237532,3.052831720601578,circular
388,1100,700,34.54865727228495,-85,-85,-85,-85,1350,700,238.8871037629769,3.052831720601578,circular
389,1100,700,34.54865727228495,-85,-85,-85,-85,1350,700,241.93993548357847,3.052831720601578,circular
390,1100,700,34.54865727228495,-85,-85,-85,-85,1350,700,244.99276720418004,3.052831720601578,circular
391,1100,700,34.54865727228495,-85,-85,-85,-85,1350,700,248.04559892478161,3.052831720601578,circular
392,1100,700,34.54865727228495,-85,-85,-85,-85,1350,700,251.0984306453832,3.052831720601578,circular
393,1100,700,34.54865727228495,-85,-85,-85,-85,1350,700,254.15126236598476,3.052831720601578,circular
394,1100,700,34.54865727228495,-85,-85,-85,-85,1350,700,257.20409408658634,3.052831720601578,circular
395,1100,700,34.54865727228495,-85,-85,-85,-85,1350,700,260.25692580718794,3.052831720601578,circular
396,1100,700,34.54865727228495,-85,-85,-85,-85,1350,700,263.30975752778954,3.052831720601578,circular
397,1100,700,34.54865727228495,-85,-85,-85,-85,1350,700,266.36258924839115,3.052831720601578,circular
398,1100,700,34.54865727228495,-85,-85,-85,-85,1350,700,269.41542096899275,3.052831720601578,circular
399,1100,700,34.54865727228495,-85,-85,-85,-85,1350,700,272.46825268959435,3.052831720601578,circular
400,1100,700,34.54865727228495,-85,-85,-85,-85,1350,700,275.52108441019595,3.052831720601578,circular
401,1100,700,34.54865727228495,-85,-85,-85,-85,1350,700,278.57391613079756,3.052831720601578,circular
402,1100,700,34.54865727228495,-85,-85,-85,-85,1350,700,281.62674785139916,3.052831720601578,circular
403,1100,700,34.54865727228495,-85,-85,-85,-85,1350,700,284.67957957200076,3.052831720601578,circular
404,1100,700,34.54865727228495,-85,-85,-85,-85,1350,700,287.73241129260236,3.052831720601578,circular
405,1100,700,34.54865727228495,-85,-85,-85,-85,1350,700,290.78524301320397,3.052831720601578,circular
406,1100,700,34.54865727228495,-85,-85,-85,-85,1350,700,293.83807473380557,3.052831720601578,circular
407,1100,700,34.54865727228495,-85,-85,-85,-85,1350,700,296.8909064544072,3.052831720601578,circular
408,1100,700,34.54865727228495,-85,-85,-85,-85,1350,700,299.9437381750088,3.052831720601578,circular
409,1100,700,34.54865727228495,-85,-85,-85,-85,1350,700,302.9965698956104,3.052831720601578,circular
410,1100,700,34.54865727228495,-85,-85,-85,-85,1350,700,306.049401616212,3.052831720601578,circular
411,1100,700,34.54865727228495,-85,-85,-85,-85,1350,700,309.1022333368136,3.052831720601578,circular
412,1100,700,34.54865727228495,-85,-85,-85,-85,1350,700,312.1550650574152,3.052831720601578,circular
413,1100,700,34.54865727228495,-85,-85,-85,-85,1350,700,315.2078967780168,3.052831720601578,circular
414,1100,700,34.54865727228495,-85,-85,-85,-85,1350,700,318.2607284986184,3.052831720601578,circular
415,1100,700,34.54865727228495,-85,-85,-85,-85,1350,700,321.31356021922,3.052831720601578,circular
416,1100,700,34.54865727228495,-85,-85,-85,-85,1350,700,324.3663919398216,3.052831720601578,circular
417,1100,700,34.54865727228495,-85,-85,-85,-85,1350,700,327.4192236604232,3.052831720601578,circular
418,1100,700,34.54865727228495,-85,-85,-85,-85,1350,700,330.4720553810248,3.052831720601578,circular
419,1100,700,34.54865727228495,-85,-85,-85,-85,1350,700,333.5248871016264,3.052831720601578,circular
420,1100,700,34.54865727228495,-85,-85,-85,-85,1350,700,336.577718822228,3.052831720601578,circular
421,1100,700,34.54865727228495,-85,-85,-85,-85,1350,700,339.6305505428296,3.052831720601578,circular
422,1100,700,34.54865727228495,-85,-85,-85,-85,1350,700,342.6833822634312,3.052831720601578,circular
423,1100,700,34.54865727228495,-85,-85,-85,-85,1350,700,345.7362139840328,3.052831720601578,circular
424,1100,700,34.54865727228495,-85,-85,-85,-85,1350,700,348.7890457046344,3.052831720601578,circular
425,1100,700,34.54865727228495,-85,-85,-85,-85,1350,700,351.841877425236,3.052831720601578,circular
426,1100,700,34.54865727228495,-85,-85,-85,-85,1350,700,354.8947091458376,3.052831720601578,circular
427,1100,700,34.54865727228495,-85,-85,-85,-85,1350,700,357.9475408664392,3.052831720601578,circular
428,1100,700,34.54865727228495,-85,-85,-85,-85,1350,700,1.0003725870408289,3.052831720601578,circular
429,1100,700,34.54865727228495,-85,-85,-85,-85,1350,700,4.053204307642407,3.052831720601578,circular
430,1100,700,34.54865727228495,-85,-85,-85,-85,1350,700,7.1060360282439845,3.052831720601578,circular
431,1100,700,34.54865727228495,-85,-85,-85,-85,1350,700,10.158867748845562,3.052831720601578,circular
432,1100,700,34.54865727228495,-85,-85,-85,-85,1350,700,13.21169946944714,3.052831720601578,circular
433,1100,700,34.54865727228495,-85,-85,-85,-85,1350,700,16.264531190048718,3.052831720601578,circular
434,1100,700,34.54865727228495,-85,-85,-85,-85,1350,700,19.317362910650296,3.052831720601578,circular
435,1100,700,34.54865727228495,-85,-85,-85,-85,1350,700,22.370194631251874,3.052831720601578,circular
436,1100,700,34.54865727228495,-85,-85,-85,-85,1350,700,25.42302635185345,3.052831720601578,circular
437,1100,700,34.54865727228495,-85,-85,-85,-85,1350,700,28.47585807245503,3.052831720601578,circular
438,1100,700,34.54865727228495,-85,-85,-85,-85,1350,700,31.528689793056607,3.052831720601578,circular
439,1100,700,34.54865727228495,-85,-85,-85,-85,1350,700,34.58152151365819,3.052831720601578,circular
440,1100,700,34.54865727228495,-85,-85,-85,-85,1350,700,37.63435323425976,3.052831720601578,circular
441,1100,700,34.54865727228495,-85,-85,-85,-85,1350,700,40.68718495486134,3.052831720601578,circular
442,1100,700,34.54865727228495,-85,-85,-85,-85,1350,700,43.74001667546291,3.052831720601578,circular
443,1100,700,34.54865727228495,-85,-85,-85,-85,1350,700,46.792848396064485,3.052831720601578,circular
444,1100,700,34.54865727228495,-85,-85,-85,-85,1350,700,49.84568011666606,3.052831720601578,circular
445,1100,700,34.54865727228495,-85,-85,-85,-85,1350,700,52.898511837267634,3.052831720601578,circular
446,1100,700,34.54865727228495,-85,-85,-85,-85,1350,700,55.95134355786921,3.052831720601578,circular
447,1100,700,34.54865727228495,-85,-85,-85,-85,1350,700,59.00417527847078,3.052831720601578,circular
448,1100,700,34.54865727228495,-85,-85,-85,-85,1350,700,62.05700699907236,3.052831720601578,circular
449,1100,700,34.54865727228495,-85,-85,-85,-85,1350,700,65.10983871967393,3.052831720601578,circular
450,1100,700,34.54865727228495,-85,-85,-85,-85,1350,700,68.1626704402755,3.052831720601578,circular
451,1100,700,34.54865727228495,-85,-85,-85,-85,1350,700,71.21550216087708,3.052831720601578,circular
452,1100,700,34.54865727228495,-85,-85,-85,-85,1350,700,74.26833388147865,3.052831720601578,circular
453,1100,700,34.54865727228495,-85,-85,-85,-85,1350,700,77.32116560208023,3.052831720601578,circular
454,1100,700,34.54865727228495,-85,-85,-85,-85,1350,700,80.3739973226818,3.052831720601578,circular
455,1100,700,34.54865727228495,-85,-85,-85,-85,1350,700,83.42682904328338,3.052831720601578,circular
456,1100,700,34.54865727228495,-85,-85,-85,-85,1350,700,86.47966076388495,3.052831720601578,circular
457,1100,700,34.54865727228495,-85,-85,-85,-85,1350,700,89.53249248448653,3.052831720601578,circular
458,1100,700,34.54865727228495,-85,-85,-85,-85,1350,700,92.5853242050881,3.052831720601578,circular
459,1100,700,34.54865727228495,-85,-85,-85,-85,1350,700,95.63815592568967,3.052831720601578,circular
460,1100,700,34.54865727228495,-85,-85,-85,-85,1350,700,98.69098764629125,3.052831720601578,circular
461,1100,700,34.54865727228495,-85,-85,-85,-85,1350,700,101.74381936689282,3.052831720601578,circular
462,1100,700,34.54865727228495,-85,-85,-85,-85,1350,700,104.7966510874944,3.052831720601578,circular
463,1100,700,34.54865727228495,-85,-85,-85,-85,1350,700,107.84948280809597,3.052831720601578,circular
464,1100,700,34.54865727228495,-85,-85,-85,-85,1350,700,110.90231452869754,3.052831720601578,circular
465,1100,700,34.54865727228495,-85,-85,-85,-85,1350,700,113.95514624929912,3.052831720601578,circular
466,1100,700,34.54865727228495,-85,-85,-85,-85,1350,700,117.0079779699007,3.052831720601578,circular
467,1100,700,34.54865727228495,-85,-85,-85,-85,1350,700,120.06080969050227,3.052831720601578,circular
468,1100,700,34.54865727228495,-85,-85,-85,-85,1350,700,123.11364141110384,3.052831720601578,circular
469,1100,700,34.54865727228495,-85,-85,-85,-85,1350,700,126.16647313170542,3.052831720601578,circular
470,1100,700,34.54865727228495,-85,-85,-85,-85,1350,700,129.219304852307,3.052831720601578,circular
471,1100,700,34.54865727228495,-85,-85,-85,-85,1350,700,132.27213657290858,3.052831720601578,circular
472,1100,700,34.54865727228495,-85,-85,-85,-85,1350,700,135.32496829351015,3.052831720601578,circular
473,1100,700,34.54865727228495,16.269948115724727,-85,-85,-85,1350,700,138.37780001411173,3.052831720601578,circular
474,1100,700,34.54865727228495,19.25639156218217,-85,-85,16.269948115724727,1350,700,141.4306317347133,3.052831720601578,circular
475,1100,700,34.54865727228495,20.97742610025734,-85,-85,19.25639156218217,1350,700,144.48346345531488,3.052831720601578,circular
476,1100,700,34.54865727228495,22.170735458799452,-85,-85,21.41811930585211,1350,700,147.53629517591645,3.052831720601578,circular
477,1100,700,34.54865727228495,23.06730250275713,-85,-85,22.496022074683278,1350,700,150.58912689651802,3.052831720601578,circular
478,1100,700,34.54865727228495,23.769789312347285,-85,-85,23.31969953712386,1350,700,153.6419586171196,3.052831720601578,circular
479,1100,700,34.54865727228495,24.33271141113945,-85,-85,23.971022246457757,1350,700,156.69479033772117,3.052831720601578,circular
480,1100,700,34.54865727228495,24.78833704083229,-85,-85,24.495315191602927,1350,700,159.74762205832275,3.052831720601578,circular
481,1100,700,34.54865727228495,25.26334459461691,-85,-85,24.92014212493214,1350,700,162.80045377892432,3.052831720601578,circular
482,1100,700,34.54865727228495,25.536951728381826,-85,-85,25.26334459461691,1350,700,165.8532854995259,3.052831720601578,circular
483,1100,700,34.54865727228495,25.7492610641292,-85,-85,25.536951728381826,1350,700,168.90611722012747,3.052831720601578,circular
484,1100,700,34.54865727228495,25.906018829630398,-85,-85,25.7492610641292,1350,700,171.95894894072904,3.052831720601578,circular
485,1100,700,34.54865727228495,26.011117049096303,-85,-85,25.906018829630398,1350,700,175.01178066133062,3.052831720601578,circular
486,1100,700,34.54865727228495,26.067010357935978,-85,-85,26.011117049096303,1350,700,178.0646123819322,3.052831720601578,circular
487,1100,700,34.54865727228495,26.077602459396946,-85,-85,26.067010357935978,1350,700,181.11744410253377,3.052831720601578,circular
488,1100,700,34.54865727228495,26.053745949214605,-85,-85,26.077602459396946,1350,700,184.17027582313534,3.052831720601578,circular
489,1100,700,34.54865727228495,25.9816463993744,-85,-85,26.053745949214605,1350,700,187.22310754373692,3.052831720601578,circular
490,1100,700,34.54865727228495,25.859665714847075,-85,-85,25.9816463993744,1350,700,190.2759392643385,3.052831720601578,circular
491,1100,700,34.54865727228495,25.684904084789977,-85,-85,25.859665714847075,1350,700,193.32877098494006,3.052831720601578,circular
492,1100,700,34.54865727228495,25.452908776355446,-85,-85,25.684904084789977,1350,700,196.38160270554164,3.052831720601578,circular
493,1100,700,34.54865727228495,25.157178905256924,-85,-85,25.452908776355446,1350,700,199.4344344261432,3.052831720601578,circular
494,1100,700,34.54865727228495,24.788337040832293,-85,-85,25.042923900792417,1350,700,202.4872661467448,3.052831720601578,circular
495,1100,700,34.54865727228495,24.332711411139446,-85,-85,24.646943359767004,1350,700,205.54009786734636,3.052831720601578,circular
496,1100,700,34.54865727228495,23.769789312347285,-85,-85,24.1582774269213,1350,700,208.59292958794794,3.052831720601578,circular
497,1100,700,34.54865727228495,23.067302502757133,-85,-85,23.553218972269416,1350,700,211.6457613085495,3.052831720601578,circular
498,1100,700,34.54865727228495,22.170735458799452,-85,-85,22.793695368992225,1350,700,214.69859302915108,3.052831720601578,circular
499,1100,700,34.54865727228495,20.97742610025735,-85,-85,21.81335663023087,1350,700,217.75142474975266,3.052831720601578,circular
500,1100,700,34.54865727228495,18.474304759512954,-85,-85,20.48098321025059,1350,700,220.80425647035423,3.052831720601578,circular
501,1100,700,34.54865727228495,14.513447644213265,-85,-85,18.474304759512954,1350,700,223.8570881909558,3.052831720601578,circular
502,1100,700,34.54865727228495,-85,-85,-85,14.513447644213265,1350,700,226.90991991155738,3.052831720601578,circular
503,1100,700,34.54865727228495,-85,-85,-85,-85,1350,700,229.96275163215896,3.052831720601578,circular
504,1100,700,34.54865727228495,-85,-85,-85,-85,1350,700,233.01558335276053,3.052831720601578,circular
505,1100,700,34.54865727228495,-85,-85,-85,-85,1350,700,236.0684150733621,3.052831720601578,circular
506,1100,700,34.54865727228495,-85,-85,-85,-85,1350,700,239.12124679396368,3.052831720601578,circular
507,1100,700,34.54865727228495,-85,-85,-85,-85,1350,700,242.17407851456525,3.052831720601578,circular
508,1100,700,34.54865727228495,-85,-85,-85,-85,1350,700,245.22691023516683,3.052831720601578,circular
509,1100,700,34.54865727228495,-85,-85,-85,-85,1350,700,248.2797419557684,3.052831720601578,circular
510,1100,700,34.54865727228495,-85,-85,-85,-85,1350,700,251.33257367636998,3.052831720601578,circular
511,1100,700,34.54865727228495,-85,-85,-85,-85,1350,700,254.38540539697155,3.052831720601578,circular
512,1100,700,34.54865727228495,-85,-85,-85,-85,1350,700,257.4382371175731,3.052831720601578,circular
513,1100,700,34.54865727228495,-85,-85,-85,-85,1350,700,260.4910688381747,3.052831720601578,circular
514,1100,700,34.54865727228495,-85,-85,-85,-85,1350,700,263.54390055877633,3.052831720601578,circular
515,1100,700,34.54865727228495,-85,-85,-85,-85,1350,700,266.59673227937793,3.052831720601578,circular
516,1100,700,34.54865727228495,-85,-85,-85,-85,1350,700,269.64956399997953,3.052831720601578,circular
517,1100,700,34.54865727228495,-85,-85,-85,-85,1350,700,272.70239572058114,3.052831720601578,circular
518,1100,700,34.54865727228495,-85,-85,-85,-85,1350,700,275.75522744118274,3.052831720601578,circular
519,1100,700,34.54865727228495,-85,-85,-85,-85,1350,700,278.80805916178434,3.052831720601578,circular
520,1100,700,34.54865727228495,-85,-85,-85,-85,1350,700,281.86089088238595,3.052831720601578,circular
521,1100,700,34.54865727228495,-85,-85,-85,-85,1350,700,284.91372260298755,3.052831720601578,circular
522,1100,700,34.54865727228495,-85,-85,-85,-85,1350,700,287.96655432358915,3.052831720601578,circular
523,1100,700,34.54865727228495,-85,-85,-85,-85,1350,700,291.01938604419075,3.052831720601578,circular
524,1100,700,34.54865727228495,-85,-85,-85,-85,1350,700,294.07221776479236,3.052831720601578,circular
525,1100,700,34.54865727228495,-85,-85,-85,-85,1350,700,297.12504948539396,3.052831720601578,circular
526,1100,700,34.54865727228495,-85,-85,-85,-85,1350,700,300.17788120599556,3.052831720601578,circular
527,1100,700,34.54865727228495,-85,-85,-85,-85,1350,700,303.23071292659716,3.052831720601578,circular
528,1100,700,34.54865727228495,-85,-85,-85,-85,1350,700,306.28354464719877,3.052831720601578,circular
529,1100,700,34.54865727228495,-85,-85,-85,-85,1350,700,309.33637636780037,3.052831720601578,circular
530,1100,700,34.54865727228495,-85,-85,-85,-85,1350,700,312.389208088402,3.052831720601578,circular
531,1100,700,34.54865727228495,-85,-85,-85,-85,1350,700,315.4420398090036,3.052831720601578,circular
532,1100,700,34.54865727228495,-85,-85,-85,-85,1350,700,318.4948715296052,3.052831720601578,circular
533,1100,700,34.54865727228495,-85,-85,-85,-85,1350,700,321.5477032502068,3.052831720601578,circular
534,1100,700,34.54865727228495,-85,-85,-85,-85,1350,700,324.6005349708084,3.052831720601578,circular
535,1100,700,34.54865727228495,-85,-85,-85,-85,1350,700,327.65336669141,3.052831720601578,circular
536,1100,700,34.54865727228495,-85,-85,-85,-85,1350,700,330.7061984120116,3.052831720601578,circular
537,1100,700,34.54865727228495,-85,-85,-85,-85,1350,700,333.7590301326132,3.052831720601578,circular
538,1100,700,34.54865727228495,-85,-85,-85,-85,1350,700,336.8118618532148,3.052831720601578,circular
539,1100,700,34.54865727228495,-85,-85,-85,-85,1350,700,339.8646935738164,3.052831720601578,circular
540,1100,700,34.54865727228495,-85,-85,-85,-85,1350,700,342.917525294418,3.052831720601578,circular
541,1100,700,34.54865727228495,-85,-85,-85,-85,1350,700,345.9703570150196,3.052831720601578,circular
542,1100,700,34.54865727228495,-85,-85,-85,-85,1350,700,349.0231887356212,3.052831720601578,circular
543,1100,700,34.54865727228495,-85,-85,-85,-85,1350,700,352.0760204562228,3.052831720601578,circular
544,1100,700,34.54865727228495,-85,-85,-85,-85,1350,700,355.1288521768244,3.052831720601578,circular
545,1100,700,34.54865727228495,-85,-85,-85,-85,1350,700,358.181683897426,3.052831720601578,circular
546,1100,700,34.54865727228495,-85,-85,-85,-85,1350,700,1.234515618027615,3.052831720601578,circular
547,1100,700,34.54865727228495,-85,-85,-85,-85,1350,700,4.287347338629193,3.052831720601578,circular
548,1100,700,34.54865727228495,-85,-85,-85,-85,1350,700,7.3401790592307705,3.052831720601578,circular
549,1100,700,34.54865727228495,-85,-85,-85,-85,1350,700,10.393010779832348,3.052831720601578,circular
550,1100,700,34.54865727228495,-85,-85,-85,-85,1350,700,13.445842500433926,3.052831720601578,circular
551,1100,700,34.54865727228495,-85,-85,-85,-85,1350,700,16.498674221035504,3.052831720601578,circular
552,1100,700,34.54865727228495,-85,-85,-85,-85,1350,700,19.55150594163708,3.052831720601578,circular
553,1100,700,34.54865727228495,-85,-85,-85,-85,1350,700,22.60433766223866,3.052831720601578,circular
554,1100,700,34.54865727228495,-85,-85,-85,-85,1350,700,25.657169382840237,3.052831720601578,circular
555,1100,700,34.54865727228495,-85,-85,-85,-85,1350,700,28.710001103441815,3.052831720601578,circular
556,1100,700,34.54865727228495,-85,-85,-85,-85,1350,700,31.762832824043393,3.052831720601578,circular
557,1100,700,34.54865727228495,-85,-85,-85,-85,1350,700,34.815664544644974,3.052831720601578,circular
558,1100,700,34.54865727228495,-85,-85,-85,-85,1350,700,37.86849626524655,3.052831720601578,circular
559,1100,700,34.54865727228495,-85,-85,-85,-85,1350,700,40.92132798584812,3.052831720601578,circular
560,1100,700,34.54865727228495,-85,-85,-85,-85,1350,700,43.9741597064497,3.052831720601578,circular
561,1100,700,34.54865727228495,-85,-85,-85,-85,1350,700,47.02699142705127,3.052831720601578,circular
562,1100,700,34.54865727228495,-85,-85,-85,-85,1350,700,50.079823147652846,3.052831720601578,circular
563,1100,700,34.54865727228495,-85,-85,-85,-85,1350,700,53.13265486825442,3.052831720601578,circular
564,1100,700,34.54865727228495,-85,-85,-85,-85,1350,700,56.185486588855994,3.052831720601578,circular
565,1100,700,34.54865727228495,-85,-85,-85,-85,1350,700,59.23831830945757,3.052831720601578,circular
566,1100,700,34.54865727228495,-85,-85,-85,-85,1350,700,62.29115003005914,3.052831720601578,circular
567,1100,700,34.54865727228495,-85,-85,-85,-85,1350,700,65.34398175066072,3.052831720601578,circular
568,1100,700,34.54865727228495,-85,-85,-85,-85,1350,700,68.39681347126229,3.052831720601578,circular
569,1100,700,34.54865727228495,-85,-85,-85,-85,1350,700,71.44964519186387,3.052831720601578,circular
570,1100,700,34.54865727228495,-85,-85,-85,-85,1350,700,74.50247691246544,3.052831720601578,circular
571,1100,700,34.54865727228495,-85,-85,-85,-85,1350,700,77.55530863306701,3.052831720601578,circular
572,1100,700,34.54865727228495,-85,-85,-85,-85,1350,700,80.60814035366859,3.052831720601578,circular
573,1100,700,34.54865727228495,-85,-85,-85,-85,1350,700,83.66097207427016,3.052831720601578,circular
574,1100,700,34.54865727228495,-85,-85,-85,-85,1350,700,86.71380379487174,3.052831720601578,circular
575,1100,700,34.54865727228495,-85,-85,-85,-85,1350,700,89.76663551547331,3.052831720601578,circular
576,1100,700,34.54865727228495,-85,-85,-85,-85,1350,700,92.81946723607489,3.052831720601578,circular
577,1100,700,34.54865727228495,-85,-85,-85,-85,1350,700,95.87229895667646,3.052831720601578,circular
578,1100,700,34.54865727228495,-85,-85,-85,-85,1350,700,98.92513067727803,3.052831720601578,circular
579,1100,700,34.54865727228495,-85,-85,-85,-85,1350,700,101.97796239787961,3.052831720601578,circular
580,1100,700,34.54865727228495,-85,-85,-85,-85,1350,700,105.03079411848118,3.052831720601578,circular
581,1100,700,34.54865727228495,-85,-85,-85,-85,1350,700,108.08362583908276,3.052831720601578,circular
582,1100,700,34.54865727228495,-85,-85,-85,-85,1350,700,111.13645755968433,3.052831720601578,circular
583,1100,700,34.54865727228495,-85,-85,-85,-85,1350,700,114.1892892802859,3.052831720601578,circular
584,1100,700,34.54865727228495,-85,-85,-85,-85,1350,700,117.24212100088748,3.052831720601578,circular
585,1100,700,34.54865727228495,-85,-85,-85,-85,1350,700,120.29495272148905,3.052831720601578,circular
586,1100,700,34.54865727228495,-85,-85,-85,-85,1350,700,123.34778444209063,3.052831720601578,circular
587,1100,700,34.54865727228495,-85,-85,-85,-85,1350,700,126.4006161626922,3.052831720601578,circular
588,1100,700,34.54865727228495,-85,-85,-85,-85,1350,700,129.4534478832938,3.052831720601578,circular
589,1100,700,34.54865727228495,-85,-85,-85,-85,1350,700,132.50627960389536,3.052831720601578,circular
590,1100,700,34.54865727228495,-85,-85,-85,-85,1350,700,135.55911132449694,3.052831720601578,circular
591,1100,700,34.54865727228495,16.269948115724727,-85,-85,11.505794098357505,1350,700,138.6119430450985,3.052831720601578,circular
592,1100,700,34.54865727228495,19.25639156218217,-85,-85,17.513155499392102,1350,700,141.6647747657001,3.052831720601578,circular
593,1100,700,34.54865727228495,20.97742610025734,-85,-85,19.91435422725632,1350,700,144.71760648630166,3.052831720601578,circular
594,1100,700,34.54865727228495,22.170735458799452,-85,-85,21.41811930585211,1350,700,147.77043820690324,3.052831720601578,circular
595,1100,700,34.54865727228495,23.31969953712386,-85,-85,22.496022074683278,1350,700,150.8232699275048,3.052831720601578,circular
596,1100,700,34.54865727228495,23.971022246457757,-85,-85,23.31969953712386,1350,700,153.87610164810638,3.052831720601578,circular
597,1100,700,34.54865727228495,24.495315191602927,-85,-85,23.971022246457757,1350,700,156.92893336870796,3.052831720601578,circular
598,1100,700,34.54865727228495,24.92014212493214,-85,-85,24.495315191602927,1350,700,159.98176508930953,3.052831720601578,circular
599,1100,700,34.54865727228495,25.26334459461691,-85,-85,24.92014212493214,1350,700,163.0345968099111,3.052831720601578,circular
600,1100,700,34.54865727228495,25.536951728381826,-85,-85,25.26334459461691,1350,700,166.08742853051268,3.052831720601578,circular
601,1100,700,34.54865727228495,25.7492610641292,-85,-85,25.536951728381826,1350,700,169.14026025111426,3.052831720601578,circular
602,1100,700,34.54865727228495,25.906018829630398,-85,-85,25.7492610641292,1350,700,172.19309197171583,3.052831720601578,circular
603,1100,700,34.54865727228495,26.011117049096303,-85,-85,25.906018829630398,1350,700,175.2459236923174,3.052831720601578,circular
604,1100,700,34.54865727228495,26.067010357935978,-85,-85,26.011117049096303,1350,700,178.29875541291898,3.052831720601578,circular
605,1100,700,34.54865727228495,26.077602459396946,-85,-85,26.067010357935978,1350,700,181.35158713352055,3.052831720601578,circular
606,1100,700,34.54865727228495,26.053745949214605,-85,-85,26.077602459396946,1350,700,184.40441885412213,3.052831720601578,circular
607,1100,700,34.54865727228495,25.9816463993744,-85,-85,26.053745949214605,1350,700,187.4572505747237,3.052831720601578,circular
608,1100,700,34.54865727228495,25.859665714847075,-85,-85,25.946643644493044,1350,700,190.51008229532528,3.052831720601578,circular
609,1100,700,34.54865727228495,25.684904084789977,-85,-85,25.807460623826316,1350,700,193.56291401592685,3.052831720601578,circular
610,1100,700,34.54865727228495,25.452908776355446,-85,-85,25.614204328866276,1350,700,196.61574573652842,3.052831720601578,circular
611,1100,700,34.54865727228495,25.157178905256924,-85,-85,25.361807294499556,1350,700,199.66857745713,3.052831720601578,circular
612,1100,700,34.54865727228495,24.788337040832293,-85,-85,25.042923900792417,1350,700,202.72140917773157,3.052831720601578,circular
613,1100,700,34.54865727228495,24.332711411139446,-85,-85,24.646943359767004,1350,700,205.77424089833315,3.052831720601578,circular
614,1100,700,34.54865727228495,23.553218972269416,-85,-85,24.1582774269213,1350,700,208.82707261893472,3.052831720601578,circular
615,1100,700,34.54865727228495,22.793695368992225,-85,-85,23.553218972269416,1350,700,211.8799043395363,3.052831720601578,circular
616,1100,700,34.54865727228495,21.81335663023087,-85,-85,22.793695368992225,1350,700,214.93273606013787,3.052831720601578,circular
617,1100,700,34.54865727228495,20.48098321025059,-85,-85,21.81335663023087,1350,700,217.98556778073944,3.052831720601578,circular
618,1100,700,34.54865727228495,18.474304759512954,-85,-85,20.48098321025059,1350,700,221.03839950134102,3.052831720601578,circular
619,1100,700,34.54865727228495,14.513447644213265,-85,-85,18.474304759512954,1350,700,224.0912312219426,3.052831720601578,circular
620,1100,700,34.54865727228495,-85,-85,-85,14.513447644213265,1350,700,227.14406294254417,3.052831720601578,circular
621,1100,700,34.54865727228495,-85,-85,-85,-85,1350,700,230.19689466314574,3.052831720601578,circular
622,1100,700,34.54865727228495,-85,-85,-85,-85,1350,700,233.24972638374732,3.052831720601578,circular
623,1100,700,34.54865727228495,-85,-85,-85,-85,1350,700,236.3025581043489,3.052831720601578,circular
624,1100,700,34.54865727228495,-85,-85,-85,-85,1350,700,239.35538982495046,3.052831720601578,circular
625,1100,700,34.54865727228495,-85,-85,-85,-85,1350,700,242.40822154555204,3.052831720601578,circular
626,1100,700,34.54865727228495,-85,-85,-85,-85,1350,700,245.4610532661536,3.052831720601578,circular
627,1100,700,34.54865727228495,-85,-85,-85,-85,1350,700,248.5138849867552,3.052831720601578,circular
628,1100,700,34.54865727228495,-85,-85,-85,-85,1350,700,251.56671670735676,3.052831720601578,circular
629,1100,700,34.54865727228495,-85,-85,-85,-85,1350,700,254.61954842795834,3.052831720601578,circular
630,1100,700,34.54865727228495,-85,-85,-85,-85,1350,700,257.6723801485599,3.052831720601578,circular
631,1100,700,34.54865727228495,-85,-85,-85,-85,1350,700,260.7252118691615,3.052831720601578,circular
632,1100,700,34.54865727228495,-85,-85,-85,-85,1350,700,263.7780435897631,3.052831720601578,circular
633,1100,700,34.54865727228495,-85,-85,-85,-85,1350,700,266.8308753103647,3.052831720601578,circular
634,1100,700,34.54865727228495,-85,-85,-85,-85,1350,700,269.8837070309663,3.052831720601578,circular
635,1100,700,34.54865727228495,-85,-85,-85,-85,1350,700,272.9365387515679,3.052831720601578,circular
636,1100,700,34.54865727228495,-85,-85,-85,-85,1350,700,275.9893704721695,3.052831720601578,circular
637,1100,700,34.54865727228495,-85,-85,-85,-85,1350,700,279.04220219277113,3.052831720601578,circular
638,1100,700,34.54865727228495,-85,-85,-85,-85,1350,700,282.09503391337273,3.052831720601578,circular
639,1100,700,34.54865727228495,-85,-85,-85,-85,1350,700,285.14786563397433,3.052831720601578,circular
640,1100,700,34.54865727228495,-85,-85,-85,-85,1350,700,288.20069735457594,3.052831720601578,circular
641,1100,700,34.54865727228495,-85,-85,-85,-85,1350,700,291.25352907517754,3.052831720601578,circular
642,1100,700,34.54865727228495,-85,-85,-85,-85,1350,700,294.30636079577914,3.052831720601578,circular
643,1100,700,34.54865727228495,-85,-85,-85,-85,1350,700,297.35919251638074,3.052831720601578,circular
644,1100,700,34.54865727228495,-85,-85,-85,-85,1350,700,300.41202423698235,3.052831720601578,circular
645,1100,700,34.54865727228495,-85,-85,-85,-85,1350,700,303.46485595758395,3.052831720601578,circular
646,1100,700,34.54865727228495,-85,-85,-85,-85,1350,700,306.51768767818555,3.052831720601578,circular
647,1100,700,34.54865727228495,-85,-85,-85,-85,1350,700,309.57051939878716,3.052831720601578,circular
648,1100,700,34.54865727228495,-85,-85,-85,-85,1350,700,312.62335111938876,3.052831720601578,circular
649,1100,700,34.54865727228495,-85,-85,-85,-85,1350,700,315.67618283999036,3.052831720601578,circular
650,1100,700,34.54865727228495,-85,-85,-85,-85,1350,700,318.72901456059196,3.052831720601578,circular
651,1100,700,34.54865727228495,-85,-85,-85,-85,1350,700,321.78184628119357,3.052831720601578,circular
652,1100,700,34.54865727228495,-85,-85,-85,-85,1350,700,324.83467800179517,3.052831720601578,circular
653,1100,700,34.54865727228495,-85,-85,-85,-85,1350,700,327.88750972239677,3.052831720601578,circular
654,1100,700,34.54865727228495,-85,-85,-85,-85,1350,700,330.9403414429984,3.052831720601578,circular
655,1100,700,34.54865727228495,-85,-85,-85,-85,1350,700,333.9931731636,3.052831720601578,circular
656,1100,700,34.54865727228495,-85,-85,-85,-85,1350,700,337.0460048842016,3.052831720601578,circular
657,1100,700,34.54865727228495,-85,-85,-85,-85,1350,700,340.0988366048032,3.052831720601578,circular
658,1100,700,34.54865727228495,-85,-85,-85,-85,1350,700,343.1516683254048,3.052831720601578,circular
659,1100,700,34.54865727228495,-85,-85,-85,-85,1350,700,346.2045000460064,3.052831720601578,circular
660,1100,700,34.54865727228495,-85,-85,-85,-85,1350,700,349.257331766608,3.052831720601578,circular
661,1100,700,34.54865727228495,-85,-85,-85,-85,1350,700,352.3101634872096,3.052831720601578,circular
662,1100,700,34.54865727228495,-85,-85,-85,-85,1350,700,355.3629952078112,3.052831720601578,circular
663,1100,700,34.54865727228495,-85,-85,-85,-85,1350,700,358.4158269284128,3.052831720601578,circular
664,1100,700,34.54865727228495,-85,-85,-85,-85,1350,700,1.468658649014401,3.052831720601578,circular
665,1100,700,34.54865727228495,-85,-85,-85,-85,1350,700,4.521490369615979,3.052831720601578,circular
666,1100,700,34.54865727228495,-85,-85,-85,-85,1350,700,7.5743220902175565,3.052831720601578,circular
667,1100,700,34.54865727228495,-85,-85,-85,-85,1350,700,10.627153810819134,3.052831720601578,circular
668,1100,700,34.54865727228495,-85,-85,-85,-85,1350,700,13.679985531420712,3.052831720601578,circular
669,1100,700,34.54865727228495,-85,-85,-85,-85,1350,700,16.73281725202229,3.052831720601578,circular
670,1100,700,34.54865727228495,-85,-85,-85,-85,1350,700,19.785648972623868,3.052831720601578,circular
671,1100,700,34.54865727228495,-85,-85,-85,-85,1350,700,22.838480693225446,3.052831720601578,circular
672,1100,700,34.54865727228495,-85,-85,-85,-85,1350,700,25.891312413827023,3.052831720601578,circular
673,1100,700,34.54865727228495,-85,-85,-85,-85,1350,700,28.9441441344286,3.052831720601578,circular
674,1100,700,34.54865727228495,-85,-85,-85,-85,1350,700,31.99697585503018,3.052831720601578,circular
675,1100,700,34.54865727228495,-85,-85,-85,-85,1350,700,35.04980757563176,3.052831720601578,circular
676,1100,700,34.54865727228495,-85,-85,-85,-85,1350,700,38.102639296233335,3.052831720601578,circular
677,1100,700,34.54865727228495,-85,-85,-85,-85,1350,700,41.15547101683491,3.052831720601578,circular
678,1100,700,34.54865727228495,-85,-85,-85,-85,1350,700,44.20830273743648,3.052831720601578,circular
679,1100,700,34.54865727228495,-85,-85,-85,-85,1350,700,47.26113445803806,3.052831720601578,circular
680,1100,700,34.54865727228495,-85,-85,-85,-85,1350,700,50.31396617863963,3.052831720601578,circular
681,1100,700,34.54865727228495,-85,-85,-85,-85,1350,700,53.366797899241206,3.052831720601578,circular
682,1100,700,34.54865727228495,-85,-85,-85,-85,1350,700,56.41962961984278,3.052831720601578,circular
683,1100,700,34.54865727228495,-85,-85,-85,-85,1350,700,59.472461340444355,3.052831720601578,circular
684,1100,700,34.54865727228495,-85,-85,-85,-85,1350,700,62.52529306104593,3.052831720601578,circular
685,1100,700,34.54865727228495,-85,-85,-85,-85,1350,700,65.5781247816475,3.052831720601578,circular
686,1100,700,34.54865727228495,-85,-85,-85,-85,1350,700,68.63095650224908,3.052831720601578,circular
687,1100,700,34.54865727228495,-85,-85,-85,-85,1350,700,71.68378822285065,3.052831720601578,circular
688,1100,700,34.54865727228495,-85,-85,-85,-85,1350,700,74.73661994345223,3.052831720601578,circular
689,1100,700,34.54865727228495,-85,-85,-85,-85,1350,700,77.7894516640538,3.052831720601578,circular
690,1100,700,34.54865727228495,-85,-85,-85,-85,1350,700,80.84228338465537,3.052831720601578,circular
691,1100,700,34.54865727228495,-85,-85,-85,-85,1350,700,83.89511510525695,3.052831720601578,circular
692,1100,700,34.54865727228495,-85,-85,-85,-85,1350,700,86.94794682585852,3.052831720601578,circular
693,1100,700,34.54865727228495,-85,-85,-85,-85,1350,700,90.0007785464601,3.052831720601578,circular
694,1100,700,34.54865727228495,-85,-85,-85,-85,1350,700,93.05361026706167,3.052831720601578,circular
695,1100,700,34.54865727228495,-85,-85,-85,-85,1350,700,96.10644198766325,3.052831720601578,circular
696,1100,700,34.54865727228495,-85,-85,-85,-85,1350,700,99.15927370826482,3.052831720601578,circular
697,1100,700,34.54865727228495,-85,-85,-85,-85,1350,700,102.2121054288664,3.052831720601578,circular
698,1100,700,34.54865727228495,-85,-85,-85,-85,1350,700,105.26493714946797,3.052831720601578,circular
699,1100,700,34.54865727228495,-85,-85,-85,-85,1350,700,108.31776887006954,3.052831720601578,circular
700,1100,700,34.54865727228495,-85,-85,-85,-85,1350,700,111.37060059067112,3.052831720601578,circular
701,1100,700,34.54865727228495,-85,-85,-85,-85,1350,700,114.42343231127269,3.052831720601578,circular
702,1100,700,34.54865727228495,-85,-85,-85,-85,1350,700,117.47626403187427,3.052831720601578,circular
703,1100,700,34.54865727228495,-85,-85,-85,-85,1350,700,120.52909575247584,3.052831720601578,circular
704,1100,700,34.54865727228495,-85,-85,-85,-85,1350,700,123.58192747307741,3.052831720601578,circular
705,1100,700,34.54865727228495,-85,-85,-85,-85,1350,700,126.63475919367899,3.052831720601578,circular
706,1100,700,34.54865727228495,-85,-85,-85,-85,1350,700,129.68759091428058,3.052831720601578,circular
707,1100,700,34.54865727228495,-85,-85,-85,-85,1350,700,132.74042263488215,3.052831720601578,circular
708,1100,700,34.54865727228495,11.505794098357505,-85,-85,-85,1350,700,135.79325435548373,3.052831720601578,circular
709,1100,700,34.54865727228495,17.513155499392102,-85,-85,11.505794098357505,1350,700,138.8460860760853,3.052831720601578,circular
710,1100,700,34.54865727228495,19.91435422725632,-85,-85,17.513155499392102,1350,700,141.89891779668687,3.052831720601578,circular
711,1100,700,34.54865727228495,21.41811930585211,-85,-85,19.91435422725632,1350,700,144.95174951728845,3.052831720601578,circular
712,1100,700,34.54865727228495,22.496022074683278,-85,-85,21.41811930585211,1350,700,148.00458123789002,3.052831720601578,circular
713,1100,700,34.54865727228495,23.31969953712386,-85,-85,22.496022074683278,1350,700,151.0574129584916,3.052831720601578,circular
714,1100,700,34.54865727228495,23.971022246457757,-85,-85,23.31969953712386,1350,700,154.11024467909317,3.052831720601578,circular
715,1100,700,34.54865727228495,24.495315191602927,-85,-85,23.971022246457757,1350,700,157.16307639969475,3.052831720601578,circular
716,1100,700,34.54865727228495,24.92014212493214,-85,-85,24.495315191602927,1350,700,160.21590812029632,3.052831720601578,circular
717,1100,700,34.54865727228495,25.26334459461691,-85,-85,24.92014212493214,1350,700,163.2687398408979,3.052831720601578,circular
718,1100,700,34.54865727228495,25.536951728381826,-85,-85,25.26334459461691,1350,700,166.32157156149947,3.052831720601578,circular
719,1100,700,34.54865727228495,25.7492610641292,-85,-85,25.536951728381826,1350,700,169.37440328210104,3.052831720601578,circular
720,1100,700,34.54865727228495,25.906018829630398,-85,-85,25.7492610641292,1350,700,172.42723500270262,3.052831720601578,circular
721,1100,700,34.54865727228495,26.011117049096303,-85,-85,25.906018829630398,1350,700,175.4800667233042,3.052831720601578,circular
722,1100,700,34.54865727228495,26.067010357935978,-85,-85,26.035130213615616,1350,700,178.53289844390576,3.052831720601578,circular
723,1100,700,34.54865727228495,26.077602459396946,-85,-85,26.074956048612798,1350,700,181.58573016450734,3.052831720601578,circular
724,1100,700,34.54865727228495,26.053745949214605,-85,-85,26.074956048612798,1350,700,184.6385618851089,3.052831720601578,circular
725,1100,700,34.54865727228495,25.9816463993744,-85,-85,26.035130213615616,1350,700,187.6913936057105,3.052831720601578,circular
726,1100,700,34.54865727228495,25.859665714847075,-85,-85,25.946643644493044,1350,700,190.74422532631206,3.052831720601578,circular
727,1100,700,34.54865727228495,25.614204328866276,-85,-85,25.807460623826316,1350,700,193.79705704691364,3.052831720601578,circular
728,1100,700,34.54865727228495,25.361807294499556,-85,-85,25.614204328866276,1350,700,196.8498887675152,3.052831720601578,circular
729,1100,700,34.54865727228495,25.042923900792417,-85,-85,25.361807294499556,1350,700,199.90272048811678,3.052831720601578,circular
730,1100,700,34.54865727228495,24.646943359767004,-85,-85,25.042923900792417,1350,700,202.95555220871836,3.052831720601578,circular
731,1100,700,34.54865727228495,24.1582774269213,-85,-85,24.646943359767004,1350,700,206.00838392931993,3.052831720601578,circular
732,1100,700,34.54865727228495,23.553218972269416,-85,-85,24.1582774269213,1350,700,209.0612156499215,3.052831720601578,circular
733,1100,700,34.54865727228495,22.793695368992225,-85,-85,23.553218972269416,1350,700,212.11404737052308,3.052831720601578,circular
734,1100,700,34.54865727228495,21.81335663023087,-85,-85,22.793695368992225,1350,700,215.16687909112466,3.052831720601578,circular
735,1100,700,34.54865727228495,20.48098321025059,-85,-85,21.81335663023087,1350,700,218.21971081172623,3.052831720601578,circular
736,1100,700,34.54865727228495,18.474304759512954,-85,-85,20.48098321025059,1350,700,221.2725425323278,3.052831720601578,circular
737,1100,700,34.54865727228495,14.513447644213265,-85,-85,18.474304759512954,1350,700,224.32537425292938,3.052831720601578,circular
738,1100,700,34.54865727228495,-85,-85,-85,14.513447644213265,1350,700,227.37820597353095,3.052831720601578,circular
739,1100,700,34.54865727228495,-85,-85,-85,-85,1350,700,230.43103769413253,3.052831720601578,circular
740,1100,700,34.54865727228495,-85,-85,-85,-85,1350,700,233.4838694147341,3.052831720601578,circular
741,1100,700,34.54865727228495,-85,-85,-85,-85,1350,700,236.53670113533568,3.052831720601578,circular
742,1100,700,34.54865727228495,-85,-85,-85,-85,1350,700,239.58953285593725,3.052831720601578,circular
743,1100,700,34.54865727228495,-85,-85,-85,-85,1350,700,242.64236457653882,3.052831720601578,circular
744,1100,700,34.54865727228495,-85,-85,-85,-85,1350,700,245.6951962971404,3.052831720601578,circular
745,1100,700,34.54865727228495,-85,-85,-85,-85,1350,700,248.74802801774197,3.052831720601578,circular
746,1100,700,34.54865727228495,-85,-85,-85,-85,1350,700,251.80085973834355,3.052831720601578,circular
747,1100,700,34.54865727228495,-85,-85,-85,-85,1350,700,254.85369145894512,3.052831720601578,circular
748,1100,700,34.54865727228495,-85,-85,-85,-85,1350,700,257.9065231795467,3.052831720601578,circular
749,1100,700,34.54865727228495,-85,-85,-85,-85,1350,700,260.9593549001483,3.052831720601578,circular
750,1100,700,34.54865727228495,-85,-85,-85,-85,1350,700,264.0121866207499,3.052831720601578,circular
751,1100,700,34.54865727228495,-85,-85,-85,-85,1350,700,267.0650183413515,3.052831720601578,circular
752,1100,700,34.54865727228495,-85,-85,-85,-85,1350,700,270.1178500619531,3.052831720601578,circular
753,1100,700,34.54865727228495,-85,-85,-85,-85,1350,700,273.1706817825547,3.052831720601578,circular
754,1100,700,34.54865727228495,-85,-85,-85,-85,1350,700,276.2235135031563,3.052831720601578,circular
755,1100,700,34.54865727228495,-85,-85,-85,-85,1350,700,279.2763452237579,3.052831720601578,circular
756,1100,700,34.54865727228495,-85,-85,-85,-85,1350,700,282.3291769443595,3.052831720601578,circular
757,1100,700,34.54865727228495,-85,-85,-85,-85,1350,700,285.3820086649611,3.052831720601578,circular
758,1100,700,34.54865727228495,-85,-85,-85,-85,1350,700,288.4348403855627,3.052831720601578,circular
759,1100,700,34.54865727228495,-85,-85,-85,-85,1350,700,291.4876721061643,3.052831720601578,circular
760,1100,700,34.54865727228495,-85,-85,-85,-85,1350,700,294.5405038267659,3.052831720601578,circular
761,1100,700,34.54865727228495,-85,-85,-85,-85,1350,700,297.59333554736753,3.052831720601578,circular
762,1100,700,34.54865727228495,-85,-85,-85,-85,1350,700,300.64616726796913,3.052831720601578,circular
763,1100,700,34.54865727228495,-85,-85,-85,-85,1350,700,303.69899898857074,3.052831720601578,circular
764,1100,700,34.54865727228495,-85,-85,-85,-85,1350,700,306.75183070917234,3.052831720601578,circular
765,1100,700,34.54865727228495,-85,-85,-85,-85,1350,700,309.80466242977394,3.052831720601578,circular
766,1100,700,34.54865727228495,-85,-85,-85,-85,1350,700,312.85749415037554,3.052831720601578,circular
767,1100,700,34.54865727228495,-85,-85,-85,-85,1350,700,315.91032587097715,3.052831720601578,circular
768,1100,700,34.54865727228495,-85,-85,-85,-85,1350,700,318.96315759157875,3.052831720601578,circular
769,1100,700,34.54865727228495,-85,-85,-85,-85,1350,700,322.01598931218035,3.052831720601578,circular
770,1100,700,34.54865727228495,-85,-85,-85,-85,1350,700,325.06882103278195,3.052831720601578,circular
771,1100,700,34.54865727228495,-85,-85,-85,-85,1350,700,328.12165275338356,3.052831720601578,circular
772,1100,700,34.54865727228495,-85,-85,-85,-85,1350,700,331.17448447398516,3.052831720601578,circular
773,1100,700,34.54865727228495,-85,-85,-85,-85,1350,700,334.22731619458676,3.052831720601578,circular
774,1100,700,34.54865727228495,-85,-85,-85,-85,1350,700,337.28014791518837,3.052831720601578,circular
775,1100,700,34.54865727228495,-85,-85,-85,-85,1350,700,340.33297963578997,3.052831720601578,circular
776,1100,700,34.54865727228495,-85,-85,-85,-85,1350,700,343.38581135639157,3.052831720601578,circular
777,1100,700,34.54865727228495,-85,-85,-85,-85,1350,700,346.4386430769932,3.052831720601578,circular
778,1100,700,34.54865727228495,-85,-85,-85,-85,1350,700,349.4914747975948,3.052831720601578,circular
779,1100,700,34.54865727228495,-85,-85,-85,-85,1350,700,352.5443065181964,3.052831720601578,circular
780,1100,700,34.54865727228495,-85,-85,-85,-85,1350,700,355.597138238798,3.052831720601578,circular
781,1100,700,34.54865727228495,-85,-85,-85,-85,1350,700,358.6499699593996,3.052831720601578,circular
782,1100,700,34.54865727228495,-85,-85,-85,-85,1350,700,1.702801680001187,3.052831720601578,circular
783,1100,700,34.54865727228495,-85,-85,-85,-85,1350,700,4.755633400602765,3.052831720601578,circular
784,1100,700,34.54865727228495,-85,-85,-85,-85,1350,700,7.8084651212043426,3.052831720601578,circular
785,1100,700,34.54865727228495,-85,-85,-85,-85,1350,700,10.86129684180592,3.052831720601578,circular
786,1100,700,34.54865727228495,-85,-85,-85,-85,1350,700,13.914128562407498,3.052831720601578,circular
787,1100,700,34.54865727228495,-85,-85,-85,-85,1350,700,16.966960283009076,3.052831720601578,circular
788,1100,700,34.54865727228495,-85,-85,-85,-85,1350,700,20.019792003610654,3.052831720601578,circular
789,1100,700,34.54865727228495,-85,-85,-85,-85,1350,700,23.07262372421223,3.052831720601578,circular
790,1100,700,34.54865727228495,-85,-85,-85,-85,1350,700,26.12545544481381,3.052831720601578,circular
791,1100,700,34.54865727228495,-85,-85,-85,-85,1350,700,29.178287165415387,3.052831720601578,circular
792,1100,700,34.54865727228495,-85,-85,-85,-85,1350,700,32.231118886016965,3.052831720601578,circular
793,1100,700,34.54865727228495,-85,-85,-85,-85,1350,700,35.283950606618546,3.052831720601578,circular
794,1100,700,34.54865727228495,-85,-85,-85,-85,1350,700,38.33678232722012,3.052831720601578,circular
795,1100,700,34.54865727228495,-85,-85,-85,-85,1350,700,41.389614047821695,3.052831720601578,circular
796,1100,700,34.54865727228495,-85,-85,-85,-85,1350,700,44.44244576842327,3.052831720601578,circular
797,1100,700,34.54865727228495,-85,-85,-85,-85,1350,700,47.49527748902484,3.052831720601578,circular
798,1100,700,34.54865727228495,-85,-85,-85,-85,1350,700,50.54810920962642,3.052831720601578,circular
799,1100,700,34.54865727228495,-85,-85,-85,-85,1350,700,53.60094093022799,3.052831720601578,circular
800,1100,700,34.54865727228495,-85,-85,-85,-85,1350,700,56.653772650829566,3.052831720601578,circular
801,1100,700,34.54865727228495,-85,-85,-85,-85,1350,700,59.70660437143114,3.052831720601578,circular
802,1100,700,34.54865727228495,-85,-85,-85,-85,1350,700,62.759436092032715,3.052831720601578,circular
803,1100,700,34.54865727228495,-85,-85,-85,-85,1350,700,65.81226781263429,3.052831720601578,circular
804,1100,700,34.54865727228495,-85,-85,-85,-85,1350,700,68.86509953323586,3.052831720601578,circular
805,1100,700,34.54865727228495,-85,-85,-85,-85,1350,700,71.91793125383744,3.052831720601578,circular
806,1100,700,34.54865727228495,-85,-85,-85,-85,1350,700,74.97076297443901,3.052831720601578,circular
807,1100,700,34.54865727228495,-85,-85,-85,-85,1350,700,78.02359469504059,3.052831720601578,circular
808,1100,700,34.54865727228495,-85,-85,-85,-85,1350,700,81.07642641564216,3.052831720601578,circular
809,1100,700,34.54865727228495,-85,-85,-85,-85,1350,700,84.12925813624373,3.052831720601578,circular
810,1100,700,34.54865727228495,-85,-85,-85,-85,1350,700,87.18208985684531,3.052831720601578,circular
811,1100,700,34.54865727228495,-85,-85,-85,-85,1350,700,90.23492157744688,3.052831720601578,circular
812,1100,700,34.54865727228495,-85,-85,-85,-85,1350,700,93.28775329804846,3.052831720601578,circular
813,1100,700,34.54865727228495,-85,-85,-85,-85,1350,700,96.34058501865003,3.052831720601578,circular
814,1100,700,34.54865727228495,-85,-85,-85,-85,1350,700,99.3934167392516,3.052831720601578,circular
815,1100,700,34.54865727228495,-85,-85,-85,-85,1350,700,102.44624845985318,3.052831720601578,circular
816,1100,700,34.54865727228495,-85,-85,-85,-85,1350,700,105.49908018045475,3.052831720601578,circular
817,1100,700,34.54865727228495,-85,-85,-85,-85,1350,700,108.55191190105633,3.052831720601578,circular
818,1100,700,34.54865727228495,-85,-85,-85,-85,1350,700,111.6047436216579,3.052831720601578,circular
819,1100,700,34.54865727228495,-85,-85,-85,-85,1350,700,114.65757534225948,3.052831720601578,circular
820,1100,700,34.54865727228495,-85,-85,-85,-85,1350,700,117.71040706286105,3.052831720601578,circular
821,1100,700,34.54865727228495,-85,-85,-85,-85,1350,700,120.76323878346263,3.052831720601578,circular
822,1100,700,34.54865727228495,-85,-85,-85,-85,1350,700,123.8160705040642,3.052831720601578,circular
823,1100,700,34.54865727228495,-85,-85,-85,-85,1350,700,126.86890222466577,3.052831720601578,circular
824,1100,700,34.54865727228495,-85,-85,-85,-85,1350,700,129.92173394526736,3.052831720601578,circular
825,1100,700,34.54865727228495,-85,-85,-85,-85,1350,700,132.97456566586894,3.052831720601578,circular
826,1100,700,34.54865727228495,11.505794098357505,-85,-85,-85,1350,700,136.0273973864705,3.052831720601578,circular
827,1100,700,34.54865727228495,17.513155499392102,-85,-85,11.505794098357505,1350,700,139.08022910707209,3.052831720601578,circular
828,1100,700,34.54865727228495,19.91435422725632,-85,-85,17.513155499392102,1350,700,142.13306082767366,3.052831720601578,circular
829,1100,700,34.54865727228495,21.41811930585211,-85,-85,19.91435422725632,1350,700,145.18589254827523,3.052831720601578,circular
830,1100,700,34.54865727228495,22.496022074683278,-85,-85,21.41811930585211,1350,700,148.2387242688768,3.052831720601578,circular
831,1100,700,34.54865727228495,23.31969953712386,-85,-85,22.496022074683278,1350,700,151.29155598947838,3.052831720601578,circular
832,1100,700,34.54865727228495,23.971022246457757,-85,-85,23.31969953712386,1350,700,154.34438771007996,3.052831720601578,circular
833,1100,700,34.54865727228495,24.495315191602927,-85,-85,23.971022246457757,1350,700,157.39721943068153,3.052831720601578,circular
834,1100,700,34.54865727228495,24.92014212493214,-85,-85,24.495315191602927,1350,700,160.4500511512831,3.052831720601578,circular
835,1100,700,34.54865727228495,25.26334459461691,-85,-85,25.042923900792417,1350,700,163.50288287188468,3.052831720601578,circular
836,1100,700,34.54865727228495,25.536951728381826,-85,-85,25.36180729449956,1350,700,166.55571459248625,3.052831720601578,circular
837,1100,700,34.54865727228495,25.7492610641292,-85,-85,25.614204328866276,1350,700,169.60854631308783,3.052831720601578,circular
838,1100,700,34.54865727228495,25.906018829630398,-85,-85,25.80746062382631,1350,700,172.6613780336894,3.052831720601578,circular
839,1100,700,34.54865727228495,26.011117049096303,-85,-85,25.946643644493044,1350,700,175.71420975429098,3.052831720601578,circular
840,1100,700,34.54865727228495,26.067010357935978,-85,-85,26.035130213615616,1350,700,178.76704147489255,3.052831720601578,circular
841,1100,700,34.54865727228495,26.074956048612798,-85,-85,26.074956048612798,1350,700,181.81987319549413,3.052831720601578,circular
842,1100,700,34.54865727228495,26.035130213615616,-85,-85,26.074956048612798,1350,700,184.8727049160957,3.052831720601578,circular
843,1100,700,34.54865727228495,25.946643644493044,-85,-85,26.035130213615616,1350,700,187.92553663669727,3.052831720601578,circular
844,1100,700,34.54865727228495,25.807460623826316,-85,-85,25.946643644493044,1350,700,190.97836835729885,3.052831720601578,circular
845,1100,700,34.54865727228495,25.614204328866276,-85,-85,25.807460623826316,1350,700,194.03120007790042,3.052831720601578,circular
846,1100,700,34.54865727228495,25.361807294499556,-85,-85,25.614204328866276,1350,700,197.084031798502,3.052831720601578,circular
847,1100,700,34.54865727228495,25.042923900792417,-85,-85,25.361807294499556,1350,700,200.13686351910357,3.052831720601578,circular
848,1100,700,34.54865727228495,24.646943359767004,-85,-85,25.042923900792417,1350,700,203.18969523970515,3.052831720601578,circular
849,1100,700,34.54865727228495,24.1582774269213,-85,-85,24.646943359767004,1350,700,206.24252696030672,3.052831720601578,circular
850,1100,700,34.54865727228495,23.553218972269416,-85,-85,24.1582774269213,1350,700,209.2953586809083,3.052831720601578,circular
851,1100,700,34.54865727228495,22.793695368992225,-85,-85,23.553218972269416,1350,700,212.34819040150987,3.052831720601578,circular
852,1100,700,34.54865727228495,21.81335663023087,-85,-85,22.793695368992225,1350,700,215.40102212211144,3.052831720601578,circular
853,1100,700,34.54865727228495,20.48098321025059,-85,-85,21.81335663023087,1350,700,218.45385384271302,3.052831720601578,circular
854,1100,700,34.54865727228495,18.474304759512954,-85,-85,19.914354227256315,1350,700,221.5066855633146,3.052831720601578,circular
855,1100,700,34.54865727228495,14.513447644213265,-85,-85,17.51315549939211,1350,700,224.55951728391616,3.052831720601578,circular
856,1100,700,34.54865727228495,-85,-85,-85,11.50579409835762,1350,700,227.61234900451774,3.052831720601578,circular
857,1100,700,34.54865727228495,-85,-85,-85,-85,1350,700,230.6651807251193,3.052831720601578,circular
858,1100,700,34.54865727228495,-85,-85,-85,-85,1350,700,233.7180124457209,3.052831720601578,circular
859,1100,700,34.54865727228495,-85,-85,-85,-85,1350,700,236.77084416632246,3.052831720601578,circular
860,1100,700,34.54865727228495,-85,-85,-85,-85,1350,700,239.82367588692404,3.052831720601578,circular
861,1100,700,34.54865727228495,-85,-85,-85,-85,1350,700,242.8765076075256,3.052831720601578,circular
862,1100,700,34.54865727228495,-85,-85,-85,-85,1350,700,245.92933932812718,3.052831720601578,circular
863,1100,700,34.54865727228495,-85,-85,-85,-85,1350,700,248.98217104872876,3.052831720601578,circular
864,1100,700,34.54865727228495,-85,-85,-85,-85,1350,700,252.03500276933033,3.052831720601578,circular
865,1100,700,34.54865727228495,-85,-85,-85,-85,1350,700,255.0878344899319,3.052831720601578,circular
866,1100,700,34.54865727228495,-85,-85,-85,-85,1350,700,258.1406662105335,3.052831720601578,circular
867,1100,700,34.54865727228495,-85,-85,-85,-85,1350,700,261.1934979311351,3.052831720601578,circular
868,1100,700,34.54865727228495,-85,-85,-85,-85,1350,700,264.2463296517367,3.052831720601578,circular
869,1100,700,34.54865727228495,-85,-85,-85,-85,1350,700,267.2991613723383,3.052831720601578,circular
870,1100,700,34.54865727228495,-85,-85,-85,-85,1350,700,270.3519930929399,3.052831720601578,circular
871,1100,700,34.54865727228495,-85,-85,-85,-85,1350,700,273.4048248135415,3.052831720601578,circular
872,1100,700,34.54865727228495,-85,-85,-85,-85,1350,700,276.4576565341431,3.052831720601578,circular
873,1100,700,34.54865727228495,-85,-85,-85,-85,1350,700,279.5104882547447,3.052831720601578,circular
874,1100,700,34.54865727228495,-85,-85,-85,-85,1350,700,282.5633199753463,3.052831720601578,circular
875,1100,700,34.54865727228495,-85,-85,-85,-85,1350,700,285.6161516959479,3.052831720601578,circular
876,1100,700,34.54865727228495,-85,-85,-85,-85,1350,700,288.6689834165495,3.052831720601578,circular
877,1100,700,34.54865727228495,-85,-85,-85,-85,1350,700,291.7218151371511,3.052831720601578,circular
878,1100,700,34.54865727228495,-85,-85,-85,-85,1350,700,294.7746468577527,3.052831720601578,circular
879,1100,700,34.54865727228495,-85,-85,-85,-85,1350,700,297.8274785783543,3.052831720601578,circular
880,1100,700,34.54865727228495,-85,-85,-85,-85,1350,700,300.8803102989559,3.052831720601578,circular
881,1100,700,34.54865727228495,-85,-85,-85,-85,1350,700,303.9331420195575,3.052831720601578,circular
882,1100,700,34.54865727228495,-85,-85,-85,-85,1350,700,306.9859737401591,3.052831720601578,circular
883,1100,700,34.54865727228495,-85,-85,-85,-85,1350,700,310.0388054607607,3.052831720601578,circular
884,1100,700,34.54865727228495,-85,-85,-85,-85,1350,700,313.09163718136233,3.052831720601578,circular
885,1100,700,34.54865727228495,-85,-85,-85,-85,1350,700,316.14446890196393,3.052831720601578,circular
886,1100,700,34.54865727228495,-85,-85,-85,-85,1350,700,319.19730062256554,3.052831720601578,circular
887,1100,700,34.54865727228495,-85,-85,-85,-85,1350,700,322.25013234316714,3.052831720601578,circular
888,1100,700,34.54865727228495,-85,-85,-85,-85,1350,700,325.30296406376874,3.052831720601578,circular
889,1100,700,34.54865727228495,-85,-85,-85,-85,1350,700,328.35579578437034,3.052831720601578,circular
890,1100,700,34.54865727228495,-85,-85,-85,-85,1350,700,331.40862750497195,3.052831720601578,circular
891,1100,700,34.54865727228495,-85,-85,-85,-85,1350,700,334.46145922557355,3.052831720601578,circular
892,1100,700,34.54865727228495,-85,-85,-85,-85,1350,700,337.51429094617515,3.052831720601578,circular
893,1100,700,34.54865727228495,-85,-85,-85,-85,1350,700,340.56712266677675,3.052831720601578,circular
894,1100,700,34.54865727228495,-85,-85,-85,-85,1350,700,343.61995438737836,3.052831720601578,circular
895,1100,700,34.54865727228495,-85,-85,-85,-85,1350,700,346.67278610797996,3.052831720601578,circular
896,1100,700,34.54865727228495,-85,-85,-85,-85,1350,700,349.72561782858156,3.052831720601578,circular
897,1100,700,34.54865727228495,-85,-85,-85,-85,1350,700,352.77844954918316,3.052831720601578,circular
898,1100,700,34.54865727228495,-85,-85,-85,-85,1350,700,355.83128126978477,3.052831720601578,circular
899,1100,700,34.54865727228495,-85,-85,-85,-85,1350,700,358.88411299038637,3.052831720601578,circular
900,1100,700,34.54865727228495,-85,-85,-85,-85,1350,700,1.936944710987973,3.052831720601578,circular
901,1100,700,34.54865727228495,-85,-85,-85,-85,1350,700,4.989776431589551,3.052831720601578,circular
902,1100,700,34.54865727228495,-85,-85,-85,-85,1350,700,8.042608152191129,3.052831720601578,circular
903,1100,700,34.54865727228495,-85,-85,-85,-85,1350,700,11.095439872792706,3.052831720601578,circular
904,1100,700,34.54865727228495,-85,-85,-85,-85,1350,700,14.148271593394284,3.052831720601578,circular
905,1100,700,34.54865727228495,-85,-85,-85,-85,1350,700,17.201103313995862,3.052831720601578,circular
906,1100,700,34.54865727228495,-85,-85,-85,-85,1350,700,20.25393503459744,3.052831720601578,circular
907,1100,700,34.54865727228495,-85,-85,-85,-85,1350,700,23.306766755199018,3.052831720601578,circular
908,1100,700,34.54865727228495,-85,-85,-85,-85,1350,700,26.359598475800595,3.052831720601578,circular
909,1100,700,34.54865727228495,-85,-85,-85,-85,1350,700,29.412430196402173,3.052831720601578,circular
910,1100,700,34.54865727228495,-85,-85,-85,-85,1350,700,32.46526191700375,3.052831720601578,circular
911,1100,700,34.54865727228495,-85,-85,-85,-85,1350,700,35.51809363760533,3.052831720601578,circular
912,1100,700,34.54865727228495,-85,-85,-85,-85,1350,700,38.57092535820691,3.052831720601578,circular
913,1100,700,34.54865727228495,-85,-85,-85,-85,1350,700,41.62375707880848,3.052831720601578,circular
914,1100,700,34.54865727228495,-85,-85,-85,-85,1350,700,44.676588799410055,3.052831720601578,circular
915,1100,700,34.54865727228495,-85,-85,-85,-85,1350,700,47.72942052001163,3.052831720601578,circular
916,1100,700,34.54865727228495,-85,-85,-85,-85,1350,700,50.782252240613204,3.052831720601578,circular
917,1100,700,34.54865727228495,-85,-85,-85,-85,1350,700,53.83508396121478,3.052831720601578,circular
918,1100,700,34.54865727228495,-85,-85,-85,-85,1350,700,56.88791568181635,3.052831720601578,circular
919,1100,700,34.54865727228495,-85,-85,-85,-85,1350,700,59.94074740241793,3.052831720601578,circular
920,1100,700,34.54865727228495,-85,-85,-85,-85,1350,700,62.9935791230195,3.052831720601578,circular
921,1100,700,34.54865727228495,-85,-85,-85,-85,1350,700,66.04641084362108,3.052831720601578,circular
922,1100,700,34.54865727228495,-85,-85,-85,-85,1350,700,69.09924256422265,3.052831720601578,circular
923,1100,700,34.54865727228495,-85,-85,-85,-85,1350,700,72.15207428482422,3.052831720601578,circular
924,1100,700,34.54865727228495,-85,-85,-85,-85,1350,700,75.2049060054258,3.052831720601578,circular
925,1100,700,34.54865727228495,-85,-85,-85,-85,1350,700,78.25773772602737,3.052831720601578,circular
926,1100,700,34.54865727228495,-85,-85,-85,-85,1350,700,81.31056944662895,3.052831720601578,circular
927,1100,700,34.54865727228495,-85,-85,-85,-85,1350,700,84.36340116723052,3.052831720601578,circular
928,1100,700,34.54865727228495,-85,-85,-85,-85,1350,700,87.4162328878321,3.052831720601578,circular
929,1100,700,34.54865727228495,-85,-85,-85,-85,1350,700,90.46906460843367,3.052831720601578,circular
930,1100,700,34.54865727228495,-85,-85,-85,-85,1350,700,93.52189632903524,3.052831720601578,circular
931,1100,700,34.54865727228495,-85,-85,-85,-85,1350,700,96.57472804963682,3.052831720601578,circular
932,1100,700,34.54865727228495,-85,-85,-85,-85,1350,700,99.62755977023839,3.052831720601578,circular
933,1100,700,34.54865727228495,-85,-85,-85,-85,1350,700,102.68039149083997,3.052831720601578,circular
934,1100,700,34.54865727228495,-85,-85,-85,-85,1350,700,105.73322321144154,3.052831720601578,circular
935,1100,700,34.54865727228495,-85,-85,-85,-85,1350,700,108.78605493204311,3.052831720601578,circular
936,1100,700,34.54865727228495,-85,-85,-85,-85,1350,700,111.83888665264469,3.052831720601578,circular
937,1100,700,34.54865727228495,-85,-85,-85,-85,1350,700,114.89171837324626,3.052831720601578,circular
938,1100,700,34.54865727228495,-85,-85,-85,-85,1350,700,117.94455009384784,3.052831720601578,circular
939,1100,700,34.54865727228495,-85,-85,-85,-85,1350,700,120.99738181444941,3.052831720601578,circular
940,1100,700,34.54865727228495,-85,-85,-85,-85,1350,700,124.05021353505099,3.052831720601578,circular
941,1100,700,34.54865727228495,-85,-85,-85,-85,1350,700,127.10304525565256,3.052831720601578,circular
942,1100,700,34.54865727228495,-85,-85,-85,-85,1350,700,130.15587697625415,3.052831720601578,circular
943,1100,700,34.54865727228495,-85,-85,-85,-85,1350,700,133.20870869685572,3.052831720601578,circular
944,1100,700,34.54865727228495,11.505794098357505,-85,-85,-85,1350,700,136.2615404174573,3.052831720601578,circular
945,1100,700,34.54865727228495,17.513155499392102,-85,-85,11.505794098357505,1350,700,139.31437213805887,3.052831720601578,circular
946,1100,700,34.54865727228495,19.91435422725632,-85,-85,17.513155499392102,1350,700,142.36720385866045,3.052831720601578,circular
947,1100,700,34.54865727228495,21.41811930585211,-85,-85,19.91435422725632,1350,700,145.42003557926202,3.052831720601578,circular
948,1100,700,34.54865727228495,22.496022074683278,-85,-85,21.41811930585211,1350,700,148.4728672998636,3.052831720601578,circular
949,1100,700,34.54865727228495,23.31969953712386,-85,-85,22.793695368992218,1350,700,151.52569902046517,3.052831720601578,circular
950,1100,700,34.54865727228495,23.971022246457757,-85,-85,23.553218972269416,1350,700,154.57853074106674,3.052831720601578,circular
951,1100,700,34.54865727228495,24.495315191602927,-85,-85,24.1582774269213,1350,700,157.63136246166832,3.052831720601578,circular
952,1100,700,34.54865727228495,24.92014212493214,-85,-85,24.646943359767004,1350,700,160.6841941822699,3.052831720601578,circular
953,1100,700,34.54865727228495,25.26334459461691,-85,-85,25.042923900792417,1350,700,163.73702590287147,3.052831720601578,circular
954,1100,700,34.54865727228495,25.614204328866276,-85,-85,25.36180729449956,1350,700,166.78985762347304,3.052831720601578,circular
955,1100,700,34.54865727228495,25.80746062382631,-85,-85,25.614204328866276,1350,700,169.8426893440746,3.052831720601578,circular
956,1100,700,34.54865727228495,25.946643644493044,-85,-85,25.80746062382631,1350,700,172.8955210646762,3.052831720601578,circular
957,1100,700,34.54865727228495,26.035130213615616,-85,-85,25.946643644493044,1350,700,175.94835278527776,3.052831720601578,circular
958,1100,700,34.54865727228495,26.074956048612798,-85,-85,26.035130213615616,1350,700,179.00118450587934,3.052831720601578,circular
959,1100,700,34.54865727228495,26.074956048612798,-85,-85,26.074956048612798,1350,700,182.0540162264809,3.052831720601578,circular
960,1100,700,34.54865727228495,26.035130213615616,-85,-85,26.074956048612798,1350,700,185.10684794708249,3.052831720601578,circular
961,1100,700,34.54865727228495,25.946643644493044,-85,-85,26.035130213615616,1350,700,188.15967966768406,3.052831720601578,circular
962,1100,700,34.54865727228495,25.807460623826316,-85,-85,25.946643644493044,1350,700,191.21251138828563,3.052831720601578,circular
963,1100,700,34.54865727228495,25.614204328866276,-85,-85,25.807460623826316,1350,700,194.2653431088872,3.052831720601578,circular
964,1100,700,34.54865727228495,25.361807294499556,-85,-85,25.614204328866276,1350,700,197.31817482948878,3.052831720601578,circular
965,1100,700,34.54865727228495,25.042923900792417,-85,-85,25.361807294499556,1350,700,200.37100655009036,3.052831720601578,circular
966,1100,700,34.54865727228495,24.646943359767004,-85,-85,25.042923900792417,1350,700,203.42383827069193,3.052831720601578,circular
967,1100,700,34.54865727228495,24.1582774269213,-85,-85,24.646943359767004,1350,700,206.4766699912935,3.052831720601578,circular
968,1100,700,34.54865727228495,23.553218972269416,-85,-85,23.97102224645776,1350,700,209.52950171189508,3.052831720601578,circular
969,1100,700,34.54865727228495,22.793695368992225,-85,-85,23.319699537123853,1350,700,212.58233343249665,3.052831720601578,circular
970,1100,700,34.54865727228495,21.81335663023087,-85,-85,22.496022074683278,1350,700,215.63516515309823,3.052831720601578,circular
971,1100,700,34.54865727228495,20.48098321025059,-85,-85,21.418119305852123,1350,700,218.6879968736998,3.052831720601578,circular
972,1100,700,34.54865727228495,18.474304759512954,-85,-85,19.914354227256315,1350,700,221.74082859430138,3.052831720601578,circular
973,1100,700,34.54865727228495,11.50579409835762,-85,-85,17.51315549939211,1350,700,224.79366031490295,3.052831720601578,circular
974,1100,700,34.54865727228495,-85,-85,-85,11.50579409835762,1350,700,227.84649203550453,3.052831720601578,circular
975,1100,700,34.54865727228495,-85,-85,-85,-85,1350,700,230.8993237561061,3.052831720601578,circular
976,1100,700,34.54865727228495,-85,-85,-85,-85,1350,700,233.95215547670767,3.052831720601578,circular
977,1100,700,34.54865727228495,-85,-85,-85,-85,1350,700,237.00498719730925,3.052831720601578,circular
978,1100,700,34.54865727228495,-85,-85,-85,-85,1350,700,240.05781891791082,3.052831720601578,circular
979,1100,700,34.54865727228495,-85,-85,-85,-85,1350,700,243.1106506385124,3.052831720601578,circular
980,1100,700,34.54865727228495,-85,-85,-85,-85,1350,700,246.16348235911397,3.052831720601578,circular
981,1100,700,34.54865727228495,-85,-85,-85,-85,1350,700,249.21631407971554,3.052831720601578,circular
982,1100,700,34.54865727228495,-85,-85,-85,-85,1350,700,252.26914580031712,3.052831720601578,circular
983,1100,700,34.54865727228495,-85,-85,-85,-85,1350,700,255.3219775209187,3.052831720601578,circular
984,1100,700,34.54865727228495,-85,-85,-85,-85,1350,700,258.37480924152027,3.052831720601578,circular
985,1100,700,34.54865727228495,-85,-85,-85,-85,1350,700,261.42764096212187,3.052831720601578,circular
986,1100,700,34.54865727228495,-85,-85,-85,-85,1350,700,264.4804726827235,3.052831720601578,circular
987,1100,700,34.54865727228495,-85,-85,-85,-85,1350,700,267.5333044033251,3.052831720601578,circular
988,1100,700,34.54865727228495,-85,-85,-85,-85,1350,700,270.5861361239267,3.052831720601578,circular
989,1100,700,34.54865727228495,-85,-85,-85,-85,1350,700,273.6389678445283,3.052831720601578,circular
990,1100,700,34.54865727228495,-85,-85,-85,-85,1350,700,276.6917995651299,3.052831720601578,circular
991,1100,700,34.54865727228495,-85,-85,-85,-85,1350,700,279.7446312857315,3.052831720601578,circular
992,1100,700,34.54865727228495,-85,-85,-85,-85,1350,700,282.7974630063331,3.052831720601578,circular
993,1100,700,34.54865727228495,-85,-85,-85,-85,1350,700,285.8502947269347,3.052831720601578,circular
994,1100,700,34.54865727228495,-85,-85,-85,-85,1350,700,288.9031264475363,3.052831720601578,circular
995,1100,700,34.54865727228495,-85,-85,-85,-85,1350,700,291.9559581681379,3.052831720601578,circular
996,1100,700,34.54865727228495,-85,-85,-85,-85,1350,700,295.0087898887395,3.052831720601578,circular
997,1100,700,34.54865727228495,-85,-85,-85,-85,1350,700,298.0616216093411,3.052831720601578,circular
998,1100,700,34.54865727228495,-85,-85,-85,-85,1350,700,301.1144533299427,3.052831720601578,circular
999,1100,700,34.54865727228495,-85,-85,-85,-85,1350,700,304.1672850505443,3.052831720601578,circular
