Tick,Aircraft X,Aircraft Y,Aircraft Heading,A1,A2,A3,A4,Radar X,Radar Y,Radar Azimuth,Radar RPM,Radar Scan Pattern
0,1100,700,184.20068160090534,-85,-85,-85,-85,1350,700,253.04754980227864,17.646946332615386,circular
1,1100,700,184.20068160090534,-85,-85,-85,-85,1350,700,270.69449613489405,17.646946332615386,circular
2,1100,700,184.20068160090534,-85,-85,-85,-85,1350,700,288.3414424675094,17.646946332615386,circular
3,1100,700,184.20068160090534,-85,-85,-85,-85,1350,700,305.98838880012477,17.646946332615386,circular
4,1100,700,184.20068160090534,-85,-85,-85,-85,1350,700,323.6353351327401,17.646946332615386,circular
5,1100,700,184.20068160090534,-85,-85,-85,-85,1350,700,341.2822814653555,17.646946332615386,circular
6,1100,700,184.20068160090534,-85,-85,-85,-85,1350,700,358.92922779797084,17.646946332615386,circular
7,1100,700,184.20068160090534,-85,-85,-85,-85,1350,700,16.576174130586196,17.646946332615386,circular
8,1100,700,184.20068160090534,-85,-85,-85,-85,1350,700,34.22312046320158,17.646946332615386,circular
9,1100,700,184.20068160090534,-85,-85,-85,-85,1350,700,51.87006679581697,17.646946332615386,circular
10,1100,700,184.20068160090534,-85,-85,-85,-85,1350,700,69.51701312843235,17.646946332615386,circular
11,1100,700,184.20068160090534,-85,-85,-85,-85,1350,700,87.16395946104774,17.646946332615386,circular
12,1100,700,184.20068160090534,-85,-85,-85,-85,1350,700,104.81090579366312,17.646946332615386,circular
13,1100,700,184.20068160090534,-85,-85,-85,-85,1350,700,122.45785212627851,17.646946332615386,circular
14,1100,700,184.20068160090534,-85,-85,-85,-85,1350,700,140.1047984588939,17.646946332615386,circular
15,1100,700,184.20068160090534,-85,17.513155499392102,19.91435422725632,-85,1350,700,157.75174479150928,17.646946332615386,circular
16,1100,700,184.20068160090534,-85,24.495315191602927,24.92014212493214,-85,1350,700,175.39869112412467,17.646946332615386,circular
17,1100,700,184.20068160090534,-85,25.9816463993744,26.067010357935978,-85,1350,700,193.04563745674005,17.646946332615386,circular
18,1100,700,184.20068160090534,-85,25.7492610641292,25.536951728381826,-85,1350,700,210.69258378935544,17.646946332615386,circular
19,1100,700,184.20068160090534,-85,23.319699537123853,22.496022074683278,-85,1350,700,228.33953012197082,17.646946332615386,circular
20,1100,700,184.20068160090534,-85,-85,-85,-85,1350,700,245.9864764545862,17.646946332615386,circular
21,1100,700,184.20068160090534,-85,-85,-85,-85,1350,700,263.6334227872016,17.646946332615386,circular
22,1100,700,184.20068160090534,-85,-85,-85,-85,1350,700,281.280369119817,17.646946332615386,circular
23,1100,700,184.20068160090534,-85,-85,-85,-85,1350,700,298.92731545243237,17.646946332615386,circular
24,1100,700,184.20068160090534,-85,-85,-85,-85,1350,700,316.5742617850477,17.646946332615386,circular
25,1100,700,184.20068160090534,-85,-85,-85,-85,1350,700,334.2212081176631,17.646946332615386,circular
26,1100,700,184.20068160090534,-85,-85,-85,-85,1350,700,351.86815445027844,17.646946332615386,circular
27,1100,700,184.20068160090534,-85,-85,-85,-85,1350,700,9.515100782893796,17.646946332615386,circular
28,1100,700,184.20068160090534,-85,-85,-85,-85,1350,700,27.162047115509182,17.646946332615386,circular
29,1100,700,184.20068160090534,-85,-85,-85,-85,1350,700,44.80899344812457,17.646946332615386,circular
30,1100,700,184.20068160090534,-85,-85,-85,-85,1350,700,62.45593978073995,17.646946332615386,circular
31,1100,700,184.20068160090534,-85,-85,-85,-85,1350,700,80.10288611335534,17.646946332615386,circular
32,1100,700,184.20068160090534,-85,-85,-85,-85,1350,700,97.74983244597072,17.646946332615386,circular
33,1100,700,184.20068160090534,-85,-85,-85,-85,1350,700,115.39677877858611,17.646946332615386,circular
34,1100,700,184.20068160090534,-85,-85,-85,-85,1350,700,133.0437251112015,17.646946332615386,circular
35,1100,700,184.20068160090534,-85,-85,-85,-85,1350,700,150.69067144381688,17.646946332615386,circular
36,1100,700,184.20068160090534,-85,23.06730250275713,23.769789312347285,-85,1350,700,168.33761777643227,17.646946332615386,circular
37,1100,700,184.20068160090534,-85,25.614204328866276,25.859665714847075,-85,1350,700,185.98456410904765,17.646946332615386,circular
38,1100,700,184.20068160090534,-85,26.035130213615616,25.946643644493044,-85,1350,700,203.63151044166304,17.646946332615386,circular
39,1100,700,184.20068160090534,-85,24.646943359767004,24.1582774269213,-85,1350,700,221.27845677427842,17.646946332615386,circular
40,1100,700,184.20068160090534,-85,19.25639156218219,14.513447644213265,-85,1350,700,238.9254031068938,17.646946332615386,circular
41,1100,700,184.20068160090534,-85,-85,-85,-85,1350,700,256.5723494395092,17.646946332615386,circular
42,1100,700,184.20068160090534,-85,-85,-85,-85,1350,700,274.2192957721246,17.646946332615386,circular
43,1100,700,184.20068160090534,-85,-85,-85,-85,1350,700,291.86624210473997,17.646946332615386,circular
44,1100,700,184.20068160090534,-85,-85,-85,-85,1350,700,309.5131884373553,17.646946332615386,circular
45,1100,700,184.20068160090534,-85,-85,-85,-85,1350,700,327.1601347699707,17.646946332615386,circular
46,1100,700,184.20068160090534,-85,-85,-85,-85,1350,700,344.80708110258604,17.646946332615386,circular
47,1100,700,184.20068160090534,-85,-85,-85,-85,1350,700,2.4540274352013967,17.646946332615386,circular
48,1100,700,184.20068160090534,-85,-85,-85,-85,1350,700,20.100973767816782,17.646946332615386,circular
49,1100,700,184.20068160090534,-85,-85,-85,-85,1350,700,37.74792010043217,17.646946332615386,circular
50,1100,700,184.20068160090534,-85,-85,-85,-85,1350,700,55.394866433047554,17.646946332615386,circular
51,1100,700,184.20068160090534,-85,-85,-85,-85,1350,700,73.04181276566294,17.646946332615386,circular
52,1100,700,184.20068160090534,-85,-85,-85,-85,1350,700,90.68875909827833,17.646946332615386,circular
53,1100,700,184.20068160090534,-85,-85,-85,-85,1350,700,108.33570543089371,17.646946332615386,circular
54,1100,700,184.20068160090534,-85,-85,-85,-85,1350,700,125.9826517635091,17.646946332615386,circular
55,1100,700,184.20068160090534,-85,-85,-85,-85,1350,700,143.62959809612448,17.646946332615386,circular
56,1100,700,184.20068160090534,-85,20.48098321025059,21.813356630230874,-85,1350,700,161.27654442873987,17.646946332615386,circular
57,1100,700,184.20068160090534,-85,24.92014212493214,25.36180729449956,-85,1350,700,178.92349076135525,17.646946332615386,circular
58,1100,700,184.20068160090534,-85,26.067010357935978,26.077602459396946,-85,1350,700,196.57043709397064,17.646946332615386,circular
59,1100,700,184.20068160090534,-85,25.452908776355446,25.157178905256924,-85,1350,700,214.21738342658603,17.646946332615386,circular
60,1100,700,184.20068160090534,-85,22.496022074683278,21.418119305852123,-85,1350,700,231.8643297592014,17.646946332615386,circular
61,1100,700,184.20068160090534,-85,-85,-85,-85,1350,700,249.5112760918168,17.646946332615386,circular
62,1100,700,184.20068160090534,-85,-85,-85,-85,1350,700,267.1582224244322,17.646946332615386,circular
63,1100,700,184.20068160090534,-85,-85,-85,-85,1350,700,284.80516875704757,17.646946332615386,circular
64,1100,700,184.20068160090534,-85,-85,-85,-85,1350,700,302.4521150896629,17.646946332615386,circular
65,1100,700,184.20068160090534,-85,-85,-85,-85,1350,700,320.0990614222783,17.646946332615386,circular
66,1100,700,184.20068160090534,-85,-85,-85,-85,1350,700,337.74600775489364,17.646946332615386,circular
67,1100,700,184.20068160090534,-85,-85,-85,-85,1350,700,355.392954087509,17.646946332615386,circular
68,1100,700,184.20068160090534,-85,-85,-85,-85,1350,700,13.039900420124354,17.646946332615386,circular
69,1100,700,184.20068160090534,-85,-85,-85,-85,1350,700,30.68684675273974,17.646946332615386,circular
70,1100,700,184.20068160090534,-85,-85,-85,-85,1350,700,48.333793085355126,17.646946332615386,circular
71,1100,700,184.20068160090534,-85,-85,-85,-85,1350,700,65.98073941797051,17.646946332615386,circular
72,1100,700,184.20068160090534,-85,-85,-85,-85,1350,700,83.6276857505859,17.646946332615386,circular
73,1100,700,184.20068160090534,-85,-85,-85,-85,1350,700,101.27463208320128,17.646946332615386,circular
74,1100,700,184.20068160090534,-85,-85,-85,-85,1350,700,118.92157841581667,17.646946332615386,circular
75,1100,700,184.20068160090534,-85,-85,-85,-85,1350,700,136.56852474843205,17.646946332615386,circular
76,1100,700,184.20068160090534,-85,11.505794098357505,17.513155499392102,-85,1350,700,154.21547108104744,17.646946332615386,circular
77,1100,700,184.20068160090534,-85,23.769789312347285,24.33271141113945,-85,1350,700,171.86241741366283,17.646946332615386,circular
78,1100,700,184.20068160090534,-85,25.859665714847075,25.9816463993744,-85,1350,700,189.5093637462782,17.646946332615386,circular
79,1100,700,184.20068160090534,-85,25.946643644493044,25.7492610641292,-85,1350,700,207.1563100788936,17.646946332615386,circular
80,1100,700,184.20068160090534,-85,24.1582774269213,23.553218972269416,-85,1350,700,224.80325641150898,17.646946332615386,circular
81,1100,700,184.20068160090534,-85,14.513447644213265,-85,-85,1350,700,242.45020274412437,17.646946332615386,circular
82,1100,700,184.20068160090534,-85,-85,-85,-85,1350,700,260.09714907673975,17.646946332615386,circular
83,1100,700,184.20068160090534,-85,-85,-85,-85,1350,700,277.74409540935517,17.646946332615386,circular
84,1100,700,184.20068160090534,-85,-85,-85,-85,1350,700,295.3910417419705,17.646946332615386,circular
85,1100,700,184.20068160090534,-85,-85,-85,-85,1350,700,313.0379880745859,17.646946332615386,circular
86,1100,700,184.20068160090534,-85,-85,-85,-85,1350,700,330.68493440720124,17.646946332615386,circular
87,1100,700,184.20068160090534,-85,-85,-85,-85,1350,700,348.3318807398166,17.646946332615386,circular
88,1100,700,184.20068160090534,-85,-85,-85,-85,1350,700,5.9788270724319545,17.646946332615386,circular
89,1100,700,184.20068160090534,-85,-85,-85,-85,1350,700,23.62577340504734,17.646946332615386,circular
90,1100,700,184.20068160090534,-85,-85,-85,-85,1350,700,41.272719737662726,17.646946332615386,circular
91,1100,700,184.20068160090534,-85,-85,-85,-85,1350,700,58.91966607027811,17.646946332615386,circular
92,1100,700,184.20068160090534,-85,-85,-85,-85,1350,700,76.5666124028935,17.646946332615386,circular
93,1100,700,184.20068160090534,-85,-85,-85,-85,1350,700,94.21355873550888,17.646946332615386,circular
94,1100,700,184.20068160090534,-85,-85,-85,-85,1350,700,111.86050506812427,17.646946332615386,circular
95,1100,700,184.20068160090534,-85,-85,-85,-85,1350,700,129.50745140073965,17.646946332615386,circular
96,1100,700,184.20068160090534,-85,-85,-85,-85,1350,700,147.15439773335504,17.646946332615386,circular
97,1100,700,184.20068160090534,-85,21.813356630230874,22.793695368992218,-85,1350,700,164.80134406597043,17.646946332615386,circular
98,1100,700,184.20068160090534,-85,25.36180729449956,25.614204328866276,-85,1350,700,182.4482903985858,17.646946332615386,circular
99,1100,700,184.20068160090534,-85,26.077602459396946,26.035130213615616,-85,1350,700,200.0952367312012,17.646946332615386,circular
100,1100,700,184.20068160090534,-85,25.157178905256924,24.788337040832293,-85,1350,700,217.74218306381658,17.646946332615386,circular
101,1100,700,184.20068160090534,-85,20.97742610025735,19.25639156218219,-85,1350,700,235.38912939643197,17.646946332615386,circular
102,1100,700,184.20068160090534,-85,-85,-85,-85,1350,700,253.03607572904735,17.646946332615386,circular
103,1100,700,184.20068160090534,-85,-85,-85,-85,1350,700,270.68302206166277,17.646946332615386,circular
104,1100,700,184.20068160090534,-85,-85,-85,-85,1350,700,288.3299683942781,17.646946332615386,circular
105,1100,700,184.20068160090534,-85,-85,-85,-85,1350,700,305.9769147268935,17.646946332615386,circular
106,1100,700,184.20068160090534,-85,-85,-85,-85,1350,700,323.62386105950884,17.646946332615386,circular
107,1100,700,184.20068160090534,-85,-85,-85,-85,1350,700,341.2708073921242,17.646946332615386,circular
108,1100,700,184.20068160090534,-85,-85,-85,-85,1350,700,358.91775372473955,17.646946332615386,circular
109,1100,700,184.20068160090534,-85,-85,-85,-85,1350,700,16.564700057354912,17.646946332615386,circular
110,1100,700,184.20068160090534,-85,-85,-85,-85,1350,700,34.2116463899703,17.646946332615386,circular
111,1100,700,184.20068160090534,-85,-85,-85,-85,1350,700,51.85859272258568,17.646946332615386,circular
112,1100,700,184.20068160090534,-85,-85,-85,-85,1350,700,69.50553905520107,17.646946332615386,circular
113,1100,700,184.20068160090534,-85,-85,-85,-85,1350,700,87.15248538781645,17.646946332615386,circular
114,1100,700,184.20068160090534,-85,-85,-85,-85,1350,700,104.79943172043184,17.646946332615386,circular
115,1100,700,184.20068160090534,-85,-85,-85,-85,1350,700,122.44637805304723,17.646946332615386,circular
116,1100,700,184.20068160090534,-85,-85,-85,-85,1350,700,140.0933243856626,17.646946332615386,circular
117,1100,700,184.20068160090534,-85,17.513155499392102,19.91435422725632,-85,1350,700,157.740270718278,17.646946332615386,circular
118,1100,700,184.20068160090534,-85,24.495315191602927,24.92014212493214,-85,1350,700,175.38721705089338,17.646946332615386,circular
119,1100,700,184.20068160090534,-85,25.9816463993744,26.067010357935978,-85,1350,700,193.03416338350877,17.646946332615386,circular
120,1100,700,184.20068160090534,-85,25.7492610641292,25.536951728381826,-85,1350,700,210.68110971612415,17.646946332615386,circular
121,1100,700,184.20068160090534,-85,23.319699537123853,22.496022074683278,-85,1350,700,228.32805604873954,17.646946332615386,circular
122,1100,700,184.20068160090534,-85,-85,-85,-85,1350,700,245.97500238135493,17.646946332615386,circular
123,1100,700,184.20068160090534,-85,-85,-85,-85,1350,700,263.6219487139703,17.646946332615386,circular
124,1100,700,184.20068160090534,-85,-85,-85,-85,1350,700,281.2688950465857,17.646946332615386,circular
125,1100,700,184.20068160090534,-85,-85,-85,-85,1350,700,298.9158413792011,17.646946332615386,circular
126,1100,700,184.20068160090534,-85,-85,-85,-85,1350,700,316.56278771181644,17.646946332615386,circular
127,1100,700,184.20068160090534,-85,-85,-85,-85,1350,700,334.2097340444318,17.646946332615386,circular
128,1100,700,184.20068160090534,-85,-85,-85,-85,1350,700,351.85668037704716,17.646946332615386,circular
129,1100,700,184.20068160090534,-85,-85,-85,-85,1350,700,9.503626709662512,17.646946332615386,circular
130,1100,700,184.20068160090534,-85,-85,-85,-85,1350,700,27.150573042277898,17.646946332615386,circular
131,1100,700,184.20068160090534,-85,-85,-85,-85,1350,700,44.797519374893284,17.646946332615386,circular
132,1100,700,184.20068160090534,-85,-85,-85,-85,1350,700,62.44446570750867,17.646946332615386,circular
133,1100,700,184.20068160090534,-85,-85,-85,-85,1350,700,80.09141204012406,17.646946332615386,circular
134,1100,700,184.20068160090534,-85,-85,-85,-85,1350,700,97.73835837273944,17.646946332615386,circular
135,1100,700,184.20068160090534,-85,-85,-85,-85,1350,700,115.38530470535483,17.646946332615386,circular
136,1100,700,184.20068160090534,-85,-85,-85,-85,1350,700,133.0322510379702,17.646946332615386,circular
137,1100,700,184.20068160090534,-85,-85,-85,-85,1350,700,150.6791973705856,17.646946332615386,circular
138,1100,700,184.20068160090534,-85,23.06730250275713,23.769789312347285,-85,1350,700,168.32614370320098,17.646946332615386,circular
139,1100,700,184.20068160090534,-85,25.614204328866276,25.859665714847075,-85,1350,700,185.97309003581637,17.646946332615386,circular
140,1100,700,184.20068160090534,-85,26.035130213615616,25.946643644493044,-85,1350,700,203.62003636843176,17.646946332615386,circular
141,1100,700,184.20068160090534,-85,24.646943359767004,24.1582774269213,-85,1350,700,221.26698270104714,17.646946332615386,circular
142,1100,700,184.20068160090534,-85,19.25639156218219,14.513447644213265,-85,1350,700,238.91392903366253,17.646946332615386,circular
143,1100,700,184.20068160090534,-85,-85,-85,-85,1350,700,256.5608753662779,17.646946332615386,circular
144,1100,700,184.20068160090534,-85,-85,-85,-85,1350,700,274.2078216988933,17.646946332615386,circular
145,1100,700,184.20068160090534,-85,-85,-85,-85,1350,700,291.8547680315087,17.646946332615386,circular
146,1100,700,184.20068160090534,-85,-85,-85,-85,1350,700,309.50171436412404,17.646946332615386,circular
147,1100,700,184.20068160090534,-85,-85,-85,-85,1350,700,327.1486606967394,17.646946332615386,circular
148,1100,700,184.20068160090534,-85,-85,-85,-85,1350,700,344.79560702935476,17.646946332615386,circular
149,1100,700,184.20068160090534,-85,-85,-85,-85,1350,700,2.4425533619701127,17.646946332615386,circular
150,1100,700,184.20068160090534,-85,-85,-85,-85,1350,700,20.0894996945855,17.646946332615386,circular
151,1100,700,184.20068160090534,-85,-85,-85,-85,1350,700,37.736446027200884,17.646946332615386,circular
152,1100,700,184.20068160090534,-85,-85,-85,-85,1350,700,55.38339235981627,17.646946332615386,circular
153,1100,700,184.20068160090534,-85,-85,-85,-85,1350,700,73.03033869243166,17.646946332615386,circular
154,1100,700,184.20068160090534,-85,-85,-85,-85,1350,700,90.67728502504704,17.646946332615386,circular
155,1100,700,184.20068160090534,-85,-85,-85,-85,1350,700,108.32423135766243,17.646946332615386,circular
156,1100,700,184.20068160090534,-85,-85,-85,-85,1350,700,125.97117769027781,17.646946332615386,circular
157,1100,700,184.20068160090534,-85,-85,-85,-85,1350,700,143.6181240228932,17.646946332615386,circular
158,1100,700,184.20068160090534,-85,20.48098321025059,21.813356630230874,-85,1350,700,161.26507035550858,17.646946332615386,circular
159,1100,700,184.20068160090534,-85,24.92014212493214,25.36180729449956,-85,1350,700,178.91201668812397,17.646946332615386,circular
160,1100,700,184.20068160090534,-85,26.067010357935978,26.077602459396946,-85,1350,700,196.55896302073936,17.646946332615386,circular
161,1100,700,184.20068160090534,-85,25.452908776355446,25.157178905256924,-85,1350,700,214.20590935335474,17.646946332615386,circular
162,1100,700,184.20068160090534,-85,22.496022074683278,21.418119305852123,-85,1350,700,231.85285568597013,17.646946332615386,circular
163,1100,700,184.20068160090534,-85,-85,-85,-85,1350,700,249.4998020185855,17.646946332615386,circular
164,1100,700,184.20068160090534,-85,-85,-85,-85,1350,700,267.1467483512009,17.646946332615386,circular
165,1100,700,184.20068160090534,-85,-85,-85,-85,1350,700,284.7936946838163,17.646946332615386,circular
166,1100,700,184.20068160090534,-85,-85,-85,-85,1350,700,302.44064101643164,17.646946332615386,circular
167,1100,700,184.20068160090534,-85,-85,-85,-85,1350,700,320.087587349047,17.646946332615386,circular
168,1100,700,184.20068160090534,-85,-85,-85,-85,1350,700,337.73453368166236,17.646946332615386,circular
169,1100,700,184.20068160090534,-85,-85,-85,-85,1350,700,355.3814800142777,17.646946332615386,circular
170,1100,700,184.20068160090534,-85,-85,-85,-85,1350,700,13.02842634689307,17.646946332615386,circular
171,1100,700,184.20068160090534,-85,-85,-85,-85,1350,700,30.675372679508456,17.646946332615386,circular
172,1100,700,184.20068160090534,-85,-85,-85,-85,1350,700,48.32231901212384,17.646946332615386,circular
173,1100,700,184.20068160090534,-85,-85,-85,-85,1350,700,65.96926534473923,17.646946332615386,circular
174,1100,700,184.20068160090534,-85,-85,-85,-85,1350,700,83.61621167735461,17.646946332615386,circular
175,1100,700,184.20068160090534,-85,-85,-85,-85,1350,700,101.26315800997,17.646946332615386,circular
176,1100,700,184.20068160090534,-85,-85,-85,-85,1350,700,118.91010434258538,17.646946332615386,circular
177,1100,700,184.20068160090534,-85,-85,-85,-85,1350,700,136.55705067520077,17.646946332615386,circular
178,1100,700,184.20068160090534,-85,11.505794098357505,17.513155499392102,-85,1350,700,154.20399700781616,17.646946332615386,circular
179,1100,700,184.20068160090534,-85,23.769789312347285,24.33271141113945,-85,1350,700,171.85094334043154,17.646946332615386,circular
180,1100,700,184.20068160090534,-85,25.859665714847075,25.9816463993744,-85,1350,700,189.49788967304693,17.646946332615386,circular
181,1100,700,184.20068160090534,-85,25.946643644493044,25.7492610641292,-85,1350,700,207.1448360056623,17.646946332615386,circular
182,1100,700,184.20068160090534,-85,24.1582774269213,23.553218972269416,-85,1350,700,224.7917823382777,17.646946332615386,circular
183,1100,700,184.20068160090534,-85,14.513447644213265,-85,-85,1350,700,242.43872867089308,17.646946332615386,circular
184,1100,700,184.20068160090534,-85,-85,-85,-85,1350,700,260.08567500350847,17.646946332615386,circular
185,1100,700,184.20068160090534,-85,-85,-85,-85,1350,700,277.7326213361239,17.646946332615386,circular
186,1100,700,184.20068160090534,-85,-85,-85,-85,1350,700,295.37956766873924,17.646946332615386,circular
187,1100,700,184.20068160090534,-85,-85,-85,-85,1350,700,313.0265140013546,17.646946332615386,circular
188,1100,700,184.20068160090534,-85,-85,-85,-85,1350,700,330.67346033396996,17.646946332615386,circular
189,1100,700,184.20068160090534,-85,-85,-85,-85,1350,700,348.3204066665853,17.646946332615386,circular
190,1100,700,184.20068160090534,-85,-85,-85,-85,1350,700,5.967352999200671,17.646946332615386,circular
191,1100,700,184.20068160090534,-85,-85,-85,-85,1350,700,23.614299331816056,17.646946332615386,circular
192,1100,700,184.20068160090534,-85,-85,-85,-85,1350,700,41.26124566443144,17.646946332615386,circular
193,1100,700,184.20068160090534,-85,-85,-85,-85,1350,700,58.90819199704683,17.646946332615386,circular
194,1100,700,184.20068160090534,-85,-85,-85,-85,1350,700,76.55513832966221,17.646946332615386,circular
195,1100,700,184.20068160090534,-85,-85,-85,-85,1350,700,94.2020846622776,17.646946332615386,circular
196,1100,700,184.20068160090534,-85,-85,-85,-85,1350,700,111.84903099489298,17.646946332615386,circular
197,1100,700,184.20068160090534,-85,-85,-85,-85,1350,700,129.49597732750837,17.646946332615386,circular
198,1100,700,184.20068160090534,-85,-85,-85,-85,1350,700,147.14292366012376,17.646946332615386,circular
199,1100,700,184.20068160090534,-85,21.813356630230874,22.793695368992218,-85,1350,700,164.78986999273914,17.646946332615386,circular
200,1100,700,184.20068160090534,-85,25.36180729449956,25.614204328866276,-85,1350,700,182.43681632535453,17.646946332615386,circular
201,1100,700,184.20068160090534,-85,26.077602459396946,26.035130213615616,-85,1350,700,200.0837626579699,17.646946332615386,circular
202,1100,700,184.20068160090534,-85,25.157178905256924,24.788337040832293,-85,1350,700,217.7307089905853,17.646946332615386,circular
203,1100,700,184.20068160090534,-85,20.97742610025735,19.25639156218219,-85,1350,700,235.37765532320068,17.646946332615386,circular
204,1100,700,184.20068160090534,-85,-85,-85,-85,1350,700,253.02460165581607,17.646946332615386,circular
205,1100,700,184.20068160090534,-85,-85,-85,-85,1350,700,270.6715479884315,17.646946332615386,circular
206,1100,700,184.20068160090534,-85,-85,-85,-85,1350,700,288.31849432104684,17.646946332615386,circular
207,1100,700,184.20068160090534,-85,-85,-85,-85,1350,700,305.9654406536622,17.646946332615386,circular
208,1100,700,184.20068160090534,-85,-85,-85,-85,1350,700,323.61238698627756,17.646946332615386,circular
209,1100,700,184.20068160090534,-85,-85,-85,-85,1350,700,341.2593333188929,17.646946332615386,circular
210,1100,700,184.20068160090534,-85,-85,-85,-85,1350,700,358.90627965150827,17.646946332615386,circular
211,1100,700,184.20068160090534,-85,-85,-85,-85,1350,700,16.553225984123628,17.646946332615386,circular
212,1100,700,184.20068160090534,-85,-85,-85,-85,1350,700,34.200172316739014,17.646946332615386,circular
213,1100,700,184.20068160090534,-85,-85,-85,-85,1350,700,51.8471186493544,17.646946332615386,circular
214,1100,700,184.20068160090534,-85,-85,-85,-85,1350,700,69.49406498196979,17.646946332615386,circular
215,1100,700,184.20068160090534,-85,-85,-85,-85,1350,700,87.14101131458517,17.646946332615386,circular
216,1100,700,184.20068160090534,-85,-85,-85,-85,1350,700,104.78795764720056,17.646946332615386,circular
217,1100,700,184.20068160090534,-85,-85,-85,-85,1350,700,122.43490397981594,17.646946332615386,circular
218,1100,700,184.20068160090534,-85,-85,-85,-85,1350,700,140.08185031243133,17.646946332615386,circular
219,1100,700,184.20068160090534,-85,17.513155499392102,19.91435422725632,-85,1350,700,157.7287966450467,17.646946332615386,circular
220,1100,700,184.20068160090534,-85,24.495315191602927,24.92014212493214,-85,1350,700,175.3757429776621,17.646946332615386,circular
221,1100,700,184.20068160090534,-85,25.9816463993744,26.067010357935978,-85,1350,700,193.02268931027749,17.646946332615386,circular
222,1100,700,184.20068160090534,-85,25.7492610641292,25.536951728381826,-85,1350,700,210.66963564289287,17.646946332615386,circular
223,1100,700,184.20068160090534,-85,23.319699537123853,22.496022074683278,-85,1350,700,228.31658197550826,17.646946332615386,circular
224,1100,700,184.20068160090534,-85,-85,-85,-85,1350,700,245.96352830812364,17.646946332615386,circular
225,1100,700,184.20068160090534,-85,-85,-85,-85,1350,700,263.610474640739,17.646946332615386,circular
226,1100,700,184.20068160090534,-85,-85,-85,-85,1350,700,281.25742097335444,17.646946332615386,circular
227,1100,700,184.20068160090534,-85,-85,-85,-85,1350,700,298.9043673059698,17.646946332615386,circular
228,1100,700,184.20068160090534,-85,-85,-85,-85,1350,700,316.55131363858516,17.646946332615386,circular
229,1100,700,184.20068160090534,-85,-85,-85,-85,1350,700,334.1982599712005,17.646946332615386,circular
230,1100,700,184.20068160090534,-85,-85,-85,-85,1350,700,351.84520630381587,17.646946332615386,circular
231,1100,700,184.20068160090534,-85,-85,-85,-85,1350,700,9.492152636431229,17.646946332615386,circular
232,1100,700,184.20068160090534,-85,-85,-85,-85,1350,700,27.139098969046614,17.646946332615386,circular
233,1100,700,184.20068160090534,-85,-85,-85,-85,1350,700,44.786045301662,17.646946332615386,circular
234,1100,700,184.20068160090534,-85,-85,-85,-85,1350,700,62.432991634277386,17.646946332615386,circular
235,1100,700,184.20068160090534,-85,-85,-85,-85,1350,700,80.07993796689277,17.646946332615386,circular
236,1100,700,184.20068160090534,-85,-85,-85,-85,1350,700,97.72688429950816,17.646946332615386,circular
237,1100,700,184.20068160090534,-85,-85,-85,-85,1350,700,115.37383063212354,17.646946332615386,circular
238,1100,700,184.20068160090534,-85,-85,-85,-85,1350,700,133.02077696473893,17.646946332615386,circular
239,1100,700,184.20068160090534,-85,-85,-85,-85,1350,700,150.6677232973543,17.646946332615386,circular
240,1100,700,184.20068160090534,-85,23.06730250275713,23.769789312347285,-85,1350,700,168.3146696299697,17.646946332615386,circular
241,1100,700,184.20068160090534,-85,25.614204328866276,25.859665714847075,-85,1350,700,185.96161596258509,17.646946332615386,circular
242,1100,700,184.20068160090534,-85,26.035130213615616,25.946643644493044,-85,1350,700,203.60856229520047,17.646946332615386,circular
243,1100,700,184.20068160090534,-85,24.646943359767004,24.1582774269213,-85,1350,700,221.25550862781586,17.646946332615386,circular
244,1100,700,184.20068160090534,-85,19.25639156218219,14.513447644213265,-85,1350,700,238.90245496043124,17.646946332615386,circular
245,1100,700,184.20068160090534,-85,-85,-85,-85,1350,700,256.5494012930466,17.646946332615386,circular
246,1100,700,184.20068160090534,-85,-85,-85,-85,1350,700,274.19634762566204,17.646946332615386,circular
247,1100,700,184.20068160090534,-85,-85,-85,-85,1350,700,291.8432939582774,17.646946332615386,circular
248,1100,700,184.20068160090534,-85,-85,-85,-85,1350,700,309.49024029089276,17.646946332615386,circular
249,1100,700,184.20068160090534,-85,-85,-85,-85,1350,700,327.1371866235081,17.646946332615386,circular
250,1100,700,184.20068160090534,-85,-85,-85,-85,1350,700,344.78413295612347,17.646946332615386,circular
251,1100,700,184.20068160090534,-85,-85,-85,-85,1350,700,2.431079288738829,17.646946332615386,circular
252,1100,700,184.20068160090534,-85,-85,-85,-85,1350,700,20.078025621354215,17.646946332615386,circular
253,1100,700,184.20068160090534,-85,-85,-85,-85,1350,700,37.7249719539696,17.646946332615386,circular
254,1100,700,184.20068160090534,-85,-85,-85,-85,1350,700,55.371918286584986,17.646946332615386,circular
255,1100,700,184.20068160090534,-85,-85,-85,-85,1350,700,73.01886461920037,17.646946332615386,circular
256,1100,700,184.20068160090534,-85,-85,-85,-85,1350,700,90.66581095181576,17.646946332615386,circular
257,1100,700,184.20068160090534,-85,-85,-85,-85,1350,700,108.31275728443114,17.646946332615386,circular
258,1100,700,184.20068160090534,-85,-85,-85,-85,1350,700,125.95970361704653,17.646946332615386,circular
259,1100,700,184.20068160090534,-85,-85,-85,-85,1350,700,143.60664994966191,17.646946332615386,circular
260,1100,700,184.20068160090534,-85,20.48098321025059,21.813356630230874,-85,1350,700,161.2535962822773,17.646946332615386,circular
261,1100,700,184.20068160090534,-85,24.92014212493214,25.36180729449956,-85,1350,700,178.9005426148927,17.646946332615386,circular
262,1100,700,184.20068160090534,-85,26.067010357935978,26.077602459396946,-85,1350,700,196.54748894750807,17.646946332615386,circular
263,1100,700,184.20068160090534,-85,25.452908776355446,25.157178905256924,-85,1350,700,214.19443528012346,17.646946332615386,circular
264,1100,700,184.20068160090534,-85,22.496022074683278,21.418119305852123,-85,1350,700,231.84138161273884,17.646946332615386,circular
265,1100,700,184.20068160090534,-85,-85,-85,-85,1350,700,249.48832794535423,17.646946332615386,circular
266,1100,700,184.20068160090534,-85,-85,-85,-85,1350,700,267.13527427796964,17.646946332615386,circular
267,1100,700,184.20068160090534,-85,-85,-85,-85,1350,700,284.782220610585,17.646946332615386,circular
268,1100,700,184.20068160090534,-85,-85,-85,-85,1350,700,302.42916694320036,17.646946332615386,circular
269,1100,700,184.20068160090534,-85,-85,-85,-85,1350,700,320.0761132758157,17.646946332615386,circular
270,1100,700,184.20068160090534,-85,-85,-85,-85,1350,700,337.7230596084311,17.646946332615386,circular
271,1100,700,184.20068160090534,-85,-85,-85,-85,1350,700,355.37000594104643,17.646946332615386,circular
272,1100,700,184.20068160090534,-85,-85,-85,-85,1350,700,13.016952273661786,17.646946332615386,circular
273,1100,700,184.20068160090534,-85,-85,-85,-85,1350,700,30.663898606277172,17.646946332615386,circular
274,1100,700,184.20068160090534,-85,-85,-85,-85,1350,700,48.31084493889256,17.646946332615386,circular
275,1100,700,184.20068160090534,-85,-85,-85,-85,1350,700,65.95779127150794,17.646946332615386,circular
276,1100,700,184.20068160090534,-85,-85,-85,-85,1350,700,83.60473760412333,17.646946332615386,circular
277,1100,700,184.20068160090534,-85,-85,-85,-85,1350,700,101.25168393673871,17.646946332615386,circular
278,1100,700,184.20068160090534,-85,-85,-85,-85,1350,700,118.8986302693541,17.646946332615386,circular
279,1100,700,184.20068160090534,-85,-85,-85,-85,1350,700,136.5455766019695,17.646946332615386,circular
280,1100,700,184.20068160090534,-85,11.505794098357505,17.513155499392102,-85,1350,700,154.19252293458487,17.646946332615386,circular
281,1100,700,184.20068160090534,-85,23.769789312347285,24.33271141113945,-85,1350,700,171.83946926720026,17.646946332615386,circular
282,1100,700,184.20068160090534,-85,25.859665714847075,25.9816463993744,-85,1350,700,189.48641559981564,17.646946332615386,circular
283,1100,700,184.20068160090534,-85,25.946643644493044,25.7492610641292,-85,1350,700,207.13336193243103,17.646946332615386,circular
284,1100,700,184.20068160090534,-85,24.1582774269213,23.553218972269416,-85,1350,700,224.78030826504641,17.646946332615386,circular
285,1100,700,184.20068160090534,-85,14.513447644213265,-85,-85,1350,700,242.4272545976618,17.646946332615386,circular
286,1100,700,184.20068160090534,-85,-85,-85,-85,1350,700,260.0742009302772,17.646946332615386,circular
287,1100,700,184.20068160090534,-85,-85,-85,-85,1350,700,277.7211472628926,17.646946332615386,circular
288,1100,700,184.20068160090534,-85,-85,-85,-85,1350,700,295.36809359550796,17.646946332615386,circular
289,1100,700,184.20068160090534,-85,-85,-85,-85,1350,700,313.0150399281233,17.646946332615386,circular
290,1100,700,184.20068160090534,-85,-85,-85,-85,1350,700,330.6619862607387,17.646946332615386,circular
291,1100,700,184.20068160090534,-85,-85,-85,-85,1350,700,348.30893259335403,17.646946332615386,circular
292,1100,700,184.20068160090534,-85,-85,-85,-85,1350,700,5.955878925969387,17.646946332615386,circular
293,1100,700,184.20068160090534,-85,-85,-85,-85,1350,700,23.602825258584772,17.646946332615386,circular
294,1100,700,184.20068160090534,-85,-85,-85,-85,1350,700,41.24977159120016,17.646946332615386,circular
295,1100,700,184.20068160090534,-85,-85,-85,-85,1350,700,58.896717923815544,17.646946332615386,circular
296,1100,700,184.20068160090534,-85,-85,-85,-85,1350,700,76.54366425643093,17.646946332615386,circular
297,1100,700,184.20068160090534,-85,-85,-85,-85,1350,700,94.19061058904632,17.646946332615386,circular
298,1100,700,184.20068160090534,-85,-85,-85,-85,1350,700,111.8375569216617,17.646946332615386,circular
299,1100,700,184.20068160090534,-85,-85,-85,-85,1350,700,129.4845032542771,17.646946332615386,circular
300,1100,700,184.20068160090534,-85,-85,-85,-85,1350,700,147.13144958689247,17.646946332615386,circular
301,1100,700,184.20068160090534,-85,21.813356630230874,22.793695368992218,-85,1350,700,164.77839591950786,17.646946332615386,circular
302,1100,700,184.20068160090534,-85,25.36180729449956,25.614204328866276,-85,1350,700,182.42534225212324,17.646946332615386,circular
303,1100,700,184.20068160090534,-85,26.077602459396946,26.035130213615616,-85,1350,700,200.07228858473863,17.646946332615386,circular
304,1100,700,184.20068160090534,-85,25.157178905256924,24.788337040832293,-85,1350,700,217.71923491735402,17.646946332615386,circular
305,1100,700,184.20068160090534,-85,20.97742610025735,19.25639156218219,-85,1350,700,235.3661812499694,17.646946332615386,circular
306,1100,700,184.20068160090534,-85,-85,-85,-85,1350,700,253.0131275825848,17.646946332615386,circular
307,1100,700,184.20068160090534,-85,-85,-85,-85,1350,700,270.6600739152002,17.646946332615386,circular
308,1100,700,184.20068160090534,-85,-85,-85,-85,1350,700,288.30702024781556,17.646946332615386,circular
309,1100,700,184.20068160090534,-85,-85,-85,-85,1350,700,305.9539665804309,17.646946332615386,circular
310,1100,700,184.20068160090534,-85,-85,-85,-85,1350,700,323.6009129130463,17.646946332615386,circular
311,1100,700,184.20068160090534,-85,-85,-85,-85,1350,700,341.24785924566163,17.646946332615386,circular
312,1100,700,184.20068160090534,-85,-85,-85,-85,1350,700,358.894805578277,17.646946332615386,circular
313,1100,700,184.20068160090534,-85,-85,-85,-85,1350,700,16.541751910892344,17.646946332615386,circular
314,1100,700,184.20068160090534,-85,-85,-85,-85,1350,700,34.18869824350773,17.646946332615386,circular
315,1100,700,184.20068160090534,-85,-85,-85,-85,1350,700,51.835644576123116,17.646946332615386,circular
316,1100,700,184.20068160090534,-85,-85,-85,-85,1350,700,69.4825909087385,17.646946332615386,circular
317,1100,700,184.20068160090534,-85,-85,-85,-85,1350,700,87.12953724135389,17.646946332615386,circular
318,1100,700,184.20068160090534,-85,-85,-85,-85,1350,700,104.77648357396927,17.646946332615386,circular
319,1100,700,184.20068160090534,-85,-85,-85,-85,1350,700,122.42342990658466,17.646946332615386,circular
320,1100,700,184.20068160090534,-85,-85,-85,-85,1350,700,140.07037623920004,17.646946332615386,circular
321,1100,700,184.20068160090534,-85,17.513155499392102,19.91435422725632,-85,1350,700,157.71732257181543,17.646946332615386,circular
322,1100,700,184.20068160090534,-85,24.495315191602927,24.92014212493214,-85,1350,700,175.36426890443082,17.646946332615386,circular
323,1100,700,184.20068160090534,-85,25.9816463993744,26.067010357935978,-85,1350,700,193.0112152370462,17.646946332615386,circular
324,1100,700,184.20068160090534,-85,25.7492610641292,25.536951728381826,-85,1350,700,210.6581615696616,17.646946332615386,circular
325,1100,700,184.20068160090534,-85,23.319699537123853,22.496022074683278,-85,1350,700,228.30510790227697,17.646946332615386,circular
326,1100,700,184.20068160090534,-85,-85,-85,-85,1350,700,245.95205423489236,17.646946332615386,circular
327,1100,700,184.20068160090534,-85,-85,-85,-85,1350,700,263.59900056750774,17.646946332615386,circular
328,1100,700,184.20068160090534,-85,-85,-85,-85,1350,700,281.24594690012316,17.646946332615386,circular
329,1100,700,184.20068160090534,-85,-85,-85,-85,1350,700,298.8928932327385,17.646946332615386,circular
330,1100,700,184.20068160090534,-85,-85,-85,-85,1350,700,316.5398395653539,17.646946332615386,circular
331,1100,700,184.20068160090534,-85,-85,-85,-85,1350,700,334.18678589796923,17.646946332615386,circular
332,1100,700,184.20068160090534,-85,-85,-85,-85,1350,700,351.8337322305846,17.646946332615386,circular
333,1100,700,184.20068160090534,-85,-85,-85,-85,1350,700,9.480678563199945,17.646946332615386,circular
334,1100,700,184.20068160090534,-85,-85,-85,-85,1350,700,27.12762489581533,17.646946332615386,circular
335,1100,700,184.20068160090534,-85,-85,-85,-85,1350,700,44.774571228430716,17.646946332615386,circular
336,1100,700,184.20068160090534,-85,-85,-85,-85,1350,700,62.4215175610461,17.646946332615386,circular
337,1100,700,184.20068160090534,-85,-85,-85,-85,1350,700,80.06846389366149,17.646946332615386,circular
338,1100,700,184.20068160090534,-85,-85,-85,-85,1350,700,97.71541022627687,17.646946332615386,circular
339,1100,700,184.20068160090534,-85,-85,-85,-85,1350,700,115.36235655889226,17.646946332615386,circular
340,1100,700,184.20068160090534,-85,-85,-85,-85,1350,700,133.00930289150764,17.646946332615386,circular
341,1100,700,184.20068160090534,-85,-85,-85,-85,1350,700,150.65624922412303,17.646946332615386,circular
342,1100,700,184.20068160090534,-85,23.06730250275713,23.769789312347285,-85,1350,700,168.30319555673842,17.646946332615386,circular
343,1100,700,184.20068160090534,-85,25.614204328866276,25.859665714847075,-85,1350,700,185.9501418893538,17.646946332615386,circular
344,1100,700,184.20068160090534,-85,26.035130213615616,25.946643644493044,-85,1350,700,203.5970882219692,17.646946332615386,circular
345,1100,700,184.20068160090534,-85,24.646943359767004,24.1582774269213,-85,1350,700,221.24403455458457,17.646946332615386,circular
346,1100,700,184.20068160090534,-85,19.25639156218219,14.513447644213265,-85,1350,700,238.89098088719996,17.646946332615386,circular
347,1100,700,184.20068160090534,-85,-85,-85,-85,1350,700,256.53792721981534,17.646946332615386,circular
348,1100,700,184.20068160090534,-85,-85,-85,-85,1350,700,274.18487355243076,17.646946332615386,circular
349,1100,700,184.20068160090534,-85,-85,-85,-85,1350,700,291.8318198850461,17.646946332615386,circular
350,1100,700,184.20068160090534,-85,-85,-85,-85,1350,700,309.4787662176615,17.646946332615386,circular
351,1100,700,184.20068160090534,-85,-85,-85,-85,1350,700,327.12571255027683,17.646946332615386,circular
352,1100,700,184.20068160090534,-85,-85,-85,-85,1350,700,344.7726588828922,17.646946332615386,circular
353,1100,700,184.20068160090534,-85,-85,-85,-85,1350,700,2.419605215507545,17.646946332615386,circular
354,1100,700,184.20068160090534,-85,-85,-85,-85,1350,700,20.06655154812293,17.646946332615386,circular
355,1100,700,184.20068160090534,-85,-85,-85,-85,1350,700,37.713497880738316,17.646946332615386,circular
356,1100,700,184.20068160090534,-85,-85,-85,-85,1350,700,55.3604442133537,17.646946332615386,circular
357,1100,700,184.20068160090534,-85,-85,-85,-85,1350,700,73.00739054596909,17.646946332615386,circular
358,1100,700,184.20068160090534,-85,-85,-85,-85,1350,700,90.65433687858447,17.646946332615386,circular
359,1100,700,184.20068160090534,-85,-85,-85,-85,1350,700,108.30128321119986,17.646946332615386,circular
360,1100,700,184.20068160090534,-85,-85,-85,-85,1350,700,125.94822954381524,17.646946332615386,circular
361,1100,700,184.20068160090534,-85,-85,-85,-85,1350,700,143.59517587643063,17.646946332615386,circular
362,1100,700,184.20068160090534,-85,20.48098321025059,21.813356630230874,-85,1350,700,161.24212220904602,17.646946332615386,circular
363,1100,700,184.20068160090534,-85,24.92014212493214,25.36180729449956,-85,1350,700,178.8890685416614,17.646946332615386,circular
364,1100,700,184.20068160090534,-85,26.067010357935978,26.077602459396946,-85,1350,700,196.5360148742768,17.646946332615386,circular
365,1100,700,184.20068160090534,-85,25.536951728381826,25.157178905256924,-85,1350,700,214.18296120689217,17.646946332615386,circular
366,1100,700,184.20068160090534,-85,22.496022074683278,21.418119305852123,-85,1350,700,231.82990753950756,17.646946332615386,circular
367,1100,700,184.20068160090534,-85,-85,-85,-85,1350,700,249.47685387212294,17.646946332615386,circular
368,1100,700,184.20068160090534,-85,-85,-85,-85,1350,700,267.12380020473836,17.646946332615386,circular
369,1100,700,184.20068160090534,-85,-85,-85,-85,1350,700,284.7707465373537,17.646946332615386,circular
370,1100,700,184.20068160090534,-85,-85,-85,-85,1350,700,302.4176928699691,17.646946332615386,circular
371,1100,700,184.20068160090534,-85,-85,-85,-85,1350,700,320.06463920258443,17.646946332615386,circular
372,1100,700,184.20068160090534,-85,-85,-85,-85,1350,700,337.7115855351998,17.646946332615386,circular
373,1100,700,184.20068160090534,-85,-85,-85,-85,1350,700,355.35853186781515,17.646946332615386,circular
374,1100,700,184.20068160090534,-85,-85,-85,-85,1350,700,13.005478200430503,17.646946332615386,circular
375,1100,700,184.20068160090534,-85,-85,-85,-85,1350,700,30.652424533045888,17.646946332615386,circular
376,1100,700,184.20068160090534,-85,-85,-85,-85,1350,700,48.299370865661274,17.646946332615386,circular
377,1100,700,184.20068160090534,-85,-85,-85,-85,1350,700,65.94631719827666,17.646946332615386,circular
378,1100,700,184.20068160090534,-85,-85,-85,-85,1350,700,83.59326353089205,17.646946332615386,circular
379,1100,700,184.20068160090534,-85,-85,-85,-85,1350,700,101.24020986350743,17.646946332615386,circular
380,1100,700,184.20068160090534,-85,-85,-85,-85,1350,700,118.88715619612282,17.646946332615386,circular
381,1100,700,184.20068160090534,-85,-85,-85,-85,1350,700,136.5341025287382,17.646946332615386,circular
382,1100,700,184.20068160090534,-85,-85,17.513155499392102,-85,1350,700,154.1810488613536,17.646946332615386,circular
383,1100,700,184.20068160090534,-85,23.769789312347285,24.33271141113945,-85,1350,700,171.82799519396897,17.646946332615386,circular
384,1100,700,184.20068160090534,-85,25.859665714847075,25.9816463993744,-85,1350,700,189.47494152658436,17.646946332615386,circular
385,1100,700,184.20068160090534,-85,25.946643644493044,25.7492610641292,-85,1350,700,207.12188785919975,17.646946332615386,circular
386,1100,700,184.20068160090534,-85,24.1582774269213,23.553218972269416,-85,1350,700,224.76883419181513,17.646946332615386,circular
387,1100,700,184.20068160090534,-85,14.513447644213265,-85,-85,1350,700,242.41578052443052,17.646946332615386,circular
388,1100,700,184.20068160090534,-85,-85,-85,-85,1350,700,260.0627268570459,17.646946332615386,circular
389,1100,700,184.20068160090534,-85,-85,-85,-85,1350,700,277.7096731896613,17.646946332615386,circular
390,1100,700,184.20068160090534,-85,-85,-85,-85,1350,700,295.3566195222767,17.646946332615386,circular
391,1100,700,184.20068160090534,-85,-85,-85,-85,1350,700,313.00356585489203,17.646946332615386,circular
392,1100,700,184.20068160090534,-85,-85,-85,-85,1350,700,330.6505121875074,17.646946332615386,circular
393,1100,700,184.20068160090534,-85,-85,-85,-85,1350,700,348.29745852012275,17.646946332615386,circular
394,1100,700,184.20068160090534,-85,-85,-85,-85,1350,700,5.944404852738103,17.646946332615386,circular
395,1100,700,184.20068160090534,-85,-85,-85,-85,1350,700,23.59135118535349,17.646946332615386,circular
396,1100,700,184.20068160090534,-85,-85,-85,-85,1350,700,41.238297517968874,17.646946332615386,circular
397,1100,700,184.20068160090534,-85,-85,-85,-85,1350,700,58.88524385058426,17.646946332615386,circular
398,1100,700,184.20068160090534,-85,-85,-85,-85,1350,700,76.53219018319965,17.646946332615386,circular
399,1100,700,184.20068160090534,-85,-85,-85,-85,1350,700,94.17913651581503,17.646946332615386,circular
400,1100,700,184.20068160090534,-85,-85,-85,-85,1350,700,111.82608284843042,17.646946332615386,circular
401,1100,700,184.20068160090534,-85,-85,-85,-85,1350,700,129.4730291810458,17.646946332615386,circular
402,1100,700,184.20068160090534,-85,-85,-85,-85,1350,700,147.1199755136612,17.646946332615386,circular
403,1100,700,184.20068160090534,-85,21.813356630230874,22.793695368992218,-85,1350,700,164.76692184627657,17.646946332615386,circular
404,1100,700,184.20068160090534,-85,25.36180729449956,25.614204328866276,-85,1350,700,182.41386817889196,17.646946332615386,circular
405,1100,700,184.20068160090534,-85,26.077602459396946,26.035130213615616,-85,1350,700,200.06081451150735,17.646946332615386,circular
406,1100,700,184.20068160090534,-85,25.157178905256924,24.788337040832293,-85,1350,700,217.70776084412273,17.646946332615386,circular
407,1100,700,184.20068160090534,-85,20.97742610025735,19.25639156218219,-85,1350,700,235.35470717673812,17.646946332615386,circular
408,1100,700,184.20068160090534,-85,-85,-85,-85,1350,700,253.0016535093535,17.646946332615386,circular
409,1100,700,184.20068160090534,-85,-85,-85,-85,1350,700,270.6485998419689,17.646946332615386,circular
410,1100,700,184.20068160090534,-85,-85,-85,-85,1350,700,288.2955461745843,17.646946332615386,circular
411,1100,700,184.20068160090534,-85,-85,-85,-85,1350,700,305.94249250719963,17.646946332615386,circular
412,1100,700,184.20068160090534,-85,-85,-85,-85,1350,700,323.589438839815,17.646946332615386,circular
413,1100,700,184.20068160090534,-85,-85,-85,-85,1350,700,341.23638517243035,17.646946332615386,circular
414,1100,700,184.20068160090534,-85,-85,-85,-85,1350,700,358.8833315050457,17.646946332615386,circular
415,1100,700,184.20068160090534,-85,-85,-85,-85,1350,700,16.53027783766106,17.646946332615386,circular
416,1100,700,184.20068160090534,-85,-85,-85,-85,1350,700,34.177224170276446,17.646946332615386,circular
417,1100,700,184.20068160090534,-85,-85,-85,-85,1350,700,51.82417050289183,17.646946332615386,circular
418,1100,700,184.20068160090534,-85,-85,-85,-85,1350,700,69.47111683550722,17.646946332615386,circular
419,1100,700,184.20068160090534,-85,-85,-85,-85,1350,700,87.1180631681226,17.646946332615386,circular
420,1100,700,184.20068160090534,-85,-85,-85,-85,1350,700,104.76500950073799,17.646946332615386,circular
421,1100,700,184.20068160090534,-85,-85,-85,-85,1350,700,122.41195583335337,17.646946332615386,circular
422,1100,700,184.20068160090534,-85,-85,-85,-85,1350,700,140.05890216596876,17.646946332615386,circular
423,1100,700,184.20068160090534,-85,17.513155499392102,19.91435422725632,-85,1350,700,157.70584849858415,17.646946332615386,circular
424,1100,700,184.20068160090534,-85,24.495315191602927,24.92014212493214,-85,1350,700,175.35279483119953,17.646946332615386,circular
425,1100,700,184.20068160090534,-85,25.9816463993744,26.067010357935978,-85,1350,700,192.99974116381492,17.646946332615386,circular
426,1100,700,184.20068160090534,-85,25.7492610641292,25.536951728381826,-85,1350,700,210.6466874964303,17.646946332615386,circular
427,1100,700,184.20068160090534,-85,23.319699537123853,22.496022074683278,-85,1350,700,228.2936338290457,17.646946332615386,circular
428,1100,700,184.20068160090534,-85,-85,-85,-85,1350,700,245.94058016166107,17.646946332615386,circular
429,1100,700,184.20068160090534,-85,-85,-85,-85,1350,700,263.58752649427646,17.646946332615386,circular
430,1100,700,184.20068160090534,-85,-85,-85,-85,1350,700,281.2344728268919,17.646946332615386,circular
431,1100,700,184.20068160090534,-85,-85,-85,-85,1350,700,298.88141915950723,17.646946332615386,circular
432,1100,700,184.20068160090534,-85,-85,-85,-85,1350,700,316.5283654921226,17.646946332615386,circular
433,1100,700,184.20068160090534,-85,-85,-85,-85,1350,700,334.17531182473795,17.646946332615386,circular
434,1100,700,184.20068160090534,-85,-85,-85,-85,1350,700,351.8222581573533,17.646946332615386,circular
435,1100,700,184.20068160090534,-85,-85,-85,-85,1350,700,9.46920448996866,17.646946332615386,circular
436,1100,700,184.20068160090534,-85,-85,-85,-85,1350,700,27.116150822584046,17.646946332615386,circular
437,1100,700,184.20068160090534,-85,-85,-85,-85,1350,700,44.76309715519943,17.646946332615386,circular
438,1100,700,184.20068160090534,-85,-85,-85,-85,1350,700,62.41004348781482,17.646946332615386,circular
439,1100,700,184.20068160090534,-85,-85,-85,-85,1350,700,80.0569898204302,17.646946332615386,circular
440,1100,700,184.20068160090534,-85,-85,-85,-85,1350,700,97.70393615304559,17.646946332615386,circular
441,1100,700,184.20068160090534,-85,-85,-85,-85,1350,700,115.35088248566097,17.646946332615386,circular
442,1100,700,184.20068160090534,-85,-85,-85,-85,1350,700,132.99782881827636,17.646946332615386,circular
443,1100,700,184.20068160090534,-85,-85,-85,-85,1350,700,150.64477515089175,17.646946332615386,circular
444,1100,700,184.20068160090534,-85,23.06730250275713,23.769789312347285,-85,1350,700,168.29172148350713,17.646946332615386,circular
445,1100,700,184.20068160090534,-85,25.614204328866276,25.859665714847075,-85,1350,700,185.93866781612252,17.646946332615386,circular
446,1100,700,184.20068160090534,-85,26.035130213615616,25.946643644493044,-85,1350,700,203.5856141487379,17.646946332615386,circular
447,1100,700,184.20068160090534,-85,24.646943359767004,24.1582774269213,-85,1350,700,221.2325604813533,17.646946332615386,circular
448,1100,700,184.20068160090534,-85,19.25639156218219,14.513447644213265,-85,1350,700,238.87950681396867,17.646946332615386,circular
449,1100,700,184.20068160090534,-85,-85,-85,-85,1350,700,256.52645314658406,17.646946332615386,circular
450,1100,700,184.20068160090534,-85,-85,-85,-85,1350,700,274.1733994791995,17.646946332615386,circular
451,1100,700,184.20068160090534,-85,-85,-85,-85,1350,700,291.82034581181483,17.646946332615386,circular
452,1100,700,184.20068160090534,-85,-85,-85,-85,1350,700,309.4672921444302,17.646946332615386,circular
453,1100,700,184.20068160090534,-85,-85,-85,-85,1350,700,327.11423847704555,17.646946332615386,circular
454,1100,700,184.20068160090534,-85,-85,-85,-85,1350,700,344.7611848096609,17.646946332615386,circular
455,1100,700,184.20068160090534,-85,-85,-85,-85,1350,700,2.408131142276261,17.646946332615386,circular
456,1100,700,184.20068160090534,-85,-85,-85,-85,1350,700,20.055077474891647,17.646946332615386,circular
457,1100,700,184.20068160090534,-85,-85,-85,-85,1350,700,37.70202380750703,17.646946332615386,circular
458,1100,700,184.20068160090534,-85,-85,-85,-85,1350,700,55.34897014012242,17.646946332615386,circular
459,1100,700,184.20068160090534,-85,-85,-85,-85,1350,700,72.9959164727378,17.646946332615386,circular
460,1100,700,184.20068160090534,-85,-85,-85,-85,1350,700,90.64286280535319,17.646946332615386,circular
461,1100,700,184.20068160090534,-85,-85,-85,-85,1350,700,108.28980913796858,17.646946332615386,circular
462,1100,700,184.20068160090534,-85,-85,-85,-85,1350,700,125.93675547058396,17.646946332615386,circular
463,1100,700,184.20068160090534,-85,-85,-85,-85,1350,700,143.58370180319935,17.646946332615386,circular
464,1100,700,184.20068160090534,-85,20.48098321025059,21.813356630230874,-85,1350,700,161.23064813581473,17.646946332615386,circular
465,1100,700,184.20068160090534,-85,24.92014212493214,25.36180729449956,-85,1350,700,178.87759446843012,17.646946332615386,circular
466,1100,700,184.20068160090534,-85,26.067010357935978,26.077602459396946,-85,1350,700,196.5245408010455,17.646946332615386,circular
467,1100,700,184.20068160090534,-85,25.536951728381826,25.157178905256924,-85,1350,700,214.1714871336609,17.646946332615386,circular
468,1100,700,184.20068160090534,-85,22.496022074683278,21.418119305852123,-85,1350,700,231.81843346627628,17.646946332615386,circular
469,1100,700,184.20068160090534,-85,-85,-85,-85,1350,700,249.46537979889166,17.646946332615386,circular
470,1100,700,184.20068160090534,-85,-85,-85,-85,1350,700,267.1123261315071,17.646946332615386,circular
471,1100,700,184.20068160090534,-85,-85,-85,-85,1350,700,284.75927246412243,17.646946332615386,circular
472,1100,700,184.20068160090534,-85,-85,-85,-85,1350,700,302.4062187967378,17.646946332615386,circular
473,1100,700,184.20068160090534,-85,-85,-85,-85,1350,700,320.05316512935315,17.646946332615386,circular
474,1100,700,184.20068160090534,-85,-85,-85,-85,1350,700,337.7001114619685,17.646946332615386,circular
475,1100,700,184.20068160090534,-85,-85,-85,-85,1350,700,355.34705779458386,17.646946332615386,circular
476,1100,700,184.20068160090534,-85,-85,-85,-85,1350,700,12.994004127199219,17.646946332615386,circular
477,1100,700,184.20068160090534,-85,-85,-85,-85,1350,700,30.640950459814604,17.646946332615386,circular
478,1100,700,184.20068160090534,-85,-85,-85,-85,1350,700,48.28789679242999,17.646946332615386,circular
479,1100,700,184.20068160090534,-85,-85,-85,-85,1350,700,65.93484312504538,17.646946332615386,circular
480,1100,700,184.20068160090534,-85,-85,-85,-85,1350,700,83.58178945766076,17.646946332615386,circular
481,1100,700,184.20068160090534,-85,-85,-85,-85,1350,700,101.22873579027615,17.646946332615386,circular
482,1100,700,184.20068160090534,-85,-85,-85,-85,1350,700,118.87568212289153,17.646946332615386,circular
483,1100,700,184.20068160090534,-85,-85,-85,-85,1350,700,136.52262845550692,17.646946332615386,circular
484,1100,700,184.20068160090534,-85,-85,17.513155499392102,-85,1350,700,154.1695747881223,17.646946332615386,circular
485,1100,700,184.20068160090534,-85,23.769789312347285,24.33271141113945,-85,1350,700,171.8165211207377,17.646946332615386,circular
486,1100,700,184.20068160090534,-85,25.859665714847075,25.9816463993744,-85,1350,700,189.46346745335308,17.646946332615386,circular
487,1100,700,184.20068160090534,-85,25.946643644493044,25.7492610641292,-85,1350,700,207.11041378596846,17.646946332615386,circular
488,1100,700,184.20068160090534,-85,24.1582774269213,23.553218972269416,-85,1350,700,224.75736011858385,17.646946332615386,circular
489,1100,700,184.20068160090534,-85,14.513447644213265,-85,-85,1350,700,242.40430645119923,17.646946332615386,circular
490,1100,700,184.20068160090534,-85,-85,-85,-85,1350,700,260.0512527838146,17.646946332615386,circular
491,1100,700,184.20068160090534,-85,-85,-85,-85,1350,700,277.69819911643003,17.646946332615386,circular
492,1100,700,184.20068160090534,-85,-85,-85,-85,1350,700,295.3451454490454,17.646946332615386,circular
493,1100,700,184.20068160090534,-85,-85,-85,-85,1350,700,312.99209178166075,17.646946332615386,circular
494,1100,700,184.20068160090534,-85,-85,-85,-85,1350,700,330.6390381142761,17.646946332615386,circular
495,1100,700,184.20068160090534,-85,-85,-85,-85,1350,700,348.28598444689146,17.646946332615386,circular
496,1100,700,184.20068160090534,-85,-85,-85,-85,1350,700,5.932930779506819,17.646946332615386,circular
497,1100,700,184.20068160090534,-85,-85,-85,-85,1350,700,23.579877112122205,17.646946332615386,circular
498,1100,700,184.20068160090534,-85,-85,-85,-85,1350,700,41.22682344473759,17.646946332615386,circular
499,1100,700,184.20068160090534,-85,-85,-85,-85,1350,700,58.873769777352976,17.646946332615386,circular
500,1100,700,184.20068160090534,-85,-85,-85,-85,1350,700,76.52071610996836,17.646946332615386,circular
501,1100,700,184.20068160090534,-85,-85,-85,-85,1350,700,94.16766244258375,17.646946332615386,circular
502,1100,700,184.20068160090534,-85,-85,-85,-85,1350,700,111.81460877519913,17.646946332615386,circular
503,1100,700,184.20068160090534,-85,-85,-85,-85,1350,700,129.46155510781452,17.646946332615386,circular
504,1100,700,184.20068160090534,-85,-85,-85,-85,1350,700,147.1085014404299,17.646946332615386,circular
505,1100,700,184.20068160090534,-85,21.813356630230874,22.793695368992218,-85,1350,700,164.7554477730453,17.646946332615386,circular
506,1100,700,184.20068160090534,-85,25.36180729449956,25.614204328866276,-85,1350,700,182.40239410566068,17.646946332615386,circular
507,1100,700,184.20068160090534,-85,26.077602459396946,26.035130213615616,-85,1350,700,200.04934043827606,17.646946332615386,circular
508,1100,700,184.20068160090534,-85,25.157178905256924,24.788337040832293,-85,1350,700,217.69628677089145,17.646946332615386,circular
509,1100,700,184.20068160090534,-85,20.97742610025735,19.25639156218219,-85,1350,700,235.34323310350683,17.646946332615386,circular
510,1100,700,184.20068160090534,-85,-85,-85,-85,1350,700,252.99017943612222,17.646946332615386,circular
511,1100,700,184.20068160090534,-85,-85,-85,-85,1350,700,270.63712576873763,17.646946332615386,circular
512,1100,700,184.20068160090534,-85,-85,-85,-85,1350,700,288.284072101353,17.646946332615386,circular
513,1100,700,184.20068160090534,-85,-85,-85,-85,1350,700,305.93101843396835,17.646946332615386,circular
514,1100,700,184.20068160090534,-85,-85,-85,-85,1350,700,323.5779647665837,17.646946332615386,circular
515,1100,700,184.20068160090534,-85,-85,-85,-85,1350,700,341.22491109919906,17.646946332615386,circular
516,1100,700,184.20068160090534,-85,-85,-85,-85,1350,700,358.8718574318144,17.646946332615386,circular
517,1100,700,184.20068160090534,-85,-85,-85,-85,1350,700,16.518803764429776,17.646946332615386,circular
518,1100,700,184.20068160090534,-85,-85,-85,-85,1350,700,34.16575009704516,17.646946332615386,circular
519,1100,700,184.20068160090534,-85,-85,-85,-85,1350,700,51.81269642966055,17.646946332615386,circular
520,1100,700,184.20068160090534,-85,-85,-85,-85,1350,700,69.45964276227593,17.646946332615386,circular
521,1100,700,184.20068160090534,-85,-85,-85,-85,1350,700,87.10658909489132,17.646946332615386,circular
522,1100,700,184.20068160090534,-85,-85,-85,-85,1350,700,104.7535354275067,17.646946332615386,circular
523,1100,700,184.20068160090534,-85,-85,-85,-85,1350,700,122.40048176012209,17.646946332615386,circular
524,1100,700,184.20068160090534,-85,-85,-85,-85,1350,700,140.04742809273748,17.646946332615386,circular
525,1100,700,184.20068160090534,-85,17.513155499392102,19.91435422725632,-85,1350,700,157.69437442535286,17.646946332615386,circular
526,1100,700,184.20068160090534,-85,24.495315191602927,24.92014212493214,-85,1350,700,175.34132075796825,17.646946332615386,circular
527,1100,700,184.20068160090534,-85,25.9816463993744,26.067010357935978,-85,1350,700,192.98826709058363,17.646946332615386,circular
528,1100,700,184.20068160090534,-85,25.7492610641292,25.536951728381826,-85,1350,700,210.63521342319902,17.646946332615386,circular
529,1100,700,184.20068160090534,-85,23.319699537123853,22.496022074683278,-85,1350,700,228.2821597558144,17.646946332615386,circular
530,1100,700,184.20068160090534,-85,-85,-85,-85,1350,700,245.9291060884298,17.646946332615386,circular
531,1100,700,184.20068160090534,-85,-85,-85,-85,1350,700,263.5760524210452,17.646946332615386,circular
532,1100,700,184.20068160090534,-85,-85,-85,-85,1350,700,281.2229987536606,17.646946332615386,circular
533,1100,700,184.20068160090534,-85,-85,-85,-85,1350,700,298.86994508627595,17.646946332615386,circular
534,1100,700,184.20068160090534,-85,-85,-85,-85,1350,700,316.5168914188913,17.646946332615386,circular
535,1100,700,184.20068160090534,-85,-85,-85,-85,1350,700,334.16383775150666,17.646946332615386,circular
536,1100,700,184.20068160090534,-85,-85,-85,-85,1350,700,351.810784084122,17.646946332615386,circular
537,1100,700,184.20068160090534,-85,-85,-85,-85,1350,700,9.457730416737377,17.646946332615386,circular
538,1100,700,184.20068160090534,-85,-85,-85,-85,1350,700,27.104676749352762,17.646946332615386,circular
539,1100,700,184.20068160090534,-85,-85,-85,-85,1350,700,44.75162308196815,17.646946332615386,circular
540,1100,700,184.20068160090534,-85,-85,-85,-85,1350,700,62.398569414583534,17.646946332615386,circular
541,1100,700,184.20068160090534,-85,-85,-85,-85,1350,700,80.04551574719892,17.646946332615386,circular
542,1100,700,184.20068160090534,-85,-85,-85,-85,1350,700,97.6924620798143,17.646946332615386,circular
543,1100,700,184.20068160090534,-85,-85,-85,-85,1350,700,115.33940841242969,17.646946332615386,circular
544,1100,700,184.20068160090534,-85,-85,-85,-85,1350,700,132.98635474504508,17.646946332615386,circular
545,1100,700,184.20068160090534,-85,-85,-85,-85,1350,700,150.63330107766046,17.646946332615386,circular
546,1100,700,184.20068160090534,-85,23.06730250275713,23.769789312347285,-85,1350,700,168.28024741027585,17.646946332615386,circular
547,1100,700,184.20068160090534,-85,25.614204328866276,25.859665714847075,-85,1350,700,185.92719374289123,17.646946332615386,circular
548,1100,700,184.20068160090534,-85,26.035130213615616,25.946643644493044,-85,1350,700,203.57414007550662,17.646946332615386,circular
549,1100,700,184.20068160090534,-85,24.646943359767004,24.1582774269213,-85,1350,700,221.221086408122,17.646946332615386,circular
550,1100,700,184.20068160090534,-85,19.25639156218219,14.513447644213265,-85,1350,700,238.8680327407374,17.646946332615386,circular
551,1100,700,184.20068160090534,-85,-85,-85,-85,1350,700,256.5149790733528,17.646946332615386,circular
552,1100,700,184.20068160090534,-85,-85,-85,-85,1350,700,274.1619254059682,17.646946332615386,circular
553,1100,700,184.20068160090534,-85,-85,-85,-85,1350,700,291.80887173858355,17.646946332615386,circular
554,1100,700,184.20068160090534,-85,-85,-85,-85,1350,700,309.4558180711989,17.646946332615386,circular
555,1100,700,184.20068160090534,-85,-85,-85,-85,1350,700,327.10276440381426,17.646946332615386,circular
556,1100,700,184.20068160090534,-85,-85,-85,-85,1350,700,344.7497107364296,17.646946332615386,circular
557,1100,700,184.20068160090534,-85,-85,-85,-85,1350,700,2.396657069044977,17.646946332615386,circular
558,1100,700,184.20068160090534,-85,-85,-85,-85,1350,700,20.043603401660363,17.646946332615386,circular
559,1100,700,184.20068160090534,-85,-85,-85,-85,1350,700,37.69054973427575,17.646946332615386,circular
560,1100,700,184.20068160090534,-85,-85,-85,-85,1350,700,55.337496066891134,17.646946332615386,circular
561,1100,700,184.20068160090534,-85,-85,-85,-85,1350,700,72.98444239950652,17.646946332615386,circular
562,1100,700,184.20068160090534,-85,-85,-85,-85,1350,700,90.6313887321219,17.646946332615386,circular
563,1100,700,184.20068160090534,-85,-85,-85,-85,1350,700,108.27833506473729,17.646946332615386,circular
564,1100,700,184.20068160090534,-85,-85,-85,-85,1350,700,125.92528139735268,17.646946332615386,circular
565,1100,700,184.20068160090534,-85,-85,-85,-85,1350,700,143.57222772996806,17.646946332615386,circular
566,1100,700,184.20068160090534,-85,20.48098321025059,21.813356630230874,-85,1350,700,161.21917406258345,17.646946332615386,circular
567,1100,700,184.20068160090534,-85,24.92014212493214,25.36180729449956,-85,1350,700,178.86612039519883,17.646946332615386,circular
568,1100,700,184.20068160090534,-85,26.067010357935978,26.077602459396946,-85,1350,700,196.51306672781422,17.646946332615386,circular
569,1100,700,184.20068160090534,-85,25.536951728381826,25.157178905256924,-85,1350,700,214.1600130604296,17.646946332615386,circular
570,1100,700,184.20068160090534,-85,22.496022074683278,21.418119305852123,-85,1350,700,231.806959393045,17.646946332615386,circular
571,1100,700,184.20068160090534,-85,-85,-85,-85,1350,700,249.45390572566038,17.646946332615386,circular
572,1100,700,184.20068160090534,-85,-85,-85,-85,1350,700,267.1008520582758,17.646946332615386,circular
573,1100,700,184.20068160090534,-85,-85,-85,-85,1350,700,284.74779839089115,17.646946332615386,circular
574,1100,700,184.20068160090534,-85,-85,-85,-85,1350,700,302.3947447235065,17.646946332615386,circular
575,1100,700,184.20068160090534,-85,-85,-85,-85,1350,700,320.04169105612186,17.646946332615386,circular
576,1100,700,184.20068160090534,-85,-85,-85,-85,1350,700,337.6886373887372,17.646946332615386,circular
577,1100,700,184.20068160090534,-85,-85,-85,-85,1350,700,355.3355837213526,17.646946332615386,circular
578,1100,700,184.20068160090534,-85,-85,-85,-85,1350,700,12.982530053967935,17.646946332615386,circular
579,1100,700,184.20068160090534,-85,-85,-85,-85,1350,700,30.62947638658332,17.646946332615386,circular
580,1100,700,184.20068160090534,-85,-85,-85,-85,1350,700,48.276422719198706,17.646946332615386,circular
581,1100,700,184.20068160090534,-85,-85,-85,-85,1350,700,65.92336905181409,17.646946332615386,circular
582,1100,700,184.20068160090534,-85,-85,-85,-85,1350,700,83.57031538442948,17.646946332615386,circular
583,1100,700,184.20068160090534,-85,-85,-85,-85,1350,700,101.21726171704486,17.646946332615386,circular
584,1100,700,184.20068160090534,-85,-85,-85,-85,1350,700,118.86420804966025,17.646946332615386,circular
585,1100,700,184.20068160090534,-85,-85,-85,-85,1350,700,136.51115438227563,17.646946332615386,circular
586,1100,700,184.20068160090534,-85,-85,17.513155499392102,-85,1350,700,154.15810071489102,17.646946332615386,circular
587,1100,700,184.20068160090534,-85,23.769789312347285,24.33271141113945,-85,1350,700,171.8050470475064,17.646946332615386,circular
588,1100,700,184.20068160090534,-85,25.859665714847075,25.9816463993744,-85,1350,700,189.4519933801218,17.646946332615386,circular
589,1100,700,184.20068160090534,-85,25.946643644493044,25.7492610641292,-85,1350,700,207.09893971273718,17.646946332615386,circular
590,1100,700,184.20068160090534,-85,24.1582774269213,23.553218972269416,-85,1350,700,224.74588604535256,17.646946332615386,circular
591,1100,700,184.20068160090534,-85,14.513447644213265,-85,-85,1350,700,242.39283237796795,17.646946332615386,circular
592,1100,700,184.20068160090534,-85,-85,-85,-85,1350,700,260.03977871058333,17.646946332615386,circular
593,1100,700,184.20068160090534,-85,-85,-85,-85,1350,700,277.68672504319875,17.646946332615386,circular
594,1100,700,184.20068160090534,-85,-85,-85,-85,1350,700,295.3336713758141,17.646946332615386,circular
595,1100,700,184.20068160090534,-85,-85,-85,-85,1350,700,312.98061770842946,17.646946332615386,circular
596,1100,700,184.20068160090534,-85,-85,-85,-85,1350,700,330.6275640410448,17.646946332615386,circular
597,1100,700,184.20068160090534,-85,-85,-85,-85,1350,700,348.2745103736602,17.646946332615386,circular
598,1100,700,184.20068160090534,-85,-85,-85,-85,1350,700,5.921456706275535,17.646946332615386,circular
599,1100,700,184.20068160090534,-85,-85,-85,-85,1350,700,23.56840303889092,17.646946332615386,circular
600,1100,700,184.20068160090534,-85,-85,-85,-85,1350,700,41.215349371506306,17.646946332615386,circular
601,1100,700,184.20068160090534,-85,-85,-85,-85,1350,700,58.86229570412169,17.646946332615386,circular
602,1100,700,184.20068160090534,-85,-85,-85,-85,1350,700,76.50924203673708,17.646946332615386,circular
603,1100,700,184.20068160090534,-85,-85,-85,-85,1350,700,94.15618836935246,17.646946332615386,circular
604,1100,700,184.20068160090534,-85,-85,-85,-85,1350,700,111.80313470196785,17.646946332615386,circular
605,1100,700,184.20068160090534,-85,-85,-85,-85,1350,700,129.45008103458323,17.646946332615386,circular
606,1100,700,184.20068160090534,-85,-85,-85,-85,1350,700,147.09702736719862,17.646946332615386,circular
607,1100,700,184.20068160090534,-85,21.813356630230874,22.793695368992218,-85,1350,700,164.743973699814,17.646946332615386,circular
608,1100,700,184.20068160090534,-85,25.36180729449956,25.614204328866276,-85,1350,700,182.3909200324294,17.646946332615386,circular
609,1100,700,184.20068160090534,-85,26.077602459396946,26.035130213615616,-85,1350,700,200.03786636504478,17.646946332615386,circular
610,1100,700,184.20068160090534,-85,25.157178905256924,24.788337040832293,-85,1350,700,217.68481269766016,17.646946332615386,circular
611,1100,700,184.20068160090534,-85,20.97742610025735,19.25639156218219,-85,1350,700,235.33175903027555,17.646946332615386,circular
612,1100,700,184.20068160090534,-85,-85,-85,-85,1350,700,252.97870536289093,17.646946332615386,circular
613,1100,700,184.20068160090534,-85,-85,-85,-85,1350,700,270.62565169550635,17.646946332615386,circular
614,1100,700,184.20068160090534,-85,-85,-85,-85,1350,700,288.2725980281217,17.646946332615386,circular
615,1100,700,184.20068160090534,-85,-85,-85,-85,1350,700,305.91954436073706,17.646946332615386,circular
616,1100,700,184.20068160090534,-85,-85,-85,-85,1350,700,323.5664906933524,17.646946332615386,circular
617,1100,700,184.20068160090534,-85,-85,-85,-85,1350,700,341.2134370259678,17.646946332615386,circular
618,1100,700,184.20068160090534,-85,-85,-85,-85,1350,700,358.86038335858314,17.646946332615386,circular
619,1100,700,184.20068160090534,-85,-85,-85,-85,1350,700,16.507329691198493,17.646946332615386,circular
620,1100,700,184.20068160090534,-85,-85,-85,-85,1350,700,34.15427602381388,17.646946332615386,circular
621,1100,700,184.20068160090534,-85,-85,-85,-85,1350,700,51.801222356429264,17.646946332615386,circular
622,1100,700,184.20068160090534,-85,-85,-85,-85,1350,700,69.44816868904465,17.646946332615386,circular
623,1100,700,184.20068160090534,-85,-85,-85,-85,1350,700,87.09511502166004,17.646946332615386,circular
624,1100,700,184.20068160090534,-85,-85,-85,-85,1350,700,104.74206135427542,17.646946332615386,circular
625,1100,700,184.20068160090534,-85,-85,-85,-85,1350,700,122.3890076868908,17.646946332615386,circular
626,1100,700,184.20068160090534,-85,-85,-85,-85,1350,700,140.0359540195062,17.646946332615386,circular
627,1100,700,184.20068160090534,-85,17.513155499392102,19.91435422725632,-85,1350,700,157.68290035212158,17.646946332615386,circular
628,1100,700,184.20068160090534,-85,24.495315191602927,24.92014212493214,-85,1350,700,175.32984668473696,17.646946332615386,circular
629,1100,700,184.20068160090534,-85,25.9816463993744,26.067010357935978,-85,1350,700,192.97679301735235,17.646946332615386,circular
630,1100,700,184.20068160090534,-85,25.7492610641292,25.536951728381826,-85,1350,700,210.62373934996774,17.646946332615386,circular
631,1100,700,184.20068160090534,-85,23.319699537123853,22.496022074683278,-85,1350,700,228.27068568258312,17.646946332615386,circular
632,1100,700,184.20068160090534,-85,-85,-85,-85,1350,700,245.9176320151985,17.646946332615386,circular
633,1100,700,184.20068160090534,-85,-85,-85,-85,1350,700,263.5645783478139,17.646946332615386,circular
634,1100,700,184.20068160090534,-85,-85,-85,-85,1350,700,281.2115246804293,17.646946332615386,circular
635,1100,700,184.20068160090534,-85,-85,-85,-85,1350,700,298.85847101304466,17.646946332615386,circular
636,1100,700,184.20068160090534,-85,-85,-85,-85,1350,700,316.50541734566,17.646946332615386,circular
637,1100,700,184.20068160090534,-85,-85,-85,-85,1350,700,334.1523636782754,17.646946332615386,circular
638,1100,700,184.20068160090534,-85,-85,-85,-85,1350,700,351.79931001089074,17.646946332615386,circular
639,1100,700,184.20068160090534,-85,-85,-85,-85,1350,700,9.446256343506093,17.646946332615386,circular
640,1100,700,184.20068160090534,-85,-85,-85,-85,1350,700,27.09320267612148,17.646946332615386,circular
641,1100,700,184.20068160090534,-85,-85,-85,-85,1350,700,44.740149008736864,17.646946332615386,circular
642,1100,700,184.20068160090534,-85,-85,-85,-85,1350,700,62.38709534135225,17.646946332615386,circular
643,1100,700,184.20068160090534,-85,-85,-85,-85,1350,700,80.03404167396764,17.646946332615386,circular
644,1100,700,184.20068160090534,-85,-85,-85,-85,1350,700,97.68098800658302,17.646946332615386,circular
645,1100,700,184.20068160090534,-85,-85,-85,-85,1350,700,115.3279343391984,17.646946332615386,circular
646,1100,700,184.20068160090534,-85,-85,-85,-85,1350,700,132.9748806718138,17.646946332615386,circular
647,1100,700,184.20068160090534,-85,-85,-85,-85,1350,700,150.62182700442918,17.646946332615386,circular
648,1100,700,184.20068160090534,-85,23.06730250275713,23.769789312347285,-85,1350,700,168.26877333704456,17.646946332615386,circular
649,1100,700,184.20068160090534,-85,25.614204328866276,25.859665714847075,-85,1350,700,185.91571966965995,17.646946332615386,circular
650,1100,700,184.20068160090534,-85,26.035130213615616,25.946643644493044,-85,1350,700,203.56266600227534,17.646946332615386,circular
651,1100,700,184.20068160090534,-85,24.646943359767004,24.1582774269213,-85,1350,700,221.20961233489072,17.646946332615386,circular
652,1100,700,184.20068160090534,-85,19.25639156218219,16.269948115724716,-85,1350,700,238.8565586675061,17.646946332615386,circular
653,1100,700,184.20068160090534,-85,-85,-85,-85,1350,700,256.5035050001215,17.646946332615386,circular
654,1100,700,184.20068160090534,-85,-85,-85,-85,1350,700,274.1504513327369,17.646946332615386,circular
655,1100,700,184.20068160090534,-85,-85,-85,-85,1350,700,291.79739766535226,17.646946332615386,circular
656,1100,700,184.20068160090534,-85,-85,-85,-85,1350,700,309.4443439979676,17.646946332615386,circular
657,1100,700,184.20068160090534,-85,-85,-85,-85,1350,700,327.091290330583,17.646946332615386,circular
658,1100,700,184.20068160090534,-85,-85,-85,-85,1350,700,344.73823666319834,17.646946332615386,circular
659,1100,700,184.20068160090534,-85,-85,-85,-85,1350,700,2.385182995813693,17.646946332615386,circular
660,1100,700,184.20068160090534,-85,-85,-85,-85,1350,700,20.03212932842908,17.646946332615386,circular
661,1100,700,184.20068160090534,-85,-85,-85,-85,1350,700,37.679075661044465,17.646946332615386,circular
662,1100,700,184.20068160090534,-85,-85,-85,-85,1350,700,55.32602199365985,17.646946332615386,circular
663,1100,700,184.20068160090534,-85,-85,-85,-85,1350,700,72.97296832627524,17.646946332615386,circular
664,1100,700,184.20068160090534,-85,-85,-85,-85,1350,700,90.61991465889062,17.646946332615386,circular
665,1100,700,184.20068160090534,-85,-85,-85,-85,1350,700,108.26686099150601,17.646946332615386,circular
666,1100,700,184.20068160090534,-85,-85,-85,-85,1350,700,125.9138073241214,17.646946332615386,circular
667,1100,700,184.20068160090534,-85,-85,-85,-85,1350,700,143.56075365673678,17.646946332615386,circular
668,1100,700,184.20068160090534,-85,20.48098321025059,21.813356630230874,-85,1350,700,161.20769998935216,17.646946332615386,circular
669,1100,700,184.20068160090534,-85,24.92014212493214,25.26334459461691,-85,1350,700,178.85464632196755,17.646946332615386,circular
670,1100,700,184.20068160090534,-85,26.067010357935978,26.077602459396946,-85,1350,700,196.50159265458294,17.646946332615386,circular
671,1100,700,184.20068160090534,-85,25.536951728381826,25.157178905256924,-85,1350,700,214.14853898719832,17.646946332615386,circular
672,1100,700,184.20068160090534,-85,22.496022074683278,21.418119305852123,-85,1350,700,231.7954853198137,17.646946332615386,circular
673,1100,700,184.20068160090534,-85,-85,-85,-85,1350,700,249.4424316524291,17.646946332615386,circular
674,1100,700,184.20068160090534,-85,-85,-85,-85,1350,700,267.0893779850445,17.646946332615386,circular
675,1100,700,184.20068160090534,-85,-85,-85,-85,1350,700,284.73632431765986,17.646946332615386,circular
676,1100,700,184.20068160090534,-85,-85,-85,-85,1350,700,302.3832706502752,17.646946332615386,circular
677,1100,700,184.20068160090534,-85,-85,-85,-85,1350,700,320.0302169828906,17.646946332615386,circular
678,1100,700,184.20068160090534,-85,-85,-85,-85,1350,700,337.67716331550594,17.646946332615386,circular
679,1100,700,184.20068160090534,-85,-85,-85,-85,1350,700,355.3241096481213,17.646946332615386,circular
680,1100,700,184.20068160090534,-85,-85,-85,-85,1350,700,12.97105598073665,17.646946332615386,circular
681,1100,700,184.20068160090534,-85,-85,-85,-85,1350,700,30.618002313352036,17.646946332615386,circular
682,1100,700,184.20068160090534,-85,-85,-85,-85,1350,700,48.26494864596742,17.646946332615386,circular
683,1100,700,184.20068160090534,-85,-85,-85,-85,1350,700,65.91189497858281,17.646946332615386,circular
684,1100,700,184.20068160090534,-85,-85,-85,-85,1350,700,83.5588413111982,17.646946332615386,circular
685,1100,700,184.20068160090534,-85,-85,-85,-85,1350,700,101.20578764381358,17.646946332615386,circular
686,1100,700,184.20068160090534,-85,-85,-85,-85,1350,700,118.85273397642896,17.646946332615386,circular
687,1100,700,184.20068160090534,-85,-85,-85,-85,1350,700,136.49968030904435,17.646946332615386,circular
688,1100,700,184.20068160090534,-85,-85,17.513155499392102,-85,1350,700,154.14662664165974,17.646946332615386,circular
689,1100,700,184.20068160090534,-85,23.769789312347285,24.33271141113945,-85,1350,700,171.79357297427512,17.646946332615386,circular
690,1100,700,184.20068160090534,-85,25.859665714847075,25.9816463993744,-85,1350,700,189.4405193068905,17.646946332615386,circular
691,1100,700,184.20068160090534,-85,25.946643644493044,25.7492610641292,-85,1350,700,207.0874656395059,17.646946332615386,circular
692,1100,700,184.20068160090534,-85,24.1582774269213,23.553218972269416,-85,1350,700,224.73441197212128,17.646946332615386,circular
693,1100,700,184.20068160090534,-85,14.513447644213265,-85,-85,1350,700,242.38135830473666,17.646946332615386,circular
694,1100,700,184.20068160090534,-85,-85,-85,-85,1350,700,260.02830463735205,17.646946332615386,circular
695,1100,700,184.20068160090534,-85,-85,-85,-85,1350,700,277.67525096996746,17.646946332615386,circular
696,1100,700,184.20068160090534,-85,-85,-85,-85,1350,700,295.3221973025828,17.646946332615386,circular
697,1100,700,184.20068160090534,-85,-85,-85,-85,1350,700,312.9691436351982,17.646946332615386,circular
698,1100,700,184.20068160090534,-85,-85,-85,-85,1350,700,330.61608996781354,17.646946332615386,circular
699,1100,700,184.20068160090534,-85,-85,-85,-85,1350,700,348.2630363004289,17.646946332615386,circular
700,1100,700,184.20068160090534,-85,-85,-85,-85,1350,700,5.909982633044251,17.646946332615386,circular
701,1100,700,184.20068160090534,-85,-85,-85,-85,1350,700,23.556928965659637,17.646946332615386,circular
702,1100,700,184.20068160090534,-85,-85,-85,-85,1350,700,41.20387529827502,17.646946332615386,circular
703,1100,700,184.20068160090534,-85,-85,-85,-85,1350,700,58.85082163089041,17.646946332615386,circular
704,1100,700,184.20068160090534,-85,-85,-85,-85,1350,700,76.4977679635058,17.646946332615386,circular
705,1100,700,184.20068160090534,-85,-85,-85,-85,1350,700,94.14471429612118,17.646946332615386,circular
706,1100,700,184.20068160090534,-85,-85,-85,-85,1350,700,111.79166062873657,17.646946332615386,circular
707,1100,700,184.20068160090534,-85,-85,-85,-85,1350,700,129.43860696135195,17.646946332615386,circular
708,1100,700,184.20068160090534,-85,-85,-85,-85,1350,700,147.08555329396734,17.646946332615386,circular
709,1100,700,184.20068160090534,-85,21.813356630230874,22.793695368992218,-85,1350,700,164.73249962658272,17.646946332615386,circular
710,1100,700,184.20068160090534,-85,25.36180729449956,25.614204328866276,-85,1350,700,182.3794459591981,17.646946332615386,circular
711,1100,700,184.20068160090534,-85,26.077602459396946,26.035130213615616,-85,1350,700,200.0263922918135,17.646946332615386,circular
712,1100,700,184.20068160090534,-85,25.157178905256924,24.788337040832293,-85,1350,700,217.67333862442888,17.646946332615386,circular
713,1100,700,184.20068160090534,-85,20.97742610025735,19.25639156218219,-85,1350,700,235.32028495704427,17.646946332615386,circular
714,1100,700,184.20068160090534,-85,-85,-85,-85,1350,700,252.96723128965965,17.646946332615386,circular
715,1100,700,184.20068160090534,-85,-85,-85,-85,1350,700,270.61417762227507,17.646946332615386,circular
716,1100,700,184.20068160090534,-85,-85,-85,-85,1350,700,288.2611239548904,17.646946332615386,circular
717,1100,700,184.20068160090534,-85,-85,-85,-85,1350,700,305.9080702875058,17.646946332615386,circular
718,1100,700,184.20068160090534,-85,-85,-85,-85,1350,700,323.55501662012114,17.646946332615386,circular
719,1100,700,184.20068160090534,-85,-85,-85,-85,1350,700,341.2019629527365,17.646946332615386,circular
720,1100,700,184.20068160090534,-85,-85,-85,-85,1350,700,358.84890928535185,17.646946332615386,circular
721,1100,700,184.20068160090534,-85,-85,-85,-85,1350,700,16.49585561796721,17.646946332615386,circular
722,1100,700,184.20068160090534,-85,-85,-85,-85,1350,700,34.142801950582594,17.646946332615386,circular
723,1100,700,184.20068160090534,-85,-85,-85,-85,1350,700,51.78974828319798,17.646946332615386,circular
724,1100,700,184.20068160090534,-85,-85,-85,-85,1350,700,69.43669461581337,17.646946332615386,circular
725,1100,700,184.20068160090534,-85,-85,-85,-85,1350,700,87.08364094842875,17.646946332615386,circular
726,1100,700,184.20068160090534,-85,-85,-85,-85,1350,700,104.73058728104414,17.646946332615386,circular
727,1100,700,184.20068160090534,-85,-85,-85,-85,1350,700,122.37753361365952,17.646946332615386,circular
728,1100,700,184.20068160090534,-85,-85,-85,-85,1350,700,140.0244799462749,17.646946332615386,circular
729,1100,700,184.20068160090534,-85,17.513155499392102,19.91435422725632,-85,1350,700,157.6714262788903,17.646946332615386,circular
730,1100,700,184.20068160090534,-85,24.495315191602927,24.92014212493214,-85,1350,700,175.31837261150568,17.646946332615386,circular
731,1100,700,184.20068160090534,-85,25.9816463993744,26.067010357935978,-85,1350,700,192.96531894412107,17.646946332615386,circular
732,1100,700,184.20068160090534,-85,25.7492610641292,25.536951728381826,-85,1350,700,210.61226527673645,17.646946332615386,circular
733,1100,700,184.20068160090534,-85,23.319699537123853,22.496022074683278,-85,1350,700,228.25921160935184,17.646946332615386,circular
734,1100,700,184.20068160090534,-85,-85,-85,-85,1350,700,245.90615794196722,17.646946332615386,circular
735,1100,700,184.20068160090534,-85,-85,-85,-85,1350,700,263.5531042745826,17.646946332615386,circular
736,1100,700,184.20068160090534,-85,-85,-85,-85,1350,700,281.200050607198,17.646946332615386,circular
737,1100,700,184.20068160090534,-85,-85,-85,-85,1350,700,298.8469969398134,17.646946332615386,circular
738,1100,700,184.20068160090534,-85,-85,-85,-85,1350,700,316.49394327242874,17.646946332615386,circular
739,1100,700,184.20068160090534,-85,-85,-85,-85,1350,700,334.1408896050441,17.646946332615386,circular
740,1100,700,184.20068160090534,-85,-85,-85,-85,1350,700,351.78783593765945,17.646946332615386,circular
741,1100,700,184.20068160090534,-85,-85,-85,-85,1350,700,9.434782270274809,17.646946332615386,circular
742,1100,700,184.20068160090534,-85,-85,-85,-85,1350,700,27.081728602890195,17.646946332615386,circular
743,1100,700,184.20068160090534,-85,-85,-85,-85,1350,700,44.72867493550558,17.646946332615386,circular
744,1100,700,184.20068160090534,-85,-85,-85,-85,1350,700,62.375621268120966,17.646946332615386,circular
745,1100,700,184.20068160090534,-85,-85,-85,-85,1350,700,80.02256760073635,17.646946332615386,circular
746,1100,700,184.20068160090534,-85,-85,-85,-85,1350,700,97.66951393335174,17.646946332615386,circular
747,1100,700,184.20068160090534,-85,-85,-85,-85,1350,700,115.31646026596712,17.646946332615386,circular
748,1100,700,184.20068160090534,-85,-85,-85,-85,1350,700,132.9634065985825,17.646946332615386,circular
749,1100,700,184.20068160090534,-85,-85,-85,-85,1350,700,150.6103529311979,17.646946332615386,circular
750,1100,700,184.20068160090534,-85,23.06730250275713,23.769789312347285,-85,1350,700,168.25729926381328,17.646946332615386,circular
751,1100,700,184.20068160090534,-85,25.614204328866276,25.859665714847075,-85,1350,700,185.90424559642867,17.646946332615386,circular
752,1100,700,184.20068160090534,-85,26.035130213615616,25.946643644493044,-85,1350,700,203.55119192904405,17.646946332615386,circular
753,1100,700,184.20068160090534,-85,24.646943359767004,24.1582774269213,-85,1350,700,221.19813826165944,17.646946332615386,circular
754,1100,700,184.20068160090534,-85,19.25639156218219,16.269948115724716,-85,1350,700,238.84508459427482,17.646946332615386,circular
755,1100,700,184.20068160090534,-85,-85,-85,-85,1350,700,256.4920309268902,17.646946332615386,circular
756,1100,700,184.20068160090534,-85,-85,-85,-85,1350,700,274.1389772595056,17.646946332615386,circular
757,1100,700,184.20068160090534,-85,-85,-85,-85,1350,700,291.785923592121,17.646946332615386,circular
758,1100,700,184.20068160090534,-85,-85,-85,-85,1350,700,309.43286992473634,17.646946332615386,circular
759,1100,700,184.20068160090534,-85,-85,-85,-85,1350,700,327.0798162573517,17.646946332615386,circular
760,1100,700,184.20068160090534,-85,-85,-85,-85,1350,700,344.72676258996705,17.646946332615386,circular
761,1100,700,184.20068160090534,-85,-85,-85,-85,1350,700,2.3737089225824093,17.646946332615386,circular
762,1100,700,184.20068160090534,-85,-85,-85,-85,1350,700,20.020655255197795,17.646946332615386,circular
763,1100,700,184.20068160090534,-85,-85,-85,-85,1350,700,37.66760158781318,17.646946332615386,circular
764,1100,700,184.20068160090534,-85,-85,-85,-85,1350,700,55.314547920428566,17.646946332615386,circular
765,1100,700,184.20068160090534,-85,-85,-85,-85,1350,700,72.96149425304395,17.646946332615386,circular
766,1100,700,184.20068160090534,-85,-85,-85,-85,1350,700,90.60844058565934,17.646946332615386,circular
767,1100,700,184.20068160090534,-85,-85,-85,-85,1350,700,108.25538691827472,17.646946332615386,circular
768,1100,700,184.20068160090534,-85,-85,-85,-85,1350,700,125.90233325089011,17.646946332615386,circular
769,1100,700,184.20068160090534,-85,-85,-85,-85,1350,700,143.5492795835055,17.646946332615386,circular
770,1100,700,184.20068160090534,-85,20.48098321025059,21.813356630230874,-85,1350,700,161.19622591612088,17.646946332615386,circular
771,1100,700,184.20068160090534,-85,24.92014212493214,25.26334459461691,-85,1350,700,178.84317224873627,17.646946332615386,circular
772,1100,700,184.20068160090534,-85,26.067010357935978,26.077602459396946,-85,1350,700,196.49011858135165,17.646946332615386,circular
773,1100,700,184.20068160090534,-85,25.536951728381826,25.157178905256924,-85,1350,700,214.13706491396704,17.646946332615386,circular
774,1100,700,184.20068160090534,-85,22.496022074683278,21.418119305852123,-85,1350,700,231.78401124658242,17.646946332615386,circular
775,1100,700,184.20068160090534,-85,-85,-85,-85,1350,700,249.4309575791978,17.646946332615386,circular
776,1100,700,184.20068160090534,-85,-85,-85,-85,1350,700,267.0779039118132,17.646946332615386,circular
777,1100,700,184.20068160090534,-85,-85,-85,-85,1350,700,284.7248502444286,17.646946332615386,circular
778,1100,700,184.20068160090534,-85,-85,-85,-85,1350,700,302.37179657704394,17.646946332615386,circular
779,1100,700,184.20068160090534,-85,-85,-85,-85,1350,700,320.0187429096593,17.646946332615386,circular
780,1100,700,184.20068160090534,-85,-85,-85,-85,1350,700,337.66568924227465,17.646946332615386,circular
781,1100,700,184.20068160090534,-85,-85,-85,-85,1350,700,355.31263557489,17.646946332615386,circular
782,1100,700,184.20068160090534,-85,-85,-85,-85,1350,700,12.959581907505367,17.646946332615386,circular
783,1100,700,184.20068160090534,-85,-85,-85,-85,1350,700,30.606528240120753,17.646946332615386,circular
784,1100,700,184.20068160090534,-85,-85,-85,-85,1350,700,48.25347457273614,17.646946332615386,circular
785,1100,700,184.20068160090534,-85,-85,-85,-85,1350,700,65.90042090535152,17.646946332615386,circular
786,1100,700,184.20068160090534,-85,-85,-85,-85,1350,700,83.54736723796691,17.646946332615386,circular
787,1100,700,184.20068160090534,-85,-85,-85,-85,1350,700,101.1943135705823,17.646946332615386,circular
788,1100,700,184.20068160090534,-85,-85,-85,-85,1350,700,118.84125990319768,17.646946332615386,circular
789,1100,700,184.20068160090534,-85,-85,-85,-85,1350,700,136.48820623581307,17.646946332615386,circular
790,1100,700,184.20068160090534,-85,-85,17.513155499392102,-85,1350,700,154.13515256842845,17.646946332615386,circular
791,1100,700,184.20068160090534,-85,23.769789312347285,24.33271141113945,-85,1350,700,171.78209890104384,17.646946332615386,circular
792,1100,700,184.20068160090534,-85,25.859665714847075,25.9816463993744,-85,1350,700,189.42904523365922,17.646946332615386,circular
793,1100,700,184.20068160090534,-85,25.946643644493044,25.7492610641292,-85,1350,700,207.0759915662746,17.646946332615386,circular
794,1100,700,184.20068160090534,-85,24.1582774269213,23.553218972269416,-85,1350,700,224.72293789889,17.646946332615386,circular
795,1100,700,184.20068160090534,-85,14.513447644213265,-85,-85,1350,700,242.36988423150538,17.646946332615386,circular
796,1100,700,184.20068160090534,-85,-85,-85,-85,1350,700,260.01683056412077,17.646946332615386,circular
797,1100,700,184.20068160090534,-85,-85,-85,-85,1350,700,277.6637768967362,17.646946332615386,circular
798,1100,700,184.20068160090534,-85,-85,-85,-85,1350,700,295.31072322935154,17.646946332615386,circular
799,1100,700,184.20068160090534,-85,-85,-85,-85,1350,700,312.9576695619669,17.646946332615386,circular
800,1100,700,184.20068160090534,-85,-85,-85,-85,1350,700,330.60461589458225,17.646946332615386,circular
801,1100,700,184.20068160090534,-85,-85,-85,-85,1350,700,348.2515622271976,17.646946332615386,circular
802,1100,700,184.20068160090534,-85,-85,-85,-85,1350,700,5.898508559812967,17.646946332615386,circular
803,1100,700,184.20068160090534,-85,-85,-85,-85,1350,700,23.545454892428353,17.646946332615386,circular
804,1100,700,184.20068160090534,-85,-85,-85,-85,1350,700,41.19240122504374,17.646946332615386,circular
805,1100,700,184.20068160090534,-85,-85,-85,-85,1350,700,58.839347557659124,17.646946332615386,circular
806,1100,700,184.20068160090534,-85,-85,-85,-85,1350,700,76.48629389027451,17.646946332615386,circular
807,1100,700,184.20068160090534,-85,-85,-85,-85,1350,700,94.1332402228899,17.646946332615386,circular
808,1100,700,184.20068160090534,-85,-85,-85,-85,1350,700,111.78018655550528,17.646946332615386,circular
809,1100,700,184.20068160090534,-85,-85,-85,-85,1350,700,129.42713288812067,17.646946332615386,circular
810,1100,700,184.20068160090534,-85,-85,-85,-85,1350,700,147.07407922073605,17.646946332615386,circular
811,1100,700,184.20068160090534,-85,21.813356630230874,22.793695368992218,-85,1350,700,164.72102555335144,17.646946332615386,circular
812,1100,700,184.20068160090534,-85,25.36180729449956,25.614204328866276,-85,1350,700,182.36797188596682,17.646946332615386,circular
813,1100,700,184.20068160090534,-85,26.077602459396946,26.035130213615616,-85,1350,700,200.0149182185822,17.646946332615386,circular
814,1100,700,184.20068160090534,-85,25.157178905256924,24.788337040832293,-85,1350,700,217.6618645511976,17.646946332615386,circular
815,1100,700,184.20068160090534,-85,20.97742610025735,19.25639156218219,-85,1350,700,235.30881088381298,17.646946332615386,circular
816,1100,700,184.20068160090534,-85,-85,-85,-85,1350,700,252.95575721642837,17.646946332615386,circular
817,1100,700,184.20068160090534,-85,-85,-85,-85,1350,700,270.6027035490438,17.646946332615386,circular
818,1100,700,184.20068160090534,-85,-85,-85,-85,1350,700,288.24964988165914,17.646946332615386,circular
819,1100,700,184.20068160090534,-85,-85,-85,-85,1350,700,305.8965962142745,17.646946332615386,circular
820,1100,700,184.20068160090534,-85,-85,-85,-85,1350,700,323.54354254688985,17.646946332615386,circular
821,1100,700,184.20068160090534,-85,-85,-85,-85,1350,700,341.1904888795052,17.646946332615386,circular
822,1100,700,184.20068160090534,-85,-85,-85,-85,1350,700,358.83743521212057,17.646946332615386,circular
823,1100,700,184.20068160090534,-85,-85,-85,-85,1350,700,16.484381544735925,17.646946332615386,circular
824,1100,700,184.20068160090534,-85,-85,-85,-85,1350,700,34.13132787735131,17.646946332615386,circular
825,1100,700,184.20068160090534,-85,-85,-85,-85,1350,700,51.778274209966696,17.646946332615386,circular
826,1100,700,184.20068160090534,-85,-85,-85,-85,1350,700,69.42522054258208,17.646946332615386,circular
827,1100,700,184.20068160090534,-85,-85,-85,-85,1350,700,87.07216687519747,17.646946332615386,circular
828,1100,700,184.20068160090534,-85,-85,-85,-85,1350,700,104.71911320781285,17.646946332615386,circular
829,1100,700,184.20068160090534,-85,-85,-85,-85,1350,700,122.36605954042824,17.646946332615386,circular
830,1100,700,184.20068160090534,-85,-85,-85,-85,1350,700,140.01300587304362,17.646946332615386,circular
831,1100,700,184.20068160090534,-85,17.513155499392102,19.91435422725632,-85,1350,700,157.659952205659,17.646946332615386,circular
832,1100,700,184.20068160090534,-85,24.495315191602927,24.92014212493214,-85,1350,700,175.3068985382744,17.646946332615386,circular
833,1100,700,184.20068160090534,-85,25.9816463993744,26.067010357935978,-85,1350,700,192.95384487088978,17.646946332615386,circular
834,1100,700,184.20068160090534,-85,25.7492610641292,25.536951728381826,-85,1350,700,210.60079120350517,17.646946332615386,circular
835,1100,700,184.20068160090534,-85,23.319699537123853,22.496022074683278,-85,1350,700,228.24773753612055,17.646946332615386,circular
836,1100,700,184.20068160090534,-85,-85,-85,-85,1350,700,245.89468386873594,17.646946332615386,circular
837,1100,700,184.20068160090534,-85,-85,-85,-85,1350,700,263.5416302013513,17.646946332615386,circular
838,1100,700,184.20068160090534,-85,-85,-85,-85,1350,700,281.18857653396674,17.646946332615386,circular
839,1100,700,184.20068160090534,-85,-85,-85,-85,1350,700,298.8355228665821,17.646946332615386,circular
840,1100,700,184.20068160090534,-85,-85,-85,-85,1350,700,316.48246919919745,17.646946332615386,circular
841,1100,700,184.20068160090534,-85,-85,-85,-85,1350,700,334.1294155318128,17.646946332615386,circular
842,1100,700,184.20068160090534,-85,-85,-85,-85,1350,700,351.77636186442817,17.646946332615386,circular
843,1100,700,184.20068160090534,-85,-85,-85,-85,1350,700,9.423308197043525,17.646946332615386,circular
844,1100,700,184.20068160090534,-85,-85,-85,-85,1350,700,27.07025452965891,17.646946332615386,circular
845,1100,700,184.20068160090534,-85,-85,-85,-85,1350,700,44.7172008622743,17.646946332615386,circular
846,1100,700,184.20068160090534,-85,-85,-85,-85,1350,700,62.36414719488968,17.646946332615386,circular
847,1100,700,184.20068160090534,-85,-85,-85,-85,1350,700,80.01109352750507,17.646946332615386,circular
848,1100,700,184.20068160090534,-85,-85,-85,-85,1350,700,97.65803986012045,17.646946332615386,circular
849,1100,700,184.20068160090534,-85,-85,-85,-85,1350,700,115.30498619273584,17.646946332615386,circular
850,1100,700,184.20068160090534,-85,-85,-85,-85,1350,700,132.95193252535122,17.646946332615386,circular
851,1100,700,184.20068160090534,-85,-85,-85,-85,1350,700,150.5988788579666,17.646946332615386,circular
852,1100,700,184.20068160090534,-85,23.06730250275713,23.769789312347285,-85,1350,700,168.245825190582,17.646946332615386,circular
853,1100,700,184.20068160090534,-85,25.614204328866276,25.859665714847075,-85,1350,700,185.89277152319738,17.646946332615386,circular
854,1100,700,184.20068160090534,-85,26.035130213615616,25.946643644493044,-85,1350,700,203.53971785581277,17.646946332615386,circular
855,1100,700,184.20068160090534,-85,24.788337040832293,24.1582774269213,-85,1350,700,221.18666418842815,17.646946332615386,circular
856,1100,700,184.20068160090534,-85,19.25639156218219,16.269948115724716,-85,1350,700,238.83361052104354,17.646946332615386,circular
857,1100,700,184.20068160090534,-85,-85,-85,-85,1350,700,256.4805568536589,17.646946332615386,circular
858,1100,700,184.20068160090534,-85,-85,-85,-85,1350,700,274.12750318627434,17.646946332615386,circular
859,1100,700,184.20068160090534,-85,-85,-85,-85,1350,700,291.7744495188897,17.646946332615386,circular
860,1100,700,184.20068160090534,-85,-85,-85,-85,1350,700,309.42139585150505,17.646946332615386,circular
861,1100,700,184.20068160090534,-85,-85,-85,-85,1350,700,327.0683421841204,17.646946332615386,circular
862,1100,700,184.20068160090534,-85,-85,-85,-85,1350,700,344.71528851673577,17.646946332615386,circular
863,1100,700,184.20068160090534,-85,-85,-85,-85,1350,700,2.3622348493511254,17.646946332615386,circular
864,1100,700,184.20068160090534,-85,-85,-85,-85,1350,700,20.00918118196651,17.646946332615386,circular
865,1100,700,184.20068160090534,-85,-85,-85,-85,1350,700,37.6561275145819,17.646946332615386,circular
866,1100,700,184.20068160090534,-85,-85,-85,-85,1350,700,55.30307384719728,17.646946332615386,circular
867,1100,700,184.20068160090534,-85,-85,-85,-85,1350,700,72.95002017981267,17.646946332615386,circular
868,1100,700,184.20068160090534,-85,-85,-85,-85,1350,700,90.59696651242805,17.646946332615386,circular
869,1100,700,184.20068160090534,-85,-85,-85,-85,1350,700,108.24391284504344,17.646946332615386,circular
870,1100,700,184.20068160090534,-85,-85,-85,-85,1350,700,125.89085917765883,17.646946332615386,circular
871,1100,700,184.20068160090534,-85,-85,-85,-85,1350,700,143.5378055102742,17.646946332615386,circular
872,1100,700,184.20068160090534,-85,19.91435422725632,21.813356630230874,-85,1350,700,161.1847518428896,17.646946332615386,circular
873,1100,700,184.20068160090534,-85,24.92014212493214,25.26334459461691,-85,1350,700,178.83169817550498,17.646946332615386,circular
874,1100,700,184.20068160090534,-85,26.067010357935978,26.077602459396946,-85,1350,700,196.47864450812037,17.646946332615386,circular
875,1100,700,184.20068160090534,-85,25.536951728381826,25.157178905256924,-85,1350,700,214.12559084073575,17.646946332615386,circular
876,1100,700,184.20068160090534,-85,22.496022074683278,21.418119305852123,-85,1350,700,231.77253717335114,17.646946332615386,circular
877,1100,700,184.20068160090534,-85,-85,-85,-85,1350,700,249.41948350596653,17.646946332615386,circular
878,1100,700,184.20068160090534,-85,-85,-85,-85,1350,700,267.06642983858194,17.646946332615386,circular
879,1100,700,184.20068160090534,-85,-85,-85,-85,1350,700,284.7133761711973,17.646946332615386,circular
880,1100,700,184.20068160090534,-85,-85,-85,-85,1350,700,302.36032250381265,17.646946332615386,circular
881,1100,700,184.20068160090534,-85,-85,-85,-85,1350,700,320.007268836428,17.646946332615386,circular
882,1100,700,184.20068160090534,-85,-85,-85,-85,1350,700,337.65421516904337,17.646946332615386,circular
883,1100,700,184.20068160090534,-85,-85,-85,-85,1350,700,355.3011615016587,17.646946332615386,circular
884,1100,700,184.20068160090534,-85,-85,-85,-85,1350,700,12.948107834274083,17.646946332615386,circular
885,1100,700,184.20068160090534,-85,-85,-85,-85,1350,700,30.59505416688947,17.646946332615386,circular
886,1100,700,184.20068160090534,-85,-85,-85,-85,1350,700,48.242000499504854,17.646946332615386,circular
887,1100,700,184.20068160090534,-85,-85,-85,-85,1350,700,65.88894683212024,17.646946332615386,circular
888,1100,700,184.20068160090534,-85,-85,-85,-85,1350,700,83.53589316473563,17.646946332615386,circular
889,1100,700,184.20068160090534,-85,-85,-85,-85,1350,700,101.18283949735101,17.646946332615386,circular
890,1100,700,184.20068160090534,-85,-85,-85,-85,1350,700,118.8297858299664,17.646946332615386,circular
891,1100,700,184.20068160090534,-85,-85,-85,-85,1350,700,136.47673216258178,17.646946332615386,circular
892,1100,700,184.20068160090534,-85,-85,17.513155499392102,-85,1350,700,154.12367849519717,17.646946332615386,circular
893,1100,700,184.20068160090534,-85,23.769789312347285,24.33271141113945,-85,1350,700,171.77062482781255,17.646946332615386,circular
894,1100,700,184.20068160090534,-85,25.859665714847075,25.9816463993744,-85,1350,700,189.41757116042794,17.646946332615386,circular
895,1100,700,184.20068160090534,-85,25.946643644493044,25.7492610641292,-85,1350,700,207.06451749304333,17.646946332615386,circular
896,1100,700,184.20068160090534,-85,24.1582774269213,23.553218972269416,-85,1350,700,224.7114638256587,17.646946332615386,circular
897,1100,700,184.20068160090534,-85,14.513447644213265,-85,-85,1350,700,242.3584101582741,17.646946332615386,circular
898,1100,700,184.20068160090534,-85,-85,-85,-85,1350,700,260.0053564908895,17.646946332615386,circular
899,1100,700,184.20068160090534,-85,-85,-85,-85,1350,700,277.6523028235049,17.646946332615386,circular
900,1100,700,184.20068160090534,-85,-85,-85,-85,1350,700,295.29924915612025,17.646946332615386,circular
901,1100,700,184.20068160090534,-85,-85,-85,-85,1350,700,312.9461954887356,17.646946332615386,circular
902,1100,700,184.20068160090534,-85,-85,-85,-85,1350,700,330.59314182135097,17.646946332615386,circular
903,1100,700,184.20068160090534,-85,-85,-85,-85,1350,700,348.2400881539663,17.646946332615386,circular
904,1100,700,184.20068160090534,-85,-85,-85,-85,1350,700,5.887034486581683,17.646946332615386,circular
905,1100,700,184.20068160090534,-85,-85,-85,-85,1350,700,23.53398081919707,17.646946332615386,circular
906,1100,700,184.20068160090534,-85,-85,-85,-85,1350,700,41.180927151812455,17.646946332615386,circular
907,1100,700,184.20068160090534,-85,-85,-85,-85,1350,700,58.82787348442784,17.646946332615386,circular
908,1100,700,184.20068160090534,-85,-85,-85,-85,1350,700,76.47481981704323,17.646946332615386,circular
909,1100,700,184.20068160090534,-85,-85,-85,-85,1350,700,94.12176614965861,17.646946332615386,circular
910,1100,700,184.20068160090534,-85,-85,-85,-85,1350,700,111.768712482274,17.646946332615386,circular
911,1100,700,184.20068160090534,-85,-85,-85,-85,1350,700,129.41565881488938,17.646946332615386,circular
912,1100,700,184.20068160090534,-85,-85,-85,-85,1350,700,147.06260514750477,17.646946332615386,circular
913,1100,700,184.20068160090534,-85,21.813356630230874,22.793695368992218,-85,1350,700,164.70955148012015,17.646946332615386,circular
914,1100,700,184.20068160090534,-85,25.36180729449956,25.614204328866276,-85,1350,700,182.35649781273554,17.646946332615386,circular
915,1100,700,184.20068160090534,-85,26.077602459396946,26.035130213615616,-85,1350,700,200.00344414535093,17.646946332615386,circular
916,1100,700,184.20068160090534,-85,25.157178905256924,24.788337040832293,-85,1350,700,217.6503904779663,17.646946332615386,circular
917,1100,700,184.20068160090534,-85,20.97742610025735,19.25639156218219,-85,1350,700,235.2973368105817,17.646946332615386,circular
918,1100,700,184.20068160090534,-85,-85,-85,-85,1350,700,252.94428314319708,17.646946332615386,circular
919,1100,700,184.20068160090534,-85,-85,-85,-85,1350,700,270.5912294758125,17.646946332615386,circular
920,1100,700,184.20068160090534,-85,-85,-85,-85,1350,700,288.23817580842785,17.646946332615386,circular
921,1100,700,184.20068160090534,-85,-85,-85,-85,1350,700,305.8851221410432,17.646946332615386,circular
922,1100,700,184.20068160090534,-85,-85,-85,-85,1350,700,323.53206847365857,17.646946332615386,circular
923,1100,700,184.20068160090534,-85,-85,-85,-85,1350,700,341.1790148062739,17.646946332615386,circular
924,1100,700,184.20068160090534,-85,-85,-85,-85,1350,700,358.8259611388893,17.646946332615386,circular
925,1100,700,184.20068160090534,-85,-85,-85,-85,1350,700,16.47290747150464,17.646946332615386,circular
926,1100,700,184.20068160090534,-85,-85,-85,-85,1350,700,34.11985380412003,17.646946332615386,circular
927,1100,700,184.20068160090534,-85,-85,-85,-85,1350,700,51.76680013673541,17.646946332615386,circular
928,1100,700,184.20068160090534,-85,-85,-85,-85,1350,700,69.4137464693508,17.646946332615386,circular
929,1100,700,184.20068160090534,-85,-85,-85,-85,1350,700,87.06069280196618,17.646946332615386,circular
930,1100,700,184.20068160090534,-85,-85,-85,-85,1350,700,104.70763913458157,17.646946332615386,circular
931,1100,700,184.20068160090534,-85,-85,-85,-85,1350,700,122.35458546719696,17.646946332615386,circular
932,1100,700,184.20068160090534,-85,-85,-85,-85,1350,700,140.00153179981234,17.646946332615386,circular
933,1100,700,184.20068160090534,-85,17.513155499392102,19.91435422725632,-85,1350,700,157.64847813242773,17.646946332615386,circular
934,1100,700,184.20068160090534,-85,24.495315191602927,24.92014212493214,-85,1350,700,175.2954244650431,17.646946332615386,circular
935,1100,700,184.20068160090534,-85,25.9816463993744,26.067010357935978,-85,1350,700,192.9423707976585,17.646946332615386,circular
936,1100,700,184.20068160090534,-85,25.7492610641292,25.536951728381826,-85,1350,700,210.58931713027388,17.646946332615386,circular
937,1100,700,184.20068160090534,-85,23.319699537123853,22.496022074683278,-85,1350,700,228.23626346288927,17.646946332615386,circular
938,1100,700,184.20068160090534,-85,-85,-85,-85,1350,700,245.88320979550465,17.646946332615386,circular
939,1100,700,184.20068160090534,-85,-85,-85,-85,1350,700,263.53015612812004,17.646946332615386,circular
940,1100,700,184.20068160090534,-85,-85,-85,-85,1350,700,281.17710246073545,17.646946332615386,circular
941,1100,700,184.20068160090534,-85,-85,-85,-85,1350,700,298.8240487933508,17.646946332615386,circular
942,1100,700,184.20068160090534,-85,-85,-85,-85,1350,700,316.47099512596617,17.646946332615386,circular
943,1100,700,184.20068160090534,-85,-85,-85,-85,1350,700,334.1179414585815,17.646946332615386,circular
944,1100,700,184.20068160090534,-85,-85,-85,-85,1350,700,351.7648877911969,17.646946332615386,circular
945,1100,700,184.20068160090534,-85,-85,-85,-85,1350,700,9.411834123812241,17.646946332615386,circular
946,1100,700,184.20068160090534,-85,-85,-85,-85,1350,700,27.058780456427627,17.646946332615386,circular
947,1100,700,184.20068160090534,-85,-85,-85,-85,1350,700,44.70572678904301,17.646946332615386,circular
948,1100,700,184.20068160090534,-85,-85,-85,-85,1350,700,62.3526731216584,17.646946332615386,circular
949,1100,700,184.20068160090534,-85,-85,-85,-85,1350,700,79.99961945427378,17.646946332615386,circular
950,1100,700,184.20068160090534,-85,-85,-85,-85,1350,700,97.64656578688917,17.646946332615386,circular
951,1100,700,184.20068160090534,-85,-85,-85,-85,1350,700,115.29351211950456,17.646946332615386,circular
952,1100,700,184.20068160090534,-85,-85,-85,-85,1350,700,132.94045845211994,17.646946332615386,circular
953,1100,700,184.20068160090534,-85,-85,-85,-85,1350,700,150.58740478473533,17.646946332615386,circular
954,1100,700,184.20068160090534,-85,23.06730250275713,23.769789312347285,-85,1350,700,168.2343511173507,17.646946332615386,circular
955,1100,700,184.20068160090534,-85,25.614204328866276,25.859665714847075,-85,1350,700,185.8812974499661,17.646946332615386,circular
956,1100,700,184.20068160090534,-85,26.035130213615616,25.946643644493044,-85,1350,700,203.52824378258148,17.646946332615386,circular
957,1100,700,184.20068160090534,-85,24.788337040832293,24.1582774269213,-85,1350,700,221.17519011519687,17.646946332615386,circular
958,1100,700,184.20068160090534,-85,19.25639156218219,16.269948115724716,-85,1350,700,238.82213644781226,17.646946332615386,circular
959,1100,700,184.20068160090534,-85,-85,-85,-85,1350,700,256.46908278042764,17.646946332615386,circular
960,1100,700,184.20068160090534,-85,-85,-85,-85,1350,700,274.11602911304306,17.646946332615386,circular
961,1100,700,184.20068160090534,-85,-85,-85,-85,1350,700,291.7629754456584,17.646946332615386,circular
962,1100,700,184.20068160090534,-85,-85,-85,-85,1350,700,309.40992177827377,17.646946332615386,circular
963,1100,700,184.20068160090534,-85,-85,-85,-85,1350,700,327.0568681108891,17.646946332615386,circular
964,1100,700,184.20068160090534,-85,-85,-85,-85,1350,700,344.7038144435045,17.646946332615386,circular
965,1100,700,184.20068160090534,-85,-85,-85,-85,1350,700,2.3507607761198415,17.646946332615386,circular
966,1100,700,184.20068160090534,-85,-85,-85,-85,1350,700,19.997707108735227,17.646946332615386,circular
967,1100,700,184.20068160090534,-85,-85,-85,-85,1350,700,37.64465344135061,17.646946332615386,circular
968,1100,700,184.20068160090534,-85,-85,-85,-85,1350,700,55.291599773966,17.646946332615386,circular
969,1100,700,184.20068160090534,-85,-85,-85,-85,1350,700,72.93854610658138,17.646946332615386,circular
970,1100,700,184.20068160090534,-85,-85,-85,-85,1350,700,90.58549243919677,17.646946332615386,circular
971,1100,700,184.20068160090534,-85,-85,-85,-85,1350,700,108.23243877181216,17.646946332615386,circular
972,1100,700,184.20068160090534,-85,-85,-85,-85,1350,700,125.87938510442754,17.646946332615386,circular
973,1100,700,184.20068160090534,-85,-85,-85,-85,1350,700,143.52633143704293,17.646946332615386,circular
974,1100,700,184.20068160090534,-85,19.91435422725632,21.813356630230874,-85,1350,700,161.1732777696583,17.646946332615386,circular
975,1100,700,184.20068160090534,-85,24.92014212493214,25.26334459461691,-85,1350,700,178.8202241022737,17.646946332615386,circular
976,1100,700,184.20068160090534,-85,26.067010357935978,26.077602459396946,-85,1350,700,196.46717043488908,17.646946332615386,circular
977,1100,700,184.20068160090534,-85,25.536951728381826,25.157178905256924,-85,1350,700,214.11411676750447,17.646946332615386,circular
978,1100,700,184.20068160090534,-85,22.496022074683278,21.418119305852123,-85,1350,700,231.76106310011986,17.646946332615386,circular
979,1100,700,184.20068160090534,-85,-85,-85,-85,1350,700,249.40800943273524,17.646946332615386,circular
980,1100,700,184.20068160090534,-85,-85,-85,-85,1350,700,267.05495576535066,17.646946332615386,circular
981,1100,700,184.20068160090534,-85,-85,-85,-85,1350,700,284.701902097966,17.646946332615386,circular
982,1100,700,184.20068160090534,-85,-85,-85,-85,1350,700,302.34884843058137,17.646946332615386,circular
983,1100,700,184.20068160090534,-85,-85,-85,-85,1350,700,319.9957947631967,17.646946332615386,circular
984,1100,700,184.20068160090534,-85,-85,-85,-85,1350,700,337.6427410958121,17.646946332615386,circular
985,1100,700,184.20068160090534,-85,-85,-85,-85,1350,700,355.28968742842744,17.646946332615386,circular
986,1100,700,184.20068160090534,-85,-85,-85,-85,1350,700,12.936633761042799,17.646946332615386,circular
987,1100,700,184.20068160090534,-85,-85,-85,-85,1350,700,30.583580093658185,17.646946332615386,circular
988,1100,700,184.20068160090534,-85,-85,-85,-85,1350,700,48.23052642627357,17.646946332615386,circular
989,1100,700,184.20068160090534,-85,-85,-85,-85,1350,700,65.87747275888896,17.646946332615386,circular
990,1100,700,184.20068160090534,-85,-85,-85,-85,1350,700,83.52441909150434,17.646946332615386,circular
991,1100,700,184.20068160090534,-85,-85,-85,-85,1350,700,101.17136542411973,17.646946332615386,circular
992,1100,700,184.20068160090534,-85,-85,-85,-85,1350,700,118.81831175673511,17.646946332615386,circular
993,1100,700,184.20068160090534,-85,-85,-85,-85,1350,700,136.4652580893505,17.646946332615386,circular
994,1100,700,184.20068160090534,-85,-85,17.513155499392102,-85,1350,700,154.11220442196588,17.646946332615386,circular
995,1100,700,184.20068160090534,-85,23.769789312347285,24.33271141113945,-85,1350,700,171.75915075458127,17.646946332615386,circular
996,1100,700,184.20068160090534,-85,25.859665714847075,25.9816463993744,-85,1350,700,189.40609708719666,17.646946332615386,circular
997,1100,700,184.20068160090534,-85,25.946643644493044,25.7492610641292,-85,1350,700,207.05304341981204,17.646946332615386,circular
998,1100,700,184.20068160090534,-85,24.1582774269213,23.553218972269416,-85,1350,700,224.69998975242743,17.646946332615386,circular
999,1100,700,184.20068160090534,-85,14.513447644213265,-85,-85,1350,700,242.3469360850428,17.646946332615386,circular
