Tick,Aircraft X,Aircraft Y,Aircraft Heading,A1,A2,A3,A4,Radar X,Radar Y,Radar Azimuth,Radar RPM,Radar Scan Pattern
0,1100,700,274.81244137068177,-85,-85,-85,-85,1350,700,294.37192027188763,16.60758754309338,circular
1,1100,700,274.81244137068177,-85,-85,-85,-85,1350,700,310.979507814981,16.60758754309338,circular
2,1100,700,274.81244137068177,-85,-85,-85,-85,1350,700,327.58709535807435,16.60758754309338,circular
3,1100,700,274.81244137068177,-85,-85,-85,-85,1350,700,344.1946829011677,16.60758754309338,circular
4,1100,700,274.81244137068177,-85,-85,-85,-85,1350,700,0.8022704442610689,16.60758754309338,circular
5,1100,700,274.81244137068177,-85,-85,-85,-85,1350,700,17.40985798735445,16.60758754309338,circular
6,1100,700,274.81244137068177,-85,-85,-85,-85,1350,700,34.01744553044783,16.60758754309338,circular
7,1100,700,274.81244137068177,-85,-85,-85,-85,1350,700,50.62503307354121,16.60758754309338,circular
8,1100,700,274.81244137068177,-85,-85,-85,-85,1350,700,67.23262061663459,16.60758754309338,circular
9,1100,700,274.81244137068177,-85,-85,-85,-85,1350,700,83.84020815972798,16.60758754309338,circular
10,1100,700,274.81244137068177,-85,-85,-85,-85,1350,700,100.44779570282137,16.60758754309338,circular
11,1100,700,274.81244137068177,-85,-85,-85,-85,1350,700,117.05538324591475,16.60758754309338,circular
12,1100,700,274.81244137068177,-85,-85,-85,-85,1350,700,133.66297078900814,16.60758754309338,circular
13,1100,700,274.81244137068177,-85,11.505794098357505,-85,-85,1350,700,150.27055833210153,16.60758754309338,circular
14,1100,700,274.81244137068177,22.793695368992218,23.769789312347285,-85,-85,1350,700,166.87814587519492,16.60758754309338,circular
15,1100,700,274.81244137068177,25.536951728381826,25.7492610641292,-85,-85,1350,700,183.4857334182883,16.60758754309338,circular
16,1100,700,274.81244137068177,26.074956048612798,26.011117049096303,-85,-85,1350,700,200.0933209613817,16.60758754309338,circular
17,1100,700,274.81244137068177,25.157178905256924,24.788337040832293,-85,-85,1350,700,216.70090850447508,16.60758754309338,circular
18,1100,700,274.81244137068177,21.418119305852123,19.914354227256315,-85,-85,1350,700,233.30849604756847,16.60758754309338,circular
19,1100,700,274.81244137068177,-85,-85,-85,-85,1350,700,249.91608359066186,16.60758754309338,circular
20,1100,700,274.81244137068177,-85,-85,-85,-85,1350,700,266.5236711337552,16.60758754309338,circular
21,1100,700,274.81244137068177,-85,-85,-85,-85,1350,700,283.1312586768486,16.60758754309338,circular
22,1100,700,274.81244137068177,-85,-85,-85,-85,1350,700,299.73884621994193,16.60758754309338,circular
23,1100,700,274.81244137068177,-85,-85,-85,-85,1350,700,316.3464337630353,16.60758754309338,circular
24,1100,700,274.81244137068177,-85,-85,-85,-85,1350,700,332.95402130612865,16.60758754309338,circular
25,1100,700,274.81244137068177,-85,-85,-85,-85,1350,700,349.561608849222,16.60758754309338,circular
26,1100,700,274.81244137068177,-85,-85,-85,-85,1350,700,6.169196392315371,16.60758754309338,circular
27,1100,700,274.81244137068177,-85,-85,-85,-85,1350,700,22.77678393540875,16.60758754309338,circular
28,1100,700,274.81244137068177,-85,-85,-85,-85,1350,700,39.38437147850213,16.60758754309338,circular
29,1100,700,274.81244137068177,-85,-85,-85,-85,1350,700,55.99195902159551,16.60758754309338,circular
30,1100,700,274.81244137068177,-85,-85,-85,-85,1350,700,72.5995465646889,16.60758754309338,circular
31,1100,700,274.81244137068177,-85,-85,-85,-85,1350,700,89.20713410778228,16.60758754309338,circular
32,1100,700,274.81244137068177,-85,-85,-85,-85,1350,700,105.81472165087567,16.60758754309338,circular
33,1100,700,274.81244137068177,-85,-85,-85,-85,1350,700,122.42230919396906,16.60758754309338,circular
34,1100,700,274.81244137068177,-85,-85,-85,-85,1350,700,139.02989673706244,16.60758754309338,circular
35,1100,700,274.81244137068177,16.269948115724727,19.25639156218217,-85,-85,1350,700,155.63748428015583,16.60758754309338,circular
36,1100,700,274.81244137068177,24.1582774269213,24.646943359767004,-85,-85,1350,700,172.24507182324922,16.60758754309338,circular
37,1100,700,274.81244137068177,25.859665714847075,26.011117049096303,-85,-85,1350,700,188.8526593663426,16.60758754309338,circular
38,1100,700,274.81244137068177,25.946643644493044,25.807460623826316,-85,-85,1350,700,205.460246909436,16.60758754309338,circular
39,1100,700,274.81244137068177,24.495315191602927,23.769789312347285,-85,-85,1350,700,222.06783445252938,16.60758754309338,circular
40,1100,700,274.81244137068177,18.474304759512954,14.513447644213265,-85,-85,1350,700,238.67542199562277,16.60758754309338,circular
41,1100,700,274.81244137068177,-85,-85,-85,-85,1350,700,255.28300953871616,16.60758754309338,circular
42,1100,700,274.81244137068177,-85,-85,-85,-85,1350,700,271.8905970818095,16.60758754309338,circular
43,1100,700,274.81244137068177,-85,-85,-85,-85,1350,700,288.4981846249029,16.60758754309338,circular
44,1100,700,274.81244137068177,-85,-85,-85,-85,1350,700,305.10577216799624,16.60758754309338,circular
45,1100,700,274.81244137068177,-85,-85,-85,-85,1350,700,321.7133597110896,16.60758754309338,circular
46,1100,700,274.81244137068177,-85,-85,-85,-85,1350,700,338.32094725418295,16.60758754309338,circular
47,1100,700,274.81244137068177,-85,-85,-85,-85,1350,700,354.9285347972763,16.60758754309338,circular
48,1100,700,274.81244137068177,-85,-85,-85,-85,1350,700,11.536122340369673,16.60758754309338,circular
49,1100,700,274.81244137068177,-85,-85,-85,-85,1350,700,28.143709883463053,16.60758754309338,circular
50,1100,700,274.81244137068177,-85,-85,-85,-85,1350,700,44.751297426556434,16.60758754309338,circular
51,1100,700,274.81244137068177,-85,-85,-85,-85,1350,700,61.358884969649814,16.60758754309338,circular
52,1100,700,274.81244137068177,-85,-85,-85,-85,1350,700,77.9664725127432,16.60758754309338,circular
53,1100,700,274.81244137068177,-85,-85,-85,-85,1350,700,94.57406005583658,16.60758754309338,circular
54,1100,700,274.81244137068177,-85,-85,-85,-85,1350,700,111.18164759892997,16.60758754309338,circular
55,1100,700,274.81244137068177,-85,-85,-85,-85,1350,700,127.78923514202336,16.60758754309338,circular
56,1100,700,274.81244137068177,-85,-85,-85,-85,1350,700,144.39682268511675,16.60758754309338,circular
57,1100,700,274.81244137068177,20.48098321025059,22.170735458799452,-85,-85,1350,700,161.00441022821013,16.60758754309338,circular
58,1100,700,274.81244137068177,24.92014212493214,25.26334459461691,-85,-85,1350,700,177.61199777130352,16.60758754309338,circular
59,1100,700,274.81244137068177,26.053745949214605,26.077602459396946,-85,-85,1350,700,194.2195853143969,16.60758754309338,circular
60,1100,700,274.81244137068177,25.684904084789977,25.361807294499556,-85,-85,1350,700,210.8271728574903,16.60758754309338,circular
61,1100,700,274.81244137068177,23.319699537123853,22.496022074683278,-85,-85,1350,700,227.43476040058368,16.60758754309338,circular
62,1100,700,274.81244137068177,-85,-85,-85,-85,1350,700,244.04234794367707,16.60758754309338,circular
63,1100,700,274.81244137068177,-85,-85,-85,-85,1350,700,260.64993548677046,16.60758754309338,circular
64,1100,700,274.81244137068177,-85,-85,-85,-85,1350,700,277.2575230298638,16.60758754309338,circular
65,1100,700,274.81244137068177,-85,-85,-85,-85,1350,700,293.8651105729572,16.60758754309338,circular
66,1100,700,274.81244137068177,-85,-85,-85,-85,1350,700,310.47269811605054,16.60758754309338,circular
67,1100,700,274.81244137068177,-85,-85,-85,-85,1350,700,327.0802856591439,16.60758754309338,circular
68,1100,700,274.81244137068177,-85,-85,-85,-85,1350,700,343.68787320223726,16.60758754309338,circular
69,1100,700,274.81244137068177,-85,-85,-85,-85,1350,700,0.2954607453306153,16.60758754309338,circular
70,1100,700,274.81244137068177,-85,-85,-85,-85,1350,700,16.903048288423996,16.60758754309338,circular
71,1100,700,274.81244137068177,-85,-85,-85,-85,1350,700,33.51063583151738,16.60758754309338,circular
72,1100,700,274.81244137068177,-85,-85,-85,-85,1350,700,50.11822337461076,16.60758754309338,circular
73,1100,700,274.81244137068177,-85,-85,-85,-85,1350,700,66.72581091770414,16.60758754309338,circular
74,1100,700,274.81244137068177,-85,-85,-85,-85,1350,700,83.33339846079753,16.60758754309338,circular
75,1100,700,274.81244137068177,-85,-85,-85,-85,1350,700,99.94098600389091,16.60758754309338,circular
76,1100,700,274.81244137068177,-85,-85,-85,-85,1350,700,116.5485735469843,16.60758754309338,circular
77,1100,700,274.81244137068177,-85,-85,-85,-85,1350,700,133.1561610900777,16.60758754309338,circular
78,1100,700,274.81244137068177,-85,-85,-85,-85,1350,700,149.76374863317108,16.60758754309338,circular
79,1100,700,274.81244137068177,22.793695368992218,23.553218972269416,-85,-85,1350,700,166.37133617626446,16.60758754309338,circular
80,1100,700,274.81244137068177,25.452908776355446,25.7492610641292,-85,-85,1350,700,182.97892371935785,16.60758754309338,circular
81,1100,700,274.81244137068177,26.074956048612798,26.035130213615616,-85,-85,1350,700,199.58651126245124,16.60758754309338,circular
82,1100,700,274.81244137068177,25.157178905256924,24.788337040832293,-85,-85,1350,700,216.19409880554463,16.60758754309338,circular
83,1100,700,274.81244137068177,21.81335663023087,20.48098321025059,-85,-85,1350,700,232.80168634863801,16.60758754309338,circular
84,1100,700,274.81244137068177,-85,-85,-85,-85,1350,700,249.4092738917314,16.60758754309338,circular
85,1100,700,274.81244137068177,-85,-85,-85,-85,1350,700,266.01686143482476,16.60758754309338,circular
86,1100,700,274.81244137068177,-85,-85,-85,-85,1350,700,282.6244489779181,16.60758754309338,circular
87,1100,700,274.81244137068177,-85,-85,-85,-85,1350,700,299.2320365210115,16.60758754309338,circular
88,1100,700,274.81244137068177,-85,-85,-85,-85,1350,700,315.83962406410484,16.60758754309338,circular
89,1100,700,274.81244137068177,-85,-85,-85,-85,1350,700,332.4472116071982,16.60758754309338,circular
90,1100,700,274.81244137068177,-85,-85,-85,-85,1350,700,349.05479915029156,16.60758754309338,circular
91,1100,700,274.81244137068177,-85,-85,-85,-85,1350,700,5.662386693384917,16.60758754309338,circular
92,1100,700,274.81244137068177,-85,-85,-85,-85,1350,700,22.269974236478298,16.60758754309338,circular
93,1100,700,274.81244137068177,-85,-85,-85,-85,1350,700,38.87756177957168,16.60758754309338,circular
94,1100,700,274.81244137068177,-85,-85,-85,-85,1350,700,55.48514932266506,16.60758754309338,circular
95,1100,700,274.81244137068177,-85,-85,-85,-85,1350,700,72.09273686575844,16.60758754309338,circular
96,1100,700,274.81244137068177,-85,-85,-85,-85,1350,700,88.70032440885183,16.60758754309338,circular
97,1100,700,274.81244137068177,-85,-85,-85,-85,1350,700,105.30791195194521,16.60758754309338,circular
98,1100,700,274.81244137068177,-85,-85,-85,-85,1350,700,121.9154994950386,16.60758754309338,circular
99,1100,700,274.81244137068177,-85,-85,-85,-85,1350,700,138.523087038132,16.60758754309338,circular
100,1100,700,274.81244137068177,14.513447644213304,19.25639156218217,-85,-85,1350,700,155.13067458122538,16.60758754309338,circular
101,1100,700,274.81244137068177,23.971022246457757,24.495315191602927,-85,-85,1350,700,171.73826212431877,16.60758754309338,circular
102,1100,700,274.81244137068177,25.859665714847075,25.9816463993744,-85,-85,1350,700,188.34584966741215,16.60758754309338,circular
103,1100,700,274.81244137068177,25.9816463993744,25.807460623826316,-85,-85,1350,700,204.95343721050554,16.60758754309338,circular
104,1100,700,274.81244137068177,24.495315191602927,23.97102224645776,-85,-85,1350,700,221.56102475359893,16.60758754309338,circular
105,1100,700,274.81244137068177,18.474304759512954,14.513447644213265,-85,-85,1350,700,238.16861229669232,16.60758754309338,circular
106,1100,700,274.81244137068177,-85,-85,-85,-85,1350,700,254.7761998397857,16.60758754309338,circular
107,1100,700,274.81244137068177,-85,-85,-85,-85,1350,700,271.38378738287906,16.60758754309338,circular
108,1100,700,274.81244137068177,-85,-85,-85,-85,1350,700,287.9913749259724,16.60758754309338,circular
109,1100,700,274.81244137068177,-85,-85,-85,-85,1350,700,304.5989624690658,16.60758754309338,circular
110,1100,700,274.81244137068177,-85,-85,-85,-85,1350,700,321.20655001215914,16.60758754309338,circular
111,1100,700,274.81244137068177,-85,-85,-85,-85,1350,700,337.8141375552525,16.60758754309338,circular
112,1100,700,274.81244137068177,-85,-85,-85,-85,1350,700,354.42172509834586,16.60758754309338,circular
113,1100,700,274.81244137068177,-85,-85,-85,-85,1350,700,11.029312641439219,16.60758754309338,circular
114,1100,700,274.81244137068177,-85,-85,-85,-85,1350,700,27.6369001845326,16.60758754309338,circular
115,1100,700,274.81244137068177,-85,-85,-85,-85,1350,700,44.24448772762598,16.60758754309338,circular
116,1100,700,274.81244137068177,-85,-85,-85,-85,1350,700,60.85207527071936,16.60758754309338,circular
117,1100,700,274.81244137068177,-85,-85,-85,-85,1350,700,77.45966281381274,16.60758754309338,circular
118,1100,700,274.81244137068177,-85,-85,-85,-85,1350,700,94.06725035690613,16.60758754309338,circular
119,1100,700,274.81244137068177,-85,-85,-85,-85,1350,700,110.67483789999952,16.60758754309338,circular
120,1100,700,274.81244137068177,-85,-85,-85,-85,1350,700,127.2824254430929,16.60758754309338,circular
121,1100,700,274.81244137068177,-85,-85,-85,-85,1350,700,143.8900129861863,16.60758754309338,circular
122,1100,700,274.81244137068177,20.48098321025059,21.813356630230874,-85,-85,1350,700,160.49760052927968,16.60758754309338,circular
123,1100,700,274.81244137068177,24.78833704083229,25.26334459461691,-85,-85,1350,700,177.10518807237307,16.60758754309338,circular
124,1100,700,274.81244137068177,26.035130213615616,26.074956048612798,-85,-85,1350,700,193.71277561546646,16.60758754309338,circular
125,1100,700,274.81244137068177,25.684904084789977,25.452908776355446,-85,-85,1350,700,210.32036315855984,16.60758754309338,circular
126,1100,700,274.81244137068177,23.553218972269416,22.496022074683278,-85,-85,1350,700,226.92795070165323,16.60758754309338,circular
127,1100,700,274.81244137068177,-85,-85,-85,-85,1350,700,243.53553824474662,16.60758754309338,circular
128,1100,700,274.81244137068177,-85,-85,-85,-85,1350,700,260.14312578784,16.60758754309338,circular
129,1100,700,274.81244137068177,-85,-85,-85,-85,1350,700,276.75071333093337,16.60758754309338,circular
130,1100,700,274.81244137068177,-85,-85,-85,-85,1350,700,293.3583008740267,16.60758754309338,circular
131,1100,700,274.81244137068177,-85,-85,-85,-85,1350,700,309.9658884171201,16.60758754309338,circular
132,1100,700,274.81244137068177,-85,-85,-85,-85,1350,700,326.57347596021344,16.60758754309338,circular
133,1100,700,274.81244137068177,-85,-85,-85,-85,1350,700,343.1810635033068,16.60758754309338,circular
134,1100,700,274.81244137068177,-85,-85,-85,-85,1350,700,359.78865104640016,16.60758754309338,circular
135,1100,700,274.81244137068177,-85,-85,-85,-85,1350,700,16.39623858949352,16.60758754309338,circular
136,1100,700,274.81244137068177,-85,-85,-85,-85,1350,700,33.0038261325869,16.60758754309338,circular
137,1100,700,274.81244137068177,-85,-85,-85,-85,1350,700,49.61141367568028,16.60758754309338,circular
138,1100,700,274.81244137068177,-85,-85,-85,-85,1350,700,66.21900121877366,16.60758754309338,circular
139,1100,700,274.81244137068177,-85,-85,-85,-85,1350,700,82.82658876186704,16.60758754309338,circular
140,1100,700,274.81244137068177,-85,-85,-85,-85,1350,700,99.43417630496043,16.60758754309338,circular
141,1100,700,274.81244137068177,-85,-85,-85,-85,1350,700,116.04176384805382,16.60758754309338,circular
142,1100,700,274.81244137068177,-85,-85,-85,-85,1350,700,132.6493513911472,16.60758754309338,circular
143,1100,700,274.81244137068177,-85,-85,-85,-85,1350,700,149.2569389342406,16.60758754309338,circular
144,1100,700,274.81244137068177,22.496022074683278,23.553218972269416,-85,-85,1350,700,165.86452647733398,16.60758754309338,circular
145,1100,700,274.81244137068177,25.452908776355446,25.684904084789974,-85,-85,1350,700,182.47211402042737,16.60758754309338,circular
146,1100,700,274.81244137068177,26.077602459396946,26.035130213615616,-85,-85,1350,700,199.07970156352076,16.60758754309338,circular
147,1100,700,274.81244137068177,25.263344594616918,24.92014212493214,-85,-85,1350,700,215.68728910661414,16.60758754309338,circular
148,1100,700,274.81244137068177,21.81335663023087,20.48098321025059,-85,-85,1350,700,232.29487664970753,16.60758754309338,circular
149,1100,700,274.81244137068177,-85,-85,-85,-85,1350,700,248.90246419280092,16.60758754309338,circular
150,1100,700,274.81244137068177,-85,-85,-85,-85,1350,700,265.5100517358943,16.60758754309338,circular
151,1100,700,274.81244137068177,-85,-85,-85,-85,1350,700,282.11763927898767,16.60758754309338,circular
152,1100,700,274.81244137068177,-85,-85,-85,-85,1350,700,298.725226822081,16.60758754309338,circular
153,1100,700,274.81244137068177,-85,-85,-85,-85,1350,700,315.3328143651744,16.60758754309338,circular
154,1100,700,274.81244137068177,-85,-85,-85,-85,1350,700,331.94040190826775,16.60758754309338,circular
155,1100,700,274.81244137068177,-85,-85,-85,-85,1350,700,348.5479894513611,16.60758754309338,circular
156,1100,700,274.81244137068177,-85,-85,-85,-85,1350,700,5.155576994454464,16.60758754309338,circular
157,1100,700,274.81244137068177,-85,-85,-85,-85,1350,700,21.763164537547844,16.60758754309338,circular
158,1100,700,274.81244137068177,-85,-85,-85,-85,1350,700,38.370752080641225,16.60758754309338,circular
159,1100,700,274.81244137068177,-85,-85,-85,-85,1350,700,54.978339623734605,16.60758754309338,circular
160,1100,700,274.81244137068177,-85,-85,-85,-85,1350,700,71.58592716682799,16.60758754309338,circular
161,1100,700,274.81244137068177,-85,-85,-85,-85,1350,700,88.19351470992137,16.60758754309338,circular
162,1100,700,274.81244137068177,-85,-85,-85,-85,1350,700,104.80110225301476,16.60758754309338,circular
163,1100,700,274.81244137068177,-85,-85,-85,-85,1350,700,121.40868979610815,16.60758754309338,circular
164,1100,700,274.81244137068177,-85,-85,-85,-85,1350,700,138.01627733920154,16.60758754309338,circular
165,1100,700,274.81244137068177,14.513447644213304,18.47430475951294,-85,-85,1350,700,154.62386488229492,16.60758754309338,circular
166,1100,700,274.81244137068177,23.971022246457757,24.495315191602927,-85,-85,1350,700,171.2314524253883,16.60758754309338,circular
167,1100,700,274.81244137068177,25.80746062382631,25.9816463993744,-85,-85,1350,700,187.8390399684817,16.60758754309338,circular
168,1100,700,274.81244137068177,25.9816463993744,25.859665714847075,-85,-85,1350,700,204.4466275115751,16.60758754309338,circular
169,1100,700,274.81244137068177,24.646943359767004,23.97102224645776,-85,-85,1350,700,221.05421505466848,16.60758754309338,circular
170,1100,700,274.81244137068177,19.25639156218219,16.269948115724716,-85,-85,1350,700,237.66180259776186,16.60758754309338,circular
171,1100,700,274.81244137068177,-85,-85,-85,-85,1350,700,254.26939014085525,16.60758754309338,circular
172,1100,700,274.81244137068177,-85,-85,-85,-85,1350,700,270.8769776839486,16.60758754309338,circular
173,1100,700,274.81244137068177,-85,-85,-85,-85,1350,700,287.48456522704197,16.60758754309338,circular
174,1100,700,274.81244137068177,-85,-85,-85,-85,1350,700,304.0921527701353,16.60758754309338,circular
175,1100,700,274.81244137068177,-85,-85,-85,-85,1350,700,320.6997403132287,16.60758754309338,circular
176,1100,700,274.81244137068177,-85,-85,-85,-85,1350,700,337.30732785632205,16.60758754309338,circular
177,1100,700,274.81244137068177,-85,-85,-85,-85,1350,700,353.9149153994154,16.60758754309338,circular
178,1100,700,274.81244137068177,-85,-85,-85,-85,1350,700,10.522502942508765,16.60758754309338,circular
179,1100,700,274.81244137068177,-85,-85,-85,-85,1350,700,27.130090485602146,16.60758754309338,circular
180,1100,700,274.81244137068177,-85,-85,-85,-85,1350,700,43.73767802869553,16.60758754309338,circular
181,1100,700,274.81244137068177,-85,-85,-85,-85,1350,700,60.34526557178891,16.60758754309338,circular
182,1100,700,274.81244137068177,-85,-85,-85,-85,1350,700,76.95285311488229,16.60758754309338,circular
183,1100,700,274.81244137068177,-85,-85,-85,-85,1350,700,93.56044065797568,16.60758754309338,circular
184,1100,700,274.81244137068177,-85,-85,-85,-85,1350,700,110.16802820106906,16.60758754309338,circular
185,1100,700,274.81244137068177,-85,-85,-85,-85,1350,700,126.77561574416245,16.60758754309338,circular
186,1100,700,274.81244137068177,-85,-85,-85,-85,1350,700,143.38320328725584,16.60758754309338,circular
187,1100,700,274.81244137068177,19.91435422725632,21.813356630230874,-85,-85,1350,700,159.99079083034923,16.60758754309338,circular
188,1100,700,274.81244137068177,24.78833704083229,25.157178905256924,-85,-85,1350,700,176.5983783734426,16.60758754309338,circular
189,1100,700,274.81244137068177,26.035130213615616,26.074956048612798,-85,-85,1350,700,193.205965916536,16.60758754309338,circular
190,1100,700,274.81244137068177,25.7492610641292,25.452908776355446,-85,-85,1350,700,209.8135534596294,16.60758754309338,circular
191,1100,700,274.81244137068177,23.553218972269416,22.793695368992225,-85,-85,1350,700,226.42114100272278,16.60758754309338,circular
192,1100,700,274.81244137068177,11.50579409835762,-85,-85,-85,1350,700,243.02872854581616,16.60758754309338,circular
193,1100,700,274.81244137068177,-85,-85,-85,-85,1350,700,259.63631608890955,16.60758754309338,circular
194,1100,700,274.81244137068177,-85,-85,-85,-85,1350,700,276.2439036320029,16.60758754309338,circular
195,1100,700,274.81244137068177,-85,-85,-85,-85,1350,700,292.85149117509627,16.60758754309338,circular
196,1100,700,274.81244137068177,-85,-85,-85,-85,1350,700,309.45907871818963,16.60758754309338,circular
197,1100,700,274.81244137068177,-85,-85,-85,-85,1350,700,326.066666261283,16.60758754309338,circular
198,1100,700,274.81244137068177,-85,-85,-85,-85,1350,700,342.67425380437635,16.60758754309338,circular
199,1100,700,274.81244137068177,-85,-85,-85,-85,1350,700,359.2818413474697,16.60758754309338,circular
200,1100,700,274.81244137068177,-85,-85,-85,-85,1350,700,15.889428890563067,16.60758754309338,circular
201,1100,700,274.81244137068177,-85,-85,-85,-85,1350,700,32.49701643365645,16.60758754309338,circular
202,1100,700,274.81244137068177,-85,-85,-85,-85,1350,700,49.10460397674983,16.60758754309338,circular
203,1100,700,274.81244137068177,-85,-85,-85,-85,1350,700,65.7121915198432,16.60758754309338,circular
204,1100,700,274.81244137068177,-85,-85,-85,-85,1350,700,82.31977906293659,16.60758754309338,circular
205,1100,700,274.81244137068177,-85,-85,-85,-85,1350,700,98.92736660602998,16.60758754309338,circular
206,1100,700,274.81244137068177,-85,-85,-85,-85,1350,700,115.53495414912337,16.60758754309338,circular
207,1100,700,274.81244137068177,-85,-85,-85,-85,1350,700,132.14254169221675,16.60758754309338,circular
208,1100,700,274.81244137068177,-85,-85,-85,-85,1350,700,148.75012923531014,16.60758754309338,circular
209,1100,700,274.81244137068177,22.496022074683278,23.31969953712386,-85,-85,1350,700,165.35771677840353,16.60758754309338,circular
210,1100,700,274.81244137068177,25.36180729449956,25.684904084789974,-85,-85,1350,700,181.96530432149692,16.60758754309338,circular
211,1100,700,274.81244137068177,26.077602459396946,26.053745949214605,-85,-85,1350,700,198.5728918645903,16.60758754309338,circular
212,1100,700,274.81244137068177,25.263344594616918,24.92014212493214,-85,-85,1350,700,215.1804794076837,16.60758754309338,circular
213,1100,700,274.81244137068177,22.170735458799452,20.97742610025735,-85,-85,1350,700,231.78806695077708,16.60758754309338,circular
214,1100,700,274.81244137068177,-85,-85,-85,-85,1350,700,248.39565449387047,16.60758754309338,circular
215,1100,700,274.81244137068177,-85,-85,-85,-85,1350,700,265.00324203696385,16.60758754309338,circular
216,1100,700,274.81244137068177,-85,-85,-85,-85,1350,700,281.6108295800572,16.60758754309338,circular
217,1100,700,274.81244137068177,-85,-85,-85,-85,1350,700,298.2184171231506,16.60758754309338,circular
218,1100,700,274.81244137068177,-85,-85,-85,-85,1350,700,314.82600466624393,16.60758754309338,circular
219,1100,700,274.81244137068177,-85,-85,-85,-85,1350,700,331.4335922093373,16.60758754309338,circular
220,1100,700,274.81244137068177,-85,-85,-85,-85,1350,700,348.04117975243065,16.60758754309338,circular
221,1100,700,274.81244137068177,-85,-85,-85,-85,1350,700,4.64876729552401,16.60758754309338,circular
222,1100,700,274.81244137068177,-85,-85,-85,-85,1350,700,21.25635483861739,16.60758754309338,circular
223,1100,700,274.81244137068177,-85,-85,-85,-85,1350,700,37.86394238171077,16.60758754309338,circular
224,1100,700,274.81244137068177,-85,-85,-85,-85,1350,700,54.47152992480415,16.60758754309338,circular
225,1100,700,274.81244137068177,-85,-85,-85,-85,1350,700,71.07911746789753,16.60758754309338,circular
226,1100,700,274.81244137068177,-85,-85,-85,-85,1350,700,87.68670501099092,16.60758754309338,circular
227,1100,700,274.81244137068177,-85,-85,-85,-85,1350,700,104.29429255408431,16.60758754309338,circular
228,1100,700,274.81244137068177,-85,-85,-85,-85,1350,700,120.9018800971777,16.60758754309338,circular
229,1100,700,274.81244137068177,-85,-85,-85,-85,1350,700,137.50946764027108,16.60758754309338,circular
230,1100,700,274.81244137068177,11.505794098357505,18.47430475951294,-85,-85,1350,700,154.11705518336447,16.60758754309338,circular
231,1100,700,274.81244137068177,23.769789312347285,24.33271141113945,-85,-85,1350,700,170.72464272645786,16.60758754309338,circular
232,1100,700,274.81244137068177,25.80746062382631,25.946643644493044,-85,-85,1350,700,187.33223026955125,16.60758754309338,circular
233,1100,700,274.81244137068177,26.011117049096303,25.859665714847075,-85,-85,1350,700,203.93981781264463,16.60758754309338,circular
234,1100,700,274.81244137068177,24.646943359767004,24.1582774269213,-85,-85,1350,700,220.54740535573802,16.60758754309338,circular
235,1100,700,274.81244137068177,19.25639156218219,16.269948115724716,-85,-85,1350,700,237.1549928988314,16.60758754309338,circular
236,1100,700,274.81244137068177,-85,-85,-85,-85,1350,700,253.7625804419248,16.60758754309338,circular
237,1100,700,274.81244137068177,-85,-85,-85,-85,1350,700,270.37016798501816,16.60758754309338,circular
238,1100,700,274.81244137068177,-85,-85,-85,-85,1350,700,286.9777555281115,16.60758754309338,circular
239,1100,700,274.81244137068177,-85,-85,-85,-85,1350,700,303.5853430712049,16.60758754309338,circular
240,1100,700,274.81244137068177,-85,-85,-85,-85,1350,700,320.19293061429823,16.60758754309338,circular
241,1100,700,274.81244137068177,-85,-85,-85,-85,1350,700,336.8005181573916,16.60758754309338,circular
242,1100,700,274.81244137068177,-85,-85,-85,-85,1350,700,353.40810570048495,16.60758754309338,circular
243,1100,700,274.81244137068177,-85,-85,-85,-85,1350,700,10.015693243578312,16.60758754309338,circular
244,1100,700,274.81244137068177,-85,-85,-85,-85,1350,700,26.623280786671693,16.60758754309338,circular
245,1100,700,274.81244137068177,-85,-85,-85,-85,1350,700,43.23086832976507,16.60758754309338,circular
246,1100,700,274.81244137068177,-85,-85,-85,-85,1350,700,59.838455872858454,16.60758754309338,circular
247,1100,700,274.81244137068177,-85,-85,-85,-85,1350,700,76.44604341595183,16.60758754309338,circular
248,1100,700,274.81244137068177,-85,-85,-85,-85,1350,700,93.05363095904522,16.60758754309338,circular
249,1100,700,274.81244137068177,-85,-85,-85,-85,1350,700,109.66121850213861,16.60758754309338,circular
250,1100,700,274.81244137068177,-85,-85,-85,-85,1350,700,126.268806045232,16.60758754309338,circular
251,1100,700,274.81244137068177,-85,-85,-85,-85,1350,700,142.87639358832539,16.60758754309338,circular
252,1100,700,274.81244137068177,19.91435422725632,21.41811930585211,-85,-85,1350,700,159.48398113141877,16.60758754309338,circular
253,1100,700,274.81244137068177,24.646943359767004,25.157178905256924,-85,-85,1350,700,176.09156867451216,16.60758754309338,circular
254,1100,700,274.81244137068177,26.011117049096303,26.067010357935978,-85,-85,1350,700,192.69915621760555,16.60758754309338,circular
255,1100,700,274.81244137068177,25.7492610641292,25.536951728381826,-85,-85,1350,700,209.30674376069894,16.60758754309338,circular
256,1100,700,274.81244137068177,23.769789312347285,22.793695368992225,-85,-85,1350,700,225.91433130379232,16.60758754309338,circular
257,1100,700,274.81244137068177,11.50579409835762,-85,-85,-85,1350,700,242.5219188468857,16.60758754309338,circular
258,1100,700,274.81244137068177,-85,-85,-85,-85,1350,700,259.1295063899791,16.60758754309338,circular
259,1100,700,274.81244137068177,-85,-85,-85,-85,1350,700,275.73709393307246,16.60758754309338,circular
260,1100,700,274.81244137068177,-85,-85,-85,-85,1350,700,292.3446814761658,16.60758754309338,circular
261,1100,700,274.81244137068177,-85,-85,-85,-85,1350,700,308.9522690192592,16.60758754309338,circular
262,1100,700,274.81244137068177,-85,-85,-85,-85,1350,700,325.55985656235254,16.60758754309338,circular
263,1100,700,274.81244137068177,-85,-85,-85,-85,1350,700,342.1674441054459,16.60758754309338,circular
264,1100,700,274.81244137068177,-85,-85,-85,-85,1350,700,358.77503164853925,16.60758754309338,circular
265,1100,700,274.81244137068177,-85,-85,-85,-85,1350,700,15.382619191632614,16.60758754309338,circular
266,1100,700,274.81244137068177,-85,-85,-85,-85,1350,700,31.990206734725994,16.60758754309338,circular
267,1100,700,274.81244137068177,-85,-85,-85,-85,1350,700,48.597794277819375,16.60758754309338,circular
268,1100,700,274.81244137068177,-85,-85,-85,-85,1350,700,65.20538182091275,16.60758754309338,circular
269,1100,700,274.81244137068177,-85,-85,-85,-85,1350,700,81.81296936400614,16.60758754309338,circular
270,1100,700,274.81244137068177,-85,-85,-85,-85,1350,700,98.42055690709952,16.60758754309338,circular
271,1100,700,274.81244137068177,-85,-85,-85,-85,1350,700,115.02814445019291,16.60758754309338,circular
272,1100,700,274.81244137068177,-85,-85,-85,-85,1350,700,131.6357319932863,16.60758754309338,circular
273,1100,700,274.81244137068177,-85,-85,-85,-85,1350,700,148.2433195363797,16.60758754309338,circular
274,1100,700,274.81244137068177,22.170735458799452,23.31969953712386,-85,-85,1350,700,164.85090707947307,16.60758754309338,circular
275,1100,700,274.81244137068177,25.36180729449956,25.614204328866276,-85,-85,1350,700,181.45849462256646,16.60758754309338,circular
276,1100,700,274.81244137068177,26.077602459396946,26.053745949214605,-85,-85,1350,700,198.06608216565985,16.60758754309338,circular
277,1100,700,274.81244137068177,25.361807294499556,25.042923900792417,-85,-85,1350,700,214.67366970875324,16.60758754309338,circular
278,1100,700,274.81244137068177,22.170735458799452,20.97742610025735,-85,-85,1350,700,231.28125725184663,16.60758754309338,circular
279,1100,700,274.81244137068177,-85,-85,-85,-85,1350,700,247.88884479494,16.60758754309338,circular
280,1100,700,274.81244137068177,-85,-85,-85,-85,1350,700,264.4964323380334,16.60758754309338,circular
281,1100,700,274.81244137068177,-85,-85,-85,-85,1350,700,281.10401988112676,16.60758754309338,circular
282,1100,700,274.81244137068177,-85,-85,-85,-85,1350,700,297.7116074242201,16.60758754309338,circular
283,1100,700,274.81244137068177,-85,-85,-85,-85,1350,700,314.3191949673135,16.60758754309338,circular
284,1100,700,274.81244137068177,-85,-85,-85,-85,1350,700,330.92678251040684,16.60758754309338,circular
285,1100,700,274.81244137068177,-85,-85,-85,-85,1350,700,347.5343700535002,16.60758754309338,circular
286,1100,700,274.81244137068177,-85,-85,-85,-85,1350,700,4.1419575965935564,16.60758754309338,circular
287,1100,700,274.81244137068177,-85,-85,-85,-85,1350,700,20.749545139686937,16.60758754309338,circular
288,1100,700,274.81244137068177,-85,-85,-85,-85,1350,700,37.35713268278032,16.60758754309338,circular
289,1100,700,274.81244137068177,-85,-85,-85,-85,1350,700,53.9647202258737,16.60758754309338,circular
290,1100,700,274.81244137068177,-85,-85,-85,-85,1350,700,70.57230776896708,16.60758754309338,circular
291,1100,700,274.81244137068177,-85,-85,-85,-85,1350,700,87.17989531206047,16.60758754309338,circular
292,1100,700,274.81244137068177,-85,-85,-85,-85,1350,700,103.78748285515385,16.60758754309338,circular
293,1100,700,274.81244137068177,-85,-85,-85,-85,1350,700,120.39507039824724,16.60758754309338,circular
294,1100,700,274.81244137068177,-85,-85,-85,-85,1350,700,137.00265794134063,16.60758754309338,circular
295,1100,700,274.81244137068177,11.505794098357505,17.513155499392102,-85,-85,1350,700,153.61024548443402,16.60758754309338,circular
296,1100,700,274.81244137068177,23.769789312347285,24.33271141113945,-85,-85,1350,700,170.2178330275274,16.60758754309338,circular
297,1100,700,274.81244137068177,25.7492610641292,25.946643644493044,-85,-85,1350,700,186.8254205706208,16.60758754309338,circular
298,1100,700,274.81244137068177,26.011117049096303,25.906018829630398,-85,-85,1350,700,203.43300811371418,16.60758754309338,circular
299,1100,700,274.81244137068177,24.788337040832293,24.1582774269213,-85,-85,1350,700,220.04059565680757,16.60758754309338,circular
300,1100,700,274.81244137068177,19.914354227256315,17.51315549939211,-85,-85,1350,700,236.64818319990096,16.60758754309338,circular
301,1100,700,274.81244137068177,-85,-85,-85,-85,1350,700,253.25577074299434,16.60758754309338,circular
302,1100,700,274.81244137068177,-85,-85,-85,-85,1350,700,269.8633582860877,16.60758754309338,circular
303,1100,700,274.81244137068177,-85,-85,-85,-85,1350,700,286.47094582918106,16.60758754309338,circular
304,1100,700,274.81244137068177,-85,-85,-85,-85,1350,700,303.0785333722744,16.60758754309338,circular
305,1100,700,274.81244137068177,-85,-85,-85,-85,1350,700,319.6861209153678,16.60758754309338,circular
306,1100,700,274.81244137068177,-85,-85,-85,-85,1350,700,336.29370845846114,16.60758754309338,circular
307,1100,700,274.81244137068177,-85,-85,-85,-85,1350,700,352.9012960015545,16.60758754309338,circular
308,1100,700,274.81244137068177,-85,-85,-85,-85,1350,700,9.508883544647858,16.60758754309338,circular
309,1100,700,274.81244137068177,-85,-85,-85,-85,1350,700,26.11647108774124,16.60758754309338,circular
310,1100,700,274.81244137068177,-85,-85,-85,-85,1350,700,42.72405863083462,16.60758754309338,circular
311,1100,700,274.81244137068177,-85,-85,-85,-85,1350,700,59.331646173928,16.60758754309338,circular
312,1100,700,274.81244137068177,-85,-85,-85,-85,1350,700,75.93923371702138,16.60758754309338,circular
313,1100,700,274.81244137068177,-85,-85,-85,-85,1350,700,92.54682126011477,16.60758754309338,circular
314,1100,700,274.81244137068177,-85,-85,-85,-85,1350,700,109.15440880320816,16.60758754309338,circular
315,1100,700,274.81244137068177,-85,-85,-85,-85,1350,700,125.76199634630154,16.60758754309338,circular
316,1100,700,274.81244137068177,-85,-85,-85,-85,1350,700,142.36958388939493,16.60758754309338,circular
317,1100,700,274.81244137068177,19.25639156218217,21.41811930585211,-85,-85,1350,700,158.97717143248832,16.60758754309338,circular
318,1100,700,274.81244137068177,24.646943359767004,25.042923900792417,-85,-85,1350,700,175.5847589755817,16.60758754309338,circular
319,1100,700,274.81244137068177,26.011117049096303,26.067010357935978,-85,-85,1350,700,192.1923465186751,16.60758754309338,circular
320,1100,700,274.81244137068177,25.807460623826316,25.614204328866276,-85,-85,1350,700,208.79993406176848,16.60758754309338,circular
321,1100,700,274.81244137068177,23.769789312347285,23.067302502757133,-85,-85,1350,700,225.40752160486187,16.60758754309338,circular
322,1100,700,274.81244137068177,14.513447644213265,-85,-85,-85,1350,700,242.01510914795526,16.60758754309338,circular
323,1100,700,274.81244137068177,-85,-85,-85,-85,1350,700,258.62269669104865,16.60758754309338,circular
324,1100,700,274.81244137068177,-85,-85,-85,-85,1350,700,275.230284234142,16.60758754309338,circular
325,1100,700,274.81244137068177,-85,-85,-85,-85,1350,700,291.83787177723536,16.60758754309338,circular
326,1100,700,274.81244137068177,-85,-85,-85,-85,1350,700,308.4454593203287,16.60758754309338,circular
327,1100,700,274.81244137068177,-85,-85,-85,-85,1350,700,325.0530468634221,16.60758754309338,circular
328,1100,700,274.81244137068177,-85,-85,-85,-85,1350,700,341.66063440651544,16.60758754309338,circular
329,1100,700,274.81244137068177,-85,-85,-85,-85,1350,700,358.2682219496088,16.60758754309338,circular
330,1100,700,274.81244137068177,-85,-85,-85,-85,1350,700,14.87580949270216,16.60758754309338,circular
331,1100,700,274.81244137068177,-85,-85,-85,-85,1350,700,31.48339703579554,16.60758754309338,circular
332,1100,700,274.81244137068177,-85,-85,-85,-85,1350,700,48.09098457888892,16.60758754309338,circular
333,1100,700,274.81244137068177,-85,-85,-85,-85,1350,700,64.6985721219823,16.60758754309338,circular
334,1100,700,274.81244137068177,-85,-85,-85,-85,1350,700,81.30615966507568,16.60758754309338,circular
335,1100,700,274.81244137068177,-85,-85,-85,-85,1350,700,97.91374720816907,16.60758754309338,circular
336,1100,700,274.81244137068177,-85,-85,-85,-85,1350,700,114.52133475126246,16.60758754309338,circular
337,1100,700,274.81244137068177,-85,-85,-85,-85,1350,700,131.12892229435585,16.60758754309338,circular
338,1100,700,274.81244137068177,-85,-85,-85,-85,1350,700,147.73650983744923,16.60758754309338,circular
339,1100,700,274.81244137068177,22.170735458799452,23.06730250275713,-85,-85,1350,700,164.34409738054262,16.60758754309338,circular
340,1100,700,274.81244137068177,25.26334459461691,25.614204328866276,-85,-85,1350,700,180.951684923636,16.60758754309338,circular
341,1100,700,274.81244137068177,26.077602459396946,26.067010357935978,-85,-85,1350,700,197.5592724667294,16.60758754309338,circular
342,1100,700,274.81244137068177,25.361807294499556,25.042923900792417,-85,-85,1350,700,214.16686000982278,16.60758754309338,circular
343,1100,700,274.81244137068177,22.496022074683278,21.418119305852123,-85,-85,1350,700,230.77444755291617,16.60758754309338,circular
344,1100,700,274.81244137068177,-85,-85,-85,-85,1350,700,247.38203509600956,16.60758754309338,circular
345,1100,700,274.81244137068177,-85,-85,-85,-85,1350,700,263.98962263910295,16.60758754309338,circular
346,1100,700,274.81244137068177,-85,-85,-85,-85,1350,700,280.5972101821963,16.60758754309338,circular
347,1100,700,274.81244137068177,-85,-85,-85,-85,1350,700,297.20479772528967,16.60758754309338,circular
348,1100,700,274.81244137068177,-85,-85,-85,-85,1350,700,313.812385268383,16.60758754309338,circular
349,1100,700,274.81244137068177,-85,-85,-85,-85,1350,700,330.4199728114764,16.60758754309338,circular
350,1100,700,274.81244137068177,-85,-85,-85,-85,1350,700,347.02756035456974,16.60758754309338,circular
351,1100,700,274.81244137068177,-85,-85,-85,-85,1350,700,3.635147897663103,16.60758754309338,circular
352,1100,700,274.81244137068177,-85,-85,-85,-85,1350,700,20.242735440756483,16.60758754309338,circular
353,1100,700,274.81244137068177,-85,-85,-85,-85,1350,700,36.850322983849864,16.60758754309338,circular
354,1100,700,274.81244137068177,-85,-85,-85,-85,1350,700,53.457910526943245,16.60758754309338,circular
355,1100,700,274.81244137068177,-85,-85,-85,-85,1350,700,70.06549807003663,16.60758754309338,circular
356,1100,700,274.81244137068177,-85,-85,-85,-85,1350,700,86.67308561313001,16.60758754309338,circular
357,1100,700,274.81244137068177,-85,-85,-85,-85,1350,700,103.2806731562234,16.60758754309338,circular
358,1100,700,274.81244137068177,-85,-85,-85,-85,1350,700,119.88826069931679,16.60758754309338,circular
359,1100,700,274.81244137068177,-85,-85,-85,-85,1350,700,136.49584824241018,16.60758754309338,circular
360,1100,700,274.81244137068177,-85,17.513155499392102,-85,-85,1350,700,153.10343578550356,16.60758754309338,circular
361,1100,700,274.81244137068177,23.553218972269416,24.1582774269213,-85,-85,1350,700,169.71102332859695,16.60758754309338,circular
362,1100,700,274.81244137068177,25.7492610641292,25.906018829630398,-85,-85,1350,700,186.31861087169034,16.60758754309338,circular
363,1100,700,274.81244137068177,26.035130213615616,25.906018829630398,-85,-85,1350,700,202.92619841478373,16.60758754309338,circular
364,1100,700,274.81244137068177,24.788337040832293,24.332711411139446,-85,-85,1350,700,219.53378595787711,16.60758754309338,circular
365,1100,700,274.81244137068177,19.914354227256315,17.51315549939211,-85,-85,1350,700,236.1413735009705,16.60758754309338,circular
366,1100,700,274.81244137068177,-85,-85,-85,-85,1350,700,252.7489610440639,16.60758754309338,circular
367,1100,700,274.81244137068177,-85,-85,-85,-85,1350,700,269.35654858715725,16.60758754309338,circular
368,1100,700,274.81244137068177,-85,-85,-85,-85,1350,700,285.9641361302506,16.60758754309338,circular
369,1100,700,274.81244137068177,-85,-85,-85,-85,1350,700,302.57172367334397,16.60758754309338,circular
370,1100,700,274.81244137068177,-85,-85,-85,-85,1350,700,319.1793112164373,16.60758754309338,circular
371,1100,700,274.81244137068177,-85,-85,-85,-85,1350,700,335.7868987595307,16.60758754309338,circular
372,1100,700,274.81244137068177,-85,-85,-85,-85,1350,700,352.39448630262405,16.60758754309338,circular
373,1100,700,274.81244137068177,-85,-85,-85,-85,1350,700,9.002073845717405,16.60758754309338,circular
374,1100,700,274.81244137068177,-85,-85,-85,-85,1350,700,25.609661388810785,16.60758754309338,circular
375,1100,700,274.81244137068177,-85,-85,-85,-85,1350,700,42.217248931904166,16.60758754309338,circular
376,1100,700,274.81244137068177,-85,-85,-85,-85,1350,700,58.82483647499755,16.60758754309338,circular
377,1100,700,274.81244137068177,-85,-85,-85,-85,1350,700,75.43242401809093,16.60758754309338,circular
378,1100,700,274.81244137068177,-85,-85,-85,-85,1350,700,92.04001156118431,16.60758754309338,circular
379,1100,700,274.81244137068177,-85,-85,-85,-85,1350,700,108.6475991042777,16.60758754309338,circular
380,1100,700,274.81244137068177,-85,-85,-85,-85,1350,700,125.25518664737109,16.60758754309338,circular
381,1100,700,274.81244137068177,-85,-85,-85,-85,1350,700,141.86277419046448,16.60758754309338,circular
382,1100,700,274.81244137068177,19.25639156218217,20.97742610025734,-85,-85,1350,700,158.47036173355787,16.60758754309338,circular
383,1100,700,274.81244137068177,24.495315191602927,25.042923900792417,-85,-85,1350,700,175.07794927665125,16.60758754309338,circular
384,1100,700,274.81244137068177,25.9816463993744,26.053745949214605,-85,-85,1350,700,191.68553681974464,16.60758754309338,circular
385,1100,700,274.81244137068177,25.807460623826316,25.614204328866276,-85,-85,1350,700,208.29312436283803,16.60758754309338,circular
386,1100,700,274.81244137068177,23.97102224645776,23.067302502757133,-85,-85,1350,700,224.90071190593142,16.60758754309338,circular
387,1100,700,274.81244137068177,14.513447644213265,-85,-85,-85,1350,700,241.5082994490248,16.60758754309338,circular
388,1100,700,274.81244137068177,-85,-85,-85,-85,1350,700,258.1158869921182,16.60758754309338,circular
389,1100,700,274.81244137068177,-85,-85,-85,-85,1350,700,274.72347453521155,16.60758754309338,circular
390,1100,700,274.81244137068177,-85,-85,-85,-85,1350,700,291.3310620783049,16.60758754309338,circular
391,1100,700,274.81244137068177,-85,-85,-85,-85,1350,700,307.93864962139827,16.60758754309338,circular
392,1100,700,274.81244137068177,-85,-85,-85,-85,1350,700,324.54623716449163,16.60758754309338,circular
393,1100,700,274.81244137068177,-85,-85,-85,-85,1350,700,341.153824707585,16.60758754309338,circular
394,1100,700,274.81244137068177,-85,-85,-85,-85,1350,700,357.76141225067835,16.60758754309338,circular
395,1100,700,274.81244137068177,-85,-85,-85,-85,1350,700,14.368999793771707,16.60758754309338,circular
396,1100,700,274.81244137068177,-85,-85,-85,-85,1350,700,30.976587336865087,16.60758754309338,circular
397,1100,700,274.81244137068177,-85,-85,-85,-85,1350,700,47.58417487995847,16.60758754309338,circular
398,1100,700,274.81244137068177,-85,-85,-85,-85,1350,700,64.19176242305184,16.60758754309338,circular
399,1100,700,274.81244137068177,-85,-85,-85,-85,1350,700,80.79934996614523,16.60758754309338,circular
400,1100,700,274.81244137068177,-85,-85,-85,-85,1350,700,97.40693750923862,16.60758754309338,circular
401,1100,700,274.81244137068177,-85,-85,-85,-85,1350,700,114.014525052332,16.60758754309338,circular
402,1100,700,274.81244137068177,-85,-85,-85,-85,1350,700,130.6221125954254,16.60758754309338,circular
403,1100,700,274.81244137068177,-85,-85,-85,-85,1350,700,147.22970013851878,16.60758754309338,circular
404,1100,700,274.81244137068177,21.813356630230874,23.06730250275713,-85,-85,1350,700,163.83728768161217,16.60758754309338,circular
405,1100,700,274.81244137068177,25.26334459461691,25.536951728381826,-85,-85,1350,700,180.44487522470556,16.60758754309338,circular
406,1100,700,274.81244137068177,26.074956048612798,26.067010357935978,-85,-85,1350,700,197.05246276779894,16.60758754309338,circular
407,1100,700,274.81244137068177,25.452908776355446,25.157178905256924,-85,-85,1350,700,213.66005031089233,16.60758754309338,circular
408,1100,700,274.81244137068177,22.496022074683278,21.418119305852123,-85,-85,1350,700,230.26763785398572,16.60758754309338,circular
409,1100,700,274.81244137068177,-85,-85,-85,-85,1350,700,246.8752253970791,16.60758754309338,circular
410,1100,700,274.81244137068177,-85,-85,-85,-85,1350,700,263.4828129401725,16.60758754309338,circular
411,1100,700,274.81244137068177,-85,-85,-85,-85,1350,700,280.09040048326585,16.60758754309338,circular
412,1100,700,274.81244137068177,-85,-85,-85,-85,1350,700,296.6979880263592,16.60758754309338,circular
413,1100,700,274.81244137068177,-85,-85,-85,-85,1350,700,313.30557556945257,16.60758754309338,circular
414,1100,700,274.81244137068177,-85,-85,-85,-85,1350,700,329.91316311254593,16.60758754309338,circular
415,1100,700,274.81244137068177,-85,-85,-85,-85,1350,700,346.5207506556393,16.60758754309338,circular
416,1100,700,274.81244137068177,-85,-85,-85,-85,1350,700,3.1283381987326493,16.60758754309338,circular
417,1100,700,274.81244137068177,-85,-85,-85,-85,1350,700,19.73592574182603,16.60758754309338,circular
418,1100,700,274.81244137068177,-85,-85,-85,-85,1350,700,36.34351328491941,16.60758754309338,circular
419,1100,700,274.81244137068177,-85,-85,-85,-85,1350,700,52.95110082801279,16.60758754309338,circular
420,1100,700,274.81244137068177,-85,-85,-85,-85,1350,700,69.55868837110617,16.60758754309338,circular
421,1100,700,274.81244137068177,-85,-85,-85,-85,1350,700,86.16627591419956,16.60758754309338,circular
422,1100,700,274.81244137068177,-85,-85,-85,-85,1350,700,102.77386345729295,16.60758754309338,circular
423,1100,700,274.81244137068177,-85,-85,-85,-85,1350,700,119.38145100038633,16.60758754309338,circular
424,1100,700,274.81244137068177,-85,-85,-85,-85,1350,700,135.98903854347972,16.60758754309338,circular
425,1100,700,274.81244137068177,-85,16.269948115724727,-85,-85,1350,700,152.5966260865731,16.60758754309338,circular
426,1100,700,274.81244137068177,23.553218972269416,24.1582774269213,-85,-85,1350,700,169.2042136296665,16.60758754309338,circular
427,1100,700,274.81244137068177,25.684904084789974,25.906018829630398,-85,-85,1350,700,185.81180117275989,16.60758754309338,circular
428,1100,700,274.81244137068177,26.035130213615616,25.946643644493044,-85,-85,1350,700,202.41938871585327,16.60758754309338,circular
429,1100,700,274.81244137068177,24.92014212493214,24.332711411139446,-85,-85,1350,700,219.02697625894666,16.60758754309338,circular
430,1100,700,274.81244137068177,20.48098321025059,18.474304759512954,-85,-85,1350,700,235.63456380204005,16.60758754309338,circular
431,1100,700,274.81244137068177,-85,-85,-85,-85,1350,700,252.24215134513344,16.60758754309338,circular
432,1100,700,274.81244137068177,-85,-85,-85,-85,1350,700,268.8497388882268,16.60758754309338,circular
433,1100,700,274.81244137068177,-85,-85,-85,-85,1350,700,285.45732643132015,16.60758754309338,circular
434,1100,700,274.81244137068177,-85,-85,-85,-85,1350,700,302.0649139744135,16.60758754309338,circular
435,1100,700,274.81244137068177,-85,-85,-85,-85,1350,700,318.6725015175069,16.60758754309338,circular
436,1100,700,274.81244137068177,-85,-85,-85,-85,1350,700,335.28008906060023,16.60758754309338,circular
437,1100,700,274.81244137068177,-85,-85,-85,-85,1350,700,351.8876766036936,16.60758754309338,circular
438,1100,700,274.81244137068177,-85,-85,-85,-85,1350,700,8.495264146786951,16.60758754309338,circular
439,1100,700,274.81244137068177,-85,-85,-85,-85,1350,700,25.10285168988033,16.60758754309338,circular
440,1100,700,274.81244137068177,-85,-85,-85,-85,1350,700,41.71043923297371,16.60758754309338,circular
441,1100,700,274.81244137068177,-85,-85,-85,-85,1350,700,58.31802677606709,16.60758754309338,circular
442,1100,700,274.81244137068177,-85,-85,-85,-85,1350,700,74.92561431916047,16.60758754309338,circular
443,1100,700,274.81244137068177,-85,-85,-85,-85,1350,700,91.53320186225386,16.60758754309338,circular
444,1100,700,274.81244137068177,-85,-85,-85,-85,1350,700,108.14078940534725,16.60758754309338,circular
445,1100,700,274.81244137068177,-85,-85,-85,-85,1350,700,124.74837694844064,16.60758754309338,circular
446,1100,700,274.81244137068177,-85,-85,-85,-85,1350,700,141.35596449153402,16.60758754309338,circular
447,1100,700,274.81244137068177,18.47430475951294,20.97742610025734,-85,-85,1350,700,157.9635520346274,16.60758754309338,circular
448,1100,700,274.81244137068177,24.495315191602927,24.92014212493214,-85,-85,1350,700,174.5711395777208,16.60758754309338,circular
449,1100,700,274.81244137068177,25.9816463993744,26.053745949214605,-85,-85,1350,700,191.1787271208142,16.60758754309338,circular
450,1100,700,274.81244137068177,25.859665714847075,25.684904084789977,-85,-85,1350,700,207.78631466390758,16.60758754309338,circular
451,1100,700,274.81244137068177,23.97102224645776,23.319699537123853,-85,-85,1350,700,224.39390220700096,16.60758754309338,circular
452,1100,700,274.81244137068177,16.269948115724716,-85,-85,-85,1350,700,241.00148975009435,16.60758754309338,circular
453,1100,700,274.81244137068177,-85,-85,-85,-85,1350,700,257.60907729318774,16.60758754309338,circular
454,1100,700,274.81244137068177,-85,-85,-85,-85,1350,700,274.2166648362811,16.60758754309338,circular
455,1100,700,274.81244137068177,-85,-85,-85,-85,1350,700,290.82425237937446,16.60758754309338,circular
456,1100,700,274.81244137068177,-85,-85,-85,-85,1350,700,307.4318399224678,16.60758754309338,circular
457,1100,700,274.81244137068177,-85,-85,-85,-85,1350,700,324.0394274655612,16.60758754309338,circular
458,1100,700,274.81244137068177,-85,-85,-85,-85,1350,700,340.64701500865453,16.60758754309338,circular
459,1100,700,274.81244137068177,-85,-85,-85,-85,1350,700,357.2546025517479,16.60758754309338,circular
460,1100,700,274.81244137068177,-85,-85,-85,-85,1350,700,13.862190094841253,16.60758754309338,circular
461,1100,700,274.81244137068177,-85,-85,-85,-85,1350,700,30.469777637934634,16.60758754309338,circular
462,1100,700,274.81244137068177,-85,-85,-85,-85,1350,700,47.077365181028014,16.60758754309338,circular
463,1100,700,274.81244137068177,-85,-85,-85,-85,1350,700,63.684952724121395,16.60758754309338,circular
464,1100,700,274.81244137068177,-85,-85,-85,-85,1350,700,80.29254026721478,16.60758754309338,circular
465,1100,700,274.81244137068177,-85,-85,-85,-85,1350,700,96.90012781030816,16.60758754309338,circular
466,1100,700,274.81244137068177,-85,-85,-85,-85,1350,700,113.50771535340155,16.60758754309338,circular
467,1100,700,274.81244137068177,-85,-85,-85,-85,1350,700,130.11530289649494,16.60758754309338,circular
468,1100,700,274.81244137068177,-85,-85,-85,-85,1350,700,146.72289043958833,16.60758754309338,circular
469,1100,700,274.81244137068177,21.813356630230874,22.793695368992218,-85,-85,1350,700,163.3304779826817,16.60758754309338,circular
470,1100,700,274.81244137068177,25.157178905256924,25.536951728381826,-85,-85,1350,700,179.9380655257751,16.60758754309338,circular
471,1100,700,274.81244137068177,26.074956048612798,26.074956048612798,-85,-85,1350,700,196.5456530688685,16.60758754309338,circular
472,1100,700,274.81244137068177,25.452908776355446,25.157178905256924,-85,-85,1350,700,213.15324061196188,16.60758754309338,circular
473,1100,700,274.81244137068177,22.793695368992225,21.81335663023087,-85,-85,1350,700,229.76082815505526,16.60758754309338,circular
474,1100,700,274.81244137068177,-85,-85,-85,-85,1350,700,246.36841569814865,16.60758754309338,circular
475,1100,700,274.81244137068177,-85,-85,-85,-85,1350,700,262.97600324124204,16.60758754309338,circular
476,1100,700,274.81244137068177,-85,-85,-85,-85,1350,700,279.5835907843354,16.60758754309338,circular
477,1100,700,274.81244137068177,-85,-85,-85,-85,1350,700,296.19117832742876,16.60758754309338,circular
478,1100,700,274.81244137068177,-85,-85,-85,-85,1350,700,312.7987658705221,16.60758754309338,circular
479,1100,700,274.81244137068177,-85,-85,-85,-85,1350,700,329.4063534136155,16.60758754309338,circular
480,1100,700,274.81244137068177,-85,-85,-85,-85,1350,700,346.01394095670884,16.60758754309338,circular
481,1100,700,274.81244137068177,-85,-85,-85,-85,1350,700,2.6215284998021957,16.60758754309338,circular
482,1100,700,274.81244137068177,-85,-85,-85,-85,1350,700,19.229116042895576,16.60758754309338,circular
483,1100,700,274.81244137068177,-85,-85,-85,-85,1350,700,35.83670358598896,16.60758754309338,circular
484,1100,700,274.81244137068177,-85,-85,-85,-85,1350,700,52.44429112908234,16.60758754309338,circular
485,1100,700,274.81244137068177,-85,-85,-85,-85,1350,700,69.05187867217572,16.60758754309338,circular
486,1100,700,274.81244137068177,-85,-85,-85,-85,1350,700,85.6594662152691,16.60758754309338,circular
487,1100,700,274.81244137068177,-85,-85,-85,-85,1350,700,102.2670537583625,16.60758754309338,circular
488,1100,700,274.81244137068177,-85,-85,-85,-85,1350,700,118.87464130145588,16.60758754309338,circular
489,1100,700,274.81244137068177,-85,-85,-85,-85,1350,700,135.48222884454927,16.60758754309338,circular
490,1100,700,274.81244137068177,-85,16.269948115724727,-85,-85,1350,700,152.08981638764266,16.60758754309338,circular
491,1100,700,274.81244137068177,23.31969953712386,23.971022246457757,-85,-85,1350,700,168.69740393073604,16.60758754309338,circular
492,1100,700,274.81244137068177,25.684904084789974,25.859665714847075,-85,-85,1350,700,185.30499147382943,16.60758754309338,circular
493,1100,700,274.81244137068177,26.053745949214605,25.946643644493044,-85,-85,1350,700,201.91257901692282,16.60758754309338,circular
494,1100,700,274.81244137068177,24.92014212493214,24.495315191602927,-85,-85,1350,700,218.5201665600162,16.60758754309338,circular
495,1100,700,274.81244137068177,20.97742610025735,18.474304759512954,-85,-85,1350,700,235.1277541031096,16.60758754309338,circular
496,1100,700,274.81244137068177,-85,-85,-85,-85,1350,700,251.73534164620298,16.60758754309338,circular
497,1100,700,274.81244137068177,-85,-85,-85,-85,1350,700,268.34292918929634,16.60758754309338,circular
498,1100,700,274.81244137068177,-85,-85,-85,-85,1350,700,284.9505167323897,16.60758754309338,circular
499,1100,700,274.81244137068177,-85,-85,-85,-85,1350,700,301.55810427548306,16.60758754309338,circular
500,1100,700,274.81244137068177,-85,-85,-85,-85,1350,700,318.1656918185764,16.60758754309338,circular
501,1100,700,274.81244137068177,-85,-85,-85,-85,1350,700,334.7732793616698,16.60758754309338,circular
502,1100,700,274.81244137068177,-85,-85,-85,-85,1350,700,351.38086690476314,16.60758754309338,circular
503,1100,700,274.81244137068177,-85,-85,-85,-85,1350,700,7.988454447856498,16.60758754309338,circular
504,1100,700,274.81244137068177,-85,-85,-85,-85,1350,700,24.596041990949878,16.60758754309338,circular
505,1100,700,274.81244137068177,-85,-85,-85,-85,1350,700,41.20362953404326,16.60758754309338,circular
506,1100,700,274.81244137068177,-85,-85,-85,-85,1350,700,57.81121707713664,16.60758754309338,circular
507,1100,700,274.81244137068177,-85,-85,-85,-85,1350,700,74.41880462023002,16.60758754309338,circular
508,1100,700,274.81244137068177,-85,-85,-85,-85,1350,700,91.02639216332341,16.60758754309338,circular
509,1100,700,274.81244137068177,-85,-85,-85,-85,1350,700,107.6339797064168,16.60758754309338,circular
510,1100,700,274.81244137068177,-85,-85,-85,-85,1350,700,124.24156724951018,16.60758754309338,circular
511,1100,700,274.81244137068177,-85,-85,-85,-85,1350,700,140.84915479260357,16.60758754309338,circular
512,1100,700,274.81244137068177,18.47430475951294,20.48098321025059,-85,-85,1350,700,157.45674233569696,16.60758754309338,circular
513,1100,700,274.81244137068177,24.33271141113945,24.92014212493214,-85,-85,1350,700,174.06432987879035,16.60758754309338,circular
514,1100,700,274.81244137068177,25.946643644493044,26.035130213615616,-85,-85,1350,700,190.67191742188373,16.60758754309338,circular
515,1100,700,274.81244137068177,25.859665714847075,25.684904084789977,-85,-85,1350,700,207.27950496497712,16.60758754309338,circular
516,1100,700,274.81244137068177,24.1582774269213,23.319699537123853,-85,-85,1350,700,223.8870925080705,16.60758754309338,circular
517,1100,700,274.81244137068177,16.269948115724716,-85,-85,-85,1350,700,240.4946800511639,16.60758754309338,circular
518,1100,700,274.81244137068177,-85,-85,-85,-85,1350,700,257.1022675942573,16.60758754309338,circular
519,1100,700,274.81244137068177,-85,-85,-85,-85,1350,700,273.70985513735064,16.60758754309338,circular
520,1100,700,274.81244137068177,-85,-85,-85,-85,1350,700,290.317442680444,16.60758754309338,circular
521,1100,700,274.81244137068177,-85,-85,-85,-85,1350,700,306.92503022353736,16.60758754309338,circular
522,1100,700,274.81244137068177,-85,-85,-85,-85,1350,700,323.5326177666307,16.60758754309338,circular
523,1100,700,274.81244137068177,-85,-85,-85,-85,1350,700,340.1402053097241,16.60758754309338,circular
524,1100,700,274.81244137068177,-85,-85,-85,-85,1350,700,356.74779285281744,16.60758754309338,circular
525,1100,700,274.81244137068177,-85,-85,-85,-85,1350,700,13.3553803959108,16.60758754309338,circular
526,1100,700,274.81244137068177,-85,-85,-85,-85,1350,700,29.96296793900418,16.60758754309338,circular
527,1100,700,274.81244137068177,-85,-85,-85,-85,1350,700,46.57055548209756,16.60758754309338,circular
528,1100,700,274.81244137068177,-85,-85,-85,-85,1350,700,63.17814302519094,16.60758754309338,circular
529,1100,700,274.81244137068177,-85,-85,-85,-85,1350,700,79.78573056828432,16.60758754309338,circular
530,1100,700,274.81244137068177,-85,-85,-85,-85,1350,700,96.39331811137771,16.60758754309338,circular
531,1100,700,274.81244137068177,-85,-85,-85,-85,1350,700,113.0009056544711,16.60758754309338,circular
532,1100,700,274.81244137068177,-85,-85,-85,-85,1350,700,129.60849319756448,16.60758754309338,circular
533,1100,700,274.81244137068177,-85,-85,-85,-85,1350,700,146.21608074065787,16.60758754309338,circular
534,1100,700,274.81244137068177,21.41811930585211,22.793695368992218,-85,-85,1350,700,162.82366828375126,16.60758754309338,circular
535,1100,700,274.81244137068177,25.157178905256924,25.452908776355446,-85,-85,1350,700,179.43125582684465,16.60758754309338,circular
536,1100,700,274.81244137068177,26.067010357935978,26.074956048612798,-85,-85,1350,700,196.03884336993804,16.60758754309338,circular
537,1100,700,274.81244137068177,25.536951728381826,25.263344594616918,-85,-85,1350,700,212.64643091303142,16.60758754309338,circular
538,1100,700,274.81244137068177,22.793695368992225,21.81335663023087,-85,-85,1350,700,229.2540184561248,16.60758754309338,circular
539,1100,700,274.81244137068177,-85,-85,-85,-85,1350,700,245.8616059992182,16.60758754309338,circular
540,1100,700,274.81244137068177,-85,-85,-85,-85,1350,700,262.4691935423116,16.60758754309338,circular
541,1100,700,274.81244137068177,-85,-85,-85,-85,1350,700,279.07678108540495,16.60758754309338,circular
542,1100,700,274.81244137068177,-85,-85,-85,-85,1350,700,295.6843686284983,16.60758754309338,circular
543,1100,700,274.81244137068177,-85,-85,-85,-85,1350,700,312.29195617159166,16.60758754309338,circular
544,1100,700,274.81244137068177,-85,-85,-85,-85,1350,700,328.899543714685,16.60758754309338,circular
545,1100,700,274.81244137068177,-85,-85,-85,-85,1350,700,345.5071312577784,16.60758754309338,circular
546,1100,700,274.81244137068177,-85,-85,-85,-85,1350,700,2.114718800871742,16.60758754309338,circular
547,1100,700,274.81244137068177,-85,-85,-85,-85,1350,700,18.722306343965123,16.60758754309338,circular
548,1100,700,274.81244137068177,-85,-85,-85,-85,1350,700,35.3298938870585,16.60758754309338,circular
549,1100,700,274.81244137068177,-85,-85,-85,-85,1350,700,51.937481430151884,16.60758754309338,circular
550,1100,700,274.81244137068177,-85,-85,-85,-85,1350,700,68.54506897324526,16.60758754309338,circular
551,1100,700,274.81244137068177,-85,-85,-85,-85,1350,700,85.15265651633865,16.60758754309338,circular
552,1100,700,274.81244137068177,-85,-85,-85,-85,1350,700,101.76024405943204,16.60758754309338,circular
553,1100,700,274.81244137068177,-85,-85,-85,-85,1350,700,118.36783160252543,16.60758754309338,circular
554,1100,700,274.81244137068177,-85,-85,-85,-85,1350,700,134.97541914561882,16.60758754309338,circular
555,1100,700,274.81244137068177,-85,14.513447644213304,-85,-85,1350,700,151.5830066887122,16.60758754309338,circular
556,1100,700,274.81244137068177,23.31969953712386,23.971022246457757,-85,-85,1350,700,168.1905942318056,16.60758754309338,circular
557,1100,700,274.81244137068177,25.614204328866276,25.80746062382631,-85,-85,1350,700,184.79818177489898,16.60758754309338,circular
558,1100,700,274.81244137068177,26.053745949214605,25.9816463993744,-85,-85,1350,700,201.40576931799237,16.60758754309338,circular
559,1100,700,274.81244137068177,25.042923900792417,24.495315191602927,-85,-85,1350,700,218.01335686108575,16.60758754309338,circular
560,1100,700,274.81244137068177,20.97742610025735,19.25639156218219,-85,-85,1350,700,234.62094440417914,16.60758754309338,circular
561,1100,700,274.81244137068177,-85,-85,-85,-85,1350,700,251.22853194727253,16.60758754309338,circular
562,1100,700,274.81244137068177,-85,-85,-85,-85,1350,700,267.8361194903659,16.60758754309338,circular
563,1100,700,274.81244137068177,-85,-85,-85,-85,1350,700,284.44370703345925,16.60758754309338,circular
564,1100,700,274.81244137068177,-85,-85,-85,-85,1350,700,301.0512945765526,16.60758754309338,circular
565,1100,700,274.81244137068177,-85,-85,-85,-85,1350,700,317.65888211964597,16.60758754309338,circular
566,1100,700,274.81244137068177,-85,-85,-85,-85,1350,700,334.2664696627393,16.60758754309338,circular
567,1100,700,274.81244137068177,-85,-85,-85,-85,1350,700,350.8740572058327,16.60758754309338,circular
568,1100,700,274.81244137068177,-85,-85,-85,-85,1350,700,7.481644748926044,16.60758754309338,circular
569,1100,700,274.81244137068177,-85,-85,-85,-85,1350,700,24.089232292019425,16.60758754309338,circular
570,1100,700,274.81244137068177,-85,-85,-85,-85,1350,700,40.696819835112805,16.60758754309338,circular
571,1100,700,274.81244137068177,-85,-85,-85,-85,1350,700,57.304407378206186,16.60758754309338,circular
572,1100,700,274.81244137068177,-85,-85,-85,-85,1350,700,73.91199492129957,16.60758754309338,circular
573,1100,700,274.81244137068177,-85,-85,-85,-85,1350,700,90.51958246439295,16.60758754309338,circular
574,1100,700,274.81244137068177,-85,-85,-85,-85,1350,700,107.12717000748634,16.60758754309338,circular
575,1100,700,274.81244137068177,-85,-85,-85,-85,1350,700,123.73475755057973,16.60758754309338,circular
576,1100,700,274.81244137068177,-85,-85,-85,-85,1350,700,140.34234509367312,16.60758754309338,circular
577,1100,700,274.81244137068177,17.513155499392102,20.48098321025059,-85,-85,1350,700,156.9499326367665,16.60758754309338,circular
578,1100,700,274.81244137068177,24.33271141113945,24.78833704083229,-85,-85,1350,700,173.5575201798599,16.60758754309338,circular
579,1100,700,274.81244137068177,25.946643644493044,26.035130213615616,-85,-85,1350,700,190.16510772295328,16.60758754309338,circular
580,1100,700,274.81244137068177,25.906018829630398,25.7492610641292,-85,-85,1350,700,206.77269526604667,16.60758754309338,circular
581,1100,700,274.81244137068177,24.1582774269213,23.553218972269416,-85,-85,1350,700,223.38028280914006,16.60758754309338,circular
582,1100,700,274.81244137068177,17.51315549939211,-85,-85,-85,1350,700,239.98787035223344,16.60758754309338,circular
583,1100,700,274.81244137068177,-85,-85,-85,-85,1350,700,256.59545789532683,16.60758754309338,circular
584,1100,700,274.81244137068177,-85,-85,-85,-85,1350,700,273.2030454384202,16.60758754309338,circular
585,1100,700,274.81244137068177,-85,-85,-85,-85,1350,700,289.81063298151355,16.60758754309338,circular
586,1100,700,274.81244137068177,-85,-85,-85,-85,1350,700,306.4182205246069,16.60758754309338,circular
587,1100,700,274.81244137068177,-85,-85,-85,-85,1350,700,323.02580806770027,16.60758754309338,circular
588,1100,700,274.81244137068177,-85,-85,-85,-85,1350,700,339.6333956107936,16.60758754309338,circular
589,1100,700,274.81244137068177,-85,-85,-85,-85,1350,700,356.240983153887,16.60758754309338,circular
590,1100,700,274.81244137068177,-85,-85,-85,-85,1350,700,12.848570696980346,16.60758754309338,circular
591,1100,700,274.81244137068177,-85,-85,-85,-85,1350,700,29.456158240073727,16.60758754309338,circular
592,1100,700,274.81244137068177,-85,-85,-85,-85,1350,700,46.06374578316711,16.60758754309338,circular
593,1100,700,274.81244137068177,-85,-85,-85,-85,1350,700,62.67133332626049,16.60758754309338,circular
594,1100,700,274.81244137068177,-85,-85,-85,-85,1350,700,79.27892086935387,16.60758754309338,circular
595,1100,700,274.81244137068177,-85,-85,-85,-85,1350,700,95.88650841244726,16.60758754309338,circular
596,1100,700,274.81244137068177,-85,-85,-85,-85,1350,700,112.49409595554064,16.60758754309338,circular
597,1100,700,274.81244137068177,-85,-85,-85,-85,1350,700,129.10168349863403,16.60758754309338,circular
598,1100,700,274.81244137068177,-85,-85,-85,-85,1350,700,145.70927104172742,16.60758754309338,circular
599,1100,700,274.81244137068177,21.41811930585211,22.496022074683278,-85,-85,1350,700,162.3168585848208,16.60758754309338,circular
600,1100,700,274.81244137068177,25.042923900792417,25.452908776355446,-85,-85,1350,700,178.9244461279142,16.60758754309338,circular
601,1100,700,274.81244137068177,26.067010357935978,26.077602459396946,-85,-85,1350,700,195.53203367100758,16.60758754309338,circular
602,1100,700,274.81244137068177,25.536951728381826,25.263344594616918,-85,-85,1350,700,212.13962121410097,16.60758754309338,circular
603,1100,700,274.81244137068177,23.067302502757133,22.170735458799452,-85,-85,1350,700,228.74720875719436,16.60758754309338,circular
604,1100,700,274.81244137068177,-85,-85,-85,-85,1350,700,245.35479630028775,16.60758754309338,circular
605,1100,700,274.81244137068177,-85,-85,-85,-85,1350,700,261.96238384338113,16.60758754309338,circular
606,1100,700,274.81244137068177,-85,-85,-85,-85,1350,700,278.5699713864745,16.60758754309338,circular
607,1100,700,274.81244137068177,-85,-85,-85,-85,1350,700,295.17755892956785,16.60758754309338,circular
608,1100,700,274.81244137068177,-85,-85,-85,-85,1350,700,311.7851464726612,16.60758754309338,circular
609,1100,700,274.81244137068177,-85,-85,-85,-85,1350,700,328.39273401575457,16.60758754309338,circular
610,1100,700,274.81244137068177,-85,-85,-85,-85,1350,700,345.00032155884793,16.60758754309338,circular
611,1100,700,274.81244137068177,-85,-85,-85,-85,1350,700,1.6079091019412886,16.60758754309338,circular
612,1100,700,274.81244137068177,-85,-85,-85,-85,1350,700,18.21549664503467,16.60758754309338,circular
613,1100,700,274.81244137068177,-85,-85,-85,-85,1350,700,34.82308418812805,16.60758754309338,circular
614,1100,700,274.81244137068177,-85,-85,-85,-85,1350,700,51.43067173122143,16.60758754309338,circular
615,1100,700,274.81244137068177,-85,-85,-85,-85,1350,700,68.03825927431481,16.60758754309338,circular
616,1100,700,274.81244137068177,-85,-85,-85,-85,1350,700,84.6458468174082,16.60758754309338,circular
617,1100,700,274.81244137068177,-85,-85,-85,-85,1350,700,101.25343436050159,16.60758754309338,circular
618,1100,700,274.81244137068177,-85,-85,-85,-85,1350,700,117.86102190359497,16.60758754309338,circular
619,1100,700,274.81244137068177,-85,-85,-85,-85,1350,700,134.46860944668836,16.60758754309338,circular
620,1100,700,274.81244137068177,-85,14.513447644213304,-85,-85,1350,700,151.07619698978175,16.60758754309338,circular
621,1100,700,274.81244137068177,23.06730250275713,23.769789312347285,-85,-85,1350,700,167.68378453287514,16.60758754309338,circular
622,1100,700,274.81244137068177,25.614204328866276,25.80746062382631,-85,-85,1350,700,184.29137207596852,16.60758754309338,circular
623,1100,700,274.81244137068177,26.067010357935978,25.9816463993744,-85,-85,1350,700,200.8989596190619,16.60758754309338,circular
624,1100,700,274.81244137068177,25.042923900792417,24.646943359767004,-85,-85,1350,700,217.5065471621553,16.60758754309338,circular
625,1100,700,274.81244137068177,21.418119305852123,19.25639156218219,-85,-85,1350,700,234.1141347052487,16.60758754309338,circular
626,1100,700,274.81244137068177,-85,-85,-85,-85,1350,700,250.72172224834208,16.60758754309338,circular
627,1100,700,274.81244137068177,-85,-85,-85,-85,1350,700,267.32930979143543,16.60758754309338,circular
628,1100,700,274.81244137068177,-85,-85,-85,-85,1350,700,283.9368973345288,16.60758754309338,circular
629,1100,700,274.81244137068177,-85,-85,-85,-85,1350,700,300.54448487762215,16.60758754309338,circular
630,1100,700,274.81244137068177,-85,-85,-85,-85,1350,700,317.1520724207155,16.60758754309338,circular
631,1100,700,274.81244137068177,-85,-85,-85,-85,1350,700,333.7596599638089,16.60758754309338,circular
632,1100,700,274.81244137068177,-85,-85,-85,-85,1350,700,350.36724750690223,16.60758754309338,circular
633,1100,700,274.81244137068177,-85,-85,-85,-85,1350,700,6.9748350499955905,16.60758754309338,circular
634,1100,700,274.81244137068177,-85,-85,-85,-85,1350,700,23.58242259308897,16.60758754309338,circular
635,1100,700,274.81244137068177,-85,-85,-85,-85,1350,700,40.19001013618235,16.60758754309338,circular
636,1100,700,274.81244137068177,-85,-85,-85,-85,1350,700,56.79759767927573,16.60758754309338,circular
637,1100,700,274.81244137068177,-85,-85,-85,-85,1350,700,73.40518522236911,16.60758754309338,circular
638,1100,700,274.81244137068177,-85,-85,-85,-85,1350,700,90.0127727654625,16.60758754309338,circular
639,1100,700,274.81244137068177,-85,-85,-85,-85,1350,700,106.62036030855589,16.60758754309338,circular
640,1100,700,274.81244137068177,-85,-85,-85,-85,1350,700,123.22794785164928,16.60758754309338,circular
641,1100,700,274.81244137068177,-85,-85,-85,-85,1350,700,139.83553539474266,16.60758754309338,circular
642,1100,700,274.81244137068177,17.513155499392102,19.91435422725632,-85,-85,1350,700,156.44312293783605,16.60758754309338,circular
643,1100,700,274.81244137068177,24.1582774269213,24.78833704083229,-85,-85,1350,700,173.05071048092944,16.60758754309338,circular
644,1100,700,274.81244137068177,25.906018829630398,26.011117049096303,-85,-85,1350,700,189.65829802402283,16.60758754309338,circular
645,1100,700,274.81244137068177,25.906018829630398,25.7492610641292,-85,-85,1350,700,206.26588556711621,16.60758754309338,circular
646,1100,700,274.81244137068177,24.332711411139446,23.553218972269416,-85,-85,1350,700,222.8734731102096,16.60758754309338,circular
647,1100,700,274.81244137068177,17.51315549939211,11.50579409835762,-85,-85,1350,700,239.481060653303,16.60758754309338,circular
648,1100,700,274.81244137068177,-85,-85,-85,-85,1350,700,256.0886481963964,16.60758754309338,circular
649,1100,700,274.81244137068177,-85,-85,-85,-85,1350,700,272.69623573948974,16.60758754309338,circular
650,1100,700,274.81244137068177,-85,-85,-85,-85,1350,700,289.3038232825831,16.60758754309338,circular
651,1100,700,274.81244137068177,-85,-85,-85,-85,1350,700,305.91141082567646,16.60758754309338,circular
652,1100,700,274.81244137068177,-85,-85,-85,-85,1350,700,322.5189983687698,16.60758754309338,circular
653,1100,700,274.81244137068177,-85,-85,-85,-85,1350,700,339.1265859118632,16.60758754309338,circular
654,1100,700,274.81244137068177,-85,-85,-85,-85,1350,700,355.73417345495653,16.60758754309338,circular
655,1100,700,274.81244137068177,-85,-85,-85,-85,1350,700,12.341760998049892,16.60758754309338,circular
656,1100,700,274.81244137068177,-85,-85,-85,-85,1350,700,28.949348541143273,16.60758754309338,circular
657,1100,700,274.81244137068177,-85,-85,-85,-85,1350,700,45.55693608423665,16.60758754309338,circular
658,1100,700,274.81244137068177,-85,-85,-85,-85,1350,700,62.164523627330034,16.60758754309338,circular
659,1100,700,274.81244137068177,-85,-85,-85,-85,1350,700,78.77211117042341,16.60758754309338,circular
660,1100,700,274.81244137068177,-85,-85,-85,-85,1350,700,95.3796987135168,16.60758754309338,circular
661,1100,700,274.81244137068177,-85,-85,-85,-85,1350,700,111.98728625661019,16.60758754309338,circular
662,1100,700,274.81244137068177,-85,-85,-85,-85,1350,700,128.59487379970358,16.60758754309338,circular
663,1100,700,274.81244137068177,-85,-85,-85,-85,1350,700,145.20246134279697,16.60758754309338,circular
664,1100,700,274.81244137068177,20.97742610025734,22.170735458799452,-85,-85,1350,700,161.81004888589035,16.60758754309338,circular
665,1100,700,274.81244137068177,25.042923900792417,25.36180729449956,-85,-85,1350,700,178.41763642898374,16.60758754309338,circular
666,1100,700,274.81244137068177,26.053745949214605,26.077602459396946,-85,-85,1350,700,195.02522397207713,16.60758754309338,circular
667,1100,700,274.81244137068177,25.614204328866276,25.361807294499556,-85,-85,1350,700,211.63281151517052,16.60758754309338,circular
668,1100,700,274.81244137068177,23.067302502757133,22.170735458799452,-85,-85,1350,700,228.2403990582639,16.60758754309338,circular
669,1100,700,274.81244137068177,-85,-85,-85,-85,1350,700,244.8479866013573,16.60758754309338,circular
670,1100,700,274.81244137068177,-85,-85,-85,-85,1350,700,261.4555741444507,16.60758754309338,circular
671,1100,700,274.81244137068177,-85,-85,-85,-85,1350,700,278.06316168754404,16.60758754309338,circular
672,1100,700,274.81244137068177,-85,-85,-85,-85,1350,700,294.6707492306374,16.60758754309338,circular
673,1100,700,274.81244137068177,-85,-85,-85,-85,1350,700,311.27833677373076,16.60758754309338,circular
674,1100,700,274.81244137068177,-85,-85,-85,-85,1350,700,327.8859243168241,16.60758754309338,circular
675,1100,700,274.81244137068177,-85,-85,-85,-85,1350,700,344.4935118599175,16.60758754309338,circular
676,1100,700,274.81244137068177,-85,-85,-85,-85,1350,700,1.101099403010835,16.60758754309338,circular
677,1100,700,274.81244137068177,-85,-85,-85,-85,1350,700,17.708686946104216,16.60758754309338,circular
678,1100,700,274.81244137068177,-85,-85,-85,-85,1350,700,34.316274489197596,16.60758754309338,circular
679,1100,700,274.81244137068177,-85,-85,-85,-85,1350,700,50.92386203229098,16.60758754309338,circular
680,1100,700,274.81244137068177,-85,-85,-85,-85,1350,700,67.53144957538436,16.60758754309338,circular
681,1100,700,274.81244137068177,-85,-85,-85,-85,1350,700,84.13903711847775,16.60758754309338,circular
682,1100,700,274.81244137068177,-85,-85,-85,-85,1350,700,100.74662466157113,16.60758754309338,circular
683,1100,700,274.81244137068177,-85,-85,-85,-85,1350,700,117.35421220466452,16.60758754309338,circular
684,1100,700,274.81244137068177,-85,-85,-85,-85,1350,700,133.9617997477579,16.60758754309338,circular
685,1100,700,274.81244137068177,-85,11.505794098357505,-85,-85,1350,700,150.5693872908513,16.60758754309338,circular
686,1100,700,274.81244137068177,23.06730250275713,23.769789312347285,-85,-85,1350,700,167.17697483394468,16.60758754309338,circular
687,1100,700,274.81244137068177,25.536951728381826,25.7492610641292,-85,-85,1350,700,183.78456237703807,16.60758754309338,circular
688,1100,700,274.81244137068177,26.067010357935978,26.011117049096303,-85,-85,1350,700,200.39214992013146,16.60758754309338,circular
689,1100,700,274.81244137068177,25.157178905256924,24.646943359767004,-85,-85,1350,700,216.99973746322485,16.60758754309338,circular
690,1100,700,274.81244137068177,21.418119305852123,19.914354227256315,-85,-85,1350,700,233.60732500631823,16.60758754309338,circular
691,1100,700,274.81244137068177,-85,-85,-85,-85,1350,700,250.21491254941162,16.60758754309338,circular
692,1100,700,274.81244137068177,-85,-85,-85,-85,1350,700,266.822500092505,16.60758754309338,circular
693,1100,700,274.81244137068177,-85,-85,-85,-85,1350,700,283.43008763559834,16.60758754309338,circular
694,1100,700,274.81244137068177,-85,-85,-85,-85,1350,700,300.0376751786917,16.60758754309338,circular
695,1100,700,274.81244137068177,-85,-85,-85,-85,1350,700,316.64526272178506,16.60758754309338,circular
696,1100,700,274.81244137068177,-85,-85,-85,-85,1350,700,333.2528502648784,16.60758754309338,circular
697,1100,700,274.81244137068177,-85,-85,-85,-85,1350,700,349.8604378079718,16.60758754309338,circular
698,1100,700,274.81244137068177,-85,-85,-85,-85,1350,700,6.468025351065137,16.60758754309338,circular
699,1100,700,274.81244137068177,-85,-85,-85,-85,1350,700,23.075612894158517,16.60758754309338,circular
700,1100,700,274.81244137068177,-85,-85,-85,-85,1350,700,39.6832004372519,16.60758754309338,circular
701,1100,700,274.81244137068177,-85,-85,-85,-85,1350,700,56.29078798034528,16.60758754309338,circular
702,1100,700,274.81244137068177,-85,-85,-85,-85,1350,700,72.89837552343866,16.60758754309338,circular
703,1100,700,274.81244137068177,-85,-85,-85,-85,1350,700,89.50596306653205,16.60758754309338,circular
704,1100,700,274.81244137068177,-85,-85,-85,-85,1350,700,106.11355060962543,16.60758754309338,circular
705,1100,700,274.81244137068177,-85,-85,-85,-85,1350,700,122.72113815271882,16.60758754309338,circular
706,1100,700,274.81244137068177,-85,-85,-85,-85,1350,700,139.3287256958122,16.60758754309338,circular
707,1100,700,274.81244137068177,16.269948115724727,19.91435422725632,-85,-85,1350,700,155.9363132389056,16.60758754309338,circular
708,1100,700,274.81244137068177,24.1582774269213,24.646943359767004,-85,-85,1350,700,172.54390078199899,16.60758754309338,circular
709,1100,700,274.81244137068177,25.906018829630398,26.011117049096303,-85,-85,1350,700,189.15148832509237,16.60758754309338,circular
710,1100,700,274.81244137068177,25.946643644493044,25.807460623826316,-85,-85,1350,700,205.75907586818576,16.60758754309338,circular
711,1100,700,274.81244137068177,24.332711411139446,23.769789312347285,-85,-85,1350,700,222.36666341127915,16.60758754309338,circular
712,1100,700,274.81244137068177,18.474304759512954,11.50579409835762,-85,-85,1350,700,238.97425095437254,16.60758754309338,circular
713,1100,700,274.81244137068177,-85,-85,-85,-85,1350,700,255.58183849746592,16.60758754309338,circular
714,1100,700,274.81244137068177,-85,-85,-85,-85,1350,700,272.1894260405593,16.60758754309338,circular
715,1100,700,274.81244137068177,-85,-85,-85,-85,1350,700,288.79701358365264,16.60758754309338,circular
716,1100,700,274.81244137068177,-85,-85,-85,-85,1350,700,305.404601126746,16.60758754309338,circular
717,1100,700,274.81244137068177,-85,-85,-85,-85,1350,700,322.01218866983936,16.60758754309338,circular
718,1100,700,274.81244137068177,-85,-85,-85,-85,1350,700,338.6197762129327,16.60758754309338,circular
719,1100,700,274.81244137068177,-85,-85,-85,-85,1350,700,355.2273637560261,16.60758754309338,circular
720,1100,700,274.81244137068177,-85,-85,-85,-85,1350,700,11.834951299119439,16.60758754309338,circular
721,1100,700,274.81244137068177,-85,-85,-85,-85,1350,700,28.44253884221282,16.60758754309338,circular
722,1100,700,274.81244137068177,-85,-85,-85,-85,1350,700,45.0501263853062,16.60758754309338,circular
723,1100,700,274.81244137068177,-85,-85,-85,-85,1350,700,61.65771392839958,16.60758754309338,circular
724,1100,700,274.81244137068177,-85,-85,-85,-85,1350,700,78.26530147149296,16.60758754309338,circular
725,1100,700,274.81244137068177,-85,-85,-85,-85,1350,700,94.87288901458635,16.60758754309338,circular
726,1100,700,274.81244137068177,-85,-85,-85,-85,1350,700,111.48047655767974,16.60758754309338,circular
727,1100,700,274.81244137068177,-85,-85,-85,-85,1350,700,128.08806410077312,16.60758754309338,circular
728,1100,700,274.81244137068177,-85,-85,-85,-85,1350,700,144.6956516438665,16.60758754309338,circular
729,1100,700,274.81244137068177,20.97742610025734,22.170735458799452,-85,-85,1350,700,161.3032391869599,16.60758754309338,circular
730,1100,700,274.81244137068177,24.92014212493214,25.36180729449956,-85,-85,1350,700,177.9108267300533,16.60758754309338,circular
731,1100,700,274.81244137068177,26.053745949214605,26.077602459396946,-85,-85,1350,700,194.51841427314667,16.60758754309338,circular
732,1100,700,274.81244137068177,25.684904084789977,25.361807294499556,-85,-85,1350,700,211.12600181624006,16.60758754309338,circular
733,1100,700,274.81244137068177,23.319699537123853,22.496022074683278,-85,-85,1350,700,227.73358935933345,16.60758754309338,circular
734,1100,700,274.81244137068177,-85,-85,-85,-85,1350,700,244.34117690242684,16.60758754309338,circular
735,1100,700,274.81244137068177,-85,-85,-85,-85,1350,700,260.9487644455202,16.60758754309338,circular
736,1100,700,274.81244137068177,-85,-85,-85,-85,1350,700,277.5563519886136,16.60758754309338,circular
737,1100,700,274.81244137068177,-85,-85,-85,-85,1350,700,294.16393953170694,16.60758754309338,circular
738,1100,700,274.81244137068177,-85,-85,-85,-85,1350,700,310.7715270748003,16.60758754309338,circular
739,1100,700,274.81244137068177,-85,-85,-85,-85,1350,700,327.37911461789366,16.60758754309338,circular
740,1100,700,274.81244137068177,-85,-85,-85,-85,1350,700,343.986702160987,16.60758754309338,circular
741,1100,700,274.81244137068177,-85,-85,-85,-85,1350,700,0.5942897040803814,16.60758754309338,circular
742,1100,700,274.81244137068177,-85,-85,-85,-85,1350,700,17.201877247173762,16.60758754309338,circular
743,1100,700,274.81244137068177,-85,-85,-85,-85,1350,700,33.80946479026714,16.60758754309338,circular
744,1100,700,274.81244137068177,-85,-85,-85,-85,1350,700,50.41705233336052,16.60758754309338,circular
745,1100,700,274.81244137068177,-85,-85,-85,-85,1350,700,67.0246398764539,16.60758754309338,circular
746,1100,700,274.81244137068177,-85,-85,-85,-85,1350,700,83.63222741954729,16.60758754309338,circular
747,1100,700,274.81244137068177,-85,-85,-85,-85,1350,700,100.23981496264068,16.60758754309338,circular
748,1100,700,274.81244137068177,-85,-85,-85,-85,1350,700,116.84740250573407,16.60758754309338,circular
749,1100,700,274.81244137068177,-85,-85,-85,-85,1350,700,133.45499004882745,16.60758754309338,circular
750,1100,700,274.81244137068177,-85,11.505794098357505,-85,-85,1350,700,150.06257759192084,16.60758754309338,circular
751,1100,700,274.81244137068177,22.793695368992218,23.553218972269416,-85,-85,1350,700,166.67016513501423,16.60758754309338,circular
752,1100,700,274.81244137068177,25.536951728381826,25.7492610641292,-85,-85,1350,700,183.27775267810762,16.60758754309338,circular
753,1100,700,274.81244137068177,26.074956048612798,26.011117049096303,-85,-85,1350,700,199.885340221201,16.60758754309338,circular
754,1100,700,274.81244137068177,25.157178905256924,24.788337040832293,-85,-85,1350,700,216.4929277642944,16.60758754309338,circular
755,1100,700,274.81244137068177,21.81335663023087,19.914354227256315,-85,-85,1350,700,233.10051530738778,16.60758754309338,circular
756,1100,700,274.81244137068177,-85,-85,-85,-85,1350,700,249.70810285048117,16.60758754309338,circular
757,1100,700,274.81244137068177,-85,-85,-85,-85,1350,700,266.3156903935745,16.60758754309338,circular
758,1100,700,274.81244137068177,-85,-85,-85,-85,1350,700,282.9232779366679,16.60758754309338,circular
759,1100,700,274.81244137068177,-85,-85,-85,-85,1350,700,299.53086547976125,16.60758754309338,circular
760,1100,700,274.81244137068177,-85,-85,-85,-85,1350,700,316.1384530228546,16.60758754309338,circular
761,1100,700,274.81244137068177,-85,-85,-85,-85,1350,700,332.74604056594796,16.60758754309338,circular
762,1100,700,274.81244137068177,-85,-85,-85,-85,1350,700,349.3536281090413,16.60758754309338,circular
763,1100,700,274.81244137068177,-85,-85,-85,-85,1350,700,5.961215652134683,16.60758754309338,circular
764,1100,700,274.81244137068177,-85,-85,-85,-85,1350,700,22.568803195228064,16.60758754309338,circular
765,1100,700,274.81244137068177,-85,-85,-85,-85,1350,700,39.176390738321444,16.60758754309338,circular
766,1100,700,274.81244137068177,-85,-85,-85,-85,1350,700,55.783978281414825,16.60758754309338,circular
767,1100,700,274.81244137068177,-85,-85,-85,-85,1350,700,72.3915658245082,16.60758754309338,circular
768,1100,700,274.81244137068177,-85,-85,-85,-85,1350,700,88.9991533676016,16.60758754309338,circular
769,1100,700,274.81244137068177,-85,-85,-85,-85,1350,700,105.60674091069498,16.60758754309338,circular
770,1100,700,274.81244137068177,-85,-85,-85,-85,1350,700,122.21432845378837,16.60758754309338,circular
771,1100,700,274.81244137068177,-85,-85,-85,-85,1350,700,138.82191599688176,16.60758754309338,circular
772,1100,700,274.81244137068177,16.269948115724727,19.25639156218217,-85,-85,1350,700,155.42950353997514,16.60758754309338,circular
773,1100,700,274.81244137068177,23.971022246457757,24.646943359767004,-85,-85,1350,700,172.03709108306853,16.60758754309338,circular
774,1100,700,274.81244137068177,25.859665714847075,25.9816463993744,-85,-85,1350,700,188.64467862616192,16.60758754309338,circular
775,1100,700,274.81244137068177,25.946643644493044,25.807460623826316,-85,-85,1350,700,205.2522661692553,16.60758754309338,circular
776,1100,700,274.81244137068177,24.495315191602927,23.769789312347285,-85,-85,1350,700,221.8598537123487,16.60758754309338,circular
777,1100,700,274.81244137068177,18.474304759512954,14.513447644213265,-85,-85,1350,700,238.46744125544208,16.60758754309338,circular
778,1100,700,274.81244137068177,-85,-85,-85,-85,1350,700,255.07502879853547,16.60758754309338,circular
779,1100,700,274.81244137068177,-85,-85,-85,-85,1350,700,271.68261634162883,16.60758754309338,circular
780,1100,700,274.81244137068177,-85,-85,-85,-85,1350,700,288.2902038847222,16.60758754309338,circular
781,1100,700,274.81244137068177,-85,-85,-85,-85,1350,700,304.89779142781555,16.60758754309338,circular
782,1100,700,274.81244137068177,-85,-85,-85,-85,1350,700,321.5053789709089,16.60758754309338,circular
783,1100,700,274.81244137068177,-85,-85,-85,-85,1350,700,338.11296651400227,16.60758754309338,circular
784,1100,700,274.81244137068177,-85,-85,-85,-85,1350,700,354.7205540570956,16.60758754309338,circular
785,1100,700,274.81244137068177,-85,-85,-85,-85,1350,700,11.328141600188985,16.60758754309338,circular
786,1100,700,274.81244137068177,-85,-85,-85,-85,1350,700,27.935729143282366,16.60758754309338,circular
787,1100,700,274.81244137068177,-85,-85,-85,-85,1350,700,44.543316686375746,16.60758754309338,circular
788,1100,700,274.81244137068177,-85,-85,-85,-85,1350,700,61.15090422946913,16.60758754309338,circular
789,1100,700,274.81244137068177,-85,-85,-85,-85,1350,700,77.75849177256251,16.60758754309338,circular
790,1100,700,274.81244137068177,-85,-85,-85,-85,1350,700,94.3660793156559,16.60758754309338,circular
791,1100,700,274.81244137068177,-85,-85,-85,-85,1350,700,110.97366685874928,16.60758754309338,circular
792,1100,700,274.81244137068177,-85,-85,-85,-85,1350,700,127.58125440184267,16.60758754309338,circular
793,1100,700,274.81244137068177,-85,-85,-85,-85,1350,700,144.18884194493606,16.60758754309338,circular
794,1100,700,274.81244137068177,20.48098321025059,21.813356630230874,-85,-85,1350,700,160.79642948802945,16.60758754309338,circular
795,1100,700,274.81244137068177,24.92014212493214,25.26334459461691,-85,-85,1350,700,177.40401703112283,16.60758754309338,circular
796,1100,700,274.81244137068177,26.035130213615616,26.077602459396946,-85,-85,1350,700,194.01160457421622,16.60758754309338,circular
797,1100,700,274.81244137068177,25.684904084789977,25.452908776355446,-85,-85,1350,700,210.6191921173096,16.60758754309338,circular
798,1100,700,274.81244137068177,23.319699537123853,22.496022074683278,-85,-85,1350,700,227.226779660403,16.60758754309338,circular
799,1100,700,274.81244137068177,-85,-85,-85,-85,1350,700,243.83436720349638,16.60758754309338,circular
800,1100,700,274.81244137068177,-85,-85,-85,-85,1350,700,260.4419547465898,16.60758754309338,circular
801,1100,700,274.81244137068177,-85,-85,-85,-85,1350,700,277.04954228968313,16.60758754309338,circular
802,1100,700,274.81244137068177,-85,-85,-85,-85,1350,700,293.6571298327765,16.60758754309338,circular
803,1100,700,274.81244137068177,-85,-85,-85,-85,1350,700,310.26471737586985,16.60758754309338,circular
804,1100,700,274.81244137068177,-85,-85,-85,-85,1350,700,326.8723049189632,16.60758754309338,circular
805,1100,700,274.81244137068177,-85,-85,-85,-85,1350,700,343.47989246205657,16.60758754309338,circular
806,1100,700,274.81244137068177,-85,-85,-85,-85,1350,700,0.08748000514992782,16.60758754309338,circular
807,1100,700,274.81244137068177,-85,-85,-85,-85,1350,700,16.69506754824331,16.60758754309338,circular
808,1100,700,274.81244137068177,-85,-85,-85,-85,1350,700,33.30265509133669,16.60758754309338,circular
809,1100,700,274.81244137068177,-85,-85,-85,-85,1350,700,49.91024263443007,16.60758754309338,circular
810,1100,700,274.81244137068177,-85,-85,-85,-85,1350,700,66.51783017752345,16.60758754309338,circular
811,1100,700,274.81244137068177,-85,-85,-85,-85,1350,700,83.12541772061684,16.60758754309338,circular
812,1100,700,274.81244137068177,-85,-85,-85,-85,1350,700,99.73300526371023,16.60758754309338,circular
813,1100,700,274.81244137068177,-85,-85,-85,-85,1350,700,116.34059280680361,16.60758754309338,circular
814,1100,700,274.81244137068177,-85,-85,-85,-85,1350,700,132.948180349897,16.60758754309338,circular
815,1100,700,274.81244137068177,-85,-85,-85,-85,1350,700,149.5557678929904,16.60758754309338,circular
816,1100,700,274.81244137068177,22.793695368992218,23.553218972269416,-85,-85,1350,700,166.16335543608378,16.60758754309338,circular
817,1100,700,274.81244137068177,25.452908776355446,25.684904084789974,-85,-85,1350,700,182.77094297917716,16.60758754309338,circular
818,1100,700,274.81244137068177,26.074956048612798,26.035130213615616,-85,-85,1350,700,199.37853052227055,16.60758754309338,circular
819,1100,700,274.81244137068177,25.263344594616918,24.788337040832293,-85,-85,1350,700,215.98611806536394,16.60758754309338,circular
820,1100,700,274.81244137068177,21.81335663023087,20.48098321025059,-85,-85,1350,700,232.59370560845733,16.60758754309338,circular
821,1100,700,274.81244137068177,-85,-85,-85,-85,1350,700,249.20129315155071,16.60758754309338,circular
822,1100,700,274.81244137068177,-85,-85,-85,-85,1350,700,265.8088806946441,16.60758754309338,circular
823,1100,700,274.81244137068177,-85,-85,-85,-85,1350,700,282.41646823773743,16.60758754309338,circular
824,1100,700,274.81244137068177,-85,-85,-85,-85,1350,700,299.0240557808308,16.60758754309338,circular
825,1100,700,274.81244137068177,-85,-85,-85,-85,1350,700,315.63164332392415,16.60758754309338,circular
826,1100,700,274.81244137068177,-85,-85,-85,-85,1350,700,332.2392308670175,16.60758754309338,circular
827,1100,700,274.81244137068177,-85,-85,-85,-85,1350,700,348.84681841011087,16.60758754309338,circular
828,1100,700,274.81244137068177,-85,-85,-85,-85,1350,700,5.45440595320423,16.60758754309338,circular
829,1100,700,274.81244137068177,-85,-85,-85,-85,1350,700,22.06199349629761,16.60758754309338,circular
830,1100,700,274.81244137068177,-85,-85,-85,-85,1350,700,38.66958103939099,16.60758754309338,circular
831,1100,700,274.81244137068177,-85,-85,-85,-85,1350,700,55.27716858248437,16.60758754309338,circular
832,1100,700,274.81244137068177,-85,-85,-85,-85,1350,700,71.88475612557775,16.60758754309338,circular
833,1100,700,274.81244137068177,-85,-85,-85,-85,1350,700,88.49234366867114,16.60758754309338,circular
834,1100,700,274.81244137068177,-85,-85,-85,-85,1350,700,105.09993121176453,16.60758754309338,circular
835,1100,700,274.81244137068177,-85,-85,-85,-85,1350,700,121.70751875485792,16.60758754309338,circular
836,1100,700,274.81244137068177,-85,-85,-85,-85,1350,700,138.3151062979513,16.60758754309338,circular
837,1100,700,274.81244137068177,14.513447644213304,19.25639156218217,-85,-85,1350,700,154.9226938410447,16.60758754309338,circular
838,1100,700,274.81244137068177,23.971022246457757,24.495315191602927,-85,-85,1350,700,171.53028138413808,16.60758754309338,circular
839,1100,700,274.81244137068177,25.859665714847075,25.9816463993744,-85,-85,1350,700,188.13786892723147,16.60758754309338,circular
840,1100,700,274.81244137068177,25.9816463993744,25.859665714847075,-85,-85,1350,700,204.74545647032485,16.60758754309338,circular
841,1100,700,274.81244137068177,24.495315191602927,23.97102224645776,-85,-85,1350,700,221.35304401341824,16.60758754309338,circular
842,1100,700,274.81244137068177,19.25639156218219,14.513447644213265,-85,-85,1350,700,237.96063155651163,16.60758754309338,circular
843,1100,700,274.81244137068177,-85,-85,-85,-85,1350,700,254.56821909960502,16.60758754309338,circular
844,1100,700,274.81244137068177,-85,-85,-85,-85,1350,700,271.1758066426984,16.60758754309338,circular
845,1100,700,274.81244137068177,-85,-85,-85,-85,1350,700,287.78339418579174,16.60758754309338,circular
846,1100,700,274.81244137068177,-85,-85,-85,-85,1350,700,304.3909817288851,16.60758754309338,circular
847,1100,700,274.81244137068177,-85,-85,-85,-85,1350,700,320.99856927197845,16.60758754309338,circular
848,1100,700,274.81244137068177,-85,-85,-85,-85,1350,700,337.6061568150718,16.60758754309338,circular
849,1100,700,274.81244137068177,-85,-85,-85,-85,1350,700,354.2137443581652,16.60758754309338,circular
850,1100,700,274.81244137068177,-85,-85,-85,-85,1350,700,10.821331901258532,16.60758754309338,circular
851,1100,700,274.81244137068177,-85,-85,-85,-85,1350,700,27.428919444351912,16.60758754309338,circular
852,1100,700,274.81244137068177,-85,-85,-85,-85,1350,700,44.03650698744529,16.60758754309338,circular
853,1100,700,274.81244137068177,-85,-85,-85,-85,1350,700,60.64409453053867,16.60758754309338,circular
854,1100,700,274.81244137068177,-85,-85,-85,-85,1350,700,77.25168207363205,16.60758754309338,circular
855,1100,700,274.81244137068177,-85,-85,-85,-85,1350,700,93.85926961672544,16.60758754309338,circular
856,1100,700,274.81244137068177,-85,-85,-85,-85,1350,700,110.46685715981883,16.60758754309338,circular
857,1100,700,274.81244137068177,-85,-85,-85,-85,1350,700,127.07444470291222,16.60758754309338,circular
858,1100,700,274.81244137068177,-85,-85,-85,-85,1350,700,143.6820322460056,16.60758754309338,circular
859,1100,700,274.81244137068177,20.48098321025059,21.813356630230874,-85,-85,1350,700,160.289619789099,16.60758754309338,circular
860,1100,700,274.81244137068177,24.78833704083229,25.26334459461691,-85,-85,1350,700,176.89720733219238,16.60758754309338,circular
861,1100,700,274.81244137068177,26.035130213615616,26.074956048612798,-85,-85,1350,700,193.50479487528577,16.60758754309338,circular
862,1100,700,274.81244137068177,25.7492610641292,25.452908776355446,-85,-85,1350,700,210.11238241837916,16.60758754309338,circular
863,1100,700,274.81244137068177,23.553218972269416,22.793695368992225,-85,-85,1350,700,226.71996996147254,16.60758754309338,circular
864,1100,700,274.81244137068177,-85,-85,-85,-85,1350,700,243.32755750456593,16.60758754309338,circular
865,1100,700,274.81244137068177,-85,-85,-85,-85,1350,700,259.9351450476593,16.60758754309338,circular
866,1100,700,274.81244137068177,-85,-85,-85,-85,1350,700,276.5427325907527,16.60758754309338,circular
867,1100,700,274.81244137068177,-85,-85,-85,-85,1350,700,293.15032013384604,16.60758754309338,circular
868,1100,700,274.81244137068177,-85,-85,-85,-85,1350,700,309.7579076769394,16.60758754309338,circular
869,1100,700,274.81244137068177,-85,-85,-85,-85,1350,700,326.36549522003276,16.60758754309338,circular
870,1100,700,274.81244137068177,-85,-85,-85,-85,1350,700,342.9730827631261,16.60758754309338,circular
871,1100,700,274.81244137068177,-85,-85,-85,-85,1350,700,359.5806703062195,16.60758754309338,circular
872,1100,700,274.81244137068177,-85,-85,-85,-85,1350,700,16.188257849312834,16.60758754309338,circular
873,1100,700,274.81244137068177,-85,-85,-85,-85,1350,700,32.795845392406214,16.60758754309338,circular
874,1100,700,274.81244137068177,-85,-85,-85,-85,1350,700,49.403432935499595,16.60758754309338,circular
875,1100,700,274.81244137068177,-85,-85,-85,-85,1350,700,66.01102047859297,16.60758754309338,circular
876,1100,700,274.81244137068177,-85,-85,-85,-85,1350,700,82.61860802168636,16.60758754309338,circular
877,1100,700,274.81244137068177,-85,-85,-85,-85,1350,700,99.22619556477974,16.60758754309338,circular
878,1100,700,274.81244137068177,-85,-85,-85,-85,1350,700,115.83378310787313,16.60758754309338,circular
879,1100,700,274.81244137068177,-85,-85,-85,-85,1350,700,132.44137065096652,16.60758754309338,circular
880,1100,700,274.81244137068177,-85,-85,-85,-85,1350,700,149.0489581940599,16.60758754309338,circular
881,1100,700,274.81244137068177,22.496022074683278,23.31969953712386,-85,-85,1350,700,165.6565457371533,16.60758754309338,circular
882,1100,700,274.81244137068177,25.452908776355446,25.684904084789974,-85,-85,1350,700,182.26413328024668,16.60758754309338,circular
883,1100,700,274.81244137068177,26.077602459396946,26.035130213615616,-85,-85,1350,700,198.87172082334007,16.60758754309338,circular
884,1100,700,274.81244137068177,25.263344594616918,24.92014212493214,-85,-85,1350,700,215.47930836643346,16.60758754309338,circular
885,1100,700,274.81244137068177,22.170735458799452,20.48098321025059,-85,-85,1350,700,232.08689590952685,16.60758754309338,circular
886,1100,700,274.81244137068177,-85,-85,-85,-85,1350,700,248.69448345262023,16.60758754309338,circular
887,1100,700,274.81244137068177,-85,-85,-85,-85,1350,700,265.3020709957136,16.60758754309338,circular
888,1100,700,274.81244137068177,-85,-85,-85,-85,1350,700,281.909658538807,16.60758754309338,circular
889,1100,700,274.81244137068177,-85,-85,-85,-85,1350,700,298.51724608190034,16.60758754309338,circular
890,1100,700,274.81244137068177,-85,-85,-85,-85,1350,700,315.1248336249937,16.60758754309338,circular
891,1100,700,274.81244137068177,-85,-85,-85,-85,1350,700,331.73242116808706,16.60758754309338,circular
892,1100,700,274.81244137068177,-85,-85,-85,-85,1350,700,348.3400087111804,16.60758754309338,circular
893,1100,700,274.81244137068177,-85,-85,-85,-85,1350,700,4.947596254273776,16.60758754309338,circular
894,1100,700,274.81244137068177,-85,-85,-85,-85,1350,700,21.555183797367157,16.60758754309338,circular
895,1100,700,274.81244137068177,-85,-85,-85,-85,1350,700,38.16277134046054,16.60758754309338,circular
896,1100,700,274.81244137068177,-85,-85,-85,-85,1350,700,54.77035888355392,16.60758754309338,circular
897,1100,700,274.81244137068177,-85,-85,-85,-85,1350,700,71.3779464266473,16.60758754309338,circular
898,1100,700,274.81244137068177,-85,-85,-85,-85,1350,700,87.98553396974069,16.60758754309338,circular
899,1100,700,274.81244137068177,-85,-85,-85,-85,1350,700,104.59312151283407,16.60758754309338,circular
900,1100,700,274.81244137068177,-85,-85,-85,-85,1350,700,121.20070905592746,16.60758754309338,circular
901,1100,700,274.81244137068177,-85,-85,-85,-85,1350,700,137.80829659902085,16.60758754309338,circular
902,1100,700,274.81244137068177,14.513447644213304,18.47430475951294,-85,-85,1350,700,154.41588414211424,16.60758754309338,circular
903,1100,700,274.81244137068177,23.769789312347285,24.495315191602927,-85,-85,1350,700,171.02347168520762,16.60758754309338,circular
904,1100,700,274.81244137068177,25.80746062382631,25.946643644493044,-85,-85,1350,700,187.631059228301,16.60758754309338,circular
905,1100,700,274.81244137068177,25.9816463993744,25.859665714847075,-85,-85,1350,700,204.2386467713944,16.60758754309338,circular
906,1100,700,274.81244137068177,24.646943359767004,23.97102224645776,-85,-85,1350,700,220.8462343144878,16.60758754309338,circular
907,1100,700,274.81244137068177,19.25639156218219,16.269948115724716,-85,-85,1350,700,237.45382185758118,16.60758754309338,circular
908,1100,700,274.81244137068177,-85,-85,-85,-85,1350,700,254.06140940067456,16.60758754309338,circular
909,1100,700,274.81244137068177,-85,-85,-85,-85,1350,700,270.6689969437679,16.60758754309338,circular
910,1100,700,274.81244137068177,-85,-85,-85,-85,1350,700,287.2765844868613,16.60758754309338,circular
911,1100,700,274.81244137068177,-85,-85,-85,-85,1350,700,303.88417202995464,16.60758754309338,circular
912,1100,700,274.81244137068177,-85,-85,-85,-85,1350,700,320.491759573048,16.60758754309338,circular
913,1100,700,274.81244137068177,-85,-85,-85,-85,1350,700,337.09934711614136,16.60758754309338,circular
914,1100,700,274.81244137068177,-85,-85,-85,-85,1350,700,353.7069346592347,16.60758754309338,circular
915,1100,700,274.81244137068177,-85,-85,-85,-85,1350,700,10.314522202328078,16.60758754309338,circular
916,1100,700,274.81244137068177,-85,-85,-85,-85,1350,700,26.92210974542146,16.60758754309338,circular
917,1100,700,274.81244137068177,-85,-85,-85,-85,1350,700,43.52969728851484,16.60758754309338,circular
918,1100,700,274.81244137068177,-85,-85,-85,-85,1350,700,60.13728483160822,16.60758754309338,circular
919,1100,700,274.81244137068177,-85,-85,-85,-85,1350,700,76.7448723747016,16.60758754309338,circular
920,1100,700,274.81244137068177,-85,-85,-85,-85,1350,700,93.35245991779499,16.60758754309338,circular
921,1100,700,274.81244137068177,-85,-85,-85,-85,1350,700,109.96004746088838,16.60758754309338,circular
922,1100,700,274.81244137068177,-85,-85,-85,-85,1350,700,126.56763500398176,16.60758754309338,circular
923,1100,700,274.81244137068177,-85,-85,-85,-85,1350,700,143.17522254707515,16.60758754309338,circular
924,1100,700,274.81244137068177,19.91435422725632,21.41811930585211,-85,-85,1350,700,159.78281009016854,16.60758754309338,circular
925,1100,700,274.81244137068177,24.78833704083229,25.157178905256924,-85,-85,1350,700,176.39039763326193,16.60758754309338,circular
926,1100,700,274.81244137068177,26.011117049096303,26.074956048612798,-85,-85,1350,700,192.99798517635531,16.60758754309338,circular
927,1100,700,274.81244137068177,25.7492610641292,25.536951728381826,-85,-85,1350,700,209.6055727194487,16.60758754309338,circular
928,1100,700,274.81244137068177,23.553218972269416,22.793695368992225,-85,-85,1350,700,226.2131602625421,16.60758754309338,circular
929,1100,700,274.81244137068177,11.50579409835762,-85,-85,-85,1350,700,242.82074780563548,16.60758754309338,circular
930,1100,700,274.81244137068177,-85,-85,-85,-85,1350,700,259.42833534872887,16.60758754309338,circular
931,1100,700,274.81244137068177,-85,-85,-85,-85,1350,700,276.0359228918222,16.60758754309338,circular
932,1100,700,274.81244137068177,-85,-85,-85,-85,1350,700,292.6435104349156,16.60758754309338,circular
933,1100,700,274.81244137068177,-85,-85,-85,-85,1350,700,309.25109797800894,16.60758754309338,circular
934,1100,700,274.81244137068177,-85,-85,-85,-85,1350,700,325.8586855211023,16.60758754309338,circular
935,1100,700,274.81244137068177,-85,-85,-85,-85,1350,700,342.46627306419566,16.60758754309338,circular
936,1100,700,274.81244137068177,-85,-85,-85,-85,1350,700,359.073860607289,16.60758754309338,circular
937,1100,700,274.81244137068177,-85,-85,-85,-85,1350,700,15.68144815038238,16.60758754309338,circular
938,1100,700,274.81244137068177,-85,-85,-85,-85,1350,700,32.28903569347576,16.60758754309338,circular
939,1100,700,274.81244137068177,-85,-85,-85,-85,1350,700,48.89662323656914,16.60758754309338,circular
940,1100,700,274.81244137068177,-85,-85,-85,-85,1350,700,65.50421077966251,16.60758754309338,circular
941,1100,700,274.81244137068177,-85,-85,-85,-85,1350,700,82.1117983227559,16.60758754309338,circular
942,1100,700,274.81244137068177,-85,-85,-85,-85,1350,700,98.71938586584929,16.60758754309338,circular
943,1100,700,274.81244137068177,-85,-85,-85,-85,1350,700,115.32697340894268,16.60758754309338,circular
944,1100,700,274.81244137068177,-85,-85,-85,-85,1350,700,131.93456095203607,16.60758754309338,circular
945,1100,700,274.81244137068177,-85,-85,-85,-85,1350,700,148.54214849512945,16.60758754309338,circular
946,1100,700,274.81244137068177,22.496022074683278,23.31969953712386,-85,-85,1350,700,165.14973603822284,16.60758754309338,circular
947,1100,700,274.81244137068177,25.36180729449956,25.614204328866276,-85,-85,1350,700,181.75732358131623,16.60758754309338,circular
948,1100,700,274.81244137068177,26.077602459396946,26.053745949214605,-85,-85,1350,700,198.36491112440962,16.60758754309338,circular
949,1100,700,274.81244137068177,25.361807294499556,24.92014212493214,-85,-85,1350,700,214.972498667503,16.60758754309338,circular
950,1100,700,274.81244137068177,22.170735458799452,20.97742610025735,-85,-85,1350,700,231.5800862105964,16.60758754309338,circular
951,1100,700,274.81244137068177,-85,-85,-85,-85,1350,700,248.18767375368978,16.60758754309338,circular
952,1100,700,274.81244137068177,-85,-85,-85,-85,1350,700,264.79526129678317,16.60758754309338,circular
953,1100,700,274.81244137068177,-85,-85,-85,-85,1350,700,281.4028488398765,16.60758754309338,circular
954,1100,700,274.81244137068177,-85,-85,-85,-85,1350,700,298.0104363829699,16.60758754309338,circular
955,1100,700,274.81244137068177,-85,-85,-85,-85,1350,700,314.61802392606324,16.60758754309338,circular
956,1100,700,274.81244137068177,-85,-85,-85,-85,1350,700,331.2256114691566,16.60758754309338,circular
957,1100,700,274.81244137068177,-85,-85,-85,-85,1350,700,347.83319901224996,16.60758754309338,circular
958,1100,700,274.81244137068177,-85,-85,-85,-85,1350,700,4.440786555343323,16.60758754309338,circular
959,1100,700,274.81244137068177,-85,-85,-85,-85,1350,700,21.048374098436703,16.60758754309338,circular
960,1100,700,274.81244137068177,-85,-85,-85,-85,1350,700,37.655961641530084,16.60758754309338,circular
961,1100,700,274.81244137068177,-85,-85,-85,-85,1350,700,54.263549184623464,16.60758754309338,circular
962,1100,700,274.81244137068177,-85,-85,-85,-85,1350,700,70.87113672771684,16.60758754309338,circular
963,1100,700,274.81244137068177,-85,-85,-85,-85,1350,700,87.47872427081023,16.60758754309338,circular
964,1100,700,274.81244137068177,-85,-85,-85,-85,1350,700,104.08631181390362,16.60758754309338,circular
965,1100,700,274.81244137068177,-85,-85,-85,-85,1350,700,120.69389935699701,16.60758754309338,circular
966,1100,700,274.81244137068177,-85,-85,-85,-85,1350,700,137.3014869000904,16.60758754309338,circular
967,1100,700,274.81244137068177,11.505794098357505,18.47430475951294,-85,-85,1350,700,153.90907444318378,16.60758754309338,circular
968,1100,700,274.81244137068177,23.769789312347285,24.33271141113945,-85,-85,1350,700,170.51666198627717,16.60758754309338,circular
969,1100,700,274.81244137068177,25.7492610641292,25.946643644493044,-85,-85,1350,700,187.12424952937056,16.60758754309338,circular
970,1100,700,274.81244137068177,26.011117049096303,25.906018829630398,-85,-85,1350,700,203.73183707246395,16.60758754309338,circular
971,1100,700,274.81244137068177,24.646943359767004,24.1582774269213,-85,-85,1350,700,220.33942461555733,16.60758754309338,circular
972,1100,700,274.81244137068177,19.914354227256315,16.269948115724716,-85,-85,1350,700,236.94701215865072,16.60758754309338,circular
973,1100,700,274.81244137068177,-85,-85,-85,-85,1350,700,253.5545997017441,16.60758754309338,circular
974,1100,700,274.81244137068177,-85,-85,-85,-85,1350,700,270.16218724483747,16.60758754309338,circular
975,1100,700,274.81244137068177,-85,-85,-85,-85,1350,700,286.7697747879308,16.60758754309338,circular
976,1100,700,274.81244137068177,-85,-85,-85,-85,1350,700,303.3773623310242,16.60758754309338,circular
977,1100,700,274.81244137068177,-85,-85,-85,-85,1350,700,319.98494987411755,16.60758754309338,circular
978,1100,700,274.81244137068177,-85,-85,-85,-85,1350,700,336.5925374172109,16.60758754309338,circular
979,1100,700,274.81244137068177,-85,-85,-85,-85,1350,700,353.20012496030427,16.60758754309338,circular
980,1100,700,274.81244137068177,-85,-85,-85,-85,1350,700,9.807712503397624,16.60758754309338,circular
981,1100,700,274.81244137068177,-85,-85,-85,-85,1350,700,26.415300046491005,16.60758754309338,circular
982,1100,700,274.81244137068177,-85,-85,-85,-85,1350,700,43.022887589584386,16.60758754309338,circular
983,1100,700,274.81244137068177,-85,-85,-85,-85,1350,700,59.630475132677766,16.60758754309338,circular
984,1100,700,274.81244137068177,-85,-85,-85,-85,1350,700,76.23806267577115,16.60758754309338,circular
985,1100,700,274.81244137068177,-85,-85,-85,-85,1350,700,92.84565021886453,16.60758754309338,circular
986,1100,700,274.81244137068177,-85,-85,-85,-85,1350,700,109.45323776195792,16.60758754309338,circular
987,1100,700,274.81244137068177,-85,-85,-85,-85,1350,700,126.06082530505131,16.60758754309338,circular
988,1100,700,274.81244137068177,-85,-85,-85,-85,1350,700,142.6684128481447,16.60758754309338,circular
989,1100,700,274.81244137068177,19.91435422725632,21.41811930585211,-85,-85,1350,700,159.27600039123809,16.60758754309338,circular
990,1100,700,274.81244137068177,24.646943359767004,25.157178905256924,-85,-85,1350,700,175.88358793433147,16.60758754309338,circular
991,1100,700,274.81244137068177,26.011117049096303,26.067010357935978,-85,-85,1350,700,192.49117547742486,16.60758754309338,circular
992,1100,700,274.81244137068177,25.807460623826316,25.536951728381826,-85,-85,1350,700,209.09876302051825,16.60758754309338,circular
993,1100,700,274.81244137068177,23.769789312347285,23.067302502757133,-85,-85,1350,700,225.70635056361164,16.60758754309338,circular
994,1100,700,274.81244137068177,11.50579409835762,-85,-85,-85,1350,700,242.31393810670502,16.60758754309338,circular
995,1100,700,274.81244137068177,-85,-85,-85,-85,1350,700,258.9215256497984,16.60758754309338,circular
996,1100,700,274.81244137068177,-85,-85,-85,-85,1350,700,275.52911319289177,16.60758754309338,circular
997,1100,700,274.81244137068177,-85,-85,-85,-85,1350,700,292.13670073598513,16.60758754309338,circular
998,1100,700,274.81244137068177,-85,-85,-85,-85,1350,700,308.7442882790785,16.60758754309338,circular
999,1100,700,274.81244137068177,-85,-85,-85,-85,1350,700,325.35187582217185,16.60758754309338,circular
