Tick,Aircraft X,Aircraft Y,Aircraft Heading,A1,A2,A3,A4,Radar X,Radar Y,Radar Azimuth,Radar RPM,Radar Scan Pattern
0,1100,700,210.2303695244779,25.042923900792417,24.646943359767004,-85,-85,1350,700,207.96895548140037,3.1836962803549067,circular
1,1100,700,210.2303695244779,-85,23.769789312347285,23.067302502757133,-85,1350,700,211.15265176175527,3.1836962803549067,circular
2,1100,700,210.2303695244779,-85,23.067302502757133,22.170735458799452,-85,1350,700,214.33634804211016,3.1836962803549067,circular
3,1100,700,210.2303695244779,-85,22.170735458799452,20.97742610025735,-85,1350,700,217.52004432246505,3.1836962803549067,circular
4,1100,700,210.2303695244779,-85,20.97742610025735,19.25639156218219,-85,1350,700,220.70374060281995,3.1836962803549067,circular
5,1100,700,210.2303695244779,-85,18.474304759512954,16.269948115724716,-85,1350,700,223.88743688317484,3.1836962803549067,circular
6,1100,700,210.2303695244779,-85,14.513447644213265,-85,-85,1350,700,227.07113316352974,3.1836962803549067,circular
7,1100,700,210.2303695244779,-85,-85,-85,-85,1350,700,230.25482944388463,3.1836962803549067,circular
8,1100,700,210.2303695244779,-85,-85,-85,-85,1350,700,233.43852572423953,3.1836962803549067,circular
9,1100,700,210.2303695244779,-85,-85,-85,-85,1350,700,236.62222200459442,3.1836962803549067,circular
10,1100,700,210.2303695244779,-85,-85,-85,-85,1350,700,239.8059182849493,3.1836962803549067,circular
11,1100,700,210.2303695244779,-85,-85,-85,-85,1350,700,242.9896145653042,3.1836962803549067,circular
12,1100,700,210.2303695244779,-85,-85,-85,-85,1350,700,246.1733108456591,3.1836962803549067,circular
13,1100,700,210.2303695244779,-85,-85,-85,-85,1350,700,249.357007126014,3.1836962803549067,circular
14,1100,700,210.2303695244779,-85,-85,-85,-85,1350,700,252.5407034063689,3.1836962803549067,circular
15,1100,700,210.2303695244779,-85,-85,-85,-85,1350,700,255.72439968672379,3.1836962803549067,circular
16,1100,700,210.2303695244779,-85,-85,-85,-85,1350,700,258.9080959670787,3.1836962803549067,circular
17,1100,700,210.2303695244779,-85,-85,-85,-85,1350,700,262.0917922474336,3.1836962803549067,circular
18,1100,700,210.2303695244779,-85,-85,-85,-85,1350,700,265.2754885277885,3.1836962803549067,circular
19,1100,700,210.2303695244779,-85,-85,-85,-85,1350,700,268.45918480814345,3.1836962803549067,circular
20,1100,700,210.2303695244779,-85,-85,-85,-85,1350,700,271.64288108849837,3.1836962803549067,circular
21,1100,700,210.2303695244779,-85,-85,-85,-85,1350,700,274.8265773688533,3.1836962803549067,circular
22,1100,700,210.2303695244779,-85,-85,-85,-85,1350,700,278.0102736492082,3.1836962803549067,circular
23,1100,700,210.2303695244779,-85,-85,-85,-85,1350,700,281.19396992956314,3.1836962803549067,circular
24,1100,700,210.2303695244779,-85,-85,-85,-85,1350,700,284.37766620991806,3.1836962803549067,circular
25,1100,700,210.2303695244779,-85,-85,-85,-85,1350,700,287.561362490273,3.1836962803549067,circular
26,1100,700,210.2303695244779,-85,-85,-85,-85,1350,700,290.7450587706279,3.1836962803549067,circular
27,1100,700,210.2303695244779,-85,-85,-85,-85,1350,700,293.92875505098283,3.1836962803549067,circular
28,1100,700,210.2303695244779,-85,-85,-85,-85,1350,700,297.11245133133775,3.1836962803549067,circular
29,1100,700,210.2303695244779,-85,-85,-85,-85,1350,700,300.2961476116927,3.1836962803549067,circular
30,1100,700,210.2303695244779,-85,-85,-85,-85,1350,700,303.4798438920476,3.1836962803549067,circular
31,1100,700,210.2303695244779,-85,-85,-85,-85,1350,700,306.6635401724025,3.1836962803549067,circular
32,1100,700,210.2303695244779,-85,-85,-85,-85,1350,700,309.84723645275744,3.1836962803549067,circular
33,1100,700,210.2303695244779,-85,-85,-85,-85,1350,700,313.03093273311237,3.1836962803549067,circular
34,1100,700,210.2303695244779,-85,-85,-85,-85,1350,700,316.2146290134673,3.1836962803549067,circular
35,1100,700,210.2303695244779,-85,-85,-85,-85,1350,700,319.3983252938222,3.1836962803549067,circular
36,1100,700,210.2303695244779,-85,-85,-85,-85,1350,700,322.58202157417713,3.1836962803549067,circular
37,1100,700,210.2303695244779,-85,-85,-85,-85,1350,700,325.76571785453206,3.1836962803549067,circular
38,1100,700,210.2303695244779,-85,-85,-85,-85,1350,700,328.949414134887,3.1836962803549067,circular
39,1100,700,210.2303695244779,-85,-85,-85,-85,1350,700,332.1331104152419,3.1836962803549067,circular
40,1100,700,210.2303695244779,-85,-85,-85,-85,1350,700,335.3168066955968,3.1836962803549067,circular
41,1100,700,210.2303695244779,-85,-85,-85,-85,1350,700,338.50050297595175,3.1836962803549067,circular
42,1100,700,210.2303695244779,-85,-85,-85,-85,1350,700,341.68419925630667,3.1836962803549067,circular
43,1100,700,210.2303695244779,-85,-85,-85,-85,1350,700,344.8678955366616,3.1836962803549067,circular
44,1100,700,210.2303695244779,-85,-85,-85,-85,1350,700,348.0515918170165,3.1836962803549067,circular
45,1100,700,210.2303695244779,-85,-85,-85,-85,1350,700,351.23528809737144,3.1836962803549067,circular
46,1100,700,210.2303695244779,-85,-85,-85,-85,1350,700,354.41898437772636,3.1836962803549067,circular
47,1100,700,210.2303695244779,-85,-85,-85,-85,1350,700,357.6026806580813,3.1836962803549067,circular
48,1100,700,210.2303695244779,-85,-85,-85,-85,1350,700,0.7863769384362058,3.1836962803549067,circular
49,1100,700,210.2303695244779,-85,-85,-85,-85,1350,700,3.9700732187911125,3.1836962803549067,circular
50,1100,700,210.2303695244779,-85,-85,-85,-85,1350,700,7.153769499146019,3.1836962803549067,circular
51,1100,700,210.2303695244779,-85,-85,-85,-85,1350,700,10.337465779500926,3.1836962803549067,circular
52,1100,700,210.2303695244779,-85,-85,-85,-85,1350,700,13.521162059855833,3.1836962803549067,circular
53,1100,700,210.2303695244779,-85,-85,-85,-85,1350,700,16.70485834021074,3.1836962803549067,circular
54,1100,700,210.2303695244779,-85,-85,-85,-85,1350,700,19.88855462056565,3.1836962803549067,circular
55,1100,700,210.2303695244779,-85,-85,-85,-85,1350,700,23.072250900920558,3.1836962803549067,circular
56,1100,700,210.2303695244779,-85,-85,-85,-85,1350,700,26.255947181275467,3.1836962803549067,circular
57,1100,700,210.2303695244779,-85,-85,-85,-85,1350,700,29.439643461630375,3.1836962803549067,circular
58,1100,700,210.2303695244779,-85,-85,-85,-85,1350,700,32.62333974198528,3.1836962803549067,circular
59,1100,700,210.2303695244779,-85,-85,-85,-85,1350,700,35.80703602234019,3.1836962803549067,circular
60,1100,700,210.2303695244779,-85,-85,-85,-85,1350,700,38.9907323026951,3.1836962803549067,circular
61,1100,700,210.2303695244779,-85,-85,-85,-85,1350,700,42.17442858305001,3.1836962803549067,circular
62,1100,700,210.2303695244779,-85,-85,-85,-85,1350,700,45.35812486340492,3.1836962803549067,circular
63,1100,700,210.2303695244779,-85,-85,-85,-85,1350,700,48.541821143759826,3.1836962803549067,circular
64,1100,700,210.2303695244779,-85,-85,-85,-85,1350,700,51.725517424114734,3.1836962803549067,circular
65,1100,700,210.2303695244779,-85,-85,-85,-85,1350,700,54.90921370446964,3.1836962803549067,circular
66,1100,700,210.2303695244779,-85,-85,-85,-85,1350,700,58.09290998482455,3.1836962803549067,circular
67,1100,700,210.2303695244779,-85,-85,-85,-85,1350,700,61.27660626517946,3.1836962803549067,circular
68,1100,700,210.2303695244779,-85,-85,-85,-85,1350,700,64.46030254553436,3.1836962803549067,circular
69,1100,700,210.2303695244779,-85,-85,-85,-85,1350,700,67.64399882588927,3.1836962803549067,circular
70,1100,700,210.2303695244779,-85,-85,-85,-85,1350,700,70.82769510624418,3.1836962803549067,circular
71,1100,700,210.2303695244779,-85,-85,-85,-85,1350,700,74.01139138659909,3.1836962803549067,circular
72,1100,700,210.2303695244779,-85,-85,-85,-85,1350,700,77.195087666954,3.1836962803549067,circular
73,1100,700,210.2303695244779,-85,-85,-85,-85,1350,700,80.3787839473089,3.1836962803549067,circular
74,1100,700,210.2303695244779,-85,-85,-85,-85,1350,700,83.56248022766381,3.1836962803549067,circular
75,1100,700,210.2303695244779,-85,-85,-85,-85,1350,700,86.74617650801872,3.1836962803549067,circular
76,1100,700,210.2303695244779,-85,-85,-85,-85,1350,700,89.92987278837363,3.1836962803549067,circular
77,1100,700,210.2303695244779,-85,-85,-85,-85,1350,700,93.11356906872854,3.1836962803549067,circular
78,1100,700,210.2303695244779,-85,-85,-85,-85,1350,700,96.29726534908345,3.1836962803549067,circular
79,1100,700,210.2303695244779,-85,-85,-85,-85,1350,700,99.48096162943835,3.1836962803549067,circular
80,1100,700,210.2303695244779,-85,-85,-85,-85,1350,700,102.66465790979326,3.1836962803549067,circular
81,1100,700,210.2303695244779,-85,-85,-85,-85,1350,700,105.84835419014817,3.1836962803549067,circular
82,1100,700,210.2303695244779,-85,-85,-85,-85,1350,700,109.03205047050308,3.1836962803549067,circular
83,1100,700,210.2303695244779,-85,-85,-85,-85,1350,700,112.21574675085799,3.1836962803549067,circular
84,1100,700,210.2303695244779,-85,-85,-85,-85,1350,700,115.3994430312129,3.1836962803549067,circular
85,1100,700,210.2303695244779,-85,-85,-85,-85,1350,700,118.5831393115678,3.1836962803549067,circular
86,1100,700,210.2303695244779,-85,-85,-85,-85,1350,700,121.76683559192271,3.1836962803549067,circular
87,1100,700,210.2303695244779,-85,-85,-85,-85,1350,700,124.95053187227762,3.1836962803549067,circular
88,1100,700,210.2303695244779,-85,-85,-85,-85,1350,700,128.13422815263252,3.1836962803549067,circular
89,1100,700,210.2303695244779,-85,-85,-85,-85,1350,700,131.3179244329874,3.1836962803549067,circular
90,1100,700,210.2303695244779,-85,-85,-85,-85,1350,700,134.5016207133423,3.1836962803549067,circular
91,1100,700,210.2303695244779,-85,-85,14.513447644213304,-85,1350,700,137.6853169936972,3.1836962803549067,circular
92,1100,700,210.2303695244779,-85,16.269948115724727,18.47430475951294,-85,1350,700,140.8690132740521,3.1836962803549067,circular
93,1100,700,210.2303695244779,-85,19.25639156218217,20.97742610025734,-85,1350,700,144.052709554407,3.1836962803549067,circular
94,1100,700,210.2303695244779,-85,20.97742610025734,22.170735458799452,-85,1350,700,147.23640583476188,3.1836962803549067,circular
95,1100,700,210.2303695244779,-85,22.170735458799452,23.06730250275713,-85,1350,700,150.42010211511678,3.1836962803549067,circular
96,1100,700,210.2303695244779,-85,23.06730250275713,23.769789312347285,-85,1350,700,153.60379839547167,3.1836962803549067,circular
97,1100,700,210.2303695244779,-85,23.769789312347285,24.33271141113945,-85,1350,700,156.78749467582657,3.1836962803549067,circular
98,1100,700,210.2303695244779,-85,24.495315191602927,24.92014212493214,-85,1350,700,159.97119095618146,3.1836962803549067,circular
99,1100,700,210.2303695244779,-85,24.92014212493214,25.26334459461691,-85,1350,700,163.15488723653635,3.1836962803549067,circular
100,1100,700,210.2303695244779,-85,25.26334459461691,25.536951728381826,-85,1350,700,166.33858351689125,3.1836962803549067,circular
101,1100,700,210.2303695244779,-85,25.536951728381826,25.7492610641292,-85,1350,700,169.52227979724614,3.1836962803549067,circular
102,1100,700,210.2303695244779,-85,25.7492610641292,25.906018829630398,-85,1350,700,172.70597607760104,3.1836962803549067,circular
103,1100,700,210.2303695244779,-85,25.946643644493044,26.011117049096303,-85,1350,700,175.88967235795593,3.1836962803549067,circular
104,1100,700,210.2303695244779,-85,26.035130213615616,26.074956048612798,-85,1350,700,179.07336863831082,3.1836962803549067,circular
105,1100,700,210.2303695244779,-85,26.074956048612798,26.074956048612798,-85,1350,700,182.25706491866572,3.1836962803549067,circular
106,1100,700,210.2303695244779,-85,26.074956048612798,26.035130213615616,-85,1350,700,185.4407611990206,3.1836962803549067,circular
107,1100,700,210.2303695244779,-85,26.035130213615616,25.946643644493044,-85,1350,700,188.6244574793755,3.1836962803549067,circular
108,1100,700,210.2303695244779,-85,25.906018829630398,25.807460623826316,-85,1350,700,191.8081537597304,3.1836962803549067,circular
109,1100,700,210.2303695244779,-85,25.7492610641292,25.536951728381826,-85,1350,700,194.9918500400853,3.1836962803549067,circular
110,1100,700,210.2303695244779,-85,25.536951728381826,25.263344594616918,-85,1350,700,198.1755463204402,3.1836962803549067,circular
111,1100,700,210.2303695244779,-85,25.263344594616918,24.92014212493214,-85,1350,700,201.35924260079508,3.1836962803549067,circular
112,1100,700,210.2303695244779,-85,24.92014212493214,24.495315191602927,-85,1350,700,204.54293888114998,3.1836962803549067,circular
113,1100,700,210.2303695244779,-85,24.495315191602927,23.97102224645776,-85,1350,700,207.72663516150487,3.1836962803549067,circular
114,1100,700,210.2303695244779,-85,23.769789312347285,23.319699537123853,-85,1350,700,210.91033144185977,3.1836962803549067,circular
115,1100,700,210.2303695244779,-85,23.067302502757133,22.170735458799452,-85,1350,700,214.09402772221466,3.1836962803549067,circular
116,1100,700,210.2303695244779,-85,22.170735458799452,20.97742610025735,-85,1350,700,217.27772400256956,3.1836962803549067,circular
117,1100,700,210.2303695244779,-85,20.97742610025735,19.25639156218219,-85,1350,700,220.46142028292445,3.1836962803549067,circular
118,1100,700,210.2303695244779,-85,19.25639156218219,16.269948115724716,-85,1350,700,223.64511656327934,3.1836962803549067,circular
119,1100,700,210.2303695244779,-85,14.513447644213265,-85,-85,1350,700,226.82881284363424,3.1836962803549067,circular
120,1100,700,210.2303695244779,-85,-85,-85,-85,1350,700,230.01250912398913,3.1836962803549067,circular
121,1100,700,210.2303695244779,-85,-85,-85,-85,1350,700,233.19620540434403,3.1836962803549067,circular
122,1100,700,210.2303695244779,-85,-85,-85,-85,1350,700,236.37990168469892,3.1836962803549067,circular
123,1100,700,210.2303695244779,-85,-85,-85,-85,1350,700,239.56359796505382,3.1836962803549067,circular
124,1100,700,210.2303695244779,-85,-85,-85,-85,1350,700,242.7472942454087,3.1836962803549067,circular
125,1100,700,210.2303695244779,-85,-85,-85,-85,1350,700,245.9309905257636,3.1836962803549067,circular
126,1100,700,210.2303695244779,-85,-85,-85,-85,1350,700,249.1146868061185,3.1836962803549067,circular
127,1100,700,210.2303695244779,-85,-85,-85,-85,1350,700,252.2983830864734,3.1836962803549067,circular
128,1100,700,210.2303695244779,-85,-85,-85,-85,1350,700,255.4820793668283,3.1836962803549067,circular
129,1100,700,210.2303695244779,-85,-85,-85,-85,1350,700,258.6657756471832,3.1836962803549067,circular
130,1100,700,210.2303695244779,-85,-85,-85,-85,1350,700,261.8494719275381,3.1836962803549067,circular
131,1100,700,210.2303695244779,-85,-85,-85,-85,1350,700,265.033168207893,3.1836962803549067,circular
132,1100,700,210.2303695244779,-85,-85,-85,-85,1350,700,268.21686448824795,3.1836962803549067,circular
133,1100,700,210.2303695244779,-85,-85,-85,-85,1350,700,271.4005607686029,3.1836962803549067,circular
134,1100,700,210.2303695244779,-85,-85,-85,-85,1350,700,274.5842570489578,3.1836962803549067,circular
135,1100,700,210.2303695244779,-85,-85,-85,-85,1350,700,277.7679533293127,3.1836962803549067,circular
136,1100,700,210.2303695244779,-85,-85,-85,-85,1350,700,280.95164960966764,3.1836962803549067,circular
137,1100,700,210.2303695244779,-85,-85,-85,-85,1350,700,284.13534589002256,3.1836962803549067,circular
138,1100,700,210.2303695244779,-85,-85,-85,-85,1350,700,287.3190421703775,3.1836962803549067,circular
139,1100,700,210.2303695244779,-85,-85,-85,-85,1350,700,290.5027384507324,3.1836962803549067,circular
140,1100,700,210.2303695244779,-85,-85,-85,-85,1350,700,293.68643473108733,3.1836962803549067,circular
141,1100,700,210.2303695244779,-85,-85,-85,-85,1350,700,296.87013101144225,3.1836962803549067,circular
142,1100,700,210.2303695244779,-85,-85,-85,-85,1350,700,300.0538272917972,3.1836962803549067,circular
143,1100,700,210.2303695244779,-85,-85,-85,-85,1350,700,303.2375235721521,3.1836962803549067,circular
144,1100,700,210.2303695244779,-85,-85,-85,-85,1350,700,306.421219852507,3.1836962803549067,circular
145,1100,700,210.2303695244779,-85,-85,-85,-85,1350,700,309.60491613286194,3.1836962803549067,circular
146,1100,700,210.2303695244779,-85,-85,-85,-85,1350,700,312.78861241321687,3.1836962803549067,circular
147,1100,700,210.2303695244779,-85,-85,-85,-85,1350,700,315.9723086935718,3.1836962803549067,circular
148,1100,700,210.2303695244779,-85,-85,-85,-85,1350,700,319.1560049739267,3.1836962803549067,circular
149,1100,700,210.2303695244779,-85,-85,-85,-85,1350,700,322.33970125428164,3.1836962803549067,circular
150,1100,700,210.2303695244779,-85,-85,-85,-85,1350,700,325.52339753463656,3.1836962803549067,circular
151,1100,700,210.2303695244779,-85,-85,-85,-85,1350,700,328.7070938149915,3.1836962803549067,circular
152,1100,700,210.2303695244779,-85,-85,-85,-85,1350,700,331.8907900953464,3.1836962803549067,circular
153,1100,700,210.2303695244779,-85,-85,-85,-85,1350,700,335.0744863757013,3.1836962803549067,circular
154,1100,700,210.2303695244779,-85,-85,-85,-85,1350,700,338.25818265605625,3.1836962803549067,circular
155,1100,700,210.2303695244779,-85,-85,-85,-85,1350,700,341.4418789364112,3.1836962803549067,circular
156,1100,700,210.2303695244779,-85,-85,-85,-85,1350,700,344.6255752167661,3.1836962803549067,circular
157,1100,700,210.2303695244779,-85,-85,-85,-85,1350,700,347.809271497121,3.1836962803549067,circular
158,1100,700,210.2303695244779,-85,-85,-85,-85,1350,700,350.99296777747594,3.1836962803549067,circular
159,1100,700,210.2303695244779,-85,-85,-85,-85,1350,700,354.17666405783086,3.1836962803549067,circular
160,1100,700,210.2303695244779,-85,-85,-85,-85,1350,700,357.3603603381858,3.1836962803549067,circular
161,1100,700,210.2303695244779,-85,-85,-85,-85,1350,700,0.5440566185407079,3.1836962803549067,circular
162,1100,700,210.2303695244779,-85,-85,-85,-85,1350,700,3.7277528988956146,3.1836962803549067,circular
163,1100,700,210.2303695244779,-85,-85,-85,-85,1350,700,6.911449179250521,3.1836962803549067,circular
164,1100,700,210.2303695244779,-85,-85,-85,-85,1350,700,10.095145459605428,3.1836962803549067,circular
165,1100,700,210.2303695244779,-85,-85,-85,-85,1350,700,13.278841739960335,3.1836962803549067,circular
166,1100,700,210.2303695244779,-85,-85,-85,-85,1350,700,16.462538020315243,3.1836962803549067,circular
167,1100,700,210.2303695244779,-85,-85,-85,-85,1350,700,19.64623430067015,3.1836962803549067,circular
168,1100,700,210.2303695244779,-85,-85,-85,-85,1350,700,22.82993058102506,3.1836962803549067,circular
169,1100,700,210.2303695244779,-85,-85,-85,-85,1350,700,26.01362686137997,3.1836962803549067,circular
170,1100,700,210.2303695244779,-85,-85,-85,-85,1350,700,29.197323141734877,3.1836962803549067,circular
171,1100,700,210.2303695244779,-85,-85,-85,-85,1350,700,32.381019422089786,3.1836962803549067,circular
172,1100,700,210.2303695244779,-85,-85,-85,-85,1350,700,35.564715702444694,3.1836962803549067,circular
173,1100,700,210.2303695244779,-85,-85,-85,-85,1350,700,38.7484119827996,3.1836962803549067,circular
174,1100,700,210.2303695244779,-85,-85,-85,-85,1350,700,41.93210826315451,3.1836962803549067,circular
175,1100,700,210.2303695244779,-85,-85,-85,-85,1350,700,45.11580454350942,3.1836962803549067,circular
176,1100,700,210.2303695244779,-85,-85,-85,-85,1350,700,48.29950082386433,3.1836962803549067,circular
177,1100,700,210.2303695244779,-85,-85,-85,-85,1350,700,51.48319710421924,3.1836962803549067,circular
178,1100,700,210.2303695244779,-85,-85,-85,-85,1350,700,54.666893384574145,3.1836962803549067,circular
179,1100,700,210.2303695244779,-85,-85,-85,-85,1350,700,57.85058966492905,3.1836962803549067,circular
180,1100,700,210.2303695244779,-85,-85,-85,-85,1350,700,61.03428594528396,3.1836962803549067,circular
181,1100,700,210.2303695244779,-85,-85,-85,-85,1350,700,64.21798222563886,3.1836962803549067,circular
182,1100,700,210.2303695244779,-85,-85,-85,-85,1350,700,67.40167850599377,3.1836962803549067,circular
183,1100,700,210.2303695244779,-85,-85,-85,-85,1350,700,70.58537478634868,3.1836962803549067,circular
184,1100,700,210.2303695244779,-85,-85,-85,-85,1350,700,73.76907106670359,3.1836962803549067,circular
185,1100,700,210.2303695244779,-85,-85,-85,-85,1350,700,76.9527673470585,3.1836962803549067,circular
186,1100,700,210.2303695244779,-85,-85,-85,-85,1350,700,80.1364636274134,3.1836962803549067,circular
187,1100,700,210.2303695244779,-85,-85,-85,-85,1350,700,83.32015990776831,3.1836962803549067,circular
188,1100,700,210.2303695244779,-85,-85,-85,-85,1350,700,86.50385618812322,3.1836962803549067,circular
189,1100,700,210.2303695244779,-85,-85,-85,-85,1350,700,89.68755246847813,3.1836962803549067,circular
190,1100,700,210.2303695244779,-85,-85,-85,-85,1350,700,92.87124874883304,3.1836962803549067,circular
191,1100,700,210.2303695244779,-85,-85,-85,-85,1350,700,96.05494502918795,3.1836962803549067,circular
192,1100,700,210.2303695244779,-85,-85,-85,-85,1350,700,99.23864130954286,3.1836962803549067,circular
193,1100,700,210.2303695244779,-85,-85,-85,-85,1350,700,102.42233758989777,3.1836962803549067,circular
194,1100,700,210.2303695244779,-85,-85,-85,-85,1350,700,105.60603387025267,3.1836962803549067,circular
195,1100,700,210.2303695244779,-85,-85,-85,-85,1350,700,108.78973015060758,3.1836962803549067,circular
196,1100,700,210.2303695244779,-85,-85,-85,-85,1350,700,111.97342643096249,3.1836962803549067,circular
197,1100,700,210.2303695244779,-85,-85,-85,-85,1350,700,115.1571227113174,3.1836962803549067,circular
198,1100,700,210.2303695244779,-85,-85,-85,-85,1350,700,118.34081899167231,3.1836962803549067,circular
199,1100,700,210.2303695244779,-85,-85,-85,-85,1350,700,121.52451527202722,3.1836962803549067,circular
200,1100,700,210.2303695244779,-85,-85,-85,-85,1350,700,124.70821155238212,3.1836962803549067,circular
201,1100,700,210.2303695244779,-85,-85,-85,-85,1350,700,127.89190783273703,3.1836962803549067,circular
202,1100,700,210.2303695244779,-85,-85,-85,-85,1350,700,131.07560411309194,3.1836962803549067,circular
203,1100,700,210.2303695244779,-85,-85,-85,-85,1350,700,134.25930039344684,3.1836962803549067,circular
204,1100,700,210.2303695244779,-85,-85,14.513447644213304,-85,1350,700,137.44299667380173,3.1836962803549067,circular
205,1100,700,210.2303695244779,-85,14.513447644213304,18.47430475951294,-85,1350,700,140.62669295415662,3.1836962803549067,circular
206,1100,700,210.2303695244779,-85,19.25639156218217,20.48098321025059,-85,1350,700,143.81038923451152,3.1836962803549067,circular
207,1100,700,210.2303695244779,-85,20.97742610025734,22.170735458799452,-85,1350,700,146.9940855148664,3.1836962803549067,circular
208,1100,700,210.2303695244779,-85,22.170735458799452,23.06730250275713,-85,1350,700,150.1777817952213,3.1836962803549067,circular
209,1100,700,210.2303695244779,-85,23.06730250275713,23.769789312347285,-85,1350,700,153.3614780755762,3.1836962803549067,circular
210,1100,700,210.2303695244779,-85,23.769789312347285,24.33271141113945,-85,1350,700,156.5451743559311,3.1836962803549067,circular
211,1100,700,210.2303695244779,-85,24.33271141113945,24.78833704083229,-85,1350,700,159.728870636286,3.1836962803549067,circular
212,1100,700,210.2303695244779,-85,24.92014212493214,25.157178905256924,-85,1350,700,162.91256691664088,3.1836962803549067,circular
213,1100,700,210.2303695244779,-85,25.26334459461691,25.536951728381826,-85,1350,700,166.09626319699578,3.1836962803549067,circular
214,1100,700,210.2303695244779,-85,25.536951728381826,25.7492610641292,-85,1350,700,169.27995947735067,3.1836962803549067,circular
215,1100,700,210.2303695244779,-85,25.7492610641292,25.906018829630398,-85,1350,700,172.46365575770557,3.1836962803549067,circular
216,1100,700,210.2303695244779,-85,25.906018829630398,26.011117049096303,-85,1350,700,175.64735203806046,3.1836962803549067,circular
217,1100,700,210.2303695244779,-85,26.035130213615616,26.067010357935978,-85,1350,700,178.83104831841536,3.1836962803549067,circular
218,1100,700,210.2303695244779,-85,26.074956048612798,26.074956048612798,-85,1350,700,182.01474459877025,3.1836962803549067,circular
219,1100,700,210.2303695244779,-85,26.074956048612798,26.035130213615616,-85,1350,700,185.19844087912514,3.1836962803549067,circular
220,1100,700,210.2303695244779,-85,26.035130213615616,25.946643644493044,-85,1350,700,188.38213715948004,3.1836962803549067,circular
221,1100,700,210.2303695244779,-85,25.946643644493044,25.807460623826316,-85,1350,700,191.56583343983493,3.1836962803549067,circular
222,1100,700,210.2303695244779,-85,25.807460623826316,25.614204328866276,-85,1350,700,194.74952972018983,3.1836962803549067,circular
223,1100,700,210.2303695244779,-85,25.536951728381826,25.361807294499556,-85,1350,700,197.93322600054472,3.1836962803549067,circular
224,1100,700,210.2303695244779,-85,25.263344594616918,24.92014212493214,-85,1350,700,201.11692228089962,3.1836962803549067,circular
225,1100,700,210.2303695244779,-85,24.92014212493214,24.495315191602927,-85,1350,700,204.3006185612545,3.1836962803549067,circular
226,1100,700,210.2303695244779,-85,24.495315191602927,23.97102224645776,-85,1350,700,207.4843148416094,3.1836962803549067,circular
227,1100,700,210.2303695244779,-85,23.97102224645776,23.319699537123853,-85,1350,700,210.6680111219643,3.1836962803549067,circular
228,1100,700,210.2303695244779,-85,23.067302502757133,22.496022074683278,-85,1350,700,213.8517074023192,3.1836962803549067,circular
229,1100,700,210.2303695244779,-85,22.170735458799452,20.97742610025735,-85,1350,700,217.0354036826741,3.1836962803549067,circular
230,1100,700,210.2303695244779,-85,20.97742610025735,19.25639156218219,-85,1350,700,220.21909996302898,3.1836962803549067,circular
231,1100,700,210.2303695244779,-85,19.25639156218219,16.269948115724716,-85,1350,700,223.40279624338388,3.1836962803549067,circular
232,1100,700,210.2303695244779,-85,16.269948115724716,-85,-85,1350,700,226.58649252373877,3.1836962803549067,circular
233,1100,700,210.2303695244779,-85,-85,-85,-85,1350,700,229.77018880409366,3.1836962803549067,circular
234,1100,700,210.2303695244779,-85,-85,-85,-85,1350,700,232.95388508444856,3.1836962803549067,circular
235,1100,700,210.2303695244779,-85,-85,-85,-85,1350,700,236.13758136480345,3.1836962803549067,circular
236,1100,700,210.2303695244779,-85,-85,-85,-85,1350,700,239.32127764515835,3.1836962803549067,circular
237,1100,700,210.2303695244779,-85,-85,-85,-85,1350,700,242.50497392551324,3.1836962803549067,circular
238,1100,700,210.2303695244779,-85,-85,-85,-85,1350,700,245.68867020586814,3.1836962803549067,circular
239,1100,700,210.2303695244779,-85,-85,-85,-85,1350,700,248.87236648622303,3.1836962803549067,circular
240,1100,700,210.2303695244779,-85,-85,-85,-85,1350,700,252.05606276657792,3.1836962803549067,circular
241,1100,700,210.2303695244779,-85,-85,-85,-85,1350,700,255.23975904693282,3.1836962803549067,circular
242,1100,700,210.2303695244779,-85,-85,-85,-85,1350,700,258.42345532728774,3.1836962803549067,circular
243,1100,700,210.2303695244779,-85,-85,-85,-85,1350,700,261.60715160764266,3.1836962803549067,circular
244,1100,700,210.2303695244779,-85,-85,-85,-85,1350,700,264.7908478879976,3.1836962803549067,circular
245,1100,700,210.2303695244779,-85,-85,-85,-85,1350,700,267.9745441683525,3.1836962803549067,circular
246,1100,700,210.2303695244779,-85,-85,-85,-85,1350,700,271.15824044870743,3.1836962803549067,circular
247,1100,700,210.2303695244779,-85,-85,-85,-85,1350,700,274.34193672906235,3.1836962803549067,circular
248,1100,700,210.2303695244779,-85,-85,-85,-85,1350,700,277.5256330094173,3.1836962803549067,circular
249,1100,700,210.2303695244779,-85,-85,-85,-85,1350,700,280.7093292897722,3.1836962803549067,circular
250,1100,700,210.2303695244779,-85,-85,-85,-85,1350,700,283.8930255701271,3.1836962803549067,circular
251,1100,700,210.2303695244779,-85,-85,-85,-85,1350,700,287.07672185048204,3.1836962803549067,circular
252,1100,700,210.2303695244779,-85,-85,-85,-85,1350,700,290.26041813083697,3.1836962803549067,circular
253,1100,700,210.2303695244779,-85,-85,-85,-85,1350,700,293.4441144111919,3.1836962803549067,circular
254,1100,700,210.2303695244779,-85,-85,-85,-85,1350,700,296.6278106915468,3.1836962803549067,circular
255,1100,700,210.2303695244779,-85,-85,-85,-85,1350,700,299.81150697190174,3.1836962803549067,circular
256,1100,700,210.2303695244779,-85,-85,-85,-85,1350,700,302.99520325225666,3.1836962803549067,circular
257,1100,700,210.2303695244779,-85,-85,-85,-85,1350,700,306.1788995326116,3.1836962803549067,circular
258,1100,700,210.2303695244779,-85,-85,-85,-85,1350,700,309.3625958129665,3.1836962803549067,circular
259,1100,700,210.2303695244779,-85,-85,-85,-85,1350,700,312.5462920933214,3.1836962803549067,circular
260,1100,700,210.2303695244779,-85,-85,-85,-85,1350,700,315.72998837367635,3.1836962803549067,circular
261,1100,700,210.2303695244779,-85,-85,-85,-85,1350,700,318.9136846540313,3.1836962803549067,circular
262,1100,700,210.2303695244779,-85,-85,-85,-85,1350,700,322.0973809343862,3.1836962803549067,circular
263,1100,700,210.2303695244779,-85,-85,-85,-85,1350,700,325.2810772147411,3.1836962803549067,circular
264,1100,700,210.2303695244779,-85,-85,-85,-85,1350,700,328.46477349509604,3.1836962803549067,circular
265,1100,700,210.2303695244779,-85,-85,-85,-85,1350,700,331.64846977545096,3.1836962803549067,circular
266,1100,700,210.2303695244779,-85,-85,-85,-85,1350,700,334.8321660558059,3.1836962803549067,circular
267,1100,700,210.2303695244779,-85,-85,-85,-85,1350,700,338.0158623361608,3.1836962803549067,circular
268,1100,700,210.2303695244779,-85,-85,-85,-85,1350,700,341.19955861651573,3.1836962803549067,circular
269,1100,700,210.2303695244779,-85,-85,-85,-85,1350,700,344.38325489687065,3.1836962803549067,circular
270,1100,700,210.2303695244779,-85,-85,-85,-85,1350,700,347.5669511772256,3.1836962803549067,circular
271,1100,700,210.2303695244779,-85,-85,-85,-85,1350,700,350.7506474575805,3.1836962803549067,circular
272,1100,700,210.2303695244779,-85,-85,-85,-85,1350,700,353.9343437379354,3.1836962803549067,circular
273,1100,700,210.2303695244779,-85,-85,-85,-85,1350,700,357.11804001829034,3.1836962803549067,circular
274,1100,700,210.2303695244779,-85,-85,-85,-85,1350,700,0.30173629864526674,3.1836962803549067,circular
275,1100,700,210.2303695244779,-85,-85,-85,-85,1350,700,3.4854325790001734,3.1836962803549067,circular
276,1100,700,210.2303695244779,-85,-85,-85,-85,1350,700,6.66912885935508,3.1836962803549067,circular
277,1100,700,210.2303695244779,-85,-85,-85,-85,1350,700,9.852825139709987,3.1836962803549067,circular
278,1100,700,210.2303695244779,-85,-85,-85,-85,1350,700,13.036521420064894,3.1836962803549067,circular
279,1100,700,210.2303695244779,-85,-85,-85,-85,1350,700,16.220217700419802,3.1836962803549067,circular
280,1100,700,210.2303695244779,-85,-85,-85,-85,1350,700,19.40391398077471,3.1836962803549067,circular
281,1100,700,210.2303695244779,-85,-85,-85,-85,1350,700,22.58761026112962,3.1836962803549067,circular
282,1100,700,210.2303695244779,-85,-85,-85,-85,1350,700,25.771306541484527,3.1836962803549067,circular
283,1100,700,210.2303695244779,-85,-85,-85,-85,1350,700,28.955002821839436,3.1836962803549067,circular
284,1100,700,210.2303695244779,-85,-85,-85,-85,1350,700,32.138699102194344,3.1836962803549067,circular
285,1100,700,210.2303695244779,-85,-85,-85,-85,1350,700,35.32239538254925,3.1836962803549067,circular
286,1100,700,210.2303695244779,-85,-85,-85,-85,1350,700,38.50609166290416,3.1836962803549067,circular
287,1100,700,210.2303695244779,-85,-85,-85,-85,1350,700,41.68978794325907,3.1836962803549067,circular
288,1100,700,210.2303695244779,-85,-85,-85,-85,1350,700,44.87348422361398,3.1836962803549067,circular
289,1100,700,210.2303695244779,-85,-85,-85,-85,1350,700,48.05718050396889,3.1836962803549067,circular
290,1100,700,210.2303695244779,-85,-85,-85,-85,1350,700,51.240876784323795,3.1836962803549067,circular
291,1100,700,210.2303695244779,-85,-85,-85,-85,1350,700,54.424573064678704,3.1836962803549067,circular
292,1100,700,210.2303695244779,-85,-85,-85,-85,1350,700,57.60826934503361,3.1836962803549067,circular
293,1100,700,210.2303695244779,-85,-85,-85,-85,1350,700,60.79196562538852,3.1836962803549067,circular
294,1100,700,210.2303695244779,-85,-85,-85,-85,1350,700,63.97566190574343,3.1836962803549067,circular
295,1100,700,210.2303695244779,-85,-85,-85,-85,1350,700,67.15935818609833,3.1836962803549067,circular
296,1100,700,210.2303695244779,-85,-85,-85,-85,1350,700,70.34305446645324,3.1836962803549067,circular
297,1100,700,210.2303695244779,-85,-85,-85,-85,1350,700,73.52675074680815,3.1836962803549067,circular
298,1100,700,210.2303695244779,-85,-85,-85,-85,1350,700,76.71044702716306,3.1836962803549067,circular
299,1100,700,210.2303695244779,-85,-85,-85,-85,1350,700,79.89414330751796,3.1836962803549067,circular
300,1100,700,210.2303695244779,-85,-85,-85,-85,1350,700,83.07783958787287,3.1836962803549067,circular
301,1100,700,210.2303695244779,-85,-85,-85,-85,1350,700,86.26153586822778,3.1836962803549067,circular
302,1100,700,210.2303695244779,-85,-85,-85,-85,1350,700,89.44523214858269,3.1836962803549067,circular
303,1100,700,210.2303695244779,-85,-85,-85,-85,1350,700,92.6289284289376,3.1836962803549067,circular
304,1100,700,210.2303695244779,-85,-85,-85,-85,1350,700,95.8126247092925,3.1836962803549067,circular
305,1100,700,210.2303695244779,-85,-85,-85,-85,1350,700,98.99632098964742,3.1836962803549067,circular
306,1100,700,210.2303695244779,-85,-85,-85,-85,1350,700,102.18001727000232,3.1836962803549067,circular
307,1100,700,210.2303695244779,-85,-85,-85,-85,1350,700,105.36371355035723,3.1836962803549067,circular
308,1100,700,210.2303695244779,-85,-85,-85,-85,1350,700,108.54740983071214,3.1836962803549067,circular
309,1100,700,210.2303695244779,-85,-85,-85,-85,1350,700,111.73110611106705,3.1836962803549067,circular
310,1100,700,210.2303695244779,-85,-85,-85,-85,1350,700,114.91480239142196,3.1836962803549067,circular
311,1100,700,210.2303695244779,-85,-85,-85,-85,1350,700,118.09849867177687,3.1836962803549067,circular
312,1100,700,210.2303695244779,-85,-85,-85,-85,1350,700,121.28219495213177,3.1836962803549067,circular
313,1100,700,210.2303695244779,-85,-85,-85,-85,1350,700,124.46589123248668,3.1836962803549067,circular
314,1100,700,210.2303695244779,-85,-85,-85,-85,1350,700,127.64958751284159,3.1836962803549067,circular
315,1100,700,210.2303695244779,-85,-85,-85,-85,1350,700,130.8332837931965,3.1836962803549067,circular
316,1100,700,210.2303695244779,-85,-85,-85,-85,1350,700,134.0169800735514,3.1836962803549067,circular
317,1100,700,210.2303695244779,-85,-85,14.513447644213304,-85,1350,700,137.2006763539063,3.1836962803549067,circular
318,1100,700,210.2303695244779,-85,14.513447644213304,18.47430475951294,-85,1350,700,140.38437263426118,3.1836962803549067,circular
319,1100,700,210.2303695244779,-85,18.47430475951294,20.48098321025059,-85,1350,700,143.56806891461608,3.1836962803549067,circular
320,1100,700,210.2303695244779,-85,20.48098321025059,21.813356630230874,-85,1350,700,146.75176519497097,3.1836962803549067,circular
321,1100,700,210.2303695244779,-85,22.170735458799452,22.793695368992218,-85,1350,700,149.93546147532587,3.1836962803549067,circular
322,1100,700,210.2303695244779,-85,23.06730250275713,23.769789312347285,-85,1350,700,153.11915775568076,3.1836962803549067,circular
323,1100,700,210.2303695244779,-85,23.769789312347285,24.33271141113945,-85,1350,700,156.30285403603565,3.1836962803549067,circular
324,1100,700,210.2303695244779,-85,24.33271141113945,24.78833704083229,-85,1350,700,159.48655031639055,3.1836962803549067,circular
325,1100,700,210.2303695244779,-85,24.78833704083229,25.157178905256924,-85,1350,700,162.67024659674544,3.1836962803549067,circular
326,1100,700,210.2303695244779,-85,25.26334459461691,25.452908776355446,-85,1350,700,165.85394287710034,3.1836962803549067,circular
327,1100,700,210.2303695244779,-85,25.536951728381826,25.7492610641292,-85,1350,700,169.03763915745523,3.1836962803549067,circular
328,1100,700,210.2303695244779,-85,25.7492610641292,25.906018829630398,-85,1350,700,172.22133543781013,3.1836962803549067,circular
329,1100,700,210.2303695244779,-85,25.906018829630398,26.011117049096303,-85,1350,700,175.40503171816502,3.1836962803549067,circular
330,1100,700,210.2303695244779,-85,26.011117049096303,26.067010357935978,-85,1350,700,178.58872799851991,3.1836962803549067,circular
331,1100,700,210.2303695244779,-85,26.067010357935978,26.077602459396946,-85,1350,700,181.7724242788748,3.1836962803549067,circular
332,1100,700,210.2303695244779,-85,26.074956048612798,26.035130213615616,-85,1350,700,184.9561205592297,3.1836962803549067,circular
333,1100,700,210.2303695244779,-85,26.035130213615616,25.946643644493044,-85,1350,700,188.1398168395846,3.1836962803549067,circular
334,1100,700,210.2303695244779,-85,25.946643644493044,25.807460623826316,-85,1350,700,191.3235131199395,3.1836962803549067,circular
335,1100,700,210.2303695244779,-85,25.807460623826316,25.614204328866276,-85,1350,700,194.50720940029439,3.1836962803549067,circular
336,1100,700,210.2303695244779,-85,25.614204328866276,25.361807294499556,-85,1350,700,197.69090568064928,3.1836962803549067,circular
337,1100,700,210.2303695244779,-85,25.263344594616918,25.042923900792417,-85,1350,700,200.87460196100417,3.1836962803549067,circular
338,1100,700,210.2303695244779,-85,24.92014212493214,24.495315191602927,-85,1350,700,204.05829824135907,3.1836962803549067,circular
339,1100,700,210.2303695244779,-85,24.495315191602927,23.97102224645776,-85,1350,700,207.24199452171396,3.1836962803549067,circular
340,1100,700,210.2303695244779,-85,23.97102224645776,23.319699537123853,-85,1350,700,210.42569080206886,3.1836962803549067,circular
341,1100,700,210.2303695244779,-85,23.319699537123853,22.496022074683278,-85,1350,700,213.60938708242375,3.1836962803549067,circular
342,1100,700,210.2303695244779,-85,22.170735458799452,21.418119305852123,-85,1350,700,216.79308336277865,3.1836962803549067,circular
343,1100,700,210.2303695244779,-85,20.97742610025735,19.25639156218219,-85,1350,700,219.97677964313354,3.1836962803549067,circular
344,1100,700,210.2303695244779,-85,19.25639156218219,16.269948115724716,-85,1350,700,223.16047592348843,3.1836962803549067,circular
345,1100,700,210.2303695244779,-85,16.269948115724716,-85,-85,1350,700,226.34417220384333,3.1836962803549067,circular
346,1100,700,210.2303695244779,-85,-85,-85,-85,1350,700,229.52786848419822,3.1836962803549067,circular
347,1100,700,210.2303695244779,-85,-85,-85,-85,1350,700,232.71156476455312,3.1836962803549067,circular
348,1100,700,210.2303695244779,-85,-85,-85,-85,1350,700,235.895261044908,3.1836962803549067,circular
349,1100,700,210.2303695244779,-85,-85,-85,-85,1350,700,239.0789573252629,3.1836962803549067,circular
350,1100,700,210.2303695244779,-85,-85,-85,-85,1350,700,242.2626536056178,3.1836962803549067,circular
351,1100,700,210.2303695244779,-85,-85,-85,-85,1350,700,245.4463498859727,3.1836962803549067,circular
352,1100,700,210.2303695244779,-85,-85,-85,-85,1350,700,248.6300461663276,3.1836962803549067,circular
353,1100,700,210.2303695244779,-85,-85,-85,-85,1350,700,251.81374244668248,3.1836962803549067,circular
354,1100,700,210.2303695244779,-85,-85,-85,-85,1350,700,254.99743872703738,3.1836962803549067,circular
355,1100,700,210.2303695244779,-85,-85,-85,-85,1350,700,258.1811350073923,3.1836962803549067,circular
356,1100,700,210.2303695244779,-85,-85,-85,-85,1350,700,261.3648312877472,3.1836962803549067,circular
357,1100,700,210.2303695244779,-85,-85,-85,-85,1350,700,264.54852756810214,3.1836962803549067,circular
358,1100,700,210.2303695244779,-85,-85,-85,-85,1350,700,267.73222384845707,3.1836962803549067,circular
359,1100,700,210.2303695244779,-85,-85,-85,-85,1350,700,270.915920128812,3.1836962803549067,circular
360,1100,700,210.2303695244779,-85,-85,-85,-85,1350,700,274.0996164091669,3.1836962803549067,circular
361,1100,700,210.2303695244779,-85,-85,-85,-85,1350,700,277.28331268952184,3.1836962803549067,circular
362,1100,700,210.2303695244779,-85,-85,-85,-85,1350,700,280.46700896987676,3.1836962803549067,circular
363,1100,700,210.2303695244779,-85,-85,-85,-85,1350,700,283.6507052502317,3.1836962803549067,circular
364,1100,700,210.2303695244779,-85,-85,-85,-85,1350,700,286.8344015305866,3.1836962803549067,circular
365,1100,700,210.2303695244779,-85,-85,-85,-85,1350,700,290.0180978109415,3.1836962803549067,circular
366,1100,700,210.2303695244779,-85,-85,-85,-85,1350,700,293.20179409129645,3.1836962803549067,circular
367,1100,700,210.2303695244779,-85,-85,-85,-85,1350,700,296.3854903716514,3.1836962803549067,circular
368,1100,700,210.2303695244779,-85,-85,-85,-85,1350,700,299.5691866520063,3.1836962803549067,circular
369,1100,700,210.2303695244779,-85,-85,-85,-85,1350,700,302.7528829323612,3.1836962803549067,circular
370,1100,700,210.2303695244779,-85,-85,-85,-85,1350,700,305.93657921271614,3.1836962803549067,circular
371,1100,700,210.2303695244779,-85,-85,-85,-85,1350,700,309.12027549307106,3.1836962803549067,circular
372,1100,700,210.2303695244779,-85,-85,-85,-85,1350,700,312.303971773426,3.1836962803549067,circular
373,1100,700,210.2303695244779,-85,-85,-85,-85,1350,700,315.4876680537809,3.1836962803549067,circular
374,1100,700,210.2303695244779,-85,-85,-85,-85,1350,700,318.67136433413583,3.1836962803549067,circular
375,1100,700,210.2303695244779,-85,-85,-85,-85,1350,700,321.85506061449075,3.1836962803549067,circular
376,1100,700,210.2303695244779,-85,-85,-85,-85,1350,700,325.0387568948457,3.1836962803549067,circular
377,1100,700,210.2303695244779,-85,-85,-85,-85,1350,700,328.2224531752006,3.1836962803549067,circular
378,1100,700,210.2303695244779,-85,-85,-85,-85,1350,700,331.4061494555555,3.1836962803549067,circular
379,1100,700,210.2303695244779,-85,-85,-85,-85,1350,700,334.58984573591044,3.1836962803549067,circular
380,1100,700,210.2303695244779,-85,-85,-85,-85,1350,700,337.77354201626537,3.1836962803549067,circular
381,1100,700,210.2303695244779,-85,-85,-85,-85,1350,700,340.9572382966203,3.1836962803549067,circular
382,1100,700,210.2303695244779,-85,-85,-85,-85,1350,700,344.1409345769752,3.1836962803549067,circular
383,1100,700,210.2303695244779,-85,-85,-85,-85,1350,700,347.32463085733013,3.1836962803549067,circular
384,1100,700,210.2303695244779,-85,-85,-85,-85,1350,700,350.50832713768506,3.1836962803549067,circular
385,1100,700,210.2303695244779,-85,-85,-85,-85,1350,700,353.69202341804,3.1836962803549067,circular
386,1100,700,210.2303695244779,-85,-85,-85,-85,1350,700,356.8757196983949,3.1836962803549067,circular
387,1100,700,210.2303695244779,-85,-85,-85,-85,1350,700,0.059415978749825626,3.1836962803549067,circular
388,1100,700,210.2303695244779,-85,-85,-85,-85,1350,700,3.2431122591047323,3.1836962803549067,circular
389,1100,700,210.2303695244779,-85,-85,-85,-85,1350,700,6.426808539459639,3.1836962803549067,circular
390,1100,700,210.2303695244779,-85,-85,-85,-85,1350,700,9.610504819814546,3.1836962803549067,circular
391,1100,700,210.2303695244779,-85,-85,-85,-85,1350,700,12.794201100169452,3.1836962803549067,circular
392,1100,700,210.2303695244779,-85,-85,-85,-85,1350,700,15.97789738052436,3.1836962803549067,circular
393,1100,700,210.2303695244779,-85,-85,-85,-85,1350,700,19.161593660879266,3.1836962803549067,circular
394,1100,700,210.2303695244779,-85,-85,-85,-85,1350,700,22.34528994123417,3.1836962803549067,circular
395,1100,700,210.2303695244779,-85,-85,-85,-85,1350,700,25.52898622158908,3.1836962803549067,circular
396,1100,700,210.2303695244779,-85,-85,-85,-85,1350,700,28.712682501943988,3.1836962803549067,circular
397,1100,700,210.2303695244779,-85,-85,-85,-85,1350,700,31.896378782298896,3.1836962803549067,circular
398,1100,700,210.2303695244779,-85,-85,-85,-85,1350,700,35.080075062653805,3.1836962803549067,circular
399,1100,700,210.2303695244779,-85,-85,-85,-85,1350,700,38.26377134300871,3.1836962803549067,circular
400,1100,700,210.2303695244779,-85,-85,-85,-85,1350,700,41.44746762336362,3.1836962803549067,circular
401,1100,700,210.2303695244779,-85,-85,-85,-85,1350,700,44.63116390371853,3.1836962803549067,circular
402,1100,700,210.2303695244779,-85,-85,-85,-85,1350,700,47.81486018407344,3.1836962803549067,circular
403,1100,700,210.2303695244779,-85,-85,-85,-85,1350,700,50.99855646442835,3.1836962803549067,circular
404,1100,700,210.2303695244779,-85,-85,-85,-85,1350,700,54.182252744783256,3.1836962803549067,circular
405,1100,700,210.2303695244779,-85,-85,-85,-85,1350,700,57.365949025138164,3.1836962803549067,circular
406,1100,700,210.2303695244779,-85,-85,-85,-85,1350,700,60.54964530549307,3.1836962803549067,circular
407,1100,700,210.2303695244779,-85,-85,-85,-85,1350,700,63.73334158584798,3.1836962803549067,circular
408,1100,700,210.2303695244779,-85,-85,-85,-85,1350,700,66.91703786620289,3.1836962803549067,circular
409,1100,700,210.2303695244779,-85,-85,-85,-85,1350,700,70.1007341465578,3.1836962803549067,circular
410,1100,700,210.2303695244779,-85,-85,-85,-85,1350,700,73.2844304269127,3.1836962803549067,circular
411,1100,700,210.2303695244779,-85,-85,-85,-85,1350,700,76.46812670726761,3.1836962803549067,circular
412,1100,700,210.2303695244779,-85,-85,-85,-85,1350,700,79.65182298762252,3.1836962803549067,circular
413,1100,700,210.2303695244779,-85,-85,-85,-85,1350,700,82.83551926797743,3.1836962803549067,circular
414,1100,700,210.2303695244779,-85,-85,-85,-85,1350,700,86.01921554833234,3.1836962803549067,circular
415,1100,700,210.2303695244779,-85,-85,-85,-85,1350,700,89.20291182868725,3.1836962803549067,circular
416,1100,700,210.2303695244779,-85,-85,-85,-85,1350,700,92.38660810904216,3.1836962803549067,circular
417,1100,700,210.2303695244779,-85,-85,-85,-85,1350,700,95.57030438939707,3.1836962803549067,circular
418,1100,700,210.2303695244779,-85,-85,-85,-85,1350,700,98.75400066975197,3.1836962803549067,circular
419,1100,700,210.2303695244779,-85,-85,-85,-85,1350,700,101.93769695010688,3.1836962803549067,circular
420,1100,700,210.2303695244779,-85,-85,-85,-85,1350,700,105.12139323046179,3.1836962803549067,circular
421,1100,700,210.2303695244779,-85,-85,-85,-85,1350,700,108.3050895108167,3.1836962803549067,circular
422,1100,700,210.2303695244779,-85,-85,-85,-85,1350,700,111.48878579117161,3.1836962803549067,circular
423,1100,700,210.2303695244779,-85,-85,-85,-85,1350,700,114.67248207152652,3.1836962803549067,circular
424,1100,700,210.2303695244779,-85,-85,-85,-85,1350,700,117.85617835188143,3.1836962803549067,circular
425,1100,700,210.2303695244779,-85,-85,-85,-85,1350,700,121.03987463223633,3.1836962803549067,circular
426,1100,700,210.2303695244779,-85,-85,-85,-85,1350,700,124.22357091259124,3.1836962803549067,circular
427,1100,700,210.2303695244779,-85,-85,-85,-85,1350,700,127.40726719294615,3.1836962803549067,circular
428,1100,700,210.2303695244779,-85,-85,-85,-85,1350,700,130.59096347330106,3.1836962803549067,circular
429,1100,700,210.2303695244779,-85,-85,-85,-85,1350,700,133.77465975365595,3.1836962803549067,circular
430,1100,700,210.2303695244779,-85,-85,14.513447644213304,-85,1350,700,136.95835603401085,3.1836962803549067,circular
431,1100,700,210.2303695244779,-85,14.513447644213304,18.47430475951294,-85,1350,700,140.14205231436574,3.1836962803549067,circular
432,1100,700,210.2303695244779,-85,18.47430475951294,20.48098321025059,-85,1350,700,143.32574859472064,3.1836962803549067,circular
433,1100,700,210.2303695244779,-85,20.48098321025059,21.813356630230874,-85,1350,700,146.50944487507553,3.1836962803549067,circular
434,1100,700,210.2303695244779,-85,21.813356630230874,22.793695368992218,-85,1350,700,149.69314115543042,3.1836962803549067,circular
435,1100,700,210.2303695244779,-85,23.06730250275713,23.553218972269416,-85,1350,700,152.87683743578532,3.1836962803549067,circular
436,1100,700,210.2303695244779,-85,23.769789312347285,24.33271141113945,-85,1350,700,156.0605337161402,3.1836962803549067,circular
437,1100,700,210.2303695244779,-85,24.33271141113945,24.78833704083229,-85,1350,700,159.2442299964951,3.1836962803549067,circular
438,1100,700,210.2303695244779,-85,24.78833704083229,25.157178905256924,-85,1350,700,162.42792627685,3.1836962803549067,circular
439,1100,700,210.2303695244779,-85,25.157178905256924,25.452908776355446,-85,1350,700,165.6116225572049,3.1836962803549067,circular
440,1100,700,210.2303695244779,-85,25.536951728381826,25.684904084789974,-85,1350,700,168.7953188375598,3.1836962803549067,circular
441,1100,700,210.2303695244779,-85,25.7492610641292,25.906018829630398,-85,1350,700,171.97901511791468,3.1836962803549067,circular
442,1100,700,210.2303695244779,-85,25.906018829630398,26.011117049096303,-85,1350,700,175.16271139826958,3.1836962803549067,circular
443,1100,700,210.2303695244779,-85,26.011117049096303,26.067010357935978,-85,1350,700,178.34640767862447,3.1836962803549067,circular
444,1100,700,210.2303695244779,-85,26.067010357935978,26.077602459396946,-85,1350,700,181.53010395897937,3.1836962803549067,circular
445,1100,700,210.2303695244779,-85,26.077602459396946,26.053745949214605,-85,1350,700,184.71380023933426,3.1836962803549067,circular
446,1100,700,210.2303695244779,-85,26.035130213615616,25.9816463993744,-85,1350,700,187.89749651968916,3.1836962803549067,circular
447,1100,700,210.2303695244779,-85,25.946643644493044,25.807460623826316,-85,1350,700,191.08119280004405,3.1836962803549067,circular
448,1100,700,210.2303695244779,-85,25.807460623826316,25.614204328866276,-85,1350,700,194.26488908039894,3.1836962803549067,circular
449,1100,700,210.2303695244779,-85,25.614204328866276,25.361807294499556,-85,1350,700,197.44858536075384,3.1836962803549067,circular
450,1100,700,210.2303695244779,-85,25.361807294499556,25.042923900792417,-85,1350,700,200.63228164110873,3.1836962803549067,circular
451,1100,700,210.2303695244779,-85,24.92014212493214,24.646943359767004,-85,1350,700,203.81597792146363,3.1836962803549067,circular
452,1100,700,210.2303695244779,-85,24.495315191602927,23.97102224645776,-85,1350,700,206.99967420181852,3.1836962803549067,circular
453,1100,700,210.2303695244779,-85,23.97102224645776,23.319699537123853,-85,1350,700,210.18337048217342,3.1836962803549067,circular
454,1100,700,210.2303695244779,-85,23.319699537123853,22.496022074683278,-85,1350,700,213.3670667625283,3.1836962803549067,circular
455,1100,700,210.2303695244779,-85,22.496022074683278,21.418119305852123,-85,1350,700,216.5507630428832,3.1836962803549067,circular
456,1100,700,210.2303695244779,-85,21.418119305852123,19.914354227256315,-85,1350,700,219.7344593232381,3.1836962803549067,circular
457,1100,700,210.2303695244779,-85,19.25639156218219,17.51315549939211,-85,1350,700,222.918155603593,3.1836962803549067,circular
458,1100,700,210.2303695244779,-85,16.269948115724716,-85,-85,1350,700,226.1018518839479,3.1836962803549067,circular
459,1100,700,210.2303695244779,-85,-85,-85,-85,1350,700,229.28554816430278,3.1836962803549067,circular
460,1100,700,210.2303695244779,-85,-85,-85,-85,1350,700,232.46924444465768,3.1836962803549067,circular
461,1100,700,210.2303695244779,-85,-85,-85,-85,1350,700,235.65294072501257,3.1836962803549067,circular
462,1100,700,210.2303695244779,-85,-85,-85,-85,1350,700,238.83663700536746,3.1836962803549067,circular
463,1100,700,210.2303695244779,-85,-85,-85,-85,1350,700,242.02033328572236,3.1836962803549067,circular
464,1100,700,210.2303695244779,-85,-85,-85,-85,1350,700,245.20402956607725,3.1836962803549067,circular
465,1100,700,210.2303695244779,-85,-85,-85,-85,1350,700,248.38772584643215,3.1836962803549067,circular
466,1100,700,210.2303695244779,-85,-85,-85,-85,1350,700,251.57142212678704,3.1836962803549067,circular
467,1100,700,210.2303695244779,-85,-85,-85,-85,1350,700,254.75511840714194,3.1836962803549067,circular
468,1100,700,210.2303695244779,-85,-85,-85,-85,1350,700,257.93881468749686,3.1836962803549067,circular
469,1100,700,210.2303695244779,-85,-85,-85,-85,1350,700,261.1225109678518,3.1836962803549067,circular
470,1100,700,210.2303695244779,-85,-85,-85,-85,1350,700,264.3062072482067,3.1836962803549067,circular
471,1100,700,210.2303695244779,-85,-85,-85,-85,1350,700,267.4899035285616,3.1836962803549067,circular
472,1100,700,210.2303695244779,-85,-85,-85,-85,1350,700,270.67359980891655,3.1836962803549067,circular
473,1100,700,210.2303695244779,-85,-85,-85,-85,1350,700,273.8572960892715,3.1836962803549067,circular
474,1100,700,210.2303695244779,-85,-85,-85,-85,1350,700,277.0409923696264,3.1836962803549067,circular
475,1100,700,210.2303695244779,-85,-85,-85,-85,1350,700,280.2246886499813,3.1836962803549067,circular
476,1100,700,210.2303695244779,-85,-85,-85,-85,1350,700,283.40838493033624,3.1836962803549067,circular
477,1100,700,210.2303695244779,-85,-85,-85,-85,1350,700,286.59208121069116,3.1836962803549067,circular
478,1100,700,210.2303695244779,-85,-85,-85,-85,1350,700,289.7757774910461,3.1836962803549067,circular
479,1100,700,210.2303695244779,-85,-85,-85,-85,1350,700,292.959473771401,3.1836962803549067,circular
480,1100,700,210.2303695244779,-85,-85,-85,-85,1350,700,296.14317005175593,3.1836962803549067,circular
481,1100,700,210.2303695244779,-85,-85,-85,-85,1350,700,299.32686633211085,3.1836962803549067,circular
482,1100,700,210.2303695244779,-85,-85,-85,-85,1350,700,302.5105626124658,3.1836962803549067,circular
483,1100,700,210.2303695244779,-85,-85,-85,-85,1350,700,305.6942588928207,3.1836962803549067,circular
484,1100,700,210.2303695244779,-85,-85,-85,-85,1350,700,308.8779551731756,3.1836962803549067,circular
485,1100,700,210.2303695244779,-85,-85,-85,-85,1350,700,312.06165145353054,3.1836962803549067,circular
486,1100,700,210.2303695244779,-85,-85,-85,-85,1350,700,315.24534773388547,3.1836962803549067,circular
487,1100,700,210.2303695244779,-85,-85,-85,-85,1350,700,318.4290440142404,3.1836962803549067,circular
488,1100,700,210.2303695244779,-85,-85,-85,-85,1350,700,321.6127402945953,3.1836962803549067,circular
489,1100,700,210.2303695244779,-85,-85,-85,-85,1350,700,324.79643657495023,3.1836962803549067,circular
490,1100,700,210.2303695244779,-85,-85,-85,-85,1350,700,327.98013285530516,3.1836962803549067,circular
491,1100,700,210.2303695244779,-85,-85,-85,-85,1350,700,331.1638291356601,3.1836962803549067,circular
492,1100,700,210.2303695244779,-85,-85,-85,-85,1350,700,334.347525416015,3.1836962803549067,circular
493,1100,700,210.2303695244779,-85,-85,-85,-85,1350,700,337.5312216963699,3.1836962803549067,circular
494,1100,700,210.2303695244779,-85,-85,-85,-85,1350,700,340.71491797672485,3.1836962803549067,circular
495,1100,700,210.2303695244779,-85,-85,-85,-85,1350,700,343.89861425707977,3.1836962803549067,circular
496,1100,700,210.2303695244779,-85,-85,-85,-85,1350,700,347.0823105374347,3.1836962803549067,circular
497,1100,700,210.2303695244779,-85,-85,-85,-85,1350,700,350.2660068177896,3.1836962803549067,circular
498,1100,700,210.2303695244779,-85,-85,-85,-85,1350,700,353.44970309814454,3.1836962803549067,circular
499,1100,700,210.2303695244779,-85,-85,-85,-85,1350,700,356.63339937849946,3.1836962803549067,circular
500,1100,700,210.2303695244779,-85,-85,-85,-85,1350,700,359.8170956588544,3.1836962803549067,circular
501,1100,700,210.2303695244779,-85,-85,-85,-85,1350,700,3.000791939209307,3.1836962803549067,circular
502,1100,700,210.2303695244779,-85,-85,-85,-85,1350,700,6.184488219564214,3.1836962803549067,circular
503,1100,700,210.2303695244779,-85,-85,-85,-85,1350,700,9.36818449991912,3.1836962803549067,circular
504,1100,700,210.2303695244779,-85,-85,-85,-85,1350,700,12.551880780274027,3.1836962803549067,circular
505,1100,700,210.2303695244779,-85,-85,-85,-85,1350,700,15.735577060628934,3.1836962803549067,circular
506,1100,700,210.2303695244779,-85,-85,-85,-85,1350,700,18.919273340983843,3.1836962803549067,circular
507,1100,700,210.2303695244779,-85,-85,-85,-85,1350,700,22.10296962133875,3.1836962803549067,circular
508,1100,700,210.2303695244779,-85,-85,-85,-85,1350,700,25.28666590169366,3.1836962803549067,circular
509,1100,700,210.2303695244779,-85,-85,-85,-85,1350,700,28.470362182048568,3.1836962803549067,circular
510,1100,700,210.2303695244779,-85,-85,-85,-85,1350,700,31.654058462403476,3.1836962803549067,circular
511,1100,700,210.2303695244779,-85,-85,-85,-85,1350,700,34.837754742758385,3.1836962803549067,circular
512,1100,700,210.2303695244779,-85,-85,-85,-85,1350,700,38.02145102311329,3.1836962803549067,circular
513,1100,700,210.2303695244779,-85,-85,-85,-85,1350,700,41.2051473034682,3.1836962803549067,circular
514,1100,700,210.2303695244779,-85,-85,-85,-85,1350,700,44.38884358382311,3.1836962803549067,circular
515,1100,700,210.2303695244779,-85,-85,-85,-85,1350,700,47.57253986417802,3.1836962803549067,circular
516,1100,700,210.2303695244779,-85,-85,-85,-85,1350,700,50.75623614453293,3.1836962803549067,circular
517,1100,700,210.2303695244779,-85,-85,-85,-85,1350,700,53.939932424887836,3.1836962803549067,circular
518,1100,700,210.2303695244779,-85,-85,-85,-85,1350,700,57.123628705242744,3.1836962803549067,circular
519,1100,700,210.2303695244779,-85,-85,-85,-85,1350,700,60.30732498559765,3.1836962803549067,circular
520,1100,700,210.2303695244779,-85,-85,-85,-85,1350,700,63.49102126595256,3.1836962803549067,circular
521,1100,700,210.2303695244779,-85,-85,-85,-85,1350,700,66.67471754630746,3.1836962803549067,circular
522,1100,700,210.2303695244779,-85,-85,-85,-85,1350,700,69.85841382666237,3.1836962803549067,circular
523,1100,700,210.2303695244779,-85,-85,-85,-85,1350,700,73.04211010701728,3.1836962803549067,circular
524,1100,700,210.2303695244779,-85,-85,-85,-85,1350,700,76.22580638737219,3.1836962803549067,circular
525,1100,700,210.2303695244779,-85,-85,-85,-85,1350,700,79.4095026677271,3.1836962803549067,circular
526,1100,700,210.2303695244779,-85,-85,-85,-85,1350,700,82.593198948082,3.1836962803549067,circular
527,1100,700,210.2303695244779,-85,-85,-85,-85,1350,700,85.77689522843691,3.1836962803549067,circular
528,1100,700,210.2303695244779,-85,-85,-85,-85,1350,700,88.96059150879182,3.1836962803549067,circular
529,1100,700,210.2303695244779,-85,-85,-85,-85,1350,700,92.14428778914673,3.1836962803549067,circular
530,1100,700,210.2303695244779,-85,-85,-85,-85,1350,700,95.32798406950164,3.1836962803549067,circular
531,1100,700,210.2303695244779,-85,-85,-85,-85,1350,700,98.51168034985655,3.1836962803549067,circular
532,1100,700,210.2303695244779,-85,-85,-85,-85,1350,700,101.69537663021146,3.1836962803549067,circular
533,1100,700,210.2303695244779,-85,-85,-85,-85,1350,700,104.87907291056636,3.1836962803549067,circular
534,1100,700,210.2303695244779,-85,-85,-85,-85,1350,700,108.06276919092127,3.1836962803549067,circular
535,1100,700,210.2303695244779,-85,-85,-85,-85,1350,700,111.24646547127618,3.1836962803549067,circular
536,1100,700,210.2303695244779,-85,-85,-85,-85,1350,700,114.43016175163109,3.1836962803549067,circular
537,1100,700,210.2303695244779,-85,-85,-85,-85,1350,700,117.613858031986,3.1836962803549067,circular
538,1100,700,210.2303695244779,-85,-85,-85,-85,1350,700,120.7975543123409,3.1836962803549067,circular
539,1100,700,210.2303695244779,-85,-85,-85,-85,1350,700,123.98125059269582,3.1836962803549067,circular
540,1100,700,210.2303695244779,-85,-85,-85,-85,1350,700,127.16494687305072,3.1836962803549067,circular
541,1100,700,210.2303695244779,-85,-85,-85,-85,1350,700,130.34864315340562,3.1836962803549067,circular
542,1100,700,210.2303695244779,-85,-85,-85,-85,1350,700,133.5323394337605,3.1836962803549067,circular
543,1100,700,210.2303695244779,-85,-85,11.505794098357505,-85,1350,700,136.7160357141154,3.1836962803549067,circular
544,1100,700,210.2303695244779,-85,14.513447644213304,17.513155499392102,-85,1350,700,139.8997319944703,3.1836962803549067,circular
545,1100,700,210.2303695244779,-85,18.47430475951294,20.48098321025059,-85,1350,700,143.0834282748252,3.1836962803549067,circular
546,1100,700,210.2303695244779,-85,20.48098321025059,21.813356630230874,-85,1350,700,146.2671245551801,3.1836962803549067,circular
547,1100,700,210.2303695244779,-85,21.813356630230874,22.793695368992218,-85,1350,700,149.45082083553498,3.1836962803549067,circular
548,1100,700,210.2303695244779,-85,22.793695368992218,23.553218972269416,-85,1350,700,152.63451711588988,3.1836962803549067,circular
549,1100,700,210.2303695244779,-85,23.769789312347285,24.1582774269213,-85,1350,700,155.81821339624477,3.1836962803549067,circular
550,1100,700,210.2303695244779,-85,24.33271141113945,24.78833704083229,-85,1350,700,159.00190967659967,3.1836962803549067,circular
551,1100,700,210.2303695244779,-85,24.78833704083229,25.157178905256924,-85,1350,700,162.18560595695456,3.1836962803549067,circular
552,1100,700,210.2303695244779,-85,25.157178905256924,25.452908776355446,-85,1350,700,165.36930223730945,3.1836962803549067,circular
553,1100,700,210.2303695244779,-85,25.452908776355446,25.684904084789974,-85,1350,700,168.55299851766435,3.1836962803549067,circular
554,1100,700,210.2303695244779,-85,25.684904084789974,25.859665714847075,-85,1350,700,171.73669479801924,3.1836962803549067,circular
555,1100,700,210.2303695244779,-85,25.906018829630398,25.9816463993744,-85,1350,700,174.92039107837414,3.1836962803549067,circular
556,1100,700,210.2303695244779,-85,26.011117049096303,26.067010357935978,-85,1350,700,178.10408735872903,3.1836962803549067,circular
557,1100,700,210.2303695244779,-85,26.067010357935978,26.077602459396946,-85,1350,700,181.28778363908393,3.1836962803549067,circular
558,1100,700,210.2303695244779,-85,26.077602459396946,26.053745949214605,-85,1350,700,184.47147991943882,3.1836962803549067,circular
559,1100,700,210.2303695244779,-85,26.053745949214605,25.9816463993744,-85,1350,700,187.65517619979371,3.1836962803549067,circular
560,1100,700,210.2303695244779,-85,25.946643644493044,25.859665714847075,-85,1350,700,190.8388724801486,3.1836962803549067,circular
561,1100,700,210.2303695244779,-85,25.807460623826316,25.614204328866276,-85,1350,700,194.0225687605035,3.1836962803549067,circular
562,1100,700,210.2303695244779,-85,25.614204328866276,25.361807294499556,-85,1350,700,197.2062650408584,3.1836962803549067,circular
563,1100,700,210.2303695244779,-85,25.361807294499556,25.042923900792417,-85,1350,700,200.3899613212133,3.1836962803549067,circular
564,1100,700,210.2303695244779,-85,25.042923900792417,24.646943359767004,-85,1350,700,203.5736576015682,3.1836962803549067,circular
565,1100,700,210.2303695244779,-85,24.646943359767004,24.1582774269213,-85,1350,700,206.75735388192308,3.1836962803549067,circular
566,1100,700,210.2303695244779,-85,23.97102224645776,23.553218972269416,-85,1350,700,209.94105016227797,3.1836962803549067,circular
567,1100,700,210.2303695244779,-85,23.319699537123853,22.496022074683278,-85,1350,700,213.12474644263287,3.1836962803549067,circular
568,1100,700,210.2303695244779,-85,22.496022074683278,21.418119305852123,-85,1350,700,216.30844272298776,3.1836962803549067,circular
569,1100,700,210.2303695244779,-85,21.418119305852123,19.914354227256315,-85,1350,700,219.49213900334266,3.1836962803549067,circular
570,1100,700,210.2303695244779,-85,19.914354227256315,17.51315549939211,-85,1350,700,222.67583528369755,3.1836962803549067,circular
571,1100,700,210.2303695244779,-85,16.269948115724716,11.50579409835762,-85,1350,700,225.85953156405245,3.1836962803549067,circular
572,1100,700,210.2303695244779,-85,-85,-85,-85,1350,700,229.04322784440734,3.1836962803549067,circular
573,1100,700,210.2303695244779,-85,-85,-85,-85,1350,700,232.22692412476223,3.1836962803549067,circular
574,1100,700,210.2303695244779,-85,-85,-85,-85,1350,700,235.41062040511713,3.1836962803549067,circular
575,1100,700,210.2303695244779,-85,-85,-85,-85,1350,700,238.59431668547202,3.1836962803549067,circular
576,1100,700,210.2303695244779,-85,-85,-85,-85,1350,700,241.77801296582692,3.1836962803549067,circular
577,1100,700,210.2303695244779,-85,-85,-85,-85,1350,700,244.9617092461818,3.1836962803549067,circular
578,1100,700,210.2303695244779,-85,-85,-85,-85,1350,700,248.1454055265367,3.1836962803549067,circular
579,1100,700,210.2303695244779,-85,-85,-85,-85,1350,700,251.3291018068916,3.1836962803549067,circular
580,1100,700,210.2303695244779,-85,-85,-85,-85,1350,700,254.5127980872465,3.1836962803549067,circular
581,1100,700,210.2303695244779,-85,-85,-85,-85,1350,700,257.6964943676014,3.1836962803549067,circular
582,1100,700,210.2303695244779,-85,-85,-85,-85,1350,700,260.88019064795634,3.1836962803549067,circular
583,1100,700,210.2303695244779,-85,-85,-85,-85,1350,700,264.06388692831126,3.1836962803549067,circular
584,1100,700,210.2303695244779,-85,-85,-85,-85,1350,700,267.2475832086662,3.1836962803549067,circular
585,1100,700,210.2303695244779,-85,-85,-85,-85,1350,700,270.4312794890211,3.1836962803549067,circular
586,1100,700,210.2303695244779,-85,-85,-85,-85,1350,700,273.61497576937603,3.1836962803549067,circular
587,1100,700,210.2303695244779,-85,-85,-85,-85,1350,700,276.79867204973095,3.1836962803549067,circular
588,1100,700,210.2303695244779,-85,-85,-85,-85,1350,700,279.9823683300859,3.1836962803549067,circular
589,1100,700,210.2303695244779,-85,-85,-85,-85,1350,700,283.1660646104408,3.1836962803549067,circular
590,1100,700,210.2303695244779,-85,-85,-85,-85,1350,700,286.3497608907957,3.1836962803549067,circular
591,1100,700,210.2303695244779,-85,-85,-85,-85,1350,700,289.53345717115064,3.1836962803549067,circular
592,1100,700,210.2303695244779,-85,-85,-85,-85,1350,700,292.71715345150557,3.1836962803549067,circular
593,1100,700,210.2303695244779,-85,-85,-85,-85,1350,700,295.9008497318605,3.1836962803549067,circular
594,1100,700,210.2303695244779,-85,-85,-85,-85,1350,700,299.0845460122154,3.1836962803549067,circular
595,1100,700,210.2303695244779,-85,-85,-85,-85,1350,700,302.26824229257033,3.1836962803549067,circular
596,1100,700,210.2303695244779,-85,-85,-85,-85,1350,700,305.45193857292526,3.1836962803549067,circular
597,1100,700,210.2303695244779,-85,-85,-85,-85,1350,700,308.6356348532802,3.1836962803549067,circular
598,1100,700,210.2303695244779,-85,-85,-85,-85,1350,700,311.8193311336351,3.1836962803549067,circular
599,1100,700,210.2303695244779,-85,-85,-85,-85,1350,700,315.00302741399,3.1836962803549067,circular
600,1100,700,210.2303695244779,-85,-85,-85,-85,1350,700,318.18672369434495,3.1836962803549067,circular
601,1100,700,210.2303695244779,-85,-85,-85,-85,1350,700,321.37041997469987,3.1836962803549067,circular
602,1100,700,210.2303695244779,-85,-85,-85,-85,1350,700,324.5541162550548,3.1836962803549067,circular
603,1100,700,210.2303695244779,-85,-85,-85,-85,1350,700,327.7378125354097,3.1836962803549067,circular
604,1100,700,210.2303695244779,-85,-85,-85,-85,1350,700,330.92150881576464,3.1836962803549067,circular
605,1100,700,210.2303695244779,-85,-85,-85,-85,1350,700,334.10520509611956,3.1836962803549067,circular
606,1100,700,210.2303695244779,-85,-85,-85,-85,1350,700,337.2889013764745,3.1836962803549067,circular
607,1100,700,210.2303695244779,-85,-85,-85,-85,1350,700,340.4725976568294,3.1836962803549067,circular
608,1100,700,210.2303695244779,-85,-85,-85,-85,1350,700,343.65629393718433,3.1836962803549067,circular
609,1100,700,210.2303695244779,-85,-85,-85,-85,1350,700,346.83999021753925,3.1836962803549067,circular
610,1100,700,210.2303695244779,-85,-85,-85,-85,1350,700,350.0236864978942,3.1836962803549067,circular
611,1100,700,210.2303695244779,-85,-85,-85,-85,1350,700,353.2073827782491,3.1836962803549067,circular
612,1100,700,210.2303695244779,-85,-85,-85,-85,1350,700,356.391079058604,3.1836962803549067,circular
613,1100,700,210.2303695244779,-85,-85,-85,-85,1350,700,359.57477533895894,3.1836962803549067,circular
614,1100,700,210.2303695244779,-85,-85,-85,-85,1350,700,2.758471619313866,3.1836962803549067,circular
615,1100,700,210.2303695244779,-85,-85,-85,-85,1350,700,5.942167899668773,3.1836962803549067,circular
616,1100,700,210.2303695244779,-85,-85,-85,-85,1350,700,9.12586418002368,3.1836962803549067,circular
617,1100,700,210.2303695244779,-85,-85,-85,-85,1350,700,12.309560460378586,3.1836962803549067,circular
618,1100,700,210.2303695244779,-85,-85,-85,-85,1350,700,15.493256740733493,3.1836962803549067,circular
619,1100,700,210.2303695244779,-85,-85,-85,-85,1350,700,18.6769530210884,3.1836962803549067,circular
620,1100,700,210.2303695244779,-85,-85,-85,-85,1350,700,21.86064930144331,3.1836962803549067,circular
621,1100,700,210.2303695244779,-85,-85,-85,-85,1350,700,25.04434558179822,3.1836962803549067,circular
622,1100,700,210.2303695244779,-85,-85,-85,-85,1350,700,28.228041862153127,3.1836962803549067,circular
623,1100,700,210.2303695244779,-85,-85,-85,-85,1350,700,31.411738142508035,3.1836962803549067,circular
624,1100,700,210.2303695244779,-85,-85,-85,-85,1350,700,34.595434422862944,3.1836962803549067,circular
625,1100,700,210.2303695244779,-85,-85,-85,-85,1350,700,37.77913070321785,3.1836962803549067,circular
626,1100,700,210.2303695244779,-85,-85,-85,-85,1350,700,40.96282698357276,3.1836962803549067,circular
627,1100,700,210.2303695244779,-85,-85,-85,-85,1350,700,44.14652326392767,3.1836962803549067,circular
628,1100,700,210.2303695244779,-85,-85,-85,-85,1350,700,47.33021954428258,3.1836962803549067,circular
629,1100,700,210.2303695244779,-85,-85,-85,-85,1350,700,50.513915824637486,3.1836962803549067,circular
630,1100,700,210.2303695244779,-85,-85,-85,-85,1350,700,53.697612104992395,3.1836962803549067,circular
631,1100,700,210.2303695244779,-85,-85,-85,-85,1350,700,56.8813083853473,3.1836962803549067,circular
632,1100,700,210.2303695244779,-85,-85,-85,-85,1350,700,60.06500466570221,3.1836962803549067,circular
633,1100,700,210.2303695244779,-85,-85,-85,-85,1350,700,63.24870094605712,3.1836962803549067,circular
634,1100,700,210.2303695244779,-85,-85,-85,-85,1350,700,66.43239722641202,3.1836962803549067,circular
635,1100,700,210.2303695244779,-85,-85,-85,-85,1350,700,69.61609350676693,3.1836962803549067,circular
636,1100,700,210.2303695244779,-85,-85,-85,-85,1350,700,72.79978978712184,3.1836962803549067,circular
637,1100,700,210.2303695244779,-85,-85,-85,-85,1350,700,75.98348606747675,3.1836962803549067,circular
638,1100,700,210.2303695244779,-85,-85,-85,-85,1350,700,79.16718234783166,3.1836962803549067,circular
639,1100,700,210.2303695244779,-85,-85,-85,-85,1350,700,82.35087862818656,3.1836962803549067,circular
640,1100,700,210.2303695244779,-85,-85,-85,-85,1350,700,85.53457490854147,3.1836962803549067,circular
641,1100,700,210.2303695244779,-85,-85,-85,-85,1350,700,88.71827118889638,3.1836962803549067,circular
642,1100,700,210.2303695244779,-85,-85,-85,-85,1350,700,91.90196746925129,3.1836962803549067,circular
643,1100,700,210.2303695244779,-85,-85,-85,-85,1350,700,95.0856637496062,3.1836962803549067,circular
644,1100,700,210.2303695244779,-85,-85,-85,-85,1350,700,98.2693600299611,3.1836962803549067,circular
645,1100,700,210.2303695244779,-85,-85,-85,-85,1350,700,101.45305631031601,3.1836962803549067,circular
646,1100,700,210.2303695244779,-85,-85,-85,-85,1350,700,104.63675259067092,3.1836962803549067,circular
647,1100,700,210.2303695244779,-85,-85,-85,-85,1350,700,107.82044887102583,3.1836962803549067,circular
648,1100,700,210.2303695244779,-85,-85,-85,-85,1350,700,111.00414515138074,3.1836962803549067,circular
649,1100,700,210.2303695244779,-85,-85,-85,-85,1350,700,114.18784143173565,3.1836962803549067,circular
650,1100,700,210.2303695244779,-85,-85,-85,-85,1350,700,117.37153771209056,3.1836962803549067,circular
651,1100,700,210.2303695244779,-85,-85,-85,-85,1350,700,120.55523399244547,3.1836962803549067,circular
652,1100,700,210.2303695244779,-85,-85,-85,-85,1350,700,123.73893027280037,3.1836962803549067,circular
653,1100,700,210.2303695244779,-85,-85,-85,-85,1350,700,126.92262655315528,3.1836962803549067,circular
654,1100,700,210.2303695244779,-85,-85,-85,-85,1350,700,130.10632283351018,3.1836962803549067,circular
655,1100,700,210.2303695244779,-85,-85,-85,-85,1350,700,133.29001911386507,3.1836962803549067,circular
656,1100,700,210.2303695244779,-85,-85,11.505794098357505,-85,1350,700,136.47371539421997,3.1836962803549067,circular
657,1100,700,210.2303695244779,-85,11.505794098357505,17.513155499392102,-85,1350,700,139.65741167457486,3.1836962803549067,circular
658,1100,700,210.2303695244779,-85,18.47430475951294,19.91435422725632,-85,1350,700,142.84110795492975,3.1836962803549067,circular
659,1100,700,210.2303695244779,-85,20.48098321025059,21.813356630230874,-85,1350,700,146.02480423528465,3.1836962803549067,circular
660,1100,700,210.2303695244779,-85,21.813356630230874,22.793695368992218,-85,1350,700,149.20850051563954,3.1836962803549067,circular
661,1100,700,210.2303695244779,-85,22.793695368992218,23.553218972269416,-85,1350,700,152.39219679599444,3.1836962803549067,circular
662,1100,700,210.2303695244779,-85,23.553218972269416,24.1582774269213,-85,1350,700,155.57589307634933,3.1836962803549067,circular
663,1100,700,210.2303695244779,-85,24.1582774269213,24.646943359767004,-85,1350,700,158.75958935670423,3.1836962803549067,circular
664,1100,700,210.2303695244779,-85,24.78833704083229,25.042923900792417,-85,1350,700,161.94328563705912,3.1836962803549067,circular
665,1100,700,210.2303695244779,-85,25.157178905256924,25.452908776355446,-85,1350,700,165.126981917414,3.1836962803549067,circular
666,1100,700,210.2303695244779,-85,25.452908776355446,25.684904084789974,-85,1350,700,168.3106781977689,3.1836962803549067,circular
667,1100,700,210.2303695244779,-85,25.684904084789974,25.859665714847075,-85,1350,700,171.4943744781238,3.1836962803549067,circular
668,1100,700,210.2303695244779,-85,25.859665714847075,25.9816463993744,-85,1350,700,174.6780707584787,3.1836962803549067,circular
669,1100,700,210.2303695244779,-85,26.011117049096303,26.053745949214605,-85,1350,700,177.8617670388336,3.1836962803549067,circular
670,1100,700,210.2303695244779,-85,26.067010357935978,26.077602459396946,-85,1350,700,181.04546331918849,3.1836962803549067,circular
671,1100,700,210.2303695244779,-85,26.077602459396946,26.053745949214605,-85,1350,700,184.22915959954338,3.1836962803549067,circular
672,1100,700,210.2303695244779,-85,26.053745949214605,25.9816463993744,-85,1350,700,187.41285587989827,3.1836962803549067,circular
673,1100,700,210.2303695244779,-85,25.9816463993744,25.859665714847075,-85,1350,700,190.59655216025317,3.1836962803549067,circular
674,1100,700,210.2303695244779,-85,25.859665714847075,25.684904084789977,-85,1350,700,193.78024844060806,3.1836962803549067,circular
675,1100,700,210.2303695244779,-85,25.614204328866276,25.361807294499556,-85,1350,700,196.96394472096296,3.1836962803549067,circular
676,1100,700,210.2303695244779,-85,25.361807294499556,25.042923900792417,-85,1350,700,200.14764100131785,3.1836962803549067,circular
677,1100,700,210.2303695244779,-85,25.042923900792417,24.646943359767004,-85,1350,700,203.33133728167275,3.1836962803549067,circular
678,1100,700,210.2303695244779,-85,24.646943359767004,24.1582774269213,-85,1350,700,206.51503356202764,3.1836962803549067,circular
679,1100,700,210.2303695244779,-85,24.1582774269213,23.553218972269416,-85,1350,700,209.69872984238253,3.1836962803549067,circular
680,1100,700,210.2303695244779,-85,23.319699537123853,22.793695368992225,-85,1350,700,212.88242612273743,3.1836962803549067,circular
681,1100,700,210.2303695244779,-85,22.496022074683278,21.418119305852123,-85,1350,700,216.06612240309232,3.1836962803549067,circular
682,1100,700,210.2303695244779,-85,21.418119305852123,19.914354227256315,-85,1350,700,219.24981868344722,3.1836962803549067,circular
683,1100,700,210.2303695244779,-85,19.914354227256315,17.51315549939211,-85,1350,700,222.4335149638021,3.1836962803549067,circular
684,1100,700,210.2303695244779,-85,17.51315549939211,11.50579409835762,-85,1350,700,225.617211244157,3.1836962803549067,circular
685,1100,700,210.2303695244779,-85,-85,-85,-85,1350,700,228.8009075245119,3.1836962803549067,circular
686,1100,700,210.2303695244779,-85,-85,-85,-85,1350,700,231.9846038048668,3.1836962803549067,circular
687,1100,700,210.2303695244779,-85,-85,-85,-85,1350,700,235.1683000852217,3.1836962803549067,circular
688,1100,700,210.2303695244779,-85,-85,-85,-85,1350,700,238.35199636557658,3.1836962803549067,circular
689,1100,700,210.2303695244779,-85,-85,-85,-85,1350,700,241.53569264593148,3.1836962803549067,circular
690,1100,700,210.2303695244779,-85,-85,-85,-85,1350,700,244.71938892628637,3.1836962803549067,circular
691,1100,700,210.2303695244779,-85,-85,-85,-85,1350,700,247.90308520664126,3.1836962803549067,circular
692,1100,700,210.2303695244779,-85,-85,-85,-85,1350,700,251.08678148699616,3.1836962803549067,circular
693,1100,700,210.2303695244779,-85,-85,-85,-85,1350,700,254.27047776735105,3.1836962803549067,circular
694,1100,700,210.2303695244779,-85,-85,-85,-85,1350,700,257.454174047706,3.1836962803549067,circular
695,1100,700,210.2303695244779,-85,-85,-85,-85,1350,700,260.6378703280609,3.1836962803549067,circular
696,1100,700,210.2303695244779,-85,-85,-85,-85,1350,700,263.8215666084158,3.1836962803549067,circular
697,1100,700,210.2303695244779,-85,-85,-85,-85,1350,700,267.00526288877074,3.1836962803549067,circular
698,1100,700,210.2303695244779,-85,-85,-85,-85,1350,700,270.18895916912567,3.1836962803549067,circular
699,1100,700,210.2303695244779,-85,-85,-85,-85,1350,700,273.3726554494806,3.1836962803549067,circular
700,1100,700,210.2303695244779,-85,-85,-85,-85,1350,700,276.5563517298355,3.1836962803549067,circular
701,1100,700,210.2303695244779,-85,-85,-85,-85,1350,700,279.74004801019043,3.1836962803549067,circular
702,1100,700,210.2303695244779,-85,-85,-85,-85,1350,700,282.92374429054536,3.1836962803549067,circular
703,1100,700,210.2303695244779,-85,-85,-85,-85,1350,700,286.1074405709003,3.1836962803549067,circular
704,1100,700,210.2303695244779,-85,-85,-85,-85,1350,700,289.2911368512552,3.1836962803549067,circular
705,1100,700,210.2303695244779,-85,-85,-85,-85,1350,700,292.4748331316101,3.1836962803549067,circular
706,1100,700,210.2303695244779,-85,-85,-85,-85,1350,700,295.65852941196505,3.1836962803549067,circular
707,1100,700,210.2303695244779,-85,-85,-85,-85,1350,700,298.84222569231997,3.1836962803549067,circular
708,1100,700,210.2303695244779,-85,-85,-85,-85,1350,700,302.0259219726749,3.1836962803549067,circular
709,1100,700,210.2303695244779,-85,-85,-85,-85,1350,700,305.2096182530298,3.1836962803549067,circular
710,1100,700,210.2303695244779,-85,-85,-85,-85,1350,700,308.39331453338474,3.1836962803549067,circular
711,1100,700,210.2303695244779,-85,-85,-85,-85,1350,700,311.57701081373966,3.1836962803549067,circular
712,1100,700,210.2303695244779,-85,-85,-85,-85,1350,700,314.7607070940946,3.1836962803549067,circular
713,1100,700,210.2303695244779,-85,-85,-85,-85,1350,700,317.9444033744495,3.1836962803549067,circular
714,1100,700,210.2303695244779,-85,-85,-85,-85,1350,700,321.12809965480443,3.1836962803549067,circular
715,1100,700,210.2303695244779,-85,-85,-85,-85,1350,700,324.31179593515935,3.1836962803549067,circular
716,1100,700,210.2303695244779,-85,-85,-85,-85,1350,700,327.4954922155143,3.1836962803549067,circular
717,1100,700,210.2303695244779,-85,-85,-85,-85,1350,700,330.6791884958692,3.1836962803549067,circular
718,1100,700,210.2303695244779,-85,-85,-85,-85,1350,700,333.8628847762241,3.1836962803549067,circular
719,1100,700,210.2303695244779,-85,-85,-85,-85,1350,700,337.04658105657904,3.1836962803549067,circular
720,1100,700,210.2303695244779,-85,-85,-85,-85,1350,700,340.23027733693397,3.1836962803549067,circular
721,1100,700,210.2303695244779,-85,-85,-85,-85,1350,700,343.4139736172889,3.1836962803549067,circular
722,1100,700,210.2303695244779,-85,-85,-85,-85,1350,700,346.5976698976438,3.1836962803549067,circular
723,1100,700,210.2303695244779,-85,-85,-85,-85,1350,700,349.78136617799873,3.1836962803549067,circular
724,1100,700,210.2303695244779,-85,-85,-85,-85,1350,700,352.96506245835366,3.1836962803549067,circular
725,1100,700,210.2303695244779,-85,-85,-85,-85,1350,700,356.1487587387086,3.1836962803549067,circular
726,1100,700,210.2303695244779,-85,-85,-85,-85,1350,700,359.3324550190635,3.1836962803549067,circular
727,1100,700,210.2303695244779,-85,-85,-85,-85,1350,700,2.516151299418425,3.1836962803549067,circular
728,1100,700,210.2303695244779,-85,-85,-85,-85,1350,700,5.699847579773332,3.1836962803549067,circular
729,1100,700,210.2303695244779,-85,-85,-85,-85,1350,700,8.883543860128238,3.1836962803549067,circular
730,1100,700,210.2303695244779,-85,-85,-85,-85,1350,700,12.067240140483145,3.1836962803549067,circular
731,1100,700,210.2303695244779,-85,-85,-85,-85,1350,700,15.250936420838052,3.1836962803549067,circular
732,1100,700,210.2303695244779,-85,-85,-85,-85,1350,700,18.43463270119296,3.1836962803549067,circular
733,1100,700,210.2303695244779,-85,-85,-85,-85,1350,700,21.61832898154787,3.1836962803549067,circular
734,1100,700,210.2303695244779,-85,-85,-85,-85,1350,700,24.802025261902777,3.1836962803549067,circular
735,1100,700,210.2303695244779,-85,-85,-85,-85,1350,700,27.985721542257686,3.1836962803549067,circular
736,1100,700,210.2303695244779,-85,-85,-85,-85,1350,700,31.169417822612594,3.1836962803549067,circular
737,1100,700,210.2303695244779,-85,-85,-85,-85,1350,700,34.3531141029675,3.1836962803549067,circular
738,1100,700,210.2303695244779,-85,-85,-85,-85,1350,700,37.53681038332241,3.1836962803549067,circular
739,1100,700,210.2303695244779,-85,-85,-85,-85,1350,700,40.72050666367732,3.1836962803549067,circular
740,1100,700,210.2303695244779,-85,-85,-85,-85,1350,700,43.90420294403223,3.1836962803549067,circular
741,1100,700,210.2303695244779,-85,-85,-85,-85,1350,700,47.08789922438714,3.1836962803549067,circular
742,1100,700,210.2303695244779,-85,-85,-85,-85,1350,700,50.271595504742045,3.1836962803549067,circular
743,1100,700,210.2303695244779,-85,-85,-85,-85,1350,700,53.455291785096954,3.1836962803549067,circular
744,1100,700,210.2303695244779,-85,-85,-85,-85,1350,700,56.63898806545186,3.1836962803549067,circular
745,1100,700,210.2303695244779,-85,-85,-85,-85,1350,700,59.82268434580677,3.1836962803549067,circular
746,1100,700,210.2303695244779,-85,-85,-85,-85,1350,700,63.00638062616168,3.1836962803549067,circular
747,1100,700,210.2303695244779,-85,-85,-85,-85,1350,700,66.19007690651658,3.1836962803549067,circular
748,1100,700,210.2303695244779,-85,-85,-85,-85,1350,700,69.37377318687149,3.1836962803549067,circular
749,1100,700,210.2303695244779,-85,-85,-85,-85,1350,700,72.5574694672264,3.1836962803549067,circular
750,1100,700,210.2303695244779,-85,-85,-85,-85,1350,700,75.7411657475813,3.1836962803549067,circular
751,1100,700,210.2303695244779,-85,-85,-85,-85,1350,700,78.92486202793621,3.1836962803549067,circular
752,1100,700,210.2303695244779,-85,-85,-85,-85,1350,700,82.10855830829112,3.1836962803549067,circular
753,1100,700,210.2303695244779,-85,-85,-85,-85,1350,700,85.29225458864603,3.1836962803549067,circular
754,1100,700,210.2303695244779,-85,-85,-85,-85,1350,700,88.47595086900094,3.1836962803549067,circular
755,1100,700,210.2303695244779,-85,-85,-85,-85,1350,700,91.65964714935585,3.1836962803549067,circular
756,1100,700,210.2303695244779,-85,-85,-85,-85,1350,700,94.84334342971076,3.1836962803549067,circular
757,1100,700,210.2303695244779,-85,-85,-85,-85,1350,700,98.02703971006567,3.1836962803549067,circular
758,1100,700,210.2303695244779,-85,-85,-85,-85,1350,700,101.21073599042057,3.1836962803549067,circular
759,1100,700,210.2303695244779,-85,-85,-85,-85,1350,700,104.39443227077548,3.1836962803549067,circular
760,1100,700,210.2303695244779,-85,-85,-85,-85,1350,700,107.57812855113039,3.1836962803549067,circular
761,1100,700,210.2303695244779,-85,-85,-85,-85,1350,700,110.7618248314853,3.1836962803549067,circular
762,1100,700,210.2303695244779,-85,-85,-85,-85,1350,700,113.94552111184021,3.1836962803549067,circular
763,1100,700,210.2303695244779,-85,-85,-85,-85,1350,700,117.12921739219512,3.1836962803549067,circular
764,1100,700,210.2303695244779,-85,-85,-85,-85,1350,700,120.31291367255002,3.1836962803549067,circular
765,1100,700,210.2303695244779,-85,-85,-85,-85,1350,700,123.49660995290493,3.1836962803549067,circular
766,1100,700,210.2303695244779,-85,-85,-85,-85,1350,700,126.68030623325984,3.1836962803549067,circular
767,1100,700,210.2303695244779,-85,-85,-85,-85,1350,700,129.86400251361474,3.1836962803549067,circular
768,1100,700,210.2303695244779,-85,-85,-85,-85,1350,700,133.04769879396963,3.1836962803549067,circular
769,1100,700,210.2303695244779,-85,-85,11.505794098357505,-85,1350,700,136.23139507432452,3.1836962803549067,circular
770,1100,700,210.2303695244779,-85,11.505794098357505,17.513155499392102,-85,1350,700,139.41509135467942,3.1836962803549067,circular
771,1100,700,210.2303695244779,-85,17.513155499392102,19.91435422725632,-85,1350,700,142.5987876350343,3.1836962803549067,circular
772,1100,700,210.2303695244779,-85,19.91435422725632,21.41811930585211,-85,1350,700,145.7824839153892,3.1836962803549067,circular
773,1100,700,210.2303695244779,-85,21.813356630230874,22.793695368992218,-85,1350,700,148.9661801957441,3.1836962803549067,circular
774,1100,700,210.2303695244779,-85,22.793695368992218,23.553218972269416,-85,1350,700,152.149876476099,3.1836962803549067,circular
775,1100,700,210.2303695244779,-85,23.553218972269416,24.1582774269213,-85,1350,700,155.3335727564539,3.1836962803549067,circular
776,1100,700,210.2303695244779,-85,24.1582774269213,24.646943359767004,-85,1350,700,158.51726903680878,3.1836962803549067,circular
777,1100,700,210.2303695244779,-85,24.646943359767004,25.042923900792417,-85,1350,700,161.70096531716368,3.1836962803549067,circular
778,1100,700,210.2303695244779,-85,25.157178905256924,25.36180729449956,-85,1350,700,164.88466159751857,3.1836962803549067,circular
779,1100,700,210.2303695244779,-85,25.452908776355446,25.684904084789974,-85,1350,700,168.06835787787347,3.1836962803549067,circular
780,1100,700,210.2303695244779,-85,25.684904084789974,25.859665714847075,-85,1350,700,171.25205415822836,3.1836962803549067,circular
781,1100,700,210.2303695244779,-85,25.859665714847075,25.9816463993744,-85,1350,700,174.43575043858326,3.1836962803549067,circular
782,1100,700,210.2303695244779,-85,25.9816463993744,26.053745949214605,-85,1350,700,177.61944671893815,3.1836962803549067,circular
783,1100,700,210.2303695244779,-85,26.067010357935978,26.077602459396946,-85,1350,700,180.80314299929304,3.1836962803549067,circular
784,1100,700,210.2303695244779,-85,26.077602459396946,26.053745949214605,-85,1350,700,183.98683927964794,3.1836962803549067,circular
785,1100,700,210.2303695244779,-85,26.053745949214605,25.9816463993744,-85,1350,700,187.17053556000283,3.1836962803549067,circular
786,1100,700,210.2303695244779,-85,25.9816463993744,25.859665714847075,-85,1350,700,190.35423184035773,3.1836962803549067,circular
787,1100,700,210.2303695244779,-85,25.859665714847075,25.684904084789977,-85,1350,700,193.53792812071262,3.1836962803549067,circular
788,1100,700,210.2303695244779,-85,25.684904084789977,25.452908776355446,-85,1350,700,196.72162440106752,3.1836962803549067,circular
789,1100,700,210.2303695244779,-85,25.361807294499556,25.157178905256924,-85,1350,700,199.9053206814224,3.1836962803549067,circular
790,1100,700,210.2303695244779,-85,25.042923900792417,24.646943359767004,-85,1350,700,203.0890169617773,3.1836962803549067,circular
791,1100,700,210.2303695244779,-85,24.646943359767004,24.1582774269213,-85,1350,700,206.2727132421322,3.1836962803549067,circular
792,1100,700,210.2303695244779,-85,24.1582774269213,23.553218972269416,-85,1350,700,209.4564095224871,3.1836962803549067,circular
793,1100,700,210.2303695244779,-85,23.553218972269416,22.793695368992225,-85,1350,700,212.640105802842,3.1836962803549067,circular
794,1100,700,210.2303695244779,-85,22.496022074683278,21.81335663023087,-85,1350,700,215.82380208319688,3.1836962803549067,circular
795,1100,700,210.2303695244779,-85,21.418119305852123,19.914354227256315,-85,1350,700,219.00749836355178,3.1836962803549067,circular
796,1100,700,210.2303695244779,-85,19.914354227256315,17.51315549939211,-85,1350,700,222.19119464390667,3.1836962803549067,circular
797,1100,700,210.2303695244779,-85,17.51315549939211,11.50579409835762,-85,1350,700,225.37489092426156,3.1836962803549067,circular
798,1100,700,210.2303695244779,-85,11.50579409835762,-85,-85,1350,700,228.55858720461646,3.1836962803549067,circular
799,1100,700,210.2303695244779,-85,-85,-85,-85,1350,700,231.74228348497135,3.1836962803549067,circular
800,1100,700,210.2303695244779,-85,-85,-85,-85,1350,700,234.92597976532625,3.1836962803549067,circular
801,1100,700,210.2303695244779,-85,-85,-85,-85,1350,700,238.10967604568114,3.1836962803549067,circular
802,1100,700,210.2303695244779,-85,-85,-85,-85,1350,700,241.29337232603604,3.1836962803549067,circular
803,1100,700,210.2303695244779,-85,-85,-85,-85,1350,700,244.47706860639093,3.1836962803549067,circular
804,1100,700,210.2303695244779,-85,-85,-85,-85,1350,700,247.66076488674582,3.1836962803549067,circular
805,1100,700,210.2303695244779,-85,-85,-85,-85,1350,700,250.84446116710072,3.1836962803549067,circular
806,1100,700,210.2303695244779,-85,-85,-85,-85,1350,700,254.0281574474556,3.1836962803549067,circular
807,1100,700,210.2303695244779,-85,-85,-85,-85,1350,700,257.21185372781054,3.1836962803549067,circular
808,1100,700,210.2303695244779,-85,-85,-85,-85,1350,700,260.39555000816546,3.1836962803549067,circular
809,1100,700,210.2303695244779,-85,-85,-85,-85,1350,700,263.5792462885204,3.1836962803549067,circular
810,1100,700,210.2303695244779,-85,-85,-85,-85,1350,700,266.7629425688753,3.1836962803549067,circular
811,1100,700,210.2303695244779,-85,-85,-85,-85,1350,700,269.9466388492302,3.1836962803549067,circular
812,1100,700,210.2303695244779,-85,-85,-85,-85,1350,700,273.13033512958515,3.1836962803549067,circular
813,1100,700,210.2303695244779,-85,-85,-85,-85,1350,700,276.31403140994007,3.1836962803549067,circular
814,1100,700,210.2303695244779,-85,-85,-85,-85,1350,700,279.497727690295,3.1836962803549067,circular
815,1100,700,210.2303695244779,-85,-85,-85,-85,1350,700,282.6814239706499,3.1836962803549067,circular
816,1100,700,210.2303695244779,-85,-85,-85,-85,1350,700,285.86512025100484,3.1836962803549067,circular
817,1100,700,210.2303695244779,-85,-85,-85,-85,1350,700,289.04881653135976,3.1836962803549067,circular
818,1100,700,210.2303695244779,-85,-85,-85,-85,1350,700,292.2325128117147,3.1836962803549067,circular
819,1100,700,210.2303695244779,-85,-85,-85,-85,1350,700,295.4162090920696,3.1836962803549067,circular
820,1100,700,210.2303695244779,-85,-85,-85,-85,1350,700,298.59990537242453,3.1836962803549067,circular
821,1100,700,210.2303695244779,-85,-85,-85,-85,1350,700,301.78360165277945,3.1836962803549067,circular
822,1100,700,210.2303695244779,-85,-85,-85,-85,1350,700,304.9672979331344,3.1836962803549067,circular
823,1100,700,210.2303695244779,-85,-85,-85,-85,1350,700,308.1509942134893,3.1836962803549067,circular
824,1100,700,210.2303695244779,-85,-85,-85,-85,1350,700,311.3346904938442,3.1836962803549067,circular
825,1100,700,210.2303695244779,-85,-85,-85,-85,1350,700,314.51838677419914,3.1836962803549067,circular
826,1100,700,210.2303695244779,-85,-85,-85,-85,1350,700,317.70208305455407,3.1836962803549067,circular
827,1100,700,210.2303695244779,-85,-85,-85,-85,1350,700,320.885779334909,3.1836962803549067,circular
828,1100,700,210.2303695244779,-85,-85,-85,-85,1350,700,324.0694756152639,3.1836962803549067,circular
829,1100,700,210.2303695244779,-85,-85,-85,-85,1350,700,327.25317189561883,3.1836962803549067,circular
830,1100,700,210.2303695244779,-85,-85,-85,-85,1350,700,330.43686817597376,3.1836962803549067,circular
831,1100,700,210.2303695244779,-85,-85,-85,-85,1350,700,333.6205644563287,3.1836962803549067,circular
832,1100,700,210.2303695244779,-85,-85,-85,-85,1350,700,336.8042607366836,3.1836962803549067,circular
833,1100,700,210.2303695244779,-85,-85,-85,-85,1350,700,339.9879570170385,3.1836962803549067,circular
834,1100,700,210.2303695244779,-85,-85,-85,-85,1350,700,343.17165329739345,3.1836962803549067,circular
835,1100,700,210.2303695244779,-85,-85,-85,-85,1350,700,346.35534957774837,3.1836962803549067,circular
836,1100,700,210.2303695244779,-85,-85,-85,-85,1350,700,349.5390458581033,3.1836962803549067,circular
837,1100,700,210.2303695244779,-85,-85,-85,-85,1350,700,352.7227421384582,3.1836962803549067,circular
838,1100,700,210.2303695244779,-85,-85,-85,-85,1350,700,355.90643841881314,3.1836962803549067,circular
839,1100,700,210.2303695244779,-85,-85,-85,-85,1350,700,359.09013469916806,3.1836962803549067,circular
840,1100,700,210.2303695244779,-85,-85,-85,-85,1350,700,2.273830979522984,3.1836962803549067,circular
841,1100,700,210.2303695244779,-85,-85,-85,-85,1350,700,5.457527259877891,3.1836962803549067,circular
842,1100,700,210.2303695244779,-85,-85,-85,-85,1350,700,8.641223540232797,3.1836962803549067,circular
843,1100,700,210.2303695244779,-85,-85,-85,-85,1350,700,11.824919820587704,3.1836962803549067,circular
844,1100,700,210.2303695244779,-85,-85,-85,-85,1350,700,15.00861610094261,3.1836962803549067,circular
845,1100,700,210.2303695244779,-85,-85,-85,-85,1350,700,18.19231238129752,3.1836962803549067,circular
846,1100,700,210.2303695244779,-85,-85,-85,-85,1350,700,21.376008661652428,3.1836962803549067,circular
847,1100,700,210.2303695244779,-85,-85,-85,-85,1350,700,24.559704942007336,3.1836962803549067,circular
848,1100,700,210.2303695244779,-85,-85,-85,-85,1350,700,27.743401222362245,3.1836962803549067,circular
849,1100,700,210.2303695244779,-85,-85,-85,-85,1350,700,30.927097502717153,3.1836962803549067,circular
850,1100,700,210.2303695244779,-85,-85,-85,-85,1350,700,34.11079378307206,3.1836962803549067,circular
851,1100,700,210.2303695244779,-85,-85,-85,-85,1350,700,37.29449006342697,3.1836962803549067,circular
852,1100,700,210.2303695244779,-85,-85,-85,-85,1350,700,40.47818634378188,3.1836962803549067,circular
853,1100,700,210.2303695244779,-85,-85,-85,-85,1350,700,43.66188262413679,3.1836962803549067,circular
854,1100,700,210.2303695244779,-85,-85,-85,-85,1350,700,46.845578904491695,3.1836962803549067,circular
855,1100,700,210.2303695244779,-85,-85,-85,-85,1350,700,50.029275184846604,3.1836962803549067,circular
856,1100,700,210.2303695244779,-85,-85,-85,-85,1350,700,53.21297146520151,3.1836962803549067,circular
857,1100,700,210.2303695244779,-85,-85,-85,-85,1350,700,56.39666774555642,3.1836962803549067,circular
858,1100,700,210.2303695244779,-85,-85,-85,-85,1350,700,59.58036402591133,3.1836962803549067,circular
859,1100,700,210.2303695244779,-85,-85,-85,-85,1350,700,62.76406030626624,3.1836962803549067,circular
860,1100,700,210.2303695244779,-85,-85,-85,-85,1350,700,65.94775658662114,3.1836962803549067,circular
861,1100,700,210.2303695244779,-85,-85,-85,-85,1350,700,69.13145286697605,3.1836962803549067,circular
862,1100,700,210.2303695244779,-85,-85,-85,-85,1350,700,72.31514914733096,3.1836962803549067,circular
863,1100,700,210.2303695244779,-85,-85,-85,-85,1350,700,75.49884542768586,3.1836962803549067,circular
864,1100,700,210.2303695244779,-85,-85,-85,-85,1350,700,78.68254170804077,3.1836962803549067,circular
865,1100,700,210.2303695244779,-85,-85,-85,-85,1350,700,81.86623798839568,3.1836962803549067,circular
866,1100,700,210.2303695244779,-85,-85,-85,-85,1350,700,85.04993426875059,3.1836962803549067,circular
867,1100,700,210.2303695244779,-85,-85,-85,-85,1350,700,88.2336305491055,3.1836962803549067,circular
868,1100,700,210.2303695244779,-85,-85,-85,-85,1350,700,91.41732682946041,3.1836962803549067,circular
869,1100,700,210.2303695244779,-85,-85,-85,-85,1350,700,94.60102310981532,3.1836962803549067,circular
870,1100,700,210.2303695244779,-85,-85,-85,-85,1350,700,97.78471939017022,3.1836962803549067,circular
871,1100,700,210.2303695244779,-85,-85,-85,-85,1350,700,100.96841567052513,3.1836962803549067,circular
872,1100,700,210.2303695244779,-85,-85,-85,-85,1350,700,104.15211195088004,3.1836962803549067,circular
873,1100,700,210.2303695244779,-85,-85,-85,-85,1350,700,107.33580823123495,3.1836962803549067,circular
874,1100,700,210.2303695244779,-85,-85,-85,-85,1350,700,110.51950451158986,3.1836962803549067,circular
875,1100,700,210.2303695244779,-85,-85,-85,-85,1350,700,113.70320079194477,3.1836962803549067,circular
876,1100,700,210.2303695244779,-85,-85,-85,-85,1350,700,116.88689707229967,3.1836962803549067,circular
877,1100,700,210.2303695244779,-85,-85,-85,-85,1350,700,120.07059335265458,3.1836962803549067,circular
878,1100,700,210.2303695244779,-85,-85,-85,-85,1350,700,123.25428963300949,3.1836962803549067,circular
879,1100,700,210.2303695244779,-85,-85,-85,-85,1350,700,126.4379859133644,3.1836962803549067,circular
880,1100,700,210.2303695244779,-85,-85,-85,-85,1350,700,129.6216821937193,3.1836962803549067,circular
881,1100,700,210.2303695244779,-85,-85,-85,-85,1350,700,132.8053784740742,3.1836962803549067,circular
882,1100,700,210.2303695244779,-85,-85,11.505794098357505,-85,1350,700,135.98907475442908,3.1836962803549067,circular
883,1100,700,210.2303695244779,-85,11.505794098357505,17.513155499392102,-85,1350,700,139.17277103478398,3.1836962803549067,circular
884,1100,700,210.2303695244779,-85,17.513155499392102,19.91435422725632,-85,1350,700,142.35646731513887,3.1836962803549067,circular
885,1100,700,210.2303695244779,-85,19.91435422725632,21.41811930585211,-85,1350,700,145.54016359549377,3.1836962803549067,circular
886,1100,700,210.2303695244779,-85,21.41811930585211,22.496022074683278,-85,1350,700,148.72385987584866,3.1836962803549067,circular
887,1100,700,210.2303695244779,-85,22.793695368992218,23.31969953712386,-85,1350,700,151.90755615620355,3.1836962803549067,circular
888,1100,700,210.2303695244779,-85,23.553218972269416,24.1582774269213,-85,1350,700,155.09125243655845,3.1836962803549067,circular
889,1100,700,210.2303695244779,-85,24.1582774269213,24.646943359767004,-85,1350,700,158.27494871691334,3.1836962803549067,circular
890,1100,700,210.2303695244779,-85,24.646943359767004,25.042923900792417,-85,1350,700,161.45864499726824,3.1836962803549067,circular
891,1100,700,210.2303695244779,-85,25.042923900792417,25.36180729449956,-85,1350,700,164.64234127762313,3.1836962803549067,circular
892,1100,700,210.2303695244779,-85,25.452908776355446,25.614204328866276,-85,1350,700,167.82603755797803,3.1836962803549067,circular
893,1100,700,210.2303695244779,-85,25.684904084789974,25.859665714847075,-85,1350,700,171.00973383833292,3.1836962803549067,circular
894,1100,700,210.2303695244779,-85,25.859665714847075,25.9816463993744,-85,1350,700,174.19343011868781,3.1836962803549067,circular
895,1100,700,210.2303695244779,-85,25.9816463993744,26.053745949214605,-85,1350,700,177.3771263990427,3.1836962803549067,circular
896,1100,700,210.2303695244779,-85,26.053745949214605,26.077602459396946,-85,1350,700,180.5608226793976,3.1836962803549067,circular
897,1100,700,210.2303695244779,-85,26.077602459396946,26.067010357935978,-85,1350,700,183.7445189597525,3.1836962803549067,circular
898,1100,700,210.2303695244779,-85,26.053745949214605,26.011117049096303,-85,1350,700,186.9282152401074,3.1836962803549067,circular
899,1100,700,210.2303695244779,-85,25.9816463993744,25.859665714847075,-85,1350,700,190.1119115204623,3.1836962803549067,circular
900,1100,700,210.2303695244779,-85,25.859665714847075,25.684904084789977,-85,1350,700,193.29560780081718,3.1836962803549067,circular
901,1100,700,210.2303695244779,-85,25.684904084789977,25.452908776355446,-85,1350,700,196.47930408117207,3.1836962803549067,circular
902,1100,700,210.2303695244779,-85,25.452908776355446,25.157178905256924,-85,1350,700,199.66300036152697,3.1836962803549067,circular
903,1100,700,210.2303695244779,-85,25.042923900792417,24.788337040832293,-85,1350,700,202.84669664188186,3.1836962803549067,circular
904,1100,700,210.2303695244779,-85,24.646943359767004,24.1582774269213,-85,1350,700,206.03039292223676,3.1836962803549067,circular
905,1100,700,210.2303695244779,-85,24.1582774269213,23.553218972269416,-85,1350,700,209.21408920259165,3.1836962803549067,circular
906,1100,700,210.2303695244779,-85,23.553218972269416,22.793695368992225,-85,1350,700,212.39778548294655,3.1836962803549067,circular
907,1100,700,210.2303695244779,-85,22.793695368992225,21.81335663023087,-85,1350,700,215.58148176330144,3.1836962803549067,circular
908,1100,700,210.2303695244779,-85,21.81335663023087,20.48098321025059,-85,1350,700,218.76517804365633,3.1836962803549067,circular
909,1100,700,210.2303695244779,-85,19.914354227256315,17.51315549939211,-85,1350,700,221.94887432401123,3.1836962803549067,circular
910,1100,700,210.2303695244779,-85,17.51315549939211,11.50579409835762,-85,1350,700,225.13257060436612,3.1836962803549067,circular
911,1100,700,210.2303695244779,-85,11.50579409835762,-85,-85,1350,700,228.31626688472102,3.1836962803549067,circular
912,1100,700,210.2303695244779,-85,-85,-85,-85,1350,700,231.4999631650759,3.1836962803549067,circular
913,1100,700,210.2303695244779,-85,-85,-85,-85,1350,700,234.6836594454308,3.1836962803549067,circular
914,1100,700,210.2303695244779,-85,-85,-85,-85,1350,700,237.8673557257857,3.1836962803549067,circular
915,1100,700,210.2303695244779,-85,-85,-85,-85,1350,700,241.0510520061406,3.1836962803549067,circular
916,1100,700,210.2303695244779,-85,-85,-85,-85,1350,700,244.2347482864955,3.1836962803549067,circular
917,1100,700,210.2303695244779,-85,-85,-85,-85,1350,700,247.41844456685038,3.1836962803549067,circular
918,1100,700,210.2303695244779,-85,-85,-85,-85,1350,700,250.60214084720528,3.1836962803549067,circular
919,1100,700,210.2303695244779,-85,-85,-85,-85,1350,700,253.78583712756017,3.1836962803549067,circular
920,1100,700,210.2303695244779,-85,-85,-85,-85,1350,700,256.9695334079151,3.1836962803549067,circular
921,1100,700,210.2303695244779,-85,-85,-85,-85,1350,700,260.15322968827,3.1836962803549067,circular
922,1100,700,210.2303695244779,-85,-85,-85,-85,1350,700,263.33692596862494,3.1836962803549067,circular
923,1100,700,210.2303695244779,-85,-85,-85,-85,1350,700,266.52062224897986,3.1836962803549067,circular
924,1100,700,210.2303695244779,-85,-85,-85,-85,1350,700,269.7043185293348,3.1836962803549067,circular
925,1100,700,210.2303695244779,-85,-85,-85,-85,1350,700,272.8880148096897,3.1836962803549067,circular
926,1100,700,210.2303695244779,-85,-85,-85,-85,1350,700,276.07171109004463,3.1836962803549067,circular
927,1100,700,210.2303695244779,-85,-85,-85,-85,1350,700,279.25540737039955,3.1836962803549067,circular
928,1100,700,210.2303695244779,-85,-85,-85,-85,1350,700,282.4391036507545,3.1836962803549067,circular
929,1100,700,210.2303695244779,-85,-85,-85,-85,1350,700,285.6227999311094,3.1836962803549067,circular
930,1100,700,210.2303695244779,-85,-85,-85,-85,1350,700,288.8064962114643,3.1836962803549067,circular
931,1100,700,210.2303695244779,-85,-85,-85,-85,1350,700,291.99019249181924,3.1836962803549067,circular
932,1100,700,210.2303695244779,-85,-85,-85,-85,1350,700,295.17388877217417,3.1836962803549067,circular
933,1100,700,210.2303695244779,-85,-85,-85,-85,1350,700,298.3575850525291,3.1836962803549067,circular
934,1100,700,210.2303695244779,-85,-85,-85,-85,1350,700,301.541281332884,3.1836962803549067,circular
935,1100,700,210.2303695244779,-85,-85,-85,-85,1350,700,304.72497761323893,3.1836962803549067,circular
936,1100,700,210.2303695244779,-85,-85,-85,-85,1350,700,307.90867389359386,3.1836962803549067,circular
937,1100,700,210.2303695244779,-85,-85,-85,-85,1350,700,311.0923701739488,3.1836962803549067,circular
938,1100,700,210.2303695244779,-85,-85,-85,-85,1350,700,314.2760664543037,3.1836962803549067,circular
939,1100,700,210.2303695244779,-85,-85,-85,-85,1350,700,317.4597627346586,3.1836962803549067,circular
940,1100,700,210.2303695244779,-85,-85,-85,-85,1350,700,320.64345901501355,3.1836962803549067,circular
941,1100,700,210.2303695244779,-85,-85,-85,-85,1350,700,323.82715529536847,3.1836962803549067,circular
942,1100,700,210.2303695244779,-85,-85,-85,-85,1350,700,327.0108515757234,3.1836962803549067,circular
943,1100,700,210.2303695244779,-85,-85,-85,-85,1350,700,330.1945478560783,3.1836962803549067,circular
944,1100,700,210.2303695244779,-85,-85,-85,-85,1350,700,333.37824413643324,3.1836962803549067,circular
945,1100,700,210.2303695244779,-85,-85,-85,-85,1350,700,336.56194041678816,3.1836962803549067,circular
946,1100,700,210.2303695244779,-85,-85,-85,-85,1350,700,339.7456366971431,3.1836962803549067,circular
947,1100,700,210.2303695244779,-85,-85,-85,-85,1350,700,342.929332977498,3.1836962803549067,circular
948,1100,700,210.2303695244779,-85,-85,-85,-85,1350,700,346.11302925785293,3.1836962803549067,circular
949,1100,700,210.2303695244779,-85,-85,-85,-85,1350,700,349.29672553820785,3.1836962803549067,circular
950,1100,700,210.2303695244779,-85,-85,-85,-85,1350,700,352.4804218185628,3.1836962803549067,circular
951,1100,700,210.2303695244779,-85,-85,-85,-85,1350,700,355.6641180989177,3.1836962803549067,circular
952,1100,700,210.2303695244779,-85,-85,-85,-85,1350,700,358.8478143792726,3.1836962803549067,circular
953,1100,700,210.2303695244779,-85,-85,-85,-85,1350,700,2.0315106596275427,3.1836962803549067,circular
954,1100,700,210.2303695244779,-85,-85,-85,-85,1350,700,5.215206939982449,3.1836962803549067,circular
955,1100,700,210.2303695244779,-85,-85,-85,-85,1350,700,8.398903220337356,3.1836962803549067,circular
956,1100,700,210.2303695244779,-85,-85,-85,-85,1350,700,11.582599500692263,3.1836962803549067,circular
957,1100,700,210.2303695244779,-85,-85,-85,-85,1350,700,14.76629578104717,3.1836962803549067,circular
958,1100,700,210.2303695244779,-85,-85,-85,-85,1350,700,17.949992061402078,3.1836962803549067,circular
959,1100,700,210.2303695244779,-85,-85,-85,-85,1350,700,21.133688341756987,3.1836962803549067,circular
960,1100,700,210.2303695244779,-85,-85,-85,-85,1350,700,24.317384622111895,3.1836962803549067,circular
961,1100,700,210.2303695244779,-85,-85,-85,-85,1350,700,27.501080902466803,3.1836962803549067,circular
962,1100,700,210.2303695244779,-85,-85,-85,-85,1350,700,30.684777182821712,3.1836962803549067,circular
963,1100,700,210.2303695244779,-85,-85,-85,-85,1350,700,33.86847346317662,3.1836962803549067,circular
964,1100,700,210.2303695244779,-85,-85,-85,-85,1350,700,37.05216974353153,3.1836962803549067,circular
965,1100,700,210.2303695244779,-85,-85,-85,-85,1350,700,40.23586602388644,3.1836962803549067,circular
966,1100,700,210.2303695244779,-85,-85,-85,-85,1350,700,43.419562304241346,3.1836962803549067,circular
967,1100,700,210.2303695244779,-85,-85,-85,-85,1350,700,46.603258584596254,3.1836962803549067,circular
968,1100,700,210.2303695244779,-85,-85,-85,-85,1350,700,49.78695486495116,3.1836962803549067,circular
969,1100,700,210.2303695244779,-85,-85,-85,-85,1350,700,52.97065114530607,3.1836962803549067,circular
970,1100,700,210.2303695244779,-85,-85,-85,-85,1350,700,56.15434742566098,3.1836962803549067,circular
971,1100,700,210.2303695244779,-85,-85,-85,-85,1350,700,59.33804370601589,3.1836962803549067,circular
972,1100,700,210.2303695244779,-85,-85,-85,-85,1350,700,62.5217399863708,3.1836962803549067,circular
973,1100,700,210.2303695244779,-85,-85,-85,-85,1350,700,65.7054362667257,3.1836962803549067,circular
974,1100,700,210.2303695244779,-85,-85,-85,-85,1350,700,68.8891325470806,3.1836962803549067,circular
975,1100,700,210.2303695244779,-85,-85,-85,-85,1350,700,72.07282882743552,3.1836962803549067,circular
976,1100,700,210.2303695244779,-85,-85,-85,-85,1350,700,75.25652510779042,3.1836962803549067,circular
977,1100,700,210.2303695244779,-85,-85,-85,-85,1350,700,78.44022138814533,3.1836962803549067,circular
978,1100,700,210.2303695244779,-85,-85,-85,-85,1350,700,81.62391766850024,3.1836962803549067,circular
979,1100,700,210.2303695244779,-85,-85,-85,-85,1350,700,84.80761394885515,3.1836962803549067,circular
980,1100,700,210.2303695244779,-85,-85,-85,-85,1350,700,87.99131022921006,3.1836962803549067,circular
981,1100,700,210.2303695244779,-85,-85,-85,-85,1350,700,91.17500650956497,3.1836962803549067,circular
982,1100,700,210.2303695244779,-85,-85,-85,-85,1350,700,94.35870278991987,3.1836962803549067,circular
983,1100,700,210.2303695244779,-85,-85,-85,-85,1350,700,97.54239907027478,3.1836962803549067,circular
984,1100,700,210.2303695244779,-85,-85,-85,-85,1350,700,100.72609535062969,3.1836962803549067,circular
985,1100,700,210.2303695244779,-85,-85,-85,-85,1350,700,103.9097916309846,3.1836962803549067,circular
986,1100,700,210.2303695244779,-85,-85,-85,-85,1350,700,107.09348791133951,3.1836962803549067,circular
987,1100,700,210.2303695244779,-85,-85,-85,-85,1350,700,110.27718419169442,3.1836962803549067,circular
988,1100,700,210.2303695244779,-85,-85,-85,-85,1350,700,113.46088047204933,3.1836962803549067,circular
989,1100,700,210.2303695244779,-85,-85,-85,-85,1350,700,116.64457675240423,3.1836962803549067,circular
990,1100,700,210.2303695244779,-85,-85,-85,-85,1350,700,119.82827303275914,3.1836962803549067,circular
991,1100,700,210.2303695244779,-85,-85,-85,-85,1350,700,123.01196931311405,3.1836962803549067,circular
992,1100,700,210.2303695244779,-85,-85,-85,-85,1350,700,126.19566559346896,3.1836962803549067,circular
993,1100,700,210.2303695244779,-85,-85,-85,-85,1350,700,129.37936187382385,3.1836962803549067,circular
994,1100,700,210.2303695244779,-85,-85,-85,-85,1350,700,132.56305815417875,3.1836962803549067,circular
995,1100,700,210.2303695244779,-85,-85,-85,-85,1350,700,135.74675443453364,3.1836962803549067,circular
996,1100,700,210.2303695244779,-85,11.505794098357505,16.269948115724727,-85,1350,700,138.93045071488854,3.1836962803549067,circular
997,1100,700,210.2303695244779,-85,17.513155499392102,19.91435422725632,-85,1350,700,142.11414699524343,3.1836962803549067,circular
998,1100,700,210.2303695244779,-85,19.91435422725632,21.41811930585211,-85,1350,700,145.29784327559832,3.1836962803549067,circular
999,1100,700,210.2303695244779,-85,21.41811930585211,22.496022074683278,-85,1350,700,148.48153955595322,3.1836962803549067,circular
