Tick,Aircraft X,Aircraft Y,Aircraft Heading,A1,A2,A3,A4,Radar X,Radar Y,Radar Azimuth,Radar RPM,Radar Scan Pattern
0,1100,700,123.20674542927078,-85,-85,-85,-85,1350,700,42.082820660850565,18.850027565135232,circular
1,1100,700,123.20674542927078,-85,-85,-85,-85,1350,700,60.93284822598579,18.850027565135232,circular
2,1100,700,123.20674542927078,-85,-85,-85,-85,1350,700,79.78287579112103,18.850027565135232,circular
3,1100,700,123.20674542927078,-85,-85,-85,-85,1350,700,98.63290335625626,18.850027565135232,circular
4,1100,700,123.20674542927078,-85,-85,-85,-85,1350,700,117.4829309213915,18.850027565135232,circular
5,1100,700,123.20674542927078,-85,-85,-85,-85,1350,700,136.33295848652673,18.850027565135232,circular
6,1100,700,123.20674542927078,-85,-85,11.505794098357505,17.513155499392102,1350,700,155.18298605166197,18.850027565135232,circular
7,1100,700,123.20674542927078,-85,-85,24.1582774269213,24.646943359767004,1350,700,174.0330136167972,18.850027565135232,circular
8,1100,700,123.20674542927078,-85,-85,25.9816463993744,26.053745949214605,1350,700,192.88304118193244,18.850027565135232,circular
9,1100,700,123.20674542927078,-85,-85,25.684904084789977,25.452908776355446,1350,700,211.73306874706768,18.850027565135232,circular
10,1100,700,123.20674542927078,-85,-85,22.793695368992225,22.170735458799452,1350,700,230.5830963122029,18.850027565135232,circular
11,1100,700,123.20674542927078,-85,-85,-85,-85,1350,700,249.43312387733815,18.850027565135232,circular
12,1100,700,123.20674542927078,-85,-85,-85,-85,1350,700,268.28315144247335,18.850027565135232,circular
13,1100,700,123.20674542927078,-85,-85,-85,-85,1350,700,287.1331790076086,18.850027565135232,circular
14,1100,700,123.20674542927078,-85,-85,-85,-85,1350,700,305.9832065727438,18.850027565135232,circular
15,1100,700,123.20674542927078,-85,-85,-85,-85,1350,700,324.83323413787906,18.850027565135232,circular
16,1100,700,123.20674542927078,-85,-85,-85,-85,1350,700,343.6832617030143,18.850027565135232,circular
17,1100,700,123.20674542927078,-85,-85,-85,-85,1350,700,2.533289268149531,18.850027565135232,circular
18,1100,700,123.20674542927078,-85,-85,-85,-85,1350,700,21.383316833284763,18.850027565135232,circular
19,1100,700,123.20674542927078,-85,-85,-85,-85,1350,700,40.233344398419995,18.850027565135232,circular
20,1100,700,123.20674542927078,-85,-85,-85,-85,1350,700,59.08337196355522,18.850027565135232,circular
21,1100,700,123.20674542927078,-85,-85,-85,-85,1350,700,77.93339952869046,18.850027565135232,circular
22,1100,700,123.20674542927078,-85,-85,-85,-85,1350,700,96.7834270938257,18.850027565135232,circular
23,1100,700,123.20674542927078,-85,-85,-85,-85,1350,700,115.63345465896093,18.850027565135232,circular
24,1100,700,123.20674542927078,-85,-85,-85,-85,1350,700,134.48348222409615,18.850027565135232,circular
25,1100,700,123.20674542927078,-85,-85,-85,14.513447644213304,1350,700,153.33350978923139,18.850027565135232,circular
26,1100,700,123.20674542927078,-85,-85,23.769789312347285,24.33271141113945,1350,700,172.18353735436662,18.850027565135232,circular
27,1100,700,123.20674542927078,-85,-85,25.906018829630398,26.011117049096303,1350,700,191.03356491950186,18.850027565135232,circular
28,1100,700,123.20674542927078,-85,-85,25.807460623826316,25.614204328866276,1350,700,209.8835924846371,18.850027565135232,circular
29,1100,700,123.20674542927078,-85,-85,23.319699537123853,22.496022074683278,1350,700,228.73362004977233,18.850027565135232,circular
30,1100,700,123.20674542927078,-85,-85,-85,-85,1350,700,247.58364761490756,18.850027565135232,circular
31,1100,700,123.20674542927078,-85,-85,-85,-85,1350,700,266.43367518004277,18.850027565135232,circular
32,1100,700,123.20674542927078,-85,-85,-85,-85,1350,700,285.283702745178,18.850027565135232,circular
33,1100,700,123.20674542927078,-85,-85,-85,-85,1350,700,304.13373031031324,18.850027565135232,circular
34,1100,700,123.20674542927078,-85,-85,-85,-85,1350,700,322.9837578754485,18.850027565135232,circular
35,1100,700,123.20674542927078,-85,-85,-85,-85,1350,700,341.8337854405837,18.850027565135232,circular
36,1100,700,123.20674542927078,-85,-85,-85,-85,1350,700,0.683813005718946,18.850027565135232,circular
37,1100,700,123.20674542927078,-85,-85,-85,-85,1350,700,19.533840570854178,18.850027565135232,circular
38,1100,700,123.20674542927078,-85,-85,-85,-85,1350,700,38.38386813598941,18.850027565135232,circular
39,1100,700,123.20674542927078,-85,-85,-85,-85,1350,700,57.23389570112464,18.850027565135232,circular
40,1100,700,123.20674542927078,-85,-85,-85,-85,1350,700,76.08392326625987,18.850027565135232,circular
41,1100,700,123.20674542927078,-85,-85,-85,-85,1350,700,94.93395083139511,18.850027565135232,circular
42,1100,700,123.20674542927078,-85,-85,-85,-85,1350,700,113.78397839653034,18.850027565135232,circular
43,1100,700,123.20674542927078,-85,-85,-85,-85,1350,700,132.63400596166557,18.850027565135232,circular
44,1100,700,123.20674542927078,-85,-85,-85,-85,1350,700,151.4840335268008,18.850027565135232,circular
45,1100,700,123.20674542927078,-85,-85,23.31969953712386,23.971022246457757,1350,700,170.33406109193604,18.850027565135232,circular
46,1100,700,123.20674542927078,-85,-85,25.80746062382631,25.946643644493044,1350,700,189.18408865707127,18.850027565135232,circular
47,1100,700,123.20674542927078,-85,-85,25.906018829630398,25.7492610641292,1350,700,208.0341162222065,18.850027565135232,circular
48,1100,700,123.20674542927078,-85,-85,23.769789312347285,23.067302502757133,1350,700,226.88414378734174,18.850027565135232,circular
49,1100,700,123.20674542927078,-85,-85,-85,-85,1350,700,245.73417135247698,18.850027565135232,circular
50,1100,700,123.20674542927078,-85,-85,-85,-85,1350,700,264.5841989176122,18.850027565135232,circular
51,1100,700,123.20674542927078,-85,-85,-85,-85,1350,700,283.4342264827474,18.850027565135232,circular
52,1100,700,123.20674542927078,-85,-85,-85,-85,1350,700,302.28425404788265,18.850027565135232,circular
53,1100,700,123.20674542927078,-85,-85,-85,-85,1350,700,321.1342816130179,18.850027565135232,circular
54,1100,700,123.20674542927078,-85,-85,-85,-85,1350,700,339.9843091781531,18.850027565135232,circular
55,1100,700,123.20674542927078,-85,-85,-85,-85,1350,700,358.83433674328836,18.850027565135232,circular
56,1100,700,123.20674542927078,-85,-85,-85,-85,1350,700,17.684364308423596,18.850027565135232,circular
57,1100,700,123.20674542927078,-85,-85,-85,-85,1350,700,36.53439187355883,18.850027565135232,circular
58,1100,700,123.20674542927078,-85,-85,-85,-85,1350,700,55.38441943869407,18.850027565135232,circular
59,1100,700,123.20674542927078,-85,-85,-85,-85,1350,700,74.2344470038293,18.850027565135232,circular
60,1100,700,123.20674542927078,-85,-85,-85,-85,1350,700,93.08447456896454,18.850027565135232,circular
61,1100,700,123.20674542927078,-85,-85,-85,-85,1350,700,111.93450213409977,18.850027565135232,circular
62,1100,700,123.20674542927078,-85,-85,-85,-85,1350,700,130.784529699235,18.850027565135232,circular
63,1100,700,123.20674542927078,-85,-85,-85,-85,1350,700,149.63455726437024,18.850027565135232,circular
64,1100,700,123.20674542927078,-85,-85,23.06730250275713,23.553218972269416,1350,700,168.48458482950548,18.850027565135232,circular
65,1100,700,123.20674542927078,-85,-85,25.684904084789974,25.859665714847075,1350,700,187.33461239464071,18.850027565135232,circular
66,1100,700,123.20674542927078,-85,-85,25.9816463993744,25.859665714847075,1350,700,206.18463995977595,18.850027565135232,circular
67,1100,700,123.20674542927078,-85,-85,24.1582774269213,23.553218972269416,1350,700,225.03466752491119,18.850027565135232,circular
68,1100,700,123.20674542927078,-85,-85,11.50579409835762,-85,1350,700,243.88469509004642,18.850027565135232,circular
69,1100,700,123.20674542927078,-85,-85,-85,-85,1350,700,262.73472265518166,18.850027565135232,circular
70,1100,700,123.20674542927078,-85,-85,-85,-85,1350,700,281.5847502203169,18.850027565135232,circular
71,1100,700,123.20674542927078,-85,-85,-85,-85,1350,700,300.4347777854521,18.850027565135232,circular
72,1100,700,123.20674542927078,-85,-85,-85,-85,1350,700,319.28480535058736,18.850027565135232,circular
73,1100,700,123.20674542927078,-85,-85,-85,-85,1350,700,338.1348329157226,18.850027565135232,circular
74,1100,700,123.20674542927078,-85,-85,-85,-85,1350,700,356.98486048085783,18.850027565135232,circular
75,1100,700,123.20674542927078,-85,-85,-85,-85,1350,700,15.834888045993068,18.850027565135232,circular
76,1100,700,123.20674542927078,-85,-85,-85,-85,1350,700,34.684915611128304,18.850027565135232,circular
77,1100,700,123.20674542927078,-85,-85,-85,-85,1350,700,53.53494317626354,18.850027565135232,circular
78,1100,700,123.20674542927078,-85,-85,-85,-85,1350,700,72.38497074139877,18.850027565135232,circular
79,1100,700,123.20674542927078,-85,-85,-85,-85,1350,700,91.23499830653401,18.850027565135232,circular
80,1100,700,123.20674542927078,-85,-85,-85,-85,1350,700,110.08502587166925,18.850027565135232,circular
81,1100,700,123.20674542927078,-85,-85,-85,-85,1350,700,128.93505343680448,18.850027565135232,circular
82,1100,700,123.20674542927078,-85,-85,-85,-85,1350,700,147.78508100193972,18.850027565135232,circular
83,1100,700,123.20674542927078,-85,-85,22.496022074683278,23.31969953712386,1350,700,166.63510856707495,18.850027565135232,circular
84,1100,700,123.20674542927078,-85,-85,25.614204328866276,25.7492610641292,1350,700,185.4851361322102,18.850027565135232,circular
85,1100,700,123.20674542927078,-85,-85,26.035130213615616,25.946643644493044,1350,700,204.33516369734542,18.850027565135232,circular
86,1100,700,123.20674542927078,-85,-85,24.495315191602927,23.97102224645776,1350,700,223.18519126248066,18.850027565135232,circular
87,1100,700,123.20674542927078,-85,-85,16.269948115724716,-85,1350,700,242.0352188276159,18.850027565135232,circular
88,1100,700,123.20674542927078,-85,-85,-85,-85,1350,700,260.8852463927511,18.850027565135232,circular
89,1100,700,123.20674542927078,-85,-85,-85,-85,1350,700,279.73527395788636,18.850027565135232,circular
90,1100,700,123.20674542927078,-85,-85,-85,-85,1350,700,298.5853015230216,18.850027565135232,circular
91,1100,700,123.20674542927078,-85,-85,-85,-85,1350,700,317.43532908815683,18.850027565135232,circular
92,1100,700,123.20674542927078,-85,-85,-85,-85,1350,700,336.28535665329207,18.850027565135232,circular
93,1100,700,123.20674542927078,-85,-85,-85,-85,1350,700,355.1353842184273,18.850027565135232,circular
94,1100,700,123.20674542927078,-85,-85,-85,-85,1350,700,13.98541178356254,18.850027565135232,circular
95,1100,700,123.20674542927078,-85,-85,-85,-85,1350,700,32.835439348697776,18.850027565135232,circular
96,1100,700,123.20674542927078,-85,-85,-85,-85,1350,700,51.68546691383301,18.850027565135232,circular
97,1100,700,123.20674542927078,-85,-85,-85,-85,1350,700,70.53549447896825,18.850027565135232,circular
98,1100,700,123.20674542927078,-85,-85,-85,-85,1350,700,89.38552204410348,18.850027565135232,circular
99,1100,700,123.20674542927078,-85,-85,-85,-85,1350,700,108.23554960923872,18.850027565135232,circular
100,1100,700,123.20674542927078,-85,-85,-85,-85,1350,700,127.08557717437395,18.850027565135232,circular
101,1100,700,123.20674542927078,-85,-85,-85,-85,1350,700,145.9356047395092,18.850027565135232,circular
102,1100,700,123.20674542927078,-85,-85,21.813356630230874,22.793695368992218,1350,700,164.78563230464442,18.850027565135232,circular
103,1100,700,123.20674542927078,-85,-85,25.452908776355446,25.684904084789974,1350,700,183.63565986977966,18.850027565135232,circular
104,1100,700,123.20674542927078,-85,-85,26.053745949214605,26.011117049096303,1350,700,202.4856874349149,18.850027565135232,circular
105,1100,700,123.20674542927078,-85,-85,24.788337040832293,24.332711411139446,1350,700,221.33571500005013,18.850027565135232,circular
106,1100,700,123.20674542927078,-85,-85,18.474304759512954,14.513447644213265,1350,700,240.18574256518536,18.850027565135232,circular
107,1100,700,123.20674542927078,-85,-85,-85,-85,1350,700,259.0357701303206,18.850027565135232,circular
108,1100,700,123.20674542927078,-85,-85,-85,-85,1350,700,277.88579769545584,18.850027565135232,circular
109,1100,700,123.20674542927078,-85,-85,-85,-85,1350,700,296.73582526059107,18.850027565135232,circular
110,1100,700,123.20674542927078,-85,-85,-85,-85,1350,700,315.5858528257263,18.850027565135232,circular
111,1100,700,123.20674542927078,-85,-85,-85,-85,1350,700,334.43588039086154,18.850027565135232,circular
112,1100,700,123.20674542927078,-85,-85,-85,-85,1350,700,353.2859079559968,18.850027565135232,circular
113,1100,700,123.20674542927078,-85,-85,-85,-85,1350,700,12.135935521132012,18.850027565135232,circular
114,1100,700,123.20674542927078,-85,-85,-85,-85,1350,700,30.985963086267244,18.850027565135232,circular
115,1100,700,123.20674542927078,-85,-85,-85,-85,1350,700,49.835990651402476,18.850027565135232,circular
116,1100,700,123.20674542927078,-85,-85,-85,-85,1350,700,68.6860182165377,18.850027565135232,circular
117,1100,700,123.20674542927078,-85,-85,-85,-85,1350,700,87.53604578167294,18.850027565135232,circular
118,1100,700,123.20674542927078,-85,-85,-85,-85,1350,700,106.38607334680817,18.850027565135232,circular
119,1100,700,123.20674542927078,-85,-85,-85,-85,1350,700,125.23610091194341,18.850027565135232,circular
120,1100,700,123.20674542927078,-85,-85,-85,-85,1350,700,144.08612847707863,18.850027565135232,circular
121,1100,700,123.20674542927078,-85,-85,20.97742610025734,22.170735458799452,1350,700,162.93615604221387,18.850027565135232,circular
122,1100,700,123.20674542927078,-85,-85,25.26334459461691,25.536951728381826,1350,700,181.7861836073491,18.850027565135232,circular
123,1100,700,123.20674542927078,-85,-85,26.074956048612798,26.035130213615616,1350,700,200.63621117248434,18.850027565135232,circular
124,1100,700,123.20674542927078,-85,-85,24.92014212493214,24.646943359767004,1350,700,219.48623873761957,18.850027565135232,circular
125,1100,700,123.20674542927078,-85,-85,19.914354227256315,17.51315549939211,1350,700,238.3362663027548,18.850027565135232,circular
126,1100,700,123.20674542927078,-85,-85,-85,-85,1350,700,257.18629386789,18.850027565135232,circular
127,1100,700,123.20674542927078,-85,-85,-85,-85,1350,700,276.03632143302525,18.850027565135232,circular
128,1100,700,123.20674542927078,-85,-85,-85,-85,1350,700,294.8863489981605,18.850027565135232,circular
129,1100,700,123.20674542927078,-85,-85,-85,-85,1350,700,313.7363765632957,18.850027565135232,circular
130,1100,700,123.20674542927078,-85,-85,-85,-85,1350,700,332.58640412843096,18.850027565135232,circular
131,1100,700,123.20674542927078,-85,-85,-85,-85,1350,700,351.4364316935662,18.850027565135232,circular
132,1100,700,123.20674542927078,-85,-85,-85,-85,1350,700,10.286459258701427,18.850027565135232,circular
133,1100,700,123.20674542927078,-85,-85,-85,-85,1350,700,29.13648682383666,18.850027565135232,circular
134,1100,700,123.20674542927078,-85,-85,-85,-85,1350,700,47.98651438897189,18.850027565135232,circular
135,1100,700,123.20674542927078,-85,-85,-85,-85,1350,700,66.83654195410712,18.850027565135232,circular
136,1100,700,123.20674542927078,-85,-85,-85,-85,1350,700,85.68656951924235,18.850027565135232,circular
137,1100,700,123.20674542927078,-85,-85,-85,-85,1350,700,104.53659708437759,18.850027565135232,circular
138,1100,700,123.20674542927078,-85,-85,-85,-85,1350,700,123.38662464951283,18.850027565135232,circular
139,1100,700,123.20674542927078,-85,-85,-85,-85,1350,700,142.23665221464805,18.850027565135232,circular
140,1100,700,123.20674542927078,-85,-85,19.91435422725632,21.41811930585211,1350,700,161.08667977978328,18.850027565135232,circular
141,1100,700,123.20674542927078,-85,-85,25.042923900792417,25.36180729449956,1350,700,179.93670734491852,18.850027565135232,circular
142,1100,700,123.20674542927078,-85,-85,26.077602459396946,26.067010357935978,1350,700,198.78673491005375,18.850027565135232,circular
143,1100,700,123.20674542927078,-85,-85,25.157178905256924,24.788337040832293,1350,700,217.636762475189,18.850027565135232,circular
144,1100,700,123.20674542927078,-85,-85,20.48098321025059,19.25639156218219,1350,700,236.48679004032422,18.850027565135232,circular
145,1100,700,123.20674542927078,-85,-85,-85,-85,1350,700,255.33681760545946,18.850027565135232,circular
146,1100,700,123.20674542927078,-85,-85,-85,-85,1350,700,274.18684517059467,18.850027565135232,circular
147,1100,700,123.20674542927078,-85,-85,-85,-85,1350,700,293.0368727357299,18.850027565135232,circular
148,1100,700,123.20674542927078,-85,-85,-85,-85,1350,700,311.88690030086514,18.850027565135232,circular
149,1100,700,123.20674542927078,-85,-85,-85,-85,1350,700,330.73692786600037,18.850027565135232,circular
150,1100,700,123.20674542927078,-85,-85,-85,-85,1350,700,349.5869554311356,18.850027565135232,circular
151,1100,700,123.20674542927078,-85,-85,-85,-85,1350,700,8.436982996270842,18.850027565135232,circular
152,1100,700,123.20674542927078,-85,-85,-85,-85,1350,700,27.287010561406074,18.850027565135232,circular
153,1100,700,123.20674542927078,-85,-85,-85,-85,1350,700,46.137038126541306,18.850027565135232,circular
154,1100,700,123.20674542927078,-85,-85,-85,-85,1350,700,64.98706569167653,18.850027565135232,circular
155,1100,700,123.20674542927078,-85,-85,-85,-85,1350,700,83.83709325681177,18.850027565135232,circular
156,1100,700,123.20674542927078,-85,-85,-85,-85,1350,700,102.687120821947,18.850027565135232,circular
157,1100,700,123.20674542927078,-85,-85,-85,-85,1350,700,121.53714838708224,18.850027565135232,circular
158,1100,700,123.20674542927078,-85,-85,-85,-85,1350,700,140.38717595221746,18.850027565135232,circular
159,1100,700,123.20674542927078,-85,-85,18.47430475951294,20.48098321025059,1350,700,159.2372035173527,18.850027565135232,circular
160,1100,700,123.20674542927078,-85,-85,24.78833704083229,25.157178905256924,1350,700,178.08723108248793,18.850027565135232,circular
161,1100,700,123.20674542927078,-85,-85,26.067010357935978,26.077602459396946,1350,700,196.93725864762317,18.850027565135232,circular
162,1100,700,123.20674542927078,-85,-85,25.361807294499556,25.042923900792417,1350,700,215.7872862127584,18.850027565135232,circular
163,1100,700,123.20674542927078,-85,-85,21.418119305852123,19.914354227256315,1350,700,234.63731377789364,18.850027565135232,circular
164,1100,700,123.20674542927078,-85,-85,-85,-85,1350,700,253.48734134302887,18.850027565135232,circular
165,1100,700,123.20674542927078,-85,-85,-85,-85,1350,700,272.3373689081641,18.850027565135232,circular
166,1100,700,123.20674542927078,-85,-85,-85,-85,1350,700,291.1873964732993,18.850027565135232,circular
167,1100,700,123.20674542927078,-85,-85,-85,-85,1350,700,310.03742403843455,18.850027565135232,circular
168,1100,700,123.20674542927078,-85,-85,-85,-85,1350,700,328.8874516035698,18.850027565135232,circular
169,1100,700,123.20674542927078,-85,-85,-85,-85,1350,700,347.737479168705,18.850027565135232,circular
170,1100,700,123.20674542927078,-85,-85,-85,-85,1350,700,6.587506733840257,18.850027565135232,circular
171,1100,700,123.20674542927078,-85,-85,-85,-85,1350,700,25.43753429897549,18.850027565135232,circular
172,1100,700,123.20674542927078,-85,-85,-85,-85,1350,700,44.28756186411072,18.850027565135232,circular
173,1100,700,123.20674542927078,-85,-85,-85,-85,1350,700,63.13758942924595,18.850027565135232,circular
174,1100,700,123.20674542927078,-85,-85,-85,-85,1350,700,81.98761699438118,18.850027565135232,circular
175,1100,700,123.20674542927078,-85,-85,-85,-85,1350,700,100.83764455951642,18.850027565135232,circular
176,1100,700,123.20674542927078,-85,-85,-85,-85,1350,700,119.68767212465166,18.850027565135232,circular
177,1100,700,123.20674542927078,-85,-85,-85,-85,1350,700,138.53769968978688,18.850027565135232,circular
178,1100,700,123.20674542927078,-85,-85,17.513155499392102,19.25639156218217,1350,700,157.3877272549221,18.850027565135232,circular
179,1100,700,123.20674542927078,-85,-85,24.495315191602927,24.92014212493214,1350,700,176.23775482005735,18.850027565135232,circular
180,1100,700,123.20674542927078,-85,-85,26.035130213615616,26.074956048612798,1350,700,195.08778238519258,18.850027565135232,circular
181,1100,700,123.20674542927078,-85,-85,25.536951728381826,25.263344594616918,1350,700,213.93780995032782,18.850027565135232,circular
182,1100,700,123.20674542927078,-85,-85,22.170735458799452,20.97742610025735,1350,700,232.78783751546305,18.850027565135232,circular
183,1100,700,123.20674542927078,-85,-85,-85,-85,1350,700,251.6378650805983,18.850027565135232,circular
184,1100,700,123.20674542927078,-85,-85,-85,-85,1350,700,270.4878926457335,18.850027565135232,circular
185,1100,700,123.20674542927078,-85,-85,-85,-85,1350,700,289.33792021086873,18.850027565135232,circular
186,1100,700,123.20674542927078,-85,-85,-85,-85,1350,700,308.18794777600397,18.850027565135232,circular
187,1100,700,123.20674542927078,-85,-85,-85,-85,1350,700,327.0379753411392,18.850027565135232,circular
188,1100,700,123.20674542927078,-85,-85,-85,-85,1350,700,345.88800290627444,18.850027565135232,circular
189,1100,700,123.20674542927078,-85,-85,-85,-85,1350,700,4.738030471409672,18.850027565135232,circular
190,1100,700,123.20674542927078,-85,-85,-85,-85,1350,700,23.588058036544904,18.850027565135232,circular
191,1100,700,123.20674542927078,-85,-85,-85,-85,1350,700,42.438085601680136,18.850027565135232,circular
192,1100,700,123.20674542927078,-85,-85,-85,-85,1350,700,61.288113166815364,18.850027565135232,circular
193,1100,700,123.20674542927078,-85,-85,-85,-85,1350,700,80.1381407319506,18.850027565135232,circular
194,1100,700,123.20674542927078,-85,-85,-85,-85,1350,700,98.98816829708583,18.850027565135232,circular
195,1100,700,123.20674542927078,-85,-85,-85,-85,1350,700,117.83819586222107,18.850027565135232,circular
196,1100,700,123.20674542927078,-85,-85,-85,-85,1350,700,136.6882234273563,18.850027565135232,circular
197,1100,700,123.20674542927078,-85,-85,14.513447644213304,17.513155499392102,1350,700,155.53825099249153,18.850027565135232,circular
198,1100,700,123.20674542927078,-85,-85,24.33271141113945,24.646943359767004,1350,700,174.38827855762676,18.850027565135232,circular
199,1100,700,123.20674542927078,-85,-85,25.9816463993744,26.053745949214605,1350,700,193.238306122762,18.850027565135232,circular
200,1100,700,123.20674542927078,-85,-85,25.684904084789977,25.452908776355446,1350,700,212.08833368789723,18.850027565135232,circular
201,1100,700,123.20674542927078,-85,-85,22.793695368992225,21.81335663023087,1350,700,230.93836125303247,18.850027565135232,circular
202,1100,700,123.20674542927078,-85,-85,-85,-85,1350,700,249.7883888181677,18.850027565135232,circular
203,1100,700,123.20674542927078,-85,-85,-85,-85,1350,700,268.6384163833029,18.850027565135232,circular
204,1100,700,123.20674542927078,-85,-85,-85,-85,1350,700,287.48844394843815,18.850027565135232,circular
205,1100,700,123.20674542927078,-85,-85,-85,-85,1350,700,306.3384715135734,18.850027565135232,circular
206,1100,700,123.20674542927078,-85,-85,-85,-85,1350,700,325.1884990787086,18.850027565135232,circular
207,1100,700,123.20674542927078,-85,-85,-85,-85,1350,700,344.03852664384385,18.850027565135232,circular
208,1100,700,123.20674542927078,-85,-85,-85,-85,1350,700,2.8885542089790874,18.850027565135232,circular
209,1100,700,123.20674542927078,-85,-85,-85,-85,1350,700,21.73858177411432,18.850027565135232,circular
210,1100,700,123.20674542927078,-85,-85,-85,-85,1350,700,40.58860933924955,18.850027565135232,circular
211,1100,700,123.20674542927078,-85,-85,-85,-85,1350,700,59.43863690438478,18.850027565135232,circular
212,1100,700,123.20674542927078,-85,-85,-85,-85,1350,700,78.28866446952001,18.850027565135232,circular
213,1100,700,123.20674542927078,-85,-85,-85,-85,1350,700,97.13869203465525,18.850027565135232,circular
214,1100,700,123.20674542927078,-85,-85,-85,-85,1350,700,115.98871959979049,18.850027565135232,circular
215,1100,700,123.20674542927078,-85,-85,-85,-85,1350,700,134.8387471649257,18.850027565135232,circular
216,1100,700,123.20674542927078,-85,-85,-85,16.269948115724727,1350,700,153.68877473006094,18.850027565135232,circular
217,1100,700,123.20674542927078,-85,-85,23.971022246457757,24.33271141113945,1350,700,172.53880229519618,18.850027565135232,circular
218,1100,700,123.20674542927078,-85,-85,25.946643644493044,26.011117049096303,1350,700,191.3888298603314,18.850027565135232,circular
219,1100,700,123.20674542927078,-85,-85,25.807460623826316,25.614204328866276,1350,700,210.23885742546665,18.850027565135232,circular
220,1100,700,123.20674542927078,-85,-85,23.319699537123853,22.496022074683278,1350,700,229.08888499060188,18.850027565135232,circular
221,1100,700,123.20674542927078,-85,-85,-85,-85,1350,700,247.93891255573712,18.850027565135232,circular
222,1100,700,123.20674542927078,-85,-85,-85,-85,1350,700,266.7889401208723,18.850027565135232,circular
223,1100,700,123.20674542927078,-85,-85,-85,-85,1350,700,285.63896768600756,18.850027565135232,circular
224,1100,700,123.20674542927078,-85,-85,-85,-85,1350,700,304.4889952511428,18.850027565135232,circular
225,1100,700,123.20674542927078,-85,-85,-85,-85,1350,700,323.33902281627803,18.850027565135232,circular
226,1100,700,123.20674542927078,-85,-85,-85,-85,1350,700,342.18905038141327,18.850027565135232,circular
227,1100,700,123.20674542927078,-85,-85,-85,-85,1350,700,1.0390779465485025,18.850027565135232,circular
228,1100,700,123.20674542927078,-85,-85,-85,-85,1350,700,19.889105511683734,18.850027565135232,circular
229,1100,700,123.20674542927078,-85,-85,-85,-85,1350,700,38.739133076818966,18.850027565135232,circular
230,1100,700,123.20674542927078,-85,-85,-85,-85,1350,700,57.589160641954194,18.850027565135232,circular
231,1100,700,123.20674542927078,-85,-85,-85,-85,1350,700,76.43918820708943,18.850027565135232,circular
232,1100,700,123.20674542927078,-85,-85,-85,-85,1350,700,95.28921577222467,18.850027565135232,circular
233,1100,700,123.20674542927078,-85,-85,-85,-85,1350,700,114.1392433373599,18.850027565135232,circular
234,1100,700,123.20674542927078,-85,-85,-85,-85,1350,700,132.98927090249512,18.850027565135232,circular
235,1100,700,123.20674542927078,-85,-85,-85,11.505794098357505,1350,700,151.83929846763036,18.850027565135232,circular
236,1100,700,123.20674542927078,-85,-85,23.553218972269416,24.1582774269213,1350,700,170.6893260327656,18.850027565135232,circular
237,1100,700,123.20674542927078,-85,-85,25.859665714847075,25.946643644493044,1350,700,189.53935359790083,18.850027565135232,circular
238,1100,700,123.20674542927078,-85,-85,25.859665714847075,25.7492610641292,1350,700,208.38938116303606,18.850027565135232,circular
239,1100,700,123.20674542927078,-85,-85,23.769789312347285,23.067302502757133,1350,700,227.2394087281713,18.850027565135232,circular
240,1100,700,123.20674542927078,-85,-85,-85,-85,1350,700,246.08943629330653,18.850027565135232,circular
241,1100,700,123.20674542927078,-85,-85,-85,-85,1350,700,264.93946385844174,18.850027565135232,circular
242,1100,700,123.20674542927078,-85,-85,-85,-85,1350,700,283.789491423577,18.850027565135232,circular
243,1100,700,123.20674542927078,-85,-85,-85,-85,1350,700,302.6395189887122,18.850027565135232,circular
244,1100,700,123.20674542927078,-85,-85,-85,-85,1350,700,321.48954655384745,18.850027565135232,circular
245,1100,700,123.20674542927078,-85,-85,-85,-85,1350,700,340.3395741189827,18.850027565135232,circular
246,1100,700,123.20674542927078,-85,-85,-85,-85,1350,700,359.1896016841179,18.850027565135232,circular
247,1100,700,123.20674542927078,-85,-85,-85,-85,1350,700,18.039629249253153,18.850027565135232,circular
248,1100,700,123.20674542927078,-85,-85,-85,-85,1350,700,36.88965681438839,18.850027565135232,circular
249,1100,700,123.20674542927078,-85,-85,-85,-85,1350,700,55.739684379523624,18.850027565135232,circular
250,1100,700,123.20674542927078,-85,-85,-85,-85,1350,700,74.58971194465886,18.850027565135232,circular
251,1100,700,123.20674542927078,-85,-85,-85,-85,1350,700,93.4397395097941,18.850027565135232,circular
252,1100,700,123.20674542927078,-85,-85,-85,-85,1350,700,112.28976707492933,18.850027565135232,circular
253,1100,700,123.20674542927078,-85,-85,-85,-85,1350,700,131.13979464006457,18.850027565135232,circular
254,1100,700,123.20674542927078,-85,-85,-85,-85,1350,700,149.9898222051998,18.850027565135232,circular
255,1100,700,123.20674542927078,-85,-85,23.06730250275713,23.769789312347285,1350,700,168.83984977033504,18.850027565135232,circular
256,1100,700,123.20674542927078,-85,-85,25.7492610641292,25.906018829630398,1350,700,187.68987733547027,18.850027565135232,circular
257,1100,700,123.20674542927078,-85,-85,25.946643644493044,25.859665714847075,1350,700,206.5399049006055,18.850027565135232,circular
258,1100,700,123.20674542927078,-85,-85,23.97102224645776,23.553218972269416,1350,700,225.38993246574074,18.850027565135232,circular
259,1100,700,123.20674542927078,-85,-85,11.50579409835762,-85,1350,700,244.23996003087598,18.850027565135232,circular
260,1100,700,123.20674542927078,-85,-85,-85,-85,1350,700,263.0899875960112,18.850027565135232,circular
261,1100,700,123.20674542927078,-85,-85,-85,-85,1350,700,281.94001516114645,18.850027565135232,circular
262,1100,700,123.20674542927078,-85,-85,-85,-85,1350,700,300.7900427262817,18.850027565135232,circular
263,1100,700,123.20674542927078,-85,-85,-85,-85,1350,700,319.6400702914169,18.850027565135232,circular
264,1100,700,123.20674542927078,-85,-85,-85,-85,1350,700,338.49009785655215,18.850027565135232,circular
265,1100,700,123.20674542927078,-85,-85,-85,-85,1350,700,357.3401254216874,18.850027565135232,circular
266,1100,700,123.20674542927078,-85,-85,-85,-85,1350,700,16.190152986822625,18.850027565135232,circular
267,1100,700,123.20674542927078,-85,-85,-85,-85,1350,700,35.04018055195786,18.850027565135232,circular
268,1100,700,123.20674542927078,-85,-85,-85,-85,1350,700,53.890208117093096,18.850027565135232,circular
269,1100,700,123.20674542927078,-85,-85,-85,-85,1350,700,72.74023568222833,18.850027565135232,circular
270,1100,700,123.20674542927078,-85,-85,-85,-85,1350,700,91.59026324736357,18.850027565135232,circular
271,1100,700,123.20674542927078,-85,-85,-85,-85,1350,700,110.4402908124988,18.850027565135232,circular
272,1100,700,123.20674542927078,-85,-85,-85,-85,1350,700,129.29031837763404,18.850027565135232,circular
273,1100,700,123.20674542927078,-85,-85,-85,-85,1350,700,148.14034594276927,18.850027565135232,circular
274,1100,700,123.20674542927078,-85,-85,22.496022074683278,23.31969953712386,1350,700,166.9903735079045,18.850027565135232,circular
275,1100,700,123.20674542927078,-85,-85,25.614204328866276,25.80746062382631,1350,700,185.84040107303974,18.850027565135232,circular
276,1100,700,123.20674542927078,-85,-85,26.011117049096303,25.906018829630398,1350,700,204.69042863817498,18.850027565135232,circular
277,1100,700,123.20674542927078,-85,-85,24.332711411139446,23.97102224645776,1350,700,223.5404562033102,18.850027565135232,circular
278,1100,700,123.20674542927078,-85,-85,14.513447644213265,-85,1350,700,242.39048376844545,18.850027565135232,circular
279,1100,700,123.20674542927078,-85,-85,-85,-85,1350,700,261.2405113335807,18.850027565135232,circular
280,1100,700,123.20674542927078,-85,-85,-85,-85,1350,700,280.0905388987159,18.850027565135232,circular
281,1100,700,123.20674542927078,-85,-85,-85,-85,1350,700,298.94056646385116,18.850027565135232,circular
282,1100,700,123.20674542927078,-85,-85,-85,-85,1350,700,317.7905940289864,18.850027565135232,circular
283,1100,700,123.20674542927078,-85,-85,-85,-85,1350,700,336.6406215941216,18.850027565135232,circular
284,1100,700,123.20674542927078,-85,-85,-85,-85,1350,700,355.49064915925686,18.850027565135232,circular
285,1100,700,123.20674542927078,-85,-85,-85,-85,1350,700,14.340676724392097,18.850027565135232,circular
286,1100,700,123.20674542927078,-85,-85,-85,-85,1350,700,33.19070428952733,18.850027565135232,circular
287,1100,700,123.20674542927078,-85,-85,-85,-85,1350,700,52.04073185466257,18.850027565135232,circular
288,1100,700,123.20674542927078,-85,-85,-85,-85,1350,700,70.8907594197978,18.850027565135232,circular
289,1100,700,123.20674542927078,-85,-85,-85,-85,1350,700,89.74078698493304,18.850027565135232,circular
290,1100,700,123.20674542927078,-85,-85,-85,-85,1350,700,108.59081455006827,18.850027565135232,circular
291,1100,700,123.20674542927078,-85,-85,-85,-85,1350,700,127.44084211520351,18.850027565135232,circular
292,1100,700,123.20674542927078,-85,-85,-85,-85,1350,700,146.29086968033874,18.850027565135232,circular
293,1100,700,123.20674542927078,-85,-85,21.813356630230874,22.793695368992218,1350,700,165.14089724547398,18.850027565135232,circular
294,1100,700,123.20674542927078,-85,-85,25.452908776355446,25.684904084789974,1350,700,183.99092481060922,18.850027565135232,circular
295,1100,700,123.20674542927078,-85,-85,26.053745949214605,25.9816463993744,1350,700,202.84095237574445,18.850027565135232,circular
296,1100,700,123.20674542927078,-85,-85,24.646943359767004,24.1582774269213,1350,700,221.69097994087969,18.850027565135232,circular
297,1100,700,123.20674542927078,-85,-85,17.51315549939211,14.513447644213265,1350,700,240.54100750601492,18.850027565135232,circular
298,1100,700,123.20674542927078,-85,-85,-85,-85,1350,700,259.39103507115016,18.850027565135232,circular
299,1100,700,123.20674542927078,-85,-85,-85,-85,1350,700,278.2410626362854,18.850027565135232,circular
300,1100,700,123.20674542927078,-85,-85,-85,-85,1350,700,297.0910902014206,18.850027565135232,circular
301,1100,700,123.20674542927078,-85,-85,-85,-85,1350,700,315.94111776655586,18.850027565135232,circular
302,1100,700,123.20674542927078,-85,-85,-85,-85,1350,700,334.7911453316911,18.850027565135232,circular
303,1100,700,123.20674542927078,-85,-85,-85,-85,1350,700,353.64117289682633,18.850027565135232,circular
304,1100,700,123.20674542927078,-85,-85,-85,-85,1350,700,12.491200461961569,18.850027565135232,circular
305,1100,700,123.20674542927078,-85,-85,-85,-85,1350,700,31.3412280270968,18.850027565135232,circular
306,1100,700,123.20674542927078,-85,-85,-85,-85,1350,700,50.19125559223203,18.850027565135232,circular
307,1100,700,123.20674542927078,-85,-85,-85,-85,1350,700,69.04128315736726,18.850027565135232,circular
308,1100,700,123.20674542927078,-85,-85,-85,-85,1350,700,87.8913107225025,18.850027565135232,circular
309,1100,700,123.20674542927078,-85,-85,-85,-85,1350,700,106.74133828763773,18.850027565135232,circular
310,1100,700,123.20674542927078,-85,-85,-85,-85,1350,700,125.59136585277297,18.850027565135232,circular
311,1100,700,123.20674542927078,-85,-85,-85,-85,1350,700,144.4413934179082,18.850027565135232,circular
312,1100,700,123.20674542927078,-85,-85,20.97742610025734,22.170735458799452,1350,700,163.29142098304342,18.850027565135232,circular
313,1100,700,123.20674542927078,-85,-85,25.26334459461691,25.536951728381826,1350,700,182.14144854817866,18.850027565135232,circular
314,1100,700,123.20674542927078,-85,-85,26.074956048612798,26.035130213615616,1350,700,200.9914761133139,18.850027565135232,circular
315,1100,700,123.20674542927078,-85,-85,24.92014212493214,24.495315191602927,1350,700,219.84150367844913,18.850027565135232,circular
316,1100,700,123.20674542927078,-85,-85,19.25639156218219,16.269948115724716,1350,700,238.69153124358436,18.850027565135232,circular
317,1100,700,123.20674542927078,-85,-85,-85,-85,1350,700,257.54155880871957,18.850027565135232,circular
318,1100,700,123.20674542927078,-85,-85,-85,-85,1350,700,276.3915863738548,18.850027565135232,circular
319,1100,700,123.20674542927078,-85,-85,-85,-85,1350,700,295.24161393899004,18.850027565135232,circular
320,1100,700,123.20674542927078,-85,-85,-85,-85,1350,700,314.0916415041253,18.850027565135232,circular
321,1100,700,123.20674542927078,-85,-85,-85,-85,1350,700,332.9416690692605,18.850027565135232,circular
322,1100,700,123.20674542927078,-85,-85,-85,-85,1350,700,351.79169663439575,18.850027565135232,circular
323,1100,700,123.20674542927078,-85,-85,-85,-85,1350,700,10.641724199530984,18.850027565135232,circular
324,1100,700,123.20674542927078,-85,-85,-85,-85,1350,700,29.491751764666216,18.850027565135232,circular
325,1100,700,123.20674542927078,-85,-85,-85,-85,1350,700,48.34177932980145,18.850027565135232,circular
326,1100,700,123.20674542927078,-85,-85,-85,-85,1350,700,67.19180689493668,18.850027565135232,circular
327,1100,700,123.20674542927078,-85,-85,-85,-85,1350,700,86.04183446007191,18.850027565135232,circular
328,1100,700,123.20674542927078,-85,-85,-85,-85,1350,700,104.89186202520715,18.850027565135232,circular
329,1100,700,123.20674542927078,-85,-85,-85,-85,1350,700,123.74188959034238,18.850027565135232,circular
330,1100,700,123.20674542927078,-85,-85,-85,-85,1350,700,142.5919171554776,18.850027565135232,circular
331,1100,700,123.20674542927078,-85,-85,20.48098321025059,21.41811930585211,1350,700,161.44194472061284,18.850027565135232,circular
332,1100,700,123.20674542927078,-85,-85,25.042923900792417,25.36180729449956,1350,700,180.29197228574807,18.850027565135232,circular
333,1100,700,123.20674542927078,-85,-85,26.077602459396946,26.067010357935978,1350,700,199.1419998508833,18.850027565135232,circular
334,1100,700,123.20674542927078,-85,-85,25.157178905256924,24.788337040832293,1350,700,217.99202741601854,18.850027565135232,circular
335,1100,700,123.20674542927078,-85,-85,20.48098321025059,18.474304759512954,1350,700,236.84205498115378,18.850027565135232,circular
336,1100,700,123.20674542927078,-85,-85,-85,-85,1350,700,255.69208254628901,18.850027565135232,circular
337,1100,700,123.20674542927078,-85,-85,-85,-85,1350,700,274.5421101114242,18.850027565135232,circular
338,1100,700,123.20674542927078,-85,-85,-85,-85,1350,700,293.39213767655946,18.850027565135232,circular
339,1100,700,123.20674542927078,-85,-85,-85,-85,1350,700,312.2421652416947,18.850027565135232,circular
340,1100,700,123.20674542927078,-85,-85,-85,-85,1350,700,331.0921928068299,18.850027565135232,circular
341,1100,700,123.20674542927078,-85,-85,-85,-85,1350,700,349.94222037196516,18.850027565135232,circular
342,1100,700,123.20674542927078,-85,-85,-85,-85,1350,700,8.792247937100399,18.850027565135232,circular
343,1100,700,123.20674542927078,-85,-85,-85,-85,1350,700,27.64227550223563,18.850027565135232,circular
344,1100,700,123.20674542927078,-85,-85,-85,-85,1350,700,46.49230306737086,18.850027565135232,circular
345,1100,700,123.20674542927078,-85,-85,-85,-85,1350,700,65.34233063250609,18.850027565135232,circular
346,1100,700,123.20674542927078,-85,-85,-85,-85,1350,700,84.19235819764133,18.850027565135232,circular
347,1100,700,123.20674542927078,-85,-85,-85,-85,1350,700,103.04238576277656,18.850027565135232,circular
348,1100,700,123.20674542927078,-85,-85,-85,-85,1350,700,121.8924133279118,18.850027565135232,circular
349,1100,700,123.20674542927078,-85,-85,-85,-85,1350,700,140.74244089304702,18.850027565135232,circular
350,1100,700,123.20674542927078,-85,-85,19.25639156218217,20.97742610025734,1350,700,159.59246845818225,18.850027565135232,circular
351,1100,700,123.20674542927078,-85,-85,24.92014212493214,25.157178905256924,1350,700,178.4424960233175,18.850027565135232,circular
352,1100,700,123.20674542927078,-85,-85,26.067010357935978,26.077602459396946,1350,700,197.29252358845272,18.850027565135232,circular
353,1100,700,123.20674542927078,-85,-85,25.361807294499556,25.042923900792417,1350,700,216.14255115358796,18.850027565135232,circular
354,1100,700,123.20674542927078,-85,-85,21.418119305852123,19.914354227256315,1350,700,234.9925787187232,18.850027565135232,circular
355,1100,700,123.20674542927078,-85,-85,-85,-85,1350,700,253.84260628385843,18.850027565135232,circular
356,1100,700,123.20674542927078,-85,-85,-85,-85,1350,700,272.69263384899364,18.850027565135232,circular
357,1100,700,123.20674542927078,-85,-85,-85,-85,1350,700,291.5426614141289,18.850027565135232,circular
358,1100,700,123.20674542927078,-85,-85,-85,-85,1350,700,310.3926889792641,18.850027565135232,circular
359,1100,700,123.20674542927078,-85,-85,-85,-85,1350,700,329.24271654439934,18.850027565135232,circular
360,1100,700,123.20674542927078,-85,-85,-85,-85,1350,700,348.0927441095346,18.850027565135232,circular
361,1100,700,123.20674542927078,-85,-85,-85,-85,1350,700,6.942771674669814,18.850027565135232,circular
362,1100,700,123.20674542927078,-85,-85,-85,-85,1350,700,25.792799239805046,18.850027565135232,circular
363,1100,700,123.20674542927078,-85,-85,-85,-85,1350,700,44.64282680494028,18.850027565135232,circular
364,1100,700,123.20674542927078,-85,-85,-85,-85,1350,700,63.492854370075506,18.850027565135232,circular
365,1100,700,123.20674542927078,-85,-85,-85,-85,1350,700,82.34288193521074,18.850027565135232,circular
366,1100,700,123.20674542927078,-85,-85,-85,-85,1350,700,101.19290950034598,18.850027565135232,circular
367,1100,700,123.20674542927078,-85,-85,-85,-85,1350,700,120.04293706548121,18.850027565135232,circular
368,1100,700,123.20674542927078,-85,-85,-85,-85,1350,700,138.89296463061643,18.850027565135232,circular
369,1100,700,123.20674542927078,-85,-85,17.513155499392102,19.91435422725632,1350,700,157.74299219575167,18.850027565135232,circular
370,1100,700,123.20674542927078,-85,-85,24.646943359767004,25.042923900792417,1350,700,176.5930197608869,18.850027565135232,circular
371,1100,700,123.20674542927078,-85,-85,26.053745949214605,26.074956048612798,1350,700,195.44304732602214,18.850027565135232,circular
372,1100,700,123.20674542927078,-85,-85,25.536951728381826,25.263344594616918,1350,700,214.29307489115737,18.850027565135232,circular
373,1100,700,123.20674542927078,-85,-85,22.170735458799452,20.97742610025735,1350,700,233.1431024562926,18.850027565135232,circular
374,1100,700,123.20674542927078,-85,-85,-85,-85,1350,700,251.99313002142785,18.850027565135232,circular
375,1100,700,123.20674542927078,-85,-85,-85,-85,1350,700,270.84315758656305,18.850027565135232,circular
376,1100,700,123.20674542927078,-85,-85,-85,-85,1350,700,289.6931851516983,18.850027565135232,circular
377,1100,700,123.20674542927078,-85,-85,-85,-85,1350,700,308.5432127168335,18.850027565135232,circular
378,1100,700,123.20674542927078,-85,-85,-85,-85,1350,700,327.39324028196876,18.850027565135232,circular
379,1100,700,123.20674542927078,-85,-85,-85,-85,1350,700,346.243267847104,18.850027565135232,circular
380,1100,700,123.20674542927078,-85,-85,-85,-85,1350,700,5.093295412239229,18.850027565135232,circular
381,1100,700,123.20674542927078,-85,-85,-85,-85,1350,700,23.94332297737446,18.850027565135232,circular
382,1100,700,123.20674542927078,-85,-85,-85,-85,1350,700,42.79335054250969,18.850027565135232,circular
383,1100,700,123.20674542927078,-85,-85,-85,-85,1350,700,61.64337810764492,18.850027565135232,circular
384,1100,700,123.20674542927078,-85,-85,-85,-85,1350,700,80.49340567278016,18.850027565135232,circular
385,1100,700,123.20674542927078,-85,-85,-85,-85,1350,700,99.34343323791539,18.850027565135232,circular
386,1100,700,123.20674542927078,-85,-85,-85,-85,1350,700,118.19346080305063,18.850027565135232,circular
387,1100,700,123.20674542927078,-85,-85,-85,-85,1350,700,137.04348836818585,18.850027565135232,circular
388,1100,700,123.20674542927078,-85,-85,14.513447644213304,18.47430475951294,1350,700,155.89351593332108,18.850027565135232,circular
389,1100,700,123.20674542927078,-85,-85,24.33271141113945,24.78833704083229,1350,700,174.74354349845632,18.850027565135232,circular
390,1100,700,123.20674542927078,-85,-85,26.011117049096303,26.067010357935978,1350,700,193.59357106359155,18.850027565135232,circular
391,1100,700,123.20674542927078,-85,-85,25.614204328866276,25.452908776355446,1350,700,212.4435986287268,18.850027565135232,circular
392,1100,700,123.20674542927078,-85,-85,22.793695368992225,21.81335663023087,1350,700,231.29362619386202,18.850027565135232,circular
393,1100,700,123.20674542927078,-85,-85,-85,-85,1350,700,250.14365375899726,18.850027565135232,circular
394,1100,700,123.20674542927078,-85,-85,-85,-85,1350,700,268.99368132413247,18.850027565135232,circular
395,1100,700,123.20674542927078,-85,-85,-85,-85,1350,700,287.8437088892677,18.850027565135232,circular
396,1100,700,123.20674542927078,-85,-85,-85,-85,1350,700,306.69373645440294,18.850027565135232,circular
397,1100,700,123.20674542927078,-85,-85,-85,-85,1350,700,325.5437640195382,18.850027565135232,circular
398,1100,700,123.20674542927078,-85,-85,-85,-85,1350,700,344.3937915846734,18.850027565135232,circular
399,1100,700,123.20674542927078,-85,-85,-85,-85,1350,700,3.243819149808644,18.850027565135232,circular
400,1100,700,123.20674542927078,-85,-85,-85,-85,1350,700,22.093846714943876,18.850027565135232,circular
401,1100,700,123.20674542927078,-85,-85,-85,-85,1350,700,40.94387428007911,18.850027565135232,circular
402,1100,700,123.20674542927078,-85,-85,-85,-85,1350,700,59.793901845214336,18.850027565135232,circular
403,1100,700,123.20674542927078,-85,-85,-85,-85,1350,700,78.64392941034957,18.850027565135232,circular
404,1100,700,123.20674542927078,-85,-85,-85,-85,1350,700,97.4939569754848,18.850027565135232,circular
405,1100,700,123.20674542927078,-85,-85,-85,-85,1350,700,116.34398454062004,18.850027565135232,circular
406,1100,700,123.20674542927078,-85,-85,-85,-85,1350,700,135.19401210575526,18.850027565135232,circular
407,1100,700,123.20674542927078,-85,-85,-85,16.269948115724727,1350,700,154.0440396708905,18.850027565135232,circular
408,1100,700,123.20674542927078,-85,-85,23.971022246457757,24.495315191602927,1350,700,172.89406723602573,18.850027565135232,circular
409,1100,700,123.20674542927078,-85,-85,25.946643644493044,26.035130213615616,1350,700,191.74409480116097,18.850027565135232,circular
410,1100,700,123.20674542927078,-85,-85,25.7492610641292,25.536951728381826,1350,700,210.5941223662962,18.850027565135232,circular
411,1100,700,123.20674542927078,-85,-85,23.067302502757133,22.496022074683278,1350,700,229.44414993143144,18.850027565135232,circular
412,1100,700,123.20674542927078,-85,-85,-85,-85,1350,700,248.29417749656668,18.850027565135232,circular
413,1100,700,123.20674542927078,-85,-85,-85,-85,1350,700,267.1442050617019,18.850027565135232,circular
414,1100,700,123.20674542927078,-85,-85,-85,-85,1350,700,285.9942326268371,18.850027565135232,circular
415,1100,700,123.20674542927078,-85,-85,-85,-85,1350,700,304.84426019197235,18.850027565135232,circular
416,1100,700,123.20674542927078,-85,-85,-85,-85,1350,700,323.6942877571076,18.850027565135232,circular
417,1100,700,123.20674542927078,-85,-85,-85,-85,1350,700,342.5443153222428,18.850027565135232,circular
418,1100,700,123.20674542927078,-85,-85,-85,-85,1350,700,1.394342887378059,18.850027565135232,circular
419,1100,700,123.20674542927078,-85,-85,-85,-85,1350,700,20.24437045251329,18.850027565135232,circular
420,1100,700,123.20674542927078,-85,-85,-85,-85,1350,700,39.09439801764852,18.850027565135232,circular
421,1100,700,123.20674542927078,-85,-85,-85,-85,1350,700,57.94442558278375,18.850027565135232,circular
422,1100,700,123.20674542927078,-85,-85,-85,-85,1350,700,76.79445314791899,18.850027565135232,circular
423,1100,700,123.20674542927078,-85,-85,-85,-85,1350,700,95.64448071305422,18.850027565135232,circular
424,1100,700,123.20674542927078,-85,-85,-85,-85,1350,700,114.49450827818946,18.850027565135232,circular
425,1100,700,123.20674542927078,-85,-85,-85,-85,1350,700,133.34453584332468,18.850027565135232,circular
426,1100,700,123.20674542927078,-85,-85,-85,11.505794098357505,1350,700,152.1945634084599,18.850027565135232,circular
427,1100,700,123.20674542927078,-85,-85,23.553218972269416,24.1582774269213,1350,700,171.04459097359515,18.850027565135232,circular
428,1100,700,123.20674542927078,-85,-85,25.859665714847075,25.9816463993744,1350,700,189.89461853873038,18.850027565135232,circular
429,1100,700,123.20674542927078,-85,-85,25.859665714847075,25.684904084789977,1350,700,208.74464610386562,18.850027565135232,circular
430,1100,700,123.20674542927078,-85,-85,23.553218972269416,22.793695368992225,1350,700,227.59467366900085,18.850027565135232,circular
431,1100,700,123.20674542927078,-85,-85,-85,-85,1350,700,246.4447012341361,18.850027565135232,circular
432,1100,700,123.20674542927078,-85,-85,-85,-85,1350,700,265.2947287992713,18.850027565135232,circular
433,1100,700,123.20674542927078,-85,-85,-85,-85,1350,700,284.14475636440653,18.850027565135232,circular
434,1100,700,123.20674542927078,-85,-85,-85,-85,1350,700,302.99478392954177,18.850027565135232,circular
435,1100,700,123.20674542927078,-85,-85,-85,-85,1350,700,321.844811494677,18.850027565135232,circular
436,1100,700,123.20674542927078,-85,-85,-85,-85,1350,700,340.69483905981224,18.850027565135232,circular
437,1100,700,123.20674542927078,-85,-85,-85,-85,1350,700,359.5448666249475,18.850027565135232,circular
438,1100,700,123.20674542927078,-85,-85,-85,-85,1350,700,18.39489419008271,18.850027565135232,circular
439,1100,700,123.20674542927078,-85,-85,-85,-85,1350,700,37.244921755217945,18.850027565135232,circular
440,1100,700,123.20674542927078,-85,-85,-85,-85,1350,700,56.09494932035318,18.850027565135232,circular
441,1100,700,123.20674542927078,-85,-85,-85,-85,1350,700,74.94497688548842,18.850027565135232,circular
442,1100,700,123.20674542927078,-85,-85,-85,-85,1350,700,93.79500445062365,18.850027565135232,circular
443,1100,700,123.20674542927078,-85,-85,-85,-85,1350,700,112.64503201575889,18.850027565135232,circular
444,1100,700,123.20674542927078,-85,-85,-85,-85,1350,700,131.49505958089412,18.850027565135232,circular
445,1100,700,123.20674542927078,-85,-85,-85,-85,1350,700,150.34508714602936,18.850027565135232,circular
446,1100,700,123.20674542927078,-85,-85,23.06730250275713,23.769789312347285,1350,700,169.1951147111646,18.850027565135232,circular
447,1100,700,123.20674542927078,-85,-85,25.7492610641292,25.906018829630398,1350,700,188.04514227629983,18.850027565135232,circular
448,1100,700,123.20674542927078,-85,-85,25.946643644493044,25.807460623826316,1350,700,206.89516984143506,18.850027565135232,circular
449,1100,700,123.20674542927078,-85,-85,23.97102224645776,23.319699537123853,1350,700,225.7451974065703,18.850027565135232,circular
450,1100,700,123.20674542927078,-85,-85,-85,-85,1350,700,244.59522497170553,18.850027565135232,circular
451,1100,700,123.20674542927078,-85,-85,-85,-85,1350,700,263.44525253684077,18.850027565135232,circular
452,1100,700,123.20674542927078,-85,-85,-85,-85,1350,700,282.295280101976,18.850027565135232,circular
453,1100,700,123.20674542927078,-85,-85,-85,-85,1350,700,301.14530766711124,18.850027565135232,circular
454,1100,700,123.20674542927078,-85,-85,-85,-85,1350,700,319.9953352322465,18.850027565135232,circular
455,1100,700,123.20674542927078,-85,-85,-85,-85,1350,700,338.8453627973817,18.850027565135232,circular
456,1100,700,123.20674542927078,-85,-85,-85,-85,1350,700,357.69539036251695,18.850027565135232,circular
457,1100,700,123.20674542927078,-85,-85,-85,-85,1350,700,16.54541792765218,18.850027565135232,circular
458,1100,700,123.20674542927078,-85,-85,-85,-85,1350,700,35.39544549278742,18.850027565135232,circular
459,1100,700,123.20674542927078,-85,-85,-85,-85,1350,700,54.24547305792265,18.850027565135232,circular
460,1100,700,123.20674542927078,-85,-85,-85,-85,1350,700,73.09550062305789,18.850027565135232,circular
461,1100,700,123.20674542927078,-85,-85,-85,-85,1350,700,91.94552818819312,18.850027565135232,circular
462,1100,700,123.20674542927078,-85,-85,-85,-85,1350,700,110.79555575332836,18.850027565135232,circular
463,1100,700,123.20674542927078,-85,-85,-85,-85,1350,700,129.6455833184636,18.850027565135232,circular
464,1100,700,123.20674542927078,-85,-85,-85,-85,1350,700,148.49561088359883,18.850027565135232,circular
465,1100,700,123.20674542927078,-85,-85,22.793695368992218,23.31969953712386,1350,700,167.34563844873406,18.850027565135232,circular
466,1100,700,123.20674542927078,-85,-85,25.614204328866276,25.80746062382631,1350,700,186.1956660138693,18.850027565135232,circular
467,1100,700,123.20674542927078,-85,-85,26.011117049096303,25.906018829630398,1350,700,205.04569357900453,18.850027565135232,circular
468,1100,700,123.20674542927078,-85,-85,24.332711411139446,23.769789312347285,1350,700,223.89572114413977,18.850027565135232,circular
469,1100,700,123.20674542927078,-85,-85,14.513447644213265,-85,1350,700,242.745748709275,18.850027565135232,circular
470,1100,700,123.20674542927078,-85,-85,-85,-85,1350,700,261.59577627441024,18.850027565135232,circular
471,1100,700,123.20674542927078,-85,-85,-85,-85,1350,700,280.4458038395455,18.850027565135232,circular
472,1100,700,123.20674542927078,-85,-85,-85,-85,1350,700,299.2958314046807,18.850027565135232,circular
473,1100,700,123.20674542927078,-85,-85,-85,-85,1350,700,318.14585896981595,18.850027565135232,circular
474,1100,700,123.20674542927078,-85,-85,-85,-85,1350,700,336.9958865349512,18.850027565135232,circular
475,1100,700,123.20674542927078,-85,-85,-85,-85,1350,700,355.8459141000864,18.850027565135232,circular
476,1100,700,123.20674542927078,-85,-85,-85,-85,1350,700,14.695941665221653,18.850027565135232,circular
477,1100,700,123.20674542927078,-85,-85,-85,-85,1350,700,33.54596923035689,18.850027565135232,circular
478,1100,700,123.20674542927078,-85,-85,-85,-85,1350,700,52.395996795492124,18.850027565135232,circular
479,1100,700,123.20674542927078,-85,-85,-85,-85,1350,700,71.24602436062736,18.850027565135232,circular
480,1100,700,123.20674542927078,-85,-85,-85,-85,1350,700,90.0960519257626,18.850027565135232,circular
481,1100,700,123.20674542927078,-85,-85,-85,-85,1350,700,108.94607949089783,18.850027565135232,circular
482,1100,700,123.20674542927078,-85,-85,-85,-85,1350,700,127.79610705603307,18.850027565135232,circular
483,1100,700,123.20674542927078,-85,-85,-85,-85,1350,700,146.6461346211683,18.850027565135232,circular
484,1100,700,123.20674542927078,-85,-85,22.170735458799452,22.793695368992218,1350,700,165.49616218630354,18.850027565135232,circular
485,1100,700,123.20674542927078,-85,-85,25.536951728381826,25.684904084789974,1350,700,184.34618975143877,18.850027565135232,circular
486,1100,700,123.20674542927078,-85,-85,26.053745949214605,25.9816463993744,1350,700,203.196217316574,18.850027565135232,circular
487,1100,700,123.20674542927078,-85,-85,24.646943359767004,24.1582774269213,1350,700,222.04624488170924,18.850027565135232,circular
488,1100,700,123.20674542927078,-85,-85,17.51315549939211,11.50579409835762,1350,700,240.89627244684448,18.850027565135232,circular
489,1100,700,123.20674542927078,-85,-85,-85,-85,1350,700,259.7463000119797,18.850027565135232,circular
490,1100,700,123.20674542927078,-85,-85,-85,-85,1350,700,278.59632757711495,18.850027565135232,circular
491,1100,700,123.20674542927078,-85,-85,-85,-85,1350,700,297.4463551422502,18.850027565135232,circular
492,1100,700,123.20674542927078,-85,-85,-85,-85,1350,700,316.2963827073854,18.850027565135232,circular
493,1100,700,123.20674542927078,-85,-85,-85,-85,1350,700,335.14641027252065,18.850027565135232,circular
494,1100,700,123.20674542927078,-85,-85,-85,-85,1350,700,353.9964378376559,18.850027565135232,circular
495,1100,700,123.20674542927078,-85,-85,-85,-85,1350,700,12.846465402791125,18.850027565135232,circular
496,1100,700,123.20674542927078,-85,-85,-85,-85,1350,700,31.696492967926357,18.850027565135232,circular
497,1100,700,123.20674542927078,-85,-85,-85,-85,1350,700,50.54652053306159,18.850027565135232,circular
498,1100,700,123.20674542927078,-85,-85,-85,-85,1350,700,69.39654809819682,18.850027565135232,circular
499,1100,700,123.20674542927078,-85,-85,-85,-85,1350,700,88.24657566333205,18.850027565135232,circular
500,1100,700,123.20674542927078,-85,-85,-85,-85,1350,700,107.09660322846729,18.850027565135232,circular
501,1100,700,123.20674542927078,-85,-85,-85,-85,1350,700,125.94663079360252,18.850027565135232,circular
502,1100,700,123.20674542927078,-85,-85,-85,-85,1350,700,144.79665835873774,18.850027565135232,circular
503,1100,700,123.20674542927078,-85,-85,21.41811930585211,22.496022074683278,1350,700,163.64668592387298,18.850027565135232,circular
504,1100,700,123.20674542927078,-85,-85,25.36180729449956,25.536951728381826,1350,700,182.49671348900821,18.850027565135232,circular
505,1100,700,123.20674542927078,-85,-85,26.067010357935978,26.035130213615616,1350,700,201.34674105414345,18.850027565135232,circular
506,1100,700,123.20674542927078,-85,-85,24.92014212493214,24.495315191602927,1350,700,220.19676861927869,18.850027565135232,circular
507,1100,700,123.20674542927078,-85,-85,19.25639156218219,16.269948115724716,1350,700,239.04679618441392,18.850027565135232,circular
508,1100,700,123.20674542927078,-85,-85,-85,-85,1350,700,257.8968237495491,18.850027565135232,circular
509,1100,700,123.20674542927078,-85,-85,-85,-85,1350,700,276.74685131468436,18.850027565135232,circular
510,1100,700,123.20674542927078,-85,-85,-85,-85,1350,700,295.5968788798196,18.850027565135232,circular
511,1100,700,123.20674542927078,-85,-85,-85,-85,1350,700,314.44690644495483,18.850027565135232,circular
512,1100,700,123.20674542927078,-85,-85,-85,-85,1350,700,333.29693401009007,18.850027565135232,circular
513,1100,700,123.20674542927078,-85,-85,-85,-85,1350,700,352.1469615752253,18.850027565135232,circular
514,1100,700,123.20674542927078,-85,-85,-85,-85,1350,700,10.99698914036054,18.850027565135232,circular
515,1100,700,123.20674542927078,-85,-85,-85,-85,1350,700,29.847016705495772,18.850027565135232,circular
516,1100,700,123.20674542927078,-85,-85,-85,-85,1350,700,48.697044270631004,18.850027565135232,circular
517,1100,700,123.20674542927078,-85,-85,-85,-85,1350,700,67.54707183576623,18.850027565135232,circular
518,1100,700,123.20674542927078,-85,-85,-85,-85,1350,700,86.39709940090147,18.850027565135232,circular
519,1100,700,123.20674542927078,-85,-85,-85,-85,1350,700,105.2471269660367,18.850027565135232,circular
520,1100,700,123.20674542927078,-85,-85,-85,-85,1350,700,124.09715453117194,18.850027565135232,circular
521,1100,700,123.20674542927078,-85,-85,-85,-85,1350,700,142.94718209630716,18.850027565135232,circular
522,1100,700,123.20674542927078,-85,-85,20.48098321025059,21.813356630230874,1350,700,161.7972096614424,18.850027565135232,circular
523,1100,700,123.20674542927078,-85,-85,25.157178905256924,25.452908776355446,1350,700,180.64723722657763,18.850027565135232,circular
524,1100,700,123.20674542927078,-85,-85,26.077602459396946,26.067010357935978,1350,700,199.49726479171287,18.850027565135232,circular
525,1100,700,123.20674542927078,-85,-85,25.042923900792417,24.788337040832293,1350,700,218.3472923568481,18.850027565135232,circular
526,1100,700,123.20674542927078,-85,-85,20.48098321025059,18.474304759512954,1350,700,237.19731992198334,18.850027565135232,circular
527,1100,700,123.20674542927078,-85,-85,-85,-85,1350,700,256.04734748711854,18.850027565135232,circular
528,1100,700,123.20674542927078,-85,-85,-85,-85,1350,700,274.8973750522538,18.850027565135232,circular
529,1100,700,123.20674542927078,-85,-85,-85,-85,1350,700,293.747402617389,18.850027565135232,circular
530,1100,700,123.20674542927078,-85,-85,-85,-85,1350,700,312.59743018252425,18.850027565135232,circular
531,1100,700,123.20674542927078,-85,-85,-85,-85,1350,700,331.4474577476595,18.850027565135232,circular
532,1100,700,123.20674542927078,-85,-85,-85,-85,1350,700,350.2974853127947,18.850027565135232,circular
533,1100,700,123.20674542927078,-85,-85,-85,-85,1350,700,9.147512877929955,18.850027565135232,circular
534,1100,700,123.20674542927078,-85,-85,-85,-85,1350,700,27.997540443065187,18.850027565135232,circular
535,1100,700,123.20674542927078,-85,-85,-85,-85,1350,700,46.84756800820042,18.850027565135232,circular
536,1100,700,123.20674542927078,-85,-85,-85,-85,1350,700,65.69759557333565,18.850027565135232,circular
537,1100,700,123.20674542927078,-85,-85,-85,-85,1350,700,84.54762313847088,18.850027565135232,circular
538,1100,700,123.20674542927078,-85,-85,-85,-85,1350,700,103.39765070360612,18.850027565135232,circular
539,1100,700,123.20674542927078,-85,-85,-85,-85,1350,700,122.24767826874135,18.850027565135232,circular
540,1100,700,123.20674542927078,-85,-85,-85,-85,1350,700,141.09770583387657,18.850027565135232,circular
541,1100,700,123.20674542927078,-85,-85,19.25639156218217,20.97742610025734,1350,700,159.9477333990118,18.850027565135232,circular
542,1100,700,123.20674542927078,-85,-85,24.92014212493214,25.26334459461691,1350,700,178.79776096414705,18.850027565135232,circular
543,1100,700,123.20674542927078,-85,-85,26.074956048612798,26.074956048612798,1350,700,197.64778852928228,18.850027565135232,circular
544,1100,700,123.20674542927078,-85,-85,25.263344594616918,25.042923900792417,1350,700,216.49781609441752,18.850027565135232,circular
545,1100,700,123.20674542927078,-85,-85,20.97742610025735,19.914354227256315,1350,700,235.34784365955275,18.850027565135232,circular
546,1100,700,123.20674542927078,-85,-85,-85,-85,1350,700,254.197871224688,18.850027565135232,circular
547,1100,700,123.20674542927078,-85,-85,-85,-85,1350,700,273.0478987898232,18.850027565135232,circular
548,1100,700,123.20674542927078,-85,-85,-85,-85,1350,700,291.89792635495843,18.850027565135232,circular
549,1100,700,123.20674542927078,-85,-85,-85,-85,1350,700,310.74795392009366,18.850027565135232,circular
550,1100,700,123.20674542927078,-85,-85,-85,-85,1350,700,329.5979814852289,18.850027565135232,circular
551,1100,700,123.20674542927078,-85,-85,-85,-85,1350,700,348.44800905036413,18.850027565135232,circular
552,1100,700,123.20674542927078,-85,-85,-85,-85,1350,700,7.29803661549937,18.850027565135232,circular
553,1100,700,123.20674542927078,-85,-85,-85,-85,1350,700,26.148064180634602,18.850027565135232,circular
554,1100,700,123.20674542927078,-85,-85,-85,-85,1350,700,44.998091745769834,18.850027565135232,circular
555,1100,700,123.20674542927078,-85,-85,-85,-85,1350,700,63.84811931090506,18.850027565135232,circular
556,1100,700,123.20674542927078,-85,-85,-85,-85,1350,700,82.6981468760403,18.850027565135232,circular
557,1100,700,123.20674542927078,-85,-85,-85,-85,1350,700,101.54817444117553,18.850027565135232,circular
558,1100,700,123.20674542927078,-85,-85,-85,-85,1350,700,120.39820200631077,18.850027565135232,circular
559,1100,700,123.20674542927078,-85,-85,-85,-85,1350,700,139.248229571446,18.850027565135232,circular
560,1100,700,123.20674542927078,-85,-85,17.513155499392102,19.91435422725632,1350,700,158.09825713658122,18.850027565135232,circular
561,1100,700,123.20674542927078,-85,-85,24.646943359767004,25.042923900792417,1350,700,176.94828470171646,18.850027565135232,circular
562,1100,700,123.20674542927078,-85,-85,26.053745949214605,26.077602459396946,1350,700,195.7983122668517,18.850027565135232,circular
563,1100,700,123.20674542927078,-85,-85,25.452908776355446,25.157178905256924,1350,700,214.64833983198693,18.850027565135232,circular
564,1100,700,123.20674542927078,-85,-85,21.81335663023087,20.97742610025735,1350,700,233.49836739712217,18.850027565135232,circular
565,1100,700,123.20674542927078,-85,-85,-85,-85,1350,700,252.3483949622574,18.850027565135232,circular
566,1100,700,123.20674542927078,-85,-85,-85,-85,1350,700,271.1984225273926,18.850027565135232,circular
567,1100,700,123.20674542927078,-85,-85,-85,-85,1350,700,290.04845009252784,18.850027565135232,circular
568,1100,700,123.20674542927078,-85,-85,-85,-85,1350,700,308.8984776576631,18.850027565135232,circular
569,1100,700,123.20674542927078,-85,-85,-85,-85,1350,700,327.7485052227983,18.850027565135232,circular
570,1100,700,123.20674542927078,-85,-85,-85,-85,1350,700,346.59853278793355,18.850027565135232,circular
571,1100,700,123.20674542927078,-85,-85,-85,-85,1350,700,5.448560353068785,18.850027565135232,circular
572,1100,700,123.20674542927078,-85,-85,-85,-85,1350,700,24.298587918204017,18.850027565135232,circular
573,1100,700,123.20674542927078,-85,-85,-85,-85,1350,700,43.14861548333925,18.850027565135232,circular
574,1100,700,123.20674542927078,-85,-85,-85,-85,1350,700,61.99864304847448,18.850027565135232,circular
575,1100,700,123.20674542927078,-85,-85,-85,-85,1350,700,80.84867061360971,18.850027565135232,circular
576,1100,700,123.20674542927078,-85,-85,-85,-85,1350,700,99.69869817874495,18.850027565135232,circular
577,1100,700,123.20674542927078,-85,-85,-85,-85,1350,700,118.54872574388018,18.850027565135232,circular
578,1100,700,123.20674542927078,-85,-85,-85,-85,1350,700,137.3987533090154,18.850027565135232,circular
579,1100,700,123.20674542927078,-85,-85,14.513447644213304,18.47430475951294,1350,700,156.24878087415064,18.850027565135232,circular
580,1100,700,123.20674542927078,-85,-85,24.33271141113945,24.78833704083229,1350,700,175.09880843928588,18.850027565135232,circular
581,1100,700,123.20674542927078,-85,-85,26.011117049096303,26.067010357935978,1350,700,193.9488360044211,18.850027565135232,circular
582,1100,700,123.20674542927078,-85,-85,25.614204328866276,25.361807294499556,1350,700,212.79886356955635,18.850027565135232,circular
583,1100,700,123.20674542927078,-85,-85,22.496022074683278,21.418119305852123,1350,700,231.64889113469158,18.850027565135232,circular
584,1100,700,123.20674542927078,-85,-85,-85,-85,1350,700,250.49891869982682,18.850027565135232,circular
585,1100,700,123.20674542927078,-85,-85,-85,-85,1350,700,269.348946264962,18.850027565135232,circular
586,1100,700,123.20674542927078,-85,-85,-85,-85,1350,700,288.19897383009726,18.850027565135232,circular
587,1100,700,123.20674542927078,-85,-85,-85,-85,1350,700,307.0490013952325,18.850027565135232,circular
588,1100,700,123.20674542927078,-85,-85,-85,-85,1350,700,325.89902896036773,18.850027565135232,circular
589,1100,700,123.20674542927078,-85,-85,-85,-85,1350,700,344.74905652550297,18.850027565135232,circular
590,1100,700,123.20674542927078,-85,-85,-85,-85,1350,700,3.5990840906382005,18.850027565135232,circular
591,1100,700,123.20674542927078,-85,-85,-85,-85,1350,700,22.449111655773432,18.850027565135232,circular
592,1100,700,123.20674542927078,-85,-85,-85,-85,1350,700,41.299139220908664,18.850027565135232,circular
593,1100,700,123.20674542927078,-85,-85,-85,-85,1350,700,60.14916678604389,18.850027565135232,circular
594,1100,700,123.20674542927078,-85,-85,-85,-85,1350,700,78.99919435117913,18.850027565135232,circular
595,1100,700,123.20674542927078,-85,-85,-85,-85,1350,700,97.84922191631436,18.850027565135232,circular
596,1100,700,123.20674542927078,-85,-85,-85,-85,1350,700,116.6992494814496,18.850027565135232,circular
597,1100,700,123.20674542927078,-85,-85,-85,-85,1350,700,135.54927704658482,18.850027565135232,circular
598,1100,700,123.20674542927078,-85,-85,11.505794098357505,16.269948115724727,1350,700,154.39930461172005,18.850027565135232,circular
599,1100,700,123.20674542927078,-85,-85,23.971022246457757,24.495315191602927,1350,700,173.2493321768553,18.850027565135232,circular
600,1100,700,123.20674542927078,-85,-85,25.946643644493044,26.035130213615616,1350,700,192.09935974199053,18.850027565135232,circular
601,1100,700,123.20674542927078,-85,-85,25.7492610641292,25.536951728381826,1350,700,210.94938730712576,18.850027565135232,circular
602,1100,700,123.20674542927078,-85,-85,23.067302502757133,22.170735458799452,1350,700,229.799414872261,18.850027565135232,circular
603,1100,700,123.20674542927078,-85,-85,-85,-85,1350,700,248.64944243739623,18.850027565135232,circular
604,1100,700,123.20674542927078,-85,-85,-85,-85,1350,700,267.49947000253144,18.850027565135232,circular
605,1100,700,123.20674542927078,-85,-85,-85,-85,1350,700,286.3494975676667,18.850027565135232,circular
606,1100,700,123.20674542927078,-85,-85,-85,-85,1350,700,305.1995251328019,18.850027565135232,circular
607,1100,700,123.20674542927078,-85,-85,-85,-85,1350,700,324.04955269793714,18.850027565135232,circular
608,1100,700,123.20674542927078,-85,-85,-85,-85,1350,700,342.8995802630724,18.850027565135232,circular
609,1100,700,123.20674542927078,-85,-85,-85,-85,1350,700,1.7496078282076155,18.850027565135232,circular
610,1100,700,123.20674542927078,-85,-85,-85,-85,1350,700,20.599635393342847,18.850027565135232,circular
611,1100,700,123.20674542927078,-85,-85,-85,-85,1350,700,39.44966295847808,18.850027565135232,circular
612,1100,700,123.20674542927078,-85,-85,-85,-85,1350,700,58.29969052361331,18.850027565135232,circular
613,1100,700,123.20674542927078,-85,-85,-85,-85,1350,700,77.14971808874854,18.850027565135232,circular
614,1100,700,123.20674542927078,-85,-85,-85,-85,1350,700,95.99974565388378,18.850027565135232,circular
615,1100,700,123.20674542927078,-85,-85,-85,-85,1350,700,114.84977321901901,18.850027565135232,circular
616,1100,700,123.20674542927078,-85,-85,-85,-85,1350,700,133.69980078415423,18.850027565135232,circular
617,1100,700,123.20674542927078,-85,-85,-85,11.505794098357505,1350,700,152.54982834928947,18.850027565135232,circular
618,1100,700,123.20674542927078,-85,-85,23.769789312347285,24.1582774269213,1350,700,171.3998559144247,18.850027565135232,circular
619,1100,700,123.20674542927078,-85,-85,25.859665714847075,25.9816463993744,1350,700,190.24988347955994,18.850027565135232,circular
620,1100,700,123.20674542927078,-85,-85,25.859665714847075,25.684904084789977,1350,700,209.09991104469518,18.850027565135232,circular
621,1100,700,123.20674542927078,-85,-85,23.553218972269416,22.793695368992225,1350,700,227.9499386098304,18.850027565135232,circular
622,1100,700,123.20674542927078,-85,-85,-85,-85,1350,700,246.79996617496565,18.850027565135232,circular
623,1100,700,123.20674542927078,-85,-85,-85,-85,1350,700,265.64999374010085,18.850027565135232,circular
624,1100,700,123.20674542927078,-85,-85,-85,-85,1350,700,284.5000213052361,18.850027565135232,circular
625,1100,700,123.20674542927078,-85,-85,-85,-85,1350,700,303.3500488703713,18.850027565135232,circular
626,1100,700,123.20674542927078,-85,-85,-85,-85,1350,700,322.20007643550656,18.850027565135232,circular
627,1100,700,123.20674542927078,-85,-85,-85,-85,1350,700,341.0501040006418,18.850027565135232,circular
628,1100,700,123.20674542927078,-85,-85,-85,-85,1350,700,359.90013156577703,18.850027565135232,circular
629,1100,700,123.20674542927078,-85,-85,-85,-85,1350,700,18.750159130912266,18.850027565135232,circular
630,1100,700,123.20674542927078,-85,-85,-85,-85,1350,700,37.6001866960475,18.850027565135232,circular
631,1100,700,123.20674542927078,-85,-85,-85,-85,1350,700,56.45021426118274,18.850027565135232,circular
632,1100,700,123.20674542927078,-85,-85,-85,-85,1350,700,75.30024182631797,18.850027565135232,circular
633,1100,700,123.20674542927078,-85,-85,-85,-85,1350,700,94.15026939145321,18.850027565135232,circular
634,1100,700,123.20674542927078,-85,-85,-85,-85,1350,700,113.00029695658844,18.850027565135232,circular
635,1100,700,123.20674542927078,-85,-85,-85,-85,1350,700,131.85032452172368,18.850027565135232,circular
636,1100,700,123.20674542927078,-85,-85,-85,-85,1350,700,150.7003520868589,18.850027565135232,circular
637,1100,700,123.20674542927078,-85,-85,23.31969953712386,23.769789312347285,1350,700,169.55037965199415,18.850027565135232,circular
638,1100,700,123.20674542927078,-85,-85,25.80746062382631,25.906018829630398,1350,700,188.40040721712938,18.850027565135232,circular
639,1100,700,123.20674542927078,-85,-85,25.946643644493044,25.807460623826316,1350,700,207.25043478226462,18.850027565135232,circular
640,1100,700,123.20674542927078,-85,-85,23.97102224645776,23.319699537123853,1350,700,226.10046234739985,18.850027565135232,circular
641,1100,700,123.20674542927078,-85,-85,-85,-85,1350,700,244.9504899125351,18.850027565135232,circular
642,1100,700,123.20674542927078,-85,-85,-85,-85,1350,700,263.8005174776703,18.850027565135232,circular
643,1100,700,123.20674542927078,-85,-85,-85,-85,1350,700,282.65054504280556,18.850027565135232,circular
644,1100,700,123.20674542927078,-85,-85,-85,-85,1350,700,301.5005726079408,18.850027565135232,circular
645,1100,700,123.20674542927078,-85,-85,-85,-85,1350,700,320.35060017307603,18.850027565135232,circular
646,1100,700,123.20674542927078,-85,-85,-85,-85,1350,700,339.20062773821127,18.850027565135232,circular
647,1100,700,123.20674542927078,-85,-85,-85,-85,1350,700,358.0506553033465,18.850027565135232,circular
648,1100,700,123.20674542927078,-85,-85,-85,-85,1350,700,16.900682868481738,18.850027565135232,circular
649,1100,700,123.20674542927078,-85,-85,-85,-85,1350,700,35.75071043361697,18.850027565135232,circular
650,1100,700,123.20674542927078,-85,-85,-85,-85,1350,700,54.60073799875221,18.850027565135232,circular
651,1100,700,123.20674542927078,-85,-85,-85,-85,1350,700,73.45076556388744,18.850027565135232,circular
652,1100,700,123.20674542927078,-85,-85,-85,-85,1350,700,92.30079312902268,18.850027565135232,circular
653,1100,700,123.20674542927078,-85,-85,-85,-85,1350,700,111.15082069415791,18.850027565135232,circular
654,1100,700,123.20674542927078,-85,-85,-85,-85,1350,700,130.00084825929315,18.850027565135232,circular
655,1100,700,123.20674542927078,-85,-85,-85,-85,1350,700,148.85087582442839,18.850027565135232,circular
656,1100,700,123.20674542927078,-85,-85,22.793695368992218,23.553218972269416,1350,700,167.70090338956362,18.850027565135232,circular
657,1100,700,123.20674542927078,-85,-85,25.684904084789974,25.80746062382631,1350,700,186.55093095469886,18.850027565135232,circular
658,1100,700,123.20674542927078,-85,-85,25.9816463993744,25.906018829630398,1350,700,205.4009585198341,18.850027565135232,circular
659,1100,700,123.20674542927078,-85,-85,24.332711411139446,23.769789312347285,1350,700,224.25098608496933,18.850027565135232,circular
660,1100,700,123.20674542927078,-85,-85,14.513447644213265,-85,1350,700,243.10101365010456,18.850027565135232,circular
661,1100,700,123.20674542927078,-85,-85,-85,-85,1350,700,261.9510412152398,18.850027565135232,circular
662,1100,700,123.20674542927078,-85,-85,-85,-85,1350,700,280.80106878037503,18.850027565135232,circular
663,1100,700,123.20674542927078,-85,-85,-85,-85,1350,700,299.65109634551027,18.850027565135232,circular
664,1100,700,123.20674542927078,-85,-85,-85,-85,1350,700,318.5011239106455,18.850027565135232,circular
665,1100,700,123.20674542927078,-85,-85,-85,-85,1350,700,337.35115147578074,18.850027565135232,circular
666,1100,700,123.20674542927078,-85,-85,-85,-85,1350,700,356.201179040916,18.850027565135232,circular
667,1100,700,123.20674542927078,-85,-85,-85,-85,1350,700,15.05120660605121,18.850027565135232,circular
668,1100,700,123.20674542927078,-85,-85,-85,-85,1350,700,33.901234171186445,18.850027565135232,circular
669,1100,700,123.20674542927078,-85,-85,-85,-85,1350,700,52.75126173632168,18.850027565135232,circular
670,1100,700,123.20674542927078,-85,-85,-85,-85,1350,700,71.60128930145692,18.850027565135232,circular
671,1100,700,123.20674542927078,-85,-85,-85,-85,1350,700,90.45131686659215,18.850027565135232,circular
672,1100,700,123.20674542927078,-85,-85,-85,-85,1350,700,109.30134443172739,18.850027565135232,circular
673,1100,700,123.20674542927078,-85,-85,-85,-85,1350,700,128.15137199686262,18.850027565135232,circular
674,1100,700,123.20674542927078,-85,-85,-85,-85,1350,700,147.00139956199786,18.850027565135232,circular
675,1100,700,123.20674542927078,-85,-85,22.170735458799452,23.06730250275713,1350,700,165.8514271271331,18.850027565135232,circular
676,1100,700,123.20674542927078,-85,-85,25.536951728381826,25.7492610641292,1350,700,184.70145469226833,18.850027565135232,circular
677,1100,700,123.20674542927078,-85,-85,26.035130213615616,25.9816463993744,1350,700,203.55148225740356,18.850027565135232,circular
678,1100,700,123.20674542927078,-85,-85,24.495315191602927,24.1582774269213,1350,700,222.4015098225388,18.850027565135232,circular
679,1100,700,123.20674542927078,-85,-85,17.51315549939211,11.50579409835762,1350,700,241.25153738767403,18.850027565135232,circular
680,1100,700,123.20674542927078,-85,-85,-85,-85,1350,700,260.10156495280927,18.850027565135232,circular
681,1100,700,123.20674542927078,-85,-85,-85,-85,1350,700,278.9515925179445,18.850027565135232,circular
682,1100,700,123.20674542927078,-85,-85,-85,-85,1350,700,297.80162008307974,18.850027565135232,circular
683,1100,700,123.20674542927078,-85,-85,-85,-85,1350,700,316.651647648215,18.850027565135232,circular
684,1100,700,123.20674542927078,-85,-85,-85,-85,1350,700,335.5016752133502,18.850027565135232,circular
685,1100,700,123.20674542927078,-85,-85,-85,-85,1350,700,354.35170277848545,18.850027565135232,circular
686,1100,700,123.20674542927078,-85,-85,-85,-85,1350,700,13.201730343620682,18.850027565135232,circular
687,1100,700,123.20674542927078,-85,-85,-85,-85,1350,700,32.05175790875592,18.850027565135232,circular
688,1100,700,123.20674542927078,-85,-85,-85,-85,1350,700,50.90178547389115,18.850027565135232,circular
689,1100,700,123.20674542927078,-85,-85,-85,-85,1350,700,69.75181303902639,18.850027565135232,circular
690,1100,700,123.20674542927078,-85,-85,-85,-85,1350,700,88.60184060416162,18.850027565135232,circular
691,1100,700,123.20674542927078,-85,-85,-85,-85,1350,700,107.45186816929686,18.850027565135232,circular
692,1100,700,123.20674542927078,-85,-85,-85,-85,1350,700,126.3018957344321,18.850027565135232,circular
693,1100,700,123.20674542927078,-85,-85,-85,-85,1350,700,145.15192329956733,18.850027565135232,circular
694,1100,700,123.20674542927078,-85,-85,21.41811930585211,22.496022074683278,1350,700,164.00195086470256,18.850027565135232,circular
695,1100,700,123.20674542927078,-85,-85,25.36180729449956,25.614204328866276,1350,700,182.8519784298378,18.850027565135232,circular
696,1100,700,123.20674542927078,-85,-85,26.067010357935978,26.011117049096303,1350,700,201.70200599497304,18.850027565135232,circular
697,1100,700,123.20674542927078,-85,-85,24.788337040832293,24.495315191602927,1350,700,220.55203356010827,18.850027565135232,circular
698,1100,700,123.20674542927078,-85,-85,18.474304759512954,16.269948115724716,1350,700,239.4020611252435,18.850027565135232,circular
699,1100,700,123.20674542927078,-85,-85,-85,-85,1350,700,258.25208869037874,18.850027565135232,circular
700,1100,700,123.20674542927078,-85,-85,-85,-85,1350,700,277.102116255514,18.850027565135232,circular
701,1100,700,123.20674542927078,-85,-85,-85,-85,1350,700,295.9521438206492,18.850027565135232,circular
702,1100,700,123.20674542927078,-85,-85,-85,-85,1350,700,314.80217138578445,18.850027565135232,circular
703,1100,700,123.20674542927078,-85,-85,-85,-85,1350,700,333.6521989509197,18.850027565135232,circular
704,1100,700,123.20674542927078,-85,-85,-85,-85,1350,700,352.5022265160549,18.850027565135232,circular
705,1100,700,123.20674542927078,-85,-85,-85,-85,1350,700,11.352254081190154,18.850027565135232,circular
706,1100,700,123.20674542927078,-85,-85,-85,-85,1350,700,30.202281646325385,18.850027565135232,circular
707,1100,700,123.20674542927078,-85,-85,-85,-85,1350,700,49.05230921146062,18.850027565135232,circular
708,1100,700,123.20674542927078,-85,-85,-85,-85,1350,700,67.90233677659585,18.850027565135232,circular
709,1100,700,123.20674542927078,-85,-85,-85,-85,1350,700,86.75236434173108,18.850027565135232,circular
710,1100,700,123.20674542927078,-85,-85,-85,-85,1350,700,105.60239190686632,18.850027565135232,circular
711,1100,700,123.20674542927078,-85,-85,-85,-85,1350,700,124.45241947200155,18.850027565135232,circular
712,1100,700,123.20674542927078,-85,-85,-85,-85,1350,700,143.30244703713677,18.850027565135232,circular
713,1100,700,123.20674542927078,-85,-85,20.48098321025059,21.813356630230874,1350,700,162.152474602272,18.850027565135232,circular
714,1100,700,123.20674542927078,-85,-85,25.157178905256924,25.452908776355446,1350,700,181.00250216740724,18.850027565135232,circular
715,1100,700,123.20674542927078,-85,-85,26.077602459396946,26.053745949214605,1350,700,199.85252973254248,18.850027565135232,circular
716,1100,700,123.20674542927078,-85,-85,25.042923900792417,24.646943359767004,1350,700,218.7025572976777,18.850027565135232,circular
717,1100,700,123.20674542927078,-85,-85,19.914354227256315,18.474304759512954,1350,700,237.55258486281295,18.850027565135232,circular
718,1100,700,123.20674542927078,-85,-85,-85,-85,1350,700,256.40261242794816,18.850027565135232,circular
719,1100,700,123.20674542927078,-85,-85,-85,-85,1350,700,275.2526399930834,18.850027565135232,circular
720,1100,700,123.20674542927078,-85,-85,-85,-85,1350,700,294.1026675582186,18.850027565135232,circular
721,1100,700,123.20674542927078,-85,-85,-85,-85,1350,700,312.95269512335386,18.850027565135232,circular
722,1100,700,123.20674542927078,-85,-85,-85,-85,1350,700,331.8027226884891,18.850027565135232,circular
723,1100,700,123.20674542927078,-85,-85,-85,-85,1350,700,350.65275025362433,18.850027565135232,circular
724,1100,700,123.20674542927078,-85,-85,-85,-85,1350,700,9.502777818759569,18.850027565135232,circular
725,1100,700,123.20674542927078,-85,-85,-85,-85,1350,700,28.3528053838948,18.850027565135232,circular
726,1100,700,123.20674542927078,-85,-85,-85,-85,1350,700,47.20283294903003,18.850027565135232,circular
727,1100,700,123.20674542927078,-85,-85,-85,-85,1350,700,66.05286051416526,18.850027565135232,circular
728,1100,700,123.20674542927078,-85,-85,-85,-85,1350,700,84.9028880793005,18.850027565135232,circular
729,1100,700,123.20674542927078,-85,-85,-85,-85,1350,700,103.75291564443573,18.850027565135232,circular
730,1100,700,123.20674542927078,-85,-85,-85,-85,1350,700,122.60294320957097,18.850027565135232,circular
731,1100,700,123.20674542927078,-85,-85,-85,-85,1350,700,141.4529707747062,18.850027565135232,circular
732,1100,700,123.20674542927078,-85,-85,19.25639156218217,20.97742610025734,1350,700,160.30299833984142,18.850027565135232,circular
733,1100,700,123.20674542927078,-85,-85,24.92014212493214,25.26334459461691,1350,700,179.15302590497666,18.850027565135232,circular
734,1100,700,123.20674542927078,-85,-85,26.074956048612798,26.074956048612798,1350,700,198.0030534701119,18.850027565135232,circular
735,1100,700,123.20674542927078,-85,-85,25.263344594616918,24.92014212493214,1350,700,216.85308103524713,18.850027565135232,circular
736,1100,700,123.20674542927078,-85,-85,20.97742610025735,19.25639156218219,1350,700,235.70310860038236,18.850027565135232,circular
737,1100,700,123.20674542927078,-85,-85,-85,-85,1350,700,254.5531361655176,18.850027565135232,circular
738,1100,700,123.20674542927078,-85,-85,-85,-85,1350,700,273.4031637306528,18.850027565135232,circular
739,1100,700,123.20674542927078,-85,-85,-85,-85,1350,700,292.25319129578804,18.850027565135232,circular
740,1100,700,123.20674542927078,-85,-85,-85,-85,1350,700,311.1032188609233,18.850027565135232,circular
741,1100,700,123.20674542927078,-85,-85,-85,-85,1350,700,329.9532464260585,18.850027565135232,circular
742,1100,700,123.20674542927078,-85,-85,-85,-85,1350,700,348.80327399119375,18.850027565135232,circular
743,1100,700,123.20674542927078,-85,-85,-85,-85,1350,700,7.653301556328984,18.850027565135232,circular
744,1100,700,123.20674542927078,-85,-85,-85,-85,1350,700,26.503329121464215,18.850027565135232,circular
745,1100,700,123.20674542927078,-85,-85,-85,-85,1350,700,45.35335668659945,18.850027565135232,circular
746,1100,700,123.20674542927078,-85,-85,-85,-85,1350,700,64.20338425173468,18.850027565135232,circular
747,1100,700,123.20674542927078,-85,-85,-85,-85,1350,700,83.05341181686991,18.850027565135232,circular
748,1100,700,123.20674542927078,-85,-85,-85,-85,1350,700,101.90343938200515,18.850027565135232,circular
749,1100,700,123.20674542927078,-85,-85,-85,-85,1350,700,120.75346694714038,18.850027565135232,circular
750,1100,700,123.20674542927078,-85,-85,-85,-85,1350,700,139.6034945122756,18.850027565135232,circular
751,1100,700,123.20674542927078,-85,-85,18.47430475951294,19.91435422725632,1350,700,158.45352207741084,18.850027565135232,circular
752,1100,700,123.20674542927078,-85,-85,24.646943359767004,25.042923900792417,1350,700,177.30354964254607,18.850027565135232,circular
753,1100,700,123.20674542927078,-85,-85,26.053745949214605,26.077602459396946,1350,700,196.1535772076813,18.850027565135232,circular
754,1100,700,123.20674542927078,-85,-85,25.452908776355446,25.157178905256924,1350,700,215.00360477281654,18.850027565135232,circular
755,1100,700,123.20674542927078,-85,-85,21.81335663023087,20.48098321025059,1350,700,233.85363233795178,18.850027565135232,circular
756,1100,700,123.20674542927078,-85,-85,-85,-85,1350,700,252.70365990308701,18.850027565135232,circular
757,1100,700,123.20674542927078,-85,-85,-85,-85,1350,700,271.5536874682222,18.850027565135232,circular
758,1100,700,123.20674542927078,-85,-85,-85,-85,1350,700,290.40371503335746,18.850027565135232,circular
759,1100,700,123.20674542927078,-85,-85,-85,-85,1350,700,309.2537425984927,18.850027565135232,circular
760,1100,700,123.20674542927078,-85,-85,-85,-85,1350,700,328.1037701636279,18.850027565135232,circular
761,1100,700,123.20674542927078,-85,-85,-85,-85,1350,700,346.95379772876316,18.850027565135232,circular
762,1100,700,123.20674542927078,-85,-85,-85,-85,1350,700,5.803825293898399,18.850027565135232,circular
763,1100,700,123.20674542927078,-85,-85,-85,-85,1350,700,24.65385285903363,18.850027565135232,circular
764,1100,700,123.20674542927078,-85,-85,-85,-85,1350,700,43.50388042416886,18.850027565135232,circular
765,1100,700,123.20674542927078,-85,-85,-85,-85,1350,700,62.35390798930409,18.850027565135232,circular
766,1100,700,123.20674542927078,-85,-85,-85,-85,1350,700,81.20393555443933,18.850027565135232,circular
767,1100,700,123.20674542927078,-85,-85,-85,-85,1350,700,100.05396311957456,18.850027565135232,circular
768,1100,700,123.20674542927078,-85,-85,-85,-85,1350,700,118.9039906847098,18.850027565135232,circular
769,1100,700,123.20674542927078,-85,-85,-85,-85,1350,700,137.75401824984502,18.850027565135232,circular
770,1100,700,123.20674542927078,-85,-85,16.269948115724727,19.25639156218217,1350,700,156.60404581498025,18.850027565135232,circular
771,1100,700,123.20674542927078,-85,-85,24.495315191602927,24.78833704083229,1350,700,175.4540733801155,18.850027565135232,circular
772,1100,700,123.20674542927078,-85,-85,26.011117049096303,26.067010357935978,1350,700,194.30410094525072,18.850027565135232,circular
773,1100,700,123.20674542927078,-85,-85,25.614204328866276,25.361807294499556,1350,700,213.15412851038596,18.850027565135232,circular
774,1100,700,123.20674542927078,-85,-85,22.496022074683278,21.418119305852123,1350,700,232.0041560755212,18.850027565135232,circular
775,1100,700,123.20674542927078,-85,-85,-85,-85,1350,700,250.85418364065643,18.850027565135232,circular
776,1100,700,123.20674542927078,-85,-85,-85,-85,1350,700,269.70421120579164,18.850027565135232,circular
777,1100,700,123.20674542927078,-85,-85,-85,-85,1350,700,288.5542387709269,18.850027565135232,circular
778,1100,700,123.20674542927078,-85,-85,-85,-85,1350,700,307.4042663360621,18.850027565135232,circular
779,1100,700,123.20674542927078,-85,-85,-85,-85,1350,700,326.25429390119734,18.850027565135232,circular
780,1100,700,123.20674542927078,-85,-85,-85,-85,1350,700,345.1043214663326,18.850027565135232,circular
781,1100,700,123.20674542927078,-85,-85,-85,-85,1350,700,3.954349031467814,18.850027565135232,circular
782,1100,700,123.20674542927078,-85,-85,-85,-85,1350,700,22.804376596603046,18.850027565135232,circular
783,1100,700,123.20674542927078,-85,-85,-85,-85,1350,700,41.65440416173828,18.850027565135232,circular
784,1100,700,123.20674542927078,-85,-85,-85,-85,1350,700,60.504431726873506,18.850027565135232,circular
785,1100,700,123.20674542927078,-85,-85,-85,-85,1350,700,79.35445929200874,18.850027565135232,circular
786,1100,700,123.20674542927078,-85,-85,-85,-85,1350,700,98.20448685714398,18.850027565135232,circular
787,1100,700,123.20674542927078,-85,-85,-85,-85,1350,700,117.05451442227921,18.850027565135232,circular
788,1100,700,123.20674542927078,-85,-85,-85,-85,1350,700,135.90454198741443,18.850027565135232,circular
789,1100,700,123.20674542927078,-85,-85,11.505794098357505,17.513155499392102,1350,700,154.75456955254967,18.850027565135232,circular
790,1100,700,123.20674542927078,-85,-85,24.1582774269213,24.646943359767004,1350,700,173.6045971176849,18.850027565135232,circular
791,1100,700,123.20674542927078,-85,-85,25.9816463993744,26.035130213615616,1350,700,192.45462468282014,18.850027565135232,circular
792,1100,700,123.20674542927078,-85,-85,25.7492610641292,25.536951728381826,1350,700,211.30465224795537,18.850027565135232,circular
793,1100,700,123.20674542927078,-85,-85,23.067302502757133,22.170735458799452,1350,700,230.1546798130906,18.850027565135232,circular
794,1100,700,123.20674542927078,-85,-85,-85,-85,1350,700,249.00470737822585,18.850027565135232,circular
795,1100,700,123.20674542927078,-85,-85,-85,-85,1350,700,267.85473494336105,18.850027565135232,circular
796,1100,700,123.20674542927078,-85,-85,-85,-85,1350,700,286.7047625084963,18.850027565135232,circular
797,1100,700,123.20674542927078,-85,-85,-85,-85,1350,700,305.5547900736315,18.850027565135232,circular
798,1100,700,123.20674542927078,-85,-85,-85,-85,1350,700,324.40481763876676,18.850027565135232,circular
799,1100,700,123.20674542927078,-85,-85,-85,-85,1350,700,343.254845203902,18.850027565135232,circular
800,1100,700,123.20674542927078,-85,-85,-85,-85,1350,700,2.104872769037229,18.850027565135232,circular
801,1100,700,123.20674542927078,-85,-85,-85,-85,1350,700,20.95490033417246,18.850027565135232,circular
802,1100,700,123.20674542927078,-85,-85,-85,-85,1350,700,39.80492789930769,18.850027565135232,circular
803,1100,700,123.20674542927078,-85,-85,-85,-85,1350,700,58.65495546444292,18.850027565135232,circular
804,1100,700,123.20674542927078,-85,-85,-85,-85,1350,700,77.50498302957816,18.850027565135232,circular
805,1100,700,123.20674542927078,-85,-85,-85,-85,1350,700,96.35501059471339,18.850027565135232,circular
806,1100,700,123.20674542927078,-85,-85,-85,-85,1350,700,115.20503815984863,18.850027565135232,circular
807,1100,700,123.20674542927078,-85,-85,-85,-85,1350,700,134.05506572498385,18.850027565135232,circular
808,1100,700,123.20674542927078,-85,-85,-85,14.513447644213304,1350,700,152.90509329011908,18.850027565135232,circular
809,1100,700,123.20674542927078,-85,-85,23.769789312347285,24.33271141113945,1350,700,171.75512085525432,18.850027565135232,circular
810,1100,700,123.20674542927078,-85,-85,25.906018829630398,26.011117049096303,1350,700,190.60514842038955,18.850027565135232,circular
811,1100,700,123.20674542927078,-85,-85,25.807460623826316,25.684904084789977,1350,700,209.4551759855248,18.850027565135232,circular
812,1100,700,123.20674542927078,-85,-85,23.553218972269416,22.793695368992225,1350,700,228.30520355066002,18.850027565135232,circular
813,1100,700,123.20674542927078,-85,-85,-85,-85,1350,700,247.15523111579526,18.850027565135232,circular
814,1100,700,123.20674542927078,-85,-85,-85,-85,1350,700,266.00525868093047,18.850027565135232,circular
815,1100,700,123.20674542927078,-85,-85,-85,-85,1350,700,284.8552862460657,18.850027565135232,circular
816,1100,700,123.20674542927078,-85,-85,-85,-85,1350,700,303.70531381120094,18.850027565135232,circular
817,1100,700,123.20674542927078,-85,-85,-85,-85,1350,700,322.5553413763362,18.850027565135232,circular
818,1100,700,123.20674542927078,-85,-85,-85,-85,1350,700,341.4053689414714,18.850027565135232,circular
819,1100,700,123.20674542927078,-85,-85,-85,-85,1350,700,0.2553965066066439,18.850027565135232,circular
820,1100,700,123.20674542927078,-85,-85,-85,-85,1350,700,19.105424071741876,18.850027565135232,circular
821,1100,700,123.20674542927078,-85,-85,-85,-85,1350,700,37.95545163687711,18.850027565135232,circular
822,1100,700,123.20674542927078,-85,-85,-85,-85,1350,700,56.805479202012336,18.850027565135232,circular
823,1100,700,123.20674542927078,-85,-85,-85,-85,1350,700,75.65550676714757,18.850027565135232,circular
824,1100,700,123.20674542927078,-85,-85,-85,-85,1350,700,94.5055343322828,18.850027565135232,circular
825,1100,700,123.20674542927078,-85,-85,-85,-85,1350,700,113.35556189741804,18.850027565135232,circular
826,1100,700,123.20674542927078,-85,-85,-85,-85,1350,700,132.20558946255326,18.850027565135232,circular
827,1100,700,123.20674542927078,-85,-85,-85,-85,1350,700,151.0556170276885,18.850027565135232,circular
828,1100,700,123.20674542927078,-85,-85,23.31969953712386,23.971022246457757,1350,700,169.90564459282373,18.850027565135232,circular
829,1100,700,123.20674542927078,-85,-85,25.80746062382631,25.946643644493044,1350,700,188.75567215795897,18.850027565135232,circular
830,1100,700,123.20674542927078,-85,-85,25.906018829630398,25.7492610641292,1350,700,207.6056997230942,18.850027565135232,circular
831,1100,700,123.20674542927078,-85,-85,23.769789312347285,23.319699537123853,1350,700,226.45572728822944,18.850027565135232,circular
832,1100,700,123.20674542927078,-85,-85,-85,-85,1350,700,245.30575485336468,18.850027565135232,circular
833,1100,700,123.20674542927078,-85,-85,-85,-85,1350,700,264.1557824184999,18.850027565135232,circular
834,1100,700,123.20674542927078,-85,-85,-85,-85,1350,700,283.0058099836351,18.850027565135232,circular
835,1100,700,123.20674542927078,-85,-85,-85,-85,1350,700,301.85583754877035,18.850027565135232,circular
836,1100,700,123.20674542927078,-85,-85,-85,-85,1350,700,320.7058651139056,18.850027565135232,circular
837,1100,700,123.20674542927078,-85,-85,-85,-85,1350,700,339.5558926790408,18.850027565135232,circular
838,1100,700,123.20674542927078,-85,-85,-85,-85,1350,700,358.40592024417606,18.850027565135232,circular
839,1100,700,123.20674542927078,-85,-85,-85,-85,1350,700,17.255947809311294,18.850027565135232,circular
840,1100,700,123.20674542927078,-85,-85,-85,-85,1350,700,36.10597537444653,18.850027565135232,circular
841,1100,700,123.20674542927078,-85,-85,-85,-85,1350,700,54.956002939581765,18.850027565135232,circular
842,1100,700,123.20674542927078,-85,-85,-85,-85,1350,700,73.806030504717,18.850027565135232,circular
843,1100,700,123.20674542927078,-85,-85,-85,-85,1350,700,92.65605806985224,18.850027565135232,circular
844,1100,700,123.20674542927078,-85,-85,-85,-85,1350,700,111.50608563498747,18.850027565135232,circular
845,1100,700,123.20674542927078,-85,-85,-85,-85,1350,700,130.3561132001227,18.850027565135232,circular
846,1100,700,123.20674542927078,-85,-85,-85,-85,1350,700,149.20614076525794,18.850027565135232,circular
847,1100,700,123.20674542927078,-85,-85,22.793695368992218,23.553218972269416,1350,700,168.05616833039318,18.850027565135232,circular
848,1100,700,123.20674542927078,-85,-85,25.684904084789974,25.859665714847075,1350,700,186.9061958955284,18.850027565135232,circular
849,1100,700,123.20674542927078,-85,-85,25.9816463993744,25.859665714847075,1350,700,205.75622346066365,18.850027565135232,circular
850,1100,700,123.20674542927078,-85,-85,24.1582774269213,23.553218972269416,1350,700,224.60625102579888,18.850027565135232,circular
851,1100,700,123.20674542927078,-85,-85,11.50579409835762,-85,1350,700,243.45627859093412,18.850027565135232,circular
852,1100,700,123.20674542927078,-85,-85,-85,-85,1350,700,262.30630615606935,18.850027565135232,circular
853,1100,700,123.20674542927078,-85,-85,-85,-85,1350,700,281.1563337212046,18.850027565135232,circular
854,1100,700,123.20674542927078,-85,-85,-85,-85,1350,700,300.0063612863398,18.850027565135232,circular
855,1100,700,123.20674542927078,-85,-85,-85,-85,1350,700,318.85638885147506,18.850027565135232,circular
856,1100,700,123.20674542927078,-85,-85,-85,-85,1350,700,337.7064164166103,18.850027565135232,circular
857,1100,700,123.20674542927078,-85,-85,-85,-85,1350,700,356.55644398174553,18.850027565135232,circular
858,1100,700,123.20674542927078,-85,-85,-85,-85,1350,700,15.406471546880766,18.850027565135232,circular
859,1100,700,123.20674542927078,-85,-85,-85,-85,1350,700,34.256499112016,18.850027565135232,circular
860,1100,700,123.20674542927078,-85,-85,-85,-85,1350,700,53.10652667715124,18.850027565135232,circular
861,1100,700,123.20674542927078,-85,-85,-85,-85,1350,700,71.95655424228647,18.850027565135232,circular
862,1100,700,123.20674542927078,-85,-85,-85,-85,1350,700,90.80658180742171,18.850027565135232,circular
863,1100,700,123.20674542927078,-85,-85,-85,-85,1350,700,109.65660937255694,18.850027565135232,circular
864,1100,700,123.20674542927078,-85,-85,-85,-85,1350,700,128.50663693769218,18.850027565135232,circular
865,1100,700,123.20674542927078,-85,-85,-85,-85,1350,700,147.3566645028274,18.850027565135232,circular
866,1100,700,123.20674542927078,-85,-85,22.170735458799452,23.06730250275713,1350,700,166.20669206796265,18.850027565135232,circular
867,1100,700,123.20674542927078,-85,-85,25.536951728381826,25.7492610641292,1350,700,185.05671963309788,18.850027565135232,circular
868,1100,700,123.20674542927078,-85,-85,26.035130213615616,25.946643644493044,1350,700,203.90674719823312,18.850027565135232,circular
869,1100,700,123.20674542927078,-85,-85,24.495315191602927,23.97102224645776,1350,700,222.75677476336836,18.850027565135232,circular
870,1100,700,123.20674542927078,-85,-85,16.269948115724716,-85,1350,700,241.6068023285036,18.850027565135232,circular
871,1100,700,123.20674542927078,-85,-85,-85,-85,1350,700,260.4568298936388,18.850027565135232,circular
872,1100,700,123.20674542927078,-85,-85,-85,-85,1350,700,279.30685745877406,18.850027565135232,circular
873,1100,700,123.20674542927078,-85,-85,-85,-85,1350,700,298.1568850239093,18.850027565135232,circular
874,1100,700,123.20674542927078,-85,-85,-85,-85,1350,700,317.00691258904453,18.850027565135232,circular
875,1100,700,123.20674542927078,-85,-85,-85,-85,1350,700,335.85694015417977,18.850027565135232,circular
876,1100,700,123.20674542927078,-85,-85,-85,-85,1350,700,354.706967719315,18.850027565135232,circular
877,1100,700,123.20674542927078,-85,-85,-85,-85,1350,700,13.556995284450238,18.850027565135232,circular
878,1100,700,123.20674542927078,-85,-85,-85,-85,1350,700,32.40702284958547,18.850027565135232,circular
879,1100,700,123.20674542927078,-85,-85,-85,-85,1350,700,51.25705041472071,18.850027565135232,circular
880,1100,700,123.20674542927078,-85,-85,-85,-85,1350,700,70.10707797985594,18.850027565135232,circular
881,1100,700,123.20674542927078,-85,-85,-85,-85,1350,700,88.95710554499118,18.850027565135232,circular
882,1100,700,123.20674542927078,-85,-85,-85,-85,1350,700,107.80713311012641,18.850027565135232,circular
883,1100,700,123.20674542927078,-85,-85,-85,-85,1350,700,126.65716067526165,18.850027565135232,circular
884,1100,700,123.20674542927078,-85,-85,-85,-85,1350,700,145.50718824039689,18.850027565135232,circular
885,1100,700,123.20674542927078,-85,-85,21.813356630230874,22.496022074683278,1350,700,164.35721580553212,18.850027565135232,circular
886,1100,700,123.20674542927078,-85,-85,25.36180729449956,25.614204328866276,1350,700,183.20724337066736,18.850027565135232,circular
887,1100,700,123.20674542927078,-85,-85,26.067010357935978,26.011117049096303,1350,700,202.0572709358026,18.850027565135232,circular
888,1100,700,123.20674542927078,-85,-85,24.788337040832293,24.332711411139446,1350,700,220.90729850093783,18.850027565135232,circular
889,1100,700,123.20674542927078,-85,-85,18.474304759512954,14.513447644213265,1350,700,239.75732606607306,18.850027565135232,circular
890,1100,700,123.20674542927078,-85,-85,-85,-85,1350,700,258.6073536312083,18.850027565135232,circular
891,1100,700,123.20674542927078,-85,-85,-85,-85,1350,700,277.45738119634353,18.850027565135232,circular
892,1100,700,123.20674542927078,-85,-85,-85,-85,1350,700,296.30740876147877,18.850027565135232,circular
893,1100,700,123.20674542927078,-85,-85,-85,-85,1350,700,315.157436326614,18.850027565135232,circular
894,1100,700,123.20674542927078,-85,-85,-85,-85,1350,700,334.00746389174924,18.850027565135232,circular
895,1100,700,123.20674542927078,-85,-85,-85,-85,1350,700,352.8574914568845,18.850027565135232,circular
896,1100,700,123.20674542927078,-85,-85,-85,-85,1350,700,11.70751902201971,18.850027565135232,circular
897,1100,700,123.20674542927078,-85,-85,-85,-85,1350,700,30.557546587154942,18.850027565135232,circular
898,1100,700,123.20674542927078,-85,-85,-85,-85,1350,700,49.407574152290174,18.850027565135232,circular
899,1100,700,123.20674542927078,-85,-85,-85,-85,1350,700,68.2576017174254,18.850027565135232,circular
900,1100,700,123.20674542927078,-85,-85,-85,-85,1350,700,87.10762928256064,18.850027565135232,circular
901,1100,700,123.20674542927078,-85,-85,-85,-85,1350,700,105.95765684769587,18.850027565135232,circular
902,1100,700,123.20674542927078,-85,-85,-85,-85,1350,700,124.80768441283111,18.850027565135232,circular
903,1100,700,123.20674542927078,-85,-85,-85,-85,1350,700,143.65771197796633,18.850027565135232,circular
904,1100,700,123.20674542927078,-85,-85,20.97742610025734,21.813356630230874,1350,700,162.50773954310156,18.850027565135232,circular
905,1100,700,123.20674542927078,-85,-85,25.26334459461691,25.452908776355446,1350,700,181.3577671082368,18.850027565135232,circular
906,1100,700,123.20674542927078,-85,-85,26.077602459396946,26.053745949214605,1350,700,200.20779467337204,18.850027565135232,circular
907,1100,700,123.20674542927078,-85,-85,25.042923900792417,24.646943359767004,1350,700,219.05782223850727,18.850027565135232,circular
908,1100,700,123.20674542927078,-85,-85,19.914354227256315,17.51315549939211,1350,700,237.9078498036425,18.850027565135232,circular
909,1100,700,123.20674542927078,-85,-85,-85,-85,1350,700,256.7578773687777,18.850027565135232,circular
910,1100,700,123.20674542927078,-85,-85,-85,-85,1350,700,275.60790493391295,18.850027565135232,circular
911,1100,700,123.20674542927078,-85,-85,-85,-85,1350,700,294.4579324990482,18.850027565135232,circular
912,1100,700,123.20674542927078,-85,-85,-85,-85,1350,700,313.3079600641834,18.850027565135232,circular
913,1100,700,123.20674542927078,-85,-85,-85,-85,1350,700,332.15798762931865,18.850027565135232,circular
914,1100,700,123.20674542927078,-85,-85,-85,-85,1350,700,351.0080151944539,18.850027565135232,circular
915,1100,700,123.20674542927078,-85,-85,-85,-85,1350,700,9.858042759589125,18.850027565135232,circular
916,1100,700,123.20674542927078,-85,-85,-85,-85,1350,700,28.708070324724357,18.850027565135232,circular
917,1100,700,123.20674542927078,-85,-85,-85,-85,1350,700,47.55809788985959,18.850027565135232,circular
918,1100,700,123.20674542927078,-85,-85,-85,-85,1350,700,66.40812545499482,18.850027565135232,circular
919,1100,700,123.20674542927078,-85,-85,-85,-85,1350,700,85.25815302013005,18.850027565135232,circular
920,1100,700,123.20674542927078,-85,-85,-85,-85,1350,700,104.10818058526529,18.850027565135232,circular
921,1100,700,123.20674542927078,-85,-85,-85,-85,1350,700,122.95820815040052,18.850027565135232,circular
922,1100,700,123.20674542927078,-85,-85,-85,-85,1350,700,141.80823571553574,18.850027565135232,circular
923,1100,700,123.20674542927078,-85,-85,19.91435422725632,21.41811930585211,1350,700,160.65826328067098,18.850027565135232,circular
924,1100,700,123.20674542927078,-85,-85,25.042923900792417,25.26334459461691,1350,700,179.50829084580621,18.850027565135232,circular
925,1100,700,123.20674542927078,-85,-85,26.077602459396946,26.074956048612798,1350,700,198.35831841094145,18.850027565135232,circular
926,1100,700,123.20674542927078,-85,-85,25.263344594616918,24.92014212493214,1350,700,217.20834597607669,18.850027565135232,circular
927,1100,700,123.20674542927078,-85,-85,20.97742610025735,19.25639156218219,1350,700,236.05837354121192,18.850027565135232,circular
928,1100,700,123.20674542927078,-85,-85,-85,-85,1350,700,254.90840110634716,18.850027565135232,circular
929,1100,700,123.20674542927078,-85,-85,-85,-85,1350,700,273.75842867148236,18.850027565135232,circular
930,1100,700,123.20674542927078,-85,-85,-85,-85,1350,700,292.6084562366176,18.850027565135232,circular
931,1100,700,123.20674542927078,-85,-85,-85,-85,1350,700,311.45848380175283,18.850027565135232,circular
932,1100,700,123.20674542927078,-85,-85,-85,-85,1350,700,330.30851136688807,18.850027565135232,circular
933,1100,700,123.20674542927078,-85,-85,-85,-85,1350,700,349.1585389320233,18.850027565135232,circular
934,1100,700,123.20674542927078,-85,-85,-85,-85,1350,700,8.00856649715854,18.850027565135232,circular
935,1100,700,123.20674542927078,-85,-85,-85,-85,1350,700,26.858594062293772,18.850027565135232,circular
936,1100,700,123.20674542927078,-85,-85,-85,-85,1350,700,45.708621627429004,18.850027565135232,circular
937,1100,700,123.20674542927078,-85,-85,-85,-85,1350,700,64.55864919256423,18.850027565135232,circular
938,1100,700,123.20674542927078,-85,-85,-85,-85,1350,700,83.40867675769947,18.850027565135232,circular
939,1100,700,123.20674542927078,-85,-85,-85,-85,1350,700,102.2587043228347,18.850027565135232,circular
940,1100,700,123.20674542927078,-85,-85,-85,-85,1350,700,121.10873188796994,18.850027565135232,circular
941,1100,700,123.20674542927078,-85,-85,-85,-85,1350,700,139.95875945310516,18.850027565135232,circular
942,1100,700,123.20674542927078,-85,-85,18.47430475951294,20.48098321025059,1350,700,158.8087870182404,18.850027565135232,circular
943,1100,700,123.20674542927078,-85,-85,24.78833704083229,25.157178905256924,1350,700,177.65881458337563,18.850027565135232,circular
944,1100,700,123.20674542927078,-85,-85,26.067010357935978,26.077602459396946,1350,700,196.50884214851087,18.850027565135232,circular
945,1100,700,123.20674542927078,-85,-85,25.361807294499556,25.157178905256924,1350,700,215.3588697136461,18.850027565135232,circular
946,1100,700,123.20674542927078,-85,-85,21.81335663023087,20.48098321025059,1350,700,234.20889727878134,18.850027565135232,circular
947,1100,700,123.20674542927078,-85,-85,-85,-85,1350,700,253.05892484391657,18.850027565135232,circular
948,1100,700,123.20674542927078,-85,-85,-85,-85,1350,700,271.9089524090518,18.850027565135232,circular
949,1100,700,123.20674542927078,-85,-85,-85,-85,1350,700,290.758979974187,18.850027565135232,circular
950,1100,700,123.20674542927078,-85,-85,-85,-85,1350,700,309.60900753932225,18.850027565135232,circular
951,1100,700,123.20674542927078,-85,-85,-85,-85,1350,700,328.4590351044575,18.850027565135232,circular
952,1100,700,123.20674542927078,-85,-85,-85,-85,1350,700,347.3090626695927,18.850027565135232,circular
953,1100,700,123.20674542927078,-85,-85,-85,-85,1350,700,6.159090234727955,18.850027565135232,circular
954,1100,700,123.20674542927078,-85,-85,-85,-85,1350,700,25.009117799863187,18.850027565135232,circular
955,1100,700,123.20674542927078,-85,-85,-85,-85,1350,700,43.85914536499842,18.850027565135232,circular
956,1100,700,123.20674542927078,-85,-85,-85,-85,1350,700,62.70917293013365,18.850027565135232,circular
957,1100,700,123.20674542927078,-85,-85,-85,-85,1350,700,81.55920049526888,18.850027565135232,circular
958,1100,700,123.20674542927078,-85,-85,-85,-85,1350,700,100.40922806040412,18.850027565135232,circular
959,1100,700,123.20674542927078,-85,-85,-85,-85,1350,700,119.25925562553935,18.850027565135232,circular
960,1100,700,123.20674542927078,-85,-85,-85,-85,1350,700,138.10928319067457,18.850027565135232,circular
961,1100,700,123.20674542927078,-85,-85,16.269948115724727,19.25639156218217,1350,700,156.9593107558098,18.850027565135232,circular
962,1100,700,123.20674542927078,-85,-85,24.495315191602927,24.92014212493214,1350,700,175.80933832094505,18.850027565135232,circular
963,1100,700,123.20674542927078,-85,-85,26.035130213615616,26.074956048612798,1350,700,194.65936588608028,18.850027565135232,circular
964,1100,700,123.20674542927078,-85,-85,25.536951728381826,25.361807294499556,1350,700,213.50939345121552,18.850027565135232,circular
965,1100,700,123.20674542927078,-85,-85,22.170735458799452,21.418119305852123,1350,700,232.35942101635075,18.850027565135232,circular
966,1100,700,123.20674542927078,-85,-85,-85,-85,1350,700,251.209448581486,18.850027565135232,circular
967,1100,700,123.20674542927078,-85,-85,-85,-85,1350,700,270.0594761466212,18.850027565135232,circular
968,1100,700,123.20674542927078,-85,-85,-85,-85,1350,700,288.90950371175643,18.850027565135232,circular
969,1100,700,123.20674542927078,-85,-85,-85,-85,1350,700,307.75953127689166,18.850027565135232,circular
970,1100,700,123.20674542927078,-85,-85,-85,-85,1350,700,326.6095588420269,18.850027565135232,circular
971,1100,700,123.20674542927078,-85,-85,-85,-85,1350,700,345.45958640716213,18.850027565135232,circular
972,1100,700,123.20674542927078,-85,-85,-85,-85,1350,700,4.30961397229737,18.850027565135232,circular
973,1100,700,123.20674542927078,-85,-85,-85,-85,1350,700,23.159641537432602,18.850027565135232,circular
974,1100,700,123.20674542927078,-85,-85,-85,-85,1350,700,42.009669102567834,18.850027565135232,circular
975,1100,700,123.20674542927078,-85,-85,-85,-85,1350,700,60.85969666770306,18.850027565135232,circular
976,1100,700,123.20674542927078,-85,-85,-85,-85,1350,700,79.7097242328383,18.850027565135232,circular
977,1100,700,123.20674542927078,-85,-85,-85,-85,1350,700,98.55975179797353,18.850027565135232,circular
978,1100,700,123.20674542927078,-85,-85,-85,-85,1350,700,117.40977936310877,18.850027565135232,circular
979,1100,700,123.20674542927078,-85,-85,-85,-85,1350,700,136.259806928244,18.850027565135232,circular
980,1100,700,123.20674542927078,-85,-85,11.505794098357505,17.513155499392102,1350,700,155.10983449337922,18.850027565135232,circular
981,1100,700,123.20674542927078,-85,-85,24.1582774269213,24.646943359767004,1350,700,173.95986205851446,18.850027565135232,circular
982,1100,700,123.20674542927078,-85,-85,25.9816463993744,26.053745949214605,1350,700,192.8098896236497,18.850027565135232,circular
983,1100,700,123.20674542927078,-85,-85,25.684904084789977,25.452908776355446,1350,700,211.65991718878493,18.850027565135232,circular
984,1100,700,123.20674542927078,-85,-85,22.793695368992225,22.170735458799452,1350,700,230.50994475392017,18.850027565135232,circular
985,1100,700,123.20674542927078,-85,-85,-85,-85,1350,700,249.3599723190554,18.850027565135232,circular
986,1100,700,123.20674542927078,-85,-85,-85,-85,1350,700,268.2099998841906,18.850027565135232,circular
987,1100,700,123.20674542927078,-85,-85,-85,-85,1350,700,287.06002744932584,18.850027565135232,circular
988,1100,700,123.20674542927078,-85,-85,-85,-85,1350,700,305.9100550144611,18.850027565135232,circular
989,1100,700,123.20674542927078,-85,-85,-85,-85,1350,700,324.7600825795963,18.850027565135232,circular
990,1100,700,123.20674542927078,-85,-85,-85,-85,1350,700,343.61011014473155,18.850027565135232,circular
991,1100,700,123.20674542927078,-85,-85,-85,-85,1350,700,2.4601377098667854,18.850027565135232,circular
992,1100,700,123.20674542927078,-85,-85,-85,-85,1350,700,21.310165275002017,18.850027565135232,circular
993,1100,700,123.20674542927078,-85,-85,-85,-85,1350,700,40.16019284013725,18.850027565135232,circular
994,1100,700,123.20674542927078,-85,-85,-85,-85,1350,700,59.01022040527248,18.850027565135232,circular
995,1100,700,123.20674542927078,-85,-85,-85,-85,1350,700,77.86024797040771,18.850027565135232,circular
996,1100,700,123.20674542927078,-85,-85,-85,-85,1350,700,96.71027553554295,18.850027565135232,circular
997,1100,700,123.20674542927078,-85,-85,-85,-85,1350,700,115.56030310067818,18.850027565135232,circular
998,1100,700,123.20674542927078,-85,-85,-85,-85,1350,700,134.4103306658134,18.850027565135232,circular
999,1100,700,123.20674542927078,-85,-85,-85,14.513447644213304,1350,700,153.26035823094864,18.850027565135232,circular
