Tick,Aircraft X,Aircraft Y,Aircraft Heading,A1,A2,A3,A4,Radar X,Radar Y,Radar Azimuth,Radar RPM,Radar Scan Pattern
0,1100,700,90.59313247488392,-85,-85,-85,-85,1350,700,312.2939835266483,9.505344641460416,circular
1,1100,700,90.59313247488392,-85,-85,-85,-85,1350,700,321.7993281681087,9.505344641460416,circular
2,1100,700,90.59313247488392,-85,-85,-85,-85,1350,700,331.30467280956907,9.505344641460416,circular
3,1100,700,90.59313247488392,-85,-85,-85,-85,1350,700,340.81001745102947,9.505344641460416,circular
4,1100,700,90.59313247488392,-85,-85,-85,-85,1350,700,350.31536209248986,9.505344641460416,circular
5,1100,700,90.59313247488392,-85,-85,-85,-85,1350,700,359.82070673395026,9.505344641460416,circular
6,1100,700,90.59313247488392,-85,-85,-85,-85,1350,700,9.326051375410657,9.505344641460416,circular
7,1100,700,90.59313247488392,-85,-85,-85,-85,1350,700,18.831396016871075,9.505344641460416,circular
8,1100,700,90.59313247488392,-85,-85,-85,-85,1350,700,28.336740658331493,9.505344641460416,circular
9,1100,700,90.59313247488392,-85,-85,-85,-85,1350,700,37.84208529979191,9.505344641460416,circular
10,1100,700,90.59313247488392,-85,-85,-85,-85,1350,700,47.34742994125233,9.505344641460416,circular
11,1100,700,90.59313247488392,-85,-85,-85,-85,1350,700,56.85277458271275,9.505344641460416,circular
12,1100,700,90.59313247488392,-85,-85,-85,-85,1350,700,66.35811922417317,9.505344641460416,circular
13,1100,700,90.59313247488392,-85,-85,-85,-85,1350,700,75.86346386563358,9.505344641460416,circular
14,1100,700,90.59313247488392,-85,-85,-85,-85,1350,700,85.36880850709399,9.505344641460416,circular
15,1100,700,90.59313247488392,-85,-85,-85,-85,1350,700,94.8741531485544,9.505344641460416,circular
16,1100,700,90.59313247488392,-85,-85,-85,-85,1350,700,104.37949779001481,9.505344641460416,circular
17,1100,700,90.59313247488392,-85,-85,-85,-85,1350,700,113.88484243147522,9.505344641460416,circular
18,1100,700,90.59313247488392,-85,-85,-85,-85,1350,700,123.39018707293563,9.505344641460416,circular
19,1100,700,90.59313247488392,-85,-85,-85,-85,1350,700,132.89553171439604,9.505344641460416,circular
20,1100,700,90.59313247488392,-85,-85,-85,-85,1350,700,142.40087635585647,9.505344641460416,circular
21,1100,700,90.59313247488392,-85,-85,19.25639156218217,21.41811930585211,1350,700,151.9062209973169,9.505344641460416,circular
22,1100,700,90.59313247488392,-85,-85,23.31969953712386,23.971022246457757,1350,700,161.41156563877732,9.505344641460416,circular
23,1100,700,90.59313247488392,-85,-85,24.92014212493214,25.36180729449956,1350,700,170.91691028023774,9.505344641460416,circular
24,1100,700,90.59313247488392,-85,-85,25.80746062382631,25.946643644493044,1350,700,180.42225492169817,9.505344641460416,circular
25,1100,700,90.59313247488392,-85,-85,26.074956048612798,26.067010357935978,1350,700,189.9275995631586,9.505344641460416,circular
26,1100,700,90.59313247488392,-85,-85,25.906018829630398,25.7492610641292,1350,700,199.43294420461902,9.505344641460416,circular
27,1100,700,90.59313247488392,-85,-85,25.263344594616918,24.788337040832293,1350,700,208.93828884607944,9.505344641460416,circular
28,1100,700,90.59313247488392,-85,-85,23.769789312347285,23.067302502757133,1350,700,218.44363348753987,9.505344641460416,circular
29,1100,700,90.59313247488392,-85,-85,20.97742610025735,18.474304759512954,1350,700,227.9489781290003,9.505344641460416,circular
30,1100,700,90.59313247488392,-85,-85,-85,-85,1350,700,237.45432277046072,9.505344641460416,circular
31,1100,700,90.59313247488392,-85,-85,-85,-85,1350,700,246.95966741192115,9.505344641460416,circular
32,1100,700,90.59313247488392,-85,-85,-85,-85,1350,700,256.46501205338154,9.505344641460416,circular
33,1100,700,90.59313247488392,-85,-85,-85,-85,1350,700,265.97035669484194,9.505344641460416,circular
34,1100,700,90.59313247488392,-85,-85,-85,-85,1350,700,275.47570133630234,9.505344641460416,circular
35,1100,700,90.59313247488392,-85,-85,-85,-85,1350,700,284.98104597776273,9.505344641460416,circular
36,1100,700,90.59313247488392,-85,-85,-85,-85,1350,700,294.48639061922313,9.505344641460416,circular
37,1100,700,90.59313247488392,-85,-85,-85,-85,1350,700,303.9917352606835,9.505344641460416,circular
38,1100,700,90.59313247488392,-85,-85,-85,-85,1350,700,313.4970799021439,9.505344641460416,circular
39,1100,700,90.59313247488392,-85,-85,-85,-85,1350,700,323.0024245436043,9.505344641460416,circular
40,1100,700,90.59313247488392,-85,-85,-85,-85,1350,700,332.5077691850647,9.505344641460416,circular
41,1100,700,90.59313247488392,-85,-85,-85,-85,1350,700,342.0131138265251,9.505344641460416,circular
42,1100,700,90.59313247488392,-85,-85,-85,-85,1350,700,351.5184584679855,9.505344641460416,circular
43,1100,700,90.59313247488392,-85,-85,-85,-85,1350,700,1.0238031094459075,9.505344641460416,circular
44,1100,700,90.59313247488392,-85,-85,-85,-85,1350,700,10.529147750906324,9.505344641460416,circular
45,1100,700,90.59313247488392,-85,-85,-85,-85,1350,700,20.03449239236674,9.505344641460416,circular
46,1100,700,90.59313247488392,-85,-85,-85,-85,1350,700,29.539837033827155,9.505344641460416,circular
47,1100,700,90.59313247488392,-85,-85,-85,-85,1350,700,39.04518167528757,9.505344641460416,circular
48,1100,700,90.59313247488392,-85,-85,-85,-85,1350,700,48.55052631674799,9.505344641460416,circular
49,1100,700,90.59313247488392,-85,-85,-85,-85,1350,700,58.05587095820841,9.505344641460416,circular
50,1100,700,90.59313247488392,-85,-85,-85,-85,1350,700,67.56121559966883,9.505344641460416,circular
51,1100,700,90.59313247488392,-85,-85,-85,-85,1350,700,77.06656024112924,9.505344641460416,circular
52,1100,700,90.59313247488392,-85,-85,-85,-85,1350,700,86.57190488258965,9.505344641460416,circular
53,1100,700,90.59313247488392,-85,-85,-85,-85,1350,700,96.07724952405006,9.505344641460416,circular
54,1100,700,90.59313247488392,-85,-85,-85,-85,1350,700,105.58259416551047,9.505344641460416,circular
55,1100,700,90.59313247488392,-85,-85,-85,-85,1350,700,115.08793880697088,9.505344641460416,circular
56,1100,700,90.59313247488392,-85,-85,-85,-85,1350,700,124.5932834484313,9.505344641460416,circular
57,1100,700,90.59313247488392,-85,-85,-85,-85,1350,700,134.09862808989172,9.505344641460416,circular
58,1100,700,90.59313247488392,-85,-85,-85,11.505794098357505,1350,700,143.60397273135214,9.505344641460416,circular
59,1100,700,90.59313247488392,-85,-85,19.91435422725632,21.813356630230874,1350,700,153.10931737281257,9.505344641460416,circular
60,1100,700,90.59313247488392,-85,-85,23.553218972269416,24.1582774269213,1350,700,162.614662014273,9.505344641460416,circular
61,1100,700,90.59313247488392,-85,-85,25.042923900792417,25.452908776355446,1350,700,172.12000665573342,9.505344641460416,circular
62,1100,700,90.59313247488392,-85,-85,25.859665714847075,25.9816463993744,1350,700,181.62535129719384,9.505344641460416,circular
63,1100,700,90.59313247488392,-85,-85,26.077602459396946,26.053745949214605,1350,700,191.13069593865427,9.505344641460416,circular
64,1100,700,90.59313247488392,-85,-85,25.859665714847075,25.684904084789977,1350,700,200.6360405801147,9.505344641460416,circular
65,1100,700,90.59313247488392,-85,-85,25.157178905256924,24.646943359767004,1350,700,210.14138522157512,9.505344641460416,circular
66,1100,700,90.59313247488392,-85,-85,23.553218972269416,22.793695368992225,1350,700,219.64672986303555,9.505344641460416,circular
67,1100,700,90.59313247488392,-85,-85,20.48098321025059,17.51315549939211,1350,700,229.15207450449597,9.505344641460416,circular
68,1100,700,90.59313247488392,-85,-85,-85,-85,1350,700,238.6574191459564,9.505344641460416,circular
69,1100,700,90.59313247488392,-85,-85,-85,-85,1350,700,248.16276378741682,9.505344641460416,circular
70,1100,700,90.59313247488392,-85,-85,-85,-85,1350,700,257.66810842887725,9.505344641460416,circular
71,1100,700,90.59313247488392,-85,-85,-85,-85,1350,700,267.17345307033764,9.505344641460416,circular
72,1100,700,90.59313247488392,-85,-85,-85,-85,1350,700,276.67879771179804,9.505344641460416,circular
73,1100,700,90.59313247488392,-85,-85,-85,-85,1350,700,286.18414235325844,9.505344641460416,circular
74,1100,700,90.59313247488392,-85,-85,-85,-85,1350,700,295.68948699471883,9.505344641460416,circular
75,1100,700,90.59313247488392,-85,-85,-85,-85,1350,700,305.19483163617923,9.505344641460416,circular
76,1100,700,90.59313247488392,-85,-85,-85,-85,1350,700,314.7001762776396,9.505344641460416,circular
77,1100,700,90.59313247488392,-85,-85,-85,-85,1350,700,324.2055209191,9.505344641460416,circular
78,1100,700,90.59313247488392,-85,-85,-85,-85,1350,700,333.7108655605604,9.505344641460416,circular
79,1100,700,90.59313247488392,-85,-85,-85,-85,1350,700,343.2162102020208,9.505344641460416,circular
80,1100,700,90.59313247488392,-85,-85,-85,-85,1350,700,352.7215548434812,9.505344641460416,circular
81,1100,700,90.59313247488392,-85,-85,-85,-85,1350,700,2.2268994849416117,9.505344641460416,circular
82,1100,700,90.59313247488392,-85,-85,-85,-85,1350,700,11.732244126402028,9.505344641460416,circular
83,1100,700,90.59313247488392,-85,-85,-85,-85,1350,700,21.237588767862444,9.505344641460416,circular
84,1100,700,90.59313247488392,-85,-85,-85,-85,1350,700,30.74293340932286,9.505344641460416,circular
85,1100,700,90.59313247488392,-85,-85,-85,-85,1350,700,40.24827805078328,9.505344641460416,circular
86,1100,700,90.59313247488392,-85,-85,-85,-85,1350,700,49.753622692243695,9.505344641460416,circular
87,1100,700,90.59313247488392,-85,-85,-85,-85,1350,700,59.25896733370411,9.505344641460416,circular
88,1100,700,90.59313247488392,-85,-85,-85,-85,1350,700,68.76431197516453,9.505344641460416,circular
89,1100,700,90.59313247488392,-85,-85,-85,-85,1350,700,78.26965661662494,9.505344641460416,circular
90,1100,700,90.59313247488392,-85,-85,-85,-85,1350,700,87.77500125808535,9.505344641460416,circular
91,1100,700,90.59313247488392,-85,-85,-85,-85,1350,700,97.28034589954576,9.505344641460416,circular
92,1100,700,90.59313247488392,-85,-85,-85,-85,1350,700,106.78569054100618,9.505344641460416,circular
93,1100,700,90.59313247488392,-85,-85,-85,-85,1350,700,116.29103518246659,9.505344641460416,circular
94,1100,700,90.59313247488392,-85,-85,-85,-85,1350,700,125.796379823927,9.505344641460416,circular
95,1100,700,90.59313247488392,-85,-85,-85,-85,1350,700,135.30172446538742,9.505344641460416,circular
96,1100,700,90.59313247488392,-85,-85,-85,14.513447644213304,1350,700,144.80706910684785,9.505344641460416,circular
97,1100,700,90.59313247488392,-85,-85,20.97742610025734,22.170735458799452,1350,700,154.31241374830827,9.505344641460416,circular
98,1100,700,90.59313247488392,-85,-85,23.769789312347285,24.33271141113945,1350,700,163.8177583897687,9.505344641460416,circular
99,1100,700,90.59313247488392,-85,-85,25.26334459461691,25.536951728381826,1350,700,173.32310303122912,9.505344641460416,circular
100,1100,700,90.59313247488392,-85,-85,25.906018829630398,26.035130213615616,1350,700,182.82844767268955,9.505344641460416,circular
101,1100,700,90.59313247488392,-85,-85,26.074956048612798,26.035130213615616,1350,700,192.33379231414997,9.505344641460416,circular
102,1100,700,90.59313247488392,-85,-85,25.807460623826316,25.536951728381826,1350,700,201.8391369556104,9.505344641460416,circular
103,1100,700,90.59313247488392,-85,-85,24.92014212493214,24.495315191602927,1350,700,211.34448159707082,9.505344641460416,circular
104,1100,700,90.59313247488392,-85,-85,23.319699537123853,22.170735458799452,1350,700,220.84982623853125,9.505344641460416,circular
105,1100,700,90.59313247488392,-85,-85,19.25639156218219,16.269948115724716,1350,700,230.35517087999168,9.505344641460416,circular
106,1100,700,90.59313247488392,-85,-85,-85,-85,1350,700,239.8605155214521,9.505344641460416,circular
107,1100,700,90.59313247488392,-85,-85,-85,-85,1350,700,249.36586016291253,9.505344641460416,circular
108,1100,700,90.59313247488392,-85,-85,-85,-85,1350,700,258.87120480437295,9.505344641460416,circular
109,1100,700,90.59313247488392,-85,-85,-85,-85,1350,700,268.37654944583335,9.505344641460416,circular
110,1100,700,90.59313247488392,-85,-85,-85,-85,1350,700,277.88189408729374,9.505344641460416,circular
111,1100,700,90.59313247488392,-85,-85,-85,-85,1350,700,287.38723872875414,9.505344641460416,circular
112,1100,700,90.59313247488392,-85,-85,-85,-85,1350,700,296.89258337021454,9.505344641460416,circular
113,1100,700,90.59313247488392,-85,-85,-85,-85,1350,700,306.39792801167494,9.505344641460416,circular
114,1100,700,90.59313247488392,-85,-85,-85,-85,1350,700,315.90327265313533,9.505344641460416,circular
115,1100,700,90.59313247488392,-85,-85,-85,-85,1350,700,325.40861729459573,9.505344641460416,circular
116,1100,700,90.59313247488392,-85,-85,-85,-85,1350,700,334.9139619360561,9.505344641460416,circular
117,1100,700,90.59313247488392,-85,-85,-85,-85,1350,700,344.4193065775165,9.505344641460416,circular
118,1100,700,90.59313247488392,-85,-85,-85,-85,1350,700,353.9246512189769,9.505344641460416,circular
119,1100,700,90.59313247488392,-85,-85,-85,-85,1350,700,3.429995860437316,9.505344641460416,circular
120,1100,700,90.59313247488392,-85,-85,-85,-85,1350,700,12.935340501897732,9.505344641460416,circular
121,1100,700,90.59313247488392,-85,-85,-85,-85,1350,700,22.44068514335815,9.505344641460416,circular
122,1100,700,90.59313247488392,-85,-85,-85,-85,1350,700,31.946029784818563,9.505344641460416,circular
123,1100,700,90.59313247488392,-85,-85,-85,-85,1350,700,41.45137442627898,9.505344641460416,circular
124,1100,700,90.59313247488392,-85,-85,-85,-85,1350,700,50.9567190677394,9.505344641460416,circular
125,1100,700,90.59313247488392,-85,-85,-85,-85,1350,700,60.46206370919982,9.505344641460416,circular
126,1100,700,90.59313247488392,-85,-85,-85,-85,1350,700,69.96740835066024,9.505344641460416,circular
127,1100,700,90.59313247488392,-85,-85,-85,-85,1350,700,79.47275299212065,9.505344641460416,circular
128,1100,700,90.59313247488392,-85,-85,-85,-85,1350,700,88.97809763358106,9.505344641460416,circular
129,1100,700,90.59313247488392,-85,-85,-85,-85,1350,700,98.48344227504147,9.505344641460416,circular
130,1100,700,90.59313247488392,-85,-85,-85,-85,1350,700,107.98878691650188,9.505344641460416,circular
131,1100,700,90.59313247488392,-85,-85,-85,-85,1350,700,117.49413155796229,9.505344641460416,circular
132,1100,700,90.59313247488392,-85,-85,-85,-85,1350,700,126.9994761994227,9.505344641460416,circular
133,1100,700,90.59313247488392,-85,-85,-85,-85,1350,700,136.50482084088313,9.505344641460416,circular
134,1100,700,90.59313247488392,-85,-85,-85,17.513155499392102,1350,700,146.01016548234355,9.505344641460416,circular
135,1100,700,90.59313247488392,-85,-85,21.41811930585211,22.496022074683278,1350,700,155.51551012380398,9.505344641460416,circular
136,1100,700,90.59313247488392,-85,-85,23.971022246457757,24.646943359767004,1350,700,165.0208547652644,9.505344641460416,circular
137,1100,700,90.59313247488392,-85,-85,25.36180729449956,25.614204328866276,1350,700,174.52619940672483,9.505344641460416,circular
138,1100,700,90.59313247488392,-85,-85,25.946643644493044,26.053745949214605,1350,700,184.03154404818525,9.505344641460416,circular
139,1100,700,90.59313247488392,-85,-85,26.067010357935978,26.011117049096303,1350,700,193.53688868964568,9.505344641460416,circular
140,1100,700,90.59313247488392,-85,-85,25.7492610641292,25.452908776355446,1350,700,203.0422333311061,9.505344641460416,circular
141,1100,700,90.59313247488392,-85,-85,24.788337040832293,24.332711411139446,1350,700,212.54757797256653,9.505344641460416,circular
142,1100,700,90.59313247488392,-85,-85,23.067302502757133,21.81335663023087,1350,700,222.05292261402695,9.505344641460416,circular
143,1100,700,90.59313247488392,-85,-85,18.474304759512954,14.513447644213265,1350,700,231.55826725548738,9.505344641460416,circular
144,1100,700,90.59313247488392,-85,-85,-85,-85,1350,700,241.0636118969478,9.505344641460416,circular
145,1100,700,90.59313247488392,-85,-85,-85,-85,1350,700,250.56895653840823,9.505344641460416,circular
146,1100,700,90.59313247488392,-85,-85,-85,-85,1350,700,260.07430117986866,9.505344641460416,circular
147,1100,700,90.59313247488392,-85,-85,-85,-85,1350,700,269.57964582132905,9.505344641460416,circular
148,1100,700,90.59313247488392,-85,-85,-85,-85,1350,700,279.08499046278945,9.505344641460416,circular
149,1100,700,90.59313247488392,-85,-85,-85,-85,1350,700,288.59033510424985,9.505344641460416,circular
150,1100,700,90.59313247488392,-85,-85,-85,-85,1350,700,298.09567974571024,9.505344641460416,circular
151,1100,700,90.59313247488392,-85,-85,-85,-85,1350,700,307.60102438717064,9.505344641460416,circular
152,1100,700,90.59313247488392,-85,-85,-85,-85,1350,700,317.10636902863104,9.505344641460416,circular
153,1100,700,90.59313247488392,-85,-85,-85,-85,1350,700,326.61171367009143,9.505344641460416,circular
154,1100,700,90.59313247488392,-85,-85,-85,-85,1350,700,336.11705831155183,9.505344641460416,circular
155,1100,700,90.59313247488392,-85,-85,-85,-85,1350,700,345.6224029530122,9.505344641460416,circular
156,1100,700,90.59313247488392,-85,-85,-85,-85,1350,700,355.1277475944726,9.505344641460416,circular
157,1100,700,90.59313247488392,-85,-85,-85,-85,1350,700,4.63309223593302,9.505344641460416,circular
158,1100,700,90.59313247488392,-85,-85,-85,-85,1350,700,14.138436877393437,9.505344641460416,circular
159,1100,700,90.59313247488392,-85,-85,-85,-85,1350,700,23.643781518853853,9.505344641460416,circular
160,1100,700,90.59313247488392,-85,-85,-85,-85,1350,700,33.14912616031427,9.505344641460416,circular
161,1100,700,90.59313247488392,-85,-85,-85,-85,1350,700,42.654470801774686,9.505344641460416,circular
162,1100,700,90.59313247488392,-85,-85,-85,-85,1350,700,52.159815443235104,9.505344641460416,circular
163,1100,700,90.59313247488392,-85,-85,-85,-85,1350,700,61.66516008469552,9.505344641460416,circular
164,1100,700,90.59313247488392,-85,-85,-85,-85,1350,700,71.17050472615594,9.505344641460416,circular
165,1100,700,90.59313247488392,-85,-85,-85,-85,1350,700,80.67584936761635,9.505344641460416,circular
166,1100,700,90.59313247488392,-85,-85,-85,-85,1350,700,90.18119400907676,9.505344641460416,circular
167,1100,700,90.59313247488392,-85,-85,-85,-85,1350,700,99.68653865053717,9.505344641460416,circular
168,1100,700,90.59313247488392,-85,-85,-85,-85,1350,700,109.19188329199758,9.505344641460416,circular
169,1100,700,90.59313247488392,-85,-85,-85,-85,1350,700,118.697227933458,9.505344641460416,circular
170,1100,700,90.59313247488392,-85,-85,-85,-85,1350,700,128.2025725749184,9.505344641460416,circular
171,1100,700,90.59313247488392,-85,-85,-85,-85,1350,700,137.70791721637883,9.505344641460416,circular
172,1100,700,90.59313247488392,-85,-85,14.513447644213304,18.47430475951294,1350,700,147.21326185783926,9.505344641460416,circular
173,1100,700,90.59313247488392,-85,-85,21.813356630230874,22.793695368992218,1350,700,156.71860649929968,9.505344641460416,circular
174,1100,700,90.59313247488392,-85,-85,24.33271141113945,24.78833704083229,1350,700,166.2239511407601,9.505344641460416,circular
175,1100,700,90.59313247488392,-85,-85,25.452908776355446,25.684904084789974,1350,700,175.72929578222053,9.505344641460416,circular
176,1100,700,90.59313247488392,-85,-85,26.011117049096303,26.067010357935978,1350,700,185.23464042368096,9.505344641460416,circular
177,1100,700,90.59313247488392,-85,-85,26.053745949214605,25.9816463993744,1350,700,194.73998506514138,9.505344641460416,circular
178,1100,700,90.59313247488392,-85,-85,25.614204328866276,25.361807294499556,1350,700,204.2453297066018,9.505344641460416,circular
179,1100,700,90.59313247488392,-85,-85,24.646943359767004,24.1582774269213,1350,700,213.75067434806223,9.505344641460416,circular
180,1100,700,90.59313247488392,-85,-85,22.496022074683278,21.418119305852123,1350,700,223.25601898952266,9.505344641460416,circular
181,1100,700,90.59313247488392,-85,-85,17.51315549939211,11.50579409835762,1350,700,232.76136363098308,9.505344641460416,circular
182,1100,700,90.59313247488392,-85,-85,-85,-85,1350,700,242.2667082724435,9.505344641460416,circular
183,1100,700,90.59313247488392,-85,-85,-85,-85,1350,700,251.77205291390393,9.505344641460416,circular
184,1100,700,90.59313247488392,-85,-85,-85,-85,1350,700,261.27739755536436,9.505344641460416,circular
185,1100,700,90.59313247488392,-85,-85,-85,-85,1350,700,270.78274219682476,9.505344641460416,circular
186,1100,700,90.59313247488392,-85,-85,-85,-85,1350,700,280.28808683828515,9.505344641460416,circular
187,1100,700,90.59313247488392,-85,-85,-85,-85,1350,700,289.79343147974555,9.505344641460416,circular
188,1100,700,90.59313247488392,-85,-85,-85,-85,1350,700,299.29877612120595,9.505344641460416,circular
189,1100,700,90.59313247488392,-85,-85,-85,-85,1350,700,308.80412076266634,9.505344641460416,circular
190,1100,700,90.59313247488392,-85,-85,-85,-85,1350,700,318.30946540412674,9.505344641460416,circular
191,1100,700,90.59313247488392,-85,-85,-85,-85,1350,700,327.81481004558714,9.505344641460416,circular
192,1100,700,90.59313247488392,-85,-85,-85,-85,1350,700,337.32015468704753,9.505344641460416,circular
193,1100,700,90.59313247488392,-85,-85,-85,-85,1350,700,346.82549932850793,9.505344641460416,circular
194,1100,700,90.59313247488392,-85,-85,-85,-85,1350,700,356.3308439699683,9.505344641460416,circular
195,1100,700,90.59313247488392,-85,-85,-85,-85,1350,700,5.8361886114287245,9.505344641460416,circular
196,1100,700,90.59313247488392,-85,-85,-85,-85,1350,700,15.34153325288914,9.505344641460416,circular
197,1100,700,90.59313247488392,-85,-85,-85,-85,1350,700,24.846877894349557,9.505344641460416,circular
198,1100,700,90.59313247488392,-85,-85,-85,-85,1350,700,34.35222253580997,9.505344641460416,circular
199,1100,700,90.59313247488392,-85,-85,-85,-85,1350,700,43.85756717727039,9.505344641460416,circular
200,1100,700,90.59313247488392,-85,-85,-85,-85,1350,700,53.36291181873081,9.505344641460416,circular
201,1100,700,90.59313247488392,-85,-85,-85,-85,1350,700,62.868256460191226,9.505344641460416,circular
202,1100,700,90.59313247488392,-85,-85,-85,-85,1350,700,72.37360110165164,9.505344641460416,circular
203,1100,700,90.59313247488392,-85,-85,-85,-85,1350,700,81.87894574311206,9.505344641460416,circular
204,1100,700,90.59313247488392,-85,-85,-85,-85,1350,700,91.38429038457247,9.505344641460416,circular
205,1100,700,90.59313247488392,-85,-85,-85,-85,1350,700,100.88963502603288,9.505344641460416,circular
206,1100,700,90.59313247488392,-85,-85,-85,-85,1350,700,110.39497966749329,9.505344641460416,circular
207,1100,700,90.59313247488392,-85,-85,-85,-85,1350,700,119.9003243089537,9.505344641460416,circular
208,1100,700,90.59313247488392,-85,-85,-85,-85,1350,700,129.4056689504141,9.505344641460416,circular
209,1100,700,90.59313247488392,-85,-85,-85,-85,1350,700,138.91101359187454,9.505344641460416,circular
210,1100,700,90.59313247488392,-85,-85,16.269948115724727,19.25639156218217,1350,700,148.41635823333496,9.505344641460416,circular
211,1100,700,90.59313247488392,-85,-85,22.170735458799452,23.31969953712386,1350,700,157.9217028747954,9.505344641460416,circular
212,1100,700,90.59313247488392,-85,-85,24.495315191602927,24.92014212493214,1350,700,167.4270475162558,9.505344641460416,circular
213,1100,700,90.59313247488392,-85,-85,25.536951728381826,25.80746062382631,1350,700,176.93239215771624,9.505344641460416,circular
214,1100,700,90.59313247488392,-85,-85,26.035130213615616,26.074956048612798,1350,700,186.43773679917666,9.505344641460416,circular
215,1100,700,90.59313247488392,-85,-85,26.035130213615616,25.906018829630398,1350,700,195.9430814406371,9.505344641460416,circular
216,1100,700,90.59313247488392,-85,-85,25.536951728381826,25.263344594616918,1350,700,205.4484260820975,9.505344641460416,circular
217,1100,700,90.59313247488392,-85,-85,24.495315191602927,23.769789312347285,1350,700,214.95377072355794,9.505344641460416,circular
218,1100,700,90.59313247488392,-85,-85,22.170735458799452,20.97742610025735,1350,700,224.45911536501836,9.505344641460416,circular
219,1100,700,90.59313247488392,-85,-85,16.269948115724716,-85,1350,700,233.9644600064788,9.505344641460416,circular
220,1100,700,90.59313247488392,-85,-85,-85,-85,1350,700,243.4698046479392,9.505344641460416,circular
221,1100,700,90.59313247488392,-85,-85,-85,-85,1350,700,252.97514928939964,9.505344641460416,circular
222,1100,700,90.59313247488392,-85,-85,-85,-85,1350,700,262.48049393086006,9.505344641460416,circular
223,1100,700,90.59313247488392,-85,-85,-85,-85,1350,700,271.98583857232046,9.505344641460416,circular
224,1100,700,90.59313247488392,-85,-85,-85,-85,1350,700,281.49118321378086,9.505344641460416,circular
225,1100,700,90.59313247488392,-85,-85,-85,-85,1350,700,290.99652785524125,9.505344641460416,circular
226,1100,700,90.59313247488392,-85,-85,-85,-85,1350,700,300.50187249670165,9.505344641460416,circular
227,1100,700,90.59313247488392,-85,-85,-85,-85,1350,700,310.00721713816205,9.505344641460416,circular
228,1100,700,90.59313247488392,-85,-85,-85,-85,1350,700,319.51256177962244,9.505344641460416,circular
229,1100,700,90.59313247488392,-85,-85,-85,-85,1350,700,329.01790642108284,9.505344641460416,circular
230,1100,700,90.59313247488392,-85,-85,-85,-85,1350,700,338.52325106254324,9.505344641460416,circular
231,1100,700,90.59313247488392,-85,-85,-85,-85,1350,700,348.02859570400364,9.505344641460416,circular
232,1100,700,90.59313247488392,-85,-85,-85,-85,1350,700,357.53394034546403,9.505344641460416,circular
233,1100,700,90.59313247488392,-85,-85,-85,-85,1350,700,7.039284986924429,9.505344641460416,circular
234,1100,700,90.59313247488392,-85,-85,-85,-85,1350,700,16.544629628384847,9.505344641460416,circular
235,1100,700,90.59313247488392,-85,-85,-85,-85,1350,700,26.049974269845265,9.505344641460416,circular
236,1100,700,90.59313247488392,-85,-85,-85,-85,1350,700,35.55531891130568,9.505344641460416,circular
237,1100,700,90.59313247488392,-85,-85,-85,-85,1350,700,45.0606635527661,9.505344641460416,circular
238,1100,700,90.59313247488392,-85,-85,-85,-85,1350,700,54.56600819422652,9.505344641460416,circular
239,1100,700,90.59313247488392,-85,-85,-85,-85,1350,700,64.07135283568694,9.505344641460416,circular
240,1100,700,90.59313247488392,-85,-85,-85,-85,1350,700,73.57669747714735,9.505344641460416,circular
241,1100,700,90.59313247488392,-85,-85,-85,-85,1350,700,83.08204211860776,9.505344641460416,circular
242,1100,700,90.59313247488392,-85,-85,-85,-85,1350,700,92.58738676006817,9.505344641460416,circular
243,1100,700,90.59313247488392,-85,-85,-85,-85,1350,700,102.09273140152858,9.505344641460416,circular
244,1100,700,90.59313247488392,-85,-85,-85,-85,1350,700,111.59807604298899,9.505344641460416,circular
245,1100,700,90.59313247488392,-85,-85,-85,-85,1350,700,121.1034206844494,9.505344641460416,circular
246,1100,700,90.59313247488392,-85,-85,-85,-85,1350,700,130.60876532590981,9.505344641460416,circular
247,1100,700,90.59313247488392,-85,-85,-85,-85,1350,700,140.11410996737024,9.505344641460416,circular
248,1100,700,90.59313247488392,-85,-85,17.513155499392102,19.91435422725632,1350,700,149.61945460883067,9.505344641460416,circular
249,1100,700,90.59313247488392,-85,-85,22.496022074683278,23.553218972269416,1350,700,159.1247992502911,9.505344641460416,circular
250,1100,700,90.59313247488392,-85,-85,24.646943359767004,25.042923900792417,1350,700,168.63014389175152,9.505344641460416,circular
251,1100,700,90.59313247488392,-85,-85,25.614204328866276,25.859665714847075,1350,700,178.13548853321194,9.505344641460416,circular
252,1100,700,90.59313247488392,-85,-85,26.053745949214605,26.077602459396946,1350,700,187.64083317467237,9.505344641460416,circular
253,1100,700,90.59313247488392,-85,-85,26.011117049096303,25.859665714847075,1350,700,197.1461778161328,9.505344641460416,circular
254,1100,700,90.59313247488392,-85,-85,25.452908776355446,25.157178905256924,1350,700,206.65152245759322,9.505344641460416,circular
255,1100,700,90.59313247488392,-85,-85,24.1582774269213,23.553218972269416,1350,700,216.15686709905364,9.505344641460416,circular
256,1100,700,90.59313247488392,-85,-85,21.81335663023087,20.48098321025059,1350,700,225.66221174051407,9.505344641460416,circular
257,1100,700,90.59313247488392,-85,-85,11.50579409835762,-85,1350,700,235.1675563819745,9.505344641460416,circular
258,1100,700,90.59313247488392,-85,-85,-85,-85,1350,700,244.67290102343492,9.505344641460416,circular
259,1100,700,90.59313247488392,-85,-85,-85,-85,1350,700,254.17824566489534,9.505344641460416,circular
260,1100,700,90.59313247488392,-85,-85,-85,-85,1350,700,263.68359030635577,9.505344641460416,circular
261,1100,700,90.59313247488392,-85,-85,-85,-85,1350,700,273.18893494781616,9.505344641460416,circular
262,1100,700,90.59313247488392,-85,-85,-85,-85,1350,700,282.69427958927656,9.505344641460416,circular
263,1100,700,90.59313247488392,-85,-85,-85,-85,1350,700,292.19962423073696,9.505344641460416,circular
264,1100,700,90.59313247488392,-85,-85,-85,-85,1350,700,301.70496887219736,9.505344641460416,circular
265,1100,700,90.59313247488392,-85,-85,-85,-85,1350,700,311.21031351365775,9.505344641460416,circular
266,1100,700,90.59313247488392,-85,-85,-85,-85,1350,700,320.71565815511815,9.505344641460416,circular
267,1100,700,90.59313247488392,-85,-85,-85,-85,1350,700,330.22100279657855,9.505344641460416,circular
268,1100,700,90.59313247488392,-85,-85,-85,-85,1350,700,339.72634743803894,9.505344641460416,circular
269,1100,700,90.59313247488392,-85,-85,-85,-85,1350,700,349.23169207949934,9.505344641460416,circular
270,1100,700,90.59313247488392,-85,-85,-85,-85,1350,700,358.73703672095974,9.505344641460416,circular
271,1100,700,90.59313247488392,-85,-85,-85,-85,1350,700,8.242381362420133,9.505344641460416,circular
272,1100,700,90.59313247488392,-85,-85,-85,-85,1350,700,17.74772600388055,9.505344641460416,circular
273,1100,700,90.59313247488392,-85,-85,-85,-85,1350,700,27.25307064534097,9.505344641460416,circular
274,1100,700,90.59313247488392,-85,-85,-85,-85,1350,700,36.75841528680139,9.505344641460416,circular
275,1100,700,90.59313247488392,-85,-85,-85,-85,1350,700,46.263759928261805,9.505344641460416,circular
276,1100,700,90.59313247488392,-85,-85,-85,-85,1350,700,55.769104569722224,9.505344641460416,circular
277,1100,700,90.59313247488392,-85,-85,-85,-85,1350,700,65.27444921118264,9.505344641460416,circular
278,1100,700,90.59313247488392,-85,-85,-85,-85,1350,700,74.77979385264305,9.505344641460416,circular
279,1100,700,90.59313247488392,-85,-85,-85,-85,1350,700,84.28513849410346,9.505344641460416,circular
280,1100,700,90.59313247488392,-85,-85,-85,-85,1350,700,93.79048313556387,9.505344641460416,circular
281,1100,700,90.59313247488392,-85,-85,-85,-85,1350,700,103.29582777702429,9.505344641460416,circular
282,1100,700,90.59313247488392,-85,-85,-85,-85,1350,700,112.8011724184847,9.505344641460416,circular
283,1100,700,90.59313247488392,-85,-85,-85,-85,1350,700,122.30651705994511,9.505344641460416,circular
284,1100,700,90.59313247488392,-85,-85,-85,-85,1350,700,131.81186170140552,9.505344641460416,circular
285,1100,700,90.59313247488392,-85,-85,-85,-85,1350,700,141.31720634286594,9.505344641460416,circular
286,1100,700,90.59313247488392,-85,-85,18.47430475951294,20.97742610025734,1350,700,150.82255098432637,9.505344641460416,circular
287,1100,700,90.59313247488392,-85,-85,23.06730250275713,23.769789312347285,1350,700,160.3278956257868,9.505344641460416,circular
288,1100,700,90.59313247488392,-85,-85,24.78833704083229,25.26334459461691,1350,700,169.83324026724722,9.505344641460416,circular
289,1100,700,90.59313247488392,-85,-85,25.7492610641292,25.906018829630398,1350,700,179.33858490870765,9.505344641460416,circular
290,1100,700,90.59313247488392,-85,-85,26.067010357935978,26.074956048612798,1350,700,188.84392955016807,9.505344641460416,circular
291,1100,700,90.59313247488392,-85,-85,25.946643644493044,25.807460623826316,1350,700,198.3492741916285,9.505344641460416,circular
292,1100,700,90.59313247488392,-85,-85,25.361807294499556,24.92014212493214,1350,700,207.85461883308892,9.505344641460416,circular
293,1100,700,90.59313247488392,-85,-85,23.97102224645776,23.319699537123853,1350,700,217.35996347454935,9.505344641460416,circular
294,1100,700,90.59313247488392,-85,-85,21.418119305852123,19.25639156218219,1350,700,226.86530811600977,9.505344641460416,circular
295,1100,700,90.59313247488392,-85,-85,-85,-85,1350,700,236.3706527574702,9.505344641460416,circular
296,1100,700,90.59313247488392,-85,-85,-85,-85,1350,700,245.87599739893062,9.505344641460416,circular
297,1100,700,90.59313247488392,-85,-85,-85,-85,1350,700,255.38134204039105,9.505344641460416,circular
298,1100,700,90.59313247488392,-85,-85,-85,-85,1350,700,264.8866866818515,9.505344641460416,circular
299,1100,700,90.59313247488392,-85,-85,-85,-85,1350,700,274.39203132331187,9.505344641460416,circular
300,1100,700,90.59313247488392,-85,-85,-85,-85,1350,700,283.89737596477227,9.505344641460416,circular
301,1100,700,90.59313247488392,-85,-85,-85,-85,1350,700,293.40272060623266,9.505344641460416,circular
302,1100,700,90.59313247488392,-85,-85,-85,-85,1350,700,302.90806524769306,9.505344641460416,circular
303,1100,700,90.59313247488392,-85,-85,-85,-85,1350,700,312.41340988915346,9.505344641460416,circular
304,1100,700,90.59313247488392,-85,-85,-85,-85,1350,700,321.91875453061385,9.505344641460416,circular
305,1100,700,90.59313247488392,-85,-85,-85,-85,1350,700,331.42409917207425,9.505344641460416,circular
306,1100,700,90.59313247488392,-85,-85,-85,-85,1350,700,340.92944381353465,9.505344641460416,circular
307,1100,700,90.59313247488392,-85,-85,-85,-85,1350,700,350.43478845499504,9.505344641460416,circular
308,1100,700,90.59313247488392,-85,-85,-85,-85,1350,700,359.94013309645544,9.505344641460416,circular
309,1100,700,90.59313247488392,-85,-85,-85,-85,1350,700,9.445477737915837,9.505344641460416,circular
310,1100,700,90.59313247488392,-85,-85,-85,-85,1350,700,18.950822379376255,9.505344641460416,circular
311,1100,700,90.59313247488392,-85,-85,-85,-85,1350,700,28.456167020836673,9.505344641460416,circular
312,1100,700,90.59313247488392,-85,-85,-85,-85,1350,700,37.96151166229709,9.505344641460416,circular
313,1100,700,90.59313247488392,-85,-85,-85,-85,1350,700,47.46685630375751,9.505344641460416,circular
314,1100,700,90.59313247488392,-85,-85,-85,-85,1350,700,56.97220094521793,9.505344641460416,circular
315,1100,700,90.59313247488392,-85,-85,-85,-85,1350,700,66.47754558667835,9.505344641460416,circular
316,1100,700,90.59313247488392,-85,-85,-85,-85,1350,700,75.98289022813876,9.505344641460416,circular
317,1100,700,90.59313247488392,-85,-85,-85,-85,1350,700,85.48823486959917,9.505344641460416,circular
318,1100,700,90.59313247488392,-85,-85,-85,-85,1350,700,94.99357951105958,9.505344641460416,circular
319,1100,700,90.59313247488392,-85,-85,-85,-85,1350,700,104.49892415251999,9.505344641460416,circular
320,1100,700,90.59313247488392,-85,-85,-85,-85,1350,700,114.0042687939804,9.505344641460416,circular
321,1100,700,90.59313247488392,-85,-85,-85,-85,1350,700,123.50961343544081,9.505344641460416,circular
322,1100,700,90.59313247488392,-85,-85,-85,-85,1350,700,133.01495807690122,9.505344641460416,circular
323,1100,700,90.59313247488392,-85,-85,-85,-85,1350,700,142.52030271836165,9.505344641460416,circular
324,1100,700,90.59313247488392,-85,-85,19.25639156218217,21.41811930585211,1350,700,152.02564735982207,9.505344641460416,circular
325,1100,700,90.59313247488392,-85,-85,23.31969953712386,23.971022246457757,1350,700,161.5309920012825,9.505344641460416,circular
326,1100,700,90.59313247488392,-85,-85,24.92014212493214,25.36180729449956,1350,700,171.03633664274292,9.505344641460416,circular
327,1100,700,90.59313247488392,-85,-85,25.80746062382631,25.946643644493044,1350,700,180.54168128420335,9.505344641460416,circular
328,1100,700,90.59313247488392,-85,-85,26.074956048612798,26.067010357935978,1350,700,190.04702592566377,9.505344641460416,circular
329,1100,700,90.59313247488392,-85,-85,25.906018829630398,25.7492610641292,1350,700,199.5523705671242,9.505344641460416,circular
330,1100,700,90.59313247488392,-85,-85,25.263344594616918,24.788337040832293,1350,700,209.05771520858463,9.505344641460416,circular
331,1100,700,90.59313247488392,-85,-85,23.769789312347285,23.067302502757133,1350,700,218.56305985004505,9.505344641460416,circular
332,1100,700,90.59313247488392,-85,-85,20.97742610025735,18.474304759512954,1350,700,228.06840449150548,9.505344641460416,circular
333,1100,700,90.59313247488392,-85,-85,-85,-85,1350,700,237.5737491329659,9.505344641460416,circular
334,1100,700,90.59313247488392,-85,-85,-85,-85,1350,700,247.07909377442633,9.505344641460416,circular
335,1100,700,90.59313247488392,-85,-85,-85,-85,1350,700,256.5844384158867,9.505344641460416,circular
336,1100,700,90.59313247488392,-85,-85,-85,-85,1350,700,266.0897830573471,9.505344641460416,circular
337,1100,700,90.59313247488392,-85,-85,-85,-85,1350,700,275.5951276988075,9.505344641460416,circular
338,1100,700,90.59313247488392,-85,-85,-85,-85,1350,700,285.1004723402679,9.505344641460416,circular
339,1100,700,90.59313247488392,-85,-85,-85,-85,1350,700,294.6058169817283,9.505344641460416,circular
340,1100,700,90.59313247488392,-85,-85,-85,-85,1350,700,304.1111616231887,9.505344641460416,circular
341,1100,700,90.59313247488392,-85,-85,-85,-85,1350,700,313.6165062646491,9.505344641460416,circular
342,1100,700,90.59313247488392,-85,-85,-85,-85,1350,700,323.1218509061095,9.505344641460416,circular
343,1100,700,90.59313247488392,-85,-85,-85,-85,1350,700,332.6271955475699,9.505344641460416,circular
344,1100,700,90.59313247488392,-85,-85,-85,-85,1350,700,342.1325401890303,9.505344641460416,circular
345,1100,700,90.59313247488392,-85,-85,-85,-85,1350,700,351.6378848304907,9.505344641460416,circular
346,1100,700,90.59313247488392,-85,-85,-85,-85,1350,700,1.1432294719510878,9.505344641460416,circular
347,1100,700,90.59313247488392,-85,-85,-85,-85,1350,700,10.648574113411504,9.505344641460416,circular
348,1100,700,90.59313247488392,-85,-85,-85,-85,1350,700,20.15391875487192,9.505344641460416,circular
349,1100,700,90.59313247488392,-85,-85,-85,-85,1350,700,29.659263396332335,9.505344641460416,circular
350,1100,700,90.59313247488392,-85,-85,-85,-85,1350,700,39.16460803779275,9.505344641460416,circular
351,1100,700,90.59313247488392,-85,-85,-85,-85,1350,700,48.66995267925317,9.505344641460416,circular
352,1100,700,90.59313247488392,-85,-85,-85,-85,1350,700,58.17529732071359,9.505344641460416,circular
353,1100,700,90.59313247488392,-85,-85,-85,-85,1350,700,67.68064196217401,9.505344641460416,circular
354,1100,700,90.59313247488392,-85,-85,-85,-85,1350,700,77.18598660363442,9.505344641460416,circular
355,1100,700,90.59313247488392,-85,-85,-85,-85,1350,700,86.69133124509483,9.505344641460416,circular
356,1100,700,90.59313247488392,-85,-85,-85,-85,1350,700,96.19667588655524,9.505344641460416,circular
357,1100,700,90.59313247488392,-85,-85,-85,-85,1350,700,105.70202052801565,9.505344641460416,circular
358,1100,700,90.59313247488392,-85,-85,-85,-85,1350,700,115.20736516947606,9.505344641460416,circular
359,1100,700,90.59313247488392,-85,-85,-85,-85,1350,700,124.71270981093647,9.505344641460416,circular
360,1100,700,90.59313247488392,-85,-85,-85,-85,1350,700,134.2180544523969,9.505344641460416,circular
361,1100,700,90.59313247488392,-85,-85,-85,11.505794098357505,1350,700,143.72339909385732,9.505344641460416,circular
362,1100,700,90.59313247488392,-85,-85,20.48098321025059,21.813356630230874,1350,700,153.22874373531775,9.505344641460416,circular
363,1100,700,90.59313247488392,-85,-85,23.553218972269416,24.1582774269213,1350,700,162.73408837677817,9.505344641460416,circular
364,1100,700,90.59313247488392,-85,-85,25.157178905256924,25.452908776355446,1350,700,172.2394330182386,9.505344641460416,circular
365,1100,700,90.59313247488392,-85,-85,25.859665714847075,25.9816463993744,1350,700,181.74477765969903,9.505344641460416,circular
366,1100,700,90.59313247488392,-85,-85,26.077602459396946,26.053745949214605,1350,700,191.25012230115945,9.505344641460416,circular
367,1100,700,90.59313247488392,-85,-85,25.859665714847075,25.684904084789977,1350,700,200.75546694261988,9.505344641460416,circular
368,1100,700,90.59313247488392,-85,-85,25.042923900792417,24.646943359767004,1350,700,210.2608115840803,9.505344641460416,circular
369,1100,700,90.59313247488392,-85,-85,23.553218972269416,22.793695368992225,1350,700,219.76615622554073,9.505344641460416,circular
370,1100,700,90.59313247488392,-85,-85,19.914354227256315,17.51315549939211,1350,700,229.27150086700115,9.505344641460416,circular
371,1100,700,90.59313247488392,-85,-85,-85,-85,1350,700,238.77684550846158,9.505344641460416,circular
372,1100,700,90.59313247488392,-85,-85,-85,-85,1350,700,248.282190149922,9.505344641460416,circular
373,1100,700,90.59313247488392,-85,-85,-85,-85,1350,700,257.7875347913824,9.505344641460416,circular
374,1100,700,90.59313247488392,-85,-85,-85,-85,1350,700,267.2928794328428,9.505344641460416,circular
375,1100,700,90.59313247488392,-85,-85,-85,-85,1350,700,276.7982240743032,9.505344641460416,circular
376,1100,700,90.59313247488392,-85,-85,-85,-85,1350,700,286.3035687157636,9.505344641460416,circular
377,1100,700,90.59313247488392,-85,-85,-85,-85,1350,700,295.808913357224,9.505344641460416,circular
378,1100,700,90.59313247488392,-85,-85,-85,-85,1350,700,305.3142579986844,9.505344641460416,circular
379,1100,700,90.59313247488392,-85,-85,-85,-85,1350,700,314.8196026401448,9.505344641460416,circular
380,1100,700,90.59313247488392,-85,-85,-85,-85,1350,700,324.3249472816052,9.505344641460416,circular
381,1100,700,90.59313247488392,-85,-85,-85,-85,1350,700,333.8302919230656,9.505344641460416,circular
382,1100,700,90.59313247488392,-85,-85,-85,-85,1350,700,343.335636564526,9.505344641460416,circular
383,1100,700,90.59313247488392,-85,-85,-85,-85,1350,700,352.8409812059864,9.505344641460416,circular
384,1100,700,90.59313247488392,-85,-85,-85,-85,1350,700,2.346325847446792,9.505344641460416,circular
385,1100,700,90.59313247488392,-85,-85,-85,-85,1350,700,11.851670488907208,9.505344641460416,circular
386,1100,700,90.59313247488392,-85,-85,-85,-85,1350,700,21.357015130367625,9.505344641460416,circular
387,1100,700,90.59313247488392,-85,-85,-85,-85,1350,700,30.86235977182804,9.505344641460416,circular
388,1100,700,90.59313247488392,-85,-85,-85,-85,1350,700,40.36770441328846,9.505344641460416,circular
389,1100,700,90.59313247488392,-85,-85,-85,-85,1350,700,49.873049054748876,9.505344641460416,circular
390,1100,700,90.59313247488392,-85,-85,-85,-85,1350,700,59.378393696209294,9.505344641460416,circular
391,1100,700,90.59313247488392,-85,-85,-85,-85,1350,700,68.88373833766971,9.505344641460416,circular
392,1100,700,90.59313247488392,-85,-85,-85,-85,1350,700,78.38908297913012,9.505344641460416,circular
393,1100,700,90.59313247488392,-85,-85,-85,-85,1350,700,87.89442762059053,9.505344641460416,circular
394,1100,700,90.59313247488392,-85,-85,-85,-85,1350,700,97.39977226205094,9.505344641460416,circular
395,1100,700,90.59313247488392,-85,-85,-85,-85,1350,700,106.90511690351136,9.505344641460416,circular
396,1100,700,90.59313247488392,-85,-85,-85,-85,1350,700,116.41046154497177,9.505344641460416,circular
397,1100,700,90.59313247488392,-85,-85,-85,-85,1350,700,125.91580618643218,9.505344641460416,circular
398,1100,700,90.59313247488392,-85,-85,-85,-85,1350,700,135.4211508278926,9.505344641460416,circular
399,1100,700,90.59313247488392,-85,-85,-85,16.269948115724727,1350,700,144.92649546935303,9.505344641460416,circular
400,1100,700,90.59313247488392,-85,-85,20.97742610025734,22.170735458799452,1350,700,154.43184011081345,9.505344641460416,circular
401,1100,700,90.59313247488392,-85,-85,23.769789312347285,24.495315191602927,1350,700,163.93718475227388,9.505344641460416,circular
402,1100,700,90.59313247488392,-85,-85,25.26334459461691,25.536951728381826,1350,700,173.4425293937343,9.505344641460416,circular
403,1100,700,90.59313247488392,-85,-85,25.906018829630398,26.035130213615616,1350,700,182.94787403519473,9.505344641460416,circular
404,1100,700,90.59313247488392,-85,-85,26.074956048612798,26.035130213615616,1350,700,192.45321867665515,9.505344641460416,circular
405,1100,700,90.59313247488392,-85,-85,25.807460623826316,25.536951728381826,1350,700,201.95856331811558,9.505344641460416,circular
406,1100,700,90.59313247488392,-85,-85,24.92014212493214,24.495315191602927,1350,700,211.463907959576,9.505344641460416,circular
407,1100,700,90.59313247488392,-85,-85,23.319699537123853,22.170735458799452,1350,700,220.96925260103643,9.505344641460416,circular
408,1100,700,90.59313247488392,-85,-85,19.25639156218219,16.269948115724716,1350,700,230.47459724249686,9.505344641460416,circular
409,1100,700,90.59313247488392,-85,-85,-85,-85,1350,700,239.97994188395728,9.505344641460416,circular
410,1100,700,90.59313247488392,-85,-85,-85,-85,1350,700,249.4852865254177,9.505344641460416,circular
411,1100,700,90.59313247488392,-85,-85,-85,-85,1350,700,258.99063116687813,9.505344641460416,circular
412,1100,700,90.59313247488392,-85,-85,-85,-85,1350,700,268.4959758083385,9.505344641460416,circular
413,1100,700,90.59313247488392,-85,-85,-85,-85,1350,700,278.0013204497989,9.505344641460416,circular
414,1100,700,90.59313247488392,-85,-85,-85,-85,1350,700,287.5066650912593,9.505344641460416,circular
415,1100,700,90.59313247488392,-85,-85,-85,-85,1350,700,297.0120097327197,9.505344641460416,circular
416,1100,700,90.59313247488392,-85,-85,-85,-85,1350,700,306.5173543741801,9.505344641460416,circular
417,1100,700,90.59313247488392,-85,-85,-85,-85,1350,700,316.0226990156405,9.505344641460416,circular
418,1100,700,90.59313247488392,-85,-85,-85,-85,1350,700,325.5280436571009,9.505344641460416,circular
419,1100,700,90.59313247488392,-85,-85,-85,-85,1350,700,335.0333882985613,9.505344641460416,circular
420,1100,700,90.59313247488392,-85,-85,-85,-85,1350,700,344.5387329400217,9.505344641460416,circular
421,1100,700,90.59313247488392,-85,-85,-85,-85,1350,700,354.0440775814821,9.505344641460416,circular
422,1100,700,90.59313247488392,-85,-85,-85,-85,1350,700,3.5494222229424963,9.505344641460416,circular
423,1100,700,90.59313247488392,-85,-85,-85,-85,1350,700,13.054766864402913,9.505344641460416,circular
424,1100,700,90.59313247488392,-85,-85,-85,-85,1350,700,22.56011150586333,9.505344641460416,circular
425,1100,700,90.59313247488392,-85,-85,-85,-85,1350,700,32.065456147323744,9.505344641460416,circular
426,1100,700,90.59313247488392,-85,-85,-85,-85,1350,700,41.57080078878416,9.505344641460416,circular
427,1100,700,90.59313247488392,-85,-85,-85,-85,1350,700,51.07614543024458,9.505344641460416,circular
428,1100,700,90.59313247488392,-85,-85,-85,-85,1350,700,60.581490071705,9.505344641460416,circular
429,1100,700,90.59313247488392,-85,-85,-85,-85,1350,700,70.08683471316542,9.505344641460416,circular
430,1100,700,90.59313247488392,-85,-85,-85,-85,1350,700,79.59217935462583,9.505344641460416,circular
431,1100,700,90.59313247488392,-85,-85,-85,-85,1350,700,89.09752399608624,9.505344641460416,circular
432,1100,700,90.59313247488392,-85,-85,-85,-85,1350,700,98.60286863754665,9.505344641460416,circular
433,1100,700,90.59313247488392,-85,-85,-85,-85,1350,700,108.10821327900706,9.505344641460416,circular
434,1100,700,90.59313247488392,-85,-85,-85,-85,1350,700,117.61355792046747,9.505344641460416,circular
435,1100,700,90.59313247488392,-85,-85,-85,-85,1350,700,127.11890256192788,9.505344641460416,circular
436,1100,700,90.59313247488392,-85,-85,-85,-85,1350,700,136.6242472033883,9.505344641460416,circular
437,1100,700,90.59313247488392,-85,-85,-85,17.513155499392102,1350,700,146.12959184484873,9.505344641460416,circular
438,1100,700,90.59313247488392,-85,-85,21.41811930585211,22.496022074683278,1350,700,155.63493648630916,9.505344641460416,circular
439,1100,700,90.59313247488392,-85,-85,23.971022246457757,24.646943359767004,1350,700,165.14028112776958,9.505344641460416,circular
440,1100,700,90.59313247488392,-85,-85,25.36180729449956,25.614204328866276,1350,700,174.64562576923,9.505344641460416,circular
441,1100,700,90.59313247488392,-85,-85,25.946643644493044,26.053745949214605,1350,700,184.15097041069043,9.505344641460416,circular
442,1100,700,90.59313247488392,-85,-85,26.067010357935978,26.011117049096303,1350,700,193.65631505215086,9.505344641460416,circular
443,1100,700,90.59313247488392,-85,-85,25.684904084789977,25.452908776355446,1350,700,203.16165969361128,9.505344641460416,circular
444,1100,700,90.59313247488392,-85,-85,24.788337040832293,24.332711411139446,1350,700,212.6670043350717,9.505344641460416,circular
445,1100,700,90.59313247488392,-85,-85,22.793695368992225,21.81335663023087,1350,700,222.17234897653213,9.505344641460416,circular
446,1100,700,90.59313247488392,-85,-85,18.474304759512954,14.513447644213265,1350,700,231.67769361799256,9.505344641460416,circular
447,1100,700,90.59313247488392,-85,-85,-85,-85,1350,700,241.18303825945299,9.505344641460416,circular
448,1100,700,90.59313247488392,-85,-85,-85,-85,1350,700,250.6883829009134,9.505344641460416,circular
449,1100,700,90.59313247488392,-85,-85,-85,-85,1350,700,260.19372754237384,9.505344641460416,circular
450,1100,700,90.59313247488392,-85,-85,-85,-85,1350,700,269.69907218383423,9.505344641460416,circular
451,1100,700,90.59313247488392,-85,-85,-85,-85,1350,700,279.20441682529463,9.505344641460416,circular
452,1100,700,90.59313247488392,-85,-85,-85,-85,1350,700,288.709761466755,9.505344641460416,circular
453,1100,700,90.59313247488392,-85,-85,-85,-85,1350,700,298.2151061082154,9.505344641460416,circular
454,1100,700,90.59313247488392,-85,-85,-85,-85,1350,700,307.7204507496758,9.505344641460416,circular
455,1100,700,90.59313247488392,-85,-85,-85,-85,1350,700,317.2257953911362,9.505344641460416,circular
456,1100,700,90.59313247488392,-85,-85,-85,-85,1350,700,326.7311400325966,9.505344641460416,circular
457,1100,700,90.59313247488392,-85,-85,-85,-85,1350,700,336.236484674057,9.505344641460416,circular
458,1100,700,90.59313247488392,-85,-85,-85,-85,1350,700,345.7418293155174,9.505344641460416,circular
459,1100,700,90.59313247488392,-85,-85,-85,-85,1350,700,355.2471739569778,9.505344641460416,circular
460,1100,700,90.59313247488392,-85,-85,-85,-85,1350,700,4.752518598438201,9.505344641460416,circular
461,1100,700,90.59313247488392,-85,-85,-85,-85,1350,700,14.257863239898617,9.505344641460416,circular
462,1100,700,90.59313247488392,-85,-85,-85,-85,1350,700,23.763207881359033,9.505344641460416,circular
463,1100,700,90.59313247488392,-85,-85,-85,-85,1350,700,33.26855252281945,9.505344641460416,circular
464,1100,700,90.59313247488392,-85,-85,-85,-85,1350,700,42.773897164279866,9.505344641460416,circular
465,1100,700,90.59313247488392,-85,-85,-85,-85,1350,700,52.279241805740284,9.505344641460416,circular
466,1100,700,90.59313247488392,-85,-85,-85,-85,1350,700,61.7845864472007,9.505344641460416,circular
467,1100,700,90.59313247488392,-85,-85,-85,-85,1350,700,71.28993108866112,9.505344641460416,circular
468,1100,700,90.59313247488392,-85,-85,-85,-85,1350,700,80.79527573012153,9.505344641460416,circular
469,1100,700,90.59313247488392,-85,-85,-85,-85,1350,700,90.30062037158194,9.505344641460416,circular
470,1100,700,90.59313247488392,-85,-85,-85,-85,1350,700,99.80596501304235,9.505344641460416,circular
471,1100,700,90.59313247488392,-85,-85,-85,-85,1350,700,109.31130965450276,9.505344641460416,circular
472,1100,700,90.59313247488392,-85,-85,-85,-85,1350,700,118.81665429596318,9.505344641460416,circular
473,1100,700,90.59313247488392,-85,-85,-85,-85,1350,700,128.3219989374236,9.505344641460416,circular
474,1100,700,90.59313247488392,-85,-85,-85,-85,1350,700,137.827343578884,9.505344641460416,circular
475,1100,700,90.59313247488392,-85,-85,14.513447644213304,18.47430475951294,1350,700,147.33268822034444,9.505344641460416,circular
476,1100,700,90.59313247488392,-85,-85,21.813356630230874,23.06730250275713,1350,700,156.83803286180486,9.505344641460416,circular
477,1100,700,90.59313247488392,-85,-85,24.33271141113945,24.78833704083229,1350,700,166.3433775032653,9.505344641460416,circular
478,1100,700,90.59313247488392,-85,-85,25.452908776355446,25.7492610641292,1350,700,175.8487221447257,9.505344641460416,circular
479,1100,700,90.59313247488392,-85,-85,26.011117049096303,26.067010357935978,1350,700,185.35406678618614,9.505344641460416,circular
480,1100,700,90.59313247488392,-85,-85,26.053745949214605,25.946643644493044,1350,700,194.85941142764656,9.505344641460416,circular
481,1100,700,90.59313247488392,-85,-85,25.614204328866276,25.361807294499556,1350,700,204.364756069107,9.505344641460416,circular
482,1100,700,90.59313247488392,-85,-85,24.646943359767004,23.97102224645776,1350,700,213.8701007105674,9.505344641460416,circular
483,1100,700,90.59313247488392,-85,-85,22.496022074683278,21.418119305852123,1350,700,223.37544535202784,9.505344641460416,circular
484,1100,700,90.59313247488392,-85,-85,17.51315549939211,-85,1350,700,232.88078999348826,9.505344641460416,circular
485,1100,700,90.59313247488392,-85,-85,-85,-85,1350,700,242.3861346349487,9.505344641460416,circular
486,1100,700,90.59313247488392,-85,-85,-85,-85,1350,700,251.89147927640911,9.505344641460416,circular
487,1100,700,90.59313247488392,-85,-85,-85,-85,1350,700,261.39682391786954,9.505344641460416,circular
488,1100,700,90.59313247488392,-85,-85,-85,-85,1350,700,270.90216855932994,9.505344641460416,circular
489,1100,700,90.59313247488392,-85,-85,-85,-85,1350,700,280.40751320079033,9.505344641460416,circular
490,1100,700,90.59313247488392,-85,-85,-85,-85,1350,700,289.91285784225073,9.505344641460416,circular
491,1100,700,90.59313247488392,-85,-85,-85,-85,1350,700,299.4182024837111,9.505344641460416,circular
492,1100,700,90.59313247488392,-85,-85,-85,-85,1350,700,308.9235471251715,9.505344641460416,circular
493,1100,700,90.59313247488392,-85,-85,-85,-85,1350,700,318.4288917666319,9.505344641460416,circular
494,1100,700,90.59313247488392,-85,-85,-85,-85,1350,700,327.9342364080923,9.505344641460416,circular
495,1100,700,90.59313247488392,-85,-85,-85,-85,1350,700,337.4395810495527,9.505344641460416,circular
496,1100,700,90.59313247488392,-85,-85,-85,-85,1350,700,346.9449256910131,9.505344641460416,circular
497,1100,700,90.59313247488392,-85,-85,-85,-85,1350,700,356.4502703324735,9.505344641460416,circular
498,1100,700,90.59313247488392,-85,-85,-85,-85,1350,700,5.955614973933905,9.505344641460416,circular
499,1100,700,90.59313247488392,-85,-85,-85,-85,1350,700,15.460959615394321,9.505344641460416,circular
500,1100,700,90.59313247488392,-85,-85,-85,-85,1350,700,24.966304256854738,9.505344641460416,circular
501,1100,700,90.59313247488392,-85,-85,-85,-85,1350,700,34.47164889831515,9.505344641460416,circular
502,1100,700,90.59313247488392,-85,-85,-85,-85,1350,700,43.97699353977557,9.505344641460416,circular
503,1100,700,90.59313247488392,-85,-85,-85,-85,1350,700,53.48233818123599,9.505344641460416,circular
504,1100,700,90.59313247488392,-85,-85,-85,-85,1350,700,62.98768282269641,9.505344641460416,circular
505,1100,700,90.59313247488392,-85,-85,-85,-85,1350,700,72.49302746415682,9.505344641460416,circular
506,1100,700,90.59313247488392,-85,-85,-85,-85,1350,700,81.99837210561724,9.505344641460416,circular
507,1100,700,90.59313247488392,-85,-85,-85,-85,1350,700,91.50371674707765,9.505344641460416,circular
508,1100,700,90.59313247488392,-85,-85,-85,-85,1350,700,101.00906138853806,9.505344641460416,circular
509,1100,700,90.59313247488392,-85,-85,-85,-85,1350,700,110.51440602999847,9.505344641460416,circular
510,1100,700,90.59313247488392,-85,-85,-85,-85,1350,700,120.01975067145888,9.505344641460416,circular
511,1100,700,90.59313247488392,-85,-85,-85,-85,1350,700,129.5250953129193,9.505344641460416,circular
512,1100,700,90.59313247488392,-85,-85,-85,-85,1350,700,139.03043995437972,9.505344641460416,circular
513,1100,700,90.59313247488392,-85,-85,16.269948115724727,19.25639156218217,1350,700,148.53578459584014,9.505344641460416,circular
514,1100,700,90.59313247488392,-85,-85,22.170735458799452,23.31969953712386,1350,700,158.04112923730057,9.505344641460416,circular
515,1100,700,90.59313247488392,-85,-85,24.495315191602927,24.92014212493214,1350,700,167.546473878761,9.505344641460416,circular
516,1100,700,90.59313247488392,-85,-85,25.536951728381826,25.80746062382631,1350,700,177.05181852022142,9.505344641460416,circular
517,1100,700,90.59313247488392,-85,-85,26.035130213615616,26.074956048612798,1350,700,186.55716316168184,9.505344641460416,circular
518,1100,700,90.59313247488392,-85,-85,26.035130213615616,25.906018829630398,1350,700,196.06250780314227,9.505344641460416,circular
519,1100,700,90.59313247488392,-85,-85,25.536951728381826,25.263344594616918,1350,700,205.5678524446027,9.505344641460416,circular
520,1100,700,90.59313247488392,-85,-85,24.495315191602927,23.769789312347285,1350,700,215.07319708606312,9.505344641460416,circular
521,1100,700,90.59313247488392,-85,-85,22.170735458799452,20.97742610025735,1350,700,224.57854172752354,9.505344641460416,circular
522,1100,700,90.59313247488392,-85,-85,16.269948115724716,-85,1350,700,234.08388636898397,9.505344641460416,circular
523,1100,700,90.59313247488392,-85,-85,-85,-85,1350,700,243.5892310104444,9.505344641460416,circular
524,1100,700,90.59313247488392,-85,-85,-85,-85,1350,700,253.09457565190482,9.505344641460416,circular
525,1100,700,90.59313247488392,-85,-85,-85,-85,1350,700,262.59992029336524,9.505344641460416,circular
526,1100,700,90.59313247488392,-85,-85,-85,-85,1350,700,272.10526493482564,9.505344641460416,circular
527,1100,700,90.59313247488392,-85,-85,-85,-85,1350,700,281.61060957628604,9.505344641460416,circular
528,1100,700,90.59313247488392,-85,-85,-85,-85,1350,700,291.11595421774643,9.505344641460416,circular
529,1100,700,90.59313247488392,-85,-85,-85,-85,1350,700,300.62129885920683,9.505344641460416,circular
530,1100,700,90.59313247488392,-85,-85,-85,-85,1350,700,310.1266435006672,9.505344641460416,circular
531,1100,700,90.59313247488392,-85,-85,-85,-85,1350,700,319.6319881421276,9.505344641460416,circular
532,1100,700,90.59313247488392,-85,-85,-85,-85,1350,700,329.137332783588,9.505344641460416,circular
533,1100,700,90.59313247488392,-85,-85,-85,-85,1350,700,338.6426774250484,9.505344641460416,circular
534,1100,700,90.59313247488392,-85,-85,-85,-85,1350,700,348.1480220665088,9.505344641460416,circular
535,1100,700,90.59313247488392,-85,-85,-85,-85,1350,700,357.6533667079692,9.505344641460416,circular
536,1100,700,90.59313247488392,-85,-85,-85,-85,1350,700,7.158711349429609,9.505344641460416,circular
537,1100,700,90.59313247488392,-85,-85,-85,-85,1350,700,16.664055990890027,9.505344641460416,circular
538,1100,700,90.59313247488392,-85,-85,-85,-85,1350,700,26.169400632350445,9.505344641460416,circular
539,1100,700,90.59313247488392,-85,-85,-85,-85,1350,700,35.67474527381086,9.505344641460416,circular
540,1100,700,90.59313247488392,-85,-85,-85,-85,1350,700,45.18008991527128,9.505344641460416,circular
541,1100,700,90.59313247488392,-85,-85,-85,-85,1350,700,54.6854345567317,9.505344641460416,circular
542,1100,700,90.59313247488392,-85,-85,-85,-85,1350,700,64.19077919819212,9.505344641460416,circular
543,1100,700,90.59313247488392,-85,-85,-85,-85,1350,700,73.69612383965253,9.505344641460416,circular
544,1100,700,90.59313247488392,-85,-85,-85,-85,1350,700,83.20146848111294,9.505344641460416,circular
545,1100,700,90.59313247488392,-85,-85,-85,-85,1350,700,92.70681312257335,9.505344641460416,circular
546,1100,700,90.59313247488392,-85,-85,-85,-85,1350,700,102.21215776403376,9.505344641460416,circular
547,1100,700,90.59313247488392,-85,-85,-85,-85,1350,700,111.71750240549417,9.505344641460416,circular
548,1100,700,90.59313247488392,-85,-85,-85,-85,1350,700,121.22284704695458,9.505344641460416,circular
549,1100,700,90.59313247488392,-85,-85,-85,-85,1350,700,130.728191688415,9.505344641460416,circular
550,1100,700,90.59313247488392,-85,-85,-85,-85,1350,700,140.23353632987542,9.505344641460416,circular
551,1100,700,90.59313247488392,-85,-85,17.513155499392102,19.91435422725632,1350,700,149.73888097133585,9.505344641460416,circular
552,1100,700,90.59313247488392,-85,-85,22.793695368992218,23.553218972269416,1350,700,159.24422561279627,9.505344641460416,circular
553,1100,700,90.59313247488392,-85,-85,24.646943359767004,25.042923900792417,1350,700,168.7495702542567,9.505344641460416,circular
554,1100,700,90.59313247488392,-85,-85,25.684904084789974,25.859665714847075,1350,700,178.25491489571712,9.505344641460416,circular
555,1100,700,90.59313247488392,-85,-85,26.053745949214605,26.077602459396946,1350,700,187.76025953717755,9.505344641460416,circular
556,1100,700,90.59313247488392,-85,-85,25.9816463993744,25.859665714847075,1350,700,197.26560417863797,9.505344641460416,circular
557,1100,700,90.59313247488392,-85,-85,25.452908776355446,25.157178905256924,1350,700,206.7709488200984,9.505344641460416,circular
558,1100,700,90.59313247488392,-85,-85,24.1582774269213,23.553218972269416,1350,700,216.27629346155882,9.505344641460416,circular
559,1100,700,90.59313247488392,-85,-85,21.81335663023087,20.48098321025059,1350,700,225.78163810301925,9.505344641460416,circular
560,1100,700,90.59313247488392,-85,-85,11.50579409835762,-85,1350,700,235.28698274447967,9.505344641460416,circular
561,1100,700,90.59313247488392,-85,-85,-85,-85,1350,700,244.7923273859401,9.505344641460416,circular
562,1100,700,90.59313247488392,-85,-85,-85,-85,1350,700,254.29767202740052,9.505344641460416,circular
563,1100,700,90.59313247488392,-85,-85,-85,-85,1350,700,263.80301666886095,9.505344641460416,circular
564,1100,700,90.59313247488392,-85,-85,-85,-85,1350,700,273.30836131032135,9.505344641460416,circular
565,1100,700,90.59313247488392,-85,-85,-85,-85,1350,700,282.81370595178174,9.505344641460416,circular
566,1100,700,90.59313247488392,-85,-85,-85,-85,1350,700,292.31905059324214,9.505344641460416,circular
567,1100,700,90.59313247488392,-85,-85,-85,-85,1350,700,301.82439523470254,9.505344641460416,circular
568,1100,700,90.59313247488392,-85,-85,-85,-85,1350,700,311.32973987616293,9.505344641460416,circular
569,1100,700,90.59313247488392,-85,-85,-85,-85,1350,700,320.83508451762333,9.505344641460416,circular
570,1100,700,90.59313247488392,-85,-85,-85,-85,1350,700,330.3404291590837,9.505344641460416,circular
571,1100,700,90.59313247488392,-85,-85,-85,-85,1350,700,339.8457738005441,9.505344641460416,circular
572,1100,700,90.59313247488392,-85,-85,-85,-85,1350,700,349.3511184420045,9.505344641460416,circular
573,1100,700,90.59313247488392,-85,-85,-85,-85,1350,700,358.8564630834649,9.505344641460416,circular
574,1100,700,90.59313247488392,-85,-85,-85,-85,1350,700,8.361807724925313,9.505344641460416,circular
575,1100,700,90.59313247488392,-85,-85,-85,-85,1350,700,17.86715236638573,9.505344641460416,circular
576,1100,700,90.59313247488392,-85,-85,-85,-85,1350,700,27.37249700784615,9.505344641460416,circular
577,1100,700,90.59313247488392,-85,-85,-85,-85,1350,700,36.87784164930657,9.505344641460416,circular
578,1100,700,90.59313247488392,-85,-85,-85,-85,1350,700,46.383186290766986,9.505344641460416,circular
579,1100,700,90.59313247488392,-85,-85,-85,-85,1350,700,55.888530932227404,9.505344641460416,circular
580,1100,700,90.59313247488392,-85,-85,-85,-85,1350,700,65.39387557368782,9.505344641460416,circular
581,1100,700,90.59313247488392,-85,-85,-85,-85,1350,700,74.89922021514823,9.505344641460416,circular
582,1100,700,90.59313247488392,-85,-85,-85,-85,1350,700,84.40456485660864,9.505344641460416,circular
583,1100,700,90.59313247488392,-85,-85,-85,-85,1350,700,93.90990949806906,9.505344641460416,circular
584,1100,700,90.59313247488392,-85,-85,-85,-85,1350,700,103.41525413952947,9.505344641460416,circular
585,1100,700,90.59313247488392,-85,-85,-85,-85,1350,700,112.92059878098988,9.505344641460416,circular
586,1100,700,90.59313247488392,-85,-85,-85,-85,1350,700,122.42594342245029,9.505344641460416,circular
587,1100,700,90.59313247488392,-85,-85,-85,-85,1350,700,131.9312880639107,9.505344641460416,circular
588,1100,700,90.59313247488392,-85,-85,-85,-85,1350,700,141.43663270537112,9.505344641460416,circular
589,1100,700,90.59313247488392,-85,-85,18.47430475951294,20.97742610025734,1350,700,150.94197734683155,9.505344641460416,circular
590,1100,700,90.59313247488392,-85,-85,23.06730250275713,23.769789312347285,1350,700,160.44732198829198,9.505344641460416,circular
591,1100,700,90.59313247488392,-85,-85,24.78833704083229,25.26334459461691,1350,700,169.9526666297524,9.505344641460416,circular
592,1100,700,90.59313247488392,-85,-85,25.7492610641292,25.906018829630398,1350,700,179.45801127121283,9.505344641460416,circular
593,1100,700,90.59313247488392,-85,-85,26.067010357935978,26.074956048612798,1350,700,188.96335591267325,9.505344641460416,circular
594,1100,700,90.59313247488392,-85,-85,25.946643644493044,25.807460623826316,1350,700,198.46870055413368,9.505344641460416,circular
595,1100,700,90.59313247488392,-85,-85,25.361807294499556,24.92014212493214,1350,700,207.9740451955941,9.505344641460416,circular
596,1100,700,90.59313247488392,-85,-85,23.97102224645776,23.319699537123853,1350,700,217.47938983705453,9.505344641460416,circular
597,1100,700,90.59313247488392,-85,-85,21.418119305852123,19.25639156218219,1350,700,226.98473447851495,9.505344641460416,circular
598,1100,700,90.59313247488392,-85,-85,-85,-85,1350,700,236.49007911997538,9.505344641460416,circular
599,1100,700,90.59313247488392,-85,-85,-85,-85,1350,700,245.9954237614358,9.505344641460416,circular
600,1100,700,90.59313247488392,-85,-85,-85,-85,1350,700,255.50076840289623,9.505344641460416,circular
601,1100,700,90.59313247488392,-85,-85,-85,-85,1350,700,265.00611304435665,9.505344641460416,circular
602,1100,700,90.59313247488392,-85,-85,-85,-85,1350,700,274.51145768581705,9.505344641460416,circular
603,1100,700,90.59313247488392,-85,-85,-85,-85,1350,700,284.01680232727745,9.505344641460416,circular
604,1100,700,90.59313247488392,-85,-85,-85,-85,1350,700,293.52214696873784,9.505344641460416,circular
605,1100,700,90.59313247488392,-85,-85,-85,-85,1350,700,303.02749161019824,9.505344641460416,circular
606,1100,700,90.59313247488392,-85,-85,-85,-85,1350,700,312.53283625165864,9.505344641460416,circular
607,1100,700,90.59313247488392,-85,-85,-85,-85,1350,700,322.03818089311903,9.505344641460416,circular
608,1100,700,90.59313247488392,-85,-85,-85,-85,1350,700,331.54352553457943,9.505344641460416,circular
609,1100,700,90.59313247488392,-85,-85,-85,-85,1350,700,341.0488701760398,9.505344641460416,circular
610,1100,700,90.59313247488392,-85,-85,-85,-85,1350,700,350.5542148175002,9.505344641460416,circular
611,1100,700,90.59313247488392,-85,-85,-85,-85,1350,700,0.05955945896062076,9.505344641460416,circular
612,1100,700,90.59313247488392,-85,-85,-85,-85,1350,700,9.564904100421037,9.505344641460416,circular
613,1100,700,90.59313247488392,-85,-85,-85,-85,1350,700,19.070248741881453,9.505344641460416,circular
614,1100,700,90.59313247488392,-85,-85,-85,-85,1350,700,28.575593383341868,9.505344641460416,circular
615,1100,700,90.59313247488392,-85,-85,-85,-85,1350,700,38.080938024802286,9.505344641460416,circular
616,1100,700,90.59313247488392,-85,-85,-85,-85,1350,700,47.586282666262704,9.505344641460416,circular
617,1100,700,90.59313247488392,-85,-85,-85,-85,1350,700,57.09162730772312,9.505344641460416,circular
618,1100,700,90.59313247488392,-85,-85,-85,-85,1350,700,66.59697194918354,9.505344641460416,circular
619,1100,700,90.59313247488392,-85,-85,-85,-85,1350,700,76.10231659064395,9.505344641460416,circular
620,1100,700,90.59313247488392,-85,-85,-85,-85,1350,700,85.60766123210436,9.505344641460416,circular
621,1100,700,90.59313247488392,-85,-85,-85,-85,1350,700,95.11300587356477,9.505344641460416,circular
622,1100,700,90.59313247488392,-85,-85,-85,-85,1350,700,104.61835051502518,9.505344641460416,circular
623,1100,700,90.59313247488392,-85,-85,-85,-85,1350,700,114.1236951564856,9.505344641460416,circular
624,1100,700,90.59313247488392,-85,-85,-85,-85,1350,700,123.629039797946,9.505344641460416,circular
625,1100,700,90.59313247488392,-85,-85,-85,-85,1350,700,133.13438443940643,9.505344641460416,circular
626,1100,700,90.59313247488392,-85,-85,-85,-85,1350,700,142.63972908086686,9.505344641460416,circular
627,1100,700,90.59313247488392,-85,-85,19.25639156218217,21.41811930585211,1350,700,152.14507372232728,9.505344641460416,circular
628,1100,700,90.59313247488392,-85,-85,23.31969953712386,23.971022246457757,1350,700,161.6504183637877,9.505344641460416,circular
629,1100,700,90.59313247488392,-85,-85,24.92014212493214,25.36180729449956,1350,700,171.15576300524813,9.505344641460416,circular
630,1100,700,90.59313247488392,-85,-85,25.80746062382631,25.946643644493044,1350,700,180.66110764670856,9.505344641460416,circular
631,1100,700,90.59313247488392,-85,-85,26.077602459396946,26.067010357935978,1350,700,190.16645228816898,9.505344641460416,circular
632,1100,700,90.59313247488392,-85,-85,25.906018829630398,25.7492610641292,1350,700,199.6717969296294,9.505344641460416,circular
633,1100,700,90.59313247488392,-85,-85,25.157178905256924,24.788337040832293,1350,700,209.17714157108983,9.505344641460416,circular
634,1100,700,90.59313247488392,-85,-85,23.769789312347285,23.067302502757133,1350,700,218.68248621255026,9.505344641460416,circular
635,1100,700,90.59313247488392,-85,-85,20.48098321025059,18.474304759512954,1350,700,228.18783085401068,9.505344641460416,circular
636,1100,700,90.59313247488392,-85,-85,-85,-85,1350,700,237.6931754954711,9.505344641460416,circular
637,1100,700,90.59313247488392,-85,-85,-85,-85,1350,700,247.19852013693153,9.505344641460416,circular
638,1100,700,90.59313247488392,-85,-85,-85,-85,1350,700,256.70386477839196,9.505344641460416,circular
639,1100,700,90.59313247488392,-85,-85,-85,-85,1350,700,266.20920941985236,9.505344641460416,circular
640,1100,700,90.59313247488392,-85,-85,-85,-85,1350,700,275.71455406131275,9.505344641460416,circular
641,1100,700,90.59313247488392,-85,-85,-85,-85,1350,700,285.21989870277315,9.505344641460416,circular
642,1100,700,90.59313247488392,-85,-85,-85,-85,1350,700,294.72524334423355,9.505344641460416,circular
643,1100,700,90.59313247488392,-85,-85,-85,-85,1350,700,304.23058798569394,9.505344641460416,circular
644,1100,700,90.59313247488392,-85,-85,-85,-85,1350,700,313.73593262715434,9.505344641460416,circular
645,1100,700,90.59313247488392,-85,-85,-85,-85,1350,700,323.24127726861474,9.505344641460416,circular
646,1100,700,90.59313247488392,-85,-85,-85,-85,1350,700,332.74662191007513,9.505344641460416,circular
647,1100,700,90.59313247488392,-85,-85,-85,-85,1350,700,342.25196655153553,9.505344641460416,circular
648,1100,700,90.59313247488392,-85,-85,-85,-85,1350,700,351.7573111929959,9.505344641460416,circular
649,1100,700,90.59313247488392,-85,-85,-85,-85,1350,700,1.262655834456325,9.505344641460416,circular
650,1100,700,90.59313247488392,-85,-85,-85,-85,1350,700,10.768000475916741,9.505344641460416,circular
651,1100,700,90.59313247488392,-85,-85,-85,-85,1350,700,20.273345117377158,9.505344641460416,circular
652,1100,700,90.59313247488392,-85,-85,-85,-85,1350,700,29.778689758837572,9.505344641460416,circular
653,1100,700,90.59313247488392,-85,-85,-85,-85,1350,700,39.28403440029799,9.505344641460416,circular
654,1100,700,90.59313247488392,-85,-85,-85,-85,1350,700,48.78937904175841,9.505344641460416,circular
655,1100,700,90.59313247488392,-85,-85,-85,-85,1350,700,58.29472368321883,9.505344641460416,circular
656,1100,700,90.59313247488392,-85,-85,-85,-85,1350,700,67.80006832467924,9.505344641460416,circular
657,1100,700,90.59313247488392,-85,-85,-85,-85,1350,700,77.30541296613966,9.505344641460416,circular
658,1100,700,90.59313247488392,-85,-85,-85,-85,1350,700,86.81075760760007,9.505344641460416,circular
659,1100,700,90.59313247488392,-85,-85,-85,-85,1350,700,96.31610224906048,9.505344641460416,circular
660,1100,700,90.59313247488392,-85,-85,-85,-85,1350,700,105.82144689052089,9.505344641460416,circular
661,1100,700,90.59313247488392,-85,-85,-85,-85,1350,700,115.3267915319813,9.505344641460416,circular
662,1100,700,90.59313247488392,-85,-85,-85,-85,1350,700,124.83213617344171,9.505344641460416,circular
663,1100,700,90.59313247488392,-85,-85,-85,-85,1350,700,134.33748081490214,9.505344641460416,circular
664,1100,700,90.59313247488392,-85,-85,-85,14.513447644213304,1350,700,143.84282545636256,9.505344641460416,circular
665,1100,700,90.59313247488392,-85,-85,20.48098321025059,21.813356630230874,1350,700,153.348170097823,9.505344641460416,circular
666,1100,700,90.59313247488392,-85,-85,23.553218972269416,24.33271141113945,1350,700,162.8535147392834,9.505344641460416,circular
667,1100,700,90.59313247488392,-85,-85,25.157178905256924,25.452908776355446,1350,700,172.35885938074384,9.505344641460416,circular
668,1100,700,90.59313247488392,-85,-85,25.859665714847075,26.011117049096303,1350,700,181.86420402220426,9.505344641460416,circular
669,1100,700,90.59313247488392,-85,-85,26.077602459396946,26.053745949214605,1350,700,191.3695486636647,9.505344641460416,circular
670,1100,700,90.59313247488392,-85,-85,25.859665714847075,25.614204328866276,1350,700,200.8748933051251,9.505344641460416,circular
671,1100,700,90.59313247488392,-85,-85,25.042923900792417,24.646943359767004,1350,700,210.38023794658554,9.505344641460416,circular
672,1100,700,90.59313247488392,-85,-85,23.553218972269416,22.496022074683278,1350,700,219.88558258804596,9.505344641460416,circular
673,1100,700,90.59313247488392,-85,-85,19.914354227256315,17.51315549939211,1350,700,229.3909272295064,9.505344641460416,circular
674,1100,700,90.59313247488392,-85,-85,-85,-85,1350,700,238.8962718709668,9.505344641460416,circular
675,1100,700,90.59313247488392,-85,-85,-85,-85,1350,700,248.40161651242724,9.505344641460416,circular
676,1100,700,90.59313247488392,-85,-85,-85,-85,1350,700,257.90696115388766,9.505344641460416,circular
677,1100,700,90.59313247488392,-85,-85,-85,-85,1350,700,267.41230579534806,9.505344641460416,circular
678,1100,700,90.59313247488392,-85,-85,-85,-85,1350,700,276.91765043680846,9.505344641460416,circular
679,1100,700,90.59313247488392,-85,-85,-85,-85,1350,700,286.42299507826885,9.505344641460416,circular
680,1100,700,90.59313247488392,-85,-85,-85,-85,1350,700,295.92833971972925,9.505344641460416,circular
681,1100,700,90.59313247488392,-85,-85,-85,-85,1350,700,305.43368436118965,9.505344641460416,circular
682,1100,700,90.59313247488392,-85,-85,-85,-85,1350,700,314.93902900265005,9.505344641460416,circular
683,1100,700,90.59313247488392,-85,-85,-85,-85,1350,700,324.44437364411044,9.505344641460416,circular
684,1100,700,90.59313247488392,-85,-85,-85,-85,1350,700,333.94971828557084,9.505344641460416,circular
685,1100,700,90.59313247488392,-85,-85,-85,-85,1350,700,343.45506292703124,9.505344641460416,circular
686,1100,700,90.59313247488392,-85,-85,-85,-85,1350,700,352.96040756849163,9.505344641460416,circular
687,1100,700,90.59313247488392,-85,-85,-85,-85,1350,700,2.4657522099520293,9.505344641460416,circular
688,1100,700,90.59313247488392,-85,-85,-85,-85,1350,700,11.971096851412446,9.505344641460416,circular
689,1100,700,90.59313247488392,-85,-85,-85,-85,1350,700,21.476441492872862,9.505344641460416,circular
690,1100,700,90.59313247488392,-85,-85,-85,-85,1350,700,30.981786134333277,9.505344641460416,circular
691,1100,700,90.59313247488392,-85,-85,-85,-85,1350,700,40.487130775793695,9.505344641460416,circular
692,1100,700,90.59313247488392,-85,-85,-85,-85,1350,700,49.99247541725411,9.505344641460416,circular
693,1100,700,90.59313247488392,-85,-85,-85,-85,1350,700,59.49782005871453,9.505344641460416,circular
694,1100,700,90.59313247488392,-85,-85,-85,-85,1350,700,69.00316470017495,9.505344641460416,circular
695,1100,700,90.59313247488392,-85,-85,-85,-85,1350,700,78.50850934163536,9.505344641460416,circular
696,1100,700,90.59313247488392,-85,-85,-85,-85,1350,700,88.01385398309577,9.505344641460416,circular
697,1100,700,90.59313247488392,-85,-85,-85,-85,1350,700,97.51919862455618,9.505344641460416,circular
698,1100,700,90.59313247488392,-85,-85,-85,-85,1350,700,107.0245432660166,9.505344641460416,circular
699,1100,700,90.59313247488392,-85,-85,-85,-85,1350,700,116.529887907477,9.505344641460416,circular
700,1100,700,90.59313247488392,-85,-85,-85,-85,1350,700,126.03523254893742,9.505344641460416,circular
701,1100,700,90.59313247488392,-85,-85,-85,-85,1350,700,135.54057719039784,9.505344641460416,circular
702,1100,700,90.59313247488392,-85,-85,-85,16.269948115724727,1350,700,145.04592183185827,9.505344641460416,circular
703,1100,700,90.59313247488392,-85,-85,20.97742610025734,22.170735458799452,1350,700,154.5512664733187,9.505344641460416,circular
704,1100,700,90.59313247488392,-85,-85,23.769789312347285,24.495315191602927,1350,700,164.05661111477912,9.505344641460416,circular
705,1100,700,90.59313247488392,-85,-85,25.26334459461691,25.536951728381826,1350,700,173.56195575623954,9.505344641460416,circular
706,1100,700,90.59313247488392,-85,-85,25.906018829630398,26.035130213615616,1350,700,183.06730039769997,9.505344641460416,circular
707,1100,700,90.59313247488392,-85,-85,26.074956048612798,26.035130213615616,1350,700,192.5726450391604,9.505344641460416,circular
708,1100,700,90.59313247488392,-85,-85,25.807460623826316,25.536951728381826,1350,700,202.07798968062082,9.505344641460416,circular
709,1100,700,90.59313247488392,-85,-85,24.92014212493214,24.495315191602927,1350,700,211.58333432208124,9.505344641460416,circular
710,1100,700,90.59313247488392,-85,-85,23.319699537123853,22.170735458799452,1350,700,221.08867896354167,9.505344641460416,circular
711,1100,700,90.59313247488392,-85,-85,19.25639156218219,16.269948115724716,1350,700,230.5940236050021,9.505344641460416,circular
712,1100,700,90.59313247488392,-85,-85,-85,-85,1350,700,240.09936824646252,9.505344641460416,circular
713,1100,700,90.59313247488392,-85,-85,-85,-85,1350,700,249.60471288792294,9.505344641460416,circular
714,1100,700,90.59313247488392,-85,-85,-85,-85,1350,700,259.11005752938337,9.505344641460416,circular
715,1100,700,90.59313247488392,-85,-85,-85,-85,1350,700,268.61540217084377,9.505344641460416,circular
716,1100,700,90.59313247488392,-85,-85,-85,-85,1350,700,278.12074681230416,9.505344641460416,circular
717,1100,700,90.59313247488392,-85,-85,-85,-85,1350,700,287.62609145376456,9.505344641460416,circular
718,1100,700,90.59313247488392,-85,-85,-85,-85,1350,700,297.13143609522496,9.505344641460416,circular
719,1100,700,90.59313247488392,-85,-85,-85,-85,1350,700,306.63678073668535,9.505344641460416,circular
720,1100,700,90.59313247488392,-85,-85,-85,-85,1350,700,316.14212537814575,9.505344641460416,circular
721,1100,700,90.59313247488392,-85,-85,-85,-85,1350,700,325.64747001960615,9.505344641460416,circular
722,1100,700,90.59313247488392,-85,-85,-85,-85,1350,700,335.15281466106654,9.505344641460416,circular
723,1100,700,90.59313247488392,-85,-85,-85,-85,1350,700,344.65815930252694,9.505344641460416,circular
724,1100,700,90.59313247488392,-85,-85,-85,-85,1350,700,354.16350394398734,9.505344641460416,circular
725,1100,700,90.59313247488392,-85,-85,-85,-85,1350,700,3.6688485854477335,9.505344641460416,circular
726,1100,700,90.59313247488392,-85,-85,-85,-85,1350,700,13.17419322690815,9.505344641460416,circular
727,1100,700,90.59313247488392,-85,-85,-85,-85,1350,700,22.679537868368566,9.505344641460416,circular
728,1100,700,90.59313247488392,-85,-85,-85,-85,1350,700,32.18488250982898,9.505344641460416,circular
729,1100,700,90.59313247488392,-85,-85,-85,-85,1350,700,41.6902271512894,9.505344641460416,circular
730,1100,700,90.59313247488392,-85,-85,-85,-85,1350,700,51.19557179274982,9.505344641460416,circular
731,1100,700,90.59313247488392,-85,-85,-85,-85,1350,700,60.700916434210235,9.505344641460416,circular
732,1100,700,90.59313247488392,-85,-85,-85,-85,1350,700,70.20626107567065,9.505344641460416,circular
733,1100,700,90.59313247488392,-85,-85,-85,-85,1350,700,79.71160571713106,9.505344641460416,circular
734,1100,700,90.59313247488392,-85,-85,-85,-85,1350,700,89.21695035859148,9.505344641460416,circular
735,1100,700,90.59313247488392,-85,-85,-85,-85,1350,700,98.72229500005189,9.505344641460416,circular
736,1100,700,90.59313247488392,-85,-85,-85,-85,1350,700,108.2276396415123,9.505344641460416,circular
737,1100,700,90.59313247488392,-85,-85,-85,-85,1350,700,117.73298428297271,9.505344641460416,circular
738,1100,700,90.59313247488392,-85,-85,-85,-85,1350,700,127.23832892443312,9.505344641460416,circular
739,1100,700,90.59313247488392,-85,-85,-85,-85,1350,700,136.74367356589354,9.505344641460416,circular
740,1100,700,90.59313247488392,-85,-85,11.505794098357505,17.513155499392102,1350,700,146.24901820735397,9.505344641460416,circular
741,1100,700,90.59313247488392,-85,-85,21.41811930585211,22.496022074683278,1350,700,155.7543628488144,9.505344641460416,circular
742,1100,700,90.59313247488392,-85,-85,24.1582774269213,24.646943359767004,1350,700,165.25970749027482,9.505344641460416,circular
743,1100,700,90.59313247488392,-85,-85,25.36180729449956,25.614204328866276,1350,700,174.76505213173525,9.505344641460416,circular
744,1100,700,90.59313247488392,-85,-85,25.9816463993744,26.053745949214605,1350,700,184.27039677319567,9.505344641460416,circular
745,1100,700,90.59313247488392,-85,-85,26.067010357935978,26.011117049096303,1350,700,193.7757414146561,9.505344641460416,circular
746,1100,700,90.59313247488392,-85,-85,25.684904084789977,25.452908776355446,1350,700,203.28108605611652,9.505344641460416,circular
747,1100,700,90.59313247488392,-85,-85,24.788337040832293,24.332711411139446,1350,700,212.78643069757695,9.505344641460416,circular
748,1100,700,90.59313247488392,-85,-85,22.793695368992225,21.81335663023087,1350,700,222.29177533903737,9.505344641460416,circular
749,1100,700,90.59313247488392,-85,-85,18.474304759512954,14.513447644213265,1350,700,231.7971199804978,9.505344641460416,circular
750,1100,700,90.59313247488392,-85,-85,-85,-85,1350,700,241.30246462195822,9.505344641460416,circular
751,1100,700,90.59313247488392,-85,-85,-85,-85,1350,700,250.80780926341865,9.505344641460416,circular
752,1100,700,90.59313247488392,-85,-85,-85,-85,1350,700,260.3131539048791,9.505344641460416,circular
753,1100,700,90.59313247488392,-85,-85,-85,-85,1350,700,269.81849854633947,9.505344641460416,circular
754,1100,700,90.59313247488392,-85,-85,-85,-85,1350,700,279.32384318779987,9.505344641460416,circular
755,1100,700,90.59313247488392,-85,-85,-85,-85,1350,700,288.82918782926026,9.505344641460416,circular
756,1100,700,90.59313247488392,-85,-85,-85,-85,1350,700,298.33453247072066,9.505344641460416,circular
757,1100,700,90.59313247488392,-85,-85,-85,-85,1350,700,307.83987711218106,9.505344641460416,circular
758,1100,700,90.59313247488392,-85,-85,-85,-85,1350,700,317.34522175364145,9.505344641460416,circular
759,1100,700,90.59313247488392,-85,-85,-85,-85,1350,700,326.85056639510185,9.505344641460416,circular
760,1100,700,90.59313247488392,-85,-85,-85,-85,1350,700,336.35591103656225,9.505344641460416,circular
761,1100,700,90.59313247488392,-85,-85,-85,-85,1350,700,345.86125567802264,9.505344641460416,circular
762,1100,700,90.59313247488392,-85,-85,-85,-85,1350,700,355.36660031948304,9.505344641460416,circular
763,1100,700,90.59313247488392,-85,-85,-85,-85,1350,700,4.871944960943438,9.505344641460416,circular
764,1100,700,90.59313247488392,-85,-85,-85,-85,1350,700,14.377289602403854,9.505344641460416,circular
765,1100,700,90.59313247488392,-85,-85,-85,-85,1350,700,23.88263424386427,9.505344641460416,circular
766,1100,700,90.59313247488392,-85,-85,-85,-85,1350,700,33.387978885324685,9.505344641460416,circular
767,1100,700,90.59313247488392,-85,-85,-85,-85,1350,700,42.8933235267851,9.505344641460416,circular
768,1100,700,90.59313247488392,-85,-85,-85,-85,1350,700,52.39866816824552,9.505344641460416,circular
769,1100,700,90.59313247488392,-85,-85,-85,-85,1350,700,61.90401280970594,9.505344641460416,circular
770,1100,700,90.59313247488392,-85,-85,-85,-85,1350,700,71.40935745116636,9.505344641460416,circular
771,1100,700,90.59313247488392,-85,-85,-85,-85,1350,700,80.91470209262677,9.505344641460416,circular
772,1100,700,90.59313247488392,-85,-85,-85,-85,1350,700,90.42004673408718,9.505344641460416,circular
773,1100,700,90.59313247488392,-85,-85,-85,-85,1350,700,99.92539137554759,9.505344641460416,circular
774,1100,700,90.59313247488392,-85,-85,-85,-85,1350,700,109.430736017008,9.505344641460416,circular
775,1100,700,90.59313247488392,-85,-85,-85,-85,1350,700,118.93608065846841,9.505344641460416,circular
776,1100,700,90.59313247488392,-85,-85,-85,-85,1350,700,128.44142529992882,9.505344641460416,circular
777,1100,700,90.59313247488392,-85,-85,-85,-85,1350,700,137.94676994138925,9.505344641460416,circular
778,1100,700,90.59313247488392,-85,-85,14.513447644213304,18.47430475951294,1350,700,147.45211458284967,9.505344641460416,circular
779,1100,700,90.59313247488392,-85,-85,21.813356630230874,23.06730250275713,1350,700,156.9574592243101,9.505344641460416,circular
780,1100,700,90.59313247488392,-85,-85,24.33271141113945,24.78833704083229,1350,700,166.46280386577052,9.505344641460416,circular
781,1100,700,90.59313247488392,-85,-85,25.452908776355446,25.7492610641292,1350,700,175.96814850723095,9.505344641460416,circular
782,1100,700,90.59313247488392,-85,-85,26.011117049096303,26.067010357935978,1350,700,185.47349314869138,9.505344641460416,circular
783,1100,700,90.59313247488392,-85,-85,26.053745949214605,25.946643644493044,1350,700,194.9788377901518,9.505344641460416,circular
784,1100,700,90.59313247488392,-85,-85,25.614204328866276,25.361807294499556,1350,700,204.48418243161223,9.505344641460416,circular
785,1100,700,90.59313247488392,-85,-85,24.646943359767004,23.97102224645776,1350,700,213.98952707307265,9.505344641460416,circular
786,1100,700,90.59313247488392,-85,-85,22.496022074683278,21.418119305852123,1350,700,223.49487171453308,9.505344641460416,circular
787,1100,700,90.59313247488392,-85,-85,17.51315549939211,-85,1350,700,233.0002163559935,9.505344641460416,circular
788,1100,700,90.59313247488392,-85,-85,-85,-85,1350,700,242.50556099745393,9.505344641460416,circular
789,1100,700,90.59313247488392,-85,-85,-85,-85,1350,700,252.01090563891435,9.505344641460416,circular
790,1100,700,90.59313247488392,-85,-85,-85,-85,1350,700,261.5162502803748,9.505344641460416,circular
791,1100,700,90.59313247488392,-85,-85,-85,-85,1350,700,271.0215949218352,9.505344641460416,circular
792,1100,700,90.59313247488392,-85,-85,-85,-85,1350,700,280.52693956329557,9.505344641460416,circular
793,1100,700,90.59313247488392,-85,-85,-85,-85,1350,700,290.03228420475597,9.505344641460416,circular
794,1100,700,90.59313247488392,-85,-85,-85,-85,1350,700,299.53762884621636,9.505344641460416,circular
795,1100,700,90.59313247488392,-85,-85,-85,-85,1350,700,309.04297348767676,9.505344641460416,circular
796,1100,700,90.59313247488392,-85,-85,-85,-85,1350,700,318.54831812913716,9.505344641460416,circular
797,1100,700,90.59313247488392,-85,-85,-85,-85,1350,700,328.05366277059755,9.505344641460416,circular
798,1100,700,90.59313247488392,-85,-85,-85,-85,1350,700,337.55900741205795,9.505344641460416,circular
799,1100,700,90.59313247488392,-85,-85,-85,-85,1350,700,347.06435205351835,9.505344641460416,circular
800,1100,700,90.59313247488392,-85,-85,-85,-85,1350,700,356.56969669497875,9.505344641460416,circular
801,1100,700,90.59313247488392,-85,-85,-85,-85,1350,700,6.075041336439142,9.505344641460416,circular
802,1100,700,90.59313247488392,-85,-85,-85,-85,1350,700,15.580385977899558,9.505344641460416,circular
803,1100,700,90.59313247488392,-85,-85,-85,-85,1350,700,25.085730619359975,9.505344641460416,circular
804,1100,700,90.59313247488392,-85,-85,-85,-85,1350,700,34.59107526082039,9.505344641460416,circular
805,1100,700,90.59313247488392,-85,-85,-85,-85,1350,700,44.09641990228081,9.505344641460416,circular
806,1100,700,90.59313247488392,-85,-85,-85,-85,1350,700,53.601764543741226,9.505344641460416,circular
807,1100,700,90.59313247488392,-85,-85,-85,-85,1350,700,63.107109185201644,9.505344641460416,circular
808,1100,700,90.59313247488392,-85,-85,-85,-85,1350,700,72.61245382666206,9.505344641460416,circular
809,1100,700,90.59313247488392,-85,-85,-85,-85,1350,700,82.11779846812247,9.505344641460416,circular
810,1100,700,90.59313247488392,-85,-85,-85,-85,1350,700,91.62314310958288,9.505344641460416,circular
811,1100,700,90.59313247488392,-85,-85,-85,-85,1350,700,101.1284877510433,9.505344641460416,circular
812,1100,700,90.59313247488392,-85,-85,-85,-85,1350,700,110.6338323925037,9.505344641460416,circular
813,1100,700,90.59313247488392,-85,-85,-85,-85,1350,700,120.13917703396412,9.505344641460416,circular
814,1100,700,90.59313247488392,-85,-85,-85,-85,1350,700,129.64452167542453,9.505344641460416,circular
815,1100,700,90.59313247488392,-85,-85,-85,-85,1350,700,139.14986631688495,9.505344641460416,circular
816,1100,700,90.59313247488392,-85,-85,16.269948115724727,19.25639156218217,1350,700,148.65521095834538,9.505344641460416,circular
817,1100,700,90.59313247488392,-85,-85,22.496022074683278,23.31969953712386,1350,700,158.1605555998058,9.505344641460416,circular
818,1100,700,90.59313247488392,-85,-85,24.495315191602927,24.92014212493214,1350,700,167.66590024126623,9.505344641460416,circular
819,1100,700,90.59313247488392,-85,-85,25.614204328866276,25.80746062382631,1350,700,177.17124488272665,9.505344641460416,circular
820,1100,700,90.59313247488392,-85,-85,26.035130213615616,26.074956048612798,1350,700,186.67658952418708,9.505344641460416,circular
821,1100,700,90.59313247488392,-85,-85,26.011117049096303,25.906018829630398,1350,700,196.1819341656475,9.505344641460416,circular
822,1100,700,90.59313247488392,-85,-85,25.536951728381826,25.263344594616918,1350,700,205.68727880710793,9.505344641460416,circular
823,1100,700,90.59313247488392,-85,-85,24.332711411139446,23.769789312347285,1350,700,215.19262344856836,9.505344641460416,circular
824,1100,700,90.59313247488392,-85,-85,22.170735458799452,20.97742610025735,1350,700,224.69796809002878,9.505344641460416,circular
825,1100,700,90.59313247488392,-85,-85,14.513447644213265,-85,1350,700,234.2033127314892,9.505344641460416,circular
826,1100,700,90.59313247488392,-85,-85,-85,-85,1350,700,243.70865737294963,9.505344641460416,circular
827,1100,700,90.59313247488392,-85,-85,-85,-85,1350,700,253.21400201441006,9.505344641460416,circular
828,1100,700,90.59313247488392,-85,-85,-85,-85,1350,700,262.7193466558705,9.505344641460416,circular
829,1100,700,90.59313247488392,-85,-85,-85,-85,1350,700,272.2246912973309,9.505344641460416,circular
830,1100,700,90.59313247488392,-85,-85,-85,-85,1350,700,281.7300359387913,9.505344641460416,circular
831,1100,700,90.59313247488392,-85,-85,-85,-85,1350,700,291.2353805802517,9.505344641460416,circular
832,1100,700,90.59313247488392,-85,-85,-85,-85,1350,700,300.74072522171207,9.505344641460416,circular
833,1100,700,90.59313247488392,-85,-85,-85,-85,1350,700,310.24606986317247,9.505344641460416,circular
834,1100,700,90.59313247488392,-85,-85,-85,-85,1350,700,319.75141450463286,9.505344641460416,circular
835,1100,700,90.59313247488392,-85,-85,-85,-85,1350,700,329.25675914609326,9.505344641460416,circular
836,1100,700,90.59313247488392,-85,-85,-85,-85,1350,700,338.76210378755366,9.505344641460416,circular
837,1100,700,90.59313247488392,-85,-85,-85,-85,1350,700,348.26744842901405,9.505344641460416,circular
838,1100,700,90.59313247488392,-85,-85,-85,-85,1350,700,357.77279307047445,9.505344641460416,circular
839,1100,700,90.59313247488392,-85,-85,-85,-85,1350,700,7.278137711934846,9.505344641460416,circular
840,1100,700,90.59313247488392,-85,-85,-85,-85,1350,700,16.783482353395264,9.505344641460416,circular
841,1100,700,90.59313247488392,-85,-85,-85,-85,1350,700,26.288826994855683,9.505344641460416,circular
842,1100,700,90.59313247488392,-85,-85,-85,-85,1350,700,35.7941716363161,9.505344641460416,circular
843,1100,700,90.59313247488392,-85,-85,-85,-85,1350,700,45.29951627777652,9.505344641460416,circular
844,1100,700,90.59313247488392,-85,-85,-85,-85,1350,700,54.80486091923694,9.505344641460416,circular
845,1100,700,90.59313247488392,-85,-85,-85,-85,1350,700,64.31020556069736,9.505344641460416,circular
846,1100,700,90.59313247488392,-85,-85,-85,-85,1350,700,73.81555020215777,9.505344641460416,circular
847,1100,700,90.59313247488392,-85,-85,-85,-85,1350,700,83.32089484361818,9.505344641460416,circular
848,1100,700,90.59313247488392,-85,-85,-85,-85,1350,700,92.82623948507859,9.505344641460416,circular
849,1100,700,90.59313247488392,-85,-85,-85,-85,1350,700,102.331584126539,9.505344641460416,circular
850,1100,700,90.59313247488392,-85,-85,-85,-85,1350,700,111.83692876799941,9.505344641460416,circular
851,1100,700,90.59313247488392,-85,-85,-85,-85,1350,700,121.34227340945982,9.505344641460416,circular
852,1100,700,90.59313247488392,-85,-85,-85,-85,1350,700,130.84761805092023,9.505344641460416,circular
853,1100,700,90.59313247488392,-85,-85,-85,-85,1350,700,140.35296269238066,9.505344641460416,circular
854,1100,700,90.59313247488392,-85,-85,17.513155499392102,20.48098321025059,1350,700,149.85830733384108,9.505344641460416,circular
855,1100,700,90.59313247488392,-85,-85,22.793695368992218,23.553218972269416,1350,700,159.3636519753015,9.505344641460416,circular
856,1100,700,90.59313247488392,-85,-85,24.646943359767004,25.157178905256924,1350,700,168.86899661676193,9.505344641460416,circular
857,1100,700,90.59313247488392,-85,-85,25.684904084789974,25.859665714847075,1350,700,178.37434125822236,9.505344641460416,circular
858,1100,700,90.59313247488392,-85,-85,26.053745949214605,26.077602459396946,1350,700,187.87968589968278,9.505344641460416,circular
859,1100,700,90.59313247488392,-85,-85,25.9816463993744,25.859665714847075,1350,700,197.3850305411432,9.505344641460416,circular
860,1100,700,90.59313247488392,-85,-85,25.452908776355446,25.042923900792417,1350,700,206.89037518260363,9.505344641460416,circular
861,1100,700,90.59313247488392,-85,-85,24.1582774269213,23.553218972269416,1350,700,216.39571982406406,9.505344641460416,circular
862,1100,700,90.59313247488392,-85,-85,21.81335663023087,19.914354227256315,1350,700,225.90106446552448,9.505344641460416,circular
863,1100,700,90.59313247488392,-85,-85,11.50579409835762,-85,1350,700,235.4064091069849,9.505344641460416,circular
864,1100,700,90.59313247488392,-85,-85,-85,-85,1350,700,244.91175374844534,9.505344641460416,circular
865,1100,700,90.59313247488392,-85,-85,-85,-85,1350,700,254.41709838990576,9.505344641460416,circular
866,1100,700,90.59313247488392,-85,-85,-85,-85,1350,700,263.9224430313662,9.505344641460416,circular
867,1100,700,90.59313247488392,-85,-85,-85,-85,1350,700,273.4277876728266,9.505344641460416,circular
868,1100,700,90.59313247488392,-85,-85,-85,-85,1350,700,282.933132314287,9.505344641460416,circular
869,1100,700,90.59313247488392,-85,-85,-85,-85,1350,700,292.4384769557474,9.505344641460416,circular
870,1100,700,90.59313247488392,-85,-85,-85,-85,1350,700,301.9438215972078,9.505344641460416,circular
871,1100,700,90.59313247488392,-85,-85,-85,-85,1350,700,311.44916623866817,9.505344641460416,circular
872,1100,700,90.59313247488392,-85,-85,-85,-85,1350,700,320.95451088012857,9.505344641460416,circular
873,1100,700,90.59313247488392,-85,-85,-85,-85,1350,700,330.45985552158896,9.505344641460416,circular
874,1100,700,90.59313247488392,-85,-85,-85,-85,1350,700,339.96520016304936,9.505344641460416,circular
875,1100,700,90.59313247488392,-85,-85,-85,-85,1350,700,349.47054480450976,9.505344641460416,circular
876,1100,700,90.59313247488392,-85,-85,-85,-85,1350,700,358.97588944597015,9.505344641460416,circular
877,1100,700,90.59313247488392,-85,-85,-85,-85,1350,700,8.48123408743055,9.505344641460416,circular
878,1100,700,90.59313247488392,-85,-85,-85,-85,1350,700,17.98657872889097,9.505344641460416,circular
879,1100,700,90.59313247488392,-85,-85,-85,-85,1350,700,27.491923370351387,9.505344641460416,circular
880,1100,700,90.59313247488392,-85,-85,-85,-85,1350,700,36.997268011811805,9.505344641460416,circular
881,1100,700,90.59313247488392,-85,-85,-85,-85,1350,700,46.50261265327222,9.505344641460416,circular
882,1100,700,90.59313247488392,-85,-85,-85,-85,1350,700,56.00795729473264,9.505344641460416,circular
883,1100,700,90.59313247488392,-85,-85,-85,-85,1350,700,65.51330193619306,9.505344641460416,circular
884,1100,700,90.59313247488392,-85,-85,-85,-85,1350,700,75.01864657765347,9.505344641460416,circular
885,1100,700,90.59313247488392,-85,-85,-85,-85,1350,700,84.52399121911388,9.505344641460416,circular
886,1100,700,90.59313247488392,-85,-85,-85,-85,1350,700,94.02933586057429,9.505344641460416,circular
887,1100,700,90.59313247488392,-85,-85,-85,-85,1350,700,103.5346805020347,9.505344641460416,circular
888,1100,700,90.59313247488392,-85,-85,-85,-85,1350,700,113.04002514349511,9.505344641460416,circular
889,1100,700,90.59313247488392,-85,-85,-85,-85,1350,700,122.54536978495553,9.505344641460416,circular
890,1100,700,90.59313247488392,-85,-85,-85,-85,1350,700,132.05071442641594,9.505344641460416,circular
891,1100,700,90.59313247488392,-85,-85,-85,-85,1350,700,141.55605906787636,9.505344641460416,circular
892,1100,700,90.59313247488392,-85,-85,18.47430475951294,20.97742610025734,1350,700,151.0614037093368,9.505344641460416,circular
893,1100,700,90.59313247488392,-85,-85,23.06730250275713,23.769789312347285,1350,700,160.5667483507972,9.505344641460416,circular
894,1100,700,90.59313247488392,-85,-85,24.78833704083229,25.26334459461691,1350,700,170.07209299225764,9.505344641460416,circular
895,1100,700,90.59313247488392,-85,-85,25.7492610641292,25.906018829630398,1350,700,179.57743763371806,9.505344641460416,circular
896,1100,700,90.59313247488392,-85,-85,26.067010357935978,26.074956048612798,1350,700,189.0827822751785,9.505344641460416,circular
897,1100,700,90.59313247488392,-85,-85,25.946643644493044,25.807460623826316,1350,700,198.5881269166389,9.505344641460416,circular
898,1100,700,90.59313247488392,-85,-85,25.361807294499556,24.92014212493214,1350,700,208.09347155809934,9.505344641460416,circular
899,1100,700,90.59313247488392,-85,-85,23.97102224645776,23.319699537123853,1350,700,217.59881619955976,9.505344641460416,circular
900,1100,700,90.59313247488392,-85,-85,21.418119305852123,19.25639156218219,1350,700,227.1041608410202,9.505344641460416,circular
901,1100,700,90.59313247488392,-85,-85,-85,-85,1350,700,236.6095054824806,9.505344641460416,circular
902,1100,700,90.59313247488392,-85,-85,-85,-85,1350,700,246.11485012394104,9.505344641460416,circular
903,1100,700,90.59313247488392,-85,-85,-85,-85,1350,700,255.62019476540146,9.505344641460416,circular
904,1100,700,90.59313247488392,-85,-85,-85,-85,1350,700,265.1255394068619,9.505344641460416,circular
905,1100,700,90.59313247488392,-85,-85,-85,-85,1350,700,274.6308840483223,9.505344641460416,circular
906,1100,700,90.59313247488392,-85,-85,-85,-85,1350,700,284.1362286897827,9.505344641460416,circular
907,1100,700,90.59313247488392,-85,-85,-85,-85,1350,700,293.6415733312431,9.505344641460416,circular
908,1100,700,90.59313247488392,-85,-85,-85,-85,1350,700,303.1469179727035,9.505344641460416,circular
909,1100,700,90.59313247488392,-85,-85,-85,-85,1350,700,312.6522626141639,9.505344641460416,circular
910,1100,700,90.59313247488392,-85,-85,-85,-85,1350,700,322.15760725562427,9.505344641460416,circular
911,1100,700,90.59313247488392,-85,-85,-85,-85,1350,700,331.66295189708467,9.505344641460416,circular
912,1100,700,90.59313247488392,-85,-85,-85,-85,1350,700,341.16829653854506,9.505344641460416,circular
913,1100,700,90.59313247488392,-85,-85,-85,-85,1350,700,350.67364118000546,9.505344641460416,circular
914,1100,700,90.59313247488392,-85,-85,-85,-85,1350,700,0.17898582146585795,9.505344641460416,circular
915,1100,700,90.59313247488392,-85,-85,-85,-85,1350,700,9.684330462926274,9.505344641460416,circular
916,1100,700,90.59313247488392,-85,-85,-85,-85,1350,700,19.18967510438669,9.505344641460416,circular
917,1100,700,90.59313247488392,-85,-85,-85,-85,1350,700,28.695019745847105,9.505344641460416,circular
918,1100,700,90.59313247488392,-85,-85,-85,-85,1350,700,38.20036438730752,9.505344641460416,circular
919,1100,700,90.59313247488392,-85,-85,-85,-85,1350,700,47.70570902876794,9.505344641460416,circular
920,1100,700,90.59313247488392,-85,-85,-85,-85,1350,700,57.21105367022836,9.505344641460416,circular
921,1100,700,90.59313247488392,-85,-85,-85,-85,1350,700,66.71639831168878,9.505344641460416,circular
922,1100,700,90.59313247488392,-85,-85,-85,-85,1350,700,76.22174295314919,9.505344641460416,circular
923,1100,700,90.59313247488392,-85,-85,-85,-85,1350,700,85.7270875946096,9.505344641460416,circular
924,1100,700,90.59313247488392,-85,-85,-85,-85,1350,700,95.23243223607001,9.505344641460416,circular
925,1100,700,90.59313247488392,-85,-85,-85,-85,1350,700,104.73777687753042,9.505344641460416,circular
926,1100,700,90.59313247488392,-85,-85,-85,-85,1350,700,114.24312151899083,9.505344641460416,circular
927,1100,700,90.59313247488392,-85,-85,-85,-85,1350,700,123.74846616045124,9.505344641460416,circular
928,1100,700,90.59313247488392,-85,-85,-85,-85,1350,700,133.25381080191167,9.505344641460416,circular
929,1100,700,90.59313247488392,-85,-85,-85,-85,1350,700,142.7591554433721,9.505344641460416,circular
930,1100,700,90.59313247488392,-85,-85,19.91435422725632,21.41811930585211,1350,700,152.26450008483252,9.505344641460416,circular
931,1100,700,90.59313247488392,-85,-85,23.31969953712386,23.971022246457757,1350,700,161.76984472629294,9.505344641460416,circular
932,1100,700,90.59313247488392,-85,-85,25.042923900792417,25.36180729449956,1350,700,171.27518936775337,9.505344641460416,circular
933,1100,700,90.59313247488392,-85,-85,25.80746062382631,25.946643644493044,1350,700,180.7805340092138,9.505344641460416,circular
934,1100,700,90.59313247488392,-85,-85,26.077602459396946,26.067010357935978,1350,700,190.28587865067422,9.505344641460416,circular
935,1100,700,90.59313247488392,-85,-85,25.906018829630398,25.7492610641292,1350,700,199.79122329213465,9.505344641460416,circular
936,1100,700,90.59313247488392,-85,-85,25.157178905256924,24.788337040832293,1350,700,209.29656793359507,9.505344641460416,circular
937,1100,700,90.59313247488392,-85,-85,23.769789312347285,23.067302502757133,1350,700,218.8019125750555,9.505344641460416,circular
938,1100,700,90.59313247488392,-85,-85,20.48098321025059,18.474304759512954,1350,700,228.30725721651592,9.505344641460416,circular
939,1100,700,90.59313247488392,-85,-85,-85,-85,1350,700,237.81260185797635,9.505344641460416,circular
940,1100,700,90.59313247488392,-85,-85,-85,-85,1350,700,247.31794649943677,9.505344641460416,circular
941,1100,700,90.59313247488392,-85,-85,-85,-85,1350,700,256.8232911408972,9.505344641460416,circular
942,1100,700,90.59313247488392,-85,-85,-85,-85,1350,700,266.3286357823576,9.505344641460416,circular
943,1100,700,90.59313247488392,-85,-85,-85,-85,1350,700,275.833980423818,9.505344641460416,circular
944,1100,700,90.59313247488392,-85,-85,-85,-85,1350,700,285.3393250652784,9.505344641460416,circular
945,1100,700,90.59313247488392,-85,-85,-85,-85,1350,700,294.8446697067388,9.505344641460416,circular
946,1100,700,90.59313247488392,-85,-85,-85,-85,1350,700,304.3500143481992,9.505344641460416,circular
947,1100,700,90.59313247488392,-85,-85,-85,-85,1350,700,313.8553589896596,9.505344641460416,circular
948,1100,700,90.59313247488392,-85,-85,-85,-85,1350,700,323.36070363112,9.505344641460416,circular
949,1100,700,90.59313247488392,-85,-85,-85,-85,1350,700,332.8660482725804,9.505344641460416,circular
950,1100,700,90.59313247488392,-85,-85,-85,-85,1350,700,342.37139291404077,9.505344641460416,circular
951,1100,700,90.59313247488392,-85,-85,-85,-85,1350,700,351.87673755550117,9.505344641460416,circular
952,1100,700,90.59313247488392,-85,-85,-85,-85,1350,700,1.3820821969615622,9.505344641460416,circular
953,1100,700,90.59313247488392,-85,-85,-85,-85,1350,700,10.887426838421979,9.505344641460416,circular
954,1100,700,90.59313247488392,-85,-85,-85,-85,1350,700,20.392771479882395,9.505344641460416,circular
955,1100,700,90.59313247488392,-85,-85,-85,-85,1350,700,29.89811612134281,9.505344641460416,circular
956,1100,700,90.59313247488392,-85,-85,-85,-85,1350,700,39.40346076280323,9.505344641460416,circular
957,1100,700,90.59313247488392,-85,-85,-85,-85,1350,700,48.908805404263646,9.505344641460416,circular
958,1100,700,90.59313247488392,-85,-85,-85,-85,1350,700,58.414150045724064,9.505344641460416,circular
959,1100,700,90.59313247488392,-85,-85,-85,-85,1350,700,67.91949468718448,9.505344641460416,circular
960,1100,700,90.59313247488392,-85,-85,-85,-85,1350,700,77.4248393286449,9.505344641460416,circular
961,1100,700,90.59313247488392,-85,-85,-85,-85,1350,700,86.9301839701053,9.505344641460416,circular
962,1100,700,90.59313247488392,-85,-85,-85,-85,1350,700,96.43552861156572,9.505344641460416,circular
963,1100,700,90.59313247488392,-85,-85,-85,-85,1350,700,105.94087325302613,9.505344641460416,circular
964,1100,700,90.59313247488392,-85,-85,-85,-85,1350,700,115.44621789448654,9.505344641460416,circular
965,1100,700,90.59313247488392,-85,-85,-85,-85,1350,700,124.95156253594695,9.505344641460416,circular
966,1100,700,90.59313247488392,-85,-85,-85,-85,1350,700,134.45690717740737,9.505344641460416,circular
967,1100,700,90.59313247488392,-85,-85,-85,14.513447644213304,1350,700,143.9622518188678,9.505344641460416,circular
968,1100,700,90.59313247488392,-85,-85,20.48098321025059,21.813356630230874,1350,700,153.46759646032822,9.505344641460416,circular
969,1100,700,90.59313247488392,-85,-85,23.553218972269416,24.33271141113945,1350,700,162.97294110178865,9.505344641460416,circular
970,1100,700,90.59313247488392,-85,-85,25.157178905256924,25.452908776355446,1350,700,172.47828574324907,9.505344641460416,circular
971,1100,700,90.59313247488392,-85,-85,25.859665714847075,26.011117049096303,1350,700,181.9836303847095,9.505344641460416,circular
972,1100,700,90.59313247488392,-85,-85,26.077602459396946,26.053745949214605,1350,700,191.48897502616992,9.505344641460416,circular
973,1100,700,90.59313247488392,-85,-85,25.859665714847075,25.614204328866276,1350,700,200.99431966763035,9.505344641460416,circular
974,1100,700,90.59313247488392,-85,-85,25.042923900792417,24.646943359767004,1350,700,210.49966430909078,9.505344641460416,circular
975,1100,700,90.59313247488392,-85,-85,23.553218972269416,22.496022074683278,1350,700,220.0050089505512,9.505344641460416,circular
976,1100,700,90.59313247488392,-85,-85,19.914354227256315,17.51315549939211,1350,700,229.51035359201163,9.505344641460416,circular
977,1100,700,90.59313247488392,-85,-85,-85,-85,1350,700,239.01569823347205,9.505344641460416,circular
978,1100,700,90.59313247488392,-85,-85,-85,-85,1350,700,248.52104287493248,9.505344641460416,circular
979,1100,700,90.59313247488392,-85,-85,-85,-85,1350,700,258.0263875163929,9.505344641460416,circular
980,1100,700,90.59313247488392,-85,-85,-85,-85,1350,700,267.5317321578533,9.505344641460416,circular
981,1100,700,90.59313247488392,-85,-85,-85,-85,1350,700,277.0370767993137,9.505344641460416,circular
982,1100,700,90.59313247488392,-85,-85,-85,-85,1350,700,286.5424214407741,9.505344641460416,circular
983,1100,700,90.59313247488392,-85,-85,-85,-85,1350,700,296.0477660822345,9.505344641460416,circular
984,1100,700,90.59313247488392,-85,-85,-85,-85,1350,700,305.5531107236949,9.505344641460416,circular
985,1100,700,90.59313247488392,-85,-85,-85,-85,1350,700,315.0584553651553,9.505344641460416,circular
986,1100,700,90.59313247488392,-85,-85,-85,-85,1350,700,324.5638000066157,9.505344641460416,circular
987,1100,700,90.59313247488392,-85,-85,-85,-85,1350,700,334.0691446480761,9.505344641460416,circular
988,1100,700,90.59313247488392,-85,-85,-85,-85,1350,700,343.5744892895365,9.505344641460416,circular
989,1100,700,90.59313247488392,-85,-85,-85,-85,1350,700,353.07983393099687,9.505344641460416,circular
990,1100,700,90.59313247488392,-85,-85,-85,-85,1350,700,2.5851785724572665,9.505344641460416,circular
991,1100,700,90.59313247488392,-85,-85,-85,-85,1350,700,12.090523213917683,9.505344641460416,circular
992,1100,700,90.59313247488392,-85,-85,-85,-85,1350,700,21.5958678553781,9.505344641460416,circular
993,1100,700,90.59313247488392,-85,-85,-85,-85,1350,700,31.101212496838514,9.505344641460416,circular
994,1100,700,90.59313247488392,-85,-85,-85,-85,1350,700,40.60655713829893,9.505344641460416,circular
995,1100,700,90.59313247488392,-85,-85,-85,-85,1350,700,50.11190177975935,9.505344641460416,circular
996,1100,700,90.59313247488392,-85,-85,-85,-85,1350,700,59.61724642121977,9.505344641460416,circular
997,1100,700,90.59313247488392,-85,-85,-85,-85,1350,700,69.12259106268019,9.505344641460416,circular
998,1100,700,90.59313247488392,-85,-85,-85,-85,1350,700,78.6279357041406,9.505344641460416,circular
999,1100,700,90.59313247488392,-85,-85,-85,-85,1350,700,88.13328034560101,9.505344641460416,circular
