Tick,Aircraft X,Aircraft Y,Aircraft Heading,A1,A2,A3,A4,Radar X,Radar Y,Radar Azimuth,Radar RPM,Radar Scan Pattern
0,1100,700,143.8428180352311,-85,-85,-85,-85,1350,700,134.02618696986065,18.127517693581673,circular
1,1100,700,143.8428180352311,-85,-85,-85,-85,1350,700,152.1537046634423,18.127517693581673,circular
2,1100,700,143.8428180352311,-85,23.06730250275713,23.769789312347285,-85,1350,700,170.28122235702398,18.127517693581673,circular
3,1100,700,143.8428180352311,-85,25.7492610641292,25.859665714847075,-85,1350,700,188.40874005060564,18.127517693581673,circular
4,1100,700,143.8428180352311,-85,25.9816463993744,25.906018829630398,-85,1350,700,206.5362577441873,18.127517693581673,circular
5,1100,700,143.8428180352311,-85,24.332711411139446,23.97102224645776,-85,1350,700,224.66377543776898,18.127517693581673,circular
6,1100,700,143.8428180352311,-85,16.269948115724716,-85,-85,1350,700,242.79129313135064,18.127517693581673,circular
7,1100,700,143.8428180352311,-85,-85,-85,-85,1350,700,260.91881082493234,18.127517693581673,circular
8,1100,700,143.8428180352311,-85,-85,-85,-85,1350,700,279.04632851851403,18.127517693581673,circular
9,1100,700,143.8428180352311,-85,-85,-85,-85,1350,700,297.1738462120957,18.127517693581673,circular
10,1100,700,143.8428180352311,-85,-85,-85,-85,1350,700,315.3013639056774,18.127517693581673,circular
11,1100,700,143.8428180352311,-85,-85,-85,-85,1350,700,333.4288815992591,18.127517693581673,circular
12,1100,700,143.8428180352311,-85,-85,-85,-85,1350,700,351.5563992928408,18.127517693581673,circular
13,1100,700,143.8428180352311,-85,-85,-85,-85,1350,700,9.683916986422503,18.127517693581673,circular
14,1100,700,143.8428180352311,-85,-85,-85,-85,1350,700,27.811434680004176,18.127517693581673,circular
15,1100,700,143.8428180352311,-85,-85,-85,-85,1350,700,45.93895237358585,18.127517693581673,circular
16,1100,700,143.8428180352311,-85,-85,-85,-85,1350,700,64.06647006716753,18.127517693581673,circular
17,1100,700,143.8428180352311,-85,-85,-85,-85,1350,700,82.1939877607492,18.127517693581673,circular
18,1100,700,143.8428180352311,-85,-85,-85,-85,1350,700,100.32150545433086,18.127517693581673,circular
19,1100,700,143.8428180352311,-85,-85,-85,-85,1350,700,118.44902314791253,18.127517693581673,circular
20,1100,700,143.8428180352311,-85,-85,-85,-85,1350,700,136.5765408414942,18.127517693581673,circular
21,1100,700,143.8428180352311,-85,-85,14.513447644213304,-85,1350,700,154.70405853507586,18.127517693581673,circular
22,1100,700,143.8428180352311,-85,23.769789312347285,24.33271141113945,-85,1350,700,172.83157622865753,18.127517693581673,circular
23,1100,700,143.8428180352311,-85,25.859665714847075,25.9816463993744,-85,1350,700,190.9590939222392,18.127517693581673,circular
24,1100,700,143.8428180352311,-85,25.906018829630398,25.7492610641292,-85,1350,700,209.08661161582086,18.127517693581673,circular
25,1100,700,143.8428180352311,-85,23.97102224645776,23.319699537123853,-85,1350,700,227.21412930940252,18.127517693581673,circular
26,1100,700,143.8428180352311,-85,11.50579409835762,-85,-85,1350,700,245.3416470029842,18.127517693581673,circular
27,1100,700,143.8428180352311,-85,-85,-85,-85,1350,700,263.4691646965659,18.127517693581673,circular
28,1100,700,143.8428180352311,-85,-85,-85,-85,1350,700,281.5966823901476,18.127517693581673,circular
29,1100,700,143.8428180352311,-85,-85,-85,-85,1350,700,299.7242000837293,18.127517693581673,circular
30,1100,700,143.8428180352311,-85,-85,-85,-85,1350,700,317.85171777731097,18.127517693581673,circular
31,1100,700,143.8428180352311,-85,-85,-85,-85,1350,700,335.97923547089266,18.127517693581673,circular
32,1100,700,143.8428180352311,-85,-85,-85,-85,1350,700,354.10675316447436,18.127517693581673,circular
33,1100,700,143.8428180352311,-85,-85,-85,-85,1350,700,12.23427085805605,18.127517693581673,circular
34,1100,700,143.8428180352311,-85,-85,-85,-85,1350,700,30.361788551637723,18.127517693581673,circular
35,1100,700,143.8428180352311,-85,-85,-85,-85,1350,700,48.489306245219396,18.127517693581673,circular
36,1100,700,143.8428180352311,-85,-85,-85,-85,1350,700,66.61682393880108,18.127517693581673,circular
37,1100,700,143.8428180352311,-85,-85,-85,-85,1350,700,84.74434163238274,18.127517693581673,circular
38,1100,700,143.8428180352311,-85,-85,-85,-85,1350,700,102.87185932596441,18.127517693581673,circular
39,1100,700,143.8428180352311,-85,-85,-85,-85,1350,700,120.99937701954607,18.127517693581673,circular
40,1100,700,143.8428180352311,-85,-85,-85,-85,1350,700,139.12689471312774,18.127517693581673,circular
41,1100,700,143.8428180352311,-85,14.513447644213304,18.47430475951294,-85,1350,700,157.2544124067094,18.127517693581673,circular
42,1100,700,143.8428180352311,-85,24.1582774269213,24.646943359767004,-85,1350,700,175.38193010029107,18.127517693581673,circular
43,1100,700,143.8428180352311,-85,25.9816463993744,26.035130213615616,-85,1350,700,193.50944779387274,18.127517693581673,circular
44,1100,700,143.8428180352311,-85,25.7492610641292,25.614204328866276,-85,1350,700,211.6369654874544,18.127517693581673,circular
45,1100,700,143.8428180352311,-85,23.319699537123853,22.496022074683278,-85,1350,700,229.76448318103607,18.127517693581673,circular
46,1100,700,143.8428180352311,-85,-85,-85,-85,1350,700,247.89200087461774,18.127517693581673,circular
47,1100,700,143.8428180352311,-85,-85,-85,-85,1350,700,266.01951856819943,18.127517693581673,circular
48,1100,700,143.8428180352311,-85,-85,-85,-85,1350,700,284.1470362617811,18.127517693581673,circular
49,1100,700,143.8428180352311,-85,-85,-85,-85,1350,700,302.2745539553628,18.127517693581673,circular
50,1100,700,143.8428180352311,-85,-85,-85,-85,1350,700,320.4020716489445,18.127517693581673,circular
51,1100,700,143.8428180352311,-85,-85,-85,-85,1350,700,338.5295893425262,18.127517693581673,circular
52,1100,700,143.8428180352311,-85,-85,-85,-85,1350,700,356.6571070361079,18.127517693581673,circular
53,1100,700,143.8428180352311,-85,-85,-85,-85,1350,700,14.784624729689597,18.127517693581673,circular
54,1100,700,143.8428180352311,-85,-85,-85,-85,1350,700,32.91214242327127,18.127517693581673,circular
55,1100,700,143.8428180352311,-85,-85,-85,-85,1350,700,51.03966011685294,18.127517693581673,circular
56,1100,700,143.8428180352311,-85,-85,-85,-85,1350,700,69.16717781043462,18.127517693581673,circular
57,1100,700,143.8428180352311,-85,-85,-85,-85,1350,700,87.29469550401629,18.127517693581673,circular
58,1100,700,143.8428180352311,-85,-85,-85,-85,1350,700,105.42221319759796,18.127517693581673,circular
59,1100,700,143.8428180352311,-85,-85,-85,-85,1350,700,123.54973089117962,18.127517693581673,circular
60,1100,700,143.8428180352311,-85,-85,-85,-85,1350,700,141.6772485847613,18.127517693581673,circular
61,1100,700,143.8428180352311,-85,18.47430475951294,20.48098321025059,-85,1350,700,159.80476627834295,18.127517693581673,circular
62,1100,700,143.8428180352311,-85,24.646943359767004,25.042923900792417,-85,1350,700,177.93228397192462,18.127517693581673,circular
63,1100,700,143.8428180352311,-85,26.035130213615616,26.074956048612798,-85,1350,700,196.05980166550628,18.127517693581673,circular
64,1100,700,143.8428180352311,-85,25.614204328866276,25.361807294499556,-85,1350,700,214.18731935908795,18.127517693581673,circular
65,1100,700,143.8428180352311,-85,22.793695368992225,21.81335663023087,-85,1350,700,232.31483705266962,18.127517693581673,circular
66,1100,700,143.8428180352311,-85,-85,-85,-85,1350,700,250.44235474625128,18.127517693581673,circular
67,1100,700,143.8428180352311,-85,-85,-85,-85,1350,700,268.569872439833,18.127517693581673,circular
68,1100,700,143.8428180352311,-85,-85,-85,-85,1350,700,286.6973901334147,18.127517693581673,circular
69,1100,700,143.8428180352311,-85,-85,-85,-85,1350,700,304.82490782699637,18.127517693581673,circular
70,1100,700,143.8428180352311,-85,-85,-85,-85,1350,700,322.95242552057806,18.127517693581673,circular
71,1100,700,143.8428180352311,-85,-85,-85,-85,1350,700,341.07994321415975,18.127517693581673,circular
72,1100,700,143.8428180352311,-85,-85,-85,-85,1350,700,359.20746090774145,18.127517693581673,circular
73,1100,700,143.8428180352311,-85,-85,-85,-85,1350,700,17.334978601323144,18.127517693581673,circular
74,1100,700,143.8428180352311,-85,-85,-85,-85,1350,700,35.46249629490482,18.127517693581673,circular
75,1100,700,143.8428180352311,-85,-85,-85,-85,1350,700,53.59001398848649,18.127517693581673,circular
76,1100,700,143.8428180352311,-85,-85,-85,-85,1350,700,71.71753168206817,18.127517693581673,circular
77,1100,700,143.8428180352311,-85,-85,-85,-85,1350,700,89.84504937564984,18.127517693581673,circular
78,1100,700,143.8428180352311,-85,-85,-85,-85,1350,700,107.9725670692315,18.127517693581673,circular
79,1100,700,143.8428180352311,-85,-85,-85,-85,1350,700,126.10008476281317,18.127517693581673,circular
80,1100,700,143.8428180352311,-85,-85,-85,-85,1350,700,144.22760245639483,18.127517693581673,circular
81,1100,700,143.8428180352311,-85,19.91435422725632,21.41811930585211,-85,1350,700,162.3551201499765,18.127517693581673,circular
82,1100,700,143.8428180352311,-85,25.042923900792417,25.26334459461691,-85,1350,700,180.48263784355817,18.127517693581673,circular
83,1100,700,143.8428180352311,-85,26.074956048612798,26.077602459396946,-85,1350,700,198.61015553713983,18.127517693581673,circular
84,1100,700,143.8428180352311,-85,25.361807294499556,25.157178905256924,-85,1350,700,216.7376732307215,18.127517693581673,circular
85,1100,700,143.8428180352311,-85,21.81335663023087,20.48098321025059,-85,1350,700,234.86519092430316,18.127517693581673,circular
86,1100,700,143.8428180352311,-85,-85,-85,-85,1350,700,252.99270861788483,18.127517693581673,circular
87,1100,700,143.8428180352311,-85,-85,-85,-85,1350,700,271.1202263114665,18.127517693581673,circular
88,1100,700,143.8428180352311,-85,-85,-85,-85,1350,700,289.2477440050482,18.127517693581673,circular
89,1100,700,143.8428180352311,-85,-85,-85,-85,1350,700,307.3752616986299,18.127517693581673,circular
90,1100,700,143.8428180352311,-85,-85,-85,-85,1350,700,325.5027793922116,18.127517693581673,circular
91,1100,700,143.8428180352311,-85,-85,-85,-85,1350,700,343.6302970857933,18.127517693581673,circular
92,1100,700,143.8428180352311,-85,-85,-85,-85,1350,700,1.7578147793749963,18.127517693581673,circular
93,1100,700,143.8428180352311,-85,-85,-85,-85,1350,700,19.88533247295667,18.127517693581673,circular
94,1100,700,143.8428180352311,-85,-85,-85,-85,1350,700,38.01285016653834,18.127517693581673,circular
95,1100,700,143.8428180352311,-85,-85,-85,-85,1350,700,56.140367860120016,18.127517693581673,circular
96,1100,700,143.8428180352311,-85,-85,-85,-85,1350,700,74.26788555370169,18.127517693581673,circular
97,1100,700,143.8428180352311,-85,-85,-85,-85,1350,700,92.39540324728335,18.127517693581673,circular
98,1100,700,143.8428180352311,-85,-85,-85,-85,1350,700,110.52292094086502,18.127517693581673,circular
99,1100,700,143.8428180352311,-85,-85,-85,-85,1350,700,128.6504386344467,18.127517693581673,circular
100,1100,700,143.8428180352311,-85,-85,-85,-85,1350,700,146.77795632802835,18.127517693581673,circular
101,1100,700,143.8428180352311,-85,21.41811930585211,22.496022074683278,-85,1350,700,164.90547402161002,18.127517693581673,circular
102,1100,700,143.8428180352311,-85,25.26334459461691,25.536951728381826,-85,1350,700,183.03299171519168,18.127517693581673,circular
103,1100,700,143.8428180352311,-85,26.077602459396946,26.053745949214605,-85,1350,700,201.16050940877335,18.127517693581673,circular
104,1100,700,143.8428180352311,-85,25.157178905256924,24.788337040832293,-85,1350,700,219.28802710235502,18.127517693581673,circular
105,1100,700,143.8428180352311,-85,20.48098321025059,19.25639156218219,-85,1350,700,237.41554479593668,18.127517693581673,circular
106,1100,700,143.8428180352311,-85,-85,-85,-85,1350,700,255.54306248951835,18.127517693581673,circular
107,1100,700,143.8428180352311,-85,-85,-85,-85,1350,700,273.6705801831,18.127517693581673,circular
108,1100,700,143.8428180352311,-85,-85,-85,-85,1350,700,291.7980978766817,18.127517693581673,circular
109,1100,700,143.8428180352311,-85,-85,-85,-85,1350,700,309.9256155702634,18.127517693581673,circular
110,1100,700,143.8428180352311,-85,-85,-85,-85,1350,700,328.0531332638451,18.127517693581673,circular
111,1100,700,143.8428180352311,-85,-85,-85,-85,1350,700,346.1806509574268,18.127517693581673,circular
112,1100,700,143.8428180352311,-85,-85,-85,-85,1350,700,4.3081686510084864,18.127517693581673,circular
113,1100,700,143.8428180352311,-85,-85,-85,-85,1350,700,22.43568634459016,18.127517693581673,circular
114,1100,700,143.8428180352311,-85,-85,-85,-85,1350,700,40.56320403817183,18.127517693581673,circular
115,1100,700,143.8428180352311,-85,-85,-85,-85,1350,700,58.690721731753506,18.127517693581673,circular
116,1100,700,143.8428180352311,-85,-85,-85,-85,1350,700,76.81823942533518,18.127517693581673,circular
117,1100,700,143.8428180352311,-85,-85,-85,-85,1350,700,94.94575711891684,18.127517693581673,circular
118,1100,700,143.8428180352311,-85,-85,-85,-85,1350,700,113.07327481249851,18.127517693581673,circular
119,1100,700,143.8428180352311,-85,-85,-85,-85,1350,700,131.20079250608018,18.127517693581673,circular
120,1100,700,143.8428180352311,-85,-85,-85,-85,1350,700,149.32831019966184,18.127517693581673,circular
121,1100,700,143.8428180352311,-85,22.496022074683278,23.06730250275713,-85,1350,700,167.4558278932435,18.127517693581673,circular
122,1100,700,143.8428180352311,-85,25.536951728381826,25.684904084789974,-85,1350,700,185.58334558682517,18.127517693581673,circular
123,1100,700,143.8428180352311,-85,26.053745949214605,26.011117049096303,-85,1350,700,203.71086328040684,18.127517693581673,circular
124,1100,700,143.8428180352311,-85,24.788337040832293,24.332711411139446,-85,1350,700,221.8383809739885,18.127517693581673,circular
125,1100,700,143.8428180352311,-85,19.25639156218219,16.269948115724716,-85,1350,700,239.96589866757017,18.127517693581673,circular
126,1100,700,143.8428180352311,-85,-85,-85,-85,1350,700,258.09341636115187,18.127517693581673,circular
127,1100,700,143.8428180352311,-85,-85,-85,-85,1350,700,276.22093405473356,18.127517693581673,circular
128,1100,700,143.8428180352311,-85,-85,-85,-85,1350,700,294.34845174831526,18.127517693581673,circular
129,1100,700,143.8428180352311,-85,-85,-85,-85,1350,700,312.47596944189695,18.127517693581673,circular
130,1100,700,143.8428180352311,-85,-85,-85,-85,1350,700,330.60348713547864,18.127517693581673,circular
131,1100,700,143.8428180352311,-85,-85,-85,-85,1350,700,348.73100482906034,18.127517693581673,circular
132,1100,700,143.8428180352311,-85,-85,-85,-85,1350,700,6.858522522642033,18.127517693581673,circular
133,1100,700,143.8428180352311,-85,-85,-85,-85,1350,700,24.986040216223707,18.127517693581673,circular
134,1100,700,143.8428180352311,-85,-85,-85,-85,1350,700,43.11355790980538,18.127517693581673,circular
135,1100,700,143.8428180352311,-85,-85,-85,-85,1350,700,61.24107560338705,18.127517693581673,circular
136,1100,700,143.8428180352311,-85,-85,-85,-85,1350,700,79.36859329696873,18.127517693581673,circular
137,1100,700,143.8428180352311,-85,-85,-85,-85,1350,700,97.49611099055039,18.127517693581673,circular
138,1100,700,143.8428180352311,-85,-85,-85,-85,1350,700,115.62362868413206,18.127517693581673,circular
139,1100,700,143.8428180352311,-85,-85,-85,-85,1350,700,133.75114637771372,18.127517693581673,circular
140,1100,700,143.8428180352311,-85,-85,-85,-85,1350,700,151.8786640712954,18.127517693581673,circular
141,1100,700,143.8428180352311,-85,23.06730250275713,23.769789312347285,-85,1350,700,170.00618176487706,18.127517693581673,circular
142,1100,700,143.8428180352311,-85,25.684904084789974,25.859665714847075,-85,1350,700,188.13369945845872,18.127517693581673,circular
143,1100,700,143.8428180352311,-85,26.011117049096303,25.906018829630398,-85,1350,700,206.2612171520404,18.127517693581673,circular
144,1100,700,143.8428180352311,-85,24.495315191602927,23.97102224645776,-85,1350,700,224.38873484562205,18.127517693581673,circular
145,1100,700,143.8428180352311,-85,16.269948115724716,11.50579409835762,-85,1350,700,242.51625253920372,18.127517693581673,circular
146,1100,700,143.8428180352311,-85,-85,-85,-85,1350,700,260.6437702327854,18.127517693581673,circular
147,1100,700,143.8428180352311,-85,-85,-85,-85,1350,700,278.7712879263671,18.127517693581673,circular
148,1100,700,143.8428180352311,-85,-85,-85,-85,1350,700,296.8988056199488,18.127517693581673,circular
149,1100,700,143.8428180352311,-85,-85,-85,-85,1350,700,315.0263233135305,18.127517693581673,circular
150,1100,700,143.8428180352311,-85,-85,-85,-85,1350,700,333.1538410071122,18.127517693581673,circular
151,1100,700,143.8428180352311,-85,-85,-85,-85,1350,700,351.2813587006939,18.127517693581673,circular
152,1100,700,143.8428180352311,-85,-85,-85,-85,1350,700,9.40887639427558,18.127517693581673,circular
153,1100,700,143.8428180352311,-85,-85,-85,-85,1350,700,27.536394087857254,18.127517693581673,circular
154,1100,700,143.8428180352311,-85,-85,-85,-85,1350,700,45.66391178143893,18.127517693581673,circular
155,1100,700,143.8428180352311,-85,-85,-85,-85,1350,700,63.7914294750206,18.127517693581673,circular
156,1100,700,143.8428180352311,-85,-85,-85,-85,1350,700,81.91894716860227,18.127517693581673,circular
157,1100,700,143.8428180352311,-85,-85,-85,-85,1350,700,100.04646486218394,18.127517693581673,circular
158,1100,700,143.8428180352311,-85,-85,-85,-85,1350,700,118.1739825557656,18.127517693581673,circular
159,1100,700,143.8428180352311,-85,-85,-85,-85,1350,700,136.30150024934727,18.127517693581673,circular
160,1100,700,143.8428180352311,-85,-85,14.513447644213304,-85,1350,700,154.42901794292894,18.127517693581673,circular
161,1100,700,143.8428180352311,-85,23.769789312347285,24.1582774269213,-85,1350,700,172.5565356365106,18.127517693581673,circular
162,1100,700,143.8428180352311,-85,25.859665714847075,25.946643644493044,-85,1350,700,190.68405333009227,18.127517693581673,circular
163,1100,700,143.8428180352311,-85,25.906018829630398,25.7492610641292,-85,1350,700,208.81157102367393,18.127517693581673,circular
164,1100,700,143.8428180352311,-85,23.97102224645776,23.319699537123853,-85,1350,700,226.9390887172556,18.127517693581673,circular
165,1100,700,143.8428180352311,-85,11.50579409835762,-85,-85,1350,700,245.06660641083727,18.127517693581673,circular
166,1100,700,143.8428180352311,-85,-85,-85,-85,1350,700,263.19412410441896,18.127517693581673,circular
167,1100,700,143.8428180352311,-85,-85,-85,-85,1350,700,281.32164179800066,18.127517693581673,circular
168,1100,700,143.8428180352311,-85,-85,-85,-85,1350,700,299.44915949158235,18.127517693581673,circular
169,1100,700,143.8428180352311,-85,-85,-85,-85,1350,700,317.57667718516404,18.127517693581673,circular
170,1100,700,143.8428180352311,-85,-85,-85,-85,1350,700,335.70419487874574,18.127517693581673,circular
171,1100,700,143.8428180352311,-85,-85,-85,-85,1350,700,353.83171257232743,18.127517693581673,circular
172,1100,700,143.8428180352311,-85,-85,-85,-85,1350,700,11.959230265909127,18.127517693581673,circular
173,1100,700,143.8428180352311,-85,-85,-85,-85,1350,700,30.0867479594908,18.127517693581673,circular
174,1100,700,143.8428180352311,-85,-85,-85,-85,1350,700,48.214265653072474,18.127517693581673,circular
175,1100,700,143.8428180352311,-85,-85,-85,-85,1350,700,66.34178334665415,18.127517693581673,circular
176,1100,700,143.8428180352311,-85,-85,-85,-85,1350,700,84.46930104023582,18.127517693581673,circular
177,1100,700,143.8428180352311,-85,-85,-85,-85,1350,700,102.59681873381749,18.127517693581673,circular
178,1100,700,143.8428180352311,-85,-85,-85,-85,1350,700,120.72433642739915,18.127517693581673,circular
179,1100,700,143.8428180352311,-85,-85,-85,-85,1350,700,138.85185412098082,18.127517693581673,circular
180,1100,700,143.8428180352311,-85,14.513447644213304,18.47430475951294,-85,1350,700,156.97937181456248,18.127517693581673,circular
181,1100,700,143.8428180352311,-85,24.1582774269213,24.646943359767004,-85,1350,700,175.10688950814415,18.127517693581673,circular
182,1100,700,143.8428180352311,-85,25.946643644493044,26.035130213615616,-85,1350,700,193.23440720172582,18.127517693581673,circular
183,1100,700,143.8428180352311,-85,25.807460623826316,25.614204328866276,-85,1350,700,211.36192489530748,18.127517693581673,circular
184,1100,700,143.8428180352311,-85,23.319699537123853,22.793695368992225,-85,1350,700,229.48944258888915,18.127517693581673,circular
185,1100,700,143.8428180352311,-85,-85,-85,-85,1350,700,247.6169602824708,18.127517693581673,circular
186,1100,700,143.8428180352311,-85,-85,-85,-85,1350,700,265.7444779760525,18.127517693581673,circular
187,1100,700,143.8428180352311,-85,-85,-85,-85,1350,700,283.8719956696342,18.127517693581673,circular
188,1100,700,143.8428180352311,-85,-85,-85,-85,1350,700,301.9995133632159,18.127517693581673,circular
189,1100,700,143.8428180352311,-85,-85,-85,-85,1350,700,320.1270310567976,18.127517693581673,circular
190,1100,700,143.8428180352311,-85,-85,-85,-85,1350,700,338.2545487503793,18.127517693581673,circular
191,1100,700,143.8428180352311,-85,-85,-85,-85,1350,700,356.382066443961,18.127517693581673,circular
192,1100,700,143.8428180352311,-85,-85,-85,-85,1350,700,14.509584137542674,18.127517693581673,circular
193,1100,700,143.8428180352311,-85,-85,-85,-85,1350,700,32.63710183112435,18.127517693581673,circular
194,1100,700,143.8428180352311,-85,-85,-85,-85,1350,700,50.76461952470602,18.127517693581673,circular
195,1100,700,143.8428180352311,-85,-85,-85,-85,1350,700,68.8921372182877,18.127517693581673,circular
196,1100,700,143.8428180352311,-85,-85,-85,-85,1350,700,87.01965491186937,18.127517693581673,circular
197,1100,700,143.8428180352311,-85,-85,-85,-85,1350,700,105.14717260545103,18.127517693581673,circular
198,1100,700,143.8428180352311,-85,-85,-85,-85,1350,700,123.2746902990327,18.127517693581673,circular
199,1100,700,143.8428180352311,-85,-85,-85,-85,1350,700,141.40220799261436,18.127517693581673,circular
200,1100,700,143.8428180352311,-85,18.47430475951294,19.91435422725632,-85,1350,700,159.52972568619603,18.127517693581673,circular
201,1100,700,143.8428180352311,-85,24.646943359767004,24.92014212493214,-85,1350,700,177.6572433797777,18.127517693581673,circular
202,1100,700,143.8428180352311,-85,26.035130213615616,26.074956048612798,-85,1350,700,195.78476107335936,18.127517693581673,circular
203,1100,700,143.8428180352311,-85,25.614204328866276,25.361807294499556,-85,1350,700,213.91227876694103,18.127517693581673,circular
204,1100,700,143.8428180352311,-85,22.793695368992225,21.81335663023087,-85,1350,700,232.0397964605227,18.127517693581673,circular
205,1100,700,143.8428180352311,-85,-85,-85,-85,1350,700,250.16731415410436,18.127517693581673,circular
206,1100,700,143.8428180352311,-85,-85,-85,-85,1350,700,268.29483184768605,18.127517693581673,circular
207,1100,700,143.8428180352311,-85,-85,-85,-85,1350,700,286.42234954126775,18.127517693581673,circular
208,1100,700,143.8428180352311,-85,-85,-85,-85,1350,700,304.54986723484944,18.127517693581673,circular
209,1100,700,143.8428180352311,-85,-85,-85,-85,1350,700,322.67738492843114,18.127517693581673,circular
210,1100,700,143.8428180352311,-85,-85,-85,-85,1350,700,340.80490262201283,18.127517693581673,circular
211,1100,700,143.8428180352311,-85,-85,-85,-85,1350,700,358.9324203155945,18.127517693581673,circular
212,1100,700,143.8428180352311,-85,-85,-85,-85,1350,700,17.05993800917622,18.127517693581673,circular
213,1100,700,143.8428180352311,-85,-85,-85,-85,1350,700,35.187455702757894,18.127517693581673,circular
214,1100,700,143.8428180352311,-85,-85,-85,-85,1350,700,53.31497339633957,18.127517693581673,circular
215,1100,700,143.8428180352311,-85,-85,-85,-85,1350,700,71.44249108992125,18.127517693581673,circular
216,1100,700,143.8428180352311,-85,-85,-85,-85,1350,700,89.57000878350291,18.127517693581673,circular
217,1100,700,143.8428180352311,-85,-85,-85,-85,1350,700,107.69752647708458,18.127517693581673,circular
218,1100,700,143.8428180352311,-85,-85,-85,-85,1350,700,125.82504417066625,18.127517693581673,circular
219,1100,700,143.8428180352311,-85,-85,-85,-85,1350,700,143.9525618642479,18.127517693581673,circular
220,1100,700,143.8428180352311,-85,19.91435422725632,21.41811930585211,-85,1350,700,162.08007955782958,18.127517693581673,circular
221,1100,700,143.8428180352311,-85,24.92014212493214,25.26334459461691,-85,1350,700,180.20759725141124,18.127517693581673,circular
222,1100,700,143.8428180352311,-85,26.067010357935978,26.077602459396946,-85,1350,700,198.3351149449929,18.127517693581673,circular
223,1100,700,143.8428180352311,-85,25.361807294499556,25.157178905256924,-85,1350,700,216.46263263857458,18.127517693581673,circular
224,1100,700,143.8428180352311,-85,21.81335663023087,20.97742610025735,-85,1350,700,234.59015033215624,18.127517693581673,circular
225,1100,700,143.8428180352311,-85,-85,-85,-85,1350,700,252.7176680257379,18.127517693581673,circular
226,1100,700,143.8428180352311,-85,-85,-85,-85,1350,700,270.8451857193196,18.127517693581673,circular
227,1100,700,143.8428180352311,-85,-85,-85,-85,1350,700,288.9727034129013,18.127517693581673,circular
228,1100,700,143.8428180352311,-85,-85,-85,-85,1350,700,307.100221106483,18.127517693581673,circular
229,1100,700,143.8428180352311,-85,-85,-85,-85,1350,700,325.2277388000647,18.127517693581673,circular
230,1100,700,143.8428180352311,-85,-85,-85,-85,1350,700,343.3552564936464,18.127517693581673,circular
231,1100,700,143.8428180352311,-85,-85,-85,-85,1350,700,1.482774187228074,18.127517693581673,circular
232,1100,700,143.8428180352311,-85,-85,-85,-85,1350,700,19.610291880809747,18.127517693581673,circular
233,1100,700,143.8428180352311,-85,-85,-85,-85,1350,700,37.73780957439142,18.127517693581673,circular
234,1100,700,143.8428180352311,-85,-85,-85,-85,1350,700,55.86532726797309,18.127517693581673,circular
235,1100,700,143.8428180352311,-85,-85,-85,-85,1350,700,73.99284496155477,18.127517693581673,circular
236,1100,700,143.8428180352311,-85,-85,-85,-85,1350,700,92.12036265513643,18.127517693581673,circular
237,1100,700,143.8428180352311,-85,-85,-85,-85,1350,700,110.2478803487181,18.127517693581673,circular
238,1100,700,143.8428180352311,-85,-85,-85,-85,1350,700,128.37539804229976,18.127517693581673,circular
239,1100,700,143.8428180352311,-85,-85,-85,-85,1350,700,146.50291573588143,18.127517693581673,circular
240,1100,700,143.8428180352311,-85,21.41811930585211,22.170735458799452,-85,1350,700,164.6304334294631,18.127517693581673,circular
241,1100,700,143.8428180352311,-85,25.26334459461691,25.452908776355446,-85,1350,700,182.75795112304476,18.127517693581673,circular
242,1100,700,143.8428180352311,-85,26.077602459396946,26.053745949214605,-85,1350,700,200.88546881662643,18.127517693581673,circular
243,1100,700,143.8428180352311,-85,25.157178905256924,24.788337040832293,-85,1350,700,219.0129865102081,18.127517693581673,circular
244,1100,700,143.8428180352311,-85,20.97742610025735,19.25639156218219,-85,1350,700,237.14050420378976,18.127517693581673,circular
245,1100,700,143.8428180352311,-85,-85,-85,-85,1350,700,255.26802189737143,18.127517693581673,circular
246,1100,700,143.8428180352311,-85,-85,-85,-85,1350,700,273.3955395909531,18.127517693581673,circular
247,1100,700,143.8428180352311,-85,-85,-85,-85,1350,700,291.5230572845348,18.127517693581673,circular
248,1100,700,143.8428180352311,-85,-85,-85,-85,1350,700,309.6505749781165,18.127517693581673,circular
249,1100,700,143.8428180352311,-85,-85,-85,-85,1350,700,327.7780926716982,18.127517693581673,circular
250,1100,700,143.8428180352311,-85,-85,-85,-85,1350,700,345.90561036527987,18.127517693581673,circular
251,1100,700,143.8428180352311,-85,-85,-85,-85,1350,700,4.033128058861564,18.127517693581673,circular
252,1100,700,143.8428180352311,-85,-85,-85,-85,1350,700,22.160645752443237,18.127517693581673,circular
253,1100,700,143.8428180352311,-85,-85,-85,-85,1350,700,40.28816344602491,18.127517693581673,circular
254,1100,700,143.8428180352311,-85,-85,-85,-85,1350,700,58.41568113960658,18.127517693581673,circular
255,1100,700,143.8428180352311,-85,-85,-85,-85,1350,700,76.54319883318826,18.127517693581673,circular
256,1100,700,143.8428180352311,-85,-85,-85,-85,1350,700,94.67071652676992,18.127517693581673,circular
257,1100,700,143.8428180352311,-85,-85,-85,-85,1350,700,112.79823422035159,18.127517693581673,circular
258,1100,700,143.8428180352311,-85,-85,-85,-85,1350,700,130.92575191393325,18.127517693581673,circular
259,1100,700,143.8428180352311,-85,-85,-85,-85,1350,700,149.05326960751492,18.127517693581673,circular
260,1100,700,143.8428180352311,-85,22.170735458799452,23.06730250275713,-85,1350,700,167.1807873010966,18.127517693581673,circular
261,1100,700,143.8428180352311,-85,25.452908776355446,25.684904084789974,-85,1350,700,185.30830499467825,18.127517693581673,circular
262,1100,700,143.8428180352311,-85,26.053745949214605,26.011117049096303,-85,1350,700,203.43582268825992,18.127517693581673,circular
263,1100,700,143.8428180352311,-85,24.788337040832293,24.495315191602927,-85,1350,700,221.56334038184158,18.127517693581673,circular
264,1100,700,143.8428180352311,-85,19.25639156218219,17.51315549939211,-85,1350,700,239.69085807542325,18.127517693581673,circular
265,1100,700,143.8428180352311,-85,-85,-85,-85,1350,700,257.81837576900494,18.127517693581673,circular
266,1100,700,143.8428180352311,-85,-85,-85,-85,1350,700,275.94589346258664,18.127517693581673,circular
267,1100,700,143.8428180352311,-85,-85,-85,-85,1350,700,294.07341115616833,18.127517693581673,circular
268,1100,700,143.8428180352311,-85,-85,-85,-85,1350,700,312.20092884975,18.127517693581673,circular
269,1100,700,143.8428180352311,-85,-85,-85,-85,1350,700,330.3284465433317,18.127517693581673,circular
270,1100,700,143.8428180352311,-85,-85,-85,-85,1350,700,348.4559642369134,18.127517693581673,circular
271,1100,700,143.8428180352311,-85,-85,-85,-85,1350,700,6.583481930495111,18.127517693581673,circular
272,1100,700,143.8428180352311,-85,-85,-85,-85,1350,700,24.710999624076784,18.127517693581673,circular
273,1100,700,143.8428180352311,-85,-85,-85,-85,1350,700,42.83851731765846,18.127517693581673,circular
274,1100,700,143.8428180352311,-85,-85,-85,-85,1350,700,60.96603501124013,18.127517693581673,circular
275,1100,700,143.8428180352311,-85,-85,-85,-85,1350,700,79.0935527048218,18.127517693581673,circular
276,1100,700,143.8428180352311,-85,-85,-85,-85,1350,700,97.22107039840347,18.127517693581673,circular
277,1100,700,143.8428180352311,-85,-85,-85,-85,1350,700,115.34858809198514,18.127517693581673,circular
278,1100,700,143.8428180352311,-85,-85,-85,-85,1350,700,133.4761057855668,18.127517693581673,circular
279,1100,700,143.8428180352311,-85,-85,-85,-85,1350,700,151.60362347914847,18.127517693581673,circular
280,1100,700,143.8428180352311,-85,23.06730250275713,23.553218972269416,-85,1350,700,169.73114117273013,18.127517693581673,circular
281,1100,700,143.8428180352311,-85,25.684904084789974,25.859665714847075,-85,1350,700,187.8586588663118,18.127517693581673,circular
282,1100,700,143.8428180352311,-85,26.011117049096303,25.906018829630398,-85,1350,700,205.98617655989347,18.127517693581673,circular
283,1100,700,143.8428180352311,-85,24.495315191602927,23.97102224645776,-85,1350,700,224.11369425347513,18.127517693581673,circular
284,1100,700,143.8428180352311,-85,17.51315549939211,11.50579409835762,-85,1350,700,242.2412119470568,18.127517693581673,circular
285,1100,700,143.8428180352311,-85,-85,-85,-85,1350,700,260.3687296406385,18.127517693581673,circular
286,1100,700,143.8428180352311,-85,-85,-85,-85,1350,700,278.4962473342202,18.127517693581673,circular
287,1100,700,143.8428180352311,-85,-85,-85,-85,1350,700,296.6237650278019,18.127517693581673,circular
288,1100,700,143.8428180352311,-85,-85,-85,-85,1350,700,314.7512827213836,18.127517693581673,circular
289,1100,700,143.8428180352311,-85,-85,-85,-85,1350,700,332.87880041496527,18.127517693581673,circular
290,1100,700,143.8428180352311,-85,-85,-85,-85,1350,700,351.00631810854696,18.127517693581673,circular
291,1100,700,143.8428180352311,-85,-85,-85,-85,1350,700,9.133835802128658,18.127517693581673,circular
292,1100,700,143.8428180352311,-85,-85,-85,-85,1350,700,27.26135349571033,18.127517693581673,circular
293,1100,700,143.8428180352311,-85,-85,-85,-85,1350,700,45.388871189292004,18.127517693581673,circular
294,1100,700,143.8428180352311,-85,-85,-85,-85,1350,700,63.51638888287368,18.127517693581673,circular
295,1100,700,143.8428180352311,-85,-85,-85,-85,1350,700,81.64390657645535,18.127517693581673,circular
296,1100,700,143.8428180352311,-85,-85,-85,-85,1350,700,99.77142427003702,18.127517693581673,circular
297,1100,700,143.8428180352311,-85,-85,-85,-85,1350,700,117.89894196361868,18.127517693581673,circular
298,1100,700,143.8428180352311,-85,-85,-85,-85,1350,700,136.02645965720035,18.127517693581673,circular
299,1100,700,143.8428180352311,-85,-85,14.513447644213304,-85,1350,700,154.15397735078201,18.127517693581673,circular
300,1100,700,143.8428180352311,-85,23.553218972269416,24.1582774269213,-85,1350,700,172.28149504436368,18.127517693581673,circular
301,1100,700,143.8428180352311,-85,25.859665714847075,25.946643644493044,-85,1350,700,190.40901273794535,18.127517693581673,circular
302,1100,700,143.8428180352311,-85,25.906018829630398,25.807460623826316,-85,1350,700,208.536530431527,18.127517693581673,circular
303,1100,700,143.8428180352311,-85,23.97102224645776,23.553218972269416,-85,1350,700,226.66404812510868,18.127517693581673,circular
304,1100,700,143.8428180352311,-85,11.50579409835762,-85,-85,1350,700,244.79156581869034,18.127517693581673,circular
305,1100,700,143.8428180352311,-85,-85,-85,-85,1350,700,262.91908351227204,18.127517693581673,circular
306,1100,700,143.8428180352311,-85,-85,-85,-85,1350,700,281.04660120585373,18.127517693581673,circular
307,1100,700,143.8428180352311,-85,-85,-85,-85,1350,700,299.1741188994354,18.127517693581673,circular
308,1100,700,143.8428180352311,-85,-85,-85,-85,1350,700,317.3016365930171,18.127517693581673,circular
309,1100,700,143.8428180352311,-85,-85,-85,-85,1350,700,335.4291542865988,18.127517693581673,circular
310,1100,700,143.8428180352311,-85,-85,-85,-85,1350,700,353.5566719801805,18.127517693581673,circular
311,1100,700,143.8428180352311,-85,-85,-85,-85,1350,700,11.684189673762205,18.127517693581673,circular
312,1100,700,143.8428180352311,-85,-85,-85,-85,1350,700,29.811707367343878,18.127517693581673,circular
313,1100,700,143.8428180352311,-85,-85,-85,-85,1350,700,47.93922506092555,18.127517693581673,circular
314,1100,700,143.8428180352311,-85,-85,-85,-85,1350,700,66.06674275450723,18.127517693581673,circular
315,1100,700,143.8428180352311,-85,-85,-85,-85,1350,700,84.1942604480889,18.127517693581673,circular
316,1100,700,143.8428180352311,-85,-85,-85,-85,1350,700,102.32177814167056,18.127517693581673,circular
317,1100,700,143.8428180352311,-85,-85,-85,-85,1350,700,120.44929583525223,18.127517693581673,circular
318,1100,700,143.8428180352311,-85,-85,-85,-85,1350,700,138.5768135288339,18.127517693581673,circular
319,1100,700,143.8428180352311,-85,14.513447644213304,17.513155499392102,-85,1350,700,156.70433122241556,18.127517693581673,circular
320,1100,700,143.8428180352311,-85,24.1582774269213,24.646943359767004,-85,1350,700,174.83184891599723,18.127517693581673,circular
321,1100,700,143.8428180352311,-85,25.946643644493044,26.035130213615616,-85,1350,700,192.9593666095789,18.127517693581673,circular
322,1100,700,143.8428180352311,-85,25.807460623826316,25.614204328866276,-85,1350,700,211.08688430316056,18.127517693581673,circular
323,1100,700,143.8428180352311,-85,23.553218972269416,22.793695368992225,-85,1350,700,229.21440199674223,18.127517693581673,circular
324,1100,700,143.8428180352311,-85,-85,-85,-85,1350,700,247.3419196903239,18.127517693581673,circular
325,1100,700,143.8428180352311,-85,-85,-85,-85,1350,700,265.4694373839056,18.127517693581673,circular
326,1100,700,143.8428180352311,-85,-85,-85,-85,1350,700,283.5969550774873,18.127517693581673,circular
327,1100,700,143.8428180352311,-85,-85,-85,-85,1350,700,301.724472771069,18.127517693581673,circular
328,1100,700,143.8428180352311,-85,-85,-85,-85,1350,700,319.85199046465067,18.127517693581673,circular
329,1100,700,143.8428180352311,-85,-85,-85,-85,1350,700,337.97950815823236,18.127517693581673,circular
330,1100,700,143.8428180352311,-85,-85,-85,-85,1350,700,356.10702585181406,18.127517693581673,circular
331,1100,700,143.8428180352311,-85,-85,-85,-85,1350,700,14.234543545395752,18.127517693581673,circular
332,1100,700,143.8428180352311,-85,-85,-85,-85,1350,700,32.362061238977425,18.127517693581673,circular
333,1100,700,143.8428180352311,-85,-85,-85,-85,1350,700,50.4895789325591,18.127517693581673,circular
334,1100,700,143.8428180352311,-85,-85,-85,-85,1350,700,68.61709662614078,18.127517693581673,circular
335,1100,700,143.8428180352311,-85,-85,-85,-85,1350,700,86.74461431972244,18.127517693581673,circular
336,1100,700,143.8428180352311,-85,-85,-85,-85,1350,700,104.87213201330411,18.127517693581673,circular
337,1100,700,143.8428180352311,-85,-85,-85,-85,1350,700,122.99964970688578,18.127517693581673,circular
338,1100,700,143.8428180352311,-85,-85,-85,-85,1350,700,141.12716740046744,18.127517693581673,circular
339,1100,700,143.8428180352311,-85,17.513155499392102,19.91435422725632,-85,1350,700,159.2546850940491,18.127517693581673,circular
340,1100,700,143.8428180352311,-85,24.495315191602927,24.92014212493214,-85,1350,700,177.38220278763077,18.127517693581673,circular
341,1100,700,143.8428180352311,-85,26.035130213615616,26.067010357935978,-85,1350,700,195.50972048121244,18.127517693581673,circular
342,1100,700,143.8428180352311,-85,25.614204328866276,25.452908776355446,-85,1350,700,213.6372381747941,18.127517693581673,circular
343,1100,700,143.8428180352311,-85,22.793695368992225,21.81335663023087,-85,1350,700,231.76475586837577,18.127517693581673,circular
344,1100,700,143.8428180352311,-85,-85,-85,-85,1350,700,249.89227356195744,18.127517693581673,circular
345,1100,700,143.8428180352311,-85,-85,-85,-85,1350,700,268.01979125553913,18.127517693581673,circular
346,1100,700,143.8428180352311,-85,-85,-85,-85,1350,700,286.1473089491208,18.127517693581673,circular
347,1100,700,143.8428180352311,-85,-85,-85,-85,1350,700,304.2748266427025,18.127517693581673,circular
348,1100,700,143.8428180352311,-85,-85,-85,-85,1350,700,322.4023443362842,18.127517693581673,circular
349,1100,700,143.8428180352311,-85,-85,-85,-85,1350,700,340.5298620298659,18.127517693581673,circular
350,1100,700,143.8428180352311,-85,-85,-85,-85,1350,700,358.6573797234476,18.127517693581673,circular
351,1100,700,143.8428180352311,-85,-85,-85,-85,1350,700,16.7848974170293,18.127517693581673,circular
352,1100,700,143.8428180352311,-85,-85,-85,-85,1350,700,34.91241511061097,18.127517693581673,circular
353,1100,700,143.8428180352311,-85,-85,-85,-85,1350,700,53.039932804192645,18.127517693581673,circular
354,1100,700,143.8428180352311,-85,-85,-85,-85,1350,700,71.16745049777433,18.127517693581673,circular
355,1100,700,143.8428180352311,-85,-85,-85,-85,1350,700,89.29496819135599,18.127517693581673,circular
356,1100,700,143.8428180352311,-85,-85,-85,-85,1350,700,107.42248588493766,18.127517693581673,circular
357,1100,700,143.8428180352311,-85,-85,-85,-85,1350,700,125.55000357851932,18.127517693581673,circular
358,1100,700,143.8428180352311,-85,-85,-85,-85,1350,700,143.677521272101,18.127517693581673,circular
359,1100,700,143.8428180352311,-85,19.91435422725632,21.41811930585211,-85,1350,700,161.80503896568266,18.127517693581673,circular
360,1100,700,143.8428180352311,-85,24.92014212493214,25.26334459461691,-85,1350,700,179.93255665926432,18.127517693581673,circular
361,1100,700,143.8428180352311,-85,26.067010357935978,26.077602459396946,-85,1350,700,198.060074352846,18.127517693581673,circular
362,1100,700,143.8428180352311,-85,25.452908776355446,25.157178905256924,-85,1350,700,216.18759204642765,18.127517693581673,circular
363,1100,700,143.8428180352311,-85,22.170735458799452,20.97742610025735,-85,1350,700,234.31510974000932,18.127517693581673,circular
364,1100,700,143.8428180352311,-85,-85,-85,-85,1350,700,252.44262743359099,18.127517693581673,circular
365,1100,700,143.8428180352311,-85,-85,-85,-85,1350,700,270.5701451271727,18.127517693581673,circular
366,1100,700,143.8428180352311,-85,-85,-85,-85,1350,700,288.6976628207544,18.127517693581673,circular
367,1100,700,143.8428180352311,-85,-85,-85,-85,1350,700,306.82518051433607,18.127517693581673,circular
368,1100,700,143.8428180352311,-85,-85,-85,-85,1350,700,324.95269820791776,18.127517693581673,circular
369,1100,700,143.8428180352311,-85,-85,-85,-85,1350,700,343.08021590149946,18.127517693581673,circular
370,1100,700,143.8428180352311,-85,-85,-85,-85,1350,700,1.2077335950811516,18.127517693581673,circular
371,1100,700,143.8428180352311,-85,-85,-85,-85,1350,700,19.335251288662825,18.127517693581673,circular
372,1100,700,143.8428180352311,-85,-85,-85,-85,1350,700,37.4627689822445,18.127517693581673,circular
373,1100,700,143.8428180352311,-85,-85,-85,-85,1350,700,55.59028667582617,18.127517693581673,circular
374,1100,700,143.8428180352311,-85,-85,-85,-85,1350,700,73.71780436940784,18.127517693581673,circular
375,1100,700,143.8428180352311,-85,-85,-85,-85,1350,700,91.84532206298951,18.127517693581673,circular
376,1100,700,143.8428180352311,-85,-85,-85,-85,1350,700,109.97283975657118,18.127517693581673,circular
377,1100,700,143.8428180352311,-85,-85,-85,-85,1350,700,128.10035745015284,18.127517693581673,circular
378,1100,700,143.8428180352311,-85,-85,-85,-85,1350,700,146.2278751437345,18.127517693581673,circular
379,1100,700,143.8428180352311,-85,20.97742610025734,22.170735458799452,-85,1350,700,164.35539283731617,18.127517693581673,circular
380,1100,700,143.8428180352311,-85,25.26334459461691,25.452908776355446,-85,1350,700,182.48291053089784,18.127517693581673,circular
381,1100,700,143.8428180352311,-85,26.077602459396946,26.067010357935978,-85,1350,700,200.6104282244795,18.127517693581673,circular
382,1100,700,143.8428180352311,-85,25.157178905256924,24.92014212493214,-85,1350,700,218.73794591806117,18.127517693581673,circular
383,1100,700,143.8428180352311,-85,20.97742610025735,19.25639156218219,-85,1350,700,236.86546361164284,18.127517693581673,circular
384,1100,700,143.8428180352311,-85,-85,-85,-85,1350,700,254.9929813052245,18.127517693581673,circular
385,1100,700,143.8428180352311,-85,-85,-85,-85,1350,700,273.12049899880617,18.127517693581673,circular
386,1100,700,143.8428180352311,-85,-85,-85,-85,1350,700,291.24801669238786,18.127517693581673,circular
387,1100,700,143.8428180352311,-85,-85,-85,-85,1350,700,309.37553438596956,18.127517693581673,circular
388,1100,700,143.8428180352311,-85,-85,-85,-85,1350,700,327.50305207955125,18.127517693581673,circular
389,1100,700,143.8428180352311,-85,-85,-85,-85,1350,700,345.63056977313295,18.127517693581673,circular
390,1100,700,143.8428180352311,-85,-85,-85,-85,1350,700,3.7580874667146418,18.127517693581673,circular
391,1100,700,143.8428180352311,-85,-85,-85,-85,1350,700,21.885605160296315,18.127517693581673,circular
392,1100,700,143.8428180352311,-85,-85,-85,-85,1350,700,40.01312285387799,18.127517693581673,circular
393,1100,700,143.8428180352311,-85,-85,-85,-85,1350,700,58.14064054745966,18.127517693581673,circular
394,1100,700,143.8428180352311,-85,-85,-85,-85,1350,700,76.26815824104133,18.127517693581673,circular
395,1100,700,143.8428180352311,-85,-85,-85,-85,1350,700,94.395675934623,18.127517693581673,circular
396,1100,700,143.8428180352311,-85,-85,-85,-85,1350,700,112.52319362820467,18.127517693581673,circular
397,1100,700,143.8428180352311,-85,-85,-85,-85,1350,700,130.65071132178633,18.127517693581673,circular
398,1100,700,143.8428180352311,-85,-85,-85,-85,1350,700,148.778229015368,18.127517693581673,circular
399,1100,700,143.8428180352311,-85,22.170735458799452,23.06730250275713,-85,1350,700,166.90574670894966,18.127517693581673,circular
400,1100,700,143.8428180352311,-85,25.452908776355446,25.684904084789974,-85,1350,700,185.03326440253133,18.127517693581673,circular
401,1100,700,143.8428180352311,-85,26.067010357935978,26.011117049096303,-85,1350,700,203.160782096113,18.127517693581673,circular
402,1100,700,143.8428180352311,-85,24.92014212493214,24.495315191602927,-85,1350,700,221.28829978969466,18.127517693581673,circular
403,1100,700,143.8428180352311,-85,19.25639156218219,17.51315549939211,-85,1350,700,239.41581748327633,18.127517693581673,circular
404,1100,700,143.8428180352311,-85,-85,-85,-85,1350,700,257.543335176858,18.127517693581673,circular
405,1100,700,143.8428180352311,-85,-85,-85,-85,1350,700,275.6708528704397,18.127517693581673,circular
406,1100,700,143.8428180352311,-85,-85,-85,-85,1350,700,293.7983705640214,18.127517693581673,circular
407,1100,700,143.8428180352311,-85,-85,-85,-85,1350,700,311.9258882576031,18.127517693581673,circular
408,1100,700,143.8428180352311,-85,-85,-85,-85,1350,700,330.0534059511848,18.127517693581673,circular
409,1100,700,143.8428180352311,-85,-85,-85,-85,1350,700,348.1809236447665,18.127517693581673,circular
410,1100,700,143.8428180352311,-85,-85,-85,-85,1350,700,6.308441338348189,18.127517693581673,circular
411,1100,700,143.8428180352311,-85,-85,-85,-85,1350,700,24.435959031929862,18.127517693581673,circular
412,1100,700,143.8428180352311,-85,-85,-85,-85,1350,700,42.563476725511535,18.127517693581673,circular
413,1100,700,143.8428180352311,-85,-85,-85,-85,1350,700,60.69099441909321,18.127517693581673,circular
414,1100,700,143.8428180352311,-85,-85,-85,-85,1350,700,78.81851211267488,18.127517693581673,circular
415,1100,700,143.8428180352311,-85,-85,-85,-85,1350,700,96.94602980625655,18.127517693581673,circular
416,1100,700,143.8428180352311,-85,-85,-85,-85,1350,700,115.07354749983821,18.127517693581673,circular
417,1100,700,143.8428180352311,-85,-85,-85,-85,1350,700,133.20106519341988,18.127517693581673,circular
418,1100,700,143.8428180352311,-85,-85,-85,-85,1350,700,151.32858288700155,18.127517693581673,circular
419,1100,700,143.8428180352311,-85,23.06730250275713,23.553218972269416,-85,1350,700,169.4561005805832,18.127517693581673,circular
420,1100,700,143.8428180352311,-85,25.684904084789974,25.80746062382631,-85,1350,700,187.58361827416488,18.127517693581673,circular
421,1100,700,143.8428180352311,-85,26.011117049096303,25.946643644493044,-85,1350,700,205.71113596774654,18.127517693581673,circular
422,1100,700,143.8428180352311,-85,24.495315191602927,23.97102224645776,-85,1350,700,223.8386536613282,18.127517693581673,circular
423,1100,700,143.8428180352311,-85,17.51315549939211,11.50579409835762,-85,1350,700,241.96617135490987,18.127517693581673,circular
424,1100,700,143.8428180352311,-85,-85,-85,-85,1350,700,260.09368904849157,18.127517693581673,circular
425,1100,700,143.8428180352311,-85,-85,-85,-85,1350,700,278.22120674207326,18.127517693581673,circular
426,1100,700,143.8428180352311,-85,-85,-85,-85,1350,700,296.34872443565496,18.127517693581673,circular
427,1100,700,143.8428180352311,-85,-85,-85,-85,1350,700,314.47624212923665,18.127517693581673,circular
428,1100,700,143.8428180352311,-85,-85,-85,-85,1350,700,332.60375982281835,18.127517693581673,circular
429,1100,700,143.8428180352311,-85,-85,-85,-85,1350,700,350.73127751640004,18.127517693581673,circular
430,1100,700,143.8428180352311,-85,-85,-85,-85,1350,700,8.858795209981736,18.127517693581673,circular
431,1100,700,143.8428180352311,-85,-85,-85,-85,1350,700,26.98631290356341,18.127517693581673,circular
432,1100,700,143.8428180352311,-85,-85,-85,-85,1350,700,45.11383059714508,18.127517693581673,circular
433,1100,700,143.8428180352311,-85,-85,-85,-85,1350,700,63.241348290726755,18.127517693581673,circular
434,1100,700,143.8428180352311,-85,-85,-85,-85,1350,700,81.36886598430843,18.127517693581673,circular
435,1100,700,143.8428180352311,-85,-85,-85,-85,1350,700,99.4963836778901,18.127517693581673,circular
436,1100,700,143.8428180352311,-85,-85,-85,-85,1350,700,117.62390137147176,18.127517693581673,circular
437,1100,700,143.8428180352311,-85,-85,-85,-85,1350,700,135.75141906505343,18.127517693581673,circular
438,1100,700,143.8428180352311,-85,-85,14.513447644213304,-85,1350,700,153.8789367586351,18.127517693581673,circular
439,1100,700,143.8428180352311,-85,23.553218972269416,24.1582774269213,-85,1350,700,172.00645445221676,18.127517693581673,circular
440,1100,700,143.8428180352311,-85,25.80746062382631,25.946643644493044,-85,1350,700,190.13397214579842,18.127517693581673,circular
441,1100,700,143.8428180352311,-85,25.946643644493044,25.807460623826316,-85,1350,700,208.2614898393801,18.127517693581673,circular
442,1100,700,143.8428180352311,-85,24.1582774269213,23.553218972269416,-85,1350,700,226.38900753296176,18.127517693581673,circular
443,1100,700,143.8428180352311,-85,11.50579409835762,-85,-85,1350,700,244.51652522654342,18.127517693581673,circular
444,1100,700,143.8428180352311,-85,-85,-85,-85,1350,700,262.6440429201251,18.127517693581673,circular
445,1100,700,143.8428180352311,-85,-85,-85,-85,1350,700,280.7715606137068,18.127517693581673,circular
446,1100,700,143.8428180352311,-85,-85,-85,-85,1350,700,298.8990783072885,18.127517693581673,circular
447,1100,700,143.8428180352311,-85,-85,-85,-85,1350,700,317.0265960008702,18.127517693581673,circular
448,1100,700,143.8428180352311,-85,-85,-85,-85,1350,700,335.1541136944519,18.127517693581673,circular
449,1100,700,143.8428180352311,-85,-85,-85,-85,1350,700,353.2816313880336,18.127517693581673,circular
450,1100,700,143.8428180352311,-85,-85,-85,-85,1350,700,11.409149081615283,18.127517693581673,circular
451,1100,700,143.8428180352311,-85,-85,-85,-85,1350,700,29.536666775196956,18.127517693581673,circular
452,1100,700,143.8428180352311,-85,-85,-85,-85,1350,700,47.66418446877863,18.127517693581673,circular
453,1100,700,143.8428180352311,-85,-85,-85,-85,1350,700,65.79170216236031,18.127517693581673,circular
454,1100,700,143.8428180352311,-85,-85,-85,-85,1350,700,83.91921985594198,18.127517693581673,circular
455,1100,700,143.8428180352311,-85,-85,-85,-85,1350,700,102.04673754952364,18.127517693581673,circular
456,1100,700,143.8428180352311,-85,-85,-85,-85,1350,700,120.1742552431053,18.127517693581673,circular
457,1100,700,143.8428180352311,-85,-85,-85,-85,1350,700,138.30177293668697,18.127517693581673,circular
458,1100,700,143.8428180352311,-85,14.513447644213304,17.513155499392102,-85,1350,700,156.42929063026864,18.127517693581673,circular
459,1100,700,143.8428180352311,-85,24.1582774269213,24.495315191602927,-85,1350,700,174.5568083238503,18.127517693581673,circular
460,1100,700,143.8428180352311,-85,25.946643644493044,26.011117049096303,-85,1350,700,192.68432601743197,18.127517693581673,circular
461,1100,700,143.8428180352311,-85,25.807460623826316,25.614204328866276,-85,1350,700,210.81184371101364,18.127517693581673,circular
462,1100,700,143.8428180352311,-85,23.553218972269416,22.793695368992225,-85,1350,700,228.9393614045953,18.127517693581673,circular
463,1100,700,143.8428180352311,-85,-85,-85,-85,1350,700,247.06687909817697,18.127517693581673,circular
464,1100,700,143.8428180352311,-85,-85,-85,-85,1350,700,265.19439679175866,18.127517693581673,circular
465,1100,700,143.8428180352311,-85,-85,-85,-85,1350,700,283.32191448534036,18.127517693581673,circular
466,1100,700,143.8428180352311,-85,-85,-85,-85,1350,700,301.44943217892205,18.127517693581673,circular
467,1100,700,143.8428180352311,-85,-85,-85,-85,1350,700,319.57694987250375,18.127517693581673,circular
468,1100,700,143.8428180352311,-85,-85,-85,-85,1350,700,337.70446756608544,18.127517693581673,circular
469,1100,700,143.8428180352311,-85,-85,-85,-85,1350,700,355.83198525966714,18.127517693581673,circular
470,1100,700,143.8428180352311,-85,-85,-85,-85,1350,700,13.95950295324883,18.127517693581673,circular
471,1100,700,143.8428180352311,-85,-85,-85,-85,1350,700,32.0870206468305,18.127517693581673,circular
472,1100,700,143.8428180352311,-85,-85,-85,-85,1350,700,50.214538340412176,18.127517693581673,circular
473,1100,700,143.8428180352311,-85,-85,-85,-85,1350,700,68.34205603399386,18.127517693581673,circular
474,1100,700,143.8428180352311,-85,-85,-85,-85,1350,700,86.46957372757552,18.127517693581673,circular
475,1100,700,143.8428180352311,-85,-85,-85,-85,1350,700,104.59709142115719,18.127517693581673,circular
476,1100,700,143.8428180352311,-85,-85,-85,-85,1350,700,122.72460911473885,18.127517693581673,circular
477,1100,700,143.8428180352311,-85,-85,-85,-85,1350,700,140.85212680832052,18.127517693581673,circular
478,1100,700,143.8428180352311,-85,17.513155499392102,19.91435422725632,-85,1350,700,158.9796445019022,18.127517693581673,circular
479,1100,700,143.8428180352311,-85,24.495315191602927,24.92014212493214,-85,1350,700,177.10716219548385,18.127517693581673,circular
480,1100,700,143.8428180352311,-85,26.011117049096303,26.067010357935978,-85,1350,700,195.23467988906552,18.127517693581673,circular
481,1100,700,143.8428180352311,-85,25.684904084789977,25.452908776355446,-85,1350,700,213.36219758264718,18.127517693581673,circular
482,1100,700,143.8428180352311,-85,22.793695368992225,22.170735458799452,-85,1350,700,231.48971527622885,18.127517693581673,circular
483,1100,700,143.8428180352311,-85,-85,-85,-85,1350,700,249.61723296981052,18.127517693581673,circular
484,1100,700,143.8428180352311,-85,-85,-85,-85,1350,700,267.7447506633922,18.127517693581673,circular
485,1100,700,143.8428180352311,-85,-85,-85,-85,1350,700,285.8722683569739,18.127517693581673,circular
486,1100,700,143.8428180352311,-85,-85,-85,-85,1350,700,303.9997860505556,18.127517693581673,circular
487,1100,700,143.8428180352311,-85,-85,-85,-85,1350,700,322.1273037441373,18.127517693581673,circular
488,1100,700,143.8428180352311,-85,-85,-85,-85,1350,700,340.254821437719,18.127517693581673,circular
489,1100,700,143.8428180352311,-85,-85,-85,-85,1350,700,358.3823391313007,18.127517693581673,circular
490,1100,700,143.8428180352311,-85,-85,-85,-85,1350,700,16.509856824882377,18.127517693581673,circular
491,1100,700,143.8428180352311,-85,-85,-85,-85,1350,700,34.63737451846405,18.127517693581673,circular
492,1100,700,143.8428180352311,-85,-85,-85,-85,1350,700,52.76489221204572,18.127517693581673,circular
493,1100,700,143.8428180352311,-85,-85,-85,-85,1350,700,70.8924099056274,18.127517693581673,circular
494,1100,700,143.8428180352311,-85,-85,-85,-85,1350,700,89.01992759920907,18.127517693581673,circular
495,1100,700,143.8428180352311,-85,-85,-85,-85,1350,700,107.14744529279074,18.127517693581673,circular
496,1100,700,143.8428180352311,-85,-85,-85,-85,1350,700,125.2749629863724,18.127517693581673,circular
497,1100,700,143.8428180352311,-85,-85,-85,-85,1350,700,143.40248067995407,18.127517693581673,circular
498,1100,700,143.8428180352311,-85,19.91435422725632,20.97742610025734,-85,1350,700,161.52999837353573,18.127517693581673,circular
499,1100,700,143.8428180352311,-85,24.92014212493214,25.157178905256924,-85,1350,700,179.6575160671174,18.127517693581673,circular
500,1100,700,143.8428180352311,-85,26.067010357935978,26.077602459396946,-85,1350,700,197.78503376069906,18.127517693581673,circular
501,1100,700,143.8428180352311,-85,25.452908776355446,25.157178905256924,-85,1350,700,215.91255145428073,18.127517693581673,circular
502,1100,700,143.8428180352311,-85,22.170735458799452,20.97742610025735,-85,1350,700,234.0400691478624,18.127517693581673,circular
503,1100,700,143.8428180352311,-85,-85,-85,-85,1350,700,252.16758684144406,18.127517693581673,circular
504,1100,700,143.8428180352311,-85,-85,-85,-85,1350,700,270.29510453502576,18.127517693581673,circular
505,1100,700,143.8428180352311,-85,-85,-85,-85,1350,700,288.42262222860745,18.127517693581673,circular
506,1100,700,143.8428180352311,-85,-85,-85,-85,1350,700,306.55013992218915,18.127517693581673,circular
507,1100,700,143.8428180352311,-85,-85,-85,-85,1350,700,324.67765761577084,18.127517693581673,circular
508,1100,700,143.8428180352311,-85,-85,-85,-85,1350,700,342.80517530935253,18.127517693581673,circular
509,1100,700,143.8428180352311,-85,-85,-85,-85,1350,700,0.9326930029342293,18.127517693581673,circular
510,1100,700,143.8428180352311,-85,-85,-85,-85,1350,700,19.060210696515902,18.127517693581673,circular
511,1100,700,143.8428180352311,-85,-85,-85,-85,1350,700,37.187728390097575,18.127517693581673,circular
512,1100,700,143.8428180352311,-85,-85,-85,-85,1350,700,55.31524608367925,18.127517693581673,circular
513,1100,700,143.8428180352311,-85,-85,-85,-85,1350,700,73.44276377726092,18.127517693581673,circular
514,1100,700,143.8428180352311,-85,-85,-85,-85,1350,700,91.57028147084259,18.127517693581673,circular
515,1100,700,143.8428180352311,-85,-85,-85,-85,1350,700,109.69779916442425,18.127517693581673,circular
516,1100,700,143.8428180352311,-85,-85,-85,-85,1350,700,127.82531685800592,18.127517693581673,circular
517,1100,700,143.8428180352311,-85,-85,-85,-85,1350,700,145.95283455158759,18.127517693581673,circular
518,1100,700,143.8428180352311,-85,20.97742610025734,22.170735458799452,-85,1350,700,164.08035224516925,18.127517693581673,circular
519,1100,700,143.8428180352311,-85,25.157178905256924,25.452908776355446,-85,1350,700,182.20786993875092,18.127517693581673,circular
520,1100,700,143.8428180352311,-85,26.077602459396946,26.067010357935978,-85,1350,700,200.33538763233258,18.127517693581673,circular
521,1100,700,143.8428180352311,-85,25.157178905256924,24.92014212493214,-85,1350,700,218.46290532591425,18.127517693581673,circular
522,1100,700,143.8428180352311,-85,20.97742610025735,19.914354227256315,-85,1350,700,236.59042301949592,18.127517693581673,circular
523,1100,700,143.8428180352311,-85,-85,-85,-85,1350,700,254.71794071307758,18.127517693581673,circular
524,1100,700,143.8428180352311,-85,-85,-85,-85,1350,700,272.84545840665925,18.127517693581673,circular
525,1100,700,143.8428180352311,-85,-85,-85,-85,1350,700,290.97297610024094,18.127517693581673,circular
526,1100,700,143.8428180352311,-85,-85,-85,-85,1350,700,309.10049379382264,18.127517693581673,circular
527,1100,700,143.8428180352311,-85,-85,-85,-85,1350,700,327.22801148740433,18.127517693581673,circular
528,1100,700,143.8428180352311,-85,-85,-85,-85,1350,700,345.355529180986,18.127517693581673,circular
529,1100,700,143.8428180352311,-85,-85,-85,-85,1350,700,3.4830468745677194,18.127517693581673,circular
530,1100,700,143.8428180352311,-85,-85,-85,-85,1350,700,21.610564568149393,18.127517693581673,circular
531,1100,700,143.8428180352311,-85,-85,-85,-85,1350,700,39.738082261731066,18.127517693581673,circular
532,1100,700,143.8428180352311,-85,-85,-85,-85,1350,700,57.86559995531274,18.127517693581673,circular
533,1100,700,143.8428180352311,-85,-85,-85,-85,1350,700,75.99311764889441,18.127517693581673,circular
534,1100,700,143.8428180352311,-85,-85,-85,-85,1350,700,94.12063534247608,18.127517693581673,circular
535,1100,700,143.8428180352311,-85,-85,-85,-85,1350,700,112.24815303605774,18.127517693581673,circular
536,1100,700,143.8428180352311,-85,-85,-85,-85,1350,700,130.3756707296394,18.127517693581673,circular
537,1100,700,143.8428180352311,-85,-85,-85,-85,1350,700,148.50318842322108,18.127517693581673,circular
538,1100,700,143.8428180352311,-85,22.170735458799452,22.793695368992218,-85,1350,700,166.63070611680274,18.127517693581673,circular
539,1100,700,143.8428180352311,-85,25.452908776355446,25.614204328866276,-85,1350,700,184.7582238103844,18.127517693581673,circular
540,1100,700,143.8428180352311,-85,26.067010357935978,26.011117049096303,-85,1350,700,202.88574150396607,18.127517693581673,circular
541,1100,700,143.8428180352311,-85,24.92014212493214,24.495315191602927,-85,1350,700,221.01325919754774,18.127517693581673,circular
542,1100,700,143.8428180352311,-85,19.914354227256315,17.51315549939211,-85,1350,700,239.1407768911294,18.127517693581673,circular
543,1100,700,143.8428180352311,-85,-85,-85,-85,1350,700,257.2682945847111,18.127517693581673,circular
544,1100,700,143.8428180352311,-85,-85,-85,-85,1350,700,275.3958122782928,18.127517693581673,circular
545,1100,700,143.8428180352311,-85,-85,-85,-85,1350,700,293.5233299718745,18.127517693581673,circular
546,1100,700,143.8428180352311,-85,-85,-85,-85,1350,700,311.6508476654562,18.127517693581673,circular
547,1100,700,143.8428180352311,-85,-85,-85,-85,1350,700,329.7783653590379,18.127517693581673,circular
548,1100,700,143.8428180352311,-85,-85,-85,-85,1350,700,347.9058830526196,18.127517693581673,circular
549,1100,700,143.8428180352311,-85,-85,-85,-85,1350,700,6.033400746201266,18.127517693581673,circular
550,1100,700,143.8428180352311,-85,-85,-85,-85,1350,700,24.16091843978294,18.127517693581673,circular
551,1100,700,143.8428180352311,-85,-85,-85,-85,1350,700,42.28843613336461,18.127517693581673,circular
552,1100,700,143.8428180352311,-85,-85,-85,-85,1350,700,60.415953826946286,18.127517693581673,circular
553,1100,700,143.8428180352311,-85,-85,-85,-85,1350,700,78.54347152052796,18.127517693581673,circular
554,1100,700,143.8428180352311,-85,-85,-85,-85,1350,700,96.67098921410962,18.127517693581673,circular
555,1100,700,143.8428180352311,-85,-85,-85,-85,1350,700,114.79850690769129,18.127517693581673,circular
556,1100,700,143.8428180352311,-85,-85,-85,-85,1350,700,132.92602460127296,18.127517693581673,circular
557,1100,700,143.8428180352311,-85,-85,-85,-85,1350,700,151.05354229485462,18.127517693581673,circular
558,1100,700,143.8428180352311,-85,22.793695368992218,23.553218972269416,-85,1350,700,169.1810599884363,18.127517693581673,circular
559,1100,700,143.8428180352311,-85,25.614204328866276,25.80746062382631,-85,1350,700,187.30857768201795,18.127517693581673,circular
560,1100,700,143.8428180352311,-85,26.011117049096303,25.946643644493044,-85,1350,700,205.43609537559962,18.127517693581673,circular
561,1100,700,143.8428180352311,-85,24.495315191602927,24.1582774269213,-85,1350,700,223.5636130691813,18.127517693581673,circular
562,1100,700,143.8428180352311,-85,17.51315549939211,14.513447644213265,-85,1350,700,241.69113076276295,18.127517693581673,circular
563,1100,700,143.8428180352311,-85,-85,-85,-85,1350,700,259.81864845634465,18.127517693581673,circular
564,1100,700,143.8428180352311,-85,-85,-85,-85,1350,700,277.94616614992634,18.127517693581673,circular
565,1100,700,143.8428180352311,-85,-85,-85,-85,1350,700,296.07368384350804,18.127517693581673,circular
566,1100,700,143.8428180352311,-85,-85,-85,-85,1350,700,314.20120153708973,18.127517693581673,circular
567,1100,700,143.8428180352311,-85,-85,-85,-85,1350,700,332.3287192306714,18.127517693581673,circular
568,1100,700,143.8428180352311,-85,-85,-85,-85,1350,700,350.4562369242531,18.127517693581673,circular
569,1100,700,143.8428180352311,-85,-85,-85,-85,1350,700,8.583754617834813,18.127517693581673,circular
570,1100,700,143.8428180352311,-85,-85,-85,-85,1350,700,26.711272311416487,18.127517693581673,circular
571,1100,700,143.8428180352311,-85,-85,-85,-85,1350,700,44.83879000499816,18.127517693581673,circular
572,1100,700,143.8428180352311,-85,-85,-85,-85,1350,700,62.96630769857983,18.127517693581673,circular
573,1100,700,143.8428180352311,-85,-85,-85,-85,1350,700,81.0938253921615,18.127517693581673,circular
574,1100,700,143.8428180352311,-85,-85,-85,-85,1350,700,99.22134308574317,18.127517693581673,circular
575,1100,700,143.8428180352311,-85,-85,-85,-85,1350,700,117.34886077932484,18.127517693581673,circular
576,1100,700,143.8428180352311,-85,-85,-85,-85,1350,700,135.4763784729065,18.127517693581673,circular
577,1100,700,143.8428180352311,-85,-85,11.505794098357505,-85,1350,700,153.60389616648817,18.127517693581673,circular
578,1100,700,143.8428180352311,-85,23.553218972269416,23.971022246457757,-85,1350,700,171.73141386006984,18.127517693581673,circular
579,1100,700,143.8428180352311,-85,25.80746062382631,25.946643644493044,-85,1350,700,189.8589315536515,18.127517693581673,circular
580,1100,700,143.8428180352311,-85,25.946643644493044,25.807460623826316,-85,1350,700,207.98644924723317,18.127517693581673,circular
581,1100,700,143.8428180352311,-85,24.1582774269213,23.553218972269416,-85,1350,700,226.11396694081483,18.127517693581673,circular
582,1100,700,143.8428180352311,-85,14.513447644213265,-85,-85,1350,700,244.2414846343965,18.127517693581673,circular
583,1100,700,143.8428180352311,-85,-85,-85,-85,1350,700,262.3690023279782,18.127517693581673,circular
584,1100,700,143.8428180352311,-85,-85,-85,-85,1350,700,280.4965200215599,18.127517693581673,circular
585,1100,700,143.8428180352311,-85,-85,-85,-85,1350,700,298.6240377151416,18.127517693581673,circular
586,1100,700,143.8428180352311,-85,-85,-85,-85,1350,700,316.7515554087233,18.127517693581673,circular
587,1100,700,143.8428180352311,-85,-85,-85,-85,1350,700,334.879073102305,18.127517693581673,circular
588,1100,700,143.8428180352311,-85,-85,-85,-85,1350,700,353.00659079588667,18.127517693581673,circular
589,1100,700,143.8428180352311,-85,-85,-85,-85,1350,700,11.13410848946836,18.127517693581673,circular
590,1100,700,143.8428180352311,-85,-85,-85,-85,1350,700,29.261626183050033,18.127517693581673,circular
591,1100,700,143.8428180352311,-85,-85,-85,-85,1350,700,47.38914387663171,18.127517693581673,circular
592,1100,700,143.8428180352311,-85,-85,-85,-85,1350,700,65.51666157021339,18.127517693581673,circular
593,1100,700,143.8428180352311,-85,-85,-85,-85,1350,700,83.64417926379505,18.127517693581673,circular
594,1100,700,143.8428180352311,-85,-85,-85,-85,1350,700,101.77169695737672,18.127517693581673,circular
595,1100,700,143.8428180352311,-85,-85,-85,-85,1350,700,119.89921465095838,18.127517693581673,circular
596,1100,700,143.8428180352311,-85,-85,-85,-85,1350,700,138.02673234454005,18.127517693581673,circular
597,1100,700,143.8428180352311,-85,11.505794098357505,17.513155499392102,-85,1350,700,156.15425003812172,18.127517693581673,circular
598,1100,700,143.8428180352311,-85,23.971022246457757,24.495315191602927,-85,1350,700,174.28176773170338,18.127517693581673,circular
599,1100,700,143.8428180352311,-85,25.946643644493044,26.011117049096303,-85,1350,700,192.40928542528505,18.127517693581673,circular
600,1100,700,143.8428180352311,-85,25.807460623826316,25.684904084789977,-85,1350,700,210.53680311886671,18.127517693581673,circular
601,1100,700,143.8428180352311,-85,23.553218972269416,23.067302502757133,-85,1350,700,228.66432081244838,18.127517693581673,circular
602,1100,700,143.8428180352311,-85,-85,-85,-85,1350,700,246.79183850603005,18.127517693581673,circular
603,1100,700,143.8428180352311,-85,-85,-85,-85,1350,700,264.91935619961174,18.127517693581673,circular
604,1100,700,143.8428180352311,-85,-85,-85,-85,1350,700,283.04687389319344,18.127517693581673,circular
605,1100,700,143.8428180352311,-85,-85,-85,-85,1350,700,301.17439158677513,18.127517693581673,circular
606,1100,700,143.8428180352311,-85,-85,-85,-85,1350,700,319.3019092803568,18.127517693581673,circular
607,1100,700,143.8428180352311,-85,-85,-85,-85,1350,700,337.4294269739385,18.127517693581673,circular
608,1100,700,143.8428180352311,-85,-85,-85,-85,1350,700,355.5569446675202,18.127517693581673,circular
609,1100,700,143.8428180352311,-85,-85,-85,-85,1350,700,13.684462361101907,18.127517693581673,circular
610,1100,700,143.8428180352311,-85,-85,-85,-85,1350,700,31.81198005468358,18.127517693581673,circular
611,1100,700,143.8428180352311,-85,-85,-85,-85,1350,700,49.939497748265254,18.127517693581673,circular
612,1100,700,143.8428180352311,-85,-85,-85,-85,1350,700,68.06701544184693,18.127517693581673,circular
613,1100,700,143.8428180352311,-85,-85,-85,-85,1350,700,86.1945331354286,18.127517693581673,circular
614,1100,700,143.8428180352311,-85,-85,-85,-85,1350,700,104.32205082901027,18.127517693581673,circular
615,1100,700,143.8428180352311,-85,-85,-85,-85,1350,700,122.44956852259193,18.127517693581673,circular
616,1100,700,143.8428180352311,-85,-85,-85,-85,1350,700,140.5770862161736,18.127517693581673,circular
617,1100,700,143.8428180352311,-85,17.513155499392102,19.25639156218217,-85,1350,700,158.70460390975526,18.127517693581673,circular
618,1100,700,143.8428180352311,-85,24.495315191602927,24.92014212493214,-85,1350,700,176.83212160333693,18.127517693581673,circular
619,1100,700,143.8428180352311,-85,26.011117049096303,26.067010357935978,-85,1350,700,194.9596392969186,18.127517693581673,circular
620,1100,700,143.8428180352311,-85,25.684904084789977,25.452908776355446,-85,1350,700,213.08715699050026,18.127517693581673,circular
621,1100,700,143.8428180352311,-85,23.067302502757133,22.170735458799452,-85,1350,700,231.21467468408193,18.127517693581673,circular
622,1100,700,143.8428180352311,-85,-85,-85,-85,1350,700,249.3421923776636,18.127517693581673,circular
623,1100,700,143.8428180352311,-85,-85,-85,-85,1350,700,267.4697100712453,18.127517693581673,circular
624,1100,700,143.8428180352311,-85,-85,-85,-85,1350,700,285.597227764827,18.127517693581673,circular
625,1100,700,143.8428180352311,-85,-85,-85,-85,1350,700,303.7247454584087,18.127517693581673,circular
626,1100,700,143.8428180352311,-85,-85,-85,-85,1350,700,321.85226315199037,18.127517693581673,circular
627,1100,700,143.8428180352311,-85,-85,-85,-85,1350,700,339.97978084557207,18.127517693581673,circular
628,1100,700,143.8428180352311,-85,-85,-85,-85,1350,700,358.10729853915376,18.127517693581673,circular
629,1100,700,143.8428180352311,-85,-85,-85,-85,1350,700,16.234816232735454,18.127517693581673,circular
630,1100,700,143.8428180352311,-85,-85,-85,-85,1350,700,34.36233392631713,18.127517693581673,circular
631,1100,700,143.8428180352311,-85,-85,-85,-85,1350,700,52.4898516198988,18.127517693581673,circular
632,1100,700,143.8428180352311,-85,-85,-85,-85,1350,700,70.61736931348048,18.127517693581673,circular
633,1100,700,143.8428180352311,-85,-85,-85,-85,1350,700,88.74488700706215,18.127517693581673,circular
634,1100,700,143.8428180352311,-85,-85,-85,-85,1350,700,106.87240470064381,18.127517693581673,circular
635,1100,700,143.8428180352311,-85,-85,-85,-85,1350,700,124.99992239422548,18.127517693581673,circular
636,1100,700,143.8428180352311,-85,-85,-85,-85,1350,700,143.12744008780714,18.127517693581673,circular
637,1100,700,143.8428180352311,-85,19.25639156218217,20.97742610025734,-85,1350,700,161.2549577813888,18.127517693581673,circular
638,1100,700,143.8428180352311,-85,24.78833704083229,25.157178905256924,-85,1350,700,179.38247547497048,18.127517693581673,circular
639,1100,700,143.8428180352311,-85,26.067010357935978,26.077602459396946,-85,1350,700,197.50999316855214,18.127517693581673,circular
640,1100,700,143.8428180352311,-85,25.452908776355446,25.263344594616918,-85,1350,700,215.6375108621338,18.127517693581673,circular
641,1100,700,143.8428180352311,-85,22.170735458799452,20.97742610025735,-85,1350,700,233.76502855571547,18.127517693581673,circular
642,1100,700,143.8428180352311,-85,-85,-85,-85,1350,700,251.89254624929714,18.127517693581673,circular
643,1100,700,143.8428180352311,-85,-85,-85,-85,1350,700,270.02006394287883,18.127517693581673,circular
644,1100,700,143.8428180352311,-85,-85,-85,-85,1350,700,288.14758163646053,18.127517693581673,circular
645,1100,700,143.8428180352311,-85,-85,-85,-85,1350,700,306.2750993300422,18.127517693581673,circular
646,1100,700,143.8428180352311,-85,-85,-85,-85,1350,700,324.4026170236239,18.127517693581673,circular
647,1100,700,143.8428180352311,-85,-85,-85,-85,1350,700,342.5301347172056,18.127517693581673,circular
648,1100,700,143.8428180352311,-85,-85,-85,-85,1350,700,0.657652410787307,18.127517693581673,circular
649,1100,700,143.8428180352311,-85,-85,-85,-85,1350,700,18.78517010436898,18.127517693581673,circular
650,1100,700,143.8428180352311,-85,-85,-85,-85,1350,700,36.91268779795065,18.127517693581673,circular
651,1100,700,143.8428180352311,-85,-85,-85,-85,1350,700,55.040205491532326,18.127517693581673,circular
652,1100,700,143.8428180352311,-85,-85,-85,-85,1350,700,73.167723185114,18.127517693581673,circular
653,1100,700,143.8428180352311,-85,-85,-85,-85,1350,700,91.29524087869567,18.127517693581673,circular
654,1100,700,143.8428180352311,-85,-85,-85,-85,1350,700,109.42275857227733,18.127517693581673,circular
655,1100,700,143.8428180352311,-85,-85,-85,-85,1350,700,127.550276265859,18.127517693581673,circular
656,1100,700,143.8428180352311,-85,-85,-85,-85,1350,700,145.67779395944066,18.127517693581673,circular
657,1100,700,143.8428180352311,-85,20.97742610025734,22.170735458799452,-85,1350,700,163.80531165302233,18.127517693581673,circular
658,1100,700,143.8428180352311,-85,25.157178905256924,25.452908776355446,-85,1350,700,181.932829346604,18.127517693581673,circular
659,1100,700,143.8428180352311,-85,26.077602459396946,26.067010357935978,-85,1350,700,200.06034704018566,18.127517693581673,circular
660,1100,700,143.8428180352311,-85,25.263344594616918,24.92014212493214,-85,1350,700,218.18786473376733,18.127517693581673,circular
661,1100,700,143.8428180352311,-85,21.418119305852123,19.914354227256315,-85,1350,700,236.315382427349,18.127517693581673,circular
662,1100,700,143.8428180352311,-85,-85,-85,-85,1350,700,254.44290012093066,18.127517693581673,circular
663,1100,700,143.8428180352311,-85,-85,-85,-85,1350,700,272.5704178145123,18.127517693581673,circular
664,1100,700,143.8428180352311,-85,-85,-85,-85,1350,700,290.697935508094,18.127517693581673,circular
665,1100,700,143.8428180352311,-85,-85,-85,-85,1350,700,308.8254532016757,18.127517693581673,circular
666,1100,700,143.8428180352311,-85,-85,-85,-85,1350,700,326.9529708952574,18.127517693581673,circular
667,1100,700,143.8428180352311,-85,-85,-85,-85,1350,700,345.0804885888391,18.127517693581673,circular
668,1100,700,143.8428180352311,-85,-85,-85,-85,1350,700,3.208006282420797,18.127517693581673,circular
669,1100,700,143.8428180352311,-85,-85,-85,-85,1350,700,21.33552397600247,18.127517693581673,circular
670,1100,700,143.8428180352311,-85,-85,-85,-85,1350,700,39.46304166958414,18.127517693581673,circular
671,1100,700,143.8428180352311,-85,-85,-85,-85,1350,700,57.590559363165816,18.127517693581673,circular
672,1100,700,143.8428180352311,-85,-85,-85,-85,1350,700,75.71807705674749,18.127517693581673,circular
673,1100,700,143.8428180352311,-85,-85,-85,-85,1350,700,93.84559475032916,18.127517693581673,circular
674,1100,700,143.8428180352311,-85,-85,-85,-85,1350,700,111.97311244391082,18.127517693581673,circular
675,1100,700,143.8428180352311,-85,-85,-85,-85,1350,700,130.1006301374925,18.127517693581673,circular
676,1100,700,143.8428180352311,-85,-85,-85,-85,1350,700,148.22814783107415,18.127517693581673,circular
677,1100,700,143.8428180352311,-85,21.813356630230874,22.793695368992218,-85,1350,700,166.35566552465582,18.127517693581673,circular
678,1100,700,143.8428180352311,-85,25.452908776355446,25.614204328866276,-85,1350,700,184.48318321823749,18.127517693581673,circular
679,1100,700,143.8428180352311,-85,26.067010357935978,26.035130213615616,-85,1350,700,202.61070091181915,18.127517693581673,circular
680,1100,700,143.8428180352311,-85,24.92014212493214,24.646943359767004,-85,1350,700,220.73821860540082,18.127517693581673,circular
681,1100,700,143.8428180352311,-85,19.914354227256315,17.51315549939211,-85,1350,700,238.86573629898248,18.127517693581673,circular
682,1100,700,143.8428180352311,-85,-85,-85,-85,1350,700,256.9932539925642,18.127517693581673,circular
683,1100,700,143.8428180352311,-85,-85,-85,-85,1350,700,275.1207716861459,18.127517693581673,circular
684,1100,700,143.8428180352311,-85,-85,-85,-85,1350,700,293.24828937972757,18.127517693581673,circular
685,1100,700,143.8428180352311,-85,-85,-85,-85,1350,700,311.37580707330926,18.127517693581673,circular
686,1100,700,143.8428180352311,-85,-85,-85,-85,1350,700,329.50332476689096,18.127517693581673,circular
687,1100,700,143.8428180352311,-85,-85,-85,-85,1350,700,347.63084246047265,18.127517693581673,circular
688,1100,700,143.8428180352311,-85,-85,-85,-85,1350,700,5.758360154054344,18.127517693581673,circular
689,1100,700,143.8428180352311,-85,-85,-85,-85,1350,700,23.885877847636017,18.127517693581673,circular
690,1100,700,143.8428180352311,-85,-85,-85,-85,1350,700,42.01339554121769,18.127517693581673,circular
691,1100,700,143.8428180352311,-85,-85,-85,-85,1350,700,60.14091323479936,18.127517693581673,circular
692,1100,700,143.8428180352311,-85,-85,-85,-85,1350,700,78.26843092838104,18.127517693581673,circular
693,1100,700,143.8428180352311,-85,-85,-85,-85,1350,700,96.3959486219627,18.127517693581673,circular
694,1100,700,143.8428180352311,-85,-85,-85,-85,1350,700,114.52346631554437,18.127517693581673,circular
695,1100,700,143.8428180352311,-85,-85,-85,-85,1350,700,132.65098400912603,18.127517693581673,circular
696,1100,700,143.8428180352311,-85,-85,-85,-85,1350,700,150.7785017027077,18.127517693581673,circular
697,1100,700,143.8428180352311,-85,22.793695368992218,23.553218972269416,-85,1350,700,168.90601939628937,18.127517693581673,circular
698,1100,700,143.8428180352311,-85,25.614204328866276,25.80746062382631,-85,1350,700,187.03353708987103,18.127517693581673,circular
699,1100,700,143.8428180352311,-85,26.035130213615616,25.946643644493044,-85,1350,700,205.1610547834527,18.127517693581673,circular
700,1100,700,143.8428180352311,-85,24.646943359767004,24.1582774269213,-85,1350,700,223.28857247703436,18.127517693581673,circular
701,1100,700,143.8428180352311,-85,17.51315549939211,14.513447644213265,-85,1350,700,241.41609017061603,18.127517693581673,circular
702,1100,700,143.8428180352311,-85,-85,-85,-85,1350,700,259.5436078641977,18.127517693581673,circular
703,1100,700,143.8428180352311,-85,-85,-85,-85,1350,700,277.6711255577794,18.127517693581673,circular
704,1100,700,143.8428180352311,-85,-85,-85,-85,1350,700,295.7986432513611,18.127517693581673,circular
705,1100,700,143.8428180352311,-85,-85,-85,-85,1350,700,313.9261609449428,18.127517693581673,circular
706,1100,700,143.8428180352311,-85,-85,-85,-85,1350,700,332.0536786385245,18.127517693581673,circular
707,1100,700,143.8428180352311,-85,-85,-85,-85,1350,700,350.1811963321062,18.127517693581673,circular
708,1100,700,143.8428180352311,-85,-85,-85,-85,1350,700,8.308714025687891,18.127517693581673,circular
709,1100,700,143.8428180352311,-85,-85,-85,-85,1350,700,26.436231719269564,18.127517693581673,circular
710,1100,700,143.8428180352311,-85,-85,-85,-85,1350,700,44.56374941285124,18.127517693581673,circular
711,1100,700,143.8428180352311,-85,-85,-85,-85,1350,700,62.69126710643291,18.127517693581673,circular
712,1100,700,143.8428180352311,-85,-85,-85,-85,1350,700,80.81878480001458,18.127517693581673,circular
713,1100,700,143.8428180352311,-85,-85,-85,-85,1350,700,98.94630249359625,18.127517693581673,circular
714,1100,700,143.8428180352311,-85,-85,-85,-85,1350,700,117.07382018717792,18.127517693581673,circular
715,1100,700,143.8428180352311,-85,-85,-85,-85,1350,700,135.20133788075958,18.127517693581673,circular
716,1100,700,143.8428180352311,-85,-85,11.505794098357505,-85,1350,700,153.32885557434125,18.127517693581673,circular
717,1100,700,143.8428180352311,-85,23.553218972269416,23.971022246457757,-85,1350,700,171.4563732679229,18.127517693581673,circular
718,1100,700,143.8428180352311,-85,25.80746062382631,25.906018829630398,-85,1350,700,189.58389096150458,18.127517693581673,circular
719,1100,700,143.8428180352311,-85,25.946643644493044,25.859665714847075,-85,1350,700,207.71140865508625,18.127517693581673,circular
720,1100,700,143.8428180352311,-85,24.1582774269213,23.553218972269416,-85,1350,700,225.8389263486679,18.127517693581673,circular
721,1100,700,143.8428180352311,-85,14.513447644213265,-85,-85,1350,700,243.96644404224958,18.127517693581673,circular
722,1100,700,143.8428180352311,-85,-85,-85,-85,1350,700,262.0939617358313,18.127517693581673,circular
723,1100,700,143.8428180352311,-85,-85,-85,-85,1350,700,280.22147942941297,18.127517693581673,circular
724,1100,700,143.8428180352311,-85,-85,-85,-85,1350,700,298.34899712299466,18.127517693581673,circular
725,1100,700,143.8428180352311,-85,-85,-85,-85,1350,700,316.47651481657635,18.127517693581673,circular
726,1100,700,143.8428180352311,-85,-85,-85,-85,1350,700,334.60403251015805,18.127517693581673,circular
727,1100,700,143.8428180352311,-85,-85,-85,-85,1350,700,352.73155020373974,18.127517693581673,circular
728,1100,700,143.8428180352311,-85,-85,-85,-85,1350,700,10.859067897321438,18.127517693581673,circular
729,1100,700,143.8428180352311,-85,-85,-85,-85,1350,700,28.98658559090311,18.127517693581673,circular
730,1100,700,143.8428180352311,-85,-85,-85,-85,1350,700,47.114103284484784,18.127517693581673,circular
731,1100,700,143.8428180352311,-85,-85,-85,-85,1350,700,65.24162097806646,18.127517693581673,circular
732,1100,700,143.8428180352311,-85,-85,-85,-85,1350,700,83.36913867164813,18.127517693581673,circular
733,1100,700,143.8428180352311,-85,-85,-85,-85,1350,700,101.4966563652298,18.127517693581673,circular
734,1100,700,143.8428180352311,-85,-85,-85,-85,1350,700,119.62417405881146,18.127517693581673,circular
735,1100,700,143.8428180352311,-85,-85,-85,-85,1350,700,137.75169175239313,18.127517693581673,circular
736,1100,700,143.8428180352311,-85,11.505794098357505,17.513155499392102,-85,1350,700,155.8792094459748,18.127517693581673,circular
737,1100,700,143.8428180352311,-85,23.971022246457757,24.495315191602927,-85,1350,700,174.00672713955646,18.127517693581673,circular
738,1100,700,143.8428180352311,-85,25.906018829630398,26.011117049096303,-85,1350,700,192.13424483313813,18.127517693581673,circular
739,1100,700,143.8428180352311,-85,25.859665714847075,25.684904084789977,-85,1350,700,210.2617625267198,18.127517693581673,circular
740,1100,700,143.8428180352311,-85,23.769789312347285,23.067302502757133,-85,1350,700,228.38928022030146,18.127517693581673,circular
741,1100,700,143.8428180352311,-85,-85,-85,-85,1350,700,246.51679791388312,18.127517693581673,circular
742,1100,700,143.8428180352311,-85,-85,-85,-85,1350,700,264.6443156074648,18.127517693581673,circular
743,1100,700,143.8428180352311,-85,-85,-85,-85,1350,700,282.7718333010465,18.127517693581673,circular
744,1100,700,143.8428180352311,-85,-85,-85,-85,1350,700,300.8993509946282,18.127517693581673,circular
745,1100,700,143.8428180352311,-85,-85,-85,-85,1350,700,319.0268686882099,18.127517693581673,circular
746,1100,700,143.8428180352311,-85,-85,-85,-85,1350,700,337.1543863817916,18.127517693581673,circular
747,1100,700,143.8428180352311,-85,-85,-85,-85,1350,700,355.2819040753733,18.127517693581673,circular
748,1100,700,143.8428180352311,-85,-85,-85,-85,1350,700,13.409421768954985,18.127517693581673,circular
749,1100,700,143.8428180352311,-85,-85,-85,-85,1350,700,31.536939462536658,18.127517693581673,circular
750,1100,700,143.8428180352311,-85,-85,-85,-85,1350,700,49.66445715611833,18.127517693581673,circular
751,1100,700,143.8428180352311,-85,-85,-85,-85,1350,700,67.79197484970001,18.127517693581673,circular
752,1100,700,143.8428180352311,-85,-85,-85,-85,1350,700,85.91949254328168,18.127517693581673,circular
753,1100,700,143.8428180352311,-85,-85,-85,-85,1350,700,104.04701023686334,18.127517693581673,circular
754,1100,700,143.8428180352311,-85,-85,-85,-85,1350,700,122.17452793044501,18.127517693581673,circular
755,1100,700,143.8428180352311,-85,-85,-85,-85,1350,700,140.30204562402668,18.127517693581673,circular
756,1100,700,143.8428180352311,-85,17.513155499392102,19.25639156218217,-85,1350,700,158.42956331760834,18.127517693581673,circular
757,1100,700,143.8428180352311,-85,24.495315191602927,24.78833704083229,-85,1350,700,176.55708101119,18.127517693581673,circular
758,1100,700,143.8428180352311,-85,26.011117049096303,26.053745949214605,-85,1350,700,194.68459870477167,18.127517693581673,circular
759,1100,700,143.8428180352311,-85,25.684904084789977,25.452908776355446,-85,1350,700,212.81211639835334,18.127517693581673,circular
760,1100,700,143.8428180352311,-85,23.067302502757133,22.170735458799452,-85,1350,700,230.939634091935,18.127517693581673,circular
761,1100,700,143.8428180352311,-85,-85,-85,-85,1350,700,249.06715178551667,18.127517693581673,circular
762,1100,700,143.8428180352311,-85,-85,-85,-85,1350,700,267.19466947909837,18.127517693581673,circular
763,1100,700,143.8428180352311,-85,-85,-85,-85,1350,700,285.32218717268006,18.127517693581673,circular
764,1100,700,143.8428180352311,-85,-85,-85,-85,1350,700,303.44970486626175,18.127517693581673,circular
765,1100,700,143.8428180352311,-85,-85,-85,-85,1350,700,321.57722255984345,18.127517693581673,circular
766,1100,700,143.8428180352311,-85,-85,-85,-85,1350,700,339.70474025342514,18.127517693581673,circular
767,1100,700,143.8428180352311,-85,-85,-85,-85,1350,700,357.83225794700684,18.127517693581673,circular
768,1100,700,143.8428180352311,-85,-85,-85,-85,1350,700,15.959775640588532,18.127517693581673,circular
769,1100,700,143.8428180352311,-85,-85,-85,-85,1350,700,34.087293334170205,18.127517693581673,circular
770,1100,700,143.8428180352311,-85,-85,-85,-85,1350,700,52.21481102775188,18.127517693581673,circular
771,1100,700,143.8428180352311,-85,-85,-85,-85,1350,700,70.34232872133356,18.127517693581673,circular
772,1100,700,143.8428180352311,-85,-85,-85,-85,1350,700,88.46984641491522,18.127517693581673,circular
773,1100,700,143.8428180352311,-85,-85,-85,-85,1350,700,106.59736410849689,18.127517693581673,circular
774,1100,700,143.8428180352311,-85,-85,-85,-85,1350,700,124.72488180207856,18.127517693581673,circular
775,1100,700,143.8428180352311,-85,-85,-85,-85,1350,700,142.85239949566022,18.127517693581673,circular
776,1100,700,143.8428180352311,-85,19.25639156218217,20.97742610025734,-85,1350,700,160.9799171892419,18.127517693581673,circular
777,1100,700,143.8428180352311,-85,24.78833704083229,25.157178905256924,-85,1350,700,179.10743488282355,18.127517693581673,circular
778,1100,700,143.8428180352311,-85,26.053745949214605,26.077602459396946,-85,1350,700,197.23495257640522,18.127517693581673,circular
779,1100,700,143.8428180352311,-85,25.536951728381826,25.263344594616918,-85,1350,700,215.3624702699869,18.127517693581673,circular
780,1100,700,143.8428180352311,-85,22.170735458799452,21.418119305852123,-85,1350,700,233.48998796356855,18.127517693581673,circular
781,1100,700,143.8428180352311,-85,-85,-85,-85,1350,700,251.61750565715022,18.127517693581673,circular
782,1100,700,143.8428180352311,-85,-85,-85,-85,1350,700,269.7450233507319,18.127517693581673,circular
783,1100,700,143.8428180352311,-85,-85,-85,-85,1350,700,287.8725410443136,18.127517693581673,circular
784,1100,700,143.8428180352311,-85,-85,-85,-85,1350,700,306.0000587378953,18.127517693581673,circular
785,1100,700,143.8428180352311,-85,-85,-85,-85,1350,700,324.127576431477,18.127517693581673,circular
786,1100,700,143.8428180352311,-85,-85,-85,-85,1350,700,342.2550941250587,18.127517693581673,circular
787,1100,700,143.8428180352311,-85,-85,-85,-85,1350,700,0.3826118186403846,18.127517693581673,circular
788,1100,700,143.8428180352311,-85,-85,-85,-85,1350,700,18.510129512222058,18.127517693581673,circular
789,1100,700,143.8428180352311,-85,-85,-85,-85,1350,700,36.63764720580373,18.127517693581673,circular
790,1100,700,143.8428180352311,-85,-85,-85,-85,1350,700,54.765164899385404,18.127517693581673,circular
791,1100,700,143.8428180352311,-85,-85,-85,-85,1350,700,72.89268259296708,18.127517693581673,circular
792,1100,700,143.8428180352311,-85,-85,-85,-85,1350,700,91.02020028654874,18.127517693581673,circular
793,1100,700,143.8428180352311,-85,-85,-85,-85,1350,700,109.14771798013041,18.127517693581673,circular
794,1100,700,143.8428180352311,-85,-85,-85,-85,1350,700,127.27523567371207,18.127517693581673,circular
795,1100,700,143.8428180352311,-85,-85,-85,-85,1350,700,145.40275336729374,18.127517693581673,circular
796,1100,700,143.8428180352311,-85,20.97742610025734,21.813356630230874,-85,1350,700,163.5302710608754,18.127517693581673,circular
797,1100,700,143.8428180352311,-85,25.157178905256924,25.36180729449956,-85,1350,700,181.65778875445707,18.127517693581673,circular
798,1100,700,143.8428180352311,-85,26.077602459396946,26.067010357935978,-85,1350,700,199.78530644803874,18.127517693581673,circular
799,1100,700,143.8428180352311,-85,25.263344594616918,24.92014212493214,-85,1350,700,217.9128241416204,18.127517693581673,circular
800,1100,700,143.8428180352311,-85,21.418119305852123,19.914354227256315,-85,1350,700,236.04034183520207,18.127517693581673,circular
801,1100,700,143.8428180352311,-85,-85,-85,-85,1350,700,254.16785952878374,18.127517693581673,circular
802,1100,700,143.8428180352311,-85,-85,-85,-85,1350,700,272.2953772223654,18.127517693581673,circular
803,1100,700,143.8428180352311,-85,-85,-85,-85,1350,700,290.4228949159471,18.127517693581673,circular
804,1100,700,143.8428180352311,-85,-85,-85,-85,1350,700,308.5504126095288,18.127517693581673,circular
805,1100,700,143.8428180352311,-85,-85,-85,-85,1350,700,326.6779303031105,18.127517693581673,circular
806,1100,700,143.8428180352311,-85,-85,-85,-85,1350,700,344.8054479966922,18.127517693581673,circular
807,1100,700,143.8428180352311,-85,-85,-85,-85,1350,700,2.9329656902738748,18.127517693581673,circular
808,1100,700,143.8428180352311,-85,-85,-85,-85,1350,700,21.060483383855548,18.127517693581673,circular
809,1100,700,143.8428180352311,-85,-85,-85,-85,1350,700,39.18800107743722,18.127517693581673,circular
810,1100,700,143.8428180352311,-85,-85,-85,-85,1350,700,57.315518771018894,18.127517693581673,circular
811,1100,700,143.8428180352311,-85,-85,-85,-85,1350,700,75.44303646460057,18.127517693581673,circular
812,1100,700,143.8428180352311,-85,-85,-85,-85,1350,700,93.57055415818223,18.127517693581673,circular
813,1100,700,143.8428180352311,-85,-85,-85,-85,1350,700,111.6980718517639,18.127517693581673,circular
814,1100,700,143.8428180352311,-85,-85,-85,-85,1350,700,129.82558954534557,18.127517693581673,circular
815,1100,700,143.8428180352311,-85,-85,-85,-85,1350,700,147.95310723892723,18.127517693581673,circular
816,1100,700,143.8428180352311,-85,21.813356630230874,22.793695368992218,-85,1350,700,166.0806249325089,18.127517693581673,circular
817,1100,700,143.8428180352311,-85,25.36180729449956,25.614204328866276,-85,1350,700,184.20814262609056,18.127517693581673,circular
818,1100,700,143.8428180352311,-85,26.074956048612798,26.035130213615616,-85,1350,700,202.33566031967223,18.127517693581673,circular
819,1100,700,143.8428180352311,-85,24.92014212493214,24.646943359767004,-85,1350,700,220.4631780132539,18.127517693581673,circular
820,1100,700,143.8428180352311,-85,19.914354227256315,18.474304759512954,-85,1350,700,238.59069570683556,18.127517693581673,circular
821,1100,700,143.8428180352311,-85,-85,-85,-85,1350,700,256.71821340041726,18.127517693581673,circular
822,1100,700,143.8428180352311,-85,-85,-85,-85,1350,700,274.84573109399895,18.127517693581673,circular
823,1100,700,143.8428180352311,-85,-85,-85,-85,1350,700,292.97324878758064,18.127517693581673,circular
824,1100,700,143.8428180352311,-85,-85,-85,-85,1350,700,311.10076648116234,18.127517693581673,circular
825,1100,700,143.8428180352311,-85,-85,-85,-85,1350,700,329.22828417474403,18.127517693581673,circular
826,1100,700,143.8428180352311,-85,-85,-85,-85,1350,700,347.3558018683257,18.127517693581673,circular
827,1100,700,143.8428180352311,-85,-85,-85,-85,1350,700,5.483319561907422,18.127517693581673,circular
828,1100,700,143.8428180352311,-85,-85,-85,-85,1350,700,23.610837255489095,18.127517693581673,circular
829,1100,700,143.8428180352311,-85,-85,-85,-85,1350,700,41.73835494907077,18.127517693581673,circular
830,1100,700,143.8428180352311,-85,-85,-85,-85,1350,700,59.86587264265244,18.127517693581673,circular
831,1100,700,143.8428180352311,-85,-85,-85,-85,1350,700,77.99339033623411,18.127517693581673,circular
832,1100,700,143.8428180352311,-85,-85,-85,-85,1350,700,96.12090802981578,18.127517693581673,circular
833,1100,700,143.8428180352311,-85,-85,-85,-85,1350,700,114.24842572339745,18.127517693581673,circular
834,1100,700,143.8428180352311,-85,-85,-85,-85,1350,700,132.3759434169791,18.127517693581673,circular
835,1100,700,143.8428180352311,-85,-85,-85,-85,1350,700,150.50346111056078,18.127517693581673,circular
836,1100,700,143.8428180352311,-85,22.793695368992218,23.31969953712386,-85,1350,700,168.63097880414244,18.127517693581673,circular
837,1100,700,143.8428180352311,-85,25.614204328866276,25.7492610641292,-85,1350,700,186.7584964977241,18.127517693581673,circular
838,1100,700,143.8428180352311,-85,26.035130213615616,25.946643644493044,-85,1350,700,204.88601419130578,18.127517693581673,circular
839,1100,700,143.8428180352311,-85,24.646943359767004,24.1582774269213,-85,1350,700,223.01353188488744,18.127517693581673,circular
840,1100,700,143.8428180352311,-85,18.474304759512954,14.513447644213265,-85,1350,700,241.1410495784691,18.127517693581673,circular
841,1100,700,143.8428180352311,-85,-85,-85,-85,1350,700,259.2685672720508,18.127517693581673,circular
842,1100,700,143.8428180352311,-85,-85,-85,-85,1350,700,277.3960849656325,18.127517693581673,circular
843,1100,700,143.8428180352311,-85,-85,-85,-85,1350,700,295.5236026592142,18.127517693581673,circular
844,1100,700,143.8428180352311,-85,-85,-85,-85,1350,700,313.6511203527959,18.127517693581673,circular
845,1100,700,143.8428180352311,-85,-85,-85,-85,1350,700,331.7786380463776,18.127517693581673,circular
846,1100,700,143.8428180352311,-85,-85,-85,-85,1350,700,349.9061557399593,18.127517693581673,circular
847,1100,700,143.8428180352311,-85,-85,-85,-85,1350,700,8.033673433540969,18.127517693581673,circular
848,1100,700,143.8428180352311,-85,-85,-85,-85,1350,700,26.161191127122642,18.127517693581673,circular
849,1100,700,143.8428180352311,-85,-85,-85,-85,1350,700,44.288708820704315,18.127517693581673,circular
850,1100,700,143.8428180352311,-85,-85,-85,-85,1350,700,62.41622651428599,18.127517693581673,circular
851,1100,700,143.8428180352311,-85,-85,-85,-85,1350,700,80.54374420786766,18.127517693581673,circular
852,1100,700,143.8428180352311,-85,-85,-85,-85,1350,700,98.67126190144933,18.127517693581673,circular
853,1100,700,143.8428180352311,-85,-85,-85,-85,1350,700,116.798779595031,18.127517693581673,circular
854,1100,700,143.8428180352311,-85,-85,-85,-85,1350,700,134.92629728861266,18.127517693581673,circular
855,1100,700,143.8428180352311,-85,-85,11.505794098357505,-85,1350,700,153.05381498219433,18.127517693581673,circular
856,1100,700,143.8428180352311,-85,23.31969953712386,23.971022246457757,-85,1350,700,171.181332675776,18.127517693581673,circular
857,1100,700,143.8428180352311,-85,25.7492610641292,25.906018829630398,-85,1350,700,189.30885036935766,18.127517693581673,circular
858,1100,700,143.8428180352311,-85,25.946643644493044,25.859665714847075,-85,1350,700,207.43636806293932,18.127517693581673,circular
859,1100,700,143.8428180352311,-85,24.1582774269213,23.769789312347285,-85,1350,700,225.563885756521,18.127517693581673,circular
860,1100,700,143.8428180352311,-85,14.513447644213265,-85,-85,1350,700,243.69140345010265,18.127517693581673,circular
861,1100,700,143.8428180352311,-85,-85,-85,-85,1350,700,261.81892114368435,18.127517693581673,circular
862,1100,700,143.8428180352311,-85,-85,-85,-85,1350,700,279.94643883726604,18.127517693581673,circular
863,1100,700,143.8428180352311,-85,-85,-85,-85,1350,700,298.07395653084774,18.127517693581673,circular
864,1100,700,143.8428180352311,-85,-85,-85,-85,1350,700,316.20147422442943,18.127517693581673,circular
865,1100,700,143.8428180352311,-85,-85,-85,-85,1350,700,334.3289919180111,18.127517693581673,circular
866,1100,700,143.8428180352311,-85,-85,-85,-85,1350,700,352.4565096115928,18.127517693581673,circular
867,1100,700,143.8428180352311,-85,-85,-85,-85,1350,700,10.584027305174516,18.127517693581673,circular
868,1100,700,143.8428180352311,-85,-85,-85,-85,1350,700,28.71154499875619,18.127517693581673,circular
869,1100,700,143.8428180352311,-85,-85,-85,-85,1350,700,46.83906269233786,18.127517693581673,circular
870,1100,700,143.8428180352311,-85,-85,-85,-85,1350,700,64.96658038591954,18.127517693581673,circular
871,1100,700,143.8428180352311,-85,-85,-85,-85,1350,700,83.09409807950121,18.127517693581673,circular
872,1100,700,143.8428180352311,-85,-85,-85,-85,1350,700,101.22161577308287,18.127517693581673,circular
873,1100,700,143.8428180352311,-85,-85,-85,-85,1350,700,119.34913346666454,18.127517693581673,circular
874,1100,700,143.8428180352311,-85,-85,-85,-85,1350,700,137.4766511602462,18.127517693581673,circular
875,1100,700,143.8428180352311,-85,11.505794098357505,16.269948115724727,-85,1350,700,155.60416885382787,18.127517693581673,circular
876,1100,700,143.8428180352311,-85,23.971022246457757,24.33271141113945,-85,1350,700,173.73168654740954,18.127517693581673,circular
877,1100,700,143.8428180352311,-85,25.906018829630398,26.011117049096303,-85,1350,700,191.8592042409912,18.127517693581673,circular
878,1100,700,143.8428180352311,-85,25.859665714847075,25.684904084789977,-85,1350,700,209.98672193457287,18.127517693581673,circular
879,1100,700,143.8428180352311,-85,23.769789312347285,23.067302502757133,-85,1350,700,228.11423962815454,18.127517693581673,circular
880,1100,700,143.8428180352311,-85,-85,-85,-85,1350,700,246.2417573217362,18.127517693581673,circular
881,1100,700,143.8428180352311,-85,-85,-85,-85,1350,700,264.3692750153179,18.127517693581673,circular
882,1100,700,143.8428180352311,-85,-85,-85,-85,1350,700,282.4967927088996,18.127517693581673,circular
883,1100,700,143.8428180352311,-85,-85,-85,-85,1350,700,300.6243104024813,18.127517693581673,circular
884,1100,700,143.8428180352311,-85,-85,-85,-85,1350,700,318.751828096063,18.127517693581673,circular
885,1100,700,143.8428180352311,-85,-85,-85,-85,1350,700,336.8793457896447,18.127517693581673,circular
886,1100,700,143.8428180352311,-85,-85,-85,-85,1350,700,355.00686348322637,18.127517693581673,circular
887,1100,700,143.8428180352311,-85,-85,-85,-85,1350,700,13.134381176808063,18.127517693581673,circular
888,1100,700,143.8428180352311,-85,-85,-85,-85,1350,700,31.261898870389736,18.127517693581673,circular
889,1100,700,143.8428180352311,-85,-85,-85,-85,1350,700,49.38941656397141,18.127517693581673,circular
890,1100,700,143.8428180352311,-85,-85,-85,-85,1350,700,67.51693425755309,18.127517693581673,circular
891,1100,700,143.8428180352311,-85,-85,-85,-85,1350,700,85.64445195113476,18.127517693581673,circular
892,1100,700,143.8428180352311,-85,-85,-85,-85,1350,700,103.77196964471642,18.127517693581673,circular
893,1100,700,143.8428180352311,-85,-85,-85,-85,1350,700,121.89948733829809,18.127517693581673,circular
894,1100,700,143.8428180352311,-85,-85,-85,-85,1350,700,140.02700503187975,18.127517693581673,circular
895,1100,700,143.8428180352311,-85,16.269948115724727,19.25639156218217,-85,1350,700,158.15452272546142,18.127517693581673,circular
896,1100,700,143.8428180352311,-85,24.33271141113945,24.78833704083229,-85,1350,700,176.28204041904308,18.127517693581673,circular
897,1100,700,143.8428180352311,-85,26.011117049096303,26.053745949214605,-85,1350,700,194.40955811262475,18.127517693581673,circular
898,1100,700,143.8428180352311,-85,25.684904084789977,25.536951728381826,-85,1350,700,212.53707580620642,18.127517693581673,circular
899,1100,700,143.8428180352311,-85,23.067302502757133,22.496022074683278,-85,1350,700,230.66459349978808,18.127517693581673,circular
900,1100,700,143.8428180352311,-85,-85,-85,-85,1350,700,248.79211119336975,18.127517693581673,circular
901,1100,700,143.8428180352311,-85,-85,-85,-85,1350,700,266.91962888695144,18.127517693581673,circular
902,1100,700,143.8428180352311,-85,-85,-85,-85,1350,700,285.04714658053314,18.127517693581673,circular
903,1100,700,143.8428180352311,-85,-85,-85,-85,1350,700,303.17466427411483,18.127517693581673,circular
904,1100,700,143.8428180352311,-85,-85,-85,-85,1350,700,321.3021819676965,18.127517693581673,circular
905,1100,700,143.8428180352311,-85,-85,-85,-85,1350,700,339.4296996612782,18.127517693581673,circular
906,1100,700,143.8428180352311,-85,-85,-85,-85,1350,700,357.5572173548599,18.127517693581673,circular
907,1100,700,143.8428180352311,-85,-85,-85,-85,1350,700,15.68473504844161,18.127517693581673,circular
908,1100,700,143.8428180352311,-85,-85,-85,-85,1350,700,33.81225274202328,18.127517693581673,circular
909,1100,700,143.8428180352311,-85,-85,-85,-85,1350,700,51.939770435604956,18.127517693581673,circular
910,1100,700,143.8428180352311,-85,-85,-85,-85,1350,700,70.06728812918664,18.127517693581673,circular
911,1100,700,143.8428180352311,-85,-85,-85,-85,1350,700,88.1948058227683,18.127517693581673,circular
912,1100,700,143.8428180352311,-85,-85,-85,-85,1350,700,106.32232351634997,18.127517693581673,circular
913,1100,700,143.8428180352311,-85,-85,-85,-85,1350,700,124.44984120993163,18.127517693581673,circular
914,1100,700,143.8428180352311,-85,-85,-85,-85,1350,700,142.5773589035133,18.127517693581673,circular
915,1100,700,143.8428180352311,-85,19.25639156218217,20.48098321025059,-85,1350,700,160.70487659709497,18.127517693581673,circular
916,1100,700,143.8428180352311,-85,24.78833704083229,25.157178905256924,-85,1350,700,178.83239429067663,18.127517693581673,circular
917,1100,700,143.8428180352311,-85,26.053745949214605,26.077602459396946,-85,1350,700,196.9599119842583,18.127517693581673,circular
918,1100,700,143.8428180352311,-85,25.536951728381826,25.263344594616918,-85,1350,700,215.08742967783996,18.127517693581673,circular
919,1100,700,143.8428180352311,-85,22.496022074683278,21.418119305852123,-85,1350,700,233.21494737142163,18.127517693581673,circular
920,1100,700,143.8428180352311,-85,-85,-85,-85,1350,700,251.3424650650033,18.127517693581673,circular
921,1100,700,143.8428180352311,-85,-85,-85,-85,1350,700,269.469982758585,18.127517693581673,circular
922,1100,700,143.8428180352311,-85,-85,-85,-85,1350,700,287.5975004521667,18.127517693581673,circular
923,1100,700,143.8428180352311,-85,-85,-85,-85,1350,700,305.7250181457484,18.127517693581673,circular
924,1100,700,143.8428180352311,-85,-85,-85,-85,1350,700,323.8525358393301,18.127517693581673,circular
925,1100,700,143.8428180352311,-85,-85,-85,-85,1350,700,341.98005353291177,18.127517693581673,circular
926,1100,700,143.8428180352311,-85,-85,-85,-85,1350,700,0.10757122649346229,18.127517693581673,circular
927,1100,700,143.8428180352311,-85,-85,-85,-85,1350,700,18.235088920075135,18.127517693581673,circular
928,1100,700,143.8428180352311,-85,-85,-85,-85,1350,700,36.36260661365681,18.127517693581673,circular
929,1100,700,143.8428180352311,-85,-85,-85,-85,1350,700,54.49012430723848,18.127517693581673,circular
930,1100,700,143.8428180352311,-85,-85,-85,-85,1350,700,72.61764200082015,18.127517693581673,circular
931,1100,700,143.8428180352311,-85,-85,-85,-85,1350,700,90.74515969440182,18.127517693581673,circular
932,1100,700,143.8428180352311,-85,-85,-85,-85,1350,700,108.87267738798349,18.127517693581673,circular
933,1100,700,143.8428180352311,-85,-85,-85,-85,1350,700,127.00019508156515,18.127517693581673,circular
934,1100,700,143.8428180352311,-85,-85,-85,-85,1350,700,145.12771277514682,18.127517693581673,circular
935,1100,700,143.8428180352311,-85,20.48098321025059,21.813356630230874,-85,1350,700,163.25523046872848,18.127517693581673,circular
936,1100,700,143.8428180352311,-85,25.042923900792417,25.36180729449956,-85,1350,700,181.38274816231015,18.127517693581673,circular
937,1100,700,143.8428180352311,-85,26.077602459396946,26.074956048612798,-85,1350,700,199.51026585589182,18.127517693581673,circular
938,1100,700,143.8428180352311,-85,25.263344594616918,25.042923900792417,-85,1350,700,217.63778354947348,18.127517693581673,circular
939,1100,700,143.8428180352311,-85,21.418119305852123,19.914354227256315,-85,1350,700,235.76530124305515,18.127517693581673,circular
940,1100,700,143.8428180352311,-85,-85,-85,-85,1350,700,253.89281893663681,18.127517693581673,circular
941,1100,700,143.8428180352311,-85,-85,-85,-85,1350,700,272.0203366302185,18.127517693581673,circular
942,1100,700,143.8428180352311,-85,-85,-85,-85,1350,700,290.1478543238002,18.127517693581673,circular
943,1100,700,143.8428180352311,-85,-85,-85,-85,1350,700,308.27537201738187,18.127517693581673,circular
944,1100,700,143.8428180352311,-85,-85,-85,-85,1350,700,326.40288971096356,18.127517693581673,circular
945,1100,700,143.8428180352311,-85,-85,-85,-85,1350,700,344.53040740454526,18.127517693581673,circular
946,1100,700,143.8428180352311,-85,-85,-85,-85,1350,700,2.6579250981269524,18.127517693581673,circular
947,1100,700,143.8428180352311,-85,-85,-85,-85,1350,700,20.785442791708626,18.127517693581673,circular
948,1100,700,143.8428180352311,-85,-85,-85,-85,1350,700,38.9129604852903,18.127517693581673,circular
949,1100,700,143.8428180352311,-85,-85,-85,-85,1350,700,57.04047817887197,18.127517693581673,circular
950,1100,700,143.8428180352311,-85,-85,-85,-85,1350,700,75.16799587245364,18.127517693581673,circular
951,1100,700,143.8428180352311,-85,-85,-85,-85,1350,700,93.29551356603531,18.127517693581673,circular
952,1100,700,143.8428180352311,-85,-85,-85,-85,1350,700,111.42303125961698,18.127517693581673,circular
953,1100,700,143.8428180352311,-85,-85,-85,-85,1350,700,129.55054895319864,18.127517693581673,circular
954,1100,700,143.8428180352311,-85,-85,-85,-85,1350,700,147.6780666467803,18.127517693581673,circular
955,1100,700,143.8428180352311,-85,21.813356630230874,22.793695368992218,-85,1350,700,165.80558434036197,18.127517693581673,circular
956,1100,700,143.8428180352311,-85,25.36180729449956,25.614204328866276,-85,1350,700,183.93310203394364,18.127517693581673,circular
957,1100,700,143.8428180352311,-85,26.074956048612798,26.035130213615616,-85,1350,700,202.0606197275253,18.127517693581673,circular
958,1100,700,143.8428180352311,-85,25.042923900792417,24.646943359767004,-85,1350,700,220.18813742110697,18.127517693581673,circular
959,1100,700,143.8428180352311,-85,20.48098321025059,18.474304759512954,-85,1350,700,238.31565511468864,18.127517693581673,circular
960,1100,700,143.8428180352311,-85,-85,-85,-85,1350,700,256.44317280827033,18.127517693581673,circular
961,1100,700,143.8428180352311,-85,-85,-85,-85,1350,700,274.570690501852,18.127517693581673,circular
962,1100,700,143.8428180352311,-85,-85,-85,-85,1350,700,292.6982081954337,18.127517693581673,circular
963,1100,700,143.8428180352311,-85,-85,-85,-85,1350,700,310.8257258890154,18.127517693581673,circular
964,1100,700,143.8428180352311,-85,-85,-85,-85,1350,700,328.9532435825971,18.127517693581673,circular
965,1100,700,143.8428180352311,-85,-85,-85,-85,1350,700,347.0807612761788,18.127517693581673,circular
966,1100,700,143.8428180352311,-85,-85,-85,-85,1350,700,5.208278969760499,18.127517693581673,circular
967,1100,700,143.8428180352311,-85,-85,-85,-85,1350,700,23.335796663342173,18.127517693581673,circular
968,1100,700,143.8428180352311,-85,-85,-85,-85,1350,700,41.463314356923846,18.127517693581673,circular
969,1100,700,143.8428180352311,-85,-85,-85,-85,1350,700,59.59083205050552,18.127517693581673,circular
970,1100,700,143.8428180352311,-85,-85,-85,-85,1350,700,77.71834974408719,18.127517693581673,circular
971,1100,700,143.8428180352311,-85,-85,-85,-85,1350,700,95.84586743766886,18.127517693581673,circular
972,1100,700,143.8428180352311,-85,-85,-85,-85,1350,700,113.97338513125052,18.127517693581673,circular
973,1100,700,143.8428180352311,-85,-85,-85,-85,1350,700,132.1009028248322,18.127517693581673,circular
974,1100,700,143.8428180352311,-85,-85,-85,-85,1350,700,150.22842051841386,18.127517693581673,circular
975,1100,700,143.8428180352311,-85,22.496022074683278,23.31969953712386,-85,1350,700,168.35593821199552,18.127517693581673,circular
976,1100,700,143.8428180352311,-85,25.614204328866276,25.7492610641292,-85,1350,700,186.4834559055772,18.127517693581673,circular
977,1100,700,143.8428180352311,-85,26.035130213615616,25.9816463993744,-85,1350,700,204.61097359915885,18.127517693581673,circular
978,1100,700,143.8428180352311,-85,24.646943359767004,24.332711411139446,-85,1350,700,222.73849129274052,18.127517693581673,circular
979,1100,700,143.8428180352311,-85,18.474304759512954,14.513447644213265,-85,1350,700,240.86600898632219,18.127517693581673,circular
980,1100,700,143.8428180352311,-85,-85,-85,-85,1350,700,258.9935266799039,18.127517693581673,circular
981,1100,700,143.8428180352311,-85,-85,-85,-85,1350,700,277.1210443734856,18.127517693581673,circular
982,1100,700,143.8428180352311,-85,-85,-85,-85,1350,700,295.24856206706727,18.127517693581673,circular
983,1100,700,143.8428180352311,-85,-85,-85,-85,1350,700,313.37607976064896,18.127517693581673,circular
984,1100,700,143.8428180352311,-85,-85,-85,-85,1350,700,331.50359745423066,18.127517693581673,circular
985,1100,700,143.8428180352311,-85,-85,-85,-85,1350,700,349.63111514781235,18.127517693581673,circular
986,1100,700,143.8428180352311,-85,-85,-85,-85,1350,700,7.758632841394046,18.127517693581673,circular
987,1100,700,143.8428180352311,-85,-85,-85,-85,1350,700,25.88615053497572,18.127517693581673,circular
988,1100,700,143.8428180352311,-85,-85,-85,-85,1350,700,44.01366822855739,18.127517693581673,circular
989,1100,700,143.8428180352311,-85,-85,-85,-85,1350,700,62.141185922139066,18.127517693581673,circular
990,1100,700,143.8428180352311,-85,-85,-85,-85,1350,700,80.26870361572074,18.127517693581673,circular
991,1100,700,143.8428180352311,-85,-85,-85,-85,1350,700,98.3962213093024,18.127517693581673,circular
992,1100,700,143.8428180352311,-85,-85,-85,-85,1350,700,116.52373900288407,18.127517693581673,circular
993,1100,700,143.8428180352311,-85,-85,-85,-85,1350,700,134.65125669646574,18.127517693581673,circular
994,1100,700,143.8428180352311,-85,-85,11.505794098357505,-85,1350,700,152.7787743900474,18.127517693581673,circular
995,1100,700,143.8428180352311,-85,23.31969953712386,23.971022246457757,-85,1350,700,170.90629208362907,18.127517693581673,circular
996,1100,700,143.8428180352311,-85,25.7492610641292,25.906018829630398,-85,1350,700,189.03380977721073,18.127517693581673,circular
997,1100,700,143.8428180352311,-85,25.9816463993744,25.859665714847075,-85,1350,700,207.1613274707924,18.127517693581673,circular
998,1100,700,143.8428180352311,-85,24.332711411139446,23.769789312347285,-85,1350,700,225.28884516437407,18.127517693581673,circular
999,1100,700,143.8428180352311,-85,14.513447644213265,-85,-85,1350,700,243.41636285795573,18.127517693581673,circular
