Tick,Aircraft X,Aircraft Y,Aircraft Heading,A1,A2,A3,A4,Radar X,Radar Y,Radar Azimuth,Radar RPM,Radar Scan Pattern
0,1100,700,303.246230875479,-85,-85,-85,-85,1350,700,264.23079855439306,17.51681858383992,circular
1,1100,700,303.246230875479,-85,-85,-85,-85,1350,700,281.74761713823295,17.51681858383992,circular
2,1100,700,303.246230875479,-85,-85,-85,-85,1350,700,299.2644357220729,17.51681858383992,circular
3,1100,700,303.246230875479,-85,-85,-85,-85,1350,700,316.78125430591285,17.51681858383992,circular
4,1100,700,303.246230875479,-85,-85,-85,-85,1350,700,334.2980728897528,17.51681858383992,circular
5,1100,700,303.246230875479,-85,-85,-85,-85,1350,700,351.81489147359275,17.51681858383992,circular
6,1100,700,303.246230875479,-85,-85,-85,-85,1350,700,9.331710057432701,17.51681858383992,circular
7,1100,700,303.246230875479,-85,-85,-85,-85,1350,700,26.848528641272623,17.51681858383992,circular
8,1100,700,303.246230875479,-85,-85,-85,-85,1350,700,44.365347225112544,17.51681858383992,circular
9,1100,700,303.246230875479,-85,-85,-85,-85,1350,700,61.882165808952465,17.51681858383992,circular
10,1100,700,303.246230875479,-85,-85,-85,-85,1350,700,79.39898439279239,17.51681858383992,circular
11,1100,700,303.246230875479,-85,-85,-85,-85,1350,700,96.9158029766323,17.51681858383992,circular
12,1100,700,303.246230875479,-85,-85,-85,-85,1350,700,114.43262156047223,17.51681858383992,circular
13,1100,700,303.246230875479,-85,-85,-85,-85,1350,700,131.94944014431215,17.51681858383992,circular
14,1100,700,303.246230875479,-85,-85,-85,-85,1350,700,149.46625872815207,17.51681858383992,circular
15,1100,700,303.246230875479,22.793695368992218,23.553218972269416,-85,-85,1350,700,166.983077311992,17.51681858383992,circular
16,1100,700,303.246230875479,25.614204328866276,25.80746062382631,-85,-85,1350,700,184.4998958958319,17.51681858383992,circular
17,1100,700,303.246230875479,26.035130213615616,25.9816463993744,-85,-85,1350,700,202.01671447967183,17.51681858383992,circular
18,1100,700,303.246230875479,24.788337040832293,24.332711411139446,-85,-85,1350,700,219.53353306351175,17.51681858383992,circular
19,1100,700,303.246230875479,19.25639156218219,17.51315549939211,-85,-85,1350,700,237.05035164735168,17.51681858383992,circular
20,1100,700,303.246230875479,-85,-85,-85,-85,1350,700,254.5671702311916,17.51681858383992,circular
21,1100,700,303.246230875479,-85,-85,-85,-85,1350,700,272.0839888150315,17.51681858383992,circular
22,1100,700,303.246230875479,-85,-85,-85,-85,1350,700,289.60080739887144,17.51681858383992,circular
23,1100,700,303.246230875479,-85,-85,-85,-85,1350,700,307.1176259827114,17.51681858383992,circular
24,1100,700,303.246230875479,-85,-85,-85,-85,1350,700,324.63444456655134,17.51681858383992,circular
25,1100,700,303.246230875479,-85,-85,-85,-85,1350,700,342.1512631503913,17.51681858383992,circular
26,1100,700,303.246230875479,-85,-85,-85,-85,1350,700,359.66808173423124,17.51681858383992,circular
27,1100,700,303.246230875479,-85,-85,-85,-85,1350,700,17.184900318071186,17.51681858383992,circular
28,1100,700,303.246230875479,-85,-85,-85,-85,1350,700,34.70171890191111,17.51681858383992,circular
29,1100,700,303.246230875479,-85,-85,-85,-85,1350,700,52.21853748575103,17.51681858383992,circular
30,1100,700,303.246230875479,-85,-85,-85,-85,1350,700,69.73535606959095,17.51681858383992,circular
31,1100,700,303.246230875479,-85,-85,-85,-85,1350,700,87.25217465343087,17.51681858383992,circular
32,1100,700,303.246230875479,-85,-85,-85,-85,1350,700,104.76899323727079,17.51681858383992,circular
33,1100,700,303.246230875479,-85,-85,-85,-85,1350,700,122.28581182111071,17.51681858383992,circular
34,1100,700,303.246230875479,-85,-85,-85,-85,1350,700,139.80263040495063,17.51681858383992,circular
35,1100,700,303.246230875479,18.47430475951294,20.48098321025059,-85,-85,1350,700,157.31944898879055,17.51681858383992,circular
36,1100,700,303.246230875479,24.495315191602927,24.92014212493214,-85,-85,1350,700,174.83626757263048,17.51681858383992,circular
37,1100,700,303.246230875479,26.011117049096303,26.067010357935978,-85,-85,1350,700,192.3530861564704,17.51681858383992,circular
38,1100,700,303.246230875479,25.7492610641292,25.536951728381826,-85,-85,1350,700,209.86990474031032,17.51681858383992,circular
39,1100,700,303.246230875479,23.319699537123853,22.496022074683278,-85,-85,1350,700,227.38672332415024,17.51681858383992,circular
40,1100,700,303.246230875479,-85,-85,-85,-85,1350,700,244.90354190799016,17.51681858383992,circular
41,1100,700,303.246230875479,-85,-85,-85,-85,1350,700,262.4203604918301,17.51681858383992,circular
42,1100,700,303.246230875479,-85,-85,-85,-85,1350,700,279.93717907567,17.51681858383992,circular
43,1100,700,303.246230875479,-85,-85,-85,-85,1350,700,297.4539976595099,17.51681858383992,circular
44,1100,700,303.246230875479,-85,-85,-85,-85,1350,700,314.9708162433499,17.51681858383992,circular
45,1100,700,303.246230875479,-85,-85,-85,-85,1350,700,332.4876348271898,17.51681858383992,circular
46,1100,700,303.246230875479,-85,-85,-85,-85,1350,700,350.0044534110298,17.51681858383992,circular
47,1100,700,303.246230875479,-85,-85,-85,-85,1350,700,7.521271994869721,17.51681858383992,circular
48,1100,700,303.246230875479,-85,-85,-85,-85,1350,700,25.038090578709642,17.51681858383992,circular
49,1100,700,303.246230875479,-85,-85,-85,-85,1350,700,42.55490916254956,17.51681858383992,circular
50,1100,700,303.246230875479,-85,-85,-85,-85,1350,700,60.071727746389485,17.51681858383992,circular
51,1100,700,303.246230875479,-85,-85,-85,-85,1350,700,77.5885463302294,17.51681858383992,circular
52,1100,700,303.246230875479,-85,-85,-85,-85,1350,700,95.10536491406933,17.51681858383992,circular
53,1100,700,303.246230875479,-85,-85,-85,-85,1350,700,112.62218349790925,17.51681858383992,circular
54,1100,700,303.246230875479,-85,-85,-85,-85,1350,700,130.13900208174917,17.51681858383992,circular
55,1100,700,303.246230875479,-85,-85,-85,-85,1350,700,147.6558206655891,17.51681858383992,circular
56,1100,700,303.246230875479,22.496022074683278,23.06730250275713,-85,-85,1350,700,165.172639249429,17.51681858383992,circular
57,1100,700,303.246230875479,25.452908776355446,25.684904084789974,-85,-85,1350,700,182.68945783326893,17.51681858383992,circular
58,1100,700,303.246230875479,26.067010357935978,26.035130213615616,-85,-85,1350,700,200.20627641710885,17.51681858383992,circular
59,1100,700,303.246230875479,25.042923900792417,24.646943359767004,-85,-85,1350,700,217.72309500094877,17.51681858383992,circular
60,1100,700,303.246230875479,20.48098321025059,19.25639156218219,-85,-85,1350,700,235.2399135847887,17.51681858383992,circular
61,1100,700,303.246230875479,-85,-85,-85,-85,1350,700,252.75673216862862,17.51681858383992,circular
62,1100,700,303.246230875479,-85,-85,-85,-85,1350,700,270.2735507524685,17.51681858383992,circular
63,1100,700,303.246230875479,-85,-85,-85,-85,1350,700,287.79036933630846,17.51681858383992,circular
64,1100,700,303.246230875479,-85,-85,-85,-85,1350,700,305.3071879201484,17.51681858383992,circular
65,1100,700,303.246230875479,-85,-85,-85,-85,1350,700,322.82400650398836,17.51681858383992,circular
66,1100,700,303.246230875479,-85,-85,-85,-85,1350,700,340.3408250878283,17.51681858383992,circular
67,1100,700,303.246230875479,-85,-85,-85,-85,1350,700,357.85764367166826,17.51681858383992,circular
68,1100,700,303.246230875479,-85,-85,-85,-85,1350,700,15.374462255508206,17.51681858383992,circular
69,1100,700,303.246230875479,-85,-85,-85,-85,1350,700,32.89128083934813,17.51681858383992,circular
70,1100,700,303.246230875479,-85,-85,-85,-85,1350,700,50.40809942318805,17.51681858383992,circular
71,1100,700,303.246230875479,-85,-85,-85,-85,1350,700,67.92491800702797,17.51681858383992,circular
72,1100,700,303.246230875479,-85,-85,-85,-85,1350,700,85.44173659086789,17.51681858383992,circular
73,1100,700,303.246230875479,-85,-85,-85,-85,1350,700,102.95855517470781,17.51681858383992,circular
74,1100,700,303.246230875479,-85,-85,-85,-85,1350,700,120.47537375854773,17.51681858383992,circular
75,1100,700,303.246230875479,-85,-85,-85,-85,1350,700,137.99219234238765,17.51681858383992,circular
76,1100,700,303.246230875479,16.269948115724727,19.25639156218217,-85,-85,1350,700,155.50901092622757,17.51681858383992,circular
77,1100,700,303.246230875479,24.33271141113945,24.646943359767004,-85,-85,1350,700,173.0258295100675,17.51681858383992,circular
78,1100,700,303.246230875479,25.946643644493044,26.035130213615616,-85,-85,1350,700,190.54264809390742,17.51681858383992,circular
79,1100,700,303.246230875479,25.807460623826316,25.684904084789977,-85,-85,1350,700,208.05946667774734,17.51681858383992,circular
80,1100,700,303.246230875479,23.769789312347285,23.067302502757133,-85,-85,1350,700,225.57628526158726,17.51681858383992,circular
81,1100,700,303.246230875479,-85,-85,-85,-85,1350,700,243.09310384542718,17.51681858383992,circular
82,1100,700,303.246230875479,-85,-85,-85,-85,1350,700,260.6099224292671,17.51681858383992,circular
83,1100,700,303.246230875479,-85,-85,-85,-85,1350,700,278.126741013107,17.51681858383992,circular
84,1100,700,303.246230875479,-85,-85,-85,-85,1350,700,295.64355959694694,17.51681858383992,circular
85,1100,700,303.246230875479,-85,-85,-85,-85,1350,700,313.1603781807869,17.51681858383992,circular
86,1100,700,303.246230875479,-85,-85,-85,-85,1350,700,330.67719676462684,17.51681858383992,circular
87,1100,700,303.246230875479,-85,-85,-85,-85,1350,700,348.1940153484668,17.51681858383992,circular
88,1100,700,303.246230875479,-85,-85,-85,-85,1350,700,5.710833932306741,17.51681858383992,circular
89,1100,700,303.246230875479,-85,-85,-85,-85,1350,700,23.227652516146662,17.51681858383992,circular
90,1100,700,303.246230875479,-85,-85,-85,-85,1350,700,40.74447109998658,17.51681858383992,circular
91,1100,700,303.246230875479,-85,-85,-85,-85,1350,700,58.261289683826504,17.51681858383992,circular
92,1100,700,303.246230875479,-85,-85,-85,-85,1350,700,75.77810826766643,17.51681858383992,circular
93,1100,700,303.246230875479,-85,-85,-85,-85,1350,700,93.29492685150635,17.51681858383992,circular
94,1100,700,303.246230875479,-85,-85,-85,-85,1350,700,110.81174543534627,17.51681858383992,circular
95,1100,700,303.246230875479,-85,-85,-85,-85,1350,700,128.3285640191862,17.51681858383992,circular
96,1100,700,303.246230875479,-85,-85,-85,-85,1350,700,145.8453826030261,17.51681858383992,circular
97,1100,700,303.246230875479,21.813356630230874,22.793695368992218,-85,-85,1350,700,163.36220118686603,17.51681858383992,circular
98,1100,700,303.246230875479,25.26334459461691,25.536951728381826,-85,-85,1350,700,180.87901977070595,17.51681858383992,circular
99,1100,700,303.246230875479,26.077602459396946,26.053745949214605,-85,-85,1350,700,198.39583835454587,17.51681858383992,circular
100,1100,700,303.246230875479,25.263344594616918,24.92014212493214,-85,-85,1350,700,215.9126569383858,17.51681858383992,circular
101,1100,700,303.246230875479,21.418119305852123,19.914354227256315,-85,-85,1350,700,233.42947552222572,17.51681858383992,circular
102,1100,700,303.246230875479,-85,-85,-85,-85,1350,700,250.94629410606564,17.51681858383992,circular
103,1100,700,303.246230875479,-85,-85,-85,-85,1350,700,268.46311268990553,17.51681858383992,circular
104,1100,700,303.246230875479,-85,-85,-85,-85,1350,700,285.9799312737455,17.51681858383992,circular
105,1100,700,303.246230875479,-85,-85,-85,-85,1350,700,303.4967498575854,17.51681858383992,circular
106,1100,700,303.246230875479,-85,-85,-85,-85,1350,700,321.0135684414254,17.51681858383992,circular
107,1100,700,303.246230875479,-85,-85,-85,-85,1350,700,338.5303870252653,17.51681858383992,circular
108,1100,700,303.246230875479,-85,-85,-85,-85,1350,700,356.0472056091053,17.51681858383992,circular
109,1100,700,303.246230875479,-85,-85,-85,-85,1350,700,13.564024192945226,17.51681858383992,circular
110,1100,700,303.246230875479,-85,-85,-85,-85,1350,700,31.080842776785147,17.51681858383992,circular
111,1100,700,303.246230875479,-85,-85,-85,-85,1350,700,48.59766136062507,17.51681858383992,circular
112,1100,700,303.246230875479,-85,-85,-85,-85,1350,700,66.11447994446499,17.51681858383992,circular
113,1100,700,303.246230875479,-85,-85,-85,-85,1350,700,83.63129852830491,17.51681858383992,circular
114,1100,700,303.246230875479,-85,-85,-85,-85,1350,700,101.14811711214483,17.51681858383992,circular
115,1100,700,303.246230875479,-85,-85,-85,-85,1350,700,118.66493569598475,17.51681858383992,circular
116,1100,700,303.246230875479,-85,-85,-85,-85,1350,700,136.18175427982467,17.51681858383992,circular
117,1100,700,303.246230875479,11.505794098357505,17.513155499392102,-85,-85,1350,700,153.6985728636646,17.51681858383992,circular
118,1100,700,303.246230875479,23.971022246457757,24.33271141113945,-85,-85,1350,700,171.21539144750452,17.51681858383992,circular
119,1100,700,303.246230875479,25.859665714847075,25.9816463993744,-85,-85,1350,700,188.73221003134444,17.51681858383992,circular
120,1100,700,303.246230875479,25.906018829630398,25.807460623826316,-85,-85,1350,700,206.24902861518436,17.51681858383992,circular
121,1100,700,303.246230875479,24.1582774269213,23.553218972269416,-85,-85,1350,700,223.76584719902428,17.51681858383992,circular
122,1100,700,303.246230875479,14.513447644213265,-85,-85,-85,1350,700,241.2826657828642,17.51681858383992,circular
123,1100,700,303.246230875479,-85,-85,-85,-85,1350,700,258.7994843667041,17.51681858383992,circular
124,1100,700,303.246230875479,-85,-85,-85,-85,1350,700,276.316302950544,17.51681858383992,circular
125,1100,700,303.246230875479,-85,-85,-85,-85,1350,700,293.83312153438396,17.51681858383992,circular
126,1100,700,303.246230875479,-85,-85,-85,-85,1350,700,311.3499401182239,17.51681858383992,circular
127,1100,700,303.246230875479,-85,-85,-85,-85,1350,700,328.86675870206386,17.51681858383992,circular
128,1100,700,303.246230875479,-85,-85,-85,-85,1350,700,346.3835772859038,17.51681858383992,circular
129,1100,700,303.246230875479,-85,-85,-85,-85,1350,700,3.900395869743761,17.51681858383992,circular
130,1100,700,303.246230875479,-85,-85,-85,-85,1350,700,21.417214453583682,17.51681858383992,circular
131,1100,700,303.246230875479,-85,-85,-85,-85,1350,700,38.9340330374236,17.51681858383992,circular
132,1100,700,303.246230875479,-85,-85,-85,-85,1350,700,56.450851621263524,17.51681858383992,circular
133,1100,700,303.246230875479,-85,-85,-85,-85,1350,700,73.96767020510345,17.51681858383992,circular
134,1100,700,303.246230875479,-85,-85,-85,-85,1350,700,91.48448878894337,17.51681858383992,circular
135,1100,700,303.246230875479,-85,-85,-85,-85,1350,700,109.00130737278329,17.51681858383992,circular
136,1100,700,303.246230875479,-85,-85,-85,-85,1350,700,126.51812595662321,17.51681858383992,circular
137,1100,700,303.246230875479,-85,-85,-85,-85,1350,700,144.03494454046313,17.51681858383992,circular
138,1100,700,303.246230875479,20.97742610025734,22.170735458799452,-85,-85,1350,700,161.55176312430305,17.51681858383992,circular
139,1100,700,303.246230875479,25.157178905256924,25.36180729449956,-85,-85,1350,700,179.06858170814297,17.51681858383992,circular
140,1100,700,303.246230875479,26.074956048612798,26.074956048612798,-85,-85,1350,700,196.5854002919829,17.51681858383992,circular
141,1100,700,303.246230875479,25.361807294499556,25.157178905256924,-85,-85,1350,700,214.1022188758228,17.51681858383992,circular
142,1100,700,303.246230875479,22.170735458799452,20.97742610025735,-85,-85,1350,700,231.61903745966274,17.51681858383992,circular
143,1100,700,303.246230875479,-85,-85,-85,-85,1350,700,249.13585604350266,17.51681858383992,circular
144,1100,700,303.246230875479,-85,-85,-85,-85,1350,700,266.65267462734255,17.51681858383992,circular
145,1100,700,303.246230875479,-85,-85,-85,-85,1350,700,284.1694932111825,17.51681858383992,circular
146,1100,700,303.246230875479,-85,-85,-85,-85,1350,700,301.68631179502245,17.51681858383992,circular
147,1100,700,303.246230875479,-85,-85,-85,-85,1350,700,319.2031303788624,17.51681858383992,circular
148,1100,700,303.246230875479,-85,-85,-85,-85,1350,700,336.71994896270235,17.51681858383992,circular
149,1100,700,303.246230875479,-85,-85,-85,-85,1350,700,354.2367675465423,17.51681858383992,circular
150,1100,700,303.246230875479,-85,-85,-85,-85,1350,700,11.753586130382246,17.51681858383992,circular
151,1100,700,303.246230875479,-85,-85,-85,-85,1350,700,29.270404714222167,17.51681858383992,circular
152,1100,700,303.246230875479,-85,-85,-85,-85,1350,700,46.78722329806209,17.51681858383992,circular
153,1100,700,303.246230875479,-85,-85,-85,-85,1350,700,64.30404188190201,17.51681858383992,circular
154,1100,700,303.246230875479,-85,-85,-85,-85,1350,700,81.82086046574193,17.51681858383992,circular
155,1100,700,303.246230875479,-85,-85,-85,-85,1350,700,99.33767904958185,17.51681858383992,circular
156,1100,700,303.246230875479,-85,-85,-85,-85,1350,700,116.85449763342177,17.51681858383992,circular
157,1100,700,303.246230875479,-85,-85,-85,-85,1350,700,134.3713162172617,17.51681858383992,circular
158,1100,700,303.246230875479,-85,14.513447644213304,-85,-85,1350,700,151.88813480110161,17.51681858383992,circular
159,1100,700,303.246230875479,23.553218972269416,24.1582774269213,-85,-85,1350,700,169.40495338494154,17.51681858383992,circular
160,1100,700,303.246230875479,25.7492610641292,25.906018829630398,-85,-85,1350,700,186.92177196878146,17.51681858383992,circular
161,1100,700,303.246230875479,25.9816463993744,25.859665714847075,-85,-85,1350,700,204.43859055262138,17.51681858383992,circular
162,1100,700,303.246230875479,24.495315191602927,23.97102224645776,-85,-85,1350,700,221.9554091364613,17.51681858383992,circular
163,1100,700,303.246230875479,17.51315549939211,11.50579409835762,-85,-85,1350,700,239.47222772030122,17.51681858383992,circular
164,1100,700,303.246230875479,-85,-85,-85,-85,1350,700,256.98904630414114,17.51681858383992,circular
165,1100,700,303.246230875479,-85,-85,-85,-85,1350,700,274.50586488798103,17.51681858383992,circular
166,1100,700,303.246230875479,-85,-85,-85,-85,1350,700,292.022683471821,17.51681858383992,circular
167,1100,700,303.246230875479,-85,-85,-85,-85,1350,700,309.53950205566093,17.51681858383992,circular
168,1100,700,303.246230875479,-85,-85,-85,-85,1350,700,327.0563206395009,17.51681858383992,circular
169,1100,700,303.246230875479,-85,-85,-85,-85,1350,700,344.57313922334083,17.51681858383992,circular
170,1100,700,303.246230875479,-85,-85,-85,-85,1350,700,2.089957807180781,17.51681858383992,circular
171,1100,700,303.246230875479,-85,-85,-85,-85,1350,700,19.606776391020702,17.51681858383992,circular
172,1100,700,303.246230875479,-85,-85,-85,-85,1350,700,37.12359497486062,17.51681858383992,circular
173,1100,700,303.246230875479,-85,-85,-85,-85,1350,700,54.640413558700544,17.51681858383992,circular
174,1100,700,303.246230875479,-85,-85,-85,-85,1350,700,72.15723214254047,17.51681858383992,circular
175,1100,700,303.246230875479,-85,-85,-85,-85,1350,700,89.67405072638039,17.51681858383992,circular
176,1100,700,303.246230875479,-85,-85,-85,-85,1350,700,107.19086931022031,17.51681858383992,circular
177,1100,700,303.246230875479,-85,-85,-85,-85,1350,700,124.70768789406023,17.51681858383992,circular
178,1100,700,303.246230875479,-85,-85,-85,-85,1350,700,142.22450647790015,17.51681858383992,circular
179,1100,700,303.246230875479,19.91435422725632,21.41811930585211,-85,-85,1350,700,159.74132506174007,17.51681858383992,circular
180,1100,700,303.246230875479,24.92014212493214,25.26334459461691,-85,-85,1350,700,177.25814364558,17.51681858383992,circular
181,1100,700,303.246230875479,26.053745949214605,26.077602459396946,-85,-85,1350,700,194.7749622294199,17.51681858383992,circular
182,1100,700,303.246230875479,25.536951728381826,25.263344594616918,-85,-85,1350,700,212.29178081325983,17.51681858383992,circular
183,1100,700,303.246230875479,22.793695368992225,21.81335663023087,-85,-85,1350,700,229.80859939709975,17.51681858383992,circular
184,1100,700,303.246230875479,-85,-85,-85,-85,1350,700,247.32541798093968,17.51681858383992,circular
185,1100,700,303.246230875479,-85,-85,-85,-85,1350,700,264.84223656477957,17.51681858383992,circular
186,1100,700,303.246230875479,-85,-85,-85,-85,1350,700,282.3590551486195,17.51681858383992,circular
187,1100,700,303.246230875479,-85,-85,-85,-85,1350,700,299.87587373245947,17.51681858383992,circular
188,1100,700,303.246230875479,-85,-85,-85,-85,1350,700,317.3926923162994,17.51681858383992,circular
189,1100,700,303.246230875479,-85,-85,-85,-85,1350,700,334.90951090013937,17.51681858383992,circular
190,1100,700,303.246230875479,-85,-85,-85,-85,1350,700,352.4263294839793,17.51681858383992,circular
191,1100,700,303.246230875479,-85,-85,-85,-85,1350,700,9.943148067819266,17.51681858383992,circular
192,1100,700,303.246230875479,-85,-85,-85,-85,1350,700,27.459966651659187,17.51681858383992,circular
193,1100,700,303.246230875479,-85,-85,-85,-85,1350,700,44.97678523549911,17.51681858383992,circular
194,1100,700,303.246230875479,-85,-85,-85,-85,1350,700,62.49360381933903,17.51681858383992,circular
195,1100,700,303.246230875479,-85,-85,-85,-85,1350,700,80.01042240317895,17.51681858383992,circular
196,1100,700,303.246230875479,-85,-85,-85,-85,1350,700,97.52724098701887,17.51681858383992,circular
197,1100,700,303.246230875479,-85,-85,-85,-85,1350,700,115.04405957085879,17.51681858383992,circular
198,1100,700,303.246230875479,-85,-85,-85,-85,1350,700,132.5608781546987,17.51681858383992,circular
199,1100,700,303.246230875479,-85,-85,-85,-85,1350,700,150.07769673853863,17.51681858383992,circular
200,1100,700,303.246230875479,23.06730250275713,23.769789312347285,-85,-85,1350,700,167.59451532237856,17.51681858383992,circular
201,1100,700,303.246230875479,25.684904084789974,25.80746062382631,-85,-85,1350,700,185.11133390621848,17.51681858383992,circular
202,1100,700,303.246230875479,26.035130213615616,25.946643644493044,-85,-85,1350,700,202.6281524900584,17.51681858383992,circular
203,1100,700,303.246230875479,24.646943359767004,24.332711411139446,-85,-85,1350,700,220.14497107389832,17.51681858383992,circular
204,1100,700,303.246230875479,19.25639156218219,16.269948115724716,-85,-85,1350,700,237.66178965773824,17.51681858383992,circular
205,1100,700,303.246230875479,-85,-85,-85,-85,1350,700,255.17860824157816,17.51681858383992,circular
206,1100,700,303.246230875479,-85,-85,-85,-85,1350,700,272.69542682541805,17.51681858383992,circular
207,1100,700,303.246230875479,-85,-85,-85,-85,1350,700,290.212245409258,17.51681858383992,circular
208,1100,700,303.246230875479,-85,-85,-85,-85,1350,700,307.72906399309795,17.51681858383992,circular
209,1100,700,303.246230875479,-85,-85,-85,-85,1350,700,325.2458825769379,17.51681858383992,circular
210,1100,700,303.246230875479,-85,-85,-85,-85,1350,700,342.76270116077785,17.51681858383992,circular
211,1100,700,303.246230875479,-85,-85,-85,-85,1350,700,0.2795197446178008,17.51681858383992,circular
212,1100,700,303.246230875479,-85,-85,-85,-85,1350,700,17.796338328457722,17.51681858383992,circular
213,1100,700,303.246230875479,-85,-85,-85,-85,1350,700,35.31315691229764,17.51681858383992,circular
214,1100,700,303.246230875479,-85,-85,-85,-85,1350,700,52.829975496137564,17.51681858383992,circular
215,1100,700,303.246230875479,-85,-85,-85,-85,1350,700,70.34679407997749,17.51681858383992,circular
216,1100,700,303.246230875479,-85,-85,-85,-85,1350,700,87.8636126638174,17.51681858383992,circular
217,1100,700,303.246230875479,-85,-85,-85,-85,1350,700,105.38043124765733,17.51681858383992,circular
218,1100,700,303.246230875479,-85,-85,-85,-85,1350,700,122.89724983149725,17.51681858383992,circular
219,1100,700,303.246230875479,-85,-85,-85,-85,1350,700,140.41406841533717,17.51681858383992,circular
220,1100,700,303.246230875479,18.47430475951294,20.48098321025059,-85,-85,1350,700,157.9308869991771,17.51681858383992,circular
221,1100,700,303.246230875479,24.646943359767004,25.042923900792417,-85,-85,1350,700,175.447705583017,17.51681858383992,circular
222,1100,700,303.246230875479,26.011117049096303,26.067010357935978,-85,-85,1350,700,192.96452416685693,17.51681858383992,circular
223,1100,700,303.246230875479,25.684904084789977,25.452908776355446,-85,-85,1350,700,210.48134275069685,17.51681858383992,circular
224,1100,700,303.246230875479,23.319699537123853,22.496022074683278,-85,-85,1350,700,227.99816133453677,17.51681858383992,circular
225,1100,700,303.246230875479,-85,-85,-85,-85,1350,700,245.5149799183767,17.51681858383992,circular
226,1100,700,303.246230875479,-85,-85,-85,-85,1350,700,263.0317985022166,17.51681858383992,circular
227,1100,700,303.246230875479,-85,-85,-85,-85,1350,700,280.54861708605654,17.51681858383992,circular
228,1100,700,303.246230875479,-85,-85,-85,-85,1350,700,298.0654356698965,17.51681858383992,circular
229,1100,700,303.246230875479,-85,-85,-85,-85,1350,700,315.58225425373644,17.51681858383992,circular
230,1100,700,303.246230875479,-85,-85,-85,-85,1350,700,333.0990728375764,17.51681858383992,circular
231,1100,700,303.246230875479,-85,-85,-85,-85,1350,700,350.61589142141634,17.51681858383992,circular
232,1100,700,303.246230875479,-85,-85,-85,-85,1350,700,8.132710005256286,17.51681858383992,circular
233,1100,700,303.246230875479,-85,-85,-85,-85,1350,700,25.649528589096207,17.51681858383992,circular
234,1100,700,303.246230875479,-85,-85,-85,-85,1350,700,43.16634717293613,17.51681858383992,circular
235,1100,700,303.246230875479,-85,-85,-85,-85,1350,700,60.68316575677605,17.51681858383992,circular
236,1100,700,303.246230875479,-85,-85,-85,-85,1350,700,78.19998434061597,17.51681858383992,circular
237,1100,700,303.246230875479,-85,-85,-85,-85,1350,700,95.71680292445589,17.51681858383992,circular
238,1100,700,303.246230875479,-85,-85,-85,-85,1350,700,113.23362150829581,17.51681858383992,circular
239,1100,700,303.246230875479,-85,-85,-85,-85,1350,700,130.75044009213573,17.51681858383992,circular
240,1100,700,303.246230875479,-85,-85,-85,-85,1350,700,148.26725867597565,17.51681858383992,circular
241,1100,700,303.246230875479,22.496022074683278,23.31969953712386,-85,-85,1350,700,165.78407725981558,17.51681858383992,circular
242,1100,700,303.246230875479,25.536951728381826,25.7492610641292,-85,-85,1350,700,183.3008958436555,17.51681858383992,circular
243,1100,700,303.246230875479,26.067010357935978,26.011117049096303,-85,-85,1350,700,200.81771442749542,17.51681858383992,circular
244,1100,700,303.246230875479,24.92014212493214,24.495315191602927,-85,-85,1350,700,218.33453301133534,17.51681858383992,circular
245,1100,700,303.246230875479,20.48098321025059,18.474304759512954,-85,-85,1350,700,235.85135159517526,17.51681858383992,circular
246,1100,700,303.246230875479,-85,-85,-85,-85,1350,700,253.36817017901518,17.51681858383992,circular
247,1100,700,303.246230875479,-85,-85,-85,-85,1350,700,270.8849887628551,17.51681858383992,circular
248,1100,700,303.246230875479,-85,-85,-85,-85,1350,700,288.401807346695,17.51681858383992,circular
249,1100,700,303.246230875479,-85,-85,-85,-85,1350,700,305.918625930535,17.51681858383992,circular
250,1100,700,303.246230875479,-85,-85,-85,-85,1350,700,323.4354445143749,17.51681858383992,circular
251,1100,700,303.246230875479,-85,-85,-85,-85,1350,700,340.95226309821487,17.51681858383992,circular
252,1100,700,303.246230875479,-85,-85,-85,-85,1350,700,358.4690816820548,17.51681858383992,circular
253,1100,700,303.246230875479,-85,-85,-85,-85,1350,700,15.98590026589477,17.51681858383992,circular
254,1100,700,303.246230875479,-85,-85,-85,-85,1350,700,33.50271884973469,17.51681858383992,circular
255,1100,700,303.246230875479,-85,-85,-85,-85,1350,700,51.01953743357461,17.51681858383992,circular
256,1100,700,303.246230875479,-85,-85,-85,-85,1350,700,68.53635601741453,17.51681858383992,circular
257,1100,700,303.246230875479,-85,-85,-85,-85,1350,700,86.05317460125445,17.51681858383992,circular
258,1100,700,303.246230875479,-85,-85,-85,-85,1350,700,103.56999318509438,17.51681858383992,circular
259,1100,700,303.246230875479,-85,-85,-85,-85,1350,700,121.0868117689343,17.51681858383992,circular
260,1100,700,303.246230875479,-85,-85,-85,-85,1350,700,138.60363035277422,17.51681858383992,circular
261,1100,700,303.246230875479,17.513155499392102,19.25639156218217,-85,-85,1350,700,156.12044893661414,17.51681858383992,circular
262,1100,700,303.246230875479,24.33271141113945,24.78833704083229,-85,-85,1350,700,173.63726752045406,17.51681858383992,circular
263,1100,700,303.246230875479,25.9816463993744,26.035130213615616,-85,-85,1350,700,191.15408610429398,17.51681858383992,circular
264,1100,700,303.246230875479,25.807460623826316,25.614204328866276,-85,-85,1350,700,208.6709046881339,17.51681858383992,circular
265,1100,700,303.246230875479,23.553218972269416,23.067302502757133,-85,-85,1350,700,226.18772327197382,17.51681858383992,circular
266,1100,700,303.246230875479,-85,-85,-85,-85,1350,700,243.70454185581374,17.51681858383992,circular
267,1100,700,303.246230875479,-85,-85,-85,-85,1350,700,261.22136043965367,17.51681858383992,circular
268,1100,700,303.246230875479,-85,-85,-85,-85,1350,700,278.73817902349356,17.51681858383992,circular
269,1100,700,303.246230875479,-85,-85,-85,-85,1350,700,296.2549976073335,17.51681858383992,circular
270,1100,700,303.246230875479,-85,-85,-85,-85,1350,700,313.77181619117346,17.51681858383992,circular
271,1100,700,303.246230875479,-85,-85,-85,-85,1350,700,331.2886347750134,17.51681858383992,circular
272,1100,700,303.246230875479,-85,-85,-85,-85,1350,700,348.80545335885336,17.51681858383992,circular
273,1100,700,303.246230875479,-85,-85,-85,-85,1350,700,6.322271942693305,17.51681858383992,circular
274,1100,700,303.246230875479,-85,-85,-85,-85,1350,700,23.839090526533226,17.51681858383992,circular
275,1100,700,303.246230875479,-85,-85,-85,-85,1350,700,41.35590911037315,17.51681858383992,circular
276,1100,700,303.246230875479,-85,-85,-85,-85,1350,700,58.87272769421307,17.51681858383992,circular
277,1100,700,303.246230875479,-85,-85,-85,-85,1350,700,76.38954627805299,17.51681858383992,circular
278,1100,700,303.246230875479,-85,-85,-85,-85,1350,700,93.90636486189291,17.51681858383992,circular
279,1100,700,303.246230875479,-85,-85,-85,-85,1350,700,111.42318344573283,17.51681858383992,circular
280,1100,700,303.246230875479,-85,-85,-85,-85,1350,700,128.94000202957275,17.51681858383992,circular
281,1100,700,303.246230875479,-85,-85,-85,-85,1350,700,146.45682061341267,17.51681858383992,circular
282,1100,700,303.246230875479,21.813356630230874,22.793695368992218,-85,-85,1350,700,163.9736391972526,17.51681858383992,circular
283,1100,700,303.246230875479,25.36180729449956,25.614204328866276,-85,-85,1350,700,181.49045778109252,17.51681858383992,circular
284,1100,700,303.246230875479,26.074956048612798,26.053745949214605,-85,-85,1350,700,199.00727636493244,17.51681858383992,circular
285,1100,700,303.246230875479,25.157178905256924,24.788337040832293,-85,-85,1350,700,216.52409494877236,17.51681858383992,circular
286,1100,700,303.246230875479,20.97742610025735,19.914354227256315,-85,-85,1350,700,234.04091353261228,17.51681858383992,circular
287,1100,700,303.246230875479,-85,-85,-85,-85,1350,700,251.5577321164522,17.51681858383992,circular
288,1100,700,303.246230875479,-85,-85,-85,-85,1350,700,269.0745507002921,17.51681858383992,circular
289,1100,700,303.246230875479,-85,-85,-85,-85,1350,700,286.59136928413204,17.51681858383992,circular
290,1100,700,303.246230875479,-85,-85,-85,-85,1350,700,304.108187867972,17.51681858383992,circular
291,1100,700,303.246230875479,-85,-85,-85,-85,1350,700,321.62500645181194,17.51681858383992,circular
292,1100,700,303.246230875479,-85,-85,-85,-85,1350,700,339.1418250356519,17.51681858383992,circular
293,1100,700,303.246230875479,-85,-85,-85,-85,1350,700,356.65864361949184,17.51681858383992,circular
294,1100,700,303.246230875479,-85,-85,-85,-85,1350,700,14.17546220333179,17.51681858383992,circular
295,1100,700,303.246230875479,-85,-85,-85,-85,1350,700,31.69228078717171,17.51681858383992,circular
296,1100,700,303.246230875479,-85,-85,-85,-85,1350,700,49.20909937101163,17.51681858383992,circular
297,1100,700,303.246230875479,-85,-85,-85,-85,1350,700,66.72591795485155,17.51681858383992,circular
298,1100,700,303.246230875479,-85,-85,-85,-85,1350,700,84.24273653869147,17.51681858383992,circular
299,1100,700,303.246230875479,-85,-85,-85,-85,1350,700,101.7595551225314,17.51681858383992,circular
300,1100,700,303.246230875479,-85,-85,-85,-85,1350,700,119.27637370637132,17.51681858383992,circular
301,1100,700,303.246230875479,-85,-85,-85,-85,1350,700,136.79319229021124,17.51681858383992,circular
302,1100,700,303.246230875479,14.513447644213304,18.47430475951294,-85,-85,1350,700,154.31001087405116,17.51681858383992,circular
303,1100,700,303.246230875479,23.971022246457757,24.495315191602927,-85,-85,1350,700,171.82682945789108,17.51681858383992,circular
304,1100,700,303.246230875479,25.906018829630398,26.011117049096303,-85,-85,1350,700,189.343648041731,17.51681858383992,circular
305,1100,700,303.246230875479,25.906018829630398,25.7492610641292,-85,-85,1350,700,206.86046662557092,17.51681858383992,circular
306,1100,700,303.246230875479,23.97102224645776,23.319699537123853,-85,-85,1350,700,224.37728520941084,17.51681858383992,circular
307,1100,700,303.246230875479,14.513447644213265,-85,-85,-85,1350,700,241.89410379325076,17.51681858383992,circular
308,1100,700,303.246230875479,-85,-85,-85,-85,1350,700,259.4109223770907,17.51681858383992,circular
309,1100,700,303.246230875479,-85,-85,-85,-85,1350,700,276.9277409609306,17.51681858383992,circular
310,1100,700,303.246230875479,-85,-85,-85,-85,1350,700,294.4445595447705,17.51681858383992,circular
311,1100,700,303.246230875479,-85,-85,-85,-85,1350,700,311.9613781286105,17.51681858383992,circular
312,1100,700,303.246230875479,-85,-85,-85,-85,1350,700,329.4781967124504,17.51681858383992,circular
313,1100,700,303.246230875479,-85,-85,-85,-85,1350,700,346.9950152962904,17.51681858383992,circular
314,1100,700,303.246230875479,-85,-85,-85,-85,1350,700,4.511833880130325,17.51681858383992,circular
315,1100,700,303.246230875479,-85,-85,-85,-85,1350,700,22.028652463970246,17.51681858383992,circular
316,1100,700,303.246230875479,-85,-85,-85,-85,1350,700,39.54547104781017,17.51681858383992,circular
317,1100,700,303.246230875479,-85,-85,-85,-85,1350,700,57.06228963165009,17.51681858383992,circular
318,1100,700,303.246230875479,-85,-85,-85,-85,1350,700,74.57910821549001,17.51681858383992,circular
319,1100,700,303.246230875479,-85,-85,-85,-85,1350,700,92.09592679932993,17.51681858383992,circular
320,1100,700,303.246230875479,-85,-85,-85,-85,1350,700,109.61274538316985,17.51681858383992,circular
321,1100,700,303.246230875479,-85,-85,-85,-85,1350,700,127.12956396700977,17.51681858383992,circular
322,1100,700,303.246230875479,-85,-85,-85,-85,1350,700,144.6463825508497,17.51681858383992,circular
323,1100,700,303.246230875479,21.41811930585211,22.170735458799452,-85,-85,1350,700,162.16320113468961,17.51681858383992,circular
324,1100,700,303.246230875479,25.157178905256924,25.452908776355446,-85,-85,1350,700,179.68001971852954,17.51681858383992,circular
325,1100,700,303.246230875479,26.077602459396946,26.074956048612798,-85,-85,1350,700,197.19683830236946,17.51681858383992,circular
326,1100,700,303.246230875479,25.361807294499556,25.042923900792417,-85,-85,1350,700,214.71365688620938,17.51681858383992,circular
327,1100,700,303.246230875479,21.81335663023087,20.97742610025735,-85,-85,1350,700,232.2304754700493,17.51681858383992,circular
328,1100,700,303.246230875479,-85,-85,-85,-85,1350,700,249.74729405388922,17.51681858383992,circular
329,1100,700,303.246230875479,-85,-85,-85,-85,1350,700,267.2641126377291,17.51681858383992,circular
330,1100,700,303.246230875479,-85,-85,-85,-85,1350,700,284.78093122156906,17.51681858383992,circular
331,1100,700,303.246230875479,-85,-85,-85,-85,1350,700,302.297749805409,17.51681858383992,circular
332,1100,700,303.246230875479,-85,-85,-85,-85,1350,700,319.81456838924896,17.51681858383992,circular
333,1100,700,303.246230875479,-85,-85,-85,-85,1350,700,337.3313869730889,17.51681858383992,circular
334,1100,700,303.246230875479,-85,-85,-85,-85,1350,700,354.84820555692886,17.51681858383992,circular
335,1100,700,303.246230875479,-85,-85,-85,-85,1350,700,12.36502414076881,17.51681858383992,circular
336,1100,700,303.246230875479,-85,-85,-85,-85,1350,700,29.88184272460873,17.51681858383992,circular
337,1100,700,303.246230875479,-85,-85,-85,-85,1350,700,47.39866130844865,17.51681858383992,circular
338,1100,700,303.246230875479,-85,-85,-85,-85,1350,700,64.91547989228857,17.51681858383992,circular
339,1100,700,303.246230875479,-85,-85,-85,-85,1350,700,82.4322984761285,17.51681858383992,circular
340,1100,700,303.246230875479,-85,-85,-85,-85,1350,700,99.94911705996842,17.51681858383992,circular
341,1100,700,303.246230875479,-85,-85,-85,-85,1350,700,117.46593564380834,17.51681858383992,circular
342,1100,700,303.246230875479,-85,-85,-85,-85,1350,700,134.98275422764826,17.51681858383992,circular
343,1100,700,303.246230875479,-85,16.269948115724727,-85,-85,1350,700,152.49957281148818,17.51681858383992,circular
344,1100,700,303.246230875479,23.769789312347285,24.1582774269213,-85,-85,1350,700,170.0163913953281,17.51681858383992,circular
345,1100,700,303.246230875479,25.80746062382631,25.946643644493044,-85,-85,1350,700,187.53320997916802,17.51681858383992,circular
346,1100,700,303.246230875479,25.946643644493044,25.859665714847075,-85,-85,1350,700,205.05002856300794,17.51681858383992,circular
347,1100,700,303.246230875479,24.332711411139446,23.769789312347285,-85,-85,1350,700,222.56684714684786,17.51681858383992,circular
348,1100,700,303.246230875479,16.269948115724716,11.50579409835762,-85,-85,1350,700,240.08366573068778,17.51681858383992,circular
349,1100,700,303.246230875479,-85,-85,-85,-85,1350,700,257.6004843145277,17.51681858383992,circular
350,1100,700,303.246230875479,-85,-85,-85,-85,1350,700,275.1173028983676,17.51681858383992,circular
351,1100,700,303.246230875479,-85,-85,-85,-85,1350,700,292.63412148220755,17.51681858383992,circular
352,1100,700,303.246230875479,-85,-85,-85,-85,1350,700,310.1509400660475,17.51681858383992,circular
353,1100,700,303.246230875479,-85,-85,-85,-85,1350,700,327.66775864988745,17.51681858383992,circular
354,1100,700,303.246230875479,-85,-85,-85,-85,1350,700,345.1845772337274,17.51681858383992,circular
355,1100,700,303.246230875479,-85,-85,-85,-85,1350,700,2.701395817567345,17.51681858383992,circular
356,1100,700,303.246230875479,-85,-85,-85,-85,1350,700,20.218214401407266,17.51681858383992,circular
357,1100,700,303.246230875479,-85,-85,-85,-85,1350,700,37.73503298524719,17.51681858383992,circular
358,1100,700,303.246230875479,-85,-85,-85,-85,1350,700,55.25185156908711,17.51681858383992,circular
359,1100,700,303.246230875479,-85,-85,-85,-85,1350,700,72.76867015292703,17.51681858383992,circular
360,1100,700,303.246230875479,-85,-85,-85,-85,1350,700,90.28548873676695,17.51681858383992,circular
361,1100,700,303.246230875479,-85,-85,-85,-85,1350,700,107.80230732060687,17.51681858383992,circular
362,1100,700,303.246230875479,-85,-85,-85,-85,1350,700,125.31912590444679,17.51681858383992,circular
363,1100,700,303.246230875479,-85,-85,-85,-85,1350,700,142.8359444882867,17.51681858383992,circular
364,1100,700,303.246230875479,20.48098321025059,21.813356630230874,-85,-85,1350,700,160.35276307212663,17.51681858383992,circular
365,1100,700,303.246230875479,24.92014212493214,25.26334459461691,-85,-85,1350,700,177.86958165596656,17.51681858383992,circular
366,1100,700,303.246230875479,26.067010357935978,26.077602459396946,-85,-85,1350,700,195.38640023980648,17.51681858383992,circular
367,1100,700,303.246230875479,25.536951728381826,25.263344594616918,-85,-85,1350,700,212.9032188236464,17.51681858383992,circular
368,1100,700,303.246230875479,22.496022074683278,21.418119305852123,-85,-85,1350,700,230.42003740748632,17.51681858383992,circular
369,1100,700,303.246230875479,-85,-85,-85,-85,1350,700,247.93685599132624,17.51681858383992,circular
370,1100,700,303.246230875479,-85,-85,-85,-85,1350,700,265.45367457516613,17.51681858383992,circular
371,1100,700,303.246230875479,-85,-85,-85,-85,1350,700,282.9704931590061,17.51681858383992,circular
372,1100,700,303.246230875479,-85,-85,-85,-85,1350,700,300.48731174284603,17.51681858383992,circular
373,1100,700,303.246230875479,-85,-85,-85,-85,1350,700,318.004130326686,17.51681858383992,circular
374,1100,700,303.246230875479,-85,-85,-85,-85,1350,700,335.52094891052593,17.51681858383992,circular
375,1100,700,303.246230875479,-85,-85,-85,-85,1350,700,353.0377674943659,17.51681858383992,circular
376,1100,700,303.246230875479,-85,-85,-85,-85,1350,700,10.55458607820583,17.51681858383992,circular
377,1100,700,303.246230875479,-85,-85,-85,-85,1350,700,28.07140466204575,17.51681858383992,circular
378,1100,700,303.246230875479,-85,-85,-85,-85,1350,700,45.58822324588567,17.51681858383992,circular
379,1100,700,303.246230875479,-85,-85,-85,-85,1350,700,63.10504182972559,17.51681858383992,circular
380,1100,700,303.246230875479,-85,-85,-85,-85,1350,700,80.62186041356551,17.51681858383992,circular
381,1100,700,303.246230875479,-85,-85,-85,-85,1350,700,98.13867899740544,17.51681858383992,circular
382,1100,700,303.246230875479,-85,-85,-85,-85,1350,700,115.65549758124536,17.51681858383992,circular
383,1100,700,303.246230875479,-85,-85,-85,-85,1350,700,133.17231616508528,17.51681858383992,circular
384,1100,700,303.246230875479,-85,11.505794098357505,-85,-85,1350,700,150.6891347489252,17.51681858383992,circular
385,1100,700,303.246230875479,23.31969953712386,23.769789312347285,-85,-85,1350,700,168.20595333276512,17.51681858383992,circular
386,1100,700,303.246230875479,25.684904084789974,25.859665714847075,-85,-85,1350,700,185.72277191660504,17.51681858383992,circular
387,1100,700,303.246230875479,26.011117049096303,25.946643644493044,-85,-85,1350,700,203.23959050044496,17.51681858383992,circular
388,1100,700,303.246230875479,24.646943359767004,24.1582774269213,-85,-85,1350,700,220.75640908428488,17.51681858383992,circular
389,1100,700,303.246230875479,18.474304759512954,14.513447644213265,-85,-85,1350,700,238.2732276681248,17.51681858383992,circular
390,1100,700,303.246230875479,-85,-85,-85,-85,1350,700,255.79004625196472,17.51681858383992,circular
391,1100,700,303.246230875479,-85,-85,-85,-85,1350,700,273.3068648358046,17.51681858383992,circular
392,1100,700,303.246230875479,-85,-85,-85,-85,1350,700,290.82368341964457,17.51681858383992,circular
393,1100,700,303.246230875479,-85,-85,-85,-85,1350,700,308.3405020034845,17.51681858383992,circular
394,1100,700,303.246230875479,-85,-85,-85,-85,1350,700,325.85732058732447,17.51681858383992,circular
395,1100,700,303.246230875479,-85,-85,-85,-85,1350,700,343.3741391711644,17.51681858383992,circular
396,1100,700,303.246230875479,-85,-85,-85,-85,1350,700,0.890957755004365,17.51681858383992,circular
397,1100,700,303.246230875479,-85,-85,-85,-85,1350,700,18.407776338844286,17.51681858383992,circular
398,1100,700,303.246230875479,-85,-85,-85,-85,1350,700,35.92459492268421,17.51681858383992,circular
399,1100,700,303.246230875479,-85,-85,-85,-85,1350,700,53.44141350652413,17.51681858383992,circular
400,1100,700,303.246230875479,-85,-85,-85,-85,1350,700,70.95823209036405,17.51681858383992,circular
401,1100,700,303.246230875479,-85,-85,-85,-85,1350,700,88.47505067420397,17.51681858383992,circular
402,1100,700,303.246230875479,-85,-85,-85,-85,1350,700,105.99186925804389,17.51681858383992,circular
403,1100,700,303.246230875479,-85,-85,-85,-85,1350,700,123.50868784188381,17.51681858383992,circular
404,1100,700,303.246230875479,-85,-85,-85,-85,1350,700,141.02550642572373,17.51681858383992,circular
405,1100,700,303.246230875479,19.25639156218217,20.97742610025734,-85,-85,1350,700,158.54232500956365,17.51681858383992,circular
406,1100,700,303.246230875479,24.78833704083229,25.042923900792417,-85,-85,1350,700,176.05914359340358,17.51681858383992,circular
407,1100,700,303.246230875479,26.035130213615616,26.074956048612798,-85,-85,1350,700,193.5759621772435,17.51681858383992,circular
408,1100,700,303.246230875479,25.614204328866276,25.452908776355446,-85,-85,1350,700,211.09278076108342,17.51681858383992,circular
409,1100,700,303.246230875479,23.067302502757133,22.170735458799452,-85,-85,1350,700,228.60959934492334,17.51681858383992,circular
410,1100,700,303.246230875479,-85,-85,-85,-85,1350,700,246.12641792876326,17.51681858383992,circular
411,1100,700,303.246230875479,-85,-85,-85,-85,1350,700,263.64323651260315,17.51681858383992,circular
412,1100,700,303.246230875479,-85,-85,-85,-85,1350,700,281.1600550964431,17.51681858383992,circular
413,1100,700,303.246230875479,-85,-85,-85,-85,1350,700,298.67687368028305,17.51681858383992,circular
414,1100,700,303.246230875479,-85,-85,-85,-85,1350,700,316.193692264123,17.51681858383992,circular
415,1100,700,303.246230875479,-85,-85,-85,-85,1350,700,333.71051084796295,17.51681858383992,circular
416,1100,700,303.246230875479,-85,-85,-85,-85,1350,700,351.2273294318029,17.51681858383992,circular
417,1100,700,303.246230875479,-85,-85,-85,-85,1350,700,8.74414801564285,17.51681858383992,circular
418,1100,700,303.246230875479,-85,-85,-85,-85,1350,700,26.26096659948277,17.51681858383992,circular
419,1100,700,303.246230875479,-85,-85,-85,-85,1350,700,43.77778518332269,17.51681858383992,circular
420,1100,700,303.246230875479,-85,-85,-85,-85,1350,700,61.29460376716261,17.51681858383992,circular
421,1100,700,303.246230875479,-85,-85,-85,-85,1350,700,78.81142235100253,17.51681858383992,circular
422,1100,700,303.246230875479,-85,-85,-85,-85,1350,700,96.32824093484246,17.51681858383992,circular
423,1100,700,303.246230875479,-85,-85,-85,-85,1350,700,113.84505951868238,17.51681858383992,circular
424,1100,700,303.246230875479,-85,-85,-85,-85,1350,700,131.3618781025223,17.51681858383992,circular
425,1100,700,303.246230875479,-85,-85,-85,-85,1350,700,148.87869668636222,17.51681858383992,circular
426,1100,700,303.246230875479,22.793695368992218,23.553218972269416,-85,-85,1350,700,166.39551527020214,17.51681858383992,circular
427,1100,700,303.246230875479,25.536951728381826,25.7492610641292,-85,-85,1350,700,183.91233385404206,17.51681858383992,circular
428,1100,700,303.246230875479,26.053745949214605,25.9816463993744,-85,-85,1350,700,201.42915243788198,17.51681858383992,circular
429,1100,700,303.246230875479,24.92014212493214,24.495315191602927,-85,-85,1350,700,218.9459710217219,17.51681858383992,circular
430,1100,700,303.246230875479,19.914354227256315,17.51315549939211,-85,-85,1350,700,236.46278960556182,17.51681858383992,circular
431,1100,700,303.246230875479,-85,-85,-85,-85,1350,700,253.97960818940174,17.51681858383992,circular
432,1100,700,303.246230875479,-85,-85,-85,-85,1350,700,271.49642677324164,17.51681858383992,circular
433,1100,700,303.246230875479,-85,-85,-85,-85,1350,700,289.0132453570816,17.51681858383992,circular
434,1100,700,303.246230875479,-85,-85,-85,-85,1350,700,306.53006394092154,17.51681858383992,circular
435,1100,700,303.246230875479,-85,-85,-85,-85,1350,700,324.0468825247615,17.51681858383992,circular
436,1100,700,303.246230875479,-85,-85,-85,-85,1350,700,341.56370110860144,17.51681858383992,circular
437,1100,700,303.246230875479,-85,-85,-85,-85,1350,700,359.0805196924414,17.51681858383992,circular
438,1100,700,303.246230875479,-85,-85,-85,-85,1350,700,16.597338276281334,17.51681858383992,circular
439,1100,700,303.246230875479,-85,-85,-85,-85,1350,700,34.114156860121255,17.51681858383992,circular
440,1100,700,303.246230875479,-85,-85,-85,-85,1350,700,51.63097544396118,17.51681858383992,circular
441,1100,700,303.246230875479,-85,-85,-85,-85,1350,700,69.1477940278011,17.51681858383992,circular
442,1100,700,303.246230875479,-85,-85,-85,-85,1350,700,86.66461261164102,17.51681858383992,circular
443,1100,700,303.246230875479,-85,-85,-85,-85,1350,700,104.18143119548094,17.51681858383992,circular
444,1100,700,303.246230875479,-85,-85,-85,-85,1350,700,121.69824977932086,17.51681858383992,circular
445,1100,700,303.246230875479,-85,-85,-85,-85,1350,700,139.21506836316078,17.51681858383992,circular
446,1100,700,303.246230875479,17.513155499392102,19.91435422725632,-85,-85,1350,700,156.7318869470007,17.51681858383992,circular
447,1100,700,303.246230875479,24.495315191602927,24.78833704083229,-85,-85,1350,700,174.24870553084062,17.51681858383992,circular
448,1100,700,303.246230875479,25.9816463993744,26.053745949214605,-85,-85,1350,700,191.76552411468055,17.51681858383992,circular
449,1100,700,303.246230875479,25.7492610641292,25.536951728381826,-85,-85,1350,700,209.28234269852047,17.51681858383992,circular
450,1100,700,303.246230875479,23.553218972269416,22.793695368992225,-85,-85,1350,700,226.7991612823604,17.51681858383992,circular
451,1100,700,303.246230875479,-85,-85,-85,-85,1350,700,244.3159798662003,17.51681858383992,circular
452,1100,700,303.246230875479,-85,-85,-85,-85,1350,700,261.83279845004023,17.51681858383992,circular
453,1100,700,303.246230875479,-85,-85,-85,-85,1350,700,279.3496170338801,17.51681858383992,circular
454,1100,700,303.246230875479,-85,-85,-85,-85,1350,700,296.8664356177201,17.51681858383992,circular
455,1100,700,303.246230875479,-85,-85,-85,-85,1350,700,314.38325420156,17.51681858383992,circular
456,1100,700,303.246230875479,-85,-85,-85,-85,1350,700,331.90007278539997,17.51681858383992,circular
457,1100,700,303.246230875479,-85,-85,-85,-85,1350,700,349.4168913692399,17.51681858383992,circular
458,1100,700,303.246230875479,-85,-85,-85,-85,1350,700,6.93370995307987,17.51681858383992,circular
459,1100,700,303.246230875479,-85,-85,-85,-85,1350,700,24.45052853691979,17.51681858383992,circular
460,1100,700,303.246230875479,-85,-85,-85,-85,1350,700,41.96734712075971,17.51681858383992,circular
461,1100,700,303.246230875479,-85,-85,-85,-85,1350,700,59.48416570459963,17.51681858383992,circular
462,1100,700,303.246230875479,-85,-85,-85,-85,1350,700,77.00098428843955,17.51681858383992,circular
463,1100,700,303.246230875479,-85,-85,-85,-85,1350,700,94.51780287227947,17.51681858383992,circular
464,1100,700,303.246230875479,-85,-85,-85,-85,1350,700,112.0346214561194,17.51681858383992,circular
465,1100,700,303.246230875479,-85,-85,-85,-85,1350,700,129.55144003995932,17.51681858383992,circular
466,1100,700,303.246230875479,-85,-85,-85,-85,1350,700,147.06825862379924,17.51681858383992,circular
467,1100,700,303.246230875479,22.170735458799452,23.06730250275713,-85,-85,1350,700,164.58507720763916,17.51681858383992,circular
468,1100,700,303.246230875479,25.452908776355446,25.614204328866276,-85,-85,1350,700,182.10189579147908,17.51681858383992,circular
469,1100,700,303.246230875479,26.074956048612798,26.035130213615616,-85,-85,1350,700,199.618714375319,17.51681858383992,circular
470,1100,700,303.246230875479,25.042923900792417,24.788337040832293,-85,-85,1350,700,217.13553295915892,17.51681858383992,circular
471,1100,700,303.246230875479,20.97742610025735,19.25639156218219,-85,-85,1350,700,234.65235154299884,17.51681858383992,circular
472,1100,700,303.246230875479,-85,-85,-85,-85,1350,700,252.16917012683876,17.51681858383992,circular
473,1100,700,303.246230875479,-85,-85,-85,-85,1350,700,269.68598871067866,17.51681858383992,circular
474,1100,700,303.246230875479,-85,-85,-85,-85,1350,700,287.2028072945186,17.51681858383992,circular
475,1100,700,303.246230875479,-85,-85,-85,-85,1350,700,304.71962587835856,17.51681858383992,circular
476,1100,700,303.246230875479,-85,-85,-85,-85,1350,700,322.2364444621985,17.51681858383992,circular
477,1100,700,303.246230875479,-85,-85,-85,-85,1350,700,339.75326304603846,17.51681858383992,circular
478,1100,700,303.246230875479,-85,-85,-85,-85,1350,700,357.2700816298784,17.51681858383992,circular
479,1100,700,303.246230875479,-85,-85,-85,-85,1350,700,14.786900213718354,17.51681858383992,circular
480,1100,700,303.246230875479,-85,-85,-85,-85,1350,700,32.303718797558275,17.51681858383992,circular
481,1100,700,303.246230875479,-85,-85,-85,-85,1350,700,49.820537381398196,17.51681858383992,circular
482,1100,700,303.246230875479,-85,-85,-85,-85,1350,700,67.33735596523812,17.51681858383992,circular
483,1100,700,303.246230875479,-85,-85,-85,-85,1350,700,84.85417454907804,17.51681858383992,circular
484,1100,700,303.246230875479,-85,-85,-85,-85,1350,700,102.37099313291796,17.51681858383992,circular
485,1100,700,303.246230875479,-85,-85,-85,-85,1350,700,119.88781171675788,17.51681858383992,circular
486,1100,700,303.246230875479,-85,-85,-85,-85,1350,700,137.4046303005978,17.51681858383992,circular
487,1100,700,303.246230875479,14.513447644213304,18.47430475951294,-85,-85,1350,700,154.92144888443772,17.51681858383992,circular
488,1100,700,303.246230875479,24.1582774269213,24.646943359767004,-85,-85,1350,700,172.43826746827764,17.51681858383992,circular
489,1100,700,303.246230875479,25.906018829630398,26.011117049096303,-85,-85,1350,700,189.95508605211757,17.51681858383992,circular
490,1100,700,303.246230875479,25.859665714847075,25.684904084789977,-85,-85,1350,700,207.4719046359575,17.51681858383992,circular
491,1100,700,303.246230875479,23.97102224645776,23.319699537123853,-85,-85,1350,700,224.9887232197974,17.51681858383992,circular
492,1100,700,303.246230875479,11.50579409835762,-85,-85,-85,1350,700,242.50554180363733,17.51681858383992,circular
493,1100,700,303.246230875479,-85,-85,-85,-85,1350,700,260.02236038747725,17.51681858383992,circular
494,1100,700,303.246230875479,-85,-85,-85,-85,1350,700,277.53917897131714,17.51681858383992,circular
495,1100,700,303.246230875479,-85,-85,-85,-85,1350,700,295.0559975551571,17.51681858383992,circular
496,1100,700,303.246230875479,-85,-85,-85,-85,1350,700,312.57281613899704,17.51681858383992,circular
497,1100,700,303.246230875479,-85,-85,-85,-85,1350,700,330.089634722837,17.51681858383992,circular
498,1100,700,303.246230875479,-85,-85,-85,-85,1350,700,347.60645330667694,17.51681858383992,circular
499,1100,700,303.246230875479,-85,-85,-85,-85,1350,700,5.1232718905168895,17.51681858383992,circular
500,1100,700,303.246230875479,-85,-85,-85,-85,1350,700,22.64009047435681,17.51681858383992,circular
501,1100,700,303.246230875479,-85,-85,-85,-85,1350,700,40.15690905819673,17.51681858383992,circular
502,1100,700,303.246230875479,-85,-85,-85,-85,1350,700,57.67372764203665,17.51681858383992,circular
503,1100,700,303.246230875479,-85,-85,-85,-85,1350,700,75.19054622587657,17.51681858383992,circular
504,1100,700,303.246230875479,-85,-85,-85,-85,1350,700,92.7073648097165,17.51681858383992,circular
505,1100,700,303.246230875479,-85,-85,-85,-85,1350,700,110.22418339355642,17.51681858383992,circular
506,1100,700,303.246230875479,-85,-85,-85,-85,1350,700,127.74100197739634,17.51681858383992,circular
507,1100,700,303.246230875479,-85,-85,-85,-85,1350,700,145.25782056123626,17.51681858383992,circular
508,1100,700,303.246230875479,21.41811930585211,22.496022074683278,-85,-85,1350,700,162.77463914507618,17.51681858383992,circular
509,1100,700,303.246230875479,25.26334459461691,25.536951728381826,-85,-85,1350,700,180.2914577289161,17.51681858383992,circular
510,1100,700,303.246230875479,26.077602459396946,26.067010357935978,-85,-85,1350,700,197.80827631275602,17.51681858383992,circular
511,1100,700,303.246230875479,25.263344594616918,24.92014212493214,-85,-85,1350,700,215.32509489659594,17.51681858383992,circular
512,1100,700,303.246230875479,21.81335663023087,20.48098321025059,-85,-85,1350,700,232.84191348043586,17.51681858383992,circular
513,1100,700,303.246230875479,-85,-85,-85,-85,1350,700,250.35873206427578,17.51681858383992,circular
514,1100,700,303.246230875479,-85,-85,-85,-85,1350,700,267.8755506481157,17.51681858383992,circular
515,1100,700,303.246230875479,-85,-85,-85,-85,1350,700,285.3923692319556,17.51681858383992,circular
516,1100,700,303.246230875479,-85,-85,-85,-85,1350,700,302.9091878157956,17.51681858383992,circular
517,1100,700,303.246230875479,-85,-85,-85,-85,1350,700,320.4260063996355,17.51681858383992,circular
518,1100,700,303.246230875479,-85,-85,-85,-85,1350,700,337.9428249834755,17.51681858383992,circular
519,1100,700,303.246230875479,-85,-85,-85,-85,1350,700,355.4596435673154,17.51681858383992,circular
520,1100,700,303.246230875479,-85,-85,-85,-85,1350,700,12.976462151155374,17.51681858383992,circular
521,1100,700,303.246230875479,-85,-85,-85,-85,1350,700,30.493280734995295,17.51681858383992,circular
522,1100,700,303.246230875479,-85,-85,-85,-85,1350,700,48.010099318835216,17.51681858383992,circular
523,1100,700,303.246230875479,-85,-85,-85,-85,1350,700,65.52691790267514,17.51681858383992,circular
524,1100,700,303.246230875479,-85,-85,-85,-85,1350,700,83.04373648651506,17.51681858383992,circular
525,1100,700,303.246230875479,-85,-85,-85,-85,1350,700,100.56055507035498,17.51681858383992,circular
526,1100,700,303.246230875479,-85,-85,-85,-85,1350,700,118.0773736541949,17.51681858383992,circular
527,1100,700,303.246230875479,-85,-85,-85,-85,1350,700,135.59419223803482,17.51681858383992,circular
528,1100,700,303.246230875479,11.505794098357505,16.269948115724727,-85,-85,1350,700,153.11101082187474,17.51681858383992,circular
529,1100,700,303.246230875479,23.769789312347285,24.33271141113945,-85,-85,1350,700,170.62782940571466,17.51681858383992,circular
530,1100,700,303.246230875479,25.859665714847075,25.946643644493044,-85,-85,1350,700,188.14464798955458,17.51681858383992,circular
531,1100,700,303.246230875479,25.946643644493044,25.807460623826316,-85,-85,1350,700,205.6614665733945,17.51681858383992,circular
532,1100,700,303.246230875479,24.1582774269213,23.769789312347285,-85,-85,1350,700,223.17828515723443,17.51681858383992,circular
533,1100,700,303.246230875479,16.269948115724716,-85,-85,-85,1350,700,240.69510374107435,17.51681858383992,circular
534,1100,700,303.246230875479,-85,-85,-85,-85,1350,700,258.21192232491427,17.51681858383992,circular
535,1100,700,303.246230875479,-85,-85,-85,-85,1350,700,275.72874090875416,17.51681858383992,circular
536,1100,700,303.246230875479,-85,-85,-85,-85,1350,700,293.2455594925941,17.51681858383992,circular
537,1100,700,303.246230875479,-85,-85,-85,-85,1350,700,310.76237807643406,17.51681858383992,circular
538,1100,700,303.246230875479,-85,-85,-85,-85,1350,700,328.279196660274,17.51681858383992,circular
539,1100,700,303.246230875479,-85,-85,-85,-85,1350,700,345.79601524411396,17.51681858383992,circular
540,1100,700,303.246230875479,-85,-85,-85,-85,1350,700,3.3128338279539093,17.51681858383992,circular
541,1100,700,303.246230875479,-85,-85,-85,-85,1350,700,20.82965241179383,17.51681858383992,circular
542,1100,700,303.246230875479,-85,-85,-85,-85,1350,700,38.34647099563375,17.51681858383992,circular
543,1100,700,303.246230875479,-85,-85,-85,-85,1350,700,55.86328957947367,17.51681858383992,circular
544,1100,700,303.246230875479,-85,-85,-85,-85,1350,700,73.3801081633136,17.51681858383992,circular
545,1100,700,303.246230875479,-85,-85,-85,-85,1350,700,90.89692674715351,17.51681858383992,circular
546,1100,700,303.246230875479,-85,-85,-85,-85,1350,700,108.41374533099344,17.51681858383992,circular
547,1100,700,303.246230875479,-85,-85,-85,-85,1350,700,125.93056391483336,17.51681858383992,circular
548,1100,700,303.246230875479,-85,-85,-85,-85,1350,700,143.44738249867328,17.51681858383992,circular
549,1100,700,303.246230875479,20.48098321025059,21.813356630230874,-85,-85,1350,700,160.9642010825132,17.51681858383992,circular
550,1100,700,303.246230875479,25.042923900792417,25.36180729449956,-85,-85,1350,700,178.48101966635312,17.51681858383992,circular
551,1100,700,303.246230875479,26.067010357935978,26.077602459396946,-85,-85,1350,700,195.99783825019304,17.51681858383992,circular
552,1100,700,303.246230875479,25.452908776355446,25.157178905256924,-85,-85,1350,700,213.51465683403296,17.51681858383992,circular
553,1100,700,303.246230875479,22.170735458799452,21.418119305852123,-85,-85,1350,700,231.03147541787288,17.51681858383992,circular
554,1100,700,303.246230875479,-85,-85,-85,-85,1350,700,248.5482940017128,17.51681858383992,circular
555,1100,700,303.246230875479,-85,-85,-85,-85,1350,700,266.0651125855527,17.51681858383992,circular
556,1100,700,303.246230875479,-85,-85,-85,-85,1350,700,283.58193116939265,17.51681858383992,circular
557,1100,700,303.246230875479,-85,-85,-85,-85,1350,700,301.0987497532326,17.51681858383992,circular
558,1100,700,303.246230875479,-85,-85,-85,-85,1350,700,318.61556833707255,17.51681858383992,circular
559,1100,700,303.246230875479,-85,-85,-85,-85,1350,700,336.1323869209125,17.51681858383992,circular
560,1100,700,303.246230875479,-85,-85,-85,-85,1350,700,353.64920550475244,17.51681858383992,circular
561,1100,700,303.246230875479,-85,-85,-85,-85,1350,700,11.166024088592394,17.51681858383992,circular
562,1100,700,303.246230875479,-85,-85,-85,-85,1350,700,28.682842672432315,17.51681858383992,circular
563,1100,700,303.246230875479,-85,-85,-85,-85,1350,700,46.199661256272236,17.51681858383992,circular
564,1100,700,303.246230875479,-85,-85,-85,-85,1350,700,63.71647984011216,17.51681858383992,circular
565,1100,700,303.246230875479,-85,-85,-85,-85,1350,700,81.23329842395208,17.51681858383992,circular
566,1100,700,303.246230875479,-85,-85,-85,-85,1350,700,98.750117007792,17.51681858383992,circular
567,1100,700,303.246230875479,-85,-85,-85,-85,1350,700,116.26693559163192,17.51681858383992,circular
568,1100,700,303.246230875479,-85,-85,-85,-85,1350,700,133.78375417547184,17.51681858383992,circular
569,1100,700,303.246230875479,-85,14.513447644213304,-85,-85,1350,700,151.30057275931176,17.51681858383992,circular
570,1100,700,303.246230875479,23.31969953712386,23.971022246457757,-85,-85,1350,700,168.81739134315168,17.51681858383992,circular
571,1100,700,303.246230875479,25.7492610641292,25.906018829630398,-85,-85,1350,700,186.3342099269916,17.51681858383992,circular
572,1100,700,303.246230875479,26.011117049096303,25.906018829630398,-85,-85,1350,700,203.85102851083153,17.51681858383992,circular
573,1100,700,303.246230875479,24.495315191602927,23.97102224645776,-85,-85,1350,700,221.36784709467145,17.51681858383992,circular
574,1100,700,303.246230875479,18.474304759512954,14.513447644213265,-85,-85,1350,700,238.88466567851137,17.51681858383992,circular
575,1100,700,303.246230875479,-85,-85,-85,-85,1350,700,256.4014842623513,17.51681858383992,circular
576,1100,700,303.246230875479,-85,-85,-85,-85,1350,700,273.9183028461912,17.51681858383992,circular
577,1100,700,303.246230875479,-85,-85,-85,-85,1350,700,291.43512143003113,17.51681858383992,circular
578,1100,700,303.246230875479,-85,-85,-85,-85,1350,700,308.9519400138711,17.51681858383992,circular
579,1100,700,303.246230875479,-85,-85,-85,-85,1350,700,326.46875859771103,17.51681858383992,circular
580,1100,700,303.246230875479,-85,-85,-85,-85,1350,700,343.985577181551,17.51681858383992,circular
581,1100,700,303.246230875479,-85,-85,-85,-85,1350,700,1.5023957653909292,17.51681858383992,circular
582,1100,700,303.246230875479,-85,-85,-85,-85,1350,700,19.01921434923085,17.51681858383992,circular
583,1100,700,303.246230875479,-85,-85,-85,-85,1350,700,36.53603293307077,17.51681858383992,circular
584,1100,700,303.246230875479,-85,-85,-85,-85,1350,700,54.05285151691069,17.51681858383992,circular
585,1100,700,303.246230875479,-85,-85,-85,-85,1350,700,71.56967010075061,17.51681858383992,circular
586,1100,700,303.246230875479,-85,-85,-85,-85,1350,700,89.08648868459053,17.51681858383992,circular
587,1100,700,303.246230875479,-85,-85,-85,-85,1350,700,106.60330726843046,17.51681858383992,circular
588,1100,700,303.246230875479,-85,-85,-85,-85,1350,700,124.12012585227038,17.51681858383992,circular
589,1100,700,303.246230875479,-85,-85,-85,-85,1350,700,141.6369444361103,17.51681858383992,circular
590,1100,700,303.246230875479,19.91435422725632,20.97742610025734,-85,-85,1350,700,159.15376301995022,17.51681858383992,circular
591,1100,700,303.246230875479,24.78833704083229,25.157178905256924,-85,-85,1350,700,176.67058160379014,17.51681858383992,circular
592,1100,700,303.246230875479,26.053745949214605,26.074956048612798,-85,-85,1350,700,194.18740018763006,17.51681858383992,circular
593,1100,700,303.246230875479,25.614204328866276,25.361807294499556,-85,-85,1350,700,211.70421877146998,17.51681858383992,circular
594,1100,700,303.246230875479,22.793695368992225,22.170735458799452,-85,-85,1350,700,229.2210373553099,17.51681858383992,circular
595,1100,700,303.246230875479,-85,-85,-85,-85,1350,700,246.73785593914982,17.51681858383992,circular
596,1100,700,303.246230875479,-85,-85,-85,-85,1350,700,264.2546745229897,17.51681858383992,circular
597,1100,700,303.246230875479,-85,-85,-85,-85,1350,700,281.77149310682967,17.51681858383992,circular
598,1100,700,303.246230875479,-85,-85,-85,-85,1350,700,299.2883116906696,17.51681858383992,circular
599,1100,700,303.246230875479,-85,-85,-85,-85,1350,700,316.80513027450957,17.51681858383992,circular
600,1100,700,303.246230875479,-85,-85,-85,-85,1350,700,334.3219488583495,17.51681858383992,circular
601,1100,700,303.246230875479,-85,-85,-85,-85,1350,700,351.83876744218946,17.51681858383992,circular
602,1100,700,303.246230875479,-85,-85,-85,-85,1350,700,9.355586026029414,17.51681858383992,circular
603,1100,700,303.246230875479,-85,-85,-85,-85,1350,700,26.872404609869335,17.51681858383992,circular
604,1100,700,303.246230875479,-85,-85,-85,-85,1350,700,44.389223193709256,17.51681858383992,circular
605,1100,700,303.246230875479,-85,-85,-85,-85,1350,700,61.90604177754918,17.51681858383992,circular
606,1100,700,303.246230875479,-85,-85,-85,-85,1350,700,79.4228603613891,17.51681858383992,circular
607,1100,700,303.246230875479,-85,-85,-85,-85,1350,700,96.93967894522902,17.51681858383992,circular
608,1100,700,303.246230875479,-85,-85,-85,-85,1350,700,114.45649752906894,17.51681858383992,circular
609,1100,700,303.246230875479,-85,-85,-85,-85,1350,700,131.97331611290886,17.51681858383992,circular
610,1100,700,303.246230875479,-85,-85,-85,-85,1350,700,149.49013469674878,17.51681858383992,circular
611,1100,700,303.246230875479,23.06730250275713,23.553218972269416,-85,-85,1350,700,167.0069532805887,17.51681858383992,circular
612,1100,700,303.246230875479,25.614204328866276,25.80746062382631,-85,-85,1350,700,184.52377186442862,17.51681858383992,circular
613,1100,700,303.246230875479,26.035130213615616,25.9816463993744,-85,-85,1350,700,202.04059044826855,17.51681858383992,circular
614,1100,700,303.246230875479,24.788337040832293,24.332711411139446,-85,-85,1350,700,219.55740903210847,17.51681858383992,circular
615,1100,700,303.246230875479,19.25639156218219,17.51315549939211,-85,-85,1350,700,237.0742276159484,17.51681858383992,circular
616,1100,700,303.246230875479,-85,-85,-85,-85,1350,700,254.5910461997883,17.51681858383992,circular
617,1100,700,303.246230875479,-85,-85,-85,-85,1350,700,272.1078647836282,17.51681858383992,circular
618,1100,700,303.246230875479,-85,-85,-85,-85,1350,700,289.62468336746815,17.51681858383992,circular
619,1100,700,303.246230875479,-85,-85,-85,-85,1350,700,307.1415019513081,17.51681858383992,circular
620,1100,700,303.246230875479,-85,-85,-85,-85,1350,700,324.65832053514805,17.51681858383992,circular
621,1100,700,303.246230875479,-85,-85,-85,-85,1350,700,342.175139118988,17.51681858383992,circular
622,1100,700,303.246230875479,-85,-85,-85,-85,1350,700,359.69195770282795,17.51681858383992,circular
623,1100,700,303.246230875479,-85,-85,-85,-85,1350,700,17.2087762866679,17.51681858383992,circular
624,1100,700,303.246230875479,-85,-85,-85,-85,1350,700,34.72559487050782,17.51681858383992,circular
625,1100,700,303.246230875479,-85,-85,-85,-85,1350,700,52.24241345434774,17.51681858383992,circular
626,1100,700,303.246230875479,-85,-85,-85,-85,1350,700,69.75923203818766,17.51681858383992,circular
627,1100,700,303.246230875479,-85,-85,-85,-85,1350,700,87.27605062202758,17.51681858383992,circular
628,1100,700,303.246230875479,-85,-85,-85,-85,1350,700,104.7928692058675,17.51681858383992,circular
629,1100,700,303.246230875479,-85,-85,-85,-85,1350,700,122.30968778970743,17.51681858383992,circular
630,1100,700,303.246230875479,-85,-85,-85,-85,1350,700,139.82650637354735,17.51681858383992,circular
631,1100,700,303.246230875479,18.47430475951294,20.48098321025059,-85,-85,1350,700,157.34332495738727,17.51681858383992,circular
632,1100,700,303.246230875479,24.495315191602927,24.92014212493214,-85,-85,1350,700,174.8601435412272,17.51681858383992,circular
633,1100,700,303.246230875479,26.011117049096303,26.067010357935978,-85,-85,1350,700,192.3769621250671,17.51681858383992,circular
634,1100,700,303.246230875479,25.7492610641292,25.536951728381826,-85,-85,1350,700,209.89378070890703,17.51681858383992,circular
635,1100,700,303.246230875479,23.319699537123853,22.496022074683278,-85,-85,1350,700,227.41059929274695,17.51681858383992,circular
636,1100,700,303.246230875479,-85,-85,-85,-85,1350,700,244.92741787658687,17.51681858383992,circular
637,1100,700,303.246230875479,-85,-85,-85,-85,1350,700,262.4442364604268,17.51681858383992,circular
638,1100,700,303.246230875479,-85,-85,-85,-85,1350,700,279.9610550442667,17.51681858383992,circular
639,1100,700,303.246230875479,-85,-85,-85,-85,1350,700,297.47787362810664,17.51681858383992,circular
640,1100,700,303.246230875479,-85,-85,-85,-85,1350,700,314.9946922119466,17.51681858383992,circular
641,1100,700,303.246230875479,-85,-85,-85,-85,1350,700,332.51151079578653,17.51681858383992,circular
642,1100,700,303.246230875479,-85,-85,-85,-85,1350,700,350.0283293796265,17.51681858383992,circular
643,1100,700,303.246230875479,-85,-85,-85,-85,1350,700,7.545147963466434,17.51681858383992,circular
644,1100,700,303.246230875479,-85,-85,-85,-85,1350,700,25.061966547306355,17.51681858383992,circular
645,1100,700,303.246230875479,-85,-85,-85,-85,1350,700,42.578785131146276,17.51681858383992,circular
646,1100,700,303.246230875479,-85,-85,-85,-85,1350,700,60.0956037149862,17.51681858383992,circular
647,1100,700,303.246230875479,-85,-85,-85,-85,1350,700,77.61242229882612,17.51681858383992,circular
648,1100,700,303.246230875479,-85,-85,-85,-85,1350,700,95.12924088266604,17.51681858383992,circular
649,1100,700,303.246230875479,-85,-85,-85,-85,1350,700,112.64605946650596,17.51681858383992,circular
650,1100,700,303.246230875479,-85,-85,-85,-85,1350,700,130.16287805034588,17.51681858383992,circular
651,1100,700,303.246230875479,-85,-85,-85,-85,1350,700,147.6796966341858,17.51681858383992,circular
652,1100,700,303.246230875479,22.496022074683278,23.06730250275713,-85,-85,1350,700,165.19651521802572,17.51681858383992,circular
653,1100,700,303.246230875479,25.452908776355446,25.684904084789974,-85,-85,1350,700,182.71333380186564,17.51681858383992,circular
654,1100,700,303.246230875479,26.067010357935978,26.035130213615616,-85,-85,1350,700,200.23015238570557,17.51681858383992,circular
655,1100,700,303.246230875479,25.042923900792417,24.646943359767004,-85,-85,1350,700,217.7469709695455,17.51681858383992,circular
656,1100,700,303.246230875479,20.48098321025059,18.474304759512954,-85,-85,1350,700,235.2637895533854,17.51681858383992,circular
657,1100,700,303.246230875479,-85,-85,-85,-85,1350,700,252.78060813722533,17.51681858383992,circular
658,1100,700,303.246230875479,-85,-85,-85,-85,1350,700,270.2974267210652,17.51681858383992,circular
659,1100,700,303.246230875479,-85,-85,-85,-85,1350,700,287.81424530490517,17.51681858383992,circular
660,1100,700,303.246230875479,-85,-85,-85,-85,1350,700,305.3310638887451,17.51681858383992,circular
661,1100,700,303.246230875479,-85,-85,-85,-85,1350,700,322.84788247258507,17.51681858383992,circular
662,1100,700,303.246230875479,-85,-85,-85,-85,1350,700,340.364701056425,17.51681858383992,circular
663,1100,700,303.246230875479,-85,-85,-85,-85,1350,700,357.88151964026497,17.51681858383992,circular
664,1100,700,303.246230875479,-85,-85,-85,-85,1350,700,15.398338224104918,17.51681858383992,circular
665,1100,700,303.246230875479,-85,-85,-85,-85,1350,700,32.91515680794484,17.51681858383992,circular
666,1100,700,303.246230875479,-85,-85,-85,-85,1350,700,50.43197539178476,17.51681858383992,circular
667,1100,700,303.246230875479,-85,-85,-85,-85,1350,700,67.94879397562468,17.51681858383992,circular
668,1100,700,303.246230875479,-85,-85,-85,-85,1350,700,85.4656125594646,17.51681858383992,circular
669,1100,700,303.246230875479,-85,-85,-85,-85,1350,700,102.98243114330452,17.51681858383992,circular
670,1100,700,303.246230875479,-85,-85,-85,-85,1350,700,120.49924972714444,17.51681858383992,circular
671,1100,700,303.246230875479,-85,-85,-85,-85,1350,700,138.01606831098437,17.51681858383992,circular
672,1100,700,303.246230875479,16.269948115724727,19.25639156218217,-85,-85,1350,700,155.5328868948243,17.51681858383992,circular
673,1100,700,303.246230875479,24.33271141113945,24.646943359767004,-85,-85,1350,700,173.0497054786642,17.51681858383992,circular
674,1100,700,303.246230875479,25.946643644493044,26.035130213615616,-85,-85,1350,700,190.56652406250413,17.51681858383992,circular
675,1100,700,303.246230875479,25.807460623826316,25.684904084789977,-85,-85,1350,700,208.08334264634405,17.51681858383992,circular
676,1100,700,303.246230875479,23.769789312347285,23.067302502757133,-85,-85,1350,700,225.60016123018397,17.51681858383992,circular
677,1100,700,303.246230875479,-85,-85,-85,-85,1350,700,243.1169798140239,17.51681858383992,circular
678,1100,700,303.246230875479,-85,-85,-85,-85,1350,700,260.6337983978638,17.51681858383992,circular
679,1100,700,303.246230875479,-85,-85,-85,-85,1350,700,278.1506169817037,17.51681858383992,circular
680,1100,700,303.246230875479,-85,-85,-85,-85,1350,700,295.66743556554366,17.51681858383992,circular
681,1100,700,303.246230875479,-85,-85,-85,-85,1350,700,313.1842541493836,17.51681858383992,circular
682,1100,700,303.246230875479,-85,-85,-85,-85,1350,700,330.70107273322355,17.51681858383992,circular
683,1100,700,303.246230875479,-85,-85,-85,-85,1350,700,348.2178913170635,17.51681858383992,circular
684,1100,700,303.246230875479,-85,-85,-85,-85,1350,700,5.734709900903454,17.51681858383992,circular
685,1100,700,303.246230875479,-85,-85,-85,-85,1350,700,23.251528484743375,17.51681858383992,circular
686,1100,700,303.246230875479,-85,-85,-85,-85,1350,700,40.768347068583296,17.51681858383992,circular
687,1100,700,303.246230875479,-85,-85,-85,-85,1350,700,58.28516565242322,17.51681858383992,circular
688,1100,700,303.246230875479,-85,-85,-85,-85,1350,700,75.80198423626314,17.51681858383992,circular
689,1100,700,303.246230875479,-85,-85,-85,-85,1350,700,93.31880282010306,17.51681858383992,circular
690,1100,700,303.246230875479,-85,-85,-85,-85,1350,700,110.83562140394298,17.51681858383992,circular
691,1100,700,303.246230875479,-85,-85,-85,-85,1350,700,128.3524399877829,17.51681858383992,circular
692,1100,700,303.246230875479,-85,-85,-85,-85,1350,700,145.86925857162282,17.51681858383992,circular
693,1100,700,303.246230875479,21.813356630230874,22.793695368992218,-85,-85,1350,700,163.38607715546274,17.51681858383992,circular
694,1100,700,303.246230875479,25.26334459461691,25.536951728381826,-85,-85,1350,700,180.90289573930266,17.51681858383992,circular
695,1100,700,303.246230875479,26.077602459396946,26.053745949214605,-85,-85,1350,700,198.41971432314259,17.51681858383992,circular
696,1100,700,303.246230875479,25.263344594616918,24.92014212493214,-85,-85,1350,700,215.9365329069825,17.51681858383992,circular
697,1100,700,303.246230875479,21.418119305852123,19.914354227256315,-85,-85,1350,700,233.45335149082243,17.51681858383992,circular
698,1100,700,303.246230875479,-85,-85,-85,-85,1350,700,250.97017007466235,17.51681858383992,circular
699,1100,700,303.246230875479,-85,-85,-85,-85,1350,700,268.48698865850224,17.51681858383992,circular
700,1100,700,303.246230875479,-85,-85,-85,-85,1350,700,286.0038072423422,17.51681858383992,circular
701,1100,700,303.246230875479,-85,-85,-85,-85,1350,700,303.52062582618214,17.51681858383992,circular
702,1100,700,303.246230875479,-85,-85,-85,-85,1350,700,321.0374444100221,17.51681858383992,circular
703,1100,700,303.246230875479,-85,-85,-85,-85,1350,700,338.55426299386204,17.51681858383992,circular
704,1100,700,303.246230875479,-85,-85,-85,-85,1350,700,356.071081577702,17.51681858383992,circular
705,1100,700,303.246230875479,-85,-85,-85,-85,1350,700,13.587900161541938,17.51681858383992,circular
706,1100,700,303.246230875479,-85,-85,-85,-85,1350,700,31.10471874538186,17.51681858383992,circular
707,1100,700,303.246230875479,-85,-85,-85,-85,1350,700,48.62153732922178,17.51681858383992,circular
708,1100,700,303.246230875479,-85,-85,-85,-85,1350,700,66.1383559130617,17.51681858383992,circular
709,1100,700,303.246230875479,-85,-85,-85,-85,1350,700,83.65517449690162,17.51681858383992,circular
710,1100,700,303.246230875479,-85,-85,-85,-85,1350,700,101.17199308074154,17.51681858383992,circular
711,1100,700,303.246230875479,-85,-85,-85,-85,1350,700,118.68881166458146,17.51681858383992,circular
712,1100,700,303.246230875479,-85,-85,-85,-85,1350,700,136.2056302484214,17.51681858383992,circular
713,1100,700,303.246230875479,11.505794098357505,17.513155499392102,-85,-85,1350,700,153.7224488322613,17.51681858383992,circular
714,1100,700,303.246230875479,23.971022246457757,24.33271141113945,-85,-85,1350,700,171.23926741610123,17.51681858383992,circular
715,1100,700,303.246230875479,25.859665714847075,25.9816463993744,-85,-85,1350,700,188.75608599994115,17.51681858383992,circular
716,1100,700,303.246230875479,25.906018829630398,25.7492610641292,-85,-85,1350,700,206.27290458378107,17.51681858383992,circular
717,1100,700,303.246230875479,24.1582774269213,23.553218972269416,-85,-85,1350,700,223.789723167621,17.51681858383992,circular
718,1100,700,303.246230875479,14.513447644213265,-85,-85,-85,1350,700,241.3065417514609,17.51681858383992,circular
719,1100,700,303.246230875479,-85,-85,-85,-85,1350,700,258.82336033530083,17.51681858383992,circular
720,1100,700,303.246230875479,-85,-85,-85,-85,1350,700,276.3401789191407,17.51681858383992,circular
721,1100,700,303.246230875479,-85,-85,-85,-85,1350,700,293.8569975029807,17.51681858383992,circular
722,1100,700,303.246230875479,-85,-85,-85,-85,1350,700,311.3738160868206,17.51681858383992,circular
723,1100,700,303.246230875479,-85,-85,-85,-85,1350,700,328.8906346706606,17.51681858383992,circular
724,1100,700,303.246230875479,-85,-85,-85,-85,1350,700,346.4074532545005,17.51681858383992,circular
725,1100,700,303.246230875479,-85,-85,-85,-85,1350,700,3.9242718383404736,17.51681858383992,circular
726,1100,700,303.246230875479,-85,-85,-85,-85,1350,700,21.441090422180395,17.51681858383992,circular
727,1100,700,303.246230875479,-85,-85,-85,-85,1350,700,38.957909006020316,17.51681858383992,circular
728,1100,700,303.246230875479,-85,-85,-85,-85,1350,700,56.47472758986024,17.51681858383992,circular
729,1100,700,303.246230875479,-85,-85,-85,-85,1350,700,73.99154617370016,17.51681858383992,circular
730,1100,700,303.246230875479,-85,-85,-85,-85,1350,700,91.50836475754008,17.51681858383992,circular
731,1100,700,303.246230875479,-85,-85,-85,-85,1350,700,109.02518334138,17.51681858383992,circular
732,1100,700,303.246230875479,-85,-85,-85,-85,1350,700,126.54200192521992,17.51681858383992,circular
733,1100,700,303.246230875479,-85,-85,-85,-85,1350,700,144.05882050905984,17.51681858383992,circular
734,1100,700,303.246230875479,20.97742610025734,22.170735458799452,-85,-85,1350,700,161.57563909289976,17.51681858383992,circular
735,1100,700,303.246230875479,25.157178905256924,25.36180729449956,-85,-85,1350,700,179.09245767673968,17.51681858383992,circular
736,1100,700,303.246230875479,26.074956048612798,26.074956048612798,-85,-85,1350,700,196.6092762605796,17.51681858383992,circular
737,1100,700,303.246230875479,25.361807294499556,25.157178905256924,-85,-85,1350,700,214.12609484441953,17.51681858383992,circular
738,1100,700,303.246230875479,22.170735458799452,20.97742610025735,-85,-85,1350,700,231.64291342825945,17.51681858383992,circular
739,1100,700,303.246230875479,-85,-85,-85,-85,1350,700,249.15973201209937,17.51681858383992,circular
740,1100,700,303.246230875479,-85,-85,-85,-85,1350,700,266.67655059593926,17.51681858383992,circular
741,1100,700,303.246230875479,-85,-85,-85,-85,1350,700,284.1933691797792,17.51681858383992,circular
742,1100,700,303.246230875479,-85,-85,-85,-85,1350,700,301.71018776361916,17.51681858383992,circular
743,1100,700,303.246230875479,-85,-85,-85,-85,1350,700,319.2270063474591,17.51681858383992,circular
744,1100,700,303.246230875479,-85,-85,-85,-85,1350,700,336.74382493129906,17.51681858383992,circular
745,1100,700,303.246230875479,-85,-85,-85,-85,1350,700,354.260643515139,17.51681858383992,circular
746,1100,700,303.246230875479,-85,-85,-85,-85,1350,700,11.777462098978958,17.51681858383992,circular
747,1100,700,303.246230875479,-85,-85,-85,-85,1350,700,29.29428068281888,17.51681858383992,circular
748,1100,700,303.246230875479,-85,-85,-85,-85,1350,700,46.8110992666588,17.51681858383992,circular
749,1100,700,303.246230875479,-85,-85,-85,-85,1350,700,64.32791785049872,17.51681858383992,circular
750,1100,700,303.246230875479,-85,-85,-85,-85,1350,700,81.84473643433864,17.51681858383992,circular
751,1100,700,303.246230875479,-85,-85,-85,-85,1350,700,99.36155501817856,17.51681858383992,circular
752,1100,700,303.246230875479,-85,-85,-85,-85,1350,700,116.87837360201848,17.51681858383992,circular
753,1100,700,303.246230875479,-85,-85,-85,-85,1350,700,134.3951921858584,17.51681858383992,circular
754,1100,700,303.246230875479,-85,14.513447644213304,-85,-85,1350,700,151.91201076969833,17.51681858383992,circular
755,1100,700,303.246230875479,23.553218972269416,24.1582774269213,-85,-85,1350,700,169.42882935353825,17.51681858383992,circular
756,1100,700,303.246230875479,25.7492610641292,25.906018829630398,-85,-85,1350,700,186.94564793737817,17.51681858383992,circular
757,1100,700,303.246230875479,25.9816463993744,25.859665714847075,-85,-85,1350,700,204.4624665212181,17.51681858383992,circular
758,1100,700,303.246230875479,24.495315191602927,23.97102224645776,-85,-85,1350,700,221.979285105058,17.51681858383992,circular
759,1100,700,303.246230875479,17.51315549939211,11.50579409835762,-85,-85,1350,700,239.49610368889793,17.51681858383992,circular
760,1100,700,303.246230875479,-85,-85,-85,-85,1350,700,257.01292227273785,17.51681858383992,circular
761,1100,700,303.246230875479,-85,-85,-85,-85,1350,700,274.52974085657775,17.51681858383992,circular
762,1100,700,303.246230875479,-85,-85,-85,-85,1350,700,292.0465594404177,17.51681858383992,circular
763,1100,700,303.246230875479,-85,-85,-85,-85,1350,700,309.56337802425764,17.51681858383992,circular
764,1100,700,303.246230875479,-85,-85,-85,-85,1350,700,327.0801966080976,17.51681858383992,circular
765,1100,700,303.246230875479,-85,-85,-85,-85,1350,700,344.59701519193754,17.51681858383992,circular
766,1100,700,303.246230875479,-85,-85,-85,-85,1350,700,2.1138337757774934,17.51681858383992,circular
767,1100,700,303.246230875479,-85,-85,-85,-85,1350,700,19.630652359617415,17.51681858383992,circular
768,1100,700,303.246230875479,-85,-85,-85,-85,1350,700,37.147470943457336,17.51681858383992,circular
769,1100,700,303.246230875479,-85,-85,-85,-85,1350,700,54.66428952729726,17.51681858383992,circular
770,1100,700,303.246230875479,-85,-85,-85,-85,1350,700,72.18110811113718,17.51681858383992,circular
771,1100,700,303.246230875479,-85,-85,-85,-85,1350,700,89.6979266949771,17.51681858383992,circular
772,1100,700,303.246230875479,-85,-85,-85,-85,1350,700,107.21474527881702,17.51681858383992,circular
773,1100,700,303.246230875479,-85,-85,-85,-85,1350,700,124.73156386265694,17.51681858383992,circular
774,1100,700,303.246230875479,-85,-85,-85,-85,1350,700,142.24838244649686,17.51681858383992,circular
775,1100,700,303.246230875479,19.91435422725632,21.41811930585211,-85,-85,1350,700,159.76520103033678,17.51681858383992,circular
776,1100,700,303.246230875479,24.92014212493214,25.26334459461691,-85,-85,1350,700,177.2820196141767,17.51681858383992,circular
777,1100,700,303.246230875479,26.053745949214605,26.077602459396946,-85,-85,1350,700,194.79883819801663,17.51681858383992,circular
778,1100,700,303.246230875479,25.536951728381826,25.263344594616918,-85,-85,1350,700,212.31565678185655,17.51681858383992,circular
779,1100,700,303.246230875479,22.793695368992225,21.81335663023087,-85,-85,1350,700,229.83247536569647,17.51681858383992,circular
780,1100,700,303.246230875479,-85,-85,-85,-85,1350,700,247.3492939495364,17.51681858383992,circular
781,1100,700,303.246230875479,-85,-85,-85,-85,1350,700,264.8661125333763,17.51681858383992,circular
782,1100,700,303.246230875479,-85,-85,-85,-85,1350,700,282.38293111721623,17.51681858383992,circular
783,1100,700,303.246230875479,-85,-85,-85,-85,1350,700,299.8997497010562,17.51681858383992,circular
784,1100,700,303.246230875479,-85,-85,-85,-85,1350,700,317.41656828489613,17.51681858383992,circular
785,1100,700,303.246230875479,-85,-85,-85,-85,1350,700,334.9333868687361,17.51681858383992,circular
786,1100,700,303.246230875479,-85,-85,-85,-85,1350,700,352.45020545257603,17.51681858383992,circular
787,1100,700,303.246230875479,-85,-85,-85,-85,1350,700,9.967024036415978,17.51681858383992,circular
788,1100,700,303.246230875479,-85,-85,-85,-85,1350,700,27.4838426202559,17.51681858383992,circular
789,1100,700,303.246230875479,-85,-85,-85,-85,1350,700,45.00066120409582,17.51681858383992,circular
790,1100,700,303.246230875479,-85,-85,-85,-85,1350,700,62.51747978793574,17.51681858383992,circular
791,1100,700,303.246230875479,-85,-85,-85,-85,1350,700,80.03429837177566,17.51681858383992,circular
792,1100,700,303.246230875479,-85,-85,-85,-85,1350,700,97.55111695561558,17.51681858383992,circular
793,1100,700,303.246230875479,-85,-85,-85,-85,1350,700,115.0679355394555,17.51681858383992,circular
794,1100,700,303.246230875479,-85,-85,-85,-85,1350,700,132.58475412329543,17.51681858383992,circular
795,1100,700,303.246230875479,-85,-85,-85,-85,1350,700,150.10157270713535,17.51681858383992,circular
796,1100,700,303.246230875479,23.06730250275713,23.769789312347285,-85,-85,1350,700,167.61839129097527,17.51681858383992,circular
797,1100,700,303.246230875479,25.684904084789974,25.80746062382631,-85,-85,1350,700,185.1352098748152,17.51681858383992,circular
798,1100,700,303.246230875479,26.035130213615616,25.946643644493044,-85,-85,1350,700,202.6520284586551,17.51681858383992,circular
799,1100,700,303.246230875479,24.646943359767004,24.332711411139446,-85,-85,1350,700,220.16884704249503,17.51681858383992,circular
800,1100,700,303.246230875479,19.25639156218219,16.269948115724716,-85,-85,1350,700,237.68566562633495,17.51681858383992,circular
801,1100,700,303.246230875479,-85,-85,-85,-85,1350,700,255.20248421017487,17.51681858383992,circular
802,1100,700,303.246230875479,-85,-85,-85,-85,1350,700,272.71930279401477,17.51681858383992,circular
803,1100,700,303.246230875479,-85,-85,-85,-85,1350,700,290.2361213778547,17.51681858383992,circular
804,1100,700,303.246230875479,-85,-85,-85,-85,1350,700,307.75293996169466,17.51681858383992,circular
805,1100,700,303.246230875479,-85,-85,-85,-85,1350,700,325.2697585455346,17.51681858383992,circular
806,1100,700,303.246230875479,-85,-85,-85,-85,1350,700,342.78657712937456,17.51681858383992,circular
807,1100,700,303.246230875479,-85,-85,-85,-85,1350,700,0.3033957132145133,17.51681858383992,circular
808,1100,700,303.246230875479,-85,-85,-85,-85,1350,700,17.820214297054434,17.51681858383992,circular
809,1100,700,303.246230875479,-85,-85,-85,-85,1350,700,35.337032880894355,17.51681858383992,circular
810,1100,700,303.246230875479,-85,-85,-85,-85,1350,700,52.85385146473428,17.51681858383992,circular
811,1100,700,303.246230875479,-85,-85,-85,-85,1350,700,70.3706700485742,17.51681858383992,circular
812,1100,700,303.246230875479,-85,-85,-85,-85,1350,700,87.88748863241412,17.51681858383992,circular
813,1100,700,303.246230875479,-85,-85,-85,-85,1350,700,105.40430721625404,17.51681858383992,circular
814,1100,700,303.246230875479,-85,-85,-85,-85,1350,700,122.92112580009396,17.51681858383992,circular
815,1100,700,303.246230875479,-85,-85,-85,-85,1350,700,140.43794438393388,17.51681858383992,circular
816,1100,700,303.246230875479,18.47430475951294,20.48098321025059,-85,-85,1350,700,157.9547629677738,17.51681858383992,circular
817,1100,700,303.246230875479,24.646943359767004,25.042923900792417,-85,-85,1350,700,175.47158155161372,17.51681858383992,circular
818,1100,700,303.246230875479,26.011117049096303,26.067010357935978,-85,-85,1350,700,192.98840013545365,17.51681858383992,circular
819,1100,700,303.246230875479,25.684904084789977,25.452908776355446,-85,-85,1350,700,210.50521871929357,17.51681858383992,circular
820,1100,700,303.246230875479,23.067302502757133,22.496022074683278,-85,-85,1350,700,228.0220373031335,17.51681858383992,circular
821,1100,700,303.246230875479,-85,-85,-85,-85,1350,700,245.5388558869734,17.51681858383992,circular
822,1100,700,303.246230875479,-85,-85,-85,-85,1350,700,263.0556744708133,17.51681858383992,circular
823,1100,700,303.246230875479,-85,-85,-85,-85,1350,700,280.57249305465325,17.51681858383992,circular
824,1100,700,303.246230875479,-85,-85,-85,-85,1350,700,298.0893116384932,17.51681858383992,circular
825,1100,700,303.246230875479,-85,-85,-85,-85,1350,700,315.60613022233315,17.51681858383992,circular
826,1100,700,303.246230875479,-85,-85,-85,-85,1350,700,333.1229488061731,17.51681858383992,circular
827,1100,700,303.246230875479,-85,-85,-85,-85,1350,700,350.63976739001305,17.51681858383992,circular
828,1100,700,303.246230875479,-85,-85,-85,-85,1350,700,8.156585973852998,17.51681858383992,circular
829,1100,700,303.246230875479,-85,-85,-85,-85,1350,700,25.67340455769292,17.51681858383992,circular
830,1100,700,303.246230875479,-85,-85,-85,-85,1350,700,43.19022314153284,17.51681858383992,circular
831,1100,700,303.246230875479,-85,-85,-85,-85,1350,700,60.70704172537276,17.51681858383992,circular
832,1100,700,303.246230875479,-85,-85,-85,-85,1350,700,78.22386030921268,17.51681858383992,circular
833,1100,700,303.246230875479,-85,-85,-85,-85,1350,700,95.7406788930526,17.51681858383992,circular
834,1100,700,303.246230875479,-85,-85,-85,-85,1350,700,113.25749747689252,17.51681858383992,circular
835,1100,700,303.246230875479,-85,-85,-85,-85,1350,700,130.77431606073245,17.51681858383992,circular
836,1100,700,303.246230875479,-85,-85,-85,-85,1350,700,148.29113464457237,17.51681858383992,circular
837,1100,700,303.246230875479,22.496022074683278,23.31969953712386,-85,-85,1350,700,165.8079532284123,17.51681858383992,circular
838,1100,700,303.246230875479,25.536951728381826,25.7492610641292,-85,-85,1350,700,183.3247718122522,17.51681858383992,circular
839,1100,700,303.246230875479,26.067010357935978,26.011117049096303,-85,-85,1350,700,200.84159039609213,17.51681858383992,circular
840,1100,700,303.246230875479,24.92014212493214,24.495315191602927,-85,-85,1350,700,218.35840897993205,17.51681858383992,circular
841,1100,700,303.246230875479,20.48098321025059,18.474304759512954,-85,-85,1350,700,235.87522756377197,17.51681858383992,circular
842,1100,700,303.246230875479,-85,-85,-85,-85,1350,700,253.3920461476119,17.51681858383992,circular
843,1100,700,303.246230875479,-85,-85,-85,-85,1350,700,270.9088647314518,17.51681858383992,circular
844,1100,700,303.246230875479,-85,-85,-85,-85,1350,700,288.42568331529174,17.51681858383992,circular
845,1100,700,303.246230875479,-85,-85,-85,-85,1350,700,305.9425018991317,17.51681858383992,circular
846,1100,700,303.246230875479,-85,-85,-85,-85,1350,700,323.45932048297163,17.51681858383992,circular
847,1100,700,303.246230875479,-85,-85,-85,-85,1350,700,340.9761390668116,17.51681858383992,circular
848,1100,700,303.246230875479,-85,-85,-85,-85,1350,700,358.49295765065153,17.51681858383992,circular
849,1100,700,303.246230875479,-85,-85,-85,-85,1350,700,16.009776234491483,17.51681858383992,circular
850,1100,700,303.246230875479,-85,-85,-85,-85,1350,700,33.526594818331404,17.51681858383992,circular
851,1100,700,303.246230875479,-85,-85,-85,-85,1350,700,51.043413402171325,17.51681858383992,circular
852,1100,700,303.246230875479,-85,-85,-85,-85,1350,700,68.56023198601125,17.51681858383992,circular
853,1100,700,303.246230875479,-85,-85,-85,-85,1350,700,86.07705056985117,17.51681858383992,circular
854,1100,700,303.246230875479,-85,-85,-85,-85,1350,700,103.59386915369109,17.51681858383992,circular
855,1100,700,303.246230875479,-85,-85,-85,-85,1350,700,121.11068773753101,17.51681858383992,circular
856,1100,700,303.246230875479,-85,-85,-85,-85,1350,700,138.62750632137093,17.51681858383992,circular
857,1100,700,303.246230875479,17.513155499392102,19.25639156218217,-85,-85,1350,700,156.14432490521085,17.51681858383992,circular
858,1100,700,303.246230875479,24.33271141113945,24.78833704083229,-85,-85,1350,700,173.66114348905077,17.51681858383992,circular
859,1100,700,303.246230875479,25.9816463993744,26.035130213615616,-85,-85,1350,700,191.1779620728907,17.51681858383992,circular
860,1100,700,303.246230875479,25.807460623826316,25.614204328866276,-85,-85,1350,700,208.69478065673061,17.51681858383992,circular
861,1100,700,303.246230875479,23.553218972269416,23.067302502757133,-85,-85,1350,700,226.21159924057054,17.51681858383992,circular
862,1100,700,303.246230875479,-85,-85,-85,-85,1350,700,243.72841782441046,17.51681858383992,circular
863,1100,700,303.246230875479,-85,-85,-85,-85,1350,700,261.2452364082504,17.51681858383992,circular
864,1100,700,303.246230875479,-85,-85,-85,-85,1350,700,278.76205499209027,17.51681858383992,circular
865,1100,700,303.246230875479,-85,-85,-85,-85,1350,700,296.2788735759302,17.51681858383992,circular
866,1100,700,303.246230875479,-85,-85,-85,-85,1350,700,313.79569215977017,17.51681858383992,circular
867,1100,700,303.246230875479,-85,-85,-85,-85,1350,700,331.3125107436101,17.51681858383992,circular
868,1100,700,303.246230875479,-85,-85,-85,-85,1350,700,348.82932932745007,17.51681858383992,circular
869,1100,700,303.246230875479,-85,-85,-85,-85,1350,700,6.346147911290018,17.51681858383992,circular
870,1100,700,303.246230875479,-85,-85,-85,-85,1350,700,23.86296649512994,17.51681858383992,circular
871,1100,700,303.246230875479,-85,-85,-85,-85,1350,700,41.37978507896986,17.51681858383992,circular
872,1100,700,303.246230875479,-85,-85,-85,-85,1350,700,58.89660366280978,17.51681858383992,circular
873,1100,700,303.246230875479,-85,-85,-85,-85,1350,700,76.4134222466497,17.51681858383992,circular
874,1100,700,303.246230875479,-85,-85,-85,-85,1350,700,93.93024083048962,17.51681858383992,circular
875,1100,700,303.246230875479,-85,-85,-85,-85,1350,700,111.44705941432954,17.51681858383992,circular
876,1100,700,303.246230875479,-85,-85,-85,-85,1350,700,128.96387799816947,17.51681858383992,circular
877,1100,700,303.246230875479,-85,-85,-85,-85,1350,700,146.4806965820094,17.51681858383992,circular
878,1100,700,303.246230875479,21.813356630230874,22.793695368992218,-85,-85,1350,700,163.9975151658493,17.51681858383992,circular
879,1100,700,303.246230875479,25.36180729449956,25.614204328866276,-85,-85,1350,700,181.51433374968923,17.51681858383992,circular
880,1100,700,303.246230875479,26.074956048612798,26.053745949214605,-85,-85,1350,700,199.03115233352915,17.51681858383992,circular
881,1100,700,303.246230875479,25.157178905256924,24.788337040832293,-85,-85,1350,700,216.54797091736907,17.51681858383992,circular
882,1100,700,303.246230875479,20.97742610025735,19.914354227256315,-85,-85,1350,700,234.064789501209,17.51681858383992,circular
883,1100,700,303.246230875479,-85,-85,-85,-85,1350,700,251.5816080850489,17.51681858383992,circular
884,1100,700,303.246230875479,-85,-85,-85,-85,1350,700,269.0984266688888,17.51681858383992,circular
885,1100,700,303.246230875479,-85,-85,-85,-85,1350,700,286.61524525272876,17.51681858383992,circular
886,1100,700,303.246230875479,-85,-85,-85,-85,1350,700,304.1320638365687,17.51681858383992,circular
887,1100,700,303.246230875479,-85,-85,-85,-85,1350,700,321.64888242040865,17.51681858383992,circular
888,1100,700,303.246230875479,-85,-85,-85,-85,1350,700,339.1657010042486,17.51681858383992,circular
889,1100,700,303.246230875479,-85,-85,-85,-85,1350,700,356.68251958808855,17.51681858383992,circular
890,1100,700,303.246230875479,-85,-85,-85,-85,1350,700,14.199338171928503,17.51681858383992,circular
891,1100,700,303.246230875479,-85,-85,-85,-85,1350,700,31.716156755768424,17.51681858383992,circular
892,1100,700,303.246230875479,-85,-85,-85,-85,1350,700,49.232975339608345,17.51681858383992,circular
893,1100,700,303.246230875479,-85,-85,-85,-85,1350,700,66.74979392344827,17.51681858383992,circular
894,1100,700,303.246230875479,-85,-85,-85,-85,1350,700,84.26661250728819,17.51681858383992,circular
895,1100,700,303.246230875479,-85,-85,-85,-85,1350,700,101.78343109112811,17.51681858383992,circular
896,1100,700,303.246230875479,-85,-85,-85,-85,1350,700,119.30024967496803,17.51681858383992,circular
897,1100,700,303.246230875479,-85,-85,-85,-85,1350,700,136.81706825880795,17.51681858383992,circular
898,1100,700,303.246230875479,14.513447644213304,18.47430475951294,-85,-85,1350,700,154.33388684264787,17.51681858383992,circular
899,1100,700,303.246230875479,23.971022246457757,24.495315191602927,-85,-85,1350,700,171.8507054264878,17.51681858383992,circular
900,1100,700,303.246230875479,25.906018829630398,26.011117049096303,-85,-85,1350,700,189.3675240103277,17.51681858383992,circular
901,1100,700,303.246230875479,25.906018829630398,25.7492610641292,-85,-85,1350,700,206.88434259416763,17.51681858383992,circular
902,1100,700,303.246230875479,23.97102224645776,23.319699537123853,-85,-85,1350,700,224.40116117800756,17.51681858383992,circular
903,1100,700,303.246230875479,14.513447644213265,-85,-85,-85,1350,700,241.91797976184748,17.51681858383992,circular
904,1100,700,303.246230875479,-85,-85,-85,-85,1350,700,259.4347983456874,17.51681858383992,circular
905,1100,700,303.246230875479,-85,-85,-85,-85,1350,700,276.9516169295273,17.51681858383992,circular
906,1100,700,303.246230875479,-85,-85,-85,-85,1350,700,294.46843551336724,17.51681858383992,circular
907,1100,700,303.246230875479,-85,-85,-85,-85,1350,700,311.9852540972072,17.51681858383992,circular
908,1100,700,303.246230875479,-85,-85,-85,-85,1350,700,329.50207268104714,17.51681858383992,circular
909,1100,700,303.246230875479,-85,-85,-85,-85,1350,700,347.0188912648871,17.51681858383992,circular
910,1100,700,303.246230875479,-85,-85,-85,-85,1350,700,4.535709848727038,17.51681858383992,circular
911,1100,700,303.246230875479,-85,-85,-85,-85,1350,700,22.05252843256696,17.51681858383992,circular
912,1100,700,303.246230875479,-85,-85,-85,-85,1350,700,39.56934701640688,17.51681858383992,circular
913,1100,700,303.246230875479,-85,-85,-85,-85,1350,700,57.0861656002468,17.51681858383992,circular
914,1100,700,303.246230875479,-85,-85,-85,-85,1350,700,74.60298418408672,17.51681858383992,circular
915,1100,700,303.246230875479,-85,-85,-85,-85,1350,700,92.11980276792664,17.51681858383992,circular
916,1100,700,303.246230875479,-85,-85,-85,-85,1350,700,109.63662135176656,17.51681858383992,circular
917,1100,700,303.246230875479,-85,-85,-85,-85,1350,700,127.15343993560649,17.51681858383992,circular
918,1100,700,303.246230875479,-85,-85,-85,-85,1350,700,144.6702585194464,17.51681858383992,circular
919,1100,700,303.246230875479,21.41811930585211,22.170735458799452,-85,-85,1350,700,162.18707710328633,17.51681858383992,circular
920,1100,700,303.246230875479,25.157178905256924,25.452908776355446,-85,-85,1350,700,179.70389568712625,17.51681858383992,circular
921,1100,700,303.246230875479,26.077602459396946,26.074956048612798,-85,-85,1350,700,197.22071427096617,17.51681858383992,circular
922,1100,700,303.246230875479,25.361807294499556,25.042923900792417,-85,-85,1350,700,214.7375328548061,17.51681858383992,circular
923,1100,700,303.246230875479,21.81335663023087,20.97742610025735,-85,-85,1350,700,232.254351438646,17.51681858383992,circular
924,1100,700,303.246230875479,-85,-85,-85,-85,1350,700,249.77117002248593,17.51681858383992,circular
925,1100,700,303.246230875479,-85,-85,-85,-85,1350,700,267.2879886063258,17.51681858383992,circular
926,1100,700,303.246230875479,-85,-85,-85,-85,1350,700,284.8048071901658,17.51681858383992,circular
927,1100,700,303.246230875479,-85,-85,-85,-85,1350,700,302.3216257740057,17.51681858383992,circular
928,1100,700,303.246230875479,-85,-85,-85,-85,1350,700,319.8384443578457,17.51681858383992,circular
929,1100,700,303.246230875479,-85,-85,-85,-85,1350,700,337.3552629416856,17.51681858383992,circular
930,1100,700,303.246230875479,-85,-85,-85,-85,1350,700,354.8720815255256,17.51681858383992,circular
931,1100,700,303.246230875479,-85,-85,-85,-85,1350,700,12.388900109365522,17.51681858383992,circular
932,1100,700,303.246230875479,-85,-85,-85,-85,1350,700,29.905718693205444,17.51681858383992,circular
933,1100,700,303.246230875479,-85,-85,-85,-85,1350,700,47.422537277045365,17.51681858383992,circular
934,1100,700,303.246230875479,-85,-85,-85,-85,1350,700,64.93935586088529,17.51681858383992,circular
935,1100,700,303.246230875479,-85,-85,-85,-85,1350,700,82.4561744447252,17.51681858383992,circular
936,1100,700,303.246230875479,-85,-85,-85,-85,1350,700,99.97299302856513,17.51681858383992,circular
937,1100,700,303.246230875479,-85,-85,-85,-85,1350,700,117.48981161240505,17.51681858383992,circular
938,1100,700,303.246230875479,-85,-85,-85,-85,1350,700,135.00663019624497,17.51681858383992,circular
939,1100,700,303.246230875479,-85,16.269948115724727,-85,-85,1350,700,152.5234487800849,17.51681858383992,circular
940,1100,700,303.246230875479,23.769789312347285,24.1582774269213,-85,-85,1350,700,170.0402673639248,17.51681858383992,circular
941,1100,700,303.246230875479,25.80746062382631,25.946643644493044,-85,-85,1350,700,187.55708594776473,17.51681858383992,circular
942,1100,700,303.246230875479,25.946643644493044,25.859665714847075,-85,-85,1350,700,205.07390453160465,17.51681858383992,circular
943,1100,700,303.246230875479,24.332711411139446,23.769789312347285,-85,-85,1350,700,222.59072311544458,17.51681858383992,circular
944,1100,700,303.246230875479,16.269948115724716,11.50579409835762,-85,-85,1350,700,240.1075416992845,17.51681858383992,circular
945,1100,700,303.246230875479,-85,-85,-85,-85,1350,700,257.6243602831244,17.51681858383992,circular
946,1100,700,303.246230875479,-85,-85,-85,-85,1350,700,275.1411788669643,17.51681858383992,circular
947,1100,700,303.246230875479,-85,-85,-85,-85,1350,700,292.65799745080426,17.51681858383992,circular
948,1100,700,303.246230875479,-85,-85,-85,-85,1350,700,310.1748160346442,17.51681858383992,circular
949,1100,700,303.246230875479,-85,-85,-85,-85,1350,700,327.69163461848416,17.51681858383992,circular
950,1100,700,303.246230875479,-85,-85,-85,-85,1350,700,345.2084532023241,17.51681858383992,circular
951,1100,700,303.246230875479,-85,-85,-85,-85,1350,700,2.7252717861640576,17.51681858383992,circular
952,1100,700,303.246230875479,-85,-85,-85,-85,1350,700,20.24209037000398,17.51681858383992,circular
953,1100,700,303.246230875479,-85,-85,-85,-85,1350,700,37.7589089538439,17.51681858383992,circular
954,1100,700,303.246230875479,-85,-85,-85,-85,1350,700,55.27572753768382,17.51681858383992,circular
955,1100,700,303.246230875479,-85,-85,-85,-85,1350,700,72.79254612152374,17.51681858383992,circular
956,1100,700,303.246230875479,-85,-85,-85,-85,1350,700,90.30936470536366,17.51681858383992,circular
957,1100,700,303.246230875479,-85,-85,-85,-85,1350,700,107.82618328920358,17.51681858383992,circular
958,1100,700,303.246230875479,-85,-85,-85,-85,1350,700,125.3430018730435,17.51681858383992,circular
959,1100,700,303.246230875479,-85,-85,-85,-85,1350,700,142.85982045688343,17.51681858383992,circular
960,1100,700,303.246230875479,20.48098321025059,21.813356630230874,-85,-85,1350,700,160.37663904072335,17.51681858383992,circular
961,1100,700,303.246230875479,24.92014212493214,25.26334459461691,-85,-85,1350,700,177.89345762456327,17.51681858383992,circular
962,1100,700,303.246230875479,26.067010357935978,26.077602459396946,-85,-85,1350,700,195.4102762084032,17.51681858383992,circular
963,1100,700,303.246230875479,25.536951728381826,25.263344594616918,-85,-85,1350,700,212.9270947922431,17.51681858383992,circular
964,1100,700,303.246230875479,22.496022074683278,21.418119305852123,-85,-85,1350,700,230.44391337608303,17.51681858383992,circular
965,1100,700,303.246230875479,-85,-85,-85,-85,1350,700,247.96073195992295,17.51681858383992,circular
966,1100,700,303.246230875479,-85,-85,-85,-85,1350,700,265.47755054376285,17.51681858383992,circular
967,1100,700,303.246230875479,-85,-85,-85,-85,1350,700,282.9943691276028,17.51681858383992,circular
968,1100,700,303.246230875479,-85,-85,-85,-85,1350,700,300.51118771144274,17.51681858383992,circular
969,1100,700,303.246230875479,-85,-85,-85,-85,1350,700,318.0280062952827,17.51681858383992,circular
970,1100,700,303.246230875479,-85,-85,-85,-85,1350,700,335.54482487912264,17.51681858383992,circular
971,1100,700,303.246230875479,-85,-85,-85,-85,1350,700,353.0616434629626,17.51681858383992,circular
972,1100,700,303.246230875479,-85,-85,-85,-85,1350,700,10.578462046802542,17.51681858383992,circular
973,1100,700,303.246230875479,-85,-85,-85,-85,1350,700,28.095280630642463,17.51681858383992,circular
974,1100,700,303.246230875479,-85,-85,-85,-85,1350,700,45.612099214482384,17.51681858383992,circular
975,1100,700,303.246230875479,-85,-85,-85,-85,1350,700,63.128917798322306,17.51681858383992,circular
976,1100,700,303.246230875479,-85,-85,-85,-85,1350,700,80.64573638216223,17.51681858383992,circular
977,1100,700,303.246230875479,-85,-85,-85,-85,1350,700,98.16255496600215,17.51681858383992,circular
978,1100,700,303.246230875479,-85,-85,-85,-85,1350,700,115.67937354984207,17.51681858383992,circular
979,1100,700,303.246230875479,-85,-85,-85,-85,1350,700,133.196192133682,17.51681858383992,circular
980,1100,700,303.246230875479,-85,11.505794098357505,-85,-85,1350,700,150.7130107175219,17.51681858383992,circular
981,1100,700,303.246230875479,23.31969953712386,23.769789312347285,-85,-85,1350,700,168.22982930136183,17.51681858383992,circular
982,1100,700,303.246230875479,25.684904084789974,25.859665714847075,-85,-85,1350,700,185.74664788520175,17.51681858383992,circular
983,1100,700,303.246230875479,26.011117049096303,25.906018829630398,-85,-85,1350,700,203.26346646904167,17.51681858383992,circular
984,1100,700,303.246230875479,24.646943359767004,24.1582774269213,-85,-85,1350,700,220.7802850528816,17.51681858383992,circular
985,1100,700,303.246230875479,18.474304759512954,14.513447644213265,-85,-85,1350,700,238.29710363672152,17.51681858383992,circular
986,1100,700,303.246230875479,-85,-85,-85,-85,1350,700,255.81392222056144,17.51681858383992,circular
987,1100,700,303.246230875479,-85,-85,-85,-85,1350,700,273.33074080440133,17.51681858383992,circular
988,1100,700,303.246230875479,-85,-85,-85,-85,1350,700,290.8475593882413,17.51681858383992,circular
989,1100,700,303.246230875479,-85,-85,-85,-85,1350,700,308.36437797208123,17.51681858383992,circular
990,1100,700,303.246230875479,-85,-85,-85,-85,1350,700,325.8811965559212,17.51681858383992,circular
991,1100,700,303.246230875479,-85,-85,-85,-85,1350,700,343.3980151397611,17.51681858383992,circular
992,1100,700,303.246230875479,-85,-85,-85,-85,1350,700,0.9148337236010775,17.51681858383992,circular
993,1100,700,303.246230875479,-85,-85,-85,-85,1350,700,18.431652307441,17.51681858383992,circular
994,1100,700,303.246230875479,-85,-85,-85,-85,1350,700,35.94847089128092,17.51681858383992,circular
995,1100,700,303.246230875479,-85,-85,-85,-85,1350,700,53.46528947512084,17.51681858383992,circular
996,1100,700,303.246230875479,-85,-85,-85,-85,1350,700,70.98210805896076,17.51681858383992,circular
997,1100,700,303.246230875479,-85,-85,-85,-85,1350,700,88.49892664280068,17.51681858383992,circular
998,1100,700,303.246230875479,-85,-85,-85,-85,1350,700,106.0157452266406,17.51681858383992,circular
999,1100,700,303.246230875479,-85,-85,-85,-85,1350,700,123.53256381048053,17.51681858383992,circular
