Tick,Aircraft X,Aircraft Y,Aircraft Heading,A1,A2,A3,A4,Radar X,Radar Y,Radar Azimuth,Radar RPM,Radar Scan Pattern
0,1100,700,338.36871821833483,-85,-85,-85,-85,1350,700,55.80898047838815,14.028544482920204,circular
1,1100,700,338.36871821833483,-85,-85,-85,-85,1350,700,69.83752496130836,14.028544482920204,circular
2,1100,700,338.36871821833483,-85,-85,-85,-85,1350,700,83.86606944422857,14.028544482920204,circular
3,1100,700,338.36871821833483,-85,-85,-85,-85,1350,700,97.89461392714878,14.028544482920204,circular
4,1100,700,338.36871821833483,-85,-85,-85,-85,1350,700,111.923158410069,14.028544482920204,circular
5,1100,700,338.36871821833483,-85,-85,-85,-85,1350,700,125.9517028929892,14.028544482920204,circular
6,1100,700,338.36871821833483,-85,-85,-85,-85,1350,700,139.9802473759094,14.028544482920204,circular
7,1100,700,338.36871821833483,19.25639156218217,-85,-85,16.269948115724727,1350,700,154.00879185882962,14.028544482920204,circular
8,1100,700,338.36871821833483,24.1582774269213,-85,-85,23.553218972269416,1350,700,168.03733634174984,14.028544482920204,circular
9,1100,700,338.36871821833483,25.7492610641292,-85,-85,25.536951728381826,1350,700,182.06588082467005,14.028544482920204,circular
10,1100,700,338.36871821833483,26.053745949214605,-85,-85,26.077602459396946,1350,700,196.09442530759026,14.028544482920204,circular
11,1100,700,338.36871821833483,25.263344594616918,-85,-85,25.614204328866276,1350,700,210.12296979051047,14.028544482920204,circular
12,1100,700,338.36871821833483,22.793695368992225,-85,-85,23.769789312347285,1350,700,224.15151427343068,14.028544482920204,circular
13,1100,700,338.36871821833483,-85,-85,-85,16.269948115724716,1350,700,238.1800587563509,14.028544482920204,circular
14,1100,700,338.36871821833483,-85,-85,-85,-85,1350,700,252.2086032392711,14.028544482920204,circular
15,1100,700,338.36871821833483,-85,-85,-85,-85,1350,700,266.2371477221913,14.028544482920204,circular
16,1100,700,338.36871821833483,-85,-85,-85,-85,1350,700,280.2656922051115,14.028544482920204,circular
17,1100,700,338.36871821833483,-85,-85,-85,-85,1350,700,294.29423668803173,14.028544482920204,circular
18,1100,700,338.36871821833483,-85,-85,-85,-85,1350,700,308.32278117095194,14.028544482920204,circular
19,1100,700,338.36871821833483,-85,-85,-85,-85,1350,700,322.35132565387215,14.028544482920204,circular
20,1100,700,338.36871821833483,-85,-85,-85,-85,1350,700,336.37987013679236,14.028544482920204,circular
21,1100,700,338.36871821833483,-85,-85,-85,-85,1350,700,350.4084146197126,14.028544482920204,circular
22,1100,700,338.36871821833483,-85,-85,-85,-85,1350,700,4.436959102632784,14.028544482920204,circular
23,1100,700,338.36871821833483,-85,-85,-85,-85,1350,700,18.465503585552987,14.028544482920204,circular
24,1100,700,338.36871821833483,-85,-85,-85,-85,1350,700,32.49404806847319,14.028544482920204,circular
25,1100,700,338.36871821833483,-85,-85,-85,-85,1350,700,46.522592551393394,14.028544482920204,circular
26,1100,700,338.36871821833483,-85,-85,-85,-85,1350,700,60.5511370343136,14.028544482920204,circular
27,1100,700,338.36871821833483,-85,-85,-85,-85,1350,700,74.57968151723381,14.028544482920204,circular
28,1100,700,338.36871821833483,-85,-85,-85,-85,1350,700,88.60822600015402,14.028544482920204,circular
29,1100,700,338.36871821833483,-85,-85,-85,-85,1350,700,102.63677048307423,14.028544482920204,circular
30,1100,700,338.36871821833483,-85,-85,-85,-85,1350,700,116.66531496599444,14.028544482920204,circular
31,1100,700,338.36871821833483,-85,-85,-85,-85,1350,700,130.69385944891465,14.028544482920204,circular
32,1100,700,338.36871821833483,-85,-85,-85,-85,1350,700,144.72240393183486,14.028544482920204,circular
33,1100,700,338.36871821833483,21.813356630230874,-85,-85,20.48098321025059,1350,700,158.75094841475507,14.028544482920204,circular
34,1100,700,338.36871821833483,24.92014212493214,-85,-85,24.495315191602927,1350,700,172.77949289767528,14.028544482920204,circular
35,1100,700,338.36871821833483,25.9816463993744,-85,-85,25.859665714847075,1350,700,186.8080373805955,14.028544482920204,circular
36,1100,700,338.36871821833483,25.946643644493044,-85,-85,26.035130213615616,1350,700,200.8365818635157,14.028544482920204,circular
37,1100,700,338.36871821833483,24.788337040832293,-85,-85,25.157178905256924,1350,700,214.86512634643591,14.028544482920204,circular
38,1100,700,338.36871821833483,21.418119305852123,-85,-85,22.496022074683278,1350,700,228.89367082935613,14.028544482920204,circular
39,1100,700,338.36871821833483,-85,-85,-85,-85,1350,700,242.92221531227634,14.028544482920204,circular
40,1100,700,338.36871821833483,-85,-85,-85,-85,1350,700,256.9507597951965,14.028544482920204,circular
41,1100,700,338.36871821833483,-85,-85,-85,-85,1350,700,270.97930427811673,14.028544482920204,circular
42,1100,700,338.36871821833483,-85,-85,-85,-85,1350,700,285.00784876103694,14.028544482920204,circular
43,1100,700,338.36871821833483,-85,-85,-85,-85,1350,700,299.03639324395715,14.028544482920204,circular
44,1100,700,338.36871821833483,-85,-85,-85,-85,1350,700,313.06493772687736,14.028544482920204,circular
45,1100,700,338.36871821833483,-85,-85,-85,-85,1350,700,327.09348220979757,14.028544482920204,circular
46,1100,700,338.36871821833483,-85,-85,-85,-85,1350,700,341.1220266927178,14.028544482920204,circular
47,1100,700,338.36871821833483,-85,-85,-85,-85,1350,700,355.150571175638,14.028544482920204,circular
48,1100,700,338.36871821833483,-85,-85,-85,-85,1350,700,9.179115658558203,14.028544482920204,circular
49,1100,700,338.36871821833483,-85,-85,-85,-85,1350,700,23.207660141478407,14.028544482920204,circular
50,1100,700,338.36871821833483,-85,-85,-85,-85,1350,700,37.23620462439861,14.028544482920204,circular
51,1100,700,338.36871821833483,-85,-85,-85,-85,1350,700,51.26474910731881,14.028544482920204,circular
52,1100,700,338.36871821833483,-85,-85,-85,-85,1350,700,65.29329359023902,14.028544482920204,circular
53,1100,700,338.36871821833483,-85,-85,-85,-85,1350,700,79.32183807315923,14.028544482920204,circular
54,1100,700,338.36871821833483,-85,-85,-85,-85,1350,700,93.35038255607944,14.028544482920204,circular
55,1100,700,338.36871821833483,-85,-85,-85,-85,1350,700,107.37892703899965,14.028544482920204,circular
56,1100,700,338.36871821833483,-85,-85,-85,-85,1350,700,121.40747152191986,14.028544482920204,circular
57,1100,700,338.36871821833483,-85,-85,-85,-85,1350,700,135.43601600484007,14.028544482920204,circular
58,1100,700,338.36871821833483,14.513447644213304,-85,-85,-85,1350,700,149.46456048776028,14.028544482920204,circular
59,1100,700,338.36871821833483,23.31969953712386,-85,-85,22.496022074683278,1350,700,163.4931049706805,14.028544482920204,circular
60,1100,700,338.36871821833483,25.452908776355446,-85,-85,25.157178905256924,1350,700,177.5216494536007,14.028544482920204,circular
61,1100,700,338.36871821833483,26.074956048612798,-85,-85,26.035130213615616,1350,700,191.5501939365209,14.028544482920204,circular
62,1100,700,338.36871821833483,25.684904084789977,-85,-85,25.859665714847075,1350,700,205.57873841944112,14.028544482920204,circular
63,1100,700,338.36871821833483,23.97102224645776,-85,-85,24.495315191602927,1350,700,219.60728290236133,14.028544482920204,circular
64,1100,700,338.36871821833483,18.474304759512954,-85,-85,20.48098321025059,1350,700,233.63582738528154,14.028544482920204,circular
65,1100,700,338.36871821833483,-85,-85,-85,-85,1350,700,247.66437186820175,14.028544482920204,circular
66,1100,700,338.36871821833483,-85,-85,-85,-85,1350,700,261.69291635112194,14.028544482920204,circular
67,1100,700,338.36871821833483,-85,-85,-85,-85,1350,700,275.72146083404215,14.028544482920204,circular
68,1100,700,338.36871821833483,-85,-85,-85,-85,1350,700,289.75000531696236,14.028544482920204,circular
69,1100,700,338.36871821833483,-85,-85,-85,-85,1350,700,303.77854979988257,14.028544482920204,circular
70,1100,700,338.36871821833483,-85,-85,-85,-85,1350,700,317.8070942828028,14.028544482920204,circular
71,1100,700,338.36871821833483,-85,-85,-85,-85,1350,700,331.835638765723,14.028544482920204,circular
72,1100,700,338.36871821833483,-85,-85,-85,-85,1350,700,345.8641832486432,14.028544482920204,circular
73,1100,700,338.36871821833483,-85,-85,-85,-85,1350,700,359.8927277315634,14.028544482920204,circular
74,1100,700,338.36871821833483,-85,-85,-85,-85,1350,700,13.921272214483622,14.028544482920204,circular
75,1100,700,338.36871821833483,-85,-85,-85,-85,1350,700,27.949816697403826,14.028544482920204,circular
76,1100,700,338.36871821833483,-85,-85,-85,-85,1350,700,41.97836118032403,14.028544482920204,circular
77,1100,700,338.36871821833483,-85,-85,-85,-85,1350,700,56.00690566324423,14.028544482920204,circular
78,1100,700,338.36871821833483,-85,-85,-85,-85,1350,700,70.03545014616444,14.028544482920204,circular
79,1100,700,338.36871821833483,-85,-85,-85,-85,1350,700,84.06399462908465,14.028544482920204,circular
80,1100,700,338.36871821833483,-85,-85,-85,-85,1350,700,98.09253911200486,14.028544482920204,circular
81,1100,700,338.36871821833483,-85,-85,-85,-85,1350,700,112.12108359492507,14.028544482920204,circular
82,1100,700,338.36871821833483,-85,-85,-85,-85,1350,700,126.14962807784528,14.028544482920204,circular
83,1100,700,338.36871821833483,-85,-85,-85,-85,1350,700,140.1781725607655,14.028544482920204,circular
84,1100,700,338.36871821833483,19.91435422725632,-85,-85,17.513155499392102,1350,700,154.2067170436857,14.028544482920204,circular
85,1100,700,338.36871821833483,24.33271141113945,-85,-85,23.769789312347285,1350,700,168.2352615266059,14.028544482920204,circular
86,1100,700,338.36871821833483,25.80746062382631,-85,-85,25.614204328866276,1350,700,182.26380600952612,14.028544482920204,circular
87,1100,700,338.36871821833483,26.053745949214605,-85,-85,26.077602459396946,1350,700,196.29235049244633,14.028544482920204,circular
88,1100,700,338.36871821833483,25.263344594616918,-85,-85,25.536951728381826,1350,700,210.32089497536654,14.028544482920204,circular
89,1100,700,338.36871821833483,22.793695368992225,-85,-85,23.553218972269416,1350,700,224.34943945828675,14.028544482920204,circular
90,1100,700,338.36871821833483,-85,-85,-85,16.269948115724716,1350,700,238.37798394120696,14.028544482920204,circular
91,1100,700,338.36871821833483,-85,-85,-85,-85,1350,700,252.40652842412717,14.028544482920204,circular
92,1100,700,338.36871821833483,-85,-85,-85,-85,1350,700,266.43507290704736,14.028544482920204,circular
93,1100,700,338.36871821833483,-85,-85,-85,-85,1350,700,280.46361738996757,14.028544482920204,circular
94,1100,700,338.36871821833483,-85,-85,-85,-85,1350,700,294.4921618728878,14.028544482920204,circular
95,1100,700,338.36871821833483,-85,-85,-85,-85,1350,700,308.520706355808,14.028544482920204,circular
96,1100,700,338.36871821833483,-85,-85,-85,-85,1350,700,322.5492508387282,14.028544482920204,circular
97,1100,700,338.36871821833483,-85,-85,-85,-85,1350,700,336.5777953216484,14.028544482920204,circular
98,1100,700,338.36871821833483,-85,-85,-85,-85,1350,700,350.6063398045686,14.028544482920204,circular
99,1100,700,338.36871821833483,-85,-85,-85,-85,1350,700,4.6348842874888305,14.028544482920204,circular
100,1100,700,338.36871821833483,-85,-85,-85,-85,1350,700,18.663428770409034,14.028544482920204,circular
101,1100,700,338.36871821833483,-85,-85,-85,-85,1350,700,32.69197325332924,14.028544482920204,circular
102,1100,700,338.36871821833483,-85,-85,-85,-85,1350,700,46.72051773624944,14.028544482920204,circular
103,1100,700,338.36871821833483,-85,-85,-85,-85,1350,700,60.749062219169645,14.028544482920204,circular
104,1100,700,338.36871821833483,-85,-85,-85,-85,1350,700,74.77760670208986,14.028544482920204,circular
105,1100,700,338.36871821833483,-85,-85,-85,-85,1350,700,88.80615118501007,14.028544482920204,circular
106,1100,700,338.36871821833483,-85,-85,-85,-85,1350,700,102.83469566793028,14.028544482920204,circular
107,1100,700,338.36871821833483,-85,-85,-85,-85,1350,700,116.86324015085049,14.028544482920204,circular
108,1100,700,338.36871821833483,-85,-85,-85,-85,1350,700,130.8917846337707,14.028544482920204,circular
109,1100,700,338.36871821833483,-85,-85,-85,-85,1350,700,144.9203291166909,14.028544482920204,circular
110,1100,700,338.36871821833483,21.813356630230874,-85,-85,20.48098321025059,1350,700,158.94887359961112,14.028544482920204,circular
111,1100,700,338.36871821833483,24.92014212493214,-85,-85,24.495315191602927,1350,700,172.97741808253133,14.028544482920204,circular
112,1100,700,338.36871821833483,25.9816463993744,-85,-85,25.859665714847075,1350,700,187.00596256545154,14.028544482920204,circular
113,1100,700,338.36871821833483,25.946643644493044,-85,-85,26.035130213615616,1350,700,201.03450704837175,14.028544482920204,circular
114,1100,700,338.36871821833483,24.788337040832293,-85,-85,25.157178905256924,1350,700,215.06305153129196,14.028544482920204,circular
115,1100,700,338.36871821833483,20.97742610025735,-85,-85,22.496022074683278,1350,700,229.09159601421217,14.028544482920204,circular
116,1100,700,338.36871821833483,-85,-85,-85,-85,1350,700,243.12014049713238,14.028544482920204,circular
117,1100,700,338.36871821833483,-85,-85,-85,-85,1350,700,257.14868498005256,14.028544482920204,circular
118,1100,700,338.36871821833483,-85,-85,-85,-85,1350,700,271.1772294629728,14.028544482920204,circular
119,1100,700,338.36871821833483,-85,-85,-85,-85,1350,700,285.205773945893,14.028544482920204,circular
120,1100,700,338.36871821833483,-85,-85,-85,-85,1350,700,299.2343184288132,14.028544482920204,circular
121,1100,700,338.36871821833483,-85,-85,-85,-85,1350,700,313.2628629117334,14.028544482920204,circular
122,1100,700,338.36871821833483,-85,-85,-85,-85,1350,700,327.2914073946536,14.028544482920204,circular
123,1100,700,338.36871821833483,-85,-85,-85,-85,1350,700,341.3199518775738,14.028544482920204,circular
124,1100,700,338.36871821833483,-85,-85,-85,-85,1350,700,355.34849636049404,14.028544482920204,circular
125,1100,700,338.36871821833483,-85,-85,-85,-85,1350,700,9.37704084341425,14.028544482920204,circular
126,1100,700,338.36871821833483,-85,-85,-85,-85,1350,700,23.405585326334453,14.028544482920204,circular
127,1100,700,338.36871821833483,-85,-85,-85,-85,1350,700,37.43412980925466,14.028544482920204,circular
128,1100,700,338.36871821833483,-85,-85,-85,-85,1350,700,51.46267429217486,14.028544482920204,circular
129,1100,700,338.36871821833483,-85,-85,-85,-85,1350,700,65.49121877509506,14.028544482920204,circular
130,1100,700,338.36871821833483,-85,-85,-85,-85,1350,700,79.51976325801527,14.028544482920204,circular
131,1100,700,338.36871821833483,-85,-85,-85,-85,1350,700,93.54830774093548,14.028544482920204,circular
132,1100,700,338.36871821833483,-85,-85,-85,-85,1350,700,107.5768522238557,14.028544482920204,circular
133,1100,700,338.36871821833483,-85,-85,-85,-85,1350,700,121.6053967067759,14.028544482920204,circular
134,1100,700,338.36871821833483,-85,-85,-85,-85,1350,700,135.63394118969612,14.028544482920204,circular
135,1100,700,338.36871821833483,14.513447644213304,-85,-85,-85,1350,700,149.66248567261633,14.028544482920204,circular
136,1100,700,338.36871821833483,23.31969953712386,-85,-85,22.496022074683278,1350,700,163.69103015553654,14.028544482920204,circular
137,1100,700,338.36871821833483,25.452908776355446,-85,-85,25.157178905256924,1350,700,177.71957463845675,14.028544482920204,circular
138,1100,700,338.36871821833483,26.074956048612798,-85,-85,26.035130213615616,1350,700,191.74811912137696,14.028544482920204,circular
139,1100,700,338.36871821833483,25.684904084789977,-85,-85,25.859665714847075,1350,700,205.77666360429717,14.028544482920204,circular
140,1100,700,338.36871821833483,23.97102224645776,-85,-85,24.495315191602927,1350,700,219.80520808721738,14.028544482920204,circular
141,1100,700,338.36871821833483,18.474304759512954,-85,-85,20.48098321025059,1350,700,233.8337525701376,14.028544482920204,circular
142,1100,700,338.36871821833483,-85,-85,-85,-85,1350,700,247.8622970530578,14.028544482920204,circular
143,1100,700,338.36871821833483,-85,-85,-85,-85,1350,700,261.890841535978,14.028544482920204,circular
144,1100,700,338.36871821833483,-85,-85,-85,-85,1350,700,275.9193860188982,14.028544482920204,circular
145,1100,700,338.36871821833483,-85,-85,-85,-85,1350,700,289.9479305018184,14.028544482920204,circular
146,1100,700,338.36871821833483,-85,-85,-85,-85,1350,700,303.9764749847386,14.028544482920204,circular
147,1100,700,338.36871821833483,-85,-85,-85,-85,1350,700,318.0050194676588,14.028544482920204,circular
148,1100,700,338.36871821833483,-85,-85,-85,-85,1350,700,332.03356395057904,14.028544482920204,circular
149,1100,700,338.36871821833483,-85,-85,-85,-85,1350,700,346.06210843349925,14.028544482920204,circular
150,1100,700,338.36871821833483,-85,-85,-85,-85,1350,700,0.09065291641945805,14.028544482920204,circular
151,1100,700,338.36871821833483,-85,-85,-85,-85,1350,700,14.119197399339662,14.028544482920204,circular
152,1100,700,338.36871821833483,-85,-85,-85,-85,1350,700,28.147741882259865,14.028544482920204,circular
153,1100,700,338.36871821833483,-85,-85,-85,-85,1350,700,42.17628636518007,14.028544482920204,circular
154,1100,700,338.36871821833483,-85,-85,-85,-85,1350,700,56.20483084810027,14.028544482920204,circular
155,1100,700,338.36871821833483,-85,-85,-85,-85,1350,700,70.23337533102048,14.028544482920204,circular
156,1100,700,338.36871821833483,-85,-85,-85,-85,1350,700,84.2619198139407,14.028544482920204,circular
157,1100,700,338.36871821833483,-85,-85,-85,-85,1350,700,98.2904642968609,14.028544482920204,circular
158,1100,700,338.36871821833483,-85,-85,-85,-85,1350,700,112.31900877978111,14.028544482920204,circular
159,1100,700,338.36871821833483,-85,-85,-85,-85,1350,700,126.34755326270133,14.028544482920204,circular
160,1100,700,338.36871821833483,-85,-85,-85,-85,1350,700,140.37609774562154,14.028544482920204,circular
161,1100,700,338.36871821833483,19.91435422725632,-85,-85,17.513155499392102,1350,700,154.40464222854175,14.028544482920204,circular
162,1100,700,338.36871821833483,24.33271141113945,-85,-85,23.769789312347285,1350,700,168.43318671146196,14.028544482920204,circular
163,1100,700,338.36871821833483,25.80746062382631,-85,-85,25.614204328866276,1350,700,182.46173119438217,14.028544482920204,circular
164,1100,700,338.36871821833483,26.053745949214605,-85,-85,26.077602459396946,1350,700,196.49027567730238,14.028544482920204,circular
165,1100,700,338.36871821833483,25.263344594616918,-85,-85,25.536951728381826,1350,700,210.5188201602226,14.028544482920204,circular
166,1100,700,338.36871821833483,22.793695368992225,-85,-85,23.553218972269416,1350,700,224.5473646431428,14.028544482920204,circular
167,1100,700,338.36871821833483,-85,-85,-85,16.269948115724716,1350,700,238.575909126063,14.028544482920204,circular
168,1100,700,338.36871821833483,-85,-85,-85,-85,1350,700,252.60445360898322,14.028544482920204,circular
169,1100,700,338.36871821833483,-85,-85,-85,-85,1350,700,266.6329980919034,14.028544482920204,circular
170,1100,700,338.36871821833483,-85,-85,-85,-85,1350,700,280.6615425748236,14.028544482920204,circular
171,1100,700,338.36871821833483,-85,-85,-85,-85,1350,700,294.6900870577438,14.028544482920204,circular
172,1100,700,338.36871821833483,-85,-85,-85,-85,1350,700,308.71863154066403,14.028544482920204,circular
173,1100,700,338.36871821833483,-85,-85,-85,-85,1350,700,322.74717602358425,14.028544482920204,circular
174,1100,700,338.36871821833483,-85,-85,-85,-85,1350,700,336.77572050650446,14.028544482920204,circular
175,1100,700,338.36871821833483,-85,-85,-85,-85,1350,700,350.80426498942467,14.028544482920204,circular
176,1100,700,338.36871821833483,-85,-85,-85,-85,1350,700,4.832809472344877,14.028544482920204,circular
177,1100,700,338.36871821833483,-85,-85,-85,-85,1350,700,18.86135395526508,14.028544482920204,circular
178,1100,700,338.36871821833483,-85,-85,-85,-85,1350,700,32.889898438185284,14.028544482920204,circular
179,1100,700,338.36871821833483,-85,-85,-85,-85,1350,700,46.91844292110549,14.028544482920204,circular
180,1100,700,338.36871821833483,-85,-85,-85,-85,1350,700,60.94698740402569,14.028544482920204,circular
181,1100,700,338.36871821833483,-85,-85,-85,-85,1350,700,74.9755318869459,14.028544482920204,circular
182,1100,700,338.36871821833483,-85,-85,-85,-85,1350,700,89.00407636986611,14.028544482920204,circular
183,1100,700,338.36871821833483,-85,-85,-85,-85,1350,700,103.03262085278632,14.028544482920204,circular
184,1100,700,338.36871821833483,-85,-85,-85,-85,1350,700,117.06116533570653,14.028544482920204,circular
185,1100,700,338.36871821833483,-85,-85,-85,-85,1350,700,131.08970981862674,14.028544482920204,circular
186,1100,700,338.36871821833483,-85,-85,-85,-85,1350,700,145.11825430154695,14.028544482920204,circular
187,1100,700,338.36871821833483,22.170735458799452,-85,-85,20.48098321025059,1350,700,159.14679878446717,14.028544482920204,circular
188,1100,700,338.36871821833483,25.042923900792417,-85,-85,24.646943359767004,1350,700,173.17534326738738,14.028544482920204,circular
189,1100,700,338.36871821833483,26.011117049096303,-85,-85,25.906018829630398,1350,700,187.2038877503076,14.028544482920204,circular
190,1100,700,338.36871821833483,25.906018829630398,-85,-85,26.011117049096303,1350,700,201.2324322332278,14.028544482920204,circular
191,1100,700,338.36871821833483,24.646943359767004,-85,-85,25.042923900792417,1350,700,215.260976716148,14.028544482920204,circular
192,1100,700,338.36871821833483,20.97742610025735,-85,-85,22.170735458799452,1350,700,229.28952119906822,14.028544482920204,circular
193,1100,700,338.36871821833483,-85,-85,-85,-85,1350,700,243.31806568198843,14.028544482920204,circular
194,1100,700,338.36871821833483,-85,-85,-85,-85,1350,700,257.3466101649086,14.028544482920204,circular
195,1100,700,338.36871821833483,-85,-85,-85,-85,1350,700,271.3751546478288,14.028544482920204,circular
196,1100,700,338.36871821833483,-85,-85,-85,-85,1350,700,285.40369913074903,14.028544482920204,circular
197,1100,700,338.36871821833483,-85,-85,-85,-85,1350,700,299.43224361366924,14.028544482920204,circular
198,1100,700,338.36871821833483,-85,-85,-85,-85,1350,700,313.46078809658945,14.028544482920204,circular
199,1100,700,338.36871821833483,-85,-85,-85,-85,1350,700,327.48933257950966,14.028544482920204,circular
200,1100,700,338.36871821833483,-85,-85,-85,-85,1350,700,341.5178770624299,14.028544482920204,circular
201,1100,700,338.36871821833483,-85,-85,-85,-85,1350,700,355.5464215453501,14.028544482920204,circular
202,1100,700,338.36871821833483,-85,-85,-85,-85,1350,700,9.574966028270296,14.028544482920204,circular
203,1100,700,338.36871821833483,-85,-85,-85,-85,1350,700,23.6035105111905,14.028544482920204,circular
204,1100,700,338.36871821833483,-85,-85,-85,-85,1350,700,37.6320549941107,14.028544482920204,circular
205,1100,700,338.36871821833483,-85,-85,-85,-85,1350,700,51.66059947703091,14.028544482920204,circular
206,1100,700,338.36871821833483,-85,-85,-85,-85,1350,700,65.68914395995111,14.028544482920204,circular
207,1100,700,338.36871821833483,-85,-85,-85,-85,1350,700,79.71768844287132,14.028544482920204,circular
208,1100,700,338.36871821833483,-85,-85,-85,-85,1350,700,93.74623292579153,14.028544482920204,circular
209,1100,700,338.36871821833483,-85,-85,-85,-85,1350,700,107.77477740871174,14.028544482920204,circular
210,1100,700,338.36871821833483,-85,-85,-85,-85,1350,700,121.80332189163195,14.028544482920204,circular
211,1100,700,338.36871821833483,-85,-85,-85,-85,1350,700,135.83186637455216,14.028544482920204,circular
212,1100,700,338.36871821833483,14.513447644213304,-85,-85,-85,1350,700,149.86041085747237,14.028544482920204,circular
213,1100,700,338.36871821833483,23.31969953712386,-85,-85,22.496022074683278,1350,700,163.88895534039258,14.028544482920204,circular
214,1100,700,338.36871821833483,25.452908776355446,-85,-85,25.157178905256924,1350,700,177.9174998233128,14.028544482920204,circular
215,1100,700,338.36871821833483,26.074956048612798,-85,-85,26.035130213615616,1350,700,191.946044306233,14.028544482920204,circular
216,1100,700,338.36871821833483,25.684904084789977,-85,-85,25.859665714847075,1350,700,205.97458878915322,14.028544482920204,circular
217,1100,700,338.36871821833483,23.97102224645776,-85,-85,24.495315191602927,1350,700,220.00313327207343,14.028544482920204,circular
218,1100,700,338.36871821833483,18.474304759512954,-85,-85,20.48098321025059,1350,700,234.03167775499364,14.028544482920204,circular
219,1100,700,338.36871821833483,-85,-85,-85,-85,1350,700,248.06022223791385,14.028544482920204,circular
220,1100,700,338.36871821833483,-85,-85,-85,-85,1350,700,262.08876672083403,14.028544482920204,circular
221,1100,700,338.36871821833483,-85,-85,-85,-85,1350,700,276.11731120375424,14.028544482920204,circular
222,1100,700,338.36871821833483,-85,-85,-85,-85,1350,700,290.14585568667445,14.028544482920204,circular
223,1100,700,338.36871821833483,-85,-85,-85,-85,1350,700,304.17440016959466,14.028544482920204,circular
224,1100,700,338.36871821833483,-85,-85,-85,-85,1350,700,318.2029446525149,14.028544482920204,circular
225,1100,700,338.36871821833483,-85,-85,-85,-85,1350,700,332.2314891354351,14.028544482920204,circular
226,1100,700,338.36871821833483,-85,-85,-85,-85,1350,700,346.2600336183553,14.028544482920204,circular
227,1100,700,338.36871821833483,-85,-85,-85,-85,1350,700,0.28857810127550465,14.028544482920204,circular
228,1100,700,338.36871821833483,-85,-85,-85,-85,1350,700,14.317122584195708,14.028544482920204,circular
229,1100,700,338.36871821833483,-85,-85,-85,-85,1350,700,28.34566706711591,14.028544482920204,circular
230,1100,700,338.36871821833483,-85,-85,-85,-85,1350,700,42.374211550036115,14.028544482920204,circular
231,1100,700,338.36871821833483,-85,-85,-85,-85,1350,700,56.40275603295632,14.028544482920204,circular
232,1100,700,338.36871821833483,-85,-85,-85,-85,1350,700,70.43130051587653,14.028544482920204,circular
233,1100,700,338.36871821833483,-85,-85,-85,-85,1350,700,84.45984499879674,14.028544482920204,circular
234,1100,700,338.36871821833483,-85,-85,-85,-85,1350,700,98.48838948171695,14.028544482920204,circular
235,1100,700,338.36871821833483,-85,-85,-85,-85,1350,700,112.51693396463716,14.028544482920204,circular
236,1100,700,338.36871821833483,-85,-85,-85,-85,1350,700,126.54547844755737,14.028544482920204,circular
237,1100,700,338.36871821833483,-85,-85,-85,-85,1350,700,140.57402293047758,14.028544482920204,circular
238,1100,700,338.36871821833483,19.91435422725632,-85,-85,17.513155499392102,1350,700,154.6025674133978,14.028544482920204,circular
239,1100,700,338.36871821833483,24.33271141113945,-85,-85,23.769789312347285,1350,700,168.631111896318,14.028544482920204,circular
240,1100,700,338.36871821833483,25.80746062382631,-85,-85,25.614204328866276,1350,700,182.6596563792382,14.028544482920204,circular
241,1100,700,338.36871821833483,26.053745949214605,-85,-85,26.077602459396946,1350,700,196.68820086215842,14.028544482920204,circular
242,1100,700,338.36871821833483,25.263344594616918,-85,-85,25.536951728381826,1350,700,210.71674534507864,14.028544482920204,circular
243,1100,700,338.36871821833483,22.793695368992225,-85,-85,23.553218972269416,1350,700,224.74528982799885,14.028544482920204,circular
244,1100,700,338.36871821833483,-85,-85,-85,16.269948115724716,1350,700,238.77383431091906,14.028544482920204,circular
245,1100,700,338.36871821833483,-85,-85,-85,-85,1350,700,252.80237879383927,14.028544482920204,circular
246,1100,700,338.36871821833483,-85,-85,-85,-85,1350,700,266.83092327675945,14.028544482920204,circular
247,1100,700,338.36871821833483,-85,-85,-85,-85,1350,700,280.85946775967966,14.028544482920204,circular
248,1100,700,338.36871821833483,-85,-85,-85,-85,1350,700,294.88801224259987,14.028544482920204,circular
249,1100,700,338.36871821833483,-85,-85,-85,-85,1350,700,308.9165567255201,14.028544482920204,circular
250,1100,700,338.36871821833483,-85,-85,-85,-85,1350,700,322.9451012084403,14.028544482920204,circular
251,1100,700,338.36871821833483,-85,-85,-85,-85,1350,700,336.9736456913605,14.028544482920204,circular
252,1100,700,338.36871821833483,-85,-85,-85,-85,1350,700,351.0021901742807,14.028544482920204,circular
253,1100,700,338.36871821833483,-85,-85,-85,-85,1350,700,5.030734657200924,14.028544482920204,circular
254,1100,700,338.36871821833483,-85,-85,-85,-85,1350,700,19.059279140121127,14.028544482920204,circular
255,1100,700,338.36871821833483,-85,-85,-85,-85,1350,700,33.08782362304133,14.028544482920204,circular
256,1100,700,338.36871821833483,-85,-85,-85,-85,1350,700,47.116368105961534,14.028544482920204,circular
257,1100,700,338.36871821833483,-85,-85,-85,-85,1350,700,61.14491258888174,14.028544482920204,circular
258,1100,700,338.36871821833483,-85,-85,-85,-85,1350,700,75.17345707180195,14.028544482920204,circular
259,1100,700,338.36871821833483,-85,-85,-85,-85,1350,700,89.20200155472216,14.028544482920204,circular
260,1100,700,338.36871821833483,-85,-85,-85,-85,1350,700,103.23054603764237,14.028544482920204,circular
261,1100,700,338.36871821833483,-85,-85,-85,-85,1350,700,117.25909052056258,14.028544482920204,circular
262,1100,700,338.36871821833483,-85,-85,-85,-85,1350,700,131.2876350034828,14.028544482920204,circular
263,1100,700,338.36871821833483,-85,-85,-85,-85,1350,700,145.316179486403,14.028544482920204,circular
264,1100,700,338.36871821833483,22.170735458799452,-85,-85,20.97742610025734,1350,700,159.3447239693232,14.028544482920204,circular
265,1100,700,338.36871821833483,25.042923900792417,-85,-85,24.646943359767004,1350,700,173.37326845224342,14.028544482920204,circular
266,1100,700,338.36871821833483,26.011117049096303,-85,-85,25.906018829630398,1350,700,187.40181293516363,14.028544482920204,circular
267,1100,700,338.36871821833483,25.906018829630398,-85,-85,26.011117049096303,1350,700,201.43035741808384,14.028544482920204,circular
268,1100,700,338.36871821833483,24.646943359767004,-85,-85,25.042923900792417,1350,700,215.45890190100405,14.028544482920204,circular
269,1100,700,338.36871821833483,20.97742610025735,-85,-85,22.170735458799452,1350,700,229.48744638392427,14.028544482920204,circular
270,1100,700,338.36871821833483,-85,-85,-85,-85,1350,700,243.51599086684448,14.028544482920204,circular
271,1100,700,338.36871821833483,-85,-85,-85,-85,1350,700,257.54453534976466,14.028544482920204,circular
272,1100,700,338.36871821833483,-85,-85,-85,-85,1350,700,271.57307983268487,14.028544482920204,circular
273,1100,700,338.36871821833483,-85,-85,-85,-85,1350,700,285.6016243156051,14.028544482920204,circular
274,1100,700,338.36871821833483,-85,-85,-85,-85,1350,700,299.6301687985253,14.028544482920204,circular
275,1100,700,338.36871821833483,-85,-85,-85,-85,1350,700,313.6587132814455,14.028544482920204,circular
276,1100,700,338.36871821833483,-85,-85,-85,-85,1350,700,327.6872577643657,14.028544482920204,circular
277,1100,700,338.36871821833483,-85,-85,-85,-85,1350,700,341.7158022472859,14.028544482920204,circular
278,1100,700,338.36871821833483,-85,-85,-85,-85,1350,700,355.74434673020613,14.028544482920204,circular
279,1100,700,338.36871821833483,-85,-85,-85,-85,1350,700,9.772891213126343,14.028544482920204,circular
280,1100,700,338.36871821833483,-85,-85,-85,-85,1350,700,23.801435696046546,14.028544482920204,circular
281,1100,700,338.36871821833483,-85,-85,-85,-85,1350,700,37.82998017896675,14.028544482920204,circular
282,1100,700,338.36871821833483,-85,-85,-85,-85,1350,700,51.85852466188695,14.028544482920204,circular
283,1100,700,338.36871821833483,-85,-85,-85,-85,1350,700,65.88706914480716,14.028544482920204,circular
284,1100,700,338.36871821833483,-85,-85,-85,-85,1350,700,79.91561362772737,14.028544482920204,circular
285,1100,700,338.36871821833483,-85,-85,-85,-85,1350,700,93.94415811064758,14.028544482920204,circular
286,1100,700,338.36871821833483,-85,-85,-85,-85,1350,700,107.97270259356779,14.028544482920204,circular
287,1100,700,338.36871821833483,-85,-85,-85,-85,1350,700,122.001247076488,14.028544482920204,circular
288,1100,700,338.36871821833483,-85,-85,-85,-85,1350,700,136.0297915594082,14.028544482920204,circular
289,1100,700,338.36871821833483,14.513447644213304,-85,-85,-85,1350,700,150.05833604232842,14.028544482920204,circular
290,1100,700,338.36871821833483,23.553218972269416,-85,-85,22.496022074683278,1350,700,164.08688052524863,14.028544482920204,circular
291,1100,700,338.36871821833483,25.536951728381826,-85,-85,25.157178905256924,1350,700,178.11542500816884,14.028544482920204,circular
292,1100,700,338.36871821833483,26.077602459396946,-85,-85,26.035130213615616,1350,700,192.14396949108905,14.028544482920204,circular
293,1100,700,338.36871821833483,25.614204328866276,-85,-85,25.807460623826316,1350,700,206.17251397400926,14.028544482920204,circular
294,1100,700,338.36871821833483,23.769789312347285,-85,-85,24.332711411139446,1350,700,220.20105845692947,14.028544482920204,circular
295,1100,700,338.36871821833483,17.51315549939211,-85,-85,19.914354227256315,1350,700,234.22960293984968,14.028544482920204,circular
296,1100,700,338.36871821833483,-85,-85,-85,-85,1350,700,248.2581474227699,14.028544482920204,circular
297,1100,700,338.36871821833483,-85,-85,-85,-85,1350,700,262.2866919056901,14.028544482920204,circular
298,1100,700,338.36871821833483,-85,-85,-85,-85,1350,700,276.3152363886103,14.028544482920204,circular
299,1100,700,338.36871821833483,-85,-85,-85,-85,1350,700,290.3437808715305,14.028544482920204,circular
300,1100,700,338.36871821833483,-85,-85,-85,-85,1350,700,304.3723253544507,14.028544482920204,circular
301,1100,700,338.36871821833483,-85,-85,-85,-85,1350,700,318.4008698373709,14.028544482920204,circular
302,1100,700,338.36871821833483,-85,-85,-85,-85,1350,700,332.42941432029113,14.028544482920204,circular
303,1100,700,338.36871821833483,-85,-85,-85,-85,1350,700,346.45795880321134,14.028544482920204,circular
304,1100,700,338.36871821833483,-85,-85,-85,-85,1350,700,0.48650328613155125,14.028544482920204,circular
305,1100,700,338.36871821833483,-85,-85,-85,-85,1350,700,14.515047769051755,14.028544482920204,circular
306,1100,700,338.36871821833483,-85,-85,-85,-85,1350,700,28.54359225197196,14.028544482920204,circular
307,1100,700,338.36871821833483,-85,-85,-85,-85,1350,700,42.57213673489216,14.028544482920204,circular
308,1100,700,338.36871821833483,-85,-85,-85,-85,1350,700,56.600681217812365,14.028544482920204,circular
309,1100,700,338.36871821833483,-85,-85,-85,-85,1350,700,70.62922570073258,14.028544482920204,circular
310,1100,700,338.36871821833483,-85,-85,-85,-85,1350,700,84.65777018365279,14.028544482920204,circular
311,1100,700,338.36871821833483,-85,-85,-85,-85,1350,700,98.686314666573,14.028544482920204,circular
312,1100,700,338.36871821833483,-85,-85,-85,-85,1350,700,112.71485914949321,14.028544482920204,circular
313,1100,700,338.36871821833483,-85,-85,-85,-85,1350,700,126.74340363241342,14.028544482920204,circular
314,1100,700,338.36871821833483,-85,-85,-85,-85,1350,700,140.77194811533363,14.028544482920204,circular
315,1100,700,338.36871821833483,19.91435422725632,-85,-85,17.513155499392102,1350,700,154.80049259825384,14.028544482920204,circular
316,1100,700,338.36871821833483,24.33271141113945,-85,-85,23.769789312347285,1350,700,168.82903708117405,14.028544482920204,circular
317,1100,700,338.36871821833483,25.80746062382631,-85,-85,25.614204328866276,1350,700,182.85758156409426,14.028544482920204,circular
318,1100,700,338.36871821833483,26.053745949214605,-85,-85,26.077602459396946,1350,700,196.88612604701447,14.028544482920204,circular
319,1100,700,338.36871821833483,25.263344594616918,-85,-85,25.536951728381826,1350,700,210.91467052993468,14.028544482920204,circular
320,1100,700,338.36871821833483,22.793695368992225,-85,-85,23.553218972269416,1350,700,224.9432150128549,14.028544482920204,circular
321,1100,700,338.36871821833483,-85,-85,-85,16.269948115724716,1350,700,238.9717594957751,14.028544482920204,circular
322,1100,700,338.36871821833483,-85,-85,-85,-85,1350,700,253.0003039786953,14.028544482920204,circular
323,1100,700,338.36871821833483,-85,-85,-85,-85,1350,700,267.0288484616155,14.028544482920204,circular
324,1100,700,338.36871821833483,-85,-85,-85,-85,1350,700,281.0573929445357,14.028544482920204,circular
325,1100,700,338.36871821833483,-85,-85,-85,-85,1350,700,295.0859374274559,14.028544482920204,circular
326,1100,700,338.36871821833483,-85,-85,-85,-85,1350,700,309.1144819103761,14.028544482920204,circular
327,1100,700,338.36871821833483,-85,-85,-85,-85,1350,700,323.14302639329634,14.028544482920204,circular
328,1100,700,338.36871821833483,-85,-85,-85,-85,1350,700,337.17157087621655,14.028544482920204,circular
329,1100,700,338.36871821833483,-85,-85,-85,-85,1350,700,351.20011535913676,14.028544482920204,circular
330,1100,700,338.36871821833483,-85,-85,-85,-85,1350,700,5.22865984205697,14.028544482920204,circular
331,1100,700,338.36871821833483,-85,-85,-85,-85,1350,700,19.257204324977174,14.028544482920204,circular
332,1100,700,338.36871821833483,-85,-85,-85,-85,1350,700,33.28574880789738,14.028544482920204,circular
333,1100,700,338.36871821833483,-85,-85,-85,-85,1350,700,47.31429329081758,14.028544482920204,circular
334,1100,700,338.36871821833483,-85,-85,-85,-85,1350,700,61.342837773737784,14.028544482920204,circular
335,1100,700,338.36871821833483,-85,-85,-85,-85,1350,700,75.371382256658,14.028544482920204,circular
336,1100,700,338.36871821833483,-85,-85,-85,-85,1350,700,89.3999267395782,14.028544482920204,circular
337,1100,700,338.36871821833483,-85,-85,-85,-85,1350,700,103.42847122249842,14.028544482920204,circular
338,1100,700,338.36871821833483,-85,-85,-85,-85,1350,700,117.45701570541863,14.028544482920204,circular
339,1100,700,338.36871821833483,-85,-85,-85,-85,1350,700,131.48556018833884,14.028544482920204,circular
340,1100,700,338.36871821833483,-85,-85,-85,-85,1350,700,145.51410467125905,14.028544482920204,circular
341,1100,700,338.36871821833483,22.170735458799452,-85,-85,20.97742610025734,1350,700,159.54264915417926,14.028544482920204,circular
342,1100,700,338.36871821833483,25.042923900792417,-85,-85,24.646943359767004,1350,700,173.57119363709947,14.028544482920204,circular
343,1100,700,338.36871821833483,26.011117049096303,-85,-85,25.906018829630398,1350,700,187.59973812001968,14.028544482920204,circular
344,1100,700,338.36871821833483,25.906018829630398,-85,-85,26.011117049096303,1350,700,201.6282826029399,14.028544482920204,circular
345,1100,700,338.36871821833483,24.646943359767004,-85,-85,25.042923900792417,1350,700,215.6568270858601,14.028544482920204,circular
346,1100,700,338.36871821833483,20.97742610025735,-85,-85,22.170735458799452,1350,700,229.6853715687803,14.028544482920204,circular
347,1100,700,338.36871821833483,-85,-85,-85,-85,1350,700,243.71391605170052,14.028544482920204,circular
348,1100,700,338.36871821833483,-85,-85,-85,-85,1350,700,257.7424605346207,14.028544482920204,circular
349,1100,700,338.36871821833483,-85,-85,-85,-85,1350,700,271.7710050175409,14.028544482920204,circular
350,1100,700,338.36871821833483,-85,-85,-85,-85,1350,700,285.7995495004611,14.028544482920204,circular
351,1100,700,338.36871821833483,-85,-85,-85,-85,1350,700,299.82809398338134,14.028544482920204,circular
352,1100,700,338.36871821833483,-85,-85,-85,-85,1350,700,313.85663846630155,14.028544482920204,circular
353,1100,700,338.36871821833483,-85,-85,-85,-85,1350,700,327.88518294922176,14.028544482920204,circular
354,1100,700,338.36871821833483,-85,-85,-85,-85,1350,700,341.91372743214197,14.028544482920204,circular
355,1100,700,338.36871821833483,-85,-85,-85,-85,1350,700,355.9422719150622,14.028544482920204,circular
356,1100,700,338.36871821833483,-85,-85,-85,-85,1350,700,9.97081639798239,14.028544482920204,circular
357,1100,700,338.36871821833483,-85,-85,-85,-85,1350,700,23.999360880902593,14.028544482920204,circular
358,1100,700,338.36871821833483,-85,-85,-85,-85,1350,700,38.027905363822796,14.028544482920204,circular
359,1100,700,338.36871821833483,-85,-85,-85,-85,1350,700,52.056449846743,14.028544482920204,circular
360,1100,700,338.36871821833483,-85,-85,-85,-85,1350,700,66.0849943296632,14.028544482920204,circular
361,1100,700,338.36871821833483,-85,-85,-85,-85,1350,700,80.11353881258341,14.028544482920204,circular
362,1100,700,338.36871821833483,-85,-85,-85,-85,1350,700,94.14208329550362,14.028544482920204,circular
363,1100,700,338.36871821833483,-85,-85,-85,-85,1350,700,108.17062777842384,14.028544482920204,circular
364,1100,700,338.36871821833483,-85,-85,-85,-85,1350,700,122.19917226134405,14.028544482920204,circular
365,1100,700,338.36871821833483,-85,-85,-85,-85,1350,700,136.22771674426426,14.028544482920204,circular
366,1100,700,338.36871821833483,16.269948115724727,-85,-85,-85,1350,700,150.25626122718447,14.028544482920204,circular
367,1100,700,338.36871821833483,23.553218972269416,-85,-85,22.793695368992218,1350,700,164.28480571010468,14.028544482920204,circular
368,1100,700,338.36871821833483,25.536951728381826,-85,-85,25.26334459461691,1350,700,178.3133501930249,14.028544482920204,circular
369,1100,700,338.36871821833483,26.077602459396946,-85,-85,26.053745949214605,1350,700,192.3418946759451,14.028544482920204,circular
370,1100,700,338.36871821833483,25.614204328866276,-85,-85,25.807460623826316,1350,700,206.3704391588653,14.028544482920204,circular
371,1100,700,338.36871821833483,23.769789312347285,-85,-85,24.332711411139446,1350,700,220.39898364178552,14.028544482920204,circular
372,1100,700,338.36871821833483,17.51315549939211,-85,-85,19.914354227256315,1350,700,234.42752812470573,14.028544482920204,circular
373,1100,700,338.36871821833483,-85,-85,-85,-85,1350,700,248.45607260762594,14.028544482920204,circular
374,1100,700,338.36871821833483,-85,-85,-85,-85,1350,700,262.4846170905461,14.028544482920204,circular
375,1100,700,338.36871821833483,-85,-85,-85,-85,1350,700,276.51316157346633,14.028544482920204,circular
376,1100,700,338.36871821833483,-85,-85,-85,-85,1350,700,290.54170605638654,14.028544482920204,circular
377,1100,700,338.36871821833483,-85,-85,-85,-85,1350,700,304.57025053930676,14.028544482920204,circular
378,1100,700,338.36871821833483,-85,-85,-85,-85,1350,700,318.59879502222697,14.028544482920204,circular
379,1100,700,338.36871821833483,-85,-85,-85,-85,1350,700,332.6273395051472,14.028544482920204,circular
380,1100,700,338.36871821833483,-85,-85,-85,-85,1350,700,346.6558839880674,14.028544482920204,circular
381,1100,700,338.36871821833483,-85,-85,-85,-85,1350,700,0.6844284709875978,14.028544482920204,circular
382,1100,700,338.36871821833483,-85,-85,-85,-85,1350,700,14.712972953907801,14.028544482920204,circular
383,1100,700,338.36871821833483,-85,-85,-85,-85,1350,700,28.741517436828005,14.028544482920204,circular
384,1100,700,338.36871821833483,-85,-85,-85,-85,1350,700,42.77006191974821,14.028544482920204,circular
385,1100,700,338.36871821833483,-85,-85,-85,-85,1350,700,56.79860640266841,14.028544482920204,circular
386,1100,700,338.36871821833483,-85,-85,-85,-85,1350,700,70.82715088558862,14.028544482920204,circular
387,1100,700,338.36871821833483,-85,-85,-85,-85,1350,700,84.85569536850883,14.028544482920204,circular
388,1100,700,338.36871821833483,-85,-85,-85,-85,1350,700,98.88423985142904,14.028544482920204,circular
389,1100,700,338.36871821833483,-85,-85,-85,-85,1350,700,112.91278433434925,14.028544482920204,circular
390,1100,700,338.36871821833483,-85,-85,-85,-85,1350,700,126.94132881726946,14.028544482920204,circular
391,1100,700,338.36871821833483,-85,-85,-85,-85,1350,700,140.96987330018968,14.028544482920204,circular
392,1100,700,338.36871821833483,19.91435422725632,-85,-85,17.513155499392102,1350,700,154.9984177831099,14.028544482920204,circular
393,1100,700,338.36871821833483,24.33271141113945,-85,-85,23.769789312347285,1350,700,169.0269622660301,14.028544482920204,circular
394,1100,700,338.36871821833483,25.80746062382631,-85,-85,25.614204328866276,1350,700,183.0555067489503,14.028544482920204,circular
395,1100,700,338.36871821833483,26.053745949214605,-85,-85,26.077602459396946,1350,700,197.08405123187052,14.028544482920204,circular
396,1100,700,338.36871821833483,25.157178905256924,-85,-85,25.536951728381826,1350,700,211.11259571479073,14.028544482920204,circular
397,1100,700,338.36871821833483,22.496022074683278,-85,-85,23.553218972269416,1350,700,225.14114019771094,14.028544482920204,circular
398,1100,700,338.36871821833483,-85,-85,-85,14.513447644213265,1350,700,239.16968468063115,14.028544482920204,circular
399,1100,700,338.36871821833483,-85,-85,-85,-85,1350,700,253.19822916355136,14.028544482920204,circular
400,1100,700,338.36871821833483,-85,-85,-85,-85,1350,700,267.22677364647154,14.028544482920204,circular
401,1100,700,338.36871821833483,-85,-85,-85,-85,1350,700,281.25531812939175,14.028544482920204,circular
402,1100,700,338.36871821833483,-85,-85,-85,-85,1350,700,295.28386261231196,14.028544482920204,circular
403,1100,700,338.36871821833483,-85,-85,-85,-85,1350,700,309.3124070952322,14.028544482920204,circular
404,1100,700,338.36871821833483,-85,-85,-85,-85,1350,700,323.3409515781524,14.028544482920204,circular
405,1100,700,338.36871821833483,-85,-85,-85,-85,1350,700,337.3694960610726,14.028544482920204,circular
406,1100,700,338.36871821833483,-85,-85,-85,-85,1350,700,351.3980405439928,14.028544482920204,circular
407,1100,700,338.36871821833483,-85,-85,-85,-85,1350,700,5.426585026913017,14.028544482920204,circular
408,1100,700,338.36871821833483,-85,-85,-85,-85,1350,700,19.45512950983322,14.028544482920204,circular
409,1100,700,338.36871821833483,-85,-85,-85,-85,1350,700,33.483673992753424,14.028544482920204,circular
410,1100,700,338.36871821833483,-85,-85,-85,-85,1350,700,47.51221847567363,14.028544482920204,circular
411,1100,700,338.36871821833483,-85,-85,-85,-85,1350,700,61.54076295859383,14.028544482920204,circular
412,1100,700,338.36871821833483,-85,-85,-85,-85,1350,700,75.56930744151404,14.028544482920204,circular
413,1100,700,338.36871821833483,-85,-85,-85,-85,1350,700,89.59785192443425,14.028544482920204,circular
414,1100,700,338.36871821833483,-85,-85,-85,-85,1350,700,103.62639640735446,14.028544482920204,circular
415,1100,700,338.36871821833483,-85,-85,-85,-85,1350,700,117.65494089027467,14.028544482920204,circular
416,1100,700,338.36871821833483,-85,-85,-85,-85,1350,700,131.68348537319488,14.028544482920204,circular
417,1100,700,338.36871821833483,-85,-85,-85,-85,1350,700,145.7120298561151,14.028544482920204,circular
418,1100,700,338.36871821833483,22.170735458799452,-85,-85,20.97742610025734,1350,700,159.7405743390353,14.028544482920204,circular
419,1100,700,338.36871821833483,25.042923900792417,-85,-85,24.646943359767004,1350,700,173.76911882195552,14.028544482920204,circular
420,1100,700,338.36871821833483,26.011117049096303,-85,-85,25.906018829630398,1350,700,187.79766330487573,14.028544482920204,circular
421,1100,700,338.36871821833483,25.906018829630398,-85,-85,26.011117049096303,1350,700,201.82620778779594,14.028544482920204,circular
422,1100,700,338.36871821833483,24.646943359767004,-85,-85,25.042923900792417,1350,700,215.85475227071615,14.028544482920204,circular
423,1100,700,338.36871821833483,20.97742610025735,-85,-85,22.170735458799452,1350,700,229.88329675363636,14.028544482920204,circular
424,1100,700,338.36871821833483,-85,-85,-85,-85,1350,700,243.91184123655657,14.028544482920204,circular
425,1100,700,338.36871821833483,-85,-85,-85,-85,1350,700,257.94038571947675,14.028544482920204,circular
426,1100,700,338.36871821833483,-85,-85,-85,-85,1350,700,271.96893020239696,14.028544482920204,circular
427,1100,700,338.36871821833483,-85,-85,-85,-85,1350,700,285.9974746853172,14.028544482920204,circular
428,1100,700,338.36871821833483,-85,-85,-85,-85,1350,700,300.0260191682374,14.028544482920204,circular
429,1100,700,338.36871821833483,-85,-85,-85,-85,1350,700,314.0545636511576,14.028544482920204,circular
430,1100,700,338.36871821833483,-85,-85,-85,-85,1350,700,328.0831081340778,14.028544482920204,circular
431,1100,700,338.36871821833483,-85,-85,-85,-85,1350,700,342.111652616998,14.028544482920204,circular
432,1100,700,338.36871821833483,-85,-85,-85,-85,1350,700,356.1401970999182,14.028544482920204,circular
433,1100,700,338.36871821833483,-85,-85,-85,-85,1350,700,10.168741582838436,14.028544482920204,circular
434,1100,700,338.36871821833483,-85,-85,-85,-85,1350,700,24.19728606575864,14.028544482920204,circular
435,1100,700,338.36871821833483,-85,-85,-85,-85,1350,700,38.22583054867884,14.028544482920204,circular
436,1100,700,338.36871821833483,-85,-85,-85,-85,1350,700,52.25437503159905,14.028544482920204,circular
437,1100,700,338.36871821833483,-85,-85,-85,-85,1350,700,66.28291951451925,14.028544482920204,circular
438,1100,700,338.36871821833483,-85,-85,-85,-85,1350,700,80.31146399743946,14.028544482920204,circular
439,1100,700,338.36871821833483,-85,-85,-85,-85,1350,700,94.34000848035967,14.028544482920204,circular
440,1100,700,338.36871821833483,-85,-85,-85,-85,1350,700,108.36855296327988,14.028544482920204,circular
441,1100,700,338.36871821833483,-85,-85,-85,-85,1350,700,122.39709744620009,14.028544482920204,circular
442,1100,700,338.36871821833483,-85,-85,-85,-85,1350,700,136.4256419291203,14.028544482920204,circular
443,1100,700,338.36871821833483,16.269948115724727,-85,-85,-85,1350,700,150.4541864120405,14.028544482920204,circular
444,1100,700,338.36871821833483,23.553218972269416,-85,-85,22.793695368992218,1350,700,164.48273089496072,14.028544482920204,circular
445,1100,700,338.36871821833483,25.536951728381826,-85,-85,25.26334459461691,1350,700,178.51127537788093,14.028544482920204,circular
446,1100,700,338.36871821833483,26.077602459396946,-85,-85,26.053745949214605,1350,700,192.53981986080115,14.028544482920204,circular
447,1100,700,338.36871821833483,25.614204328866276,-85,-85,25.807460623826316,1350,700,206.56836434372136,14.028544482920204,circular
448,1100,700,338.36871821833483,23.769789312347285,-85,-85,24.332711411139446,1350,700,220.59690882664157,14.028544482920204,circular
449,1100,700,338.36871821833483,17.51315549939211,-85,-85,19.914354227256315,1350,700,234.62545330956178,14.028544482920204,circular
450,1100,700,338.36871821833483,-85,-85,-85,-85,1350,700,248.653997792482,14.028544482920204,circular
451,1100,700,338.36871821833483,-85,-85,-85,-85,1350,700,262.68254227540217,14.028544482920204,circular
452,1100,700,338.36871821833483,-85,-85,-85,-85,1350,700,276.7110867583224,14.028544482920204,circular
453,1100,700,338.36871821833483,-85,-85,-85,-85,1350,700,290.7396312412426,14.028544482920204,circular
454,1100,700,338.36871821833483,-85,-85,-85,-85,1350,700,304.7681757241628,14.028544482920204,circular
455,1100,700,338.36871821833483,-85,-85,-85,-85,1350,700,318.796720207083,14.028544482920204,circular
456,1100,700,338.36871821833483,-85,-85,-85,-85,1350,700,332.8252646900032,14.028544482920204,circular
457,1100,700,338.36871821833483,-85,-85,-85,-85,1350,700,346.85380917292343,14.028544482920204,circular
458,1100,700,338.36871821833483,-85,-85,-85,-85,1350,700,0.8823536558436444,14.028544482920204,circular
459,1100,700,338.36871821833483,-85,-85,-85,-85,1350,700,14.910898138763848,14.028544482920204,circular
460,1100,700,338.36871821833483,-85,-85,-85,-85,1350,700,28.93944262168405,14.028544482920204,circular
461,1100,700,338.36871821833483,-85,-85,-85,-85,1350,700,42.967987104604255,14.028544482920204,circular
462,1100,700,338.36871821833483,-85,-85,-85,-85,1350,700,56.99653158752446,14.028544482920204,circular
463,1100,700,338.36871821833483,-85,-85,-85,-85,1350,700,71.02507607044467,14.028544482920204,circular
464,1100,700,338.36871821833483,-85,-85,-85,-85,1350,700,85.05362055336488,14.028544482920204,circular
465,1100,700,338.36871821833483,-85,-85,-85,-85,1350,700,99.08216503628509,14.028544482920204,circular
466,1100,700,338.36871821833483,-85,-85,-85,-85,1350,700,113.1107095192053,14.028544482920204,circular
467,1100,700,338.36871821833483,-85,-85,-85,-85,1350,700,127.13925400212551,14.028544482920204,circular
468,1100,700,338.36871821833483,-85,-85,-85,-85,1350,700,141.16779848504572,14.028544482920204,circular
469,1100,700,338.36871821833483,20.48098321025059,-85,-85,18.47430475951294,1350,700,155.19634296796593,14.028544482920204,circular
470,1100,700,338.36871821833483,24.495315191602927,-85,-85,23.971022246457757,1350,700,169.22488745088614,14.028544482920204,circular
471,1100,700,338.36871821833483,25.859665714847075,-85,-85,25.684904084789974,1350,700,183.25343193380635,14.028544482920204,circular
472,1100,700,338.36871821833483,26.035130213615616,-85,-85,26.074956048612798,1350,700,197.28197641672656,14.028544482920204,circular
473,1100,700,338.36871821833483,25.157178905256924,-85,-85,25.452908776355446,1350,700,211.31052089964678,14.028544482920204,circular
474,1100,700,338.36871821833483,22.496022074683278,-85,-85,23.319699537123853,1350,700,225.339065382567,14.028544482920204,circular
475,1100,700,338.36871821833483,-85,-85,-85,14.513447644213265,1350,700,239.3676098654872,14.028544482920204,circular
476,1100,700,338.36871821833483,-85,-85,-85,-85,1350,700,253.3961543484074,14.028544482920204,circular
477,1100,700,338.36871821833483,-85,-85,-85,-85,1350,700,267.4246988313276,14.028544482920204,circular
478,1100,700,338.36871821833483,-85,-85,-85,-85,1350,700,281.4532433142478,14.028544482920204,circular
479,1100,700,338.36871821833483,-85,-85,-85,-85,1350,700,295.481787797168,14.028544482920204,circular
480,1100,700,338.36871821833483,-85,-85,-85,-85,1350,700,309.5103322800882,14.028544482920204,circular
481,1100,700,338.36871821833483,-85,-85,-85,-85,1350,700,323.53887676300843,14.028544482920204,circular
482,1100,700,338.36871821833483,-85,-85,-85,-85,1350,700,337.56742124592864,14.028544482920204,circular
483,1100,700,338.36871821833483,-85,-85,-85,-85,1350,700,351.59596572884885,14.028544482920204,circular
484,1100,700,338.36871821833483,-85,-85,-85,-85,1350,700,5.6245102117690635,14.028544482920204,circular
485,1100,700,338.36871821833483,-85,-85,-85,-85,1350,700,19.653054694689267,14.028544482920204,circular
486,1100,700,338.36871821833483,-85,-85,-85,-85,1350,700,33.68159917760947,14.028544482920204,circular
487,1100,700,338.36871821833483,-85,-85,-85,-85,1350,700,47.710143660529674,14.028544482920204,circular
488,1100,700,338.36871821833483,-85,-85,-85,-85,1350,700,61.73868814344988,14.028544482920204,circular
489,1100,700,338.36871821833483,-85,-85,-85,-85,1350,700,75.76723262637009,14.028544482920204,circular
490,1100,700,338.36871821833483,-85,-85,-85,-85,1350,700,89.7957771092903,14.028544482920204,circular
491,1100,700,338.36871821833483,-85,-85,-85,-85,1350,700,103.82432159221051,14.028544482920204,circular
492,1100,700,338.36871821833483,-85,-85,-85,-85,1350,700,117.85286607513072,14.028544482920204,circular
493,1100,700,338.36871821833483,-85,-85,-85,-85,1350,700,131.88141055805093,14.028544482920204,circular
494,1100,700,338.36871821833483,-85,-85,-85,-85,1350,700,145.90995504097114,14.028544482920204,circular
495,1100,700,338.36871821833483,22.170735458799452,-85,-85,20.97742610025734,1350,700,159.93849952389135,14.028544482920204,circular
496,1100,700,338.36871821833483,25.042923900792417,-85,-85,24.646943359767004,1350,700,173.96704400681156,14.028544482920204,circular
497,1100,700,338.36871821833483,26.011117049096303,-85,-85,25.906018829630398,1350,700,187.99558848973177,14.028544482920204,circular
498,1100,700,338.36871821833483,25.906018829630398,-85,-85,26.011117049096303,1350,700,202.02413297265198,14.028544482920204,circular
499,1100,700,338.36871821833483,24.646943359767004,-85,-85,25.042923900792417,1350,700,216.0526774555722,14.028544482920204,circular
500,1100,700,338.36871821833483,20.97742610025735,-85,-85,22.170735458799452,1350,700,230.0812219384924,14.028544482920204,circular
501,1100,700,338.36871821833483,-85,-85,-85,-85,1350,700,244.10976642141262,14.028544482920204,circular
502,1100,700,338.36871821833483,-85,-85,-85,-85,1350,700,258.1383109043328,14.028544482920204,circular
503,1100,700,338.36871821833483,-85,-85,-85,-85,1350,700,272.166855387253,14.028544482920204,circular
504,1100,700,338.36871821833483,-85,-85,-85,-85,1350,700,286.1953998701732,14.028544482920204,circular
505,1100,700,338.36871821833483,-85,-85,-85,-85,1350,700,300.22394435309343,14.028544482920204,circular
506,1100,700,338.36871821833483,-85,-85,-85,-85,1350,700,314.25248883601364,14.028544482920204,circular
507,1100,700,338.36871821833483,-85,-85,-85,-85,1350,700,328.28103331893385,14.028544482920204,circular
508,1100,700,338.36871821833483,-85,-85,-85,-85,1350,700,342.30957780185406,14.028544482920204,circular
509,1100,700,338.36871821833483,-85,-85,-85,-85,1350,700,356.3381222847743,14.028544482920204,circular
510,1100,700,338.36871821833483,-85,-85,-85,-85,1350,700,10.366666767694483,14.028544482920204,circular
511,1100,700,338.36871821833483,-85,-85,-85,-85,1350,700,24.395211250614686,14.028544482920204,circular
512,1100,700,338.36871821833483,-85,-85,-85,-85,1350,700,38.42375573353489,14.028544482920204,circular
513,1100,700,338.36871821833483,-85,-85,-85,-85,1350,700,52.45230021645509,14.028544482920204,circular
514,1100,700,338.36871821833483,-85,-85,-85,-85,1350,700,66.4808446993753,14.028544482920204,circular
515,1100,700,338.36871821833483,-85,-85,-85,-85,1350,700,80.50938918229551,14.028544482920204,circular
516,1100,700,338.36871821833483,-85,-85,-85,-85,1350,700,94.53793366521572,14.028544482920204,circular
517,1100,700,338.36871821833483,-85,-85,-85,-85,1350,700,108.56647814813593,14.028544482920204,circular
518,1100,700,338.36871821833483,-85,-85,-85,-85,1350,700,122.59502263105614,14.028544482920204,circular
519,1100,700,338.36871821833483,-85,-85,-85,-85,1350,700,136.62356711397635,14.028544482920204,circular
520,1100,700,338.36871821833483,16.269948115724727,-85,-85,-85,1350,700,150.65211159689656,14.028544482920204,circular
521,1100,700,338.36871821833483,23.553218972269416,-85,-85,22.793695368992218,1350,700,164.68065607981677,14.028544482920204,circular
522,1100,700,338.36871821833483,25.536951728381826,-85,-85,25.26334459461691,1350,700,178.70920056273698,14.028544482920204,circular
523,1100,700,338.36871821833483,26.077602459396946,-85,-85,26.053745949214605,1350,700,192.7377450456572,14.028544482920204,circular
524,1100,700,338.36871821833483,25.614204328866276,-85,-85,25.807460623826316,1350,700,206.7662895285774,14.028544482920204,circular
525,1100,700,338.36871821833483,23.769789312347285,-85,-85,24.332711411139446,1350,700,220.7948340114976,14.028544482920204,circular
526,1100,700,338.36871821833483,17.51315549939211,-85,-85,19.914354227256315,1350,700,234.82337849441782,14.028544482920204,circular
527,1100,700,338.36871821833483,-85,-85,-85,-85,1350,700,248.85192297733803,14.028544482920204,circular
528,1100,700,338.36871821833483,-85,-85,-85,-85,1350,700,262.8804674602582,14.028544482920204,circular
529,1100,700,338.36871821833483,-85,-85,-85,-85,1350,700,276.9090119431784,14.028544482920204,circular
530,1100,700,338.36871821833483,-85,-85,-85,-85,1350,700,290.93755642609864,14.028544482920204,circular
531,1100,700,338.36871821833483,-85,-85,-85,-85,1350,700,304.96610090901885,14.028544482920204,circular
532,1100,700,338.36871821833483,-85,-85,-85,-85,1350,700,318.99464539193906,14.028544482920204,circular
533,1100,700,338.36871821833483,-85,-85,-85,-85,1350,700,333.02318987485927,14.028544482920204,circular
534,1100,700,338.36871821833483,-85,-85,-85,-85,1350,700,347.0517343577795,14.028544482920204,circular
535,1100,700,338.36871821833483,-85,-85,-85,-85,1350,700,1.080278840699691,14.028544482920204,circular
536,1100,700,338.36871821833483,-85,-85,-85,-85,1350,700,15.108823323619895,14.028544482920204,circular
537,1100,700,338.36871821833483,-85,-85,-85,-85,1350,700,29.137367806540098,14.028544482920204,circular
538,1100,700,338.36871821833483,-85,-85,-85,-85,1350,700,43.1659122894603,14.028544482920204,circular
539,1100,700,338.36871821833483,-85,-85,-85,-85,1350,700,57.194456772380505,14.028544482920204,circular
540,1100,700,338.36871821833483,-85,-85,-85,-85,1350,700,71.22300125530072,14.028544482920204,circular
541,1100,700,338.36871821833483,-85,-85,-85,-85,1350,700,85.25154573822093,14.028544482920204,circular
542,1100,700,338.36871821833483,-85,-85,-85,-85,1350,700,99.28009022114114,14.028544482920204,circular
543,1100,700,338.36871821833483,-85,-85,-85,-85,1350,700,113.30863470406135,14.028544482920204,circular
544,1100,700,338.36871821833483,-85,-85,-85,-85,1350,700,127.33717918698156,14.028544482920204,circular
545,1100,700,338.36871821833483,-85,-85,-85,-85,1350,700,141.36572366990177,14.028544482920204,circular
546,1100,700,338.36871821833483,20.48098321025059,-85,-85,18.47430475951294,1350,700,155.39426815282198,14.028544482920204,circular
547,1100,700,338.36871821833483,24.495315191602927,-85,-85,23.971022246457757,1350,700,169.4228126357422,14.028544482920204,circular
548,1100,700,338.36871821833483,25.859665714847075,-85,-85,25.684904084789974,1350,700,183.4513571186624,14.028544482920204,circular
549,1100,700,338.36871821833483,26.035130213615616,-85,-85,26.074956048612798,1350,700,197.4799016015826,14.028544482920204,circular
550,1100,700,338.36871821833483,25.157178905256924,-85,-85,25.452908776355446,1350,700,211.50844608450282,14.028544482920204,circular
551,1100,700,338.36871821833483,22.496022074683278,-85,-85,23.319699537123853,1350,700,225.53699056742303,14.028544482920204,circular
552,1100,700,338.36871821833483,-85,-85,-85,14.513447644213265,1350,700,239.56553505034324,14.028544482920204,circular
553,1100,700,338.36871821833483,-85,-85,-85,-85,1350,700,253.59407953326345,14.028544482920204,circular
554,1100,700,338.36871821833483,-85,-85,-85,-85,1350,700,267.62262401618364,14.028544482920204,circular
555,1100,700,338.36871821833483,-85,-85,-85,-85,1350,700,281.65116849910385,14.028544482920204,circular
556,1100,700,338.36871821833483,-85,-85,-85,-85,1350,700,295.67971298202406,14.028544482920204,circular
557,1100,700,338.36871821833483,-85,-85,-85,-85,1350,700,309.70825746494427,14.028544482920204,circular
558,1100,700,338.36871821833483,-85,-85,-85,-85,1350,700,323.7368019478645,14.028544482920204,circular
559,1100,700,338.36871821833483,-85,-85,-85,-85,1350,700,337.7653464307847,14.028544482920204,circular
560,1100,700,338.36871821833483,-85,-85,-85,-85,1350,700,351.7938909137049,14.028544482920204,circular
561,1100,700,338.36871821833483,-85,-85,-85,-85,1350,700,5.82243539662511,14.028544482920204,circular
562,1100,700,338.36871821833483,-85,-85,-85,-85,1350,700,19.850979879545314,14.028544482920204,circular
563,1100,700,338.36871821833483,-85,-85,-85,-85,1350,700,33.87952436246552,14.028544482920204,circular
564,1100,700,338.36871821833483,-85,-85,-85,-85,1350,700,47.90806884538572,14.028544482920204,circular
565,1100,700,338.36871821833483,-85,-85,-85,-85,1350,700,61.936613328305924,14.028544482920204,circular
566,1100,700,338.36871821833483,-85,-85,-85,-85,1350,700,75.96515781122613,14.028544482920204,circular
567,1100,700,338.36871821833483,-85,-85,-85,-85,1350,700,89.99370229414635,14.028544482920204,circular
568,1100,700,338.36871821833483,-85,-85,-85,-85,1350,700,104.02224677706656,14.028544482920204,circular
569,1100,700,338.36871821833483,-85,-85,-85,-85,1350,700,118.05079125998677,14.028544482920204,circular
570,1100,700,338.36871821833483,-85,-85,-85,-85,1350,700,132.07933574290698,14.028544482920204,circular
571,1100,700,338.36871821833483,-85,-85,-85,-85,1350,700,146.1078802258272,14.028544482920204,circular
572,1100,700,338.36871821833483,22.496022074683278,-85,-85,20.97742610025734,1350,700,160.1364247087474,14.028544482920204,circular
573,1100,700,338.36871821833483,25.157178905256924,-85,-85,24.646943359767004,1350,700,174.1649691916676,14.028544482920204,circular
574,1100,700,338.36871821833483,26.035130213615616,-85,-85,25.946643644493044,1350,700,188.19351367458782,14.028544482920204,circular
575,1100,700,338.36871821833483,25.859665714847075,-85,-85,25.9816463993744,1350,700,202.22205815750803,14.028544482920204,circular
576,1100,700,338.36871821833483,24.495315191602927,-85,-85,24.92014212493214,1350,700,216.25060264042824,14.028544482920204,circular
577,1100,700,338.36871821833483,20.48098321025059,-85,-85,21.81335663023087,1350,700,230.27914712334845,14.028544482920204,circular
578,1100,700,338.36871821833483,-85,-85,-85,-85,1350,700,244.30769160626866,14.028544482920204,circular
579,1100,700,338.36871821833483,-85,-85,-85,-85,1350,700,258.33623608918884,14.028544482920204,circular
580,1100,700,338.36871821833483,-85,-85,-85,-85,1350,700,272.36478057210905,14.028544482920204,circular
581,1100,700,338.36871821833483,-85,-85,-85,-85,1350,700,286.39332505502927,14.028544482920204,circular
582,1100,700,338.36871821833483,-85,-85,-85,-85,1350,700,300.4218695379495,14.028544482920204,circular
583,1100,700,338.36871821833483,-85,-85,-85,-85,1350,700,314.4504140208697,14.028544482920204,circular
584,1100,700,338.36871821833483,-85,-85,-85,-85,1350,700,328.4789585037899,14.028544482920204,circular
585,1100,700,338.36871821833483,-85,-85,-85,-85,1350,700,342.5075029867101,14.028544482920204,circular
586,1100,700,338.36871821833483,-85,-85,-85,-85,1350,700,356.5360474696303,14.028544482920204,circular
587,1100,700,338.36871821833483,-85,-85,-85,-85,1350,700,10.56459195255053,14.028544482920204,circular
588,1100,700,338.36871821833483,-85,-85,-85,-85,1350,700,24.593136435470733,14.028544482920204,circular
589,1100,700,338.36871821833483,-85,-85,-85,-85,1350,700,38.621680918390936,14.028544482920204,circular
590,1100,700,338.36871821833483,-85,-85,-85,-85,1350,700,52.65022540131114,14.028544482920204,circular
591,1100,700,338.36871821833483,-85,-85,-85,-85,1350,700,66.67876988423134,14.028544482920204,circular
592,1100,700,338.36871821833483,-85,-85,-85,-85,1350,700,80.70731436715155,14.028544482920204,circular
593,1100,700,338.36871821833483,-85,-85,-85,-85,1350,700,94.73585885007176,14.028544482920204,circular
594,1100,700,338.36871821833483,-85,-85,-85,-85,1350,700,108.76440333299198,14.028544482920204,circular
595,1100,700,338.36871821833483,-85,-85,-85,-85,1350,700,122.79294781591219,14.028544482920204,circular
596,1100,700,338.36871821833483,-85,-85,-85,-85,1350,700,136.8214922988324,14.028544482920204,circular
597,1100,700,338.36871821833483,16.269948115724727,-85,-85,-85,1350,700,150.8500367817526,14.028544482920204,circular
598,1100,700,338.36871821833483,23.553218972269416,-85,-85,22.793695368992218,1350,700,164.87858126467282,14.028544482920204,circular
599,1100,700,338.36871821833483,25.536951728381826,-85,-85,25.26334459461691,1350,700,178.90712574759303,14.028544482920204,circular
600,1100,700,338.36871821833483,26.077602459396946,-85,-85,26.053745949214605,1350,700,192.93567023051324,14.028544482920204,circular
601,1100,700,338.36871821833483,25.614204328866276,-85,-85,25.807460623826316,1350,700,206.96421471343345,14.028544482920204,circular
602,1100,700,338.36871821833483,23.769789312347285,-85,-85,24.332711411139446,1350,700,220.99275919635366,14.028544482920204,circular
603,1100,700,338.36871821833483,17.51315549939211,-85,-85,19.914354227256315,1350,700,235.02130367927387,14.028544482920204,circular
604,1100,700,338.36871821833483,-85,-85,-85,-85,1350,700,249.04984816219408,14.028544482920204,circular
605,1100,700,338.36871821833483,-85,-85,-85,-85,1350,700,263.07839264511426,14.028544482920204,circular
606,1100,700,338.36871821833483,-85,-85,-85,-85,1350,700,277.1069371280345,14.028544482920204,circular
607,1100,700,338.36871821833483,-85,-85,-85,-85,1350,700,291.1354816109547,14.028544482920204,circular
608,1100,700,338.36871821833483,-85,-85,-85,-85,1350,700,305.1640260938749,14.028544482920204,circular
609,1100,700,338.36871821833483,-85,-85,-85,-85,1350,700,319.1925705767951,14.028544482920204,circular
610,1100,700,338.36871821833483,-85,-85,-85,-85,1350,700,333.2211150597153,14.028544482920204,circular
611,1100,700,338.36871821833483,-85,-85,-85,-85,1350,700,347.2496595426355,14.028544482920204,circular
612,1100,700,338.36871821833483,-85,-85,-85,-85,1350,700,1.2782040255557376,14.028544482920204,circular
613,1100,700,338.36871821833483,-85,-85,-85,-85,1350,700,15.306748508475941,14.028544482920204,circular
614,1100,700,338.36871821833483,-85,-85,-85,-85,1350,700,29.335292991396145,14.028544482920204,circular
615,1100,700,338.36871821833483,-85,-85,-85,-85,1350,700,43.36383747431635,14.028544482920204,circular
616,1100,700,338.36871821833483,-85,-85,-85,-85,1350,700,57.39238195723655,14.028544482920204,circular
617,1100,700,338.36871821833483,-85,-85,-85,-85,1350,700,71.42092644015676,14.028544482920204,circular
618,1100,700,338.36871821833483,-85,-85,-85,-85,1350,700,85.44947092307697,14.028544482920204,circular
619,1100,700,338.36871821833483,-85,-85,-85,-85,1350,700,99.47801540599718,14.028544482920204,circular
620,1100,700,338.36871821833483,-85,-85,-85,-85,1350,700,113.5065598889174,14.028544482920204,circular
621,1100,700,338.36871821833483,-85,-85,-85,-85,1350,700,127.5351043718376,14.028544482920204,circular
622,1100,700,338.36871821833483,-85,-85,-85,-85,1350,700,141.56364885475782,14.028544482920204,circular
623,1100,700,338.36871821833483,20.48098321025059,-85,-85,18.47430475951294,1350,700,155.59219333767803,14.028544482920204,circular
624,1100,700,338.36871821833483,24.495315191602927,-85,-85,23.971022246457757,1350,700,169.62073782059824,14.028544482920204,circular
625,1100,700,338.36871821833483,25.859665714847075,-85,-85,25.684904084789974,1350,700,183.64928230351845,14.028544482920204,circular
626,1100,700,338.36871821833483,26.035130213615616,-85,-85,26.074956048612798,1350,700,197.67782678643866,14.028544482920204,circular
627,1100,700,338.36871821833483,25.157178905256924,-85,-85,25.452908776355446,1350,700,211.70637126935887,14.028544482920204,circular
628,1100,700,338.36871821833483,22.496022074683278,-85,-85,23.319699537123853,1350,700,225.73491575227908,14.028544482920204,circular
629,1100,700,338.36871821833483,-85,-85,-85,14.513447644213265,1350,700,239.7634602351993,14.028544482920204,circular
630,1100,700,338.36871821833483,-85,-85,-85,-85,1350,700,253.7920047181195,14.028544482920204,circular
631,1100,700,338.36871821833483,-85,-85,-85,-85,1350,700,267.8205492010397,14.028544482920204,circular
632,1100,700,338.36871821833483,-85,-85,-85,-85,1350,700,281.8490936839599,14.028544482920204,circular
633,1100,700,338.36871821833483,-85,-85,-85,-85,1350,700,295.8776381668801,14.028544482920204,circular
634,1100,700,338.36871821833483,-85,-85,-85,-85,1350,700,309.9061826498003,14.028544482920204,circular
635,1100,700,338.36871821833483,-85,-85,-85,-85,1350,700,323.9347271327205,14.028544482920204,circular
636,1100,700,338.36871821833483,-85,-85,-85,-85,1350,700,337.96327161564074,14.028544482920204,circular
637,1100,700,338.36871821833483,-85,-85,-85,-85,1350,700,351.99181609856095,14.028544482920204,circular
638,1100,700,338.36871821833483,-85,-85,-85,-85,1350,700,6.020360581481157,14.028544482920204,circular
639,1100,700,338.36871821833483,-85,-85,-85,-85,1350,700,20.04890506440136,14.028544482920204,circular
640,1100,700,338.36871821833483,-85,-85,-85,-85,1350,700,34.077449547321564,14.028544482920204,circular
641,1100,700,338.36871821833483,-85,-85,-85,-85,1350,700,48.10599403024177,14.028544482920204,circular
642,1100,700,338.36871821833483,-85,-85,-85,-85,1350,700,62.13453851316197,14.028544482920204,circular
643,1100,700,338.36871821833483,-85,-85,-85,-85,1350,700,76.16308299608218,14.028544482920204,circular
644,1100,700,338.36871821833483,-85,-85,-85,-85,1350,700,90.19162747900239,14.028544482920204,circular
645,1100,700,338.36871821833483,-85,-85,-85,-85,1350,700,104.2201719619226,14.028544482920204,circular
646,1100,700,338.36871821833483,-85,-85,-85,-85,1350,700,118.24871644484281,14.028544482920204,circular
647,1100,700,338.36871821833483,-85,-85,-85,-85,1350,700,132.27726092776302,14.028544482920204,circular
648,1100,700,338.36871821833483,-85,-85,-85,-85,1350,700,146.30580541068323,14.028544482920204,circular
649,1100,700,338.36871821833483,22.496022074683278,-85,-85,21.41811930585211,1350,700,160.33434989360345,14.028544482920204,circular
650,1100,700,338.36871821833483,25.157178905256924,-85,-85,24.78833704083229,1350,700,174.36289437652366,14.028544482920204,circular
651,1100,700,338.36871821833483,26.035130213615616,-85,-85,25.946643644493044,1350,700,188.39143885944387,14.028544482920204,circular
652,1100,700,338.36871821833483,25.859665714847075,-85,-85,25.9816463993744,1350,700,202.41998334236408,14.028544482920204,circular
653,1100,700,338.36871821833483,24.495315191602927,-85,-85,24.92014212493214,1350,700,216.4485278252843,14.028544482920204,circular
654,1100,700,338.36871821833483,20.48098321025059,-85,-85,21.81335663023087,1350,700,230.4770723082045,14.028544482920204,circular
655,1100,700,338.36871821833483,-85,-85,-85,-85,1350,700,244.5056167911247,14.028544482920204,circular
656,1100,700,338.36871821833483,-85,-85,-85,-85,1350,700,258.5341612740449,14.028544482920204,circular
657,1100,700,338.36871821833483,-85,-85,-85,-85,1350,700,272.5627057569651,14.028544482920204,circular
658,1100,700,338.36871821833483,-85,-85,-85,-85,1350,700,286.5912502398853,14.028544482920204,circular
659,1100,700,338.36871821833483,-85,-85,-85,-85,1350,700,300.6197947228055,14.028544482920204,circular
660,1100,700,338.36871821833483,-85,-85,-85,-85,1350,700,314.64833920572573,14.028544482920204,circular
661,1100,700,338.36871821833483,-85,-85,-85,-85,1350,700,328.67688368864594,14.028544482920204,circular
662,1100,700,338.36871821833483,-85,-85,-85,-85,1350,700,342.70542817156615,14.028544482920204,circular
663,1100,700,338.36871821833483,-85,-85,-85,-85,1350,700,356.73397265448637,14.028544482920204,circular
664,1100,700,338.36871821833483,-85,-85,-85,-85,1350,700,10.762517137406576,14.028544482920204,circular
665,1100,700,338.36871821833483,-85,-85,-85,-85,1350,700,24.79106162032678,14.028544482920204,circular
666,1100,700,338.36871821833483,-85,-85,-85,-85,1350,700,38.81960610324698,14.028544482920204,circular
667,1100,700,338.36871821833483,-85,-85,-85,-85,1350,700,52.848150586167186,14.028544482920204,circular
668,1100,700,338.36871821833483,-85,-85,-85,-85,1350,700,66.87669506908739,14.028544482920204,circular
669,1100,700,338.36871821833483,-85,-85,-85,-85,1350,700,80.9052395520076,14.028544482920204,circular
670,1100,700,338.36871821833483,-85,-85,-85,-85,1350,700,94.93378403492781,14.028544482920204,circular
671,1100,700,338.36871821833483,-85,-85,-85,-85,1350,700,108.96232851784802,14.028544482920204,circular
672,1100,700,338.36871821833483,-85,-85,-85,-85,1350,700,122.99087300076823,14.028544482920204,circular
673,1100,700,338.36871821833483,-85,-85,-85,-85,1350,700,137.01941748368844,14.028544482920204,circular
674,1100,700,338.36871821833483,16.269948115724727,-85,-85,-85,1350,700,151.04796196660865,14.028544482920204,circular
675,1100,700,338.36871821833483,23.553218972269416,-85,-85,22.793695368992218,1350,700,165.07650644952886,14.028544482920204,circular
676,1100,700,338.36871821833483,25.614204328866276,-85,-85,25.26334459461691,1350,700,179.10505093244907,14.028544482920204,circular
677,1100,700,338.36871821833483,26.077602459396946,-85,-85,26.053745949214605,1350,700,193.13359541536929,14.028544482920204,circular
678,1100,700,338.36871821833483,25.536951728381826,-85,-85,25.807460623826316,1350,700,207.1621398982895,14.028544482920204,circular
679,1100,700,338.36871821833483,23.553218972269416,-85,-85,24.1582774269213,1350,700,221.1906843812097,14.028544482920204,circular
680,1100,700,338.36871821833483,16.269948115724716,-85,-85,19.25639156218219,1350,700,235.21922886412992,14.028544482920204,circular
681,1100,700,338.36871821833483,-85,-85,-85,-85,1350,700,249.24777334705013,14.028544482920204,circular
682,1100,700,338.36871821833483,-85,-85,-85,-85,1350,700,263.2763178299703,14.028544482920204,circular
683,1100,700,338.36871821833483,-85,-85,-85,-85,1350,700,277.3048623128905,14.028544482920204,circular
684,1100,700,338.36871821833483,-85,-85,-85,-85,1350,700,291.33340679581073,14.028544482920204,circular
685,1100,700,338.36871821833483,-85,-85,-85,-85,1350,700,305.36195127873094,14.028544482920204,circular
686,1100,700,338.36871821833483,-85,-85,-85,-85,1350,700,319.39049576165115,14.028544482920204,circular
687,1100,700,338.36871821833483,-85,-85,-85,-85,1350,700,333.41904024457136,14.028544482920204,circular
688,1100,700,338.36871821833483,-85,-85,-85,-85,1350,700,347.4475847274916,14.028544482920204,circular
689,1100,700,338.36871821833483,-85,-85,-85,-85,1350,700,1.4761292104117842,14.028544482920204,circular
690,1100,700,338.36871821833483,-85,-85,-85,-85,1350,700,15.504673693331988,14.028544482920204,circular
691,1100,700,338.36871821833483,-85,-85,-85,-85,1350,700,29.53321817625219,14.028544482920204,circular
692,1100,700,338.36871821833483,-85,-85,-85,-85,1350,700,43.561762659172395,14.028544482920204,circular
693,1100,700,338.36871821833483,-85,-85,-85,-85,1350,700,57.5903071420926,14.028544482920204,circular
694,1100,700,338.36871821833483,-85,-85,-85,-85,1350,700,71.61885162501281,14.028544482920204,circular
695,1100,700,338.36871821833483,-85,-85,-85,-85,1350,700,85.64739610793302,14.028544482920204,circular
696,1100,700,338.36871821833483,-85,-85,-85,-85,1350,700,99.67594059085323,14.028544482920204,circular
697,1100,700,338.36871821833483,-85,-85,-85,-85,1350,700,113.70448507377344,14.028544482920204,circular
698,1100,700,338.36871821833483,-85,-85,-85,-85,1350,700,127.73302955669365,14.028544482920204,circular
699,1100,700,338.36871821833483,-85,-85,-85,-85,1350,700,141.76157403961386,14.028544482920204,circular
700,1100,700,338.36871821833483,20.48098321025059,-85,-85,18.47430475951294,1350,700,155.79011852253407,14.028544482920204,circular
701,1100,700,338.36871821833483,24.495315191602927,-85,-85,23.971022246457757,1350,700,169.81866300545428,14.028544482920204,circular
702,1100,700,338.36871821833483,25.859665714847075,-85,-85,25.684904084789974,1350,700,183.8472074883745,14.028544482920204,circular
703,1100,700,338.36871821833483,26.035130213615616,-85,-85,26.074956048612798,1350,700,197.8757519712947,14.028544482920204,circular
704,1100,700,338.36871821833483,25.157178905256924,-85,-85,25.452908776355446,1350,700,211.90429645421492,14.028544482920204,circular
705,1100,700,338.36871821833483,22.496022074683278,-85,-85,23.319699537123853,1350,700,225.93284093713513,14.028544482920204,circular
706,1100,700,338.36871821833483,-85,-85,-85,14.513447644213265,1350,700,239.96138542005534,14.028544482920204,circular
707,1100,700,338.36871821833483,-85,-85,-85,-85,1350,700,253.98992990297555,14.028544482920204,circular
708,1100,700,338.36871821833483,-85,-85,-85,-85,1350,700,268.01847438589573,14.028544482920204,circular
709,1100,700,338.36871821833483,-85,-85,-85,-85,1350,700,282.04701886881594,14.028544482920204,circular
710,1100,700,338.36871821833483,-85,-85,-85,-85,1350,700,296.07556335173615,14.028544482920204,circular
711,1100,700,338.36871821833483,-85,-85,-85,-85,1350,700,310.10410783465636,14.028544482920204,circular
712,1100,700,338.36871821833483,-85,-85,-85,-85,1350,700,324.13265231757657,14.028544482920204,circular
713,1100,700,338.36871821833483,-85,-85,-85,-85,1350,700,338.1611968004968,14.028544482920204,circular
714,1100,700,338.36871821833483,-85,-85,-85,-85,1350,700,352.189741283417,14.028544482920204,circular
715,1100,700,338.36871821833483,-85,-85,-85,-85,1350,700,6.218285766337203,14.028544482920204,circular
716,1100,700,338.36871821833483,-85,-85,-85,-85,1350,700,20.246830249257407,14.028544482920204,circular
717,1100,700,338.36871821833483,-85,-85,-85,-85,1350,700,34.27537473217761,14.028544482920204,circular
718,1100,700,338.36871821833483,-85,-85,-85,-85,1350,700,48.303919215097814,14.028544482920204,circular
719,1100,700,338.36871821833483,-85,-85,-85,-85,1350,700,62.33246369801802,14.028544482920204,circular
720,1100,700,338.36871821833483,-85,-85,-85,-85,1350,700,76.36100818093823,14.028544482920204,circular
721,1100,700,338.36871821833483,-85,-85,-85,-85,1350,700,90.38955266385844,14.028544482920204,circular
722,1100,700,338.36871821833483,-85,-85,-85,-85,1350,700,104.41809714677865,14.028544482920204,circular
723,1100,700,338.36871821833483,-85,-85,-85,-85,1350,700,118.44664162969886,14.028544482920204,circular
724,1100,700,338.36871821833483,-85,-85,-85,-85,1350,700,132.47518611261907,14.028544482920204,circular
725,1100,700,338.36871821833483,-85,-85,-85,-85,1350,700,146.50373059553928,14.028544482920204,circular
726,1100,700,338.36871821833483,22.496022074683278,-85,-85,21.41811930585211,1350,700,160.5322750784595,14.028544482920204,circular
727,1100,700,338.36871821833483,25.157178905256924,-85,-85,24.78833704083229,1350,700,174.5608195613797,14.028544482920204,circular
728,1100,700,338.36871821833483,26.035130213615616,-85,-85,25.946643644493044,1350,700,188.5893640442999,14.028544482920204,circular
729,1100,700,338.36871821833483,25.859665714847075,-85,-85,25.9816463993744,1350,700,202.61790852722012,14.028544482920204,circular
730,1100,700,338.36871821833483,24.495315191602927,-85,-85,24.92014212493214,1350,700,216.64645301014033,14.028544482920204,circular
731,1100,700,338.36871821833483,20.48098321025059,-85,-85,21.81335663023087,1350,700,230.67499749306054,14.028544482920204,circular
732,1100,700,338.36871821833483,-85,-85,-85,-85,1350,700,244.70354197598076,14.028544482920204,circular
733,1100,700,338.36871821833483,-85,-85,-85,-85,1350,700,258.73208645890094,14.028544482920204,circular
734,1100,700,338.36871821833483,-85,-85,-85,-85,1350,700,272.76063094182115,14.028544482920204,circular
735,1100,700,338.36871821833483,-85,-85,-85,-85,1350,700,286.78917542474136,14.028544482920204,circular
736,1100,700,338.36871821833483,-85,-85,-85,-85,1350,700,300.81771990766157,14.028544482920204,circular
737,1100,700,338.36871821833483,-85,-85,-85,-85,1350,700,314.8462643905818,14.028544482920204,circular
738,1100,700,338.36871821833483,-85,-85,-85,-85,1350,700,328.874808873502,14.028544482920204,circular
739,1100,700,338.36871821833483,-85,-85,-85,-85,1350,700,342.9033533564222,14.028544482920204,circular
740,1100,700,338.36871821833483,-85,-85,-85,-85,1350,700,356.9318978393424,14.028544482920204,circular
741,1100,700,338.36871821833483,-85,-85,-85,-85,1350,700,10.960442322262622,14.028544482920204,circular
742,1100,700,338.36871821833483,-85,-85,-85,-85,1350,700,24.988986805182826,14.028544482920204,circular
743,1100,700,338.36871821833483,-85,-85,-85,-85,1350,700,39.01753128810303,14.028544482920204,circular
744,1100,700,338.36871821833483,-85,-85,-85,-85,1350,700,53.04607577102323,14.028544482920204,circular
745,1100,700,338.36871821833483,-85,-85,-85,-85,1350,700,67.07462025394344,14.028544482920204,circular
746,1100,700,338.36871821833483,-85,-85,-85,-85,1350,700,81.10316473686365,14.028544482920204,circular
747,1100,700,338.36871821833483,-85,-85,-85,-85,1350,700,95.13170921978386,14.028544482920204,circular
748,1100,700,338.36871821833483,-85,-85,-85,-85,1350,700,109.16025370270407,14.028544482920204,circular
749,1100,700,338.36871821833483,-85,-85,-85,-85,1350,700,123.18879818562428,14.028544482920204,circular
750,1100,700,338.36871821833483,-85,-85,-85,-85,1350,700,137.2173426685445,14.028544482920204,circular
751,1100,700,338.36871821833483,17.513155499392102,-85,-85,11.505794098357505,1350,700,151.2458871514647,14.028544482920204,circular
752,1100,700,338.36871821833483,23.769789312347285,-85,-85,23.06730250275713,1350,700,165.2744316343849,14.028544482920204,circular
753,1100,700,338.36871821833483,25.614204328866276,-85,-85,25.36180729449956,1350,700,179.30297611730512,14.028544482920204,circular
754,1100,700,338.36871821833483,26.077602459396946,-85,-85,26.067010357935978,1350,700,193.33152060022533,14.028544482920204,circular
755,1100,700,338.36871821833483,25.536951728381826,-85,-85,25.7492610641292,1350,700,207.36006508314554,14.028544482920204,circular
756,1100,700,338.36871821833483,23.553218972269416,-85,-85,24.1582774269213,1350,700,221.38860956606575,14.028544482920204,circular
757,1100,700,338.36871821833483,16.269948115724716,-85,-85,19.25639156218219,1350,700,235.41715404898596,14.028544482920204,circular
758,1100,700,338.36871821833483,-85,-85,-85,-85,1350,700,249.44569853190617,14.028544482920204,circular
759,1100,700,338.36871821833483,-85,-85,-85,-85,1350,700,263.47424301482636,14.028544482920204,circular
760,1100,700,338.36871821833483,-85,-85,-85,-85,1350,700,277.50278749774657,14.028544482920204,circular
761,1100,700,338.36871821833483,-85,-85,-85,-85,1350,700,291.5313319806668,14.028544482920204,circular
762,1100,700,338.36871821833483,-85,-85,-85,-85,1350,700,305.559876463587,14.028544482920204,circular
763,1100,700,338.36871821833483,-85,-85,-85,-85,1350,700,319.5884209465072,14.028544482920204,circular
764,1100,700,338.36871821833483,-85,-85,-85,-85,1350,700,333.6169654294274,14.028544482920204,circular
765,1100,700,338.36871821833483,-85,-85,-85,-85,1350,700,347.6455099123476,14.028544482920204,circular
766,1100,700,338.36871821833483,-85,-85,-85,-85,1350,700,1.6740543952678308,14.028544482920204,circular
767,1100,700,338.36871821833483,-85,-85,-85,-85,1350,700,15.702598878188034,14.028544482920204,circular
768,1100,700,338.36871821833483,-85,-85,-85,-85,1350,700,29.731143361108238,14.028544482920204,circular
769,1100,700,338.36871821833483,-85,-85,-85,-85,1350,700,43.75968784402844,14.028544482920204,circular
770,1100,700,338.36871821833483,-85,-85,-85,-85,1350,700,57.788232326948645,14.028544482920204,circular
771,1100,700,338.36871821833483,-85,-85,-85,-85,1350,700,71.81677680986886,14.028544482920204,circular
772,1100,700,338.36871821833483,-85,-85,-85,-85,1350,700,85.84532129278907,14.028544482920204,circular
773,1100,700,338.36871821833483,-85,-85,-85,-85,1350,700,99.87386577570928,14.028544482920204,circular
774,1100,700,338.36871821833483,-85,-85,-85,-85,1350,700,113.90241025862949,14.028544482920204,circular
775,1100,700,338.36871821833483,-85,-85,-85,-85,1350,700,127.9309547415497,14.028544482920204,circular
776,1100,700,338.36871821833483,-85,-85,-85,-85,1350,700,141.9594992244699,14.028544482920204,circular
777,1100,700,338.36871821833483,20.48098321025059,-85,-85,18.47430475951294,1350,700,155.98804370739012,14.028544482920204,circular
778,1100,700,338.36871821833483,24.495315191602927,-85,-85,23.971022246457757,1350,700,170.01658819031033,14.028544482920204,circular
779,1100,700,338.36871821833483,25.859665714847075,-85,-85,25.684904084789974,1350,700,184.04513267323054,14.028544482920204,circular
780,1100,700,338.36871821833483,26.035130213615616,-85,-85,26.074956048612798,1350,700,198.07367715615075,14.028544482920204,circular
781,1100,700,338.36871821833483,25.042923900792417,-85,-85,25.452908776355446,1350,700,212.10222163907096,14.028544482920204,circular
782,1100,700,338.36871821833483,22.170735458799452,-85,-85,23.319699537123853,1350,700,226.13076612199117,14.028544482920204,circular
783,1100,700,338.36871821833483,-85,-85,-85,14.513447644213265,1350,700,240.15931060491138,14.028544482920204,circular
784,1100,700,338.36871821833483,-85,-85,-85,-85,1350,700,254.1878550878316,14.028544482920204,circular
785,1100,700,338.36871821833483,-85,-85,-85,-85,1350,700,268.2163995707518,14.028544482920204,circular
786,1100,700,338.36871821833483,-85,-85,-85,-85,1350,700,282.244944053672,14.028544482920204,circular
787,1100,700,338.36871821833483,-85,-85,-85,-85,1350,700,296.2734885365922,14.028544482920204,circular
788,1100,700,338.36871821833483,-85,-85,-85,-85,1350,700,310.3020330195124,14.028544482920204,circular
789,1100,700,338.36871821833483,-85,-85,-85,-85,1350,700,324.3305775024326,14.028544482920204,circular
790,1100,700,338.36871821833483,-85,-85,-85,-85,1350,700,338.35912198535283,14.028544482920204,circular
791,1100,700,338.36871821833483,-85,-85,-85,-85,1350,700,352.38766646827304,14.028544482920204,circular
792,1100,700,338.36871821833483,-85,-85,-85,-85,1350,700,6.41621095119325,14.028544482920204,circular
793,1100,700,338.36871821833483,-85,-85,-85,-85,1350,700,20.444755434113453,14.028544482920204,circular
794,1100,700,338.36871821833483,-85,-85,-85,-85,1350,700,34.47329991703366,14.028544482920204,circular
795,1100,700,338.36871821833483,-85,-85,-85,-85,1350,700,48.50184439995386,14.028544482920204,circular
796,1100,700,338.36871821833483,-85,-85,-85,-85,1350,700,62.530388882874064,14.028544482920204,circular
797,1100,700,338.36871821833483,-85,-85,-85,-85,1350,700,76.55893336579427,14.028544482920204,circular
798,1100,700,338.36871821833483,-85,-85,-85,-85,1350,700,90.58747784871449,14.028544482920204,circular
799,1100,700,338.36871821833483,-85,-85,-85,-85,1350,700,104.6160223316347,14.028544482920204,circular
800,1100,700,338.36871821833483,-85,-85,-85,-85,1350,700,118.6445668145549,14.028544482920204,circular
801,1100,700,338.36871821833483,-85,-85,-85,-85,1350,700,132.67311129747512,14.028544482920204,circular
802,1100,700,338.36871821833483,-85,-85,-85,-85,1350,700,146.70165578039533,14.028544482920204,circular
803,1100,700,338.36871821833483,22.496022074683278,-85,-85,21.41811930585211,1350,700,160.73020026331554,14.028544482920204,circular
804,1100,700,338.36871821833483,25.157178905256924,-85,-85,24.78833704083229,1350,700,174.75874474623575,14.028544482920204,circular
805,1100,700,338.36871821833483,26.035130213615616,-85,-85,25.946643644493044,1350,700,188.78728922915596,14.028544482920204,circular
806,1100,700,338.36871821833483,25.859665714847075,-85,-85,25.9816463993744,1350,700,202.81583371207617,14.028544482920204,circular
807,1100,700,338.36871821833483,24.495315191602927,-85,-85,24.92014212493214,1350,700,216.84437819499638,14.028544482920204,circular
808,1100,700,338.36871821833483,20.48098321025059,-85,-85,21.81335663023087,1350,700,230.8729226779166,14.028544482920204,circular
809,1100,700,338.36871821833483,-85,-85,-85,-85,1350,700,244.9014671608368,14.028544482920204,circular
810,1100,700,338.36871821833483,-85,-85,-85,-85,1350,700,258.930011643757,14.028544482920204,circular
811,1100,700,338.36871821833483,-85,-85,-85,-85,1350,700,272.9585561266772,14.028544482920204,circular
812,1100,700,338.36871821833483,-85,-85,-85,-85,1350,700,286.9871006095974,14.028544482920204,circular
813,1100,700,338.36871821833483,-85,-85,-85,-85,1350,700,301.0156450925176,14.028544482920204,circular
814,1100,700,338.36871821833483,-85,-85,-85,-85,1350,700,315.0441895754378,14.028544482920204,circular
815,1100,700,338.36871821833483,-85,-85,-85,-85,1350,700,329.07273405835804,14.028544482920204,circular
816,1100,700,338.36871821833483,-85,-85,-85,-85,1350,700,343.10127854127825,14.028544482920204,circular
817,1100,700,338.36871821833483,-85,-85,-85,-85,1350,700,357.12982302419846,14.028544482920204,circular
818,1100,700,338.36871821833483,-85,-85,-85,-85,1350,700,11.158367507118669,14.028544482920204,circular
819,1100,700,338.36871821833483,-85,-85,-85,-85,1350,700,25.186911990038872,14.028544482920204,circular
820,1100,700,338.36871821833483,-85,-85,-85,-85,1350,700,39.215456472959076,14.028544482920204,circular
821,1100,700,338.36871821833483,-85,-85,-85,-85,1350,700,53.24400095587928,14.028544482920204,circular
822,1100,700,338.36871821833483,-85,-85,-85,-85,1350,700,67.27254543879948,14.028544482920204,circular
823,1100,700,338.36871821833483,-85,-85,-85,-85,1350,700,81.3010899217197,14.028544482920204,circular
824,1100,700,338.36871821833483,-85,-85,-85,-85,1350,700,95.3296344046399,14.028544482920204,circular
825,1100,700,338.36871821833483,-85,-85,-85,-85,1350,700,109.35817888756011,14.028544482920204,circular
826,1100,700,338.36871821833483,-85,-85,-85,-85,1350,700,123.38672337048033,14.028544482920204,circular
827,1100,700,338.36871821833483,-85,-85,-85,-85,1350,700,137.41526785340054,14.028544482920204,circular
828,1100,700,338.36871821833483,17.513155499392102,-85,-85,11.505794098357505,1350,700,151.44381233632075,14.028544482920204,circular
829,1100,700,338.36871821833483,23.769789312347285,-85,-85,23.06730250275713,1350,700,165.47235681924096,14.028544482920204,circular
830,1100,700,338.36871821833483,25.614204328866276,-85,-85,25.36180729449956,1350,700,179.50090130216117,14.028544482920204,circular
831,1100,700,338.36871821833483,26.077602459396946,-85,-85,26.067010357935978,1350,700,193.52944578508138,14.028544482920204,circular
832,1100,700,338.36871821833483,25.536951728381826,-85,-85,25.7492610641292,1350,700,207.5579902680016,14.028544482920204,circular
833,1100,700,338.36871821833483,23.553218972269416,-85,-85,24.1582774269213,1350,700,221.5865347509218,14.028544482920204,circular
834,1100,700,338.36871821833483,16.269948115724716,-85,-85,19.25639156218219,1350,700,235.615079233842,14.028544482920204,circular
835,1100,700,338.36871821833483,-85,-85,-85,-85,1350,700,249.64362371676222,14.028544482920204,circular
836,1100,700,338.36871821833483,-85,-85,-85,-85,1350,700,263.6721681996824,14.028544482920204,circular
837,1100,700,338.36871821833483,-85,-85,-85,-85,1350,700,277.7007126826026,14.028544482920204,circular
838,1100,700,338.36871821833483,-85,-85,-85,-85,1350,700,291.7292571655228,14.028544482920204,circular
839,1100,700,338.36871821833483,-85,-85,-85,-85,1350,700,305.75780164844303,14.028544482920204,circular
840,1100,700,338.36871821833483,-85,-85,-85,-85,1350,700,319.78634613136325,14.028544482920204,circular
841,1100,700,338.36871821833483,-85,-85,-85,-85,1350,700,333.81489061428346,14.028544482920204,circular
842,1100,700,338.36871821833483,-85,-85,-85,-85,1350,700,347.84343509720367,14.028544482920204,circular
843,1100,700,338.36871821833483,-85,-85,-85,-85,1350,700,1.8719795801238774,14.028544482920204,circular
844,1100,700,338.36871821833483,-85,-85,-85,-85,1350,700,15.900524063044081,14.028544482920204,circular
845,1100,700,338.36871821833483,-85,-85,-85,-85,1350,700,29.929068545964284,14.028544482920204,circular
846,1100,700,338.36871821833483,-85,-85,-85,-85,1350,700,43.95761302888449,14.028544482920204,circular
847,1100,700,338.36871821833483,-85,-85,-85,-85,1350,700,57.98615751180469,14.028544482920204,circular
848,1100,700,338.36871821833483,-85,-85,-85,-85,1350,700,72.0147019947249,14.028544482920204,circular
849,1100,700,338.36871821833483,-85,-85,-85,-85,1350,700,86.04324647764511,14.028544482920204,circular
850,1100,700,338.36871821833483,-85,-85,-85,-85,1350,700,100.07179096056532,14.028544482920204,circular
851,1100,700,338.36871821833483,-85,-85,-85,-85,1350,700,114.10033544348553,14.028544482920204,circular
852,1100,700,338.36871821833483,-85,-85,-85,-85,1350,700,128.12887992640574,14.028544482920204,circular
853,1100,700,338.36871821833483,-85,-85,-85,-85,1350,700,142.15742440932596,14.028544482920204,circular
854,1100,700,338.36871821833483,20.97742610025734,-85,-85,19.25639156218217,1350,700,156.18596889224617,14.028544482920204,circular
855,1100,700,338.36871821833483,24.646943359767004,-85,-85,24.1582774269213,1350,700,170.21451337516638,14.028544482920204,circular
856,1100,700,338.36871821833483,25.906018829630398,-85,-85,25.7492610641292,1350,700,184.2430578580866,14.028544482920204,circular
857,1100,700,338.36871821833483,26.011117049096303,-85,-85,26.067010357935978,1350,700,198.2716023410068,14.028544482920204,circular
858,1100,700,338.36871821833483,25.042923900792417,-85,-85,25.361807294499556,1350,700,212.300146823927,14.028544482920204,circular
859,1100,700,338.36871821833483,22.170735458799452,-85,-85,23.067302502757133,1350,700,226.32869130684722,14.028544482920204,circular
860,1100,700,338.36871821833483,-85,-85,-85,11.50579409835762,1350,700,240.35723578976743,14.028544482920204,circular
861,1100,700,338.36871821833483,-85,-85,-85,-85,1350,700,254.38578027268764,14.028544482920204,circular
862,1100,700,338.36871821833483,-85,-85,-85,-85,1350,700,268.4143247556078,14.028544482920204,circular
863,1100,700,338.36871821833483,-85,-85,-85,-85,1350,700,282.44286923852803,14.028544482920204,circular
864,1100,700,338.36871821833483,-85,-85,-85,-85,1350,700,296.47141372144824,14.028544482920204,circular
865,1100,700,338.36871821833483,-85,-85,-85,-85,1350,700,310.49995820436845,14.028544482920204,circular
866,1100,700,338.36871821833483,-85,-85,-85,-85,1350,700,324.52850268728866,14.028544482920204,circular
867,1100,700,338.36871821833483,-85,-85,-85,-85,1350,700,338.5570471702089,14.028544482920204,circular
868,1100,700,338.36871821833483,-85,-85,-85,-85,1350,700,352.5855916531291,14.028544482920204,circular
869,1100,700,338.36871821833483,-85,-85,-85,-85,1350,700,6.6141361360492965,14.028544482920204,circular
870,1100,700,338.36871821833483,-85,-85,-85,-85,1350,700,20.6426806189695,14.028544482920204,circular
871,1100,700,338.36871821833483,-85,-85,-85,-85,1350,700,34.6712251018897,14.028544482920204,circular
872,1100,700,338.36871821833483,-85,-85,-85,-85,1350,700,48.69976958480991,14.028544482920204,circular
873,1100,700,338.36871821833483,-85,-85,-85,-85,1350,700,62.72831406773011,14.028544482920204,circular
874,1100,700,338.36871821833483,-85,-85,-85,-85,1350,700,76.75685855065032,14.028544482920204,circular
875,1100,700,338.36871821833483,-85,-85,-85,-85,1350,700,90.78540303357053,14.028544482920204,circular
876,1100,700,338.36871821833483,-85,-85,-85,-85,1350,700,104.81394751649074,14.028544482920204,circular
877,1100,700,338.36871821833483,-85,-85,-85,-85,1350,700,118.84249199941095,14.028544482920204,circular
878,1100,700,338.36871821833483,-85,-85,-85,-85,1350,700,132.87103648233116,14.028544482920204,circular
879,1100,700,338.36871821833483,-85,-85,-85,-85,1350,700,146.89958096525137,14.028544482920204,circular
880,1100,700,338.36871821833483,22.496022074683278,-85,-85,21.41811930585211,1350,700,160.92812544817158,14.028544482920204,circular
881,1100,700,338.36871821833483,25.157178905256924,-85,-85,24.78833704083229,1350,700,174.9566699310918,14.028544482920204,circular
882,1100,700,338.36871821833483,26.035130213615616,-85,-85,25.946643644493044,1350,700,188.985214414012,14.028544482920204,circular
883,1100,700,338.36871821833483,25.859665714847075,-85,-85,25.9816463993744,1350,700,203.01375889693222,14.028544482920204,circular
884,1100,700,338.36871821833483,24.495315191602927,-85,-85,24.92014212493214,1350,700,217.04230337985243,14.028544482920204,circular
885,1100,700,338.36871821833483,20.48098321025059,-85,-85,21.81335663023087,1350,700,231.07084786277264,14.028544482920204,circular
886,1100,700,338.36871821833483,-85,-85,-85,-85,1350,700,245.09939234569285,14.028544482920204,circular
887,1100,700,338.36871821833483,-85,-85,-85,-85,1350,700,259.12793682861303,14.028544482920204,circular
888,1100,700,338.36871821833483,-85,-85,-85,-85,1350,700,273.15648131153324,14.028544482920204,circular
889,1100,700,338.36871821833483,-85,-85,-85,-85,1350,700,287.18502579445345,14.028544482920204,circular
890,1100,700,338.36871821833483,-85,-85,-85,-85,1350,700,301.21357027737366,14.028544482920204,circular
891,1100,700,338.36871821833483,-85,-85,-85,-85,1350,700,315.2421147602939,14.028544482920204,circular
892,1100,700,338.36871821833483,-85,-85,-85,-85,1350,700,329.2706592432141,14.028544482920204,circular
893,1100,700,338.36871821833483,-85,-85,-85,-85,1350,700,343.2992037261343,14.028544482920204,circular
894,1100,700,338.36871821833483,-85,-85,-85,-85,1350,700,357.3277482090545,14.028544482920204,circular
895,1100,700,338.36871821833483,-85,-85,-85,-85,1350,700,11.356292691974716,14.028544482920204,circular
896,1100,700,338.36871821833483,-85,-85,-85,-85,1350,700,25.38483717489492,14.028544482920204,circular
897,1100,700,338.36871821833483,-85,-85,-85,-85,1350,700,39.41338165781512,14.028544482920204,circular
898,1100,700,338.36871821833483,-85,-85,-85,-85,1350,700,53.441926140735326,14.028544482920204,circular
899,1100,700,338.36871821833483,-85,-85,-85,-85,1350,700,67.47047062365553,14.028544482920204,circular
900,1100,700,338.36871821833483,-85,-85,-85,-85,1350,700,81.49901510657574,14.028544482920204,circular
901,1100,700,338.36871821833483,-85,-85,-85,-85,1350,700,95.52755958949595,14.028544482920204,circular
902,1100,700,338.36871821833483,-85,-85,-85,-85,1350,700,109.55610407241616,14.028544482920204,circular
903,1100,700,338.36871821833483,-85,-85,-85,-85,1350,700,123.58464855533637,14.028544482920204,circular
904,1100,700,338.36871821833483,-85,-85,-85,-85,1350,700,137.61319303825658,14.028544482920204,circular
905,1100,700,338.36871821833483,17.513155499392102,-85,-85,11.505794098357505,1350,700,151.6417375211768,14.028544482920204,circular
906,1100,700,338.36871821833483,23.769789312347285,-85,-85,23.06730250275713,1350,700,165.670282004097,14.028544482920204,circular
907,1100,700,338.36871821833483,25.614204328866276,-85,-85,25.36180729449956,1350,700,179.69882648701721,14.028544482920204,circular
908,1100,700,338.36871821833483,26.077602459396946,-85,-85,26.067010357935978,1350,700,193.72737096993743,14.028544482920204,circular
909,1100,700,338.36871821833483,25.536951728381826,-85,-85,25.7492610641292,1350,700,207.75591545285764,14.028544482920204,circular
910,1100,700,338.36871821833483,23.553218972269416,-85,-85,24.1582774269213,1350,700,221.78445993577785,14.028544482920204,circular
911,1100,700,338.36871821833483,16.269948115724716,-85,-85,19.25639156218219,1350,700,235.81300441869806,14.028544482920204,circular
912,1100,700,338.36871821833483,-85,-85,-85,-85,1350,700,249.84154890161827,14.028544482920204,circular
913,1100,700,338.36871821833483,-85,-85,-85,-85,1350,700,263.87009338453845,14.028544482920204,circular
914,1100,700,338.36871821833483,-85,-85,-85,-85,1350,700,277.89863786745866,14.028544482920204,circular
915,1100,700,338.36871821833483,-85,-85,-85,-85,1350,700,291.92718235037887,14.028544482920204,circular
916,1100,700,338.36871821833483,-85,-85,-85,-85,1350,700,305.9557268332991,14.028544482920204,circular
917,1100,700,338.36871821833483,-85,-85,-85,-85,1350,700,319.9842713162193,14.028544482920204,circular
918,1100,700,338.36871821833483,-85,-85,-85,-85,1350,700,334.0128157991395,14.028544482920204,circular
919,1100,700,338.36871821833483,-85,-85,-85,-85,1350,700,348.0413602820597,14.028544482920204,circular
920,1100,700,338.36871821833483,-85,-85,-85,-85,1350,700,2.069904764979924,14.028544482920204,circular
921,1100,700,338.36871821833483,-85,-85,-85,-85,1350,700,16.098449247900128,14.028544482920204,circular
922,1100,700,338.36871821833483,-85,-85,-85,-85,1350,700,30.12699373082033,14.028544482920204,circular
923,1100,700,338.36871821833483,-85,-85,-85,-85,1350,700,44.155538213740535,14.028544482920204,circular
924,1100,700,338.36871821833483,-85,-85,-85,-85,1350,700,58.18408269666074,14.028544482920204,circular
925,1100,700,338.36871821833483,-85,-85,-85,-85,1350,700,72.21262717958095,14.028544482920204,circular
926,1100,700,338.36871821833483,-85,-85,-85,-85,1350,700,86.24117166250116,14.028544482920204,circular
927,1100,700,338.36871821833483,-85,-85,-85,-85,1350,700,100.26971614542137,14.028544482920204,circular
928,1100,700,338.36871821833483,-85,-85,-85,-85,1350,700,114.29826062834158,14.028544482920204,circular
929,1100,700,338.36871821833483,-85,-85,-85,-85,1350,700,128.3268051112618,14.028544482920204,circular
930,1100,700,338.36871821833483,-85,-85,-85,-85,1350,700,142.355349594182,14.028544482920204,circular
931,1100,700,338.36871821833483,20.97742610025734,-85,-85,19.25639156218217,1350,700,156.3838940771022,14.028544482920204,circular
932,1100,700,338.36871821833483,24.646943359767004,-85,-85,24.1582774269213,1350,700,170.41243856002242,14.028544482920204,circular
933,1100,700,338.36871821833483,25.906018829630398,-85,-85,25.7492610641292,1350,700,184.44098304294263,14.028544482920204,circular
934,1100,700,338.36871821833483,26.011117049096303,-85,-85,26.067010357935978,1350,700,198.46952752586284,14.028544482920204,circular
935,1100,700,338.36871821833483,25.042923900792417,-85,-85,25.361807294499556,1350,700,212.49807200878305,14.028544482920204,circular
936,1100,700,338.36871821833483,22.170735458799452,-85,-85,23.067302502757133,1350,700,226.52661649170327,14.028544482920204,circular
937,1100,700,338.36871821833483,-85,-85,-85,11.50579409835762,1350,700,240.55516097462348,14.028544482920204,circular
938,1100,700,338.36871821833483,-85,-85,-85,-85,1350,700,254.5837054575437,14.028544482920204,circular
939,1100,700,338.36871821833483,-85,-85,-85,-85,1350,700,268.61224994046387,14.028544482920204,circular
940,1100,700,338.36871821833483,-85,-85,-85,-85,1350,700,282.6407944233841,14.028544482920204,circular
941,1100,700,338.36871821833483,-85,-85,-85,-85,1350,700,296.6693389063043,14.028544482920204,circular
942,1100,700,338.36871821833483,-85,-85,-85,-85,1350,700,310.6978833892245,14.028544482920204,circular
943,1100,700,338.36871821833483,-85,-85,-85,-85,1350,700,324.7264278721447,14.028544482920204,circular
944,1100,700,338.36871821833483,-85,-85,-85,-85,1350,700,338.7549723550649,14.028544482920204,circular
945,1100,700,338.36871821833483,-85,-85,-85,-85,1350,700,352.78351683798513,14.028544482920204,circular
946,1100,700,338.36871821833483,-85,-85,-85,-85,1350,700,6.812061320905343,14.028544482920204,circular
947,1100,700,338.36871821833483,-85,-85,-85,-85,1350,700,20.840605803825547,14.028544482920204,circular
948,1100,700,338.36871821833483,-85,-85,-85,-85,1350,700,34.86915028674575,14.028544482920204,circular
949,1100,700,338.36871821833483,-85,-85,-85,-85,1350,700,48.897694769665954,14.028544482920204,circular
950,1100,700,338.36871821833483,-85,-85,-85,-85,1350,700,62.92623925258616,14.028544482920204,circular
951,1100,700,338.36871821833483,-85,-85,-85,-85,1350,700,76.95478373550637,14.028544482920204,circular
952,1100,700,338.36871821833483,-85,-85,-85,-85,1350,700,90.98332821842658,14.028544482920204,circular
953,1100,700,338.36871821833483,-85,-85,-85,-85,1350,700,105.01187270134679,14.028544482920204,circular
954,1100,700,338.36871821833483,-85,-85,-85,-85,1350,700,119.040417184267,14.028544482920204,circular
955,1100,700,338.36871821833483,-85,-85,-85,-85,1350,700,133.0689616671872,14.028544482920204,circular
956,1100,700,338.36871821833483,-85,-85,-85,-85,1350,700,147.09750615010742,14.028544482920204,circular
957,1100,700,338.36871821833483,22.793695368992218,-85,-85,21.41811930585211,1350,700,161.12605063302763,14.028544482920204,circular
958,1100,700,338.36871821833483,25.26334459461691,-85,-85,24.78833704083229,1350,700,175.15459511594784,14.028544482920204,circular
959,1100,700,338.36871821833483,26.053745949214605,-85,-85,25.9816463993744,1350,700,189.18313959886805,14.028544482920204,circular
960,1100,700,338.36871821833483,25.807460623826316,-85,-85,25.946643644493044,1350,700,203.21168408178826,14.028544482920204,circular
961,1100,700,338.36871821833483,24.332711411139446,-85,-85,24.788337040832293,1350,700,217.24022856470847,14.028544482920204,circular
962,1100,700,338.36871821833483,19.914354227256315,-85,-85,21.418119305852123,1350,700,231.26877304762868,14.028544482920204,circular
963,1100,700,338.36871821833483,-85,-85,-85,-85,1350,700,245.2973175305489,14.028544482920204,circular
964,1100,700,338.36871821833483,-85,-85,-85,-85,1350,700,259.3258620134691,14.028544482920204,circular
965,1100,700,338.36871821833483,-85,-85,-85,-85,1350,700,273.3544064963893,14.028544482920204,circular
966,1100,700,338.36871821833483,-85,-85,-85,-85,1350,700,287.3829509793095,14.028544482920204,circular
967,1100,700,338.36871821833483,-85,-85,-85,-85,1350,700,301.4114954622297,14.028544482920204,circular
968,1100,700,338.36871821833483,-85,-85,-85,-85,1350,700,315.4400399451499,14.028544482920204,circular
969,1100,700,338.36871821833483,-85,-85,-85,-85,1350,700,329.46858442807013,14.028544482920204,circular
970,1100,700,338.36871821833483,-85,-85,-85,-85,1350,700,343.49712891099034,14.028544482920204,circular
971,1100,700,338.36871821833483,-85,-85,-85,-85,1350,700,357.52567339391055,14.028544482920204,circular
972,1100,700,338.36871821833483,-85,-85,-85,-85,1350,700,11.554217876830762,14.028544482920204,circular
973,1100,700,338.36871821833483,-85,-85,-85,-85,1350,700,25.582762359750966,14.028544482920204,circular
974,1100,700,338.36871821833483,-85,-85,-85,-85,1350,700,39.61130684267117,14.028544482920204,circular
975,1100,700,338.36871821833483,-85,-85,-85,-85,1350,700,53.63985132559137,14.028544482920204,circular
976,1100,700,338.36871821833483,-85,-85,-85,-85,1350,700,67.66839580851158,14.028544482920204,circular
977,1100,700,338.36871821833483,-85,-85,-85,-85,1350,700,81.69694029143179,14.028544482920204,circular
978,1100,700,338.36871821833483,-85,-85,-85,-85,1350,700,95.725484774352,14.028544482920204,circular
979,1100,700,338.36871821833483,-85,-85,-85,-85,1350,700,109.75402925727221,14.028544482920204,circular
980,1100,700,338.36871821833483,-85,-85,-85,-85,1350,700,123.78257374019242,14.028544482920204,circular
981,1100,700,338.36871821833483,-85,-85,-85,-85,1350,700,137.81111822311263,14.028544482920204,circular
982,1100,700,338.36871821833483,17.513155499392102,-85,-85,11.505794098357505,1350,700,151.83966270603284,14.028544482920204,circular
983,1100,700,338.36871821833483,23.769789312347285,-85,-85,23.06730250275713,1350,700,165.86820718895305,14.028544482920204,circular
984,1100,700,338.36871821833483,25.614204328866276,-85,-85,25.36180729449956,1350,700,179.89675167187326,14.028544482920204,circular
985,1100,700,338.36871821833483,26.077602459396946,-85,-85,26.067010357935978,1350,700,193.92529615479347,14.028544482920204,circular
986,1100,700,338.36871821833483,25.536951728381826,-85,-85,25.7492610641292,1350,700,207.95384063771368,14.028544482920204,circular
987,1100,700,338.36871821833483,23.553218972269416,-85,-85,24.1582774269213,1350,700,221.9823851206339,14.028544482920204,circular
988,1100,700,338.36871821833483,16.269948115724716,-85,-85,19.25639156218219,1350,700,236.0109296035541,14.028544482920204,circular
989,1100,700,338.36871821833483,-85,-85,-85,-85,1350,700,250.0394740864743,14.028544482920204,circular
990,1100,700,338.36871821833483,-85,-85,-85,-85,1350,700,264.0680185693945,14.028544482920204,circular
991,1100,700,338.36871821833483,-85,-85,-85,-85,1350,700,278.0965630523147,14.028544482920204,circular
992,1100,700,338.36871821833483,-85,-85,-85,-85,1350,700,292.1251075352349,14.028544482920204,circular
993,1100,700,338.36871821833483,-85,-85,-85,-85,1350,700,306.1536520181551,14.028544482920204,circular
994,1100,700,338.36871821833483,-85,-85,-85,-85,1350,700,320.18219650107534,14.028544482920204,circular
995,1100,700,338.36871821833483,-85,-85,-85,-85,1350,700,334.21074098399555,14.028544482920204,circular
996,1100,700,338.36871821833483,-85,-85,-85,-85,1350,700,348.23928546691576,14.028544482920204,circular
997,1100,700,338.36871821833483,-85,-85,-85,-85,1350,700,2.2678299498359706,14.028544482920204,circular
998,1100,700,338.36871821833483,-85,-85,-85,-85,1350,700,16.296374432756174,14.028544482920204,circular
999,1100,700,338.36871821833483,-85,-85,-85,-85,1350,700,30.324918915676378,14.028544482920204,circular
