Tick,Aircraft X,Aircraft Y,Aircraft Heading,A1,A2,A3,A4,Radar X,Radar Y,Radar Azimuth,Radar RPM,Radar Scan Pattern
0,1100,700,190.31797883746344,-85,-85,-85,-85,1350,700,12.467524927118347,6.303758428345563,circular
1,1100,700,190.31797883746344,-85,-85,-85,-85,1350,700,18.77128335546391,6.303758428345563,circular
2,1100,700,190.31797883746344,-85,-85,-85,-85,1350,700,25.075041783809475,6.303758428345563,circular
3,1100,700,190.31797883746344,-85,-85,-85,-85,1350,700,31.37880021215504,6.303758428345563,circular
4,1100,700,190.31797883746344,-85,-85,-85,-85,1350,700,37.6825586405006,6.303758428345563,circular
5,1100,700,190.31797883746344,-85,-85,-85,-85,1350,700,43.98631706884616,6.303758428345563,circular
6,1100,700,190.31797883746344,-85,-85,-85,-85,1350,700,50.29007549719172,6.303758428345563,circular
7,1100,700,190.31797883746344,-85,-85,-85,-85,1350,700,56.59383392553728,6.303758428345563,circular
8,1100,700,190.31797883746344,-85,-85,-85,-85,1350,700,62.89759235388284,6.303758428345563,circular
9,1100,700,190.31797883746344,-85,-85,-85,-85,1350,700,69.2013507822284,6.303758428345563,circular
10,1100,700,190.31797883746344,-85,-85,-85,-85,1350,700,75.50510921057396,6.303758428345563,circular
11,1100,700,190.31797883746344,-85,-85,-85,-85,1350,700,81.80886763891952,6.303758428345563,circular
12,1100,700,190.31797883746344,-85,-85,-85,-85,1350,700,88.11262606726508,6.303758428345563,circular
13,1100,700,190.31797883746344,-85,-85,-85,-85,1350,700,94.41638449561064,6.303758428345563,circular
14,1100,700,190.31797883746344,-85,-85,-85,-85,1350,700,100.7201429239562,6.303758428345563,circular
15,1100,700,190.31797883746344,-85,-85,-85,-85,1350,700,107.02390135230176,6.303758428345563,circular
16,1100,700,190.31797883746344,-85,-85,-85,-85,1350,700,113.32765978064732,6.303758428345563,circular
17,1100,700,190.31797883746344,-85,-85,-85,-85,1350,700,119.63141820899288,6.303758428345563,circular
18,1100,700,190.31797883746344,-85,-85,-85,-85,1350,700,125.93517663733844,6.303758428345563,circular
19,1100,700,190.31797883746344,-85,-85,-85,-85,1350,700,132.23893506568402,6.303758428345563,circular
20,1100,700,190.31797883746344,-85,-85,-85,-85,1350,700,138.54269349402958,6.303758428345563,circular
21,1100,700,190.31797883746344,-85,16.269948115724727,19.25639156218217,-85,1350,700,144.84645192237514,6.303758428345563,circular
22,1100,700,190.31797883746344,-85,20.97742610025734,22.170735458799452,-85,1350,700,151.1502103507207,6.303758428345563,circular
23,1100,700,190.31797883746344,-85,23.06730250275713,23.971022246457757,-85,1350,700,157.45396877906626,6.303758428345563,circular
24,1100,700,190.31797883746344,-85,24.495315191602927,24.92014212493214,-85,1350,700,163.75772720741182,6.303758428345563,circular
25,1100,700,190.31797883746344,-85,25.26334459461691,25.536951728381826,-85,1350,700,170.06148563575738,6.303758428345563,circular
26,1100,700,190.31797883746344,-85,25.7492610641292,25.906018829630398,-85,1350,700,176.36524406410294,6.303758428345563,circular
27,1100,700,190.31797883746344,-85,26.035130213615616,26.074956048612798,-85,1350,700,182.6690024924485,6.303758428345563,circular
28,1100,700,190.31797883746344,-85,26.074956048612798,26.035130213615616,-85,1350,700,188.97276092079406,6.303758428345563,circular
29,1100,700,190.31797883746344,-85,25.946643644493044,25.807460623826316,-85,1350,700,195.27651934913962,6.303758428345563,circular
30,1100,700,190.31797883746344,-85,25.614204328866276,25.263344594616918,-85,1350,700,201.58027777748518,6.303758428345563,circular
31,1100,700,190.31797883746344,-85,24.92014212493214,24.495315191602927,-85,1350,700,207.88403620583074,6.303758428345563,circular
32,1100,700,190.31797883746344,-85,23.97102224645776,23.319699537123853,-85,1350,700,214.1877946341763,6.303758428345563,circular
33,1100,700,190.31797883746344,-85,22.496022074683278,20.97742610025735,-85,1350,700,220.49155306252186,6.303758428345563,circular
34,1100,700,190.31797883746344,-85,19.25639156218219,16.269948115724716,-85,1350,700,226.79531149086742,6.303758428345563,circular
35,1100,700,190.31797883746344,-85,-85,-85,-85,1350,700,233.09906991921298,6.303758428345563,circular
36,1100,700,190.31797883746344,-85,-85,-85,-85,1350,700,239.40282834755854,6.303758428345563,circular
37,1100,700,190.31797883746344,-85,-85,-85,-85,1350,700,245.7065867759041,6.303758428345563,circular
38,1100,700,190.31797883746344,-85,-85,-85,-85,1350,700,252.01034520424966,6.303758428345563,circular
39,1100,700,190.31797883746344,-85,-85,-85,-85,1350,700,258.3141036325952,6.303758428345563,circular
40,1100,700,190.31797883746344,-85,-85,-85,-85,1350,700,264.6178620609408,6.303758428345563,circular
41,1100,700,190.31797883746344,-85,-85,-85,-85,1350,700,270.9216204892864,6.303758428345563,circular
42,1100,700,190.31797883746344,-85,-85,-85,-85,1350,700,277.225378917632,6.303758428345563,circular
43,1100,700,190.31797883746344,-85,-85,-85,-85,1350,700,283.5291373459776,6.303758428345563,circular
44,1100,700,190.31797883746344,-85,-85,-85,-85,1350,700,289.83289577432316,6.303758428345563,circular
45,1100,700,190.31797883746344,-85,-85,-85,-85,1350,700,296.13665420266875,6.303758428345563,circular
46,1100,700,190.31797883746344,-85,-85,-85,-85,1350,700,302.44041263101434,6.303758428345563,circular
47,1100,700,190.31797883746344,-85,-85,-85,-85,1350,700,308.7441710593599,6.303758428345563,circular
48,1100,700,190.31797883746344,-85,-85,-85,-85,1350,700,315.0479294877055,6.303758428345563,circular
49,1100,700,190.31797883746344,-85,-85,-85,-85,1350,700,321.3516879160511,6.303758428345563,circular
50,1100,700,190.31797883746344,-85,-85,-85,-85,1350,700,327.6554463443967,6.303758428345563,circular
51,1100,700,190.31797883746344,-85,-85,-85,-85,1350,700,333.9592047727423,6.303758428345563,circular
52,1100,700,190.31797883746344,-85,-85,-85,-85,1350,700,340.26296320108787,6.303758428345563,circular
53,1100,700,190.31797883746344,-85,-85,-85,-85,1350,700,346.56672162943346,6.303758428345563,circular
54,1100,700,190.31797883746344,-85,-85,-85,-85,1350,700,352.87048005777905,6.303758428345563,circular
55,1100,700,190.31797883746344,-85,-85,-85,-85,1350,700,359.17423848612464,6.303758428345563,circular
56,1100,700,190.31797883746344,-85,-85,-85,-85,1350,700,5.477996914470225,6.303758428345563,circular
57,1100,700,190.31797883746344,-85,-85,-85,-85,1350,700,11.781755342815789,6.303758428345563,circular
58,1100,700,190.31797883746344,-85,-85,-85,-85,1350,700,18.085513771161352,6.303758428345563,circular
59,1100,700,190.31797883746344,-85,-85,-85,-85,1350,700,24.389272199506916,6.303758428345563,circular
60,1100,700,190.31797883746344,-85,-85,-85,-85,1350,700,30.69303062785248,6.303758428345563,circular
61,1100,700,190.31797883746344,-85,-85,-85,-85,1350,700,36.99678905619804,6.303758428345563,circular
62,1100,700,190.31797883746344,-85,-85,-85,-85,1350,700,43.3005474845436,6.303758428345563,circular
63,1100,700,190.31797883746344,-85,-85,-85,-85,1350,700,49.60430591288916,6.303758428345563,circular
64,1100,700,190.31797883746344,-85,-85,-85,-85,1350,700,55.90806434123472,6.303758428345563,circular
65,1100,700,190.31797883746344,-85,-85,-85,-85,1350,700,62.21182276958028,6.303758428345563,circular
66,1100,700,190.31797883746344,-85,-85,-85,-85,1350,700,68.51558119792584,6.303758428345563,circular
67,1100,700,190.31797883746344,-85,-85,-85,-85,1350,700,74.8193396262714,6.303758428345563,circular
68,1100,700,190.31797883746344,-85,-85,-85,-85,1350,700,81.12309805461696,6.303758428345563,circular
69,1100,700,190.31797883746344,-85,-85,-85,-85,1350,700,87.42685648296252,6.303758428345563,circular
70,1100,700,190.31797883746344,-85,-85,-85,-85,1350,700,93.73061491130808,6.303758428345563,circular
71,1100,700,190.31797883746344,-85,-85,-85,-85,1350,700,100.03437333965364,6.303758428345563,circular
72,1100,700,190.31797883746344,-85,-85,-85,-85,1350,700,106.3381317679992,6.303758428345563,circular
73,1100,700,190.31797883746344,-85,-85,-85,-85,1350,700,112.64189019634476,6.303758428345563,circular
74,1100,700,190.31797883746344,-85,-85,-85,-85,1350,700,118.94564862469032,6.303758428345563,circular
75,1100,700,190.31797883746344,-85,-85,-85,-85,1350,700,125.24940705303588,6.303758428345563,circular
76,1100,700,190.31797883746344,-85,-85,-85,-85,1350,700,131.55316548138146,6.303758428345563,circular
77,1100,700,190.31797883746344,-85,-85,-85,-85,1350,700,137.85692390972702,6.303758428345563,circular
78,1100,700,190.31797883746344,-85,14.513447644213304,18.47430475951294,-85,1350,700,144.16068233807258,6.303758428345563,circular
79,1100,700,190.31797883746344,-85,20.48098321025059,22.170735458799452,-85,1350,700,150.46444076641814,6.303758428345563,circular
80,1100,700,190.31797883746344,-85,23.06730250275713,23.769789312347285,-85,1350,700,156.7681991947637,6.303758428345563,circular
81,1100,700,190.31797883746344,-85,24.33271141113945,24.78833704083229,-85,1350,700,163.07195762310926,6.303758428345563,circular
82,1100,700,190.31797883746344,-85,25.157178905256924,25.452908776355446,-85,1350,700,169.37571605145482,6.303758428345563,circular
83,1100,700,190.31797883746344,-85,25.7492610641292,25.906018829630398,-85,1350,700,175.67947447980038,6.303758428345563,circular
84,1100,700,190.31797883746344,-85,26.011117049096303,26.067010357935978,-85,1350,700,181.98323290814594,6.303758428345563,circular
85,1100,700,190.31797883746344,-85,26.077602459396946,26.053745949214605,-85,1350,700,188.2869913364915,6.303758428345563,circular
86,1100,700,190.31797883746344,-85,25.9816463993744,25.807460623826316,-85,1350,700,194.59074976483706,6.303758428345563,circular
87,1100,700,190.31797883746344,-85,25.614204328866276,25.361807294499556,-85,1350,700,200.89450819318262,6.303758428345563,circular
88,1100,700,190.31797883746344,-85,25.042923900792417,24.646943359767004,-85,1350,700,207.19826662152818,6.303758428345563,circular
89,1100,700,190.31797883746344,-85,24.1582774269213,23.319699537123853,-85,1350,700,213.50202504987374,6.303758428345563,circular
90,1100,700,190.31797883746344,-85,22.496022074683278,21.418119305852123,-85,1350,700,219.8057834782193,6.303758428345563,circular
91,1100,700,190.31797883746344,-85,19.914354227256315,17.51315549939211,-85,1350,700,226.10954190656486,6.303758428345563,circular
92,1100,700,190.31797883746344,-85,11.50579409835762,-85,-85,1350,700,232.41330033491042,6.303758428345563,circular
93,1100,700,190.31797883746344,-85,-85,-85,-85,1350,700,238.71705876325598,6.303758428345563,circular
94,1100,700,190.31797883746344,-85,-85,-85,-85,1350,700,245.02081719160154,6.303758428345563,circular
95,1100,700,190.31797883746344,-85,-85,-85,-85,1350,700,251.3245756199471,6.303758428345563,circular
96,1100,700,190.31797883746344,-85,-85,-85,-85,1350,700,257.6283340482927,6.303758428345563,circular
97,1100,700,190.31797883746344,-85,-85,-85,-85,1350,700,263.9320924766383,6.303758428345563,circular
98,1100,700,190.31797883746344,-85,-85,-85,-85,1350,700,270.23585090498386,6.303758428345563,circular
99,1100,700,190.31797883746344,-85,-85,-85,-85,1350,700,276.53960933332945,6.303758428345563,circular
100,1100,700,190.31797883746344,-85,-85,-85,-85,1350,700,282.84336776167504,6.303758428345563,circular
101,1100,700,190.31797883746344,-85,-85,-85,-85,1350,700,289.14712619002063,6.303758428345563,circular
102,1100,700,190.31797883746344,-85,-85,-85,-85,1350,700,295.4508846183662,6.303758428345563,circular
103,1100,700,190.31797883746344,-85,-85,-85,-85,1350,700,301.7546430467118,6.303758428345563,circular
104,1100,700,190.31797883746344,-85,-85,-85,-85,1350,700,308.0584014750574,6.303758428345563,circular
105,1100,700,190.31797883746344,-85,-85,-85,-85,1350,700,314.362159903403,6.303758428345563,circular
106,1100,700,190.31797883746344,-85,-85,-85,-85,1350,700,320.66591833174857,6.303758428345563,circular
107,1100,700,190.31797883746344,-85,-85,-85,-85,1350,700,326.96967676009416,6.303758428345563,circular
108,1100,700,190.31797883746344,-85,-85,-85,-85,1350,700,333.27343518843975,6.303758428345563,circular
109,1100,700,190.31797883746344,-85,-85,-85,-85,1350,700,339.57719361678534,6.303758428345563,circular
110,1100,700,190.31797883746344,-85,-85,-85,-85,1350,700,345.8809520451309,6.303758428345563,circular
111,1100,700,190.31797883746344,-85,-85,-85,-85,1350,700,352.1847104734765,6.303758428345563,circular
112,1100,700,190.31797883746344,-85,-85,-85,-85,1350,700,358.4884689018221,6.303758428345563,circular
113,1100,700,190.31797883746344,-85,-85,-85,-85,1350,700,4.792227330167691,6.303758428345563,circular
114,1100,700,190.31797883746344,-85,-85,-85,-85,1350,700,11.095985758513255,6.303758428345563,circular
115,1100,700,190.31797883746344,-85,-85,-85,-85,1350,700,17.39974418685882,6.303758428345563,circular
116,1100,700,190.31797883746344,-85,-85,-85,-85,1350,700,23.703502615204382,6.303758428345563,circular
117,1100,700,190.31797883746344,-85,-85,-85,-85,1350,700,30.007261043549946,6.303758428345563,circular
118,1100,700,190.31797883746344,-85,-85,-85,-85,1350,700,36.311019471895506,6.303758428345563,circular
119,1100,700,190.31797883746344,-85,-85,-85,-85,1350,700,42.614777900241066,6.303758428345563,circular
120,1100,700,190.31797883746344,-85,-85,-85,-85,1350,700,48.918536328586626,6.303758428345563,circular
121,1100,700,190.31797883746344,-85,-85,-85,-85,1350,700,55.222294756932186,6.303758428345563,circular
122,1100,700,190.31797883746344,-85,-85,-85,-85,1350,700,61.526053185277746,6.303758428345563,circular
123,1100,700,190.31797883746344,-85,-85,-85,-85,1350,700,67.8298116136233,6.303758428345563,circular
124,1100,700,190.31797883746344,-85,-85,-85,-85,1350,700,74.13357004196887,6.303758428345563,circular
125,1100,700,190.31797883746344,-85,-85,-85,-85,1350,700,80.43732847031443,6.303758428345563,circular
126,1100,700,190.31797883746344,-85,-85,-85,-85,1350,700,86.74108689865999,6.303758428345563,circular
127,1100,700,190.31797883746344,-85,-85,-85,-85,1350,700,93.04484532700555,6.303758428345563,circular
128,1100,700,190.31797883746344,-85,-85,-85,-85,1350,700,99.3486037553511,6.303758428345563,circular
129,1100,700,190.31797883746344,-85,-85,-85,-85,1350,700,105.65236218369667,6.303758428345563,circular
130,1100,700,190.31797883746344,-85,-85,-85,-85,1350,700,111.95612061204223,6.303758428345563,circular
131,1100,700,190.31797883746344,-85,-85,-85,-85,1350,700,118.25987904038779,6.303758428345563,circular
132,1100,700,190.31797883746344,-85,-85,-85,-85,1350,700,124.56363746873335,6.303758428345563,circular
133,1100,700,190.31797883746344,-85,-85,-85,-85,1350,700,130.86739589707892,6.303758428345563,circular
134,1100,700,190.31797883746344,-85,-85,-85,-85,1350,700,137.17115432542448,6.303758428345563,circular
135,1100,700,190.31797883746344,-85,11.505794098357505,18.47430475951294,-85,1350,700,143.47491275377004,6.303758428345563,circular
136,1100,700,190.31797883746344,-85,20.48098321025059,21.813356630230874,-85,1350,700,149.7786711821156,6.303758428345563,circular
137,1100,700,190.31797883746344,-85,22.793695368992218,23.553218972269416,-85,1350,700,156.08242961046116,6.303758428345563,circular
138,1100,700,190.31797883746344,-85,24.1582774269213,24.78833704083229,-85,1350,700,162.38618803880672,6.303758428345563,circular
139,1100,700,190.31797883746344,-85,25.157178905256924,25.452908776355446,-85,1350,700,168.68994646715228,6.303758428345563,circular
140,1100,700,190.31797883746344,-85,25.684904084789974,25.859665714847075,-85,1350,700,174.99370489549784,6.303758428345563,circular
141,1100,700,190.31797883746344,-85,25.9816463993744,26.053745949214605,-85,1350,700,181.2974633238434,6.303758428345563,circular
142,1100,700,190.31797883746344,-85,26.077602459396946,26.053745949214605,-85,1350,700,187.60122175218896,6.303758428345563,circular
143,1100,700,190.31797883746344,-85,25.9816463993744,25.859665714847075,-85,1350,700,193.90498018053452,6.303758428345563,circular
144,1100,700,190.31797883746344,-85,25.684904084789977,25.452908776355446,-85,1350,700,200.20873860888008,6.303758428345563,circular
145,1100,700,190.31797883746344,-85,25.157178905256924,24.646943359767004,-85,1350,700,206.51249703722564,6.303758428345563,circular
146,1100,700,190.31797883746344,-85,24.1582774269213,23.553218972269416,-85,1350,700,212.8162554655712,6.303758428345563,circular
147,1100,700,190.31797883746344,-85,22.793695368992225,21.81335663023087,-85,1350,700,219.12001389391676,6.303758428345563,circular
148,1100,700,190.31797883746344,-85,20.48098321025059,17.51315549939211,-85,1350,700,225.42377232226232,6.303758428345563,circular
149,1100,700,190.31797883746344,-85,11.50579409835762,-85,-85,1350,700,231.72753075060788,6.303758428345563,circular
150,1100,700,190.31797883746344,-85,-85,-85,-85,1350,700,238.03128917895344,6.303758428345563,circular
151,1100,700,190.31797883746344,-85,-85,-85,-85,1350,700,244.335047607299,6.303758428345563,circular
152,1100,700,190.31797883746344,-85,-85,-85,-85,1350,700,250.63880603564456,6.303758428345563,circular
153,1100,700,190.31797883746344,-85,-85,-85,-85,1350,700,256.94256446399015,6.303758428345563,circular
154,1100,700,190.31797883746344,-85,-85,-85,-85,1350,700,263.24632289233574,6.303758428345563,circular
155,1100,700,190.31797883746344,-85,-85,-85,-85,1350,700,269.55008132068133,6.303758428345563,circular
156,1100,700,190.31797883746344,-85,-85,-85,-85,1350,700,275.8538397490269,6.303758428345563,circular
157,1100,700,190.31797883746344,-85,-85,-85,-85,1350,700,282.1575981773725,6.303758428345563,circular
158,1100,700,190.31797883746344,-85,-85,-85,-85,1350,700,288.4613566057181,6.303758428345563,circular
159,1100,700,190.31797883746344,-85,-85,-85,-85,1350,700,294.7651150340637,6.303758428345563,circular
160,1100,700,190.31797883746344,-85,-85,-85,-85,1350,700,301.0688734624093,6.303758428345563,circular
161,1100,700,190.31797883746344,-85,-85,-85,-85,1350,700,307.37263189075486,6.303758428345563,circular
162,1100,700,190.31797883746344,-85,-85,-85,-85,1350,700,313.67639031910045,6.303758428345563,circular
163,1100,700,190.31797883746344,-85,-85,-85,-85,1350,700,319.98014874744604,6.303758428345563,circular
164,1100,700,190.31797883746344,-85,-85,-85,-85,1350,700,326.2839071757916,6.303758428345563,circular
165,1100,700,190.31797883746344,-85,-85,-85,-85,1350,700,332.5876656041372,6.303758428345563,circular
166,1100,700,190.31797883746344,-85,-85,-85,-85,1350,700,338.8914240324828,6.303758428345563,circular
167,1100,700,190.31797883746344,-85,-85,-85,-85,1350,700,345.1951824608284,6.303758428345563,circular
168,1100,700,190.31797883746344,-85,-85,-85,-85,1350,700,351.498940889174,6.303758428345563,circular
169,1100,700,190.31797883746344,-85,-85,-85,-85,1350,700,357.80269931751957,6.303758428345563,circular
170,1100,700,190.31797883746344,-85,-85,-85,-85,1350,700,4.106457745865157,6.303758428345563,circular
171,1100,700,190.31797883746344,-85,-85,-85,-85,1350,700,10.41021617421072,6.303758428345563,circular
172,1100,700,190.31797883746344,-85,-85,-85,-85,1350,700,16.713974602556284,6.303758428345563,circular
173,1100,700,190.31797883746344,-85,-85,-85,-85,1350,700,23.017733030901848,6.303758428345563,circular
174,1100,700,190.31797883746344,-85,-85,-85,-85,1350,700,29.32149145924741,6.303758428345563,circular
175,1100,700,190.31797883746344,-85,-85,-85,-85,1350,700,35.62524988759297,6.303758428345563,circular
176,1100,700,190.31797883746344,-85,-85,-85,-85,1350,700,41.92900831593853,6.303758428345563,circular
177,1100,700,190.31797883746344,-85,-85,-85,-85,1350,700,48.23276674428409,6.303758428345563,circular
178,1100,700,190.31797883746344,-85,-85,-85,-85,1350,700,54.53652517262965,6.303758428345563,circular
179,1100,700,190.31797883746344,-85,-85,-85,-85,1350,700,60.84028360097521,6.303758428345563,circular
180,1100,700,190.31797883746344,-85,-85,-85,-85,1350,700,67.14404202932077,6.303758428345563,circular
181,1100,700,190.31797883746344,-85,-85,-85,-85,1350,700,73.44780045766633,6.303758428345563,circular
182,1100,700,190.31797883746344,-85,-85,-85,-85,1350,700,79.75155888601189,6.303758428345563,circular
183,1100,700,190.31797883746344,-85,-85,-85,-85,1350,700,86.05531731435745,6.303758428345563,circular
184,1100,700,190.31797883746344,-85,-85,-85,-85,1350,700,92.35907574270301,6.303758428345563,circular
185,1100,700,190.31797883746344,-85,-85,-85,-85,1350,700,98.66283417104857,6.303758428345563,circular
186,1100,700,190.31797883746344,-85,-85,-85,-85,1350,700,104.96659259939413,6.303758428345563,circular
187,1100,700,190.31797883746344,-85,-85,-85,-85,1350,700,111.2703510277397,6.303758428345563,circular
188,1100,700,190.31797883746344,-85,-85,-85,-85,1350,700,117.57410945608525,6.303758428345563,circular
189,1100,700,190.31797883746344,-85,-85,-85,-85,1350,700,123.87786788443081,6.303758428345563,circular
190,1100,700,190.31797883746344,-85,-85,-85,-85,1350,700,130.1816263127764,6.303758428345563,circular
191,1100,700,190.31797883746344,-85,-85,-85,-85,1350,700,136.48538474112195,6.303758428345563,circular
192,1100,700,190.31797883746344,-85,11.505794098357505,17.513155499392102,-85,1350,700,142.7891431694675,6.303758428345563,circular
193,1100,700,190.31797883746344,-85,19.91435422725632,21.41811930585211,-85,1350,700,149.09290159781307,6.303758428345563,circular
194,1100,700,190.31797883746344,-85,22.496022074683278,23.553218972269416,-85,1350,700,155.39666002615863,6.303758428345563,circular
195,1100,700,190.31797883746344,-85,24.1582774269213,24.646943359767004,-85,1350,700,161.7004184545042,6.303758428345563,circular
196,1100,700,190.31797883746344,-85,25.042923900792417,25.36180729449956,-85,1350,700,168.00417688284975,6.303758428345563,circular
197,1100,700,190.31797883746344,-85,25.614204328866276,25.80746062382631,-85,1350,700,174.3079353111953,6.303758428345563,circular
198,1100,700,190.31797883746344,-85,25.946643644493044,26.053745949214605,-85,1350,700,180.61169373954087,6.303758428345563,circular
199,1100,700,190.31797883746344,-85,26.077602459396946,26.067010357935978,-85,1350,700,186.91545216788643,6.303758428345563,circular
200,1100,700,190.31797883746344,-85,26.011117049096303,25.906018829630398,-85,1350,700,193.219210596232,6.303758428345563,circular
201,1100,700,190.31797883746344,-85,25.7492610641292,25.452908776355446,-85,1350,700,199.52296902457755,6.303758428345563,circular
202,1100,700,190.31797883746344,-85,25.157178905256924,24.788337040832293,-85,1350,700,205.8267274529231,6.303758428345563,circular
203,1100,700,190.31797883746344,-85,24.332711411139446,23.769789312347285,-85,1350,700,212.13048588126867,6.303758428345563,circular
204,1100,700,190.31797883746344,-85,23.067302502757133,21.81335663023087,-85,1350,700,218.43424430961423,6.303758428345563,circular
205,1100,700,190.31797883746344,-85,20.48098321025059,18.474304759512954,-85,1350,700,224.7380027379598,6.303758428345563,circular
206,1100,700,190.31797883746344,-85,14.513447644213265,-85,-85,1350,700,231.04176116630535,6.303758428345563,circular
207,1100,700,190.31797883746344,-85,-85,-85,-85,1350,700,237.3455195946509,6.303758428345563,circular
208,1100,700,190.31797883746344,-85,-85,-85,-85,1350,700,243.64927802299647,6.303758428345563,circular
209,1100,700,190.31797883746344,-85,-85,-85,-85,1350,700,249.95303645134203,6.303758428345563,circular
210,1100,700,190.31797883746344,-85,-85,-85,-85,1350,700,256.2567948796876,6.303758428345563,circular
211,1100,700,190.31797883746344,-85,-85,-85,-85,1350,700,262.5605533080332,6.303758428345563,circular
212,1100,700,190.31797883746344,-85,-85,-85,-85,1350,700,268.8643117363788,6.303758428345563,circular
213,1100,700,190.31797883746344,-85,-85,-85,-85,1350,700,275.1680701647244,6.303758428345563,circular
214,1100,700,190.31797883746344,-85,-85,-85,-85,1350,700,281.47182859307,6.303758428345563,circular
215,1100,700,190.31797883746344,-85,-85,-85,-85,1350,700,287.77558702141556,6.303758428345563,circular
216,1100,700,190.31797883746344,-85,-85,-85,-85,1350,700,294.07934544976115,6.303758428345563,circular
217,1100,700,190.31797883746344,-85,-85,-85,-85,1350,700,300.38310387810674,6.303758428345563,circular
218,1100,700,190.31797883746344,-85,-85,-85,-85,1350,700,306.6868623064523,6.303758428345563,circular
219,1100,700,190.31797883746344,-85,-85,-85,-85,1350,700,312.9906207347979,6.303758428345563,circular
220,1100,700,190.31797883746344,-85,-85,-85,-85,1350,700,319.2943791631435,6.303758428345563,circular
221,1100,700,190.31797883746344,-85,-85,-85,-85,1350,700,325.5981375914891,6.303758428345563,circular
222,1100,700,190.31797883746344,-85,-85,-85,-85,1350,700,331.9018960198347,6.303758428345563,circular
223,1100,700,190.31797883746344,-85,-85,-85,-85,1350,700,338.20565444818027,6.303758428345563,circular
224,1100,700,190.31797883746344,-85,-85,-85,-85,1350,700,344.50941287652586,6.303758428345563,circular
225,1100,700,190.31797883746344,-85,-85,-85,-85,1350,700,350.81317130487145,6.303758428345563,circular
226,1100,700,190.31797883746344,-85,-85,-85,-85,1350,700,357.11692973321703,6.303758428345563,circular
227,1100,700,190.31797883746344,-85,-85,-85,-85,1350,700,3.420688161562623,6.303758428345563,circular
228,1100,700,190.31797883746344,-85,-85,-85,-85,1350,700,9.724446589908187,6.303758428345563,circular
229,1100,700,190.31797883746344,-85,-85,-85,-85,1350,700,16.02820501825375,6.303758428345563,circular
230,1100,700,190.31797883746344,-85,-85,-85,-85,1350,700,22.331963446599314,6.303758428345563,circular
231,1100,700,190.31797883746344,-85,-85,-85,-85,1350,700,28.635721874944878,6.303758428345563,circular
232,1100,700,190.31797883746344,-85,-85,-85,-85,1350,700,34.93948030329044,6.303758428345563,circular
233,1100,700,190.31797883746344,-85,-85,-85,-85,1350,700,41.243238731636,6.303758428345563,circular
234,1100,700,190.31797883746344,-85,-85,-85,-85,1350,700,47.54699715998156,6.303758428345563,circular
235,1100,700,190.31797883746344,-85,-85,-85,-85,1350,700,53.85075558832712,6.303758428345563,circular
236,1100,700,190.31797883746344,-85,-85,-85,-85,1350,700,60.15451401667268,6.303758428345563,circular
237,1100,700,190.31797883746344,-85,-85,-85,-85,1350,700,66.45827244501824,6.303758428345563,circular
238,1100,700,190.31797883746344,-85,-85,-85,-85,1350,700,72.7620308733638,6.303758428345563,circular
239,1100,700,190.31797883746344,-85,-85,-85,-85,1350,700,79.06578930170936,6.303758428345563,circular
240,1100,700,190.31797883746344,-85,-85,-85,-85,1350,700,85.36954773005492,6.303758428345563,circular
241,1100,700,190.31797883746344,-85,-85,-85,-85,1350,700,91.67330615840048,6.303758428345563,circular
242,1100,700,190.31797883746344,-85,-85,-85,-85,1350,700,97.97706458674604,6.303758428345563,circular
243,1100,700,190.31797883746344,-85,-85,-85,-85,1350,700,104.2808230150916,6.303758428345563,circular
244,1100,700,190.31797883746344,-85,-85,-85,-85,1350,700,110.58458144343716,6.303758428345563,circular
245,1100,700,190.31797883746344,-85,-85,-85,-85,1350,700,116.88833987178272,6.303758428345563,circular
246,1100,700,190.31797883746344,-85,-85,-85,-85,1350,700,123.19209830012828,6.303758428345563,circular
247,1100,700,190.31797883746344,-85,-85,-85,-85,1350,700,129.49585672847385,6.303758428345563,circular
248,1100,700,190.31797883746344,-85,-85,-85,-85,1350,700,135.7996151568194,6.303758428345563,circular
249,1100,700,190.31797883746344,-85,-85,16.269948115724727,-85,1350,700,142.10337358516497,6.303758428345563,circular
250,1100,700,190.31797883746344,-85,19.25639156218217,21.41811930585211,-85,1350,700,148.40713201351053,6.303758428345563,circular
251,1100,700,190.31797883746344,-85,22.496022074683278,23.31969953712386,-85,1350,700,154.7108904418561,6.303758428345563,circular
252,1100,700,190.31797883746344,-85,23.971022246457757,24.495315191602927,-85,1350,700,161.01464887020165,6.303758428345563,circular
253,1100,700,190.31797883746344,-85,24.92014212493214,25.26334459461691,-85,1350,700,167.3184072985472,6.303758428345563,circular
254,1100,700,190.31797883746344,-85,25.536951728381826,25.80746062382631,-85,1350,700,173.62216572689277,6.303758428345563,circular
255,1100,700,190.31797883746344,-85,25.946643644493044,26.035130213615616,-85,1350,700,179.92592415523833,6.303758428345563,circular
256,1100,700,190.31797883746344,-85,26.074956048612798,26.074956048612798,-85,1350,700,186.2296825835839,6.303758428345563,circular
257,1100,700,190.31797883746344,-85,26.035130213615616,25.906018829630398,-85,1350,700,192.53344101192945,6.303758428345563,circular
258,1100,700,190.31797883746344,-85,25.7492610641292,25.536951728381826,-85,1350,700,198.83719944027501,6.303758428345563,circular
259,1100,700,190.31797883746344,-85,25.263344594616918,24.92014212493214,-85,1350,700,205.14095786862057,6.303758428345563,circular
260,1100,700,190.31797883746344,-85,24.495315191602927,23.769789312347285,-85,1350,700,211.44471629696613,6.303758428345563,circular
261,1100,700,190.31797883746344,-85,23.067302502757133,22.170735458799452,-85,1350,700,217.7484747253117,6.303758428345563,circular
262,1100,700,190.31797883746344,-85,20.97742610025735,19.25639156218219,-85,1350,700,224.05223315365726,6.303758428345563,circular
263,1100,700,190.31797883746344,-85,16.269948115724716,-85,-85,1350,700,230.35599158200282,6.303758428345563,circular
264,1100,700,190.31797883746344,-85,-85,-85,-85,1350,700,236.65975001034838,6.303758428345563,circular
265,1100,700,190.31797883746344,-85,-85,-85,-85,1350,700,242.96350843869394,6.303758428345563,circular
266,1100,700,190.31797883746344,-85,-85,-85,-85,1350,700,249.2672668670395,6.303758428345563,circular
267,1100,700,190.31797883746344,-85,-85,-85,-85,1350,700,255.57102529538506,6.303758428345563,circular
268,1100,700,190.31797883746344,-85,-85,-85,-85,1350,700,261.8747837237306,6.303758428345563,circular
269,1100,700,190.31797883746344,-85,-85,-85,-85,1350,700,268.1785421520762,6.303758428345563,circular
270,1100,700,190.31797883746344,-85,-85,-85,-85,1350,700,274.4823005804218,6.303758428345563,circular
271,1100,700,190.31797883746344,-85,-85,-85,-85,1350,700,280.7860590087674,6.303758428345563,circular
272,1100,700,190.31797883746344,-85,-85,-85,-85,1350,700,287.08981743711297,6.303758428345563,circular
273,1100,700,190.31797883746344,-85,-85,-85,-85,1350,700,293.39357586545856,6.303758428345563,circular
274,1100,700,190.31797883746344,-85,-85,-85,-85,1350,700,299.69733429380415,6.303758428345563,circular
275,1100,700,190.31797883746344,-85,-85,-85,-85,1350,700,306.00109272214974,6.303758428345563,circular
276,1100,700,190.31797883746344,-85,-85,-85,-85,1350,700,312.3048511504953,6.303758428345563,circular
277,1100,700,190.31797883746344,-85,-85,-85,-85,1350,700,318.6086095788409,6.303758428345563,circular
278,1100,700,190.31797883746344,-85,-85,-85,-85,1350,700,324.9123680071865,6.303758428345563,circular
279,1100,700,190.31797883746344,-85,-85,-85,-85,1350,700,331.2161264355321,6.303758428345563,circular
280,1100,700,190.31797883746344,-85,-85,-85,-85,1350,700,337.5198848638777,6.303758428345563,circular
281,1100,700,190.31797883746344,-85,-85,-85,-85,1350,700,343.82364329222327,6.303758428345563,circular
282,1100,700,190.31797883746344,-85,-85,-85,-85,1350,700,350.12740172056886,6.303758428345563,circular
283,1100,700,190.31797883746344,-85,-85,-85,-85,1350,700,356.43116014891444,6.303758428345563,circular
284,1100,700,190.31797883746344,-85,-85,-85,-85,1350,700,2.734918577260032,6.303758428345563,circular
285,1100,700,190.31797883746344,-85,-85,-85,-85,1350,700,9.038677005605596,6.303758428345563,circular
286,1100,700,190.31797883746344,-85,-85,-85,-85,1350,700,15.34243543395116,6.303758428345563,circular
287,1100,700,190.31797883746344,-85,-85,-85,-85,1350,700,21.646193862296723,6.303758428345563,circular
288,1100,700,190.31797883746344,-85,-85,-85,-85,1350,700,27.949952290642287,6.303758428345563,circular
289,1100,700,190.31797883746344,-85,-85,-85,-85,1350,700,34.25371071898785,6.303758428345563,circular
290,1100,700,190.31797883746344,-85,-85,-85,-85,1350,700,40.55746914733341,6.303758428345563,circular
291,1100,700,190.31797883746344,-85,-85,-85,-85,1350,700,46.86122757567897,6.303758428345563,circular
292,1100,700,190.31797883746344,-85,-85,-85,-85,1350,700,53.16498600402453,6.303758428345563,circular
293,1100,700,190.31797883746344,-85,-85,-85,-85,1350,700,59.46874443237009,6.303758428345563,circular
294,1100,700,190.31797883746344,-85,-85,-85,-85,1350,700,65.77250286071565,6.303758428345563,circular
295,1100,700,190.31797883746344,-85,-85,-85,-85,1350,700,72.07626128906121,6.303758428345563,circular
296,1100,700,190.31797883746344,-85,-85,-85,-85,1350,700,78.38001971740677,6.303758428345563,circular
297,1100,700,190.31797883746344,-85,-85,-85,-85,1350,700,84.68377814575233,6.303758428345563,circular
298,1100,700,190.31797883746344,-85,-85,-85,-85,1350,700,90.98753657409789,6.303758428345563,circular
299,1100,700,190.31797883746344,-85,-85,-85,-85,1350,700,97.29129500244345,6.303758428345563,circular
300,1100,700,190.31797883746344,-85,-85,-85,-85,1350,700,103.59505343078901,6.303758428345563,circular
301,1100,700,190.31797883746344,-85,-85,-85,-85,1350,700,109.89881185913457,6.303758428345563,circular
302,1100,700,190.31797883746344,-85,-85,-85,-85,1350,700,116.20257028748013,6.303758428345563,circular
303,1100,700,190.31797883746344,-85,-85,-85,-85,1350,700,122.50632871582569,6.303758428345563,circular
304,1100,700,190.31797883746344,-85,-85,-85,-85,1350,700,128.81008714417126,6.303758428345563,circular
305,1100,700,190.31797883746344,-85,-85,-85,-85,1350,700,135.11384557251682,6.303758428345563,circular
306,1100,700,190.31797883746344,-85,-85,16.269948115724727,-85,1350,700,141.41760400086238,6.303758428345563,circular
307,1100,700,190.31797883746344,-85,19.25639156218217,20.97742610025734,-85,1350,700,147.72136242920794,6.303758428345563,circular
308,1100,700,190.31797883746344,-85,22.170735458799452,23.06730250275713,-85,1350,700,154.0251208575535,6.303758428345563,circular
309,1100,700,190.31797883746344,-85,23.769789312347285,24.33271141113945,-85,1350,700,160.32887928589906,6.303758428345563,circular
310,1100,700,190.31797883746344,-85,24.78833704083229,25.26334459461691,-85,1350,700,166.63263771424462,6.303758428345563,circular
311,1100,700,190.31797883746344,-85,25.536951728381826,25.7492610641292,-85,1350,700,172.93639614259018,6.303758428345563,circular
312,1100,700,190.31797883746344,-85,25.906018829630398,26.011117049096303,-85,1350,700,179.24015457093574,6.303758428345563,circular
313,1100,700,190.31797883746344,-85,26.067010357935978,26.074956048612798,-85,1350,700,185.5439129992813,6.303758428345563,circular
314,1100,700,190.31797883746344,-85,26.035130213615616,25.946643644493044,-85,1350,700,191.84767142762686,6.303758428345563,circular
315,1100,700,190.31797883746344,-85,25.807460623826316,25.614204328866276,-85,1350,700,198.15142985597242,6.303758428345563,circular
316,1100,700,190.31797883746344,-85,25.361807294499556,24.92014212493214,-85,1350,700,204.45518828431798,6.303758428345563,circular
317,1100,700,190.31797883746344,-85,24.495315191602927,23.97102224645776,-85,1350,700,210.75894671266354,6.303758428345563,circular
318,1100,700,190.31797883746344,-85,23.319699537123853,22.496022074683278,-85,1350,700,217.0627051410091,6.303758428345563,circular
319,1100,700,190.31797883746344,-85,21.418119305852123,19.914354227256315,-85,1350,700,223.36646356935466,6.303758428345563,circular
320,1100,700,190.31797883746344,-85,16.269948115724716,-85,-85,1350,700,229.67022199770022,6.303758428345563,circular
321,1100,700,190.31797883746344,-85,-85,-85,-85,1350,700,235.97398042604578,6.303758428345563,circular
322,1100,700,190.31797883746344,-85,-85,-85,-85,1350,700,242.27773885439134,6.303758428345563,circular
323,1100,700,190.31797883746344,-85,-85,-85,-85,1350,700,248.5814972827369,6.303758428345563,circular
324,1100,700,190.31797883746344,-85,-85,-85,-85,1350,700,254.88525571108246,6.303758428345563,circular
325,1100,700,190.31797883746344,-85,-85,-85,-85,1350,700,261.189014139428,6.303758428345563,circular
326,1100,700,190.31797883746344,-85,-85,-85,-85,1350,700,267.4927725677736,6.303758428345563,circular
327,1100,700,190.31797883746344,-85,-85,-85,-85,1350,700,273.7965309961192,6.303758428345563,circular
328,1100,700,190.31797883746344,-85,-85,-85,-85,1350,700,280.1002894244648,6.303758428345563,circular
329,1100,700,190.31797883746344,-85,-85,-85,-85,1350,700,286.4040478528104,6.303758428345563,circular
330,1100,700,190.31797883746344,-85,-85,-85,-85,1350,700,292.70780628115597,6.303758428345563,circular
331,1100,700,190.31797883746344,-85,-85,-85,-85,1350,700,299.01156470950156,6.303758428345563,circular
332,1100,700,190.31797883746344,-85,-85,-85,-85,1350,700,305.31532313784714,6.303758428345563,circular
333,1100,700,190.31797883746344,-85,-85,-85,-85,1350,700,311.61908156619273,6.303758428345563,circular
334,1100,700,190.31797883746344,-85,-85,-85,-85,1350,700,317.9228399945383,6.303758428345563,circular
335,1100,700,190.31797883746344,-85,-85,-85,-85,1350,700,324.2265984228839,6.303758428345563,circular
336,1100,700,190.31797883746344,-85,-85,-85,-85,1350,700,330.5303568512295,6.303758428345563,circular
337,1100,700,190.31797883746344,-85,-85,-85,-85,1350,700,336.8341152795751,6.303758428345563,circular
338,1100,700,190.31797883746344,-85,-85,-85,-85,1350,700,343.1378737079207,6.303758428345563,circular
339,1100,700,190.31797883746344,-85,-85,-85,-85,1350,700,349.44163213626626,6.303758428345563,circular
340,1100,700,190.31797883746344,-85,-85,-85,-85,1350,700,355.74539056461185,6.303758428345563,circular
341,1100,700,190.31797883746344,-85,-85,-85,-85,1350,700,2.0491489929574414,6.303758428345563,circular
342,1100,700,190.31797883746344,-85,-85,-85,-85,1350,700,8.352907421303005,6.303758428345563,circular
343,1100,700,190.31797883746344,-85,-85,-85,-85,1350,700,14.656665849648569,6.303758428345563,circular
344,1100,700,190.31797883746344,-85,-85,-85,-85,1350,700,20.960424277994132,6.303758428345563,circular
345,1100,700,190.31797883746344,-85,-85,-85,-85,1350,700,27.264182706339696,6.303758428345563,circular
346,1100,700,190.31797883746344,-85,-85,-85,-85,1350,700,33.567941134685256,6.303758428345563,circular
347,1100,700,190.31797883746344,-85,-85,-85,-85,1350,700,39.871699563030816,6.303758428345563,circular
348,1100,700,190.31797883746344,-85,-85,-85,-85,1350,700,46.175457991376376,6.303758428345563,circular
349,1100,700,190.31797883746344,-85,-85,-85,-85,1350,700,52.479216419721936,6.303758428345563,circular
350,1100,700,190.31797883746344,-85,-85,-85,-85,1350,700,58.7829748480675,6.303758428345563,circular
351,1100,700,190.31797883746344,-85,-85,-85,-85,1350,700,65.08673327641306,6.303758428345563,circular
352,1100,700,190.31797883746344,-85,-85,-85,-85,1350,700,71.39049170475862,6.303758428345563,circular
353,1100,700,190.31797883746344,-85,-85,-85,-85,1350,700,77.69425013310418,6.303758428345563,circular
354,1100,700,190.31797883746344,-85,-85,-85,-85,1350,700,83.99800856144974,6.303758428345563,circular
355,1100,700,190.31797883746344,-85,-85,-85,-85,1350,700,90.3017669897953,6.303758428345563,circular
356,1100,700,190.31797883746344,-85,-85,-85,-85,1350,700,96.60552541814086,6.303758428345563,circular
357,1100,700,190.31797883746344,-85,-85,-85,-85,1350,700,102.90928384648642,6.303758428345563,circular
358,1100,700,190.31797883746344,-85,-85,-85,-85,1350,700,109.21304227483198,6.303758428345563,circular
359,1100,700,190.31797883746344,-85,-85,-85,-85,1350,700,115.51680070317754,6.303758428345563,circular
360,1100,700,190.31797883746344,-85,-85,-85,-85,1350,700,121.8205591315231,6.303758428345563,circular
361,1100,700,190.31797883746344,-85,-85,-85,-85,1350,700,128.12431755986867,6.303758428345563,circular
362,1100,700,190.31797883746344,-85,-85,-85,-85,1350,700,134.42807598821423,6.303758428345563,circular
363,1100,700,190.31797883746344,-85,-85,14.513447644213304,-85,1350,700,140.7318344165598,6.303758428345563,circular
364,1100,700,190.31797883746344,-85,18.47430475951294,20.48098321025059,-85,1350,700,147.03559284490535,6.303758428345563,circular
365,1100,700,190.31797883746344,-85,21.813356630230874,22.793695368992218,-85,1350,700,153.3393512732509,6.303758428345563,circular
366,1100,700,190.31797883746344,-85,23.553218972269416,24.33271141113945,-85,1350,700,159.64310970159647,6.303758428345563,circular
367,1100,700,190.31797883746344,-85,24.78833704083229,25.157178905256924,-85,1350,700,165.94686812994203,6.303758428345563,circular
368,1100,700,190.31797883746344,-85,25.452908776355446,25.684904084789974,-85,1350,700,172.2506265582876,6.303758428345563,circular
369,1100,700,190.31797883746344,-85,25.859665714847075,26.011117049096303,-85,1350,700,178.55438498663315,6.303758428345563,circular
370,1100,700,190.31797883746344,-85,26.067010357935978,26.077602459396946,-85,1350,700,184.8581434149787,6.303758428345563,circular
371,1100,700,190.31797883746344,-85,26.053745949214605,25.9816463993744,-85,1350,700,191.16190184332427,6.303758428345563,circular
372,1100,700,190.31797883746344,-85,25.859665714847075,25.614204328866276,-85,1350,700,197.46566027166983,6.303758428345563,circular
373,1100,700,190.31797883746344,-85,25.361807294499556,25.042923900792417,-85,1350,700,203.7694187000154,6.303758428345563,circular
374,1100,700,190.31797883746344,-85,24.646943359767004,24.1582774269213,-85,1350,700,210.07317712836095,6.303758428345563,circular
375,1100,700,190.31797883746344,-85,23.553218972269416,22.496022074683278,-85,1350,700,216.3769355567065,6.303758428345563,circular
376,1100,700,190.31797883746344,-85,21.418119305852123,19.914354227256315,-85,1350,700,222.68069398505207,6.303758428345563,circular
377,1100,700,190.31797883746344,-85,17.51315549939211,11.50579409835762,-85,1350,700,228.98445241339763,6.303758428345563,circular
378,1100,700,190.31797883746344,-85,-85,-85,-85,1350,700,235.2882108417432,6.303758428345563,circular
379,1100,700,190.31797883746344,-85,-85,-85,-85,1350,700,241.59196927008875,6.303758428345563,circular
380,1100,700,190.31797883746344,-85,-85,-85,-85,1350,700,247.8957276984343,6.303758428345563,circular
381,1100,700,190.31797883746344,-85,-85,-85,-85,1350,700,254.19948612677987,6.303758428345563,circular
382,1100,700,190.31797883746344,-85,-85,-85,-85,1350,700,260.50324455512543,6.303758428345563,circular
383,1100,700,190.31797883746344,-85,-85,-85,-85,1350,700,266.807002983471,6.303758428345563,circular
384,1100,700,190.31797883746344,-85,-85,-85,-85,1350,700,273.1107614118166,6.303758428345563,circular
385,1100,700,190.31797883746344,-85,-85,-85,-85,1350,700,279.4145198401622,6.303758428345563,circular
386,1100,700,190.31797883746344,-85,-85,-85,-85,1350,700,285.7182782685078,6.303758428345563,circular
387,1100,700,190.31797883746344,-85,-85,-85,-85,1350,700,292.0220366968534,6.303758428345563,circular
388,1100,700,190.31797883746344,-85,-85,-85,-85,1350,700,298.32579512519897,6.303758428345563,circular
389,1100,700,190.31797883746344,-85,-85,-85,-85,1350,700,304.62955355354455,6.303758428345563,circular
390,1100,700,190.31797883746344,-85,-85,-85,-85,1350,700,310.93331198189014,6.303758428345563,circular
391,1100,700,190.31797883746344,-85,-85,-85,-85,1350,700,317.23707041023573,6.303758428345563,circular
392,1100,700,190.31797883746344,-85,-85,-85,-85,1350,700,323.5408288385813,6.303758428345563,circular
393,1100,700,190.31797883746344,-85,-85,-85,-85,1350,700,329.8445872669269,6.303758428345563,circular
394,1100,700,190.31797883746344,-85,-85,-85,-85,1350,700,336.1483456952725,6.303758428345563,circular
395,1100,700,190.31797883746344,-85,-85,-85,-85,1350,700,342.4521041236181,6.303758428345563,circular
396,1100,700,190.31797883746344,-85,-85,-85,-85,1350,700,348.7558625519637,6.303758428345563,circular
397,1100,700,190.31797883746344,-85,-85,-85,-85,1350,700,355.05962098030926,6.303758428345563,circular
398,1100,700,190.31797883746344,-85,-85,-85,-85,1350,700,1.3633794086548505,6.303758428345563,circular
399,1100,700,190.31797883746344,-85,-85,-85,-85,1350,700,7.667137837000413,6.303758428345563,circular
400,1100,700,190.31797883746344,-85,-85,-85,-85,1350,700,13.970896265345976,6.303758428345563,circular
401,1100,700,190.31797883746344,-85,-85,-85,-85,1350,700,20.274654693691538,6.303758428345563,circular
402,1100,700,190.31797883746344,-85,-85,-85,-85,1350,700,26.5784131220371,6.303758428345563,circular
403,1100,700,190.31797883746344,-85,-85,-85,-85,1350,700,32.882171550382665,6.303758428345563,circular
404,1100,700,190.31797883746344,-85,-85,-85,-85,1350,700,39.185929978728225,6.303758428345563,circular
405,1100,700,190.31797883746344,-85,-85,-85,-85,1350,700,45.489688407073785,6.303758428345563,circular
406,1100,700,190.31797883746344,-85,-85,-85,-85,1350,700,51.793446835419346,6.303758428345563,circular
407,1100,700,190.31797883746344,-85,-85,-85,-85,1350,700,58.097205263764906,6.303758428345563,circular
408,1100,700,190.31797883746344,-85,-85,-85,-85,1350,700,64.40096369211047,6.303758428345563,circular
409,1100,700,190.31797883746344,-85,-85,-85,-85,1350,700,70.70472212045603,6.303758428345563,circular
410,1100,700,190.31797883746344,-85,-85,-85,-85,1350,700,77.00848054880159,6.303758428345563,circular
411,1100,700,190.31797883746344,-85,-85,-85,-85,1350,700,83.31223897714715,6.303758428345563,circular
412,1100,700,190.31797883746344,-85,-85,-85,-85,1350,700,89.6159974054927,6.303758428345563,circular
413,1100,700,190.31797883746344,-85,-85,-85,-85,1350,700,95.91975583383827,6.303758428345563,circular
414,1100,700,190.31797883746344,-85,-85,-85,-85,1350,700,102.22351426218383,6.303758428345563,circular
415,1100,700,190.31797883746344,-85,-85,-85,-85,1350,700,108.52727269052939,6.303758428345563,circular
416,1100,700,190.31797883746344,-85,-85,-85,-85,1350,700,114.83103111887495,6.303758428345563,circular
417,1100,700,190.31797883746344,-85,-85,-85,-85,1350,700,121.1347895472205,6.303758428345563,circular
418,1100,700,190.31797883746344,-85,-85,-85,-85,1350,700,127.43854797556607,6.303758428345563,circular
419,1100,700,190.31797883746344,-85,-85,-85,-85,1350,700,133.74230640391164,6.303758428345563,circular
420,1100,700,190.31797883746344,-85,-85,11.505794098357505,-85,1350,700,140.0460648322572,6.303758428345563,circular
421,1100,700,190.31797883746344,-85,17.513155499392102,19.91435422725632,-85,1350,700,146.34982326060276,6.303758428345563,circular
422,1100,700,190.31797883746344,-85,21.813356630230874,22.793695368992218,-85,1350,700,152.65358168894832,6.303758428345563,circular
423,1100,700,190.31797883746344,-85,23.553218972269416,24.1582774269213,-85,1350,700,158.95734011729388,6.303758428345563,circular
424,1100,700,190.31797883746344,-85,24.646943359767004,25.042923900792417,-85,1350,700,165.26109854563944,6.303758428345563,circular
425,1100,700,190.31797883746344,-85,25.36180729449956,25.684904084789974,-85,1350,700,171.564856973985,6.303758428345563,circular
426,1100,700,190.31797883746344,-85,25.859665714847075,25.9816463993744,-85,1350,700,177.86861540233056,6.303758428345563,circular
427,1100,700,190.31797883746344,-85,26.053745949214605,26.077602459396946,-85,1350,700,184.17237383067612,6.303758428345563,circular
428,1100,700,190.31797883746344,-85,26.067010357935978,25.9816463993744,-85,1350,700,190.47613225902168,6.303758428345563,circular
429,1100,700,190.31797883746344,-85,25.859665714847075,25.684904084789977,-85,1350,700,196.77989068736724,6.303758428345563,circular
430,1100,700,190.31797883746344,-85,25.452908776355446,25.157178905256924,-85,1350,700,203.0836491157128,6.303758428345563,circular
431,1100,700,190.31797883746344,-85,24.788337040832293,24.1582774269213,-85,1350,700,209.38740754405836,6.303758428345563,circular
432,1100,700,190.31797883746344,-85,23.553218972269416,22.793695368992225,-85,1350,700,215.69116597240392,6.303758428345563,circular
433,1100,700,190.31797883746344,-85,21.81335663023087,20.48098321025059,-85,1350,700,221.99492440074948,6.303758428345563,circular
434,1100,700,190.31797883746344,-85,18.474304759512954,14.513447644213265,-85,1350,700,228.29868282909504,6.303758428345563,circular
435,1100,700,190.31797883746344,-85,-85,-85,-85,1350,700,234.6024412574406,6.303758428345563,circular
436,1100,700,190.31797883746344,-85,-85,-85,-85,1350,700,240.90619968578616,6.303758428345563,circular
437,1100,700,190.31797883746344,-85,-85,-85,-85,1350,700,247.20995811413172,6.303758428345563,circular
438,1100,700,190.31797883746344,-85,-85,-85,-85,1350,700,253.51371654247728,6.303758428345563,circular
439,1100,700,190.31797883746344,-85,-85,-85,-85,1350,700,259.81747497082284,6.303758428345563,circular
440,1100,700,190.31797883746344,-85,-85,-85,-85,1350,700,266.12123339916843,6.303758428345563,circular
441,1100,700,190.31797883746344,-85,-85,-85,-85,1350,700,272.424991827514,6.303758428345563,circular
442,1100,700,190.31797883746344,-85,-85,-85,-85,1350,700,278.7287502558596,6.303758428345563,circular
443,1100,700,190.31797883746344,-85,-85,-85,-85,1350,700,285.0325086842052,6.303758428345563,circular
444,1100,700,190.31797883746344,-85,-85,-85,-85,1350,700,291.3362671125508,6.303758428345563,circular
445,1100,700,190.31797883746344,-85,-85,-85,-85,1350,700,297.6400255408964,6.303758428345563,circular
446,1100,700,190.31797883746344,-85,-85,-85,-85,1350,700,303.94378396924196,6.303758428345563,circular
447,1100,700,190.31797883746344,-85,-85,-85,-85,1350,700,310.24754239758755,6.303758428345563,circular
448,1100,700,190.31797883746344,-85,-85,-85,-85,1350,700,316.55130082593314,6.303758428345563,circular
449,1100,700,190.31797883746344,-85,-85,-85,-85,1350,700,322.85505925427873,6.303758428345563,circular
450,1100,700,190.31797883746344,-85,-85,-85,-85,1350,700,329.1588176826243,6.303758428345563,circular
451,1100,700,190.31797883746344,-85,-85,-85,-85,1350,700,335.4625761109699,6.303758428345563,circular
452,1100,700,190.31797883746344,-85,-85,-85,-85,1350,700,341.7663345393155,6.303758428345563,circular
453,1100,700,190.31797883746344,-85,-85,-85,-85,1350,700,348.0700929676611,6.303758428345563,circular
454,1100,700,190.31797883746344,-85,-85,-85,-85,1350,700,354.37385139600667,6.303758428345563,circular
455,1100,700,190.31797883746344,-85,-85,-85,-85,1350,700,0.6776098243522597,6.303758428345563,circular
456,1100,700,190.31797883746344,-85,-85,-85,-85,1350,700,6.9813682526978225,6.303758428345563,circular
457,1100,700,190.31797883746344,-85,-85,-85,-85,1350,700,13.285126681043385,6.303758428345563,circular
458,1100,700,190.31797883746344,-85,-85,-85,-85,1350,700,19.588885109388947,6.303758428345563,circular
459,1100,700,190.31797883746344,-85,-85,-85,-85,1350,700,25.89264353773451,6.303758428345563,circular
460,1100,700,190.31797883746344,-85,-85,-85,-85,1350,700,32.196401966080074,6.303758428345563,circular
461,1100,700,190.31797883746344,-85,-85,-85,-85,1350,700,38.500160394425635,6.303758428345563,circular
462,1100,700,190.31797883746344,-85,-85,-85,-85,1350,700,44.803918822771195,6.303758428345563,circular
463,1100,700,190.31797883746344,-85,-85,-85,-85,1350,700,51.107677251116755,6.303758428345563,circular
464,1100,700,190.31797883746344,-85,-85,-85,-85,1350,700,57.411435679462315,6.303758428345563,circular
465,1100,700,190.31797883746344,-85,-85,-85,-85,1350,700,63.715194107807875,6.303758428345563,circular
466,1100,700,190.31797883746344,-85,-85,-85,-85,1350,700,70.01895253615344,6.303758428345563,circular
467,1100,700,190.31797883746344,-85,-85,-85,-85,1350,700,76.322710964499,6.303758428345563,circular
468,1100,700,190.31797883746344,-85,-85,-85,-85,1350,700,82.62646939284456,6.303758428345563,circular
469,1100,700,190.31797883746344,-85,-85,-85,-85,1350,700,88.93022782119012,6.303758428345563,circular
470,1100,700,190.31797883746344,-85,-85,-85,-85,1350,700,95.23398624953568,6.303758428345563,circular
471,1100,700,190.31797883746344,-85,-85,-85,-85,1350,700,101.53774467788124,6.303758428345563,circular
472,1100,700,190.31797883746344,-85,-85,-85,-85,1350,700,107.8415031062268,6.303758428345563,circular
473,1100,700,190.31797883746344,-85,-85,-85,-85,1350,700,114.14526153457236,6.303758428345563,circular
474,1100,700,190.31797883746344,-85,-85,-85,-85,1350,700,120.44901996291792,6.303758428345563,circular
475,1100,700,190.31797883746344,-85,-85,-85,-85,1350,700,126.75277839126348,6.303758428345563,circular
476,1100,700,190.31797883746344,-85,-85,-85,-85,1350,700,133.05653681960905,6.303758428345563,circular
477,1100,700,190.31797883746344,-85,-85,-85,-85,1350,700,139.3602952479546,6.303758428345563,circular
478,1100,700,190.31797883746344,-85,17.513155499392102,19.91435422725632,-85,1350,700,145.66405367630017,6.303758428345563,circular
479,1100,700,190.31797883746344,-85,21.41811930585211,22.496022074683278,-85,1350,700,151.96781210464573,6.303758428345563,circular
480,1100,700,190.31797883746344,-85,23.31969953712386,23.971022246457757,-85,1350,700,158.2715705329913,6.303758428345563,circular
481,1100,700,190.31797883746344,-85,24.495315191602927,25.042923900792417,-85,1350,700,164.57532896133685,6.303758428345563,circular
482,1100,700,190.31797883746344,-85,25.36180729449956,25.614204328866276,-85,1350,700,170.8790873896824,6.303758428345563,circular
483,1100,700,190.31797883746344,-85,25.80746062382631,25.946643644493044,-85,1350,700,177.18284581802797,6.303758428345563,circular
484,1100,700,190.31797883746344,-85,26.035130213615616,26.077602459396946,-85,1350,700,183.48660424637353,6.303758428345563,circular
485,1100,700,190.31797883746344,-85,26.067010357935978,26.011117049096303,-85,1350,700,189.7903626747191,6.303758428345563,circular
486,1100,700,190.31797883746344,-85,25.906018829630398,25.7492610641292,-85,1350,700,196.09412110306465,6.303758428345563,circular
487,1100,700,190.31797883746344,-85,25.536951728381826,25.157178905256924,-85,1350,700,202.3978795314102,6.303758428345563,circular
488,1100,700,190.31797883746344,-85,24.788337040832293,24.332711411139446,-85,1350,700,208.70163795975577,6.303758428345563,circular
489,1100,700,190.31797883746344,-85,23.769789312347285,23.067302502757133,-85,1350,700,215.00539638810133,6.303758428345563,circular
490,1100,700,190.31797883746344,-85,22.170735458799452,20.97742610025735,-85,1350,700,221.3091548164469,6.303758428345563,circular
491,1100,700,190.31797883746344,-85,19.25639156218219,14.513447644213265,-85,1350,700,227.61291324479245,6.303758428345563,circular
492,1100,700,190.31797883746344,-85,-85,-85,-85,1350,700,233.916671673138,6.303758428345563,circular
493,1100,700,190.31797883746344,-85,-85,-85,-85,1350,700,240.22043010148357,6.303758428345563,circular
494,1100,700,190.31797883746344,-85,-85,-85,-85,1350,700,246.52418852982913,6.303758428345563,circular
495,1100,700,190.31797883746344,-85,-85,-85,-85,1350,700,252.8279469581747,6.303758428345563,circular
496,1100,700,190.31797883746344,-85,-85,-85,-85,1350,700,259.13170538652025,6.303758428345563,circular
497,1100,700,190.31797883746344,-85,-85,-85,-85,1350,700,265.43546381486584,6.303758428345563,circular
498,1100,700,190.31797883746344,-85,-85,-85,-85,1350,700,271.73922224321143,6.303758428345563,circular
499,1100,700,190.31797883746344,-85,-85,-85,-85,1350,700,278.042980671557,6.303758428345563,circular
500,1100,700,190.31797883746344,-85,-85,-85,-85,1350,700,284.3467390999026,6.303758428345563,circular
501,1100,700,190.31797883746344,-85,-85,-85,-85,1350,700,290.6504975282482,6.303758428345563,circular
502,1100,700,190.31797883746344,-85,-85,-85,-85,1350,700,296.9542559565938,6.303758428345563,circular
503,1100,700,190.31797883746344,-85,-85,-85,-85,1350,700,303.2580143849394,6.303758428345563,circular
504,1100,700,190.31797883746344,-85,-85,-85,-85,1350,700,309.56177281328496,6.303758428345563,circular
505,1100,700,190.31797883746344,-85,-85,-85,-85,1350,700,315.86553124163055,6.303758428345563,circular
506,1100,700,190.31797883746344,-85,-85,-85,-85,1350,700,322.16928966997614,6.303758428345563,circular
507,1100,700,190.31797883746344,-85,-85,-85,-85,1350,700,328.4730480983217,6.303758428345563,circular
508,1100,700,190.31797883746344,-85,-85,-85,-85,1350,700,334.7768065266673,6.303758428345563,circular
509,1100,700,190.31797883746344,-85,-85,-85,-85,1350,700,341.0805649550129,6.303758428345563,circular
510,1100,700,190.31797883746344,-85,-85,-85,-85,1350,700,347.3843233833585,6.303758428345563,circular
511,1100,700,190.31797883746344,-85,-85,-85,-85,1350,700,353.6880818117041,6.303758428345563,circular
512,1100,700,190.31797883746344,-85,-85,-85,-85,1350,700,359.99184024004967,6.303758428345563,circular
513,1100,700,190.31797883746344,-85,-85,-85,-85,1350,700,6.295598668395257,6.303758428345563,circular
514,1100,700,190.31797883746344,-85,-85,-85,-85,1350,700,12.599357096740821,6.303758428345563,circular
515,1100,700,190.31797883746344,-85,-85,-85,-85,1350,700,18.903115525086385,6.303758428345563,circular
516,1100,700,190.31797883746344,-85,-85,-85,-85,1350,700,25.20687395343195,6.303758428345563,circular
517,1100,700,190.31797883746344,-85,-85,-85,-85,1350,700,31.510632381777512,6.303758428345563,circular
518,1100,700,190.31797883746344,-85,-85,-85,-85,1350,700,37.81439081012307,6.303758428345563,circular
519,1100,700,190.31797883746344,-85,-85,-85,-85,1350,700,44.11814923846863,6.303758428345563,circular
520,1100,700,190.31797883746344,-85,-85,-85,-85,1350,700,50.42190766681419,6.303758428345563,circular
521,1100,700,190.31797883746344,-85,-85,-85,-85,1350,700,56.72566609515975,6.303758428345563,circular
522,1100,700,190.31797883746344,-85,-85,-85,-85,1350,700,63.02942452350531,6.303758428345563,circular
523,1100,700,190.31797883746344,-85,-85,-85,-85,1350,700,69.33318295185087,6.303758428345563,circular
524,1100,700,190.31797883746344,-85,-85,-85,-85,1350,700,75.63694138019643,6.303758428345563,circular
525,1100,700,190.31797883746344,-85,-85,-85,-85,1350,700,81.94069980854199,6.303758428345563,circular
526,1100,700,190.31797883746344,-85,-85,-85,-85,1350,700,88.24445823688755,6.303758428345563,circular
527,1100,700,190.31797883746344,-85,-85,-85,-85,1350,700,94.54821666523311,6.303758428345563,circular
528,1100,700,190.31797883746344,-85,-85,-85,-85,1350,700,100.85197509357867,6.303758428345563,circular
529,1100,700,190.31797883746344,-85,-85,-85,-85,1350,700,107.15573352192423,6.303758428345563,circular
530,1100,700,190.31797883746344,-85,-85,-85,-85,1350,700,113.4594919502698,6.303758428345563,circular
531,1100,700,190.31797883746344,-85,-85,-85,-85,1350,700,119.76325037861535,6.303758428345563,circular
532,1100,700,190.31797883746344,-85,-85,-85,-85,1350,700,126.06700880696091,6.303758428345563,circular
533,1100,700,190.31797883746344,-85,-85,-85,-85,1350,700,132.3707672353065,6.303758428345563,circular
534,1100,700,190.31797883746344,-85,-85,-85,-85,1350,700,138.67452566365205,6.303758428345563,circular
535,1100,700,190.31797883746344,-85,16.269948115724727,19.25639156218217,-85,1350,700,144.9782840919976,6.303758428345563,circular
536,1100,700,190.31797883746344,-85,20.97742610025734,22.170735458799452,-85,1350,700,151.28204252034317,6.303758428345563,circular
537,1100,700,190.31797883746344,-85,23.06730250275713,23.971022246457757,-85,1350,700,157.58580094868873,6.303758428345563,circular
538,1100,700,190.31797883746344,-85,24.495315191602927,24.92014212493214,-85,1350,700,163.8895593770343,6.303758428345563,circular
539,1100,700,190.31797883746344,-85,25.26334459461691,25.536951728381826,-85,1350,700,170.19331780537985,6.303758428345563,circular
540,1100,700,190.31797883746344,-85,25.7492610641292,25.946643644493044,-85,1350,700,176.4970762337254,6.303758428345563,circular
541,1100,700,190.31797883746344,-85,26.035130213615616,26.074956048612798,-85,1350,700,182.80083466207097,6.303758428345563,circular
542,1100,700,190.31797883746344,-85,26.074956048612798,26.035130213615616,-85,1350,700,189.10459309041653,6.303758428345563,circular
543,1100,700,190.31797883746344,-85,25.946643644493044,25.7492610641292,-85,1350,700,195.4083515187621,6.303758428345563,circular
544,1100,700,190.31797883746344,-85,25.536951728381826,25.263344594616918,-85,1350,700,201.71210994710765,6.303758428345563,circular
545,1100,700,190.31797883746344,-85,24.92014212493214,24.495315191602927,-85,1350,700,208.0158683754532,6.303758428345563,circular
546,1100,700,190.31797883746344,-85,23.97102224645776,23.319699537123853,-85,1350,700,214.31962680379877,6.303758428345563,circular
547,1100,700,190.31797883746344,-85,22.496022074683278,20.97742610025735,-85,1350,700,220.62338523214433,6.303758428345563,circular
548,1100,700,190.31797883746344,-85,19.25639156218219,16.269948115724716,-85,1350,700,226.9271436604899,6.303758428345563,circular
549,1100,700,190.31797883746344,-85,-85,-85,-85,1350,700,233.23090208883545,6.303758428345563,circular
550,1100,700,190.31797883746344,-85,-85,-85,-85,1350,700,239.534660517181,6.303758428345563,circular
551,1100,700,190.31797883746344,-85,-85,-85,-85,1350,700,245.83841894552657,6.303758428345563,circular
552,1100,700,190.31797883746344,-85,-85,-85,-85,1350,700,252.14217737387213,6.303758428345563,circular
553,1100,700,190.31797883746344,-85,-85,-85,-85,1350,700,258.4459358022177,6.303758428345563,circular
554,1100,700,190.31797883746344,-85,-85,-85,-85,1350,700,264.7496942305633,6.303758428345563,circular
555,1100,700,190.31797883746344,-85,-85,-85,-85,1350,700,271.0534526589089,6.303758428345563,circular
556,1100,700,190.31797883746344,-85,-85,-85,-85,1350,700,277.3572110872545,6.303758428345563,circular
557,1100,700,190.31797883746344,-85,-85,-85,-85,1350,700,283.6609695156001,6.303758428345563,circular
558,1100,700,190.31797883746344,-85,-85,-85,-85,1350,700,289.96472794394566,6.303758428345563,circular
559,1100,700,190.31797883746344,-85,-85,-85,-85,1350,700,296.26848637229125,6.303758428345563,circular
560,1100,700,190.31797883746344,-85,-85,-85,-85,1350,700,302.57224480063684,6.303758428345563,circular
561,1100,700,190.31797883746344,-85,-85,-85,-85,1350,700,308.8760032289824,6.303758428345563,circular
562,1100,700,190.31797883746344,-85,-85,-85,-85,1350,700,315.179761657328,6.303758428345563,circular
563,1100,700,190.31797883746344,-85,-85,-85,-85,1350,700,321.4835200856736,6.303758428345563,circular
564,1100,700,190.31797883746344,-85,-85,-85,-85,1350,700,327.7872785140192,6.303758428345563,circular
565,1100,700,190.31797883746344,-85,-85,-85,-85,1350,700,334.0910369423648,6.303758428345563,circular
566,1100,700,190.31797883746344,-85,-85,-85,-85,1350,700,340.39479537071037,6.303758428345563,circular
567,1100,700,190.31797883746344,-85,-85,-85,-85,1350,700,346.69855379905596,6.303758428345563,circular
568,1100,700,190.31797883746344,-85,-85,-85,-85,1350,700,353.00231222740155,6.303758428345563,circular
569,1100,700,190.31797883746344,-85,-85,-85,-85,1350,700,359.30607065574713,6.303758428345563,circular
570,1100,700,190.31797883746344,-85,-85,-85,-85,1350,700,5.609829084092723,6.303758428345563,circular
571,1100,700,190.31797883746344,-85,-85,-85,-85,1350,700,11.913587512438287,6.303758428345563,circular
572,1100,700,190.31797883746344,-85,-85,-85,-85,1350,700,18.21734594078385,6.303758428345563,circular
573,1100,700,190.31797883746344,-85,-85,-85,-85,1350,700,24.521104369129414,6.303758428345563,circular
574,1100,700,190.31797883746344,-85,-85,-85,-85,1350,700,30.824862797474978,6.303758428345563,circular
575,1100,700,190.31797883746344,-85,-85,-85,-85,1350,700,37.12862122582054,6.303758428345563,circular
576,1100,700,190.31797883746344,-85,-85,-85,-85,1350,700,43.4323796541661,6.303758428345563,circular
577,1100,700,190.31797883746344,-85,-85,-85,-85,1350,700,49.73613808251166,6.303758428345563,circular
578,1100,700,190.31797883746344,-85,-85,-85,-85,1350,700,56.03989651085722,6.303758428345563,circular
579,1100,700,190.31797883746344,-85,-85,-85,-85,1350,700,62.34365493920278,6.303758428345563,circular
580,1100,700,190.31797883746344,-85,-85,-85,-85,1350,700,68.64741336754834,6.303758428345563,circular
581,1100,700,190.31797883746344,-85,-85,-85,-85,1350,700,74.9511717958939,6.303758428345563,circular
582,1100,700,190.31797883746344,-85,-85,-85,-85,1350,700,81.25493022423946,6.303758428345563,circular
583,1100,700,190.31797883746344,-85,-85,-85,-85,1350,700,87.55868865258502,6.303758428345563,circular
584,1100,700,190.31797883746344,-85,-85,-85,-85,1350,700,93.86244708093058,6.303758428345563,circular
585,1100,700,190.31797883746344,-85,-85,-85,-85,1350,700,100.16620550927614,6.303758428345563,circular
586,1100,700,190.31797883746344,-85,-85,-85,-85,1350,700,106.4699639376217,6.303758428345563,circular
587,1100,700,190.31797883746344,-85,-85,-85,-85,1350,700,112.77372236596726,6.303758428345563,circular
588,1100,700,190.31797883746344,-85,-85,-85,-85,1350,700,119.07748079431282,6.303758428345563,circular
589,1100,700,190.31797883746344,-85,-85,-85,-85,1350,700,125.38123922265838,6.303758428345563,circular
590,1100,700,190.31797883746344,-85,-85,-85,-85,1350,700,131.68499765100395,6.303758428345563,circular
591,1100,700,190.31797883746344,-85,-85,-85,-85,1350,700,137.9887560793495,6.303758428345563,circular
592,1100,700,190.31797883746344,-85,14.513447644213304,18.47430475951294,-85,1350,700,144.29251450769507,6.303758428345563,circular
593,1100,700,190.31797883746344,-85,20.48098321025059,22.170735458799452,-85,1350,700,150.59627293604063,6.303758428345563,circular
594,1100,700,190.31797883746344,-85,23.06730250275713,23.769789312347285,-85,1350,700,156.9000313643862,6.303758428345563,circular
595,1100,700,190.31797883746344,-85,24.33271141113945,24.78833704083229,-85,1350,700,163.20378979273175,6.303758428345563,circular
596,1100,700,190.31797883746344,-85,25.157178905256924,25.536951728381826,-85,1350,700,169.50754822107731,6.303758428345563,circular
597,1100,700,190.31797883746344,-85,25.7492610641292,25.906018829630398,-85,1350,700,175.81130664942287,6.303758428345563,circular
598,1100,700,190.31797883746344,-85,26.011117049096303,26.067010357935978,-85,1350,700,182.11506507776843,6.303758428345563,circular
599,1100,700,190.31797883746344,-85,26.077602459396946,26.035130213615616,-85,1350,700,188.418823506114,6.303758428345563,circular
600,1100,700,190.31797883746344,-85,25.946643644493044,25.807460623826316,-85,1350,700,194.72258193445955,6.303758428345563,circular
601,1100,700,190.31797883746344,-85,25.614204328866276,25.361807294499556,-85,1350,700,201.02634036280512,6.303758428345563,circular
602,1100,700,190.31797883746344,-85,25.042923900792417,24.646943359767004,-85,1350,700,207.33009879115068,6.303758428345563,circular
603,1100,700,190.31797883746344,-85,24.1582774269213,23.319699537123853,-85,1350,700,213.63385721949624,6.303758428345563,circular
604,1100,700,190.31797883746344,-85,22.496022074683278,21.418119305852123,-85,1350,700,219.9376156478418,6.303758428345563,circular
605,1100,700,190.31797883746344,-85,19.914354227256315,17.51315549939211,-85,1350,700,226.24137407618736,6.303758428345563,circular
606,1100,700,190.31797883746344,-85,11.50579409835762,-85,-85,1350,700,232.54513250453292,6.303758428345563,circular
607,1100,700,190.31797883746344,-85,-85,-85,-85,1350,700,238.84889093287848,6.303758428345563,circular
608,1100,700,190.31797883746344,-85,-85,-85,-85,1350,700,245.15264936122404,6.303758428345563,circular
609,1100,700,190.31797883746344,-85,-85,-85,-85,1350,700,251.4564077895696,6.303758428345563,circular
610,1100,700,190.31797883746344,-85,-85,-85,-85,1350,700,257.7601662179152,6.303758428345563,circular
611,1100,700,190.31797883746344,-85,-85,-85,-85,1350,700,264.0639246462608,6.303758428345563,circular
612,1100,700,190.31797883746344,-85,-85,-85,-85,1350,700,270.36768307460636,6.303758428345563,circular
613,1100,700,190.31797883746344,-85,-85,-85,-85,1350,700,276.67144150295195,6.303758428345563,circular
614,1100,700,190.31797883746344,-85,-85,-85,-85,1350,700,282.97519993129754,6.303758428345563,circular
615,1100,700,190.31797883746344,-85,-85,-85,-85,1350,700,289.2789583596431,6.303758428345563,circular
616,1100,700,190.31797883746344,-85,-85,-85,-85,1350,700,295.5827167879887,6.303758428345563,circular
617,1100,700,190.31797883746344,-85,-85,-85,-85,1350,700,301.8864752163343,6.303758428345563,circular
618,1100,700,190.31797883746344,-85,-85,-85,-85,1350,700,308.1902336446799,6.303758428345563,circular
619,1100,700,190.31797883746344,-85,-85,-85,-85,1350,700,314.4939920730255,6.303758428345563,circular
620,1100,700,190.31797883746344,-85,-85,-85,-85,1350,700,320.79775050137107,6.303758428345563,circular
621,1100,700,190.31797883746344,-85,-85,-85,-85,1350,700,327.10150892971666,6.303758428345563,circular
622,1100,700,190.31797883746344,-85,-85,-85,-85,1350,700,333.40526735806225,6.303758428345563,circular
623,1100,700,190.31797883746344,-85,-85,-85,-85,1350,700,339.70902578640784,6.303758428345563,circular
624,1100,700,190.31797883746344,-85,-85,-85,-85,1350,700,346.0127842147534,6.303758428345563,circular
625,1100,700,190.31797883746344,-85,-85,-85,-85,1350,700,352.316542643099,6.303758428345563,circular
626,1100,700,190.31797883746344,-85,-85,-85,-85,1350,700,358.6203010714446,6.303758428345563,circular
627,1100,700,190.31797883746344,-85,-85,-85,-85,1350,700,4.924059499790189,6.303758428345563,circular
628,1100,700,190.31797883746344,-85,-85,-85,-85,1350,700,11.227817928135753,6.303758428345563,circular
629,1100,700,190.31797883746344,-85,-85,-85,-85,1350,700,17.531576356481317,6.303758428345563,circular
630,1100,700,190.31797883746344,-85,-85,-85,-85,1350,700,23.83533478482688,6.303758428345563,circular
631,1100,700,190.31797883746344,-85,-85,-85,-85,1350,700,30.139093213172444,6.303758428345563,circular
632,1100,700,190.31797883746344,-85,-85,-85,-85,1350,700,36.442851641518004,6.303758428345563,circular
633,1100,700,190.31797883746344,-85,-85,-85,-85,1350,700,42.746610069863564,6.303758428345563,circular
634,1100,700,190.31797883746344,-85,-85,-85,-85,1350,700,49.050368498209124,6.303758428345563,circular
635,1100,700,190.31797883746344,-85,-85,-85,-85,1350,700,55.354126926554684,6.303758428345563,circular
636,1100,700,190.31797883746344,-85,-85,-85,-85,1350,700,61.657885354900245,6.303758428345563,circular
637,1100,700,190.31797883746344,-85,-85,-85,-85,1350,700,67.9616437832458,6.303758428345563,circular
638,1100,700,190.31797883746344,-85,-85,-85,-85,1350,700,74.26540221159136,6.303758428345563,circular
639,1100,700,190.31797883746344,-85,-85,-85,-85,1350,700,80.56916063993692,6.303758428345563,circular
640,1100,700,190.31797883746344,-85,-85,-85,-85,1350,700,86.87291906828249,6.303758428345563,circular
641,1100,700,190.31797883746344,-85,-85,-85,-85,1350,700,93.17667749662805,6.303758428345563,circular
642,1100,700,190.31797883746344,-85,-85,-85,-85,1350,700,99.4804359249736,6.303758428345563,circular
643,1100,700,190.31797883746344,-85,-85,-85,-85,1350,700,105.78419435331917,6.303758428345563,circular
644,1100,700,190.31797883746344,-85,-85,-85,-85,1350,700,112.08795278166473,6.303758428345563,circular
645,1100,700,190.31797883746344,-85,-85,-85,-85,1350,700,118.39171121001029,6.303758428345563,circular
646,1100,700,190.31797883746344,-85,-85,-85,-85,1350,700,124.69546963835585,6.303758428345563,circular
647,1100,700,190.31797883746344,-85,-85,-85,-85,1350,700,130.99922806670142,6.303758428345563,circular
648,1100,700,190.31797883746344,-85,-85,-85,-85,1350,700,137.30298649504698,6.303758428345563,circular
649,1100,700,190.31797883746344,-85,11.505794098357505,18.47430475951294,-85,1350,700,143.60674492339254,6.303758428345563,circular
650,1100,700,190.31797883746344,-85,20.48098321025059,21.813356630230874,-85,1350,700,149.9105033517381,6.303758428345563,circular
651,1100,700,190.31797883746344,-85,22.793695368992218,23.553218972269416,-85,1350,700,156.21426178008366,6.303758428345563,circular
652,1100,700,190.31797883746344,-85,24.1582774269213,24.78833704083229,-85,1350,700,162.51802020842922,6.303758428345563,circular
653,1100,700,190.31797883746344,-85,25.157178905256924,25.452908776355446,-85,1350,700,168.82177863677478,6.303758428345563,circular
654,1100,700,190.31797883746344,-85,25.684904084789974,25.859665714847075,-85,1350,700,175.12553706512034,6.303758428345563,circular
655,1100,700,190.31797883746344,-85,25.9816463993744,26.067010357935978,-85,1350,700,181.4292954934659,6.303758428345563,circular
656,1100,700,190.31797883746344,-85,26.077602459396946,26.053745949214605,-85,1350,700,187.73305392181146,6.303758428345563,circular
657,1100,700,190.31797883746344,-85,25.9816463993744,25.859665714847075,-85,1350,700,194.03681235015702,6.303758428345563,circular
658,1100,700,190.31797883746344,-85,25.684904084789977,25.452908776355446,-85,1350,700,200.34057077850258,6.303758428345563,circular
659,1100,700,190.31797883746344,-85,25.157178905256924,24.646943359767004,-85,1350,700,206.64432920684814,6.303758428345563,circular
660,1100,700,190.31797883746344,-85,24.1582774269213,23.553218972269416,-85,1350,700,212.9480876351937,6.303758428345563,circular
661,1100,700,190.31797883746344,-85,22.793695368992225,21.81335663023087,-85,1350,700,219.25184606353926,6.303758428345563,circular
662,1100,700,190.31797883746344,-85,20.48098321025059,17.51315549939211,-85,1350,700,225.55560449188482,6.303758428345563,circular
663,1100,700,190.31797883746344,-85,11.50579409835762,-85,-85,1350,700,231.85936292023038,6.303758428345563,circular
664,1100,700,190.31797883746344,-85,-85,-85,-85,1350,700,238.16312134857594,6.303758428345563,circular
665,1100,700,190.31797883746344,-85,-85,-85,-85,1350,700,244.4668797769215,6.303758428345563,circular
666,1100,700,190.31797883746344,-85,-85,-85,-85,1350,700,250.77063820526706,6.303758428345563,circular
667,1100,700,190.31797883746344,-85,-85,-85,-85,1350,700,257.07439663361265,6.303758428345563,circular
668,1100,700,190.31797883746344,-85,-85,-85,-85,1350,700,263.37815506195824,6.303758428345563,circular
669,1100,700,190.31797883746344,-85,-85,-85,-85,1350,700,269.6819134903038,6.303758428345563,circular
670,1100,700,190.31797883746344,-85,-85,-85,-85,1350,700,275.9856719186494,6.303758428345563,circular
671,1100,700,190.31797883746344,-85,-85,-85,-85,1350,700,282.289430346995,6.303758428345563,circular
672,1100,700,190.31797883746344,-85,-85,-85,-85,1350,700,288.5931887753406,6.303758428345563,circular
673,1100,700,190.31797883746344,-85,-85,-85,-85,1350,700,294.8969472036862,6.303758428345563,circular
674,1100,700,190.31797883746344,-85,-85,-85,-85,1350,700,301.20070563203177,6.303758428345563,circular
675,1100,700,190.31797883746344,-85,-85,-85,-85,1350,700,307.50446406037736,6.303758428345563,circular
676,1100,700,190.31797883746344,-85,-85,-85,-85,1350,700,313.80822248872295,6.303758428345563,circular
677,1100,700,190.31797883746344,-85,-85,-85,-85,1350,700,320.11198091706854,6.303758428345563,circular
678,1100,700,190.31797883746344,-85,-85,-85,-85,1350,700,326.4157393454141,6.303758428345563,circular
679,1100,700,190.31797883746344,-85,-85,-85,-85,1350,700,332.7194977737597,6.303758428345563,circular
680,1100,700,190.31797883746344,-85,-85,-85,-85,1350,700,339.0232562021053,6.303758428345563,circular
681,1100,700,190.31797883746344,-85,-85,-85,-85,1350,700,345.3270146304509,6.303758428345563,circular
682,1100,700,190.31797883746344,-85,-85,-85,-85,1350,700,351.6307730587965,6.303758428345563,circular
683,1100,700,190.31797883746344,-85,-85,-85,-85,1350,700,357.93453148714207,6.303758428345563,circular
684,1100,700,190.31797883746344,-85,-85,-85,-85,1350,700,4.238289915487655,6.303758428345563,circular
685,1100,700,190.31797883746344,-85,-85,-85,-85,1350,700,10.542048343833219,6.303758428345563,circular
686,1100,700,190.31797883746344,-85,-85,-85,-85,1350,700,16.845806772178783,6.303758428345563,circular
687,1100,700,190.31797883746344,-85,-85,-85,-85,1350,700,23.149565200524346,6.303758428345563,circular
688,1100,700,190.31797883746344,-85,-85,-85,-85,1350,700,29.45332362886991,6.303758428345563,circular
689,1100,700,190.31797883746344,-85,-85,-85,-85,1350,700,35.75708205721547,6.303758428345563,circular
690,1100,700,190.31797883746344,-85,-85,-85,-85,1350,700,42.06084048556103,6.303758428345563,circular
691,1100,700,190.31797883746344,-85,-85,-85,-85,1350,700,48.36459891390659,6.303758428345563,circular
692,1100,700,190.31797883746344,-85,-85,-85,-85,1350,700,54.66835734225215,6.303758428345563,circular
693,1100,700,190.31797883746344,-85,-85,-85,-85,1350,700,60.97211577059771,6.303758428345563,circular
694,1100,700,190.31797883746344,-85,-85,-85,-85,1350,700,67.27587419894327,6.303758428345563,circular
695,1100,700,190.31797883746344,-85,-85,-85,-85,1350,700,73.57963262728883,6.303758428345563,circular
696,1100,700,190.31797883746344,-85,-85,-85,-85,1350,700,79.88339105563439,6.303758428345563,circular
697,1100,700,190.31797883746344,-85,-85,-85,-85,1350,700,86.18714948397995,6.303758428345563,circular
698,1100,700,190.31797883746344,-85,-85,-85,-85,1350,700,92.49090791232551,6.303758428345563,circular
699,1100,700,190.31797883746344,-85,-85,-85,-85,1350,700,98.79466634067107,6.303758428345563,circular
700,1100,700,190.31797883746344,-85,-85,-85,-85,1350,700,105.09842476901663,6.303758428345563,circular
701,1100,700,190.31797883746344,-85,-85,-85,-85,1350,700,111.40218319736219,6.303758428345563,circular
702,1100,700,190.31797883746344,-85,-85,-85,-85,1350,700,117.70594162570775,6.303758428345563,circular
703,1100,700,190.31797883746344,-85,-85,-85,-85,1350,700,124.00970005405331,6.303758428345563,circular
704,1100,700,190.31797883746344,-85,-85,-85,-85,1350,700,130.3134584823989,6.303758428345563,circular
705,1100,700,190.31797883746344,-85,-85,-85,-85,1350,700,136.61721691074445,6.303758428345563,circular
706,1100,700,190.31797883746344,-85,11.505794098357505,17.513155499392102,-85,1350,700,142.92097533909,6.303758428345563,circular
707,1100,700,190.31797883746344,-85,19.91435422725632,21.41811930585211,-85,1350,700,149.22473376743557,6.303758428345563,circular
708,1100,700,190.31797883746344,-85,22.496022074683278,23.553218972269416,-85,1350,700,155.52849219578113,6.303758428345563,circular
709,1100,700,190.31797883746344,-85,24.1582774269213,24.646943359767004,-85,1350,700,161.8322506241267,6.303758428345563,circular
710,1100,700,190.31797883746344,-85,25.042923900792417,25.36180729449956,-85,1350,700,168.13600905247225,6.303758428345563,circular
711,1100,700,190.31797883746344,-85,25.614204328866276,25.859665714847075,-85,1350,700,174.4397674808178,6.303758428345563,circular
712,1100,700,190.31797883746344,-85,25.9816463993744,26.053745949214605,-85,1350,700,180.74352590916337,6.303758428345563,circular
713,1100,700,190.31797883746344,-85,26.077602459396946,26.067010357935978,-85,1350,700,187.04728433750893,6.303758428345563,circular
714,1100,700,190.31797883746344,-85,26.011117049096303,25.906018829630398,-85,1350,700,193.3510427658545,6.303758428345563,circular
715,1100,700,190.31797883746344,-85,25.684904084789977,25.452908776355446,-85,1350,700,199.65480119420005,6.303758428345563,circular
716,1100,700,190.31797883746344,-85,25.157178905256924,24.788337040832293,-85,1350,700,205.9585596225456,6.303758428345563,circular
717,1100,700,190.31797883746344,-85,24.332711411139446,23.769789312347285,-85,1350,700,212.26231805089117,6.303758428345563,circular
718,1100,700,190.31797883746344,-85,23.067302502757133,21.81335663023087,-85,1350,700,218.56607647923673,6.303758428345563,circular
719,1100,700,190.31797883746344,-85,20.48098321025059,18.474304759512954,-85,1350,700,224.8698349075823,6.303758428345563,circular
720,1100,700,190.31797883746344,-85,14.513447644213265,-85,-85,1350,700,231.17359333592785,6.303758428345563,circular
721,1100,700,190.31797883746344,-85,-85,-85,-85,1350,700,237.4773517642734,6.303758428345563,circular
722,1100,700,190.31797883746344,-85,-85,-85,-85,1350,700,243.78111019261897,6.303758428345563,circular
723,1100,700,190.31797883746344,-85,-85,-85,-85,1350,700,250.08486862096453,6.303758428345563,circular
724,1100,700,190.31797883746344,-85,-85,-85,-85,1350,700,256.3886270493101,6.303758428345563,circular
725,1100,700,190.31797883746344,-85,-85,-85,-85,1350,700,262.6923854776557,6.303758428345563,circular
726,1100,700,190.31797883746344,-85,-85,-85,-85,1350,700,268.9961439060013,6.303758428345563,circular
727,1100,700,190.31797883746344,-85,-85,-85,-85,1350,700,275.2999023343469,6.303758428345563,circular
728,1100,700,190.31797883746344,-85,-85,-85,-85,1350,700,281.60366076269247,6.303758428345563,circular
729,1100,700,190.31797883746344,-85,-85,-85,-85,1350,700,287.90741919103806,6.303758428345563,circular
730,1100,700,190.31797883746344,-85,-85,-85,-85,1350,700,294.21117761938365,6.303758428345563,circular
731,1100,700,190.31797883746344,-85,-85,-85,-85,1350,700,300.51493604772924,6.303758428345563,circular
732,1100,700,190.31797883746344,-85,-85,-85,-85,1350,700,306.8186944760748,6.303758428345563,circular
733,1100,700,190.31797883746344,-85,-85,-85,-85,1350,700,313.1224529044204,6.303758428345563,circular
734,1100,700,190.31797883746344,-85,-85,-85,-85,1350,700,319.426211332766,6.303758428345563,circular
735,1100,700,190.31797883746344,-85,-85,-85,-85,1350,700,325.7299697611116,6.303758428345563,circular
736,1100,700,190.31797883746344,-85,-85,-85,-85,1350,700,332.0337281894572,6.303758428345563,circular
737,1100,700,190.31797883746344,-85,-85,-85,-85,1350,700,338.33748661780277,6.303758428345563,circular
738,1100,700,190.31797883746344,-85,-85,-85,-85,1350,700,344.64124504614836,6.303758428345563,circular
739,1100,700,190.31797883746344,-85,-85,-85,-85,1350,700,350.94500347449394,6.303758428345563,circular
740,1100,700,190.31797883746344,-85,-85,-85,-85,1350,700,357.24876190283953,6.303758428345563,circular
741,1100,700,190.31797883746344,-85,-85,-85,-85,1350,700,3.5525203311851214,6.303758428345563,circular
742,1100,700,190.31797883746344,-85,-85,-85,-85,1350,700,9.856278759530685,6.303758428345563,circular
743,1100,700,190.31797883746344,-85,-85,-85,-85,1350,700,16.16003718787625,6.303758428345563,circular
744,1100,700,190.31797883746344,-85,-85,-85,-85,1350,700,22.463795616221812,6.303758428345563,circular
745,1100,700,190.31797883746344,-85,-85,-85,-85,1350,700,28.767554044567376,6.303758428345563,circular
746,1100,700,190.31797883746344,-85,-85,-85,-85,1350,700,35.071312472912936,6.303758428345563,circular
747,1100,700,190.31797883746344,-85,-85,-85,-85,1350,700,41.375070901258496,6.303758428345563,circular
748,1100,700,190.31797883746344,-85,-85,-85,-85,1350,700,47.678829329604056,6.303758428345563,circular
749,1100,700,190.31797883746344,-85,-85,-85,-85,1350,700,53.98258775794962,6.303758428345563,circular
750,1100,700,190.31797883746344,-85,-85,-85,-85,1350,700,60.28634618629518,6.303758428345563,circular
751,1100,700,190.31797883746344,-85,-85,-85,-85,1350,700,66.59010461464074,6.303758428345563,circular
752,1100,700,190.31797883746344,-85,-85,-85,-85,1350,700,72.8938630429863,6.303758428345563,circular
753,1100,700,190.31797883746344,-85,-85,-85,-85,1350,700,79.19762147133186,6.303758428345563,circular
754,1100,700,190.31797883746344,-85,-85,-85,-85,1350,700,85.50137989967742,6.303758428345563,circular
755,1100,700,190.31797883746344,-85,-85,-85,-85,1350,700,91.80513832802298,6.303758428345563,circular
756,1100,700,190.31797883746344,-85,-85,-85,-85,1350,700,98.10889675636854,6.303758428345563,circular
757,1100,700,190.31797883746344,-85,-85,-85,-85,1350,700,104.4126551847141,6.303758428345563,circular
758,1100,700,190.31797883746344,-85,-85,-85,-85,1350,700,110.71641361305966,6.303758428345563,circular
759,1100,700,190.31797883746344,-85,-85,-85,-85,1350,700,117.02017204140522,6.303758428345563,circular
760,1100,700,190.31797883746344,-85,-85,-85,-85,1350,700,123.32393046975078,6.303758428345563,circular
761,1100,700,190.31797883746344,-85,-85,-85,-85,1350,700,129.62768889809635,6.303758428345563,circular
762,1100,700,190.31797883746344,-85,-85,-85,-85,1350,700,135.9314473264419,6.303758428345563,circular
763,1100,700,190.31797883746344,-85,-85,16.269948115724727,-85,1350,700,142.23520575478747,6.303758428345563,circular
764,1100,700,190.31797883746344,-85,19.25639156218217,21.41811930585211,-85,1350,700,148.53896418313303,6.303758428345563,circular
765,1100,700,190.31797883746344,-85,22.496022074683278,23.31969953712386,-85,1350,700,154.8427226114786,6.303758428345563,circular
766,1100,700,190.31797883746344,-85,23.971022246457757,24.495315191602927,-85,1350,700,161.14648103982415,6.303758428345563,circular
767,1100,700,190.31797883746344,-85,24.92014212493214,25.36180729449956,-85,1350,700,167.4502394681697,6.303758428345563,circular
768,1100,700,190.31797883746344,-85,25.614204328866276,25.80746062382631,-85,1350,700,173.75399789651527,6.303758428345563,circular
769,1100,700,190.31797883746344,-85,25.946643644493044,26.035130213615616,-85,1350,700,180.05775632486083,6.303758428345563,circular
770,1100,700,190.31797883746344,-85,26.074956048612798,26.074956048612798,-85,1350,700,186.3615147532064,6.303758428345563,circular
771,1100,700,190.31797883746344,-85,26.011117049096303,25.906018829630398,-85,1350,700,192.66527318155195,6.303758428345563,circular
772,1100,700,190.31797883746344,-85,25.7492610641292,25.536951728381826,-85,1350,700,198.9690316098975,6.303758428345563,circular
773,1100,700,190.31797883746344,-85,25.263344594616918,24.92014212493214,-85,1350,700,205.27279003824307,6.303758428345563,circular
774,1100,700,190.31797883746344,-85,24.495315191602927,23.769789312347285,-85,1350,700,211.57654846658863,6.303758428345563,circular
775,1100,700,190.31797883746344,-85,23.067302502757133,22.170735458799452,-85,1350,700,217.8803068949342,6.303758428345563,circular
776,1100,700,190.31797883746344,-85,20.97742610025735,19.25639156218219,-85,1350,700,224.18406532327975,6.303758428345563,circular
777,1100,700,190.31797883746344,-85,16.269948115724716,-85,-85,1350,700,230.4878237516253,6.303758428345563,circular
778,1100,700,190.31797883746344,-85,-85,-85,-85,1350,700,236.79158217997087,6.303758428345563,circular
779,1100,700,190.31797883746344,-85,-85,-85,-85,1350,700,243.09534060831643,6.303758428345563,circular
780,1100,700,190.31797883746344,-85,-85,-85,-85,1350,700,249.399099036662,6.303758428345563,circular
781,1100,700,190.31797883746344,-85,-85,-85,-85,1350,700,255.70285746500755,6.303758428345563,circular
782,1100,700,190.31797883746344,-85,-85,-85,-85,1350,700,262.0066158933531,6.303758428345563,circular
783,1100,700,190.31797883746344,-85,-85,-85,-85,1350,700,268.3103743216987,6.303758428345563,circular
784,1100,700,190.31797883746344,-85,-85,-85,-85,1350,700,274.6141327500443,6.303758428345563,circular
785,1100,700,190.31797883746344,-85,-85,-85,-85,1350,700,280.9178911783899,6.303758428345563,circular
786,1100,700,190.31797883746344,-85,-85,-85,-85,1350,700,287.22164960673547,6.303758428345563,circular
787,1100,700,190.31797883746344,-85,-85,-85,-85,1350,700,293.52540803508106,6.303758428345563,circular
788,1100,700,190.31797883746344,-85,-85,-85,-85,1350,700,299.82916646342665,6.303758428345563,circular
789,1100,700,190.31797883746344,-85,-85,-85,-85,1350,700,306.13292489177223,6.303758428345563,circular
790,1100,700,190.31797883746344,-85,-85,-85,-85,1350,700,312.4366833201178,6.303758428345563,circular
791,1100,700,190.31797883746344,-85,-85,-85,-85,1350,700,318.7404417484634,6.303758428345563,circular
792,1100,700,190.31797883746344,-85,-85,-85,-85,1350,700,325.044200176809,6.303758428345563,circular
793,1100,700,190.31797883746344,-85,-85,-85,-85,1350,700,331.3479586051546,6.303758428345563,circular
794,1100,700,190.31797883746344,-85,-85,-85,-85,1350,700,337.6517170335002,6.303758428345563,circular
795,1100,700,190.31797883746344,-85,-85,-85,-85,1350,700,343.95547546184577,6.303758428345563,circular
796,1100,700,190.31797883746344,-85,-85,-85,-85,1350,700,350.25923389019135,6.303758428345563,circular
797,1100,700,190.31797883746344,-85,-85,-85,-85,1350,700,356.56299231853694,6.303758428345563,circular
798,1100,700,190.31797883746344,-85,-85,-85,-85,1350,700,2.8667507468825306,6.303758428345563,circular
799,1100,700,190.31797883746344,-85,-85,-85,-85,1350,700,9.170509175228094,6.303758428345563,circular
800,1100,700,190.31797883746344,-85,-85,-85,-85,1350,700,15.474267603573658,6.303758428345563,circular
801,1100,700,190.31797883746344,-85,-85,-85,-85,1350,700,21.77802603191922,6.303758428345563,circular
802,1100,700,190.31797883746344,-85,-85,-85,-85,1350,700,28.081784460264785,6.303758428345563,circular
803,1100,700,190.31797883746344,-85,-85,-85,-85,1350,700,34.385542888610345,6.303758428345563,circular
804,1100,700,190.31797883746344,-85,-85,-85,-85,1350,700,40.689301316955905,6.303758428345563,circular
805,1100,700,190.31797883746344,-85,-85,-85,-85,1350,700,46.993059745301466,6.303758428345563,circular
806,1100,700,190.31797883746344,-85,-85,-85,-85,1350,700,53.296818173647026,6.303758428345563,circular
807,1100,700,190.31797883746344,-85,-85,-85,-85,1350,700,59.600576601992586,6.303758428345563,circular
808,1100,700,190.31797883746344,-85,-85,-85,-85,1350,700,65.90433503033815,6.303758428345563,circular
809,1100,700,190.31797883746344,-85,-85,-85,-85,1350,700,72.2080934586837,6.303758428345563,circular
810,1100,700,190.31797883746344,-85,-85,-85,-85,1350,700,78.51185188702927,6.303758428345563,circular
811,1100,700,190.31797883746344,-85,-85,-85,-85,1350,700,84.81561031537483,6.303758428345563,circular
812,1100,700,190.31797883746344,-85,-85,-85,-85,1350,700,91.11936874372039,6.303758428345563,circular
813,1100,700,190.31797883746344,-85,-85,-85,-85,1350,700,97.42312717206595,6.303758428345563,circular
814,1100,700,190.31797883746344,-85,-85,-85,-85,1350,700,103.7268856004115,6.303758428345563,circular
815,1100,700,190.31797883746344,-85,-85,-85,-85,1350,700,110.03064402875707,6.303758428345563,circular
816,1100,700,190.31797883746344,-85,-85,-85,-85,1350,700,116.33440245710263,6.303758428345563,circular
817,1100,700,190.31797883746344,-85,-85,-85,-85,1350,700,122.63816088544819,6.303758428345563,circular
818,1100,700,190.31797883746344,-85,-85,-85,-85,1350,700,128.94191931379376,6.303758428345563,circular
819,1100,700,190.31797883746344,-85,-85,-85,-85,1350,700,135.24567774213932,6.303758428345563,circular
820,1100,700,190.31797883746344,-85,-85,16.269948115724727,-85,1350,700,141.54943617048488,6.303758428345563,circular
821,1100,700,190.31797883746344,-85,19.25639156218217,20.97742610025734,-85,1350,700,147.85319459883044,6.303758428345563,circular
822,1100,700,190.31797883746344,-85,22.170735458799452,23.06730250275713,-85,1350,700,154.156953027176,6.303758428345563,circular
823,1100,700,190.31797883746344,-85,23.769789312347285,24.495315191602927,-85,1350,700,160.46071145552156,6.303758428345563,circular
824,1100,700,190.31797883746344,-85,24.92014212493214,25.26334459461691,-85,1350,700,166.76446988386712,6.303758428345563,circular
825,1100,700,190.31797883746344,-85,25.536951728381826,25.7492610641292,-85,1350,700,173.06822831221268,6.303758428345563,circular
826,1100,700,190.31797883746344,-85,25.906018829630398,26.011117049096303,-85,1350,700,179.37198674055824,6.303758428345563,circular
827,1100,700,190.31797883746344,-85,26.074956048612798,26.074956048612798,-85,1350,700,185.6757451689038,6.303758428345563,circular
828,1100,700,190.31797883746344,-85,26.035130213615616,25.946643644493044,-85,1350,700,191.97950359724936,6.303758428345563,circular
829,1100,700,190.31797883746344,-85,25.807460623826316,25.614204328866276,-85,1350,700,198.28326202559492,6.303758428345563,circular
830,1100,700,190.31797883746344,-85,25.361807294499556,24.92014212493214,-85,1350,700,204.58702045394048,6.303758428345563,circular
831,1100,700,190.31797883746344,-85,24.495315191602927,23.97102224645776,-85,1350,700,210.89077888228604,6.303758428345563,circular
832,1100,700,190.31797883746344,-85,23.319699537123853,22.496022074683278,-85,1350,700,217.1945373106316,6.303758428345563,circular
833,1100,700,190.31797883746344,-85,21.418119305852123,19.25639156218219,-85,1350,700,223.49829573897716,6.303758428345563,circular
834,1100,700,190.31797883746344,-85,16.269948115724716,-85,-85,1350,700,229.80205416732272,6.303758428345563,circular
835,1100,700,190.31797883746344,-85,-85,-85,-85,1350,700,236.10581259566828,6.303758428345563,circular
836,1100,700,190.31797883746344,-85,-85,-85,-85,1350,700,242.40957102401384,6.303758428345563,circular
837,1100,700,190.31797883746344,-85,-85,-85,-85,1350,700,248.7133294523594,6.303758428345563,circular
838,1100,700,190.31797883746344,-85,-85,-85,-85,1350,700,255.01708788070496,6.303758428345563,circular
839,1100,700,190.31797883746344,-85,-85,-85,-85,1350,700,261.3208463090505,6.303758428345563,circular
840,1100,700,190.31797883746344,-85,-85,-85,-85,1350,700,267.6246047373961,6.303758428345563,circular
841,1100,700,190.31797883746344,-85,-85,-85,-85,1350,700,273.9283631657417,6.303758428345563,circular
842,1100,700,190.31797883746344,-85,-85,-85,-85,1350,700,280.2321215940873,6.303758428345563,circular
843,1100,700,190.31797883746344,-85,-85,-85,-85,1350,700,286.5358800224329,6.303758428345563,circular
844,1100,700,190.31797883746344,-85,-85,-85,-85,1350,700,292.83963845077847,6.303758428345563,circular
845,1100,700,190.31797883746344,-85,-85,-85,-85,1350,700,299.14339687912405,6.303758428345563,circular
846,1100,700,190.31797883746344,-85,-85,-85,-85,1350,700,305.44715530746964,6.303758428345563,circular
847,1100,700,190.31797883746344,-85,-85,-85,-85,1350,700,311.75091373581523,6.303758428345563,circular
848,1100,700,190.31797883746344,-85,-85,-85,-85,1350,700,318.0546721641608,6.303758428345563,circular
849,1100,700,190.31797883746344,-85,-85,-85,-85,1350,700,324.3584305925064,6.303758428345563,circular
850,1100,700,190.31797883746344,-85,-85,-85,-85,1350,700,330.662189020852,6.303758428345563,circular
851,1100,700,190.31797883746344,-85,-85,-85,-85,1350,700,336.9659474491976,6.303758428345563,circular
852,1100,700,190.31797883746344,-85,-85,-85,-85,1350,700,343.2697058775432,6.303758428345563,circular
853,1100,700,190.31797883746344,-85,-85,-85,-85,1350,700,349.57346430588876,6.303758428345563,circular
854,1100,700,190.31797883746344,-85,-85,-85,-85,1350,700,355.87722273423435,6.303758428345563,circular
855,1100,700,190.31797883746344,-85,-85,-85,-85,1350,700,2.18098116257994,6.303758428345563,circular
856,1100,700,190.31797883746344,-85,-85,-85,-85,1350,700,8.484739590925503,6.303758428345563,circular
857,1100,700,190.31797883746344,-85,-85,-85,-85,1350,700,14.788498019271067,6.303758428345563,circular
858,1100,700,190.31797883746344,-85,-85,-85,-85,1350,700,21.09225644761663,6.303758428345563,circular
859,1100,700,190.31797883746344,-85,-85,-85,-85,1350,700,27.396014875962194,6.303758428345563,circular
860,1100,700,190.31797883746344,-85,-85,-85,-85,1350,700,33.699773304307755,6.303758428345563,circular
861,1100,700,190.31797883746344,-85,-85,-85,-85,1350,700,40.003531732653315,6.303758428345563,circular
862,1100,700,190.31797883746344,-85,-85,-85,-85,1350,700,46.307290160998875,6.303758428345563,circular
863,1100,700,190.31797883746344,-85,-85,-85,-85,1350,700,52.611048589344435,6.303758428345563,circular
864,1100,700,190.31797883746344,-85,-85,-85,-85,1350,700,58.914807017689995,6.303758428345563,circular
865,1100,700,190.31797883746344,-85,-85,-85,-85,1350,700,65.21856544603556,6.303758428345563,circular
866,1100,700,190.31797883746344,-85,-85,-85,-85,1350,700,71.52232387438112,6.303758428345563,circular
867,1100,700,190.31797883746344,-85,-85,-85,-85,1350,700,77.82608230272668,6.303758428345563,circular
868,1100,700,190.31797883746344,-85,-85,-85,-85,1350,700,84.12984073107224,6.303758428345563,circular
869,1100,700,190.31797883746344,-85,-85,-85,-85,1350,700,90.4335991594178,6.303758428345563,circular
870,1100,700,190.31797883746344,-85,-85,-85,-85,1350,700,96.73735758776336,6.303758428345563,circular
871,1100,700,190.31797883746344,-85,-85,-85,-85,1350,700,103.04111601610892,6.303758428345563,circular
872,1100,700,190.31797883746344,-85,-85,-85,-85,1350,700,109.34487444445448,6.303758428345563,circular
873,1100,700,190.31797883746344,-85,-85,-85,-85,1350,700,115.64863287280004,6.303758428345563,circular
874,1100,700,190.31797883746344,-85,-85,-85,-85,1350,700,121.9523913011456,6.303758428345563,circular
875,1100,700,190.31797883746344,-85,-85,-85,-85,1350,700,128.25614972949117,6.303758428345563,circular
876,1100,700,190.31797883746344,-85,-85,-85,-85,1350,700,134.55990815783673,6.303758428345563,circular
877,1100,700,190.31797883746344,-85,-85,14.513447644213304,-85,1350,700,140.8636665861823,6.303758428345563,circular
878,1100,700,190.31797883746344,-85,18.47430475951294,20.48098321025059,-85,1350,700,147.16742501452785,6.303758428345563,circular
879,1100,700,190.31797883746344,-85,21.813356630230874,23.06730250275713,-85,1350,700,153.4711834428734,6.303758428345563,circular
880,1100,700,190.31797883746344,-85,23.769789312347285,24.33271141113945,-85,1350,700,159.77494187121897,6.303758428345563,circular
881,1100,700,190.31797883746344,-85,24.78833704083229,25.157178905256924,-85,1350,700,166.07870029956453,6.303758428345563,circular
882,1100,700,190.31797883746344,-85,25.452908776355446,25.7492610641292,-85,1350,700,172.3824587279101,6.303758428345563,circular
883,1100,700,190.31797883746344,-85,25.906018829630398,26.011117049096303,-85,1350,700,178.68621715625565,6.303758428345563,circular
884,1100,700,190.31797883746344,-85,26.067010357935978,26.077602459396946,-85,1350,700,184.9899755846012,6.303758428345563,circular
885,1100,700,190.31797883746344,-85,26.053745949214605,25.9816463993744,-85,1350,700,191.29373401294677,6.303758428345563,circular
886,1100,700,190.31797883746344,-85,25.859665714847075,25.614204328866276,-85,1350,700,197.59749244129233,6.303758428345563,circular
887,1100,700,190.31797883746344,-85,25.361807294499556,25.042923900792417,-85,1350,700,203.9012508696379,6.303758428345563,circular
888,1100,700,190.31797883746344,-85,24.646943359767004,24.1582774269213,-85,1350,700,210.20500929798345,6.303758428345563,circular
889,1100,700,190.31797883746344,-85,23.553218972269416,22.496022074683278,-85,1350,700,216.508767726329,6.303758428345563,circular
890,1100,700,190.31797883746344,-85,21.418119305852123,19.914354227256315,-85,1350,700,222.81252615467457,6.303758428345563,circular
891,1100,700,190.31797883746344,-85,17.51315549939211,11.50579409835762,-85,1350,700,229.11628458302013,6.303758428345563,circular
892,1100,700,190.31797883746344,-85,-85,-85,-85,1350,700,235.4200430113657,6.303758428345563,circular
893,1100,700,190.31797883746344,-85,-85,-85,-85,1350,700,241.72380143971125,6.303758428345563,circular
894,1100,700,190.31797883746344,-85,-85,-85,-85,1350,700,248.0275598680568,6.303758428345563,circular
895,1100,700,190.31797883746344,-85,-85,-85,-85,1350,700,254.33131829640237,6.303758428345563,circular
896,1100,700,190.31797883746344,-85,-85,-85,-85,1350,700,260.63507672474793,6.303758428345563,circular
897,1100,700,190.31797883746344,-85,-85,-85,-85,1350,700,266.9388351530935,6.303758428345563,circular
898,1100,700,190.31797883746344,-85,-85,-85,-85,1350,700,273.2425935814391,6.303758428345563,circular
899,1100,700,190.31797883746344,-85,-85,-85,-85,1350,700,279.5463520097847,6.303758428345563,circular
900,1100,700,190.31797883746344,-85,-85,-85,-85,1350,700,285.8501104381303,6.303758428345563,circular
901,1100,700,190.31797883746344,-85,-85,-85,-85,1350,700,292.1538688664759,6.303758428345563,circular
902,1100,700,190.31797883746344,-85,-85,-85,-85,1350,700,298.45762729482146,6.303758428345563,circular
903,1100,700,190.31797883746344,-85,-85,-85,-85,1350,700,304.76138572316705,6.303758428345563,circular
904,1100,700,190.31797883746344,-85,-85,-85,-85,1350,700,311.06514415151264,6.303758428345563,circular
905,1100,700,190.31797883746344,-85,-85,-85,-85,1350,700,317.36890257985823,6.303758428345563,circular
906,1100,700,190.31797883746344,-85,-85,-85,-85,1350,700,323.6726610082038,6.303758428345563,circular
907,1100,700,190.31797883746344,-85,-85,-85,-85,1350,700,329.9764194365494,6.303758428345563,circular
908,1100,700,190.31797883746344,-85,-85,-85,-85,1350,700,336.280177864895,6.303758428345563,circular
909,1100,700,190.31797883746344,-85,-85,-85,-85,1350,700,342.5839362932406,6.303758428345563,circular
910,1100,700,190.31797883746344,-85,-85,-85,-85,1350,700,348.8876947215862,6.303758428345563,circular
911,1100,700,190.31797883746344,-85,-85,-85,-85,1350,700,355.19145314993176,6.303758428345563,circular
912,1100,700,190.31797883746344,-85,-85,-85,-85,1350,700,1.495211578277349,6.303758428345563,circular
913,1100,700,190.31797883746344,-85,-85,-85,-85,1350,700,7.798970006622912,6.303758428345563,circular
914,1100,700,190.31797883746344,-85,-85,-85,-85,1350,700,14.102728434968475,6.303758428345563,circular
915,1100,700,190.31797883746344,-85,-85,-85,-85,1350,700,20.406486863314036,6.303758428345563,circular
916,1100,700,190.31797883746344,-85,-85,-85,-85,1350,700,26.7102452916596,6.303758428345563,circular
917,1100,700,190.31797883746344,-85,-85,-85,-85,1350,700,33.014003720005164,6.303758428345563,circular
918,1100,700,190.31797883746344,-85,-85,-85,-85,1350,700,39.317762148350724,6.303758428345563,circular
919,1100,700,190.31797883746344,-85,-85,-85,-85,1350,700,45.621520576696284,6.303758428345563,circular
920,1100,700,190.31797883746344,-85,-85,-85,-85,1350,700,51.925279005041844,6.303758428345563,circular
921,1100,700,190.31797883746344,-85,-85,-85,-85,1350,700,58.229037433387404,6.303758428345563,circular
922,1100,700,190.31797883746344,-85,-85,-85,-85,1350,700,64.53279586173296,6.303758428345563,circular
923,1100,700,190.31797883746344,-85,-85,-85,-85,1350,700,70.83655429007852,6.303758428345563,circular
924,1100,700,190.31797883746344,-85,-85,-85,-85,1350,700,77.14031271842408,6.303758428345563,circular
925,1100,700,190.31797883746344,-85,-85,-85,-85,1350,700,83.44407114676964,6.303758428345563,circular
926,1100,700,190.31797883746344,-85,-85,-85,-85,1350,700,89.7478295751152,6.303758428345563,circular
927,1100,700,190.31797883746344,-85,-85,-85,-85,1350,700,96.05158800346076,6.303758428345563,circular
928,1100,700,190.31797883746344,-85,-85,-85,-85,1350,700,102.35534643180632,6.303758428345563,circular
929,1100,700,190.31797883746344,-85,-85,-85,-85,1350,700,108.65910486015188,6.303758428345563,circular
930,1100,700,190.31797883746344,-85,-85,-85,-85,1350,700,114.96286328849745,6.303758428345563,circular
931,1100,700,190.31797883746344,-85,-85,-85,-85,1350,700,121.266621716843,6.303758428345563,circular
932,1100,700,190.31797883746344,-85,-85,-85,-85,1350,700,127.57038014518857,6.303758428345563,circular
933,1100,700,190.31797883746344,-85,-85,-85,-85,1350,700,133.87413857353414,6.303758428345563,circular
934,1100,700,190.31797883746344,-85,-85,11.505794098357505,-85,1350,700,140.1778970018797,6.303758428345563,circular
935,1100,700,190.31797883746344,-85,17.513155499392102,20.48098321025059,-85,1350,700,146.48165543022526,6.303758428345563,circular
936,1100,700,190.31797883746344,-85,21.813356630230874,22.793695368992218,-85,1350,700,152.78541385857082,6.303758428345563,circular
937,1100,700,190.31797883746344,-85,23.553218972269416,24.1582774269213,-85,1350,700,159.08917228691638,6.303758428345563,circular
938,1100,700,190.31797883746344,-85,24.646943359767004,25.157178905256924,-85,1350,700,165.39293071526194,6.303758428345563,circular
939,1100,700,190.31797883746344,-85,25.452908776355446,25.684904084789974,-85,1350,700,171.6966891436075,6.303758428345563,circular
940,1100,700,190.31797883746344,-85,25.859665714847075,25.9816463993744,-85,1350,700,178.00044757195306,6.303758428345563,circular
941,1100,700,190.31797883746344,-85,26.053745949214605,26.077602459396946,-85,1350,700,184.30420600029862,6.303758428345563,circular
942,1100,700,190.31797883746344,-85,26.067010357935978,25.9816463993744,-85,1350,700,190.60796442864418,6.303758428345563,circular
943,1100,700,190.31797883746344,-85,25.859665714847075,25.684904084789977,-85,1350,700,196.91172285698974,6.303758428345563,circular
944,1100,700,190.31797883746344,-85,25.452908776355446,25.157178905256924,-85,1350,700,203.2154812853353,6.303758428345563,circular
945,1100,700,190.31797883746344,-85,24.788337040832293,24.1582774269213,-85,1350,700,209.51923971368086,6.303758428345563,circular
946,1100,700,190.31797883746344,-85,23.553218972269416,22.793695368992225,-85,1350,700,215.82299814202642,6.303758428345563,circular
947,1100,700,190.31797883746344,-85,21.81335663023087,20.48098321025059,-85,1350,700,222.12675657037198,6.303758428345563,circular
948,1100,700,190.31797883746344,-85,18.474304759512954,11.50579409835762,-85,1350,700,228.43051499871754,6.303758428345563,circular
949,1100,700,190.31797883746344,-85,-85,-85,-85,1350,700,234.7342734270631,6.303758428345563,circular
950,1100,700,190.31797883746344,-85,-85,-85,-85,1350,700,241.03803185540866,6.303758428345563,circular
951,1100,700,190.31797883746344,-85,-85,-85,-85,1350,700,247.34179028375422,6.303758428345563,circular
952,1100,700,190.31797883746344,-85,-85,-85,-85,1350,700,253.64554871209978,6.303758428345563,circular
953,1100,700,190.31797883746344,-85,-85,-85,-85,1350,700,259.94930714044534,6.303758428345563,circular
954,1100,700,190.31797883746344,-85,-85,-85,-85,1350,700,266.25306556879093,6.303758428345563,circular
955,1100,700,190.31797883746344,-85,-85,-85,-85,1350,700,272.5568239971365,6.303758428345563,circular
956,1100,700,190.31797883746344,-85,-85,-85,-85,1350,700,278.8605824254821,6.303758428345563,circular
957,1100,700,190.31797883746344,-85,-85,-85,-85,1350,700,285.1643408538277,6.303758428345563,circular
958,1100,700,190.31797883746344,-85,-85,-85,-85,1350,700,291.4680992821733,6.303758428345563,circular
959,1100,700,190.31797883746344,-85,-85,-85,-85,1350,700,297.7718577105189,6.303758428345563,circular
960,1100,700,190.31797883746344,-85,-85,-85,-85,1350,700,304.07561613886446,6.303758428345563,circular
961,1100,700,190.31797883746344,-85,-85,-85,-85,1350,700,310.37937456721005,6.303758428345563,circular
962,1100,700,190.31797883746344,-85,-85,-85,-85,1350,700,316.68313299555564,6.303758428345563,circular
963,1100,700,190.31797883746344,-85,-85,-85,-85,1350,700,322.9868914239012,6.303758428345563,circular
964,1100,700,190.31797883746344,-85,-85,-85,-85,1350,700,329.2906498522468,6.303758428345563,circular
965,1100,700,190.31797883746344,-85,-85,-85,-85,1350,700,335.5944082805924,6.303758428345563,circular
966,1100,700,190.31797883746344,-85,-85,-85,-85,1350,700,341.898166708938,6.303758428345563,circular
967,1100,700,190.31797883746344,-85,-85,-85,-85,1350,700,348.2019251372836,6.303758428345563,circular
968,1100,700,190.31797883746344,-85,-85,-85,-85,1350,700,354.50568356562917,6.303758428345563,circular
969,1100,700,190.31797883746344,-85,-85,-85,-85,1350,700,0.8094419939747581,6.303758428345563,circular
970,1100,700,190.31797883746344,-85,-85,-85,-85,1350,700,7.113200422320321,6.303758428345563,circular
971,1100,700,190.31797883746344,-85,-85,-85,-85,1350,700,13.416958850665884,6.303758428345563,circular
972,1100,700,190.31797883746344,-85,-85,-85,-85,1350,700,19.720717279011446,6.303758428345563,circular
973,1100,700,190.31797883746344,-85,-85,-85,-85,1350,700,26.02447570735701,6.303758428345563,circular
974,1100,700,190.31797883746344,-85,-85,-85,-85,1350,700,32.32823413570257,6.303758428345563,circular
975,1100,700,190.31797883746344,-85,-85,-85,-85,1350,700,38.63199256404813,6.303758428345563,circular
976,1100,700,190.31797883746344,-85,-85,-85,-85,1350,700,44.93575099239369,6.303758428345563,circular
977,1100,700,190.31797883746344,-85,-85,-85,-85,1350,700,51.23950942073925,6.303758428345563,circular
978,1100,700,190.31797883746344,-85,-85,-85,-85,1350,700,57.54326784908481,6.303758428345563,circular
979,1100,700,190.31797883746344,-85,-85,-85,-85,1350,700,63.84702627743037,6.303758428345563,circular
980,1100,700,190.31797883746344,-85,-85,-85,-85,1350,700,70.15078470577593,6.303758428345563,circular
981,1100,700,190.31797883746344,-85,-85,-85,-85,1350,700,76.4545431341215,6.303758428345563,circular
982,1100,700,190.31797883746344,-85,-85,-85,-85,1350,700,82.75830156246705,6.303758428345563,circular
983,1100,700,190.31797883746344,-85,-85,-85,-85,1350,700,89.06205999081261,6.303758428345563,circular
984,1100,700,190.31797883746344,-85,-85,-85,-85,1350,700,95.36581841915817,6.303758428345563,circular
985,1100,700,190.31797883746344,-85,-85,-85,-85,1350,700,101.66957684750373,6.303758428345563,circular
986,1100,700,190.31797883746344,-85,-85,-85,-85,1350,700,107.9733352758493,6.303758428345563,circular
987,1100,700,190.31797883746344,-85,-85,-85,-85,1350,700,114.27709370419485,6.303758428345563,circular
988,1100,700,190.31797883746344,-85,-85,-85,-85,1350,700,120.58085213254041,6.303758428345563,circular
989,1100,700,190.31797883746344,-85,-85,-85,-85,1350,700,126.88461056088597,6.303758428345563,circular
990,1100,700,190.31797883746344,-85,-85,-85,-85,1350,700,133.18836898923155,6.303758428345563,circular
991,1100,700,190.31797883746344,-85,-85,11.505794098357505,-85,1350,700,139.4921274175771,6.303758428345563,circular
992,1100,700,190.31797883746344,-85,17.513155499392102,19.91435422725632,-85,1350,700,145.79588584592267,6.303758428345563,circular
993,1100,700,190.31797883746344,-85,21.41811930585211,22.496022074683278,-85,1350,700,152.09964427426823,6.303758428345563,circular
994,1100,700,190.31797883746344,-85,23.31969953712386,24.1582774269213,-85,1350,700,158.4034027026138,6.303758428345563,circular
995,1100,700,190.31797883746344,-85,24.646943359767004,25.042923900792417,-85,1350,700,164.70716113095935,6.303758428345563,circular
996,1100,700,190.31797883746344,-85,25.36180729449956,25.614204328866276,-85,1350,700,171.0109195593049,6.303758428345563,circular
997,1100,700,190.31797883746344,-85,25.80746062382631,25.946643644493044,-85,1350,700,177.31467798765047,6.303758428345563,circular
998,1100,700,190.31797883746344,-85,26.035130213615616,26.077602459396946,-85,1350,700,183.61843641599603,6.303758428345563,circular
999,1100,700,190.31797883746344,-85,26.067010357935978,26.011117049096303,-85,1350,700,189.9221948443416,6.303758428345563,circular
