Tick,Aircraft X,Aircraft Y,Aircraft Heading,A1,A2,A3,A4,Radar X,Radar Y,Radar Azimuth,Radar RPM
0,1100,700,63.42777065197725,-85,-85,26.077602459396946,26.074956048612798,1350,700,183.2535991000861,13.465118850236616
1,1100,700,63.42777065197725,-85,-85,26.074956048612798,26.035130213615616,1350,700,196.7187179503227,13.465118850236616
2,1100,700,63.42777065197725,-85,-85,25.536951728381826,25.263344594616918,1350,700,210.18383680055933,13.465118850236616
3,1100,700,63.42777065197725,-85,-85,23.769789312347285,23.067302502757133,1350,700,223.64895565079595,13.465118850236616
4,1100,700,63.42777065197725,-85,-85,17.51315549939211,11.50579409835762,1350,700,237.11407450103258,13.465118850236616
5,1100,700,63.42777065197725,-85,-85,-85,-85,1350,700,250.5791933512692,13.465118850236616
6,1100,700,63.42777065197725,-85,-85,-85,-85,1350,700,264.0443122015058,13.465118850236616
7,1100,700,63.42777065197725,-85,-85,-85,-85,1350,700,277.5094310517424,13.465118850236616
8,1100,700,63.42777065197725,-85,-85,-85,-85,1350,700,290.974549901979,13.465118850236616
9,1100,700,63.42777065197725,-85,-85,-85,-85,1350,700,304.4396687522156,13.465118850236616
10,1100,700,63.42777065197725,-85,-85,-85,-85,1350,700,317.9047876024522,13.465118850236616
11,1100,700,63.42777065197725,-85,-85,-85,-85,1350,700,331.3699064526888,13.465118850236616
12,1100,700,63.42777065197725,-85,-85,-85,-85,1350,700,344.8350253029254,13.465118850236616
13,1100,700,63.42777065197725,-85,-85,-85,-85,1350,700,358.30014415316197,13.465118850236616
14,1100,700,63.42777065197725,-85,-85,-85,-85,1350,700,11.765263003398559,13.465118850236616
15,1100,700,63.42777065197725,-85,-85,-85,-85,1350,700,25.230381853635173,13.465118850236616
16,1100,700,63.42777065197725,-85,-85,-85,-85,1350,700,38.69550070387179,13.465118850236616
17,1100,700,63.42777065197725,-85,-85,-85,-85,1350,700,52.1606195541084,13.465118850236616
18,1100,700,63.42777065197725,-85,-85,-85,-85,1350,700,65.62573840434501,13.465118850236616
19,1100,700,63.42777065197725,-85,-85,-85,-85,1350,700,79.09085725458164,13.465118850236616
20,1100,700,63.42777065197725,-85,-85,-85,-85,1350,700,92.55597610481826,13.465118850236616
21,1100,700,63.42777065197725,-85,-85,-85,-85,1350,700,106.02109495505488,13.465118850236616
22,1100,700,63.42777065197725,-85,-85,-85,-85,1350,700,119.4862138052915,13.465118850236616
23,1100,700,63.42777065197725,-85,-85,-85,-85,1350,700,132.95133265552812,13.465118850236616
24,1100,700,63.42777065197725,-85,-85,-85,-85,1350,700,146.41645150576474,13.465118850236616
25,1100,700,63.42777065197725,-85,-85,21.41811930585211,22.496022074683278,1350,700,159.88157035600136,13.465118850236616
26,1100,700,63.42777065197725,-85,-85,24.646943359767004,25.042923900792417,1350,700,173.34668920623798,13.465118850236616
27,1100,700,63.42777065197725,-85,-85,25.906018829630398,26.011117049096303,1350,700,186.8118080564746,13.465118850236616
28,1100,700,63.42777065197725,-85,-85,26.035130213615616,25.946643644493044,1350,700,200.27692690671122,13.465118850236616
29,1100,700,63.42777065197725,-85,-85,25.157178905256924,24.788337040832293,1350,700,213.74204575694785,13.465118850236616
30,1100,700,63.42777065197725,-85,-85,22.793695368992225,21.81335663023087,1350,700,227.20716460718447,13.465118850236616
31,1100,700,63.42777065197725,-85,-85,-85,-85,1350,700,240.6722834574211,13.465118850236616
32,1100,700,63.42777065197725,-85,-85,-85,-85,1350,700,254.1374023076577,13.465118850236616
33,1100,700,63.42777065197725,-85,-85,-85,-85,1350,700,267.60252115789433,13.465118850236616
34,1100,700,63.42777065197725,-85,-85,-85,-85,1350,700,281.0676400081309,13.465118850236616
35,1100,700,63.42777065197725,-85,-85,-85,-85,1350,700,294.5327588583675,13.465118850236616
36,1100,700,63.42777065197725,-85,-85,-85,-85,1350,700,307.9978777086041,13.465118850236616
37,1100,700,63.42777065197725,-85,-85,-85,-85,1350,700,321.4629965588407,13.465118850236616
38,1100,700,63.42777065197725,-85,-85,-85,-85,1350,700,334.9281154090773,13.465118850236616
39,1100,700,63.42777065197725,-85,-85,-85,-85,1350,700,348.3932342593139,13.465118850236616
40,1100,700,63.42777065197725,-85,-85,-85,-85,1350,700,1.8583531095504782,13.465118850236616
41,1100,700,63.42777065197725,-85,-85,-85,-85,1350,700,15.323471959787094,13.465118850236616
42,1100,700,63.42777065197725,-85,-85,-85,-85,1350,700,28.78859081002371,13.465118850236616
43,1100,700,63.42777065197725,-85,-85,-85,-85,1350,700,42.25370966026033,13.465118850236616
44,1100,700,63.42777065197725,-85,-85,-85,-85,1350,700,55.71882851049694,13.465118850236616
45,1100,700,63.42777065197725,-85,-85,-85,-85,1350,700,69.18394736073355,13.465118850236616
46,1100,700,63.42777065197725,-85,-85,-85,-85,1350,700,82.64906621097018,13.465118850236616
47,1100,700,63.42777065197725,-85,-85,-85,-85,1350,700,96.1141850612068,13.465118850236616
48,1100,700,63.42777065197725,-85,-85,-85,-85,1350,700,109.57930391144342,13.465118850236616
49,1100,700,63.42777065197725,-85,-85,-85,-85,1350,700,123.04442276168004,13.465118850236616
50,1100,700,63.42777065197725,-85,-85,-85,-85,1350,700,136.50954161191666,13.465118850236616
51,1100,700,63.42777065197725,-85,-85,-85,16.269948115724727,1350,700,149.97466046215328,13.465118850236616
52,1100,700,63.42777065197725,-85,-85,22.496022074683278,23.31969953712386,1350,700,163.4397793123899,13.465118850236616
53,1100,700,63.42777065197725,-85,-85,25.157178905256924,25.452908776355446,1350,700,176.90489816262652,13.465118850236616
54,1100,700,63.42777065197725,-85,-85,26.011117049096303,26.067010357935978,1350,700,190.37001701286314,13.465118850236616
55,1100,700,63.42777065197725,-85,-85,25.906018829630398,25.7492610641292,1350,700,203.83513586309977,13.465118850236616
56,1100,700,63.42777065197725,-85,-85,24.788337040832293,24.332711411139446,1350,700,217.3002547133364,13.465118850236616
57,1100,700,63.42777065197725,-85,-85,21.418119305852123,19.914354227256315,1350,700,230.765373563573,13.465118850236616
58,1100,700,63.42777065197725,-85,-85,-85,-85,1350,700,244.23049241380963,13.465118850236616
59,1100,700,63.42777065197725,-85,-85,-85,-85,1350,700,257.69561126404625,13.465118850236616
60,1100,700,63.42777065197725,-85,-85,-85,-85,1350,700,271.16073011428284,13.465118850236616
61,1100,700,63.42777065197725,-85,-85,-85,-85,1350,700,284.62584896451943,13.465118850236616
62,1100,700,63.42777065197725,-85,-85,-85,-85,1350,700,298.090967814756,13.465118850236616
63,1100,700,63.42777065197725,-85,-85,-85,-85,1350,700,311.5560866649926,13.465118850236616
64,1100,700,63.42777065197725,-85,-85,-85,-85,1350,700,325.0212055152292,13.465118850236616
65,1100,700,63.42777065197725,-85,-85,-85,-85,1350,700,338.4863243654658,13.465118850236616
66,1100,700,63.42777065197725,-85,-85,-85,-85,1350,700,351.9514432157024,13.465118850236616
67,1100,700,63.42777065197725,-85,-85,-85,-85,1350,700,5.41656206593899,13.465118850236616
68,1100,700,63.42777065197725,-85,-85,-85,-85,1350,700,18.881680916175604,13.465118850236616
69,1100,700,63.42777065197725,-85,-85,-85,-85,1350,700,32.34679976641222,13.465118850236616
70,1100,700,63.42777065197725,-85,-85,-85,-85,1350,700,45.81191861664883,13.465118850236616
71,1100,700,63.42777065197725,-85,-85,-85,-85,1350,700,59.277037466885446,13.465118850236616
72,1100,700,63.42777065197725,-85,-85,-85,-85,1350,700,72.74215631712207,13.465118850236616
73,1100,700,63.42777065197725,-85,-85,-85,-85,1350,700,86.20727516735869,13.465118850236616
74,1100,700,63.42777065197725,-85,-85,-85,-85,1350,700,99.67239401759531,13.465118850236616
75,1100,700,63.42777065197725,-85,-85,-85,-85,1350,700,113.13751286783193,13.465118850236616
76,1100,700,63.42777065197725,-85,-85,-85,-85,1350,700,126.60263171806855,13.465118850236616
77,1100,700,63.42777065197725,-85,-85,-85,-85,1350,700,140.06775056830517,13.465118850236616
78,1100,700,63.42777065197725,-85,-85,16.269948115724727,19.25639156218217,1350,700,153.5328694185418,13.465118850236616
79,1100,700,63.42777065197725,-85,-85,23.553218972269416,24.1582774269213,1350,700,166.9979882687784,13.465118850236616
80,1100,700,63.42777065197725,-85,-85,25.452908776355446,25.684904084789974,1350,700,180.46310711901504,13.465118850236616
81,1100,700,63.42777065197725,-85,-85,26.074956048612798,26.074956048612798,1350,700,193.92822596925166,13.465118850236616
82,1100,700,63.42777065197725,-85,-85,25.7492610641292,25.536951728381826,1350,700,207.39334481948828,13.465118850236616
83,1100,700,63.42777065197725,-85,-85,24.1582774269213,23.553218972269416,1350,700,220.8584636697249,13.465118850236616
84,1100,700,63.42777065197725,-85,-85,19.914354227256315,17.51315549939211,1350,700,234.32358251996152,13.465118850236616
85,1100,700,63.42777065197725,-85,-85,-85,-85,1350,700,247.78870137019814,13.465118850236616
86,1100,700,63.42777065197725,-85,-85,-85,-85,1350,700,261.25382022043476,13.465118850236616
87,1100,700,63.42777065197725,-85,-85,-85,-85,1350,700,274.71893907067135,13.465118850236616
88,1100,700,63.42777065197725,-85,-85,-85,-85,1350,700,288.18405792090795,13.465118850236616
89,1100,700,63.42777065197725,-85,-85,-85,-85,1350,700,301.64917677114454,13.465118850236616
90,1100,700,63.42777065197725,-85,-85,-85,-85,1350,700,315.11429562138113,13.465118850236616
91,1100,700,63.42777065197725,-85,-85,-85,-85,1350,700,328.5794144716177,13.465118850236616
92,1100,700,63.42777065197725,-85,-85,-85,-85,1350,700,342.0445333218543,13.465118850236616
93,1100,700,63.42777065197725,-85,-85,-85,-85,1350,700,355.5096521720909,13.465118850236616
94,1100,700,63.42777065197725,-85,-85,-85,-85,1350,700,8.974771022327502,13.465118850236616
95,1100,700,63.42777065197725,-85,-85,-85,-85,1350,700,22.439889872564116,13.465118850236616
96,1100,700,63.42777065197725,-85,-85,-85,-85,1350,700,35.90500872280073,13.465118850236616
97,1100,700,63.42777065197725,-85,-85,-85,-85,1350,700,49.370127573037344,13.465118850236616
98,1100,700,63.42777065197725,-85,-85,-85,-85,1350,700,62.83524642327396,13.465118850236616
99,1100,700,63.42777065197725,-85,-85,-85,-85,1350,700,76.30036527351058,13.465118850236616
100,1100,700,63.42777065197725,-85,-85,-85,-85,1350,700,89.7654841237472,13.465118850236616
101,1100,700,63.42777065197725,-85,-85,-85,-85,1350,700,103.23060297398382,13.465118850236616
102,1100,700,63.42777065197725,-85,-85,-85,-85,1350,700,116.69572182422044,13.465118850236616
103,1100,700,63.42777065197725,-85,-85,-85,-85,1350,700,130.16084067445706,13.465118850236616
104,1100,700,63.42777065197725,-85,-85,-85,-85,1350,700,143.62595952469368,13.465118850236616
105,1100,700,63.42777065197725,-85,-85,19.91435422725632,21.41811930585211,1350,700,157.0910783749303,13.465118850236616
106,1100,700,63.42777065197725,-85,-85,24.1582774269213,24.646943359767004,1350,700,170.55619722516693,13.465118850236616
107,1100,700,63.42777065197725,-85,-85,25.7492610641292,25.906018829630398,1350,700,184.02131607540355,13.465118850236616
108,1100,700,63.42777065197725,-85,-85,26.074956048612798,26.035130213615616,1350,700,197.48643492564017,13.465118850236616
109,1100,700,63.42777065197725,-85,-85,25.452908776355446,25.157178905256924,1350,700,210.9515537758768,13.465118850236616
110,1100,700,63.42777065197725,-85,-85,23.553218972269416,22.793695368992225,1350,700,224.4166726261134,13.465118850236616
111,1100,700,63.42777065197725,-85,-85,16.269948115724716,-85,1350,700,237.88179147635003,13.465118850236616
112,1100,700,63.42777065197725,-85,-85,-85,-85,1350,700,251.34691032658665,13.465118850236616
113,1100,700,63.42777065197725,-85,-85,-85,-85,1350,700,264.8120291768233,13.465118850236616
114,1100,700,63.42777065197725,-85,-85,-85,-85,1350,700,278.27714802705987,13.465118850236616
115,1100,700,63.42777065197725,-85,-85,-85,-85,1350,700,291.74226687729646,13.465118850236616
116,1100,700,63.42777065197725,-85,-85,-85,-85,1350,700,305.20738572753305,13.465118850236616
117,1100,700,63.42777065197725,-85,-85,-85,-85,1350,700,318.67250457776964,13.465118850236616
118,1100,700,63.42777065197725,-85,-85,-85,-85,1350,700,332.13762342800624,13.465118850236616
119,1100,700,63.42777065197725,-85,-85,-85,-85,1350,700,345.60274227824283,13.465118850236616
120,1100,700,63.42777065197725,-85,-85,-85,-85,1350,700,359.0678611284794,13.465118850236616
121,1100,700,63.42777065197725,-85,-85,-85,-85,1350,700,12.532979978716014,13.465118850236616
122,1100,700,63.42777065197725,-85,-85,-85,-85,1350,700,25.998098828952628,13.465118850236616
123,1100,700,63.42777065197725,-85,-85,-85,-85,1350,700,39.46321767918924,13.465118850236616
124,1100,700,63.42777065197725,-85,-85,-85,-85,1350,700,52.928336529425856,13.465118850236616
125,1100,700,63.42777065197725,-85,-85,-85,-85,1350,700,66.39345537966247,13.465118850236616
126,1100,700,63.42777065197725,-85,-85,-85,-85,1350,700,79.85857422989909,13.465118850236616
127,1100,700,63.42777065197725,-85,-85,-85,-85,1350,700,93.32369308013571,13.465118850236616
128,1100,700,63.42777065197725,-85,-85,-85,-85,1350,700,106.78881193037233,13.465118850236616
129,1100,700,63.42777065197725,-85,-85,-85,-85,1350,700,120.25393078060895,13.465118850236616
130,1100,700,63.42777065197725,-85,-85,-85,-85,1350,700,133.71904963084557,13.465118850236616
131,1100,700,63.42777065197725,-85,-85,-85,-85,1350,700,147.1841684810822,13.465118850236616
132,1100,700,63.42777065197725,-85,-85,21.41811930585211,22.496022074683278,1350,700,160.64928733131882,13.465118850236616
133,1100,700,63.42777065197725,-85,-85,24.78833704083229,25.157178905256924,1350,700,174.11440618155544,13.465118850236616
134,1100,700,63.42777065197725,-85,-85,25.906018829630398,26.011117049096303,1350,700,187.57952503179206,13.465118850236616
135,1100,700,63.42777065197725,-85,-85,26.011117049096303,25.906018829630398,1350,700,201.04464388202868,13.465118850236616
136,1100,700,63.42777065197725,-85,-85,25.157178905256924,24.788337040832293,1350,700,214.5097627322653,13.465118850236616
137,1100,700,63.42777065197725,-85,-85,22.496022074683278,21.418119305852123,1350,700,227.97488158250192,13.465118850236616
138,1100,700,63.42777065197725,-85,-85,-85,-85,1350,700,241.44000043273854,13.465118850236616
139,1100,700,63.42777065197725,-85,-85,-85,-85,1350,700,254.90511928297516,13.465118850236616
140,1100,700,63.42777065197725,-85,-85,-85,-85,1350,700,268.3702381332118,13.465118850236616
141,1100,700,63.42777065197725,-85,-85,-85,-85,1350,700,281.8353569834484,13.465118850236616
142,1100,700,63.42777065197725,-85,-85,-85,-85,1350,700,295.30047583368497,13.465118850236616
143,1100,700,63.42777065197725,-85,-85,-85,-85,1350,700,308.76559468392156,13.465118850236616
144,1100,700,63.42777065197725,-85,-85,-85,-85,1350,700,322.23071353415816,13.465118850236616
145,1100,700,63.42777065197725,-85,-85,-85,-85,1350,700,335.69583238439475,13.465118850236616
146,1100,700,63.42777065197725,-85,-85,-85,-85,1350,700,349.16095123463134,13.465118850236616
147,1100,700,63.42777065197725,-85,-85,-85,-85,1350,700,2.6260700848679335,13.465118850236616
148,1100,700,63.42777065197725,-85,-85,-85,-85,1350,700,16.091188935104547,13.465118850236616
149,1100,700,63.42777065197725,-85,-85,-85,-85,1350,700,29.55630778534116,13.465118850236616
150,1100,700,63.42777065197725,-85,-85,-85,-85,1350,700,43.021426635577775,13.465118850236616
151,1100,700,63.42777065197725,-85,-85,-85,-85,1350,700,56.48654548581439,13.465118850236616
152,1100,700,63.42777065197725,-85,-85,-85,-85,1350,700,69.95166433605101,13.465118850236616
153,1100,700,63.42777065197725,-85,-85,-85,-85,1350,700,83.41678318628763,13.465118850236616
154,1100,700,63.42777065197725,-85,-85,-85,-85,1350,700,96.88190203652425,13.465118850236616
155,1100,700,63.42777065197725,-85,-85,-85,-85,1350,700,110.34702088676087,13.465118850236616
156,1100,700,63.42777065197725,-85,-85,-85,-85,1350,700,123.8121397369975,13.465118850236616
157,1100,700,63.42777065197725,-85,-85,-85,-85,1350,700,137.27725858723412,13.465118850236616
158,1100,700,63.42777065197725,-85,-85,11.505794098357505,17.513155499392102,1350,700,150.74237743747074,13.465118850236616
159,1100,700,63.42777065197725,-85,-85,22.793695368992218,23.553218972269416,1350,700,164.20749628770736,13.465118850236616
160,1100,700,63.42777065197725,-85,-85,25.26334459461691,25.452908776355446,1350,700,177.67261513794398,13.465118850236616
161,1100,700,63.42777065197725,-85,-85,26.035130213615616,26.074956048612798,1350,700,191.1377339881806,13.465118850236616
162,1100,700,63.42777065197725,-85,-85,25.906018829630398,25.7492610641292,1350,700,204.60285283841722,13.465118850236616
163,1100,700,63.42777065197725,-85,-85,24.646943359767004,24.1582774269213,1350,700,218.06797168865384,13.465118850236616
164,1100,700,63.42777065197725,-85,-85,21.418119305852123,19.914354227256315,1350,700,231.53309053889046,13.465118850236616
165,1100,700,63.42777065197725,-85,-85,-85,-85,1350,700,244.99820938912708,13.465118850236616
166,1100,700,63.42777065197725,-85,-85,-85,-85,1350,700,258.4633282393637,13.465118850236616
167,1100,700,63.42777065197725,-85,-85,-85,-85,1350,700,271.9284470896003,13.465118850236616
168,1100,700,63.42777065197725,-85,-85,-85,-85,1350,700,285.3935659398369,13.465118850236616
169,1100,700,63.42777065197725,-85,-85,-85,-85,1350,700,298.8586847900735,13.465118850236616
170,1100,700,63.42777065197725,-85,-85,-85,-85,1350,700,312.3238036403101,13.465118850236616
171,1100,700,63.42777065197725,-85,-85,-85,-85,1350,700,325.78892249054667,13.465118850236616
172,1100,700,63.42777065197725,-85,-85,-85,-85,1350,700,339.25404134078326,13.465118850236616
173,1100,700,63.42777065197725,-85,-85,-85,-85,1350,700,352.71916019101985,13.465118850236616
174,1100,700,63.42777065197725,-85,-85,-85,-85,1350,700,6.1842790412564455,13.465118850236616
175,1100,700,63.42777065197725,-85,-85,-85,-85,1350,700,19.64939789149306,13.465118850236616
176,1100,700,63.42777065197725,-85,-85,-85,-85,1350,700,33.11451674172967,13.465118850236616
177,1100,700,63.42777065197725,-85,-85,-85,-85,1350,700,46.57963559196629,13.465118850236616
178,1100,700,63.42777065197725,-85,-85,-85,-85,1350,700,60.0447544422029,13.465118850236616
179,1100,700,63.42777065197725,-85,-85,-85,-85,1350,700,73.50987329243952,13.465118850236616
180,1100,700,63.42777065197725,-85,-85,-85,-85,1350,700,86.97499214267614,13.465118850236616
181,1100,700,63.42777065197725,-85,-85,-85,-85,1350,700,100.44011099291276,13.465118850236616
182,1100,700,63.42777065197725,-85,-85,-85,-85,1350,700,113.90522984314939,13.465118850236616
183,1100,700,63.42777065197725,-85,-85,-85,-85,1350,700,127.370348693386,13.465118850236616
184,1100,700,63.42777065197725,-85,-85,-85,-85,1350,700,140.83546754362263,13.465118850236616
185,1100,700,63.42777065197725,-85,-85,17.513155499392102,19.91435422725632,1350,700,154.30058639385925,13.465118850236616
186,1100,700,63.42777065197725,-85,-85,23.769789312347285,24.33271141113945,1350,700,167.76570524409587,13.465118850236616
187,1100,700,63.42777065197725,-85,-85,25.536951728381826,25.7492610641292,1350,700,181.2308240943325,13.465118850236616
188,1100,700,63.42777065197725,-85,-85,26.077602459396946,26.074956048612798,1350,700,194.6959429445691,13.465118850236616
189,1100,700,63.42777065197725,-85,-85,25.684904084789977,25.452908776355446,1350,700,208.16106179480573,13.465118850236616
190,1100,700,63.42777065197725,-85,-85,24.1582774269213,23.553218972269416,1350,700,221.62618064504235,13.465118850236616
191,1100,700,63.42777065197725,-85,-85,19.25639156218219,16.269948115724716,1350,700,235.09129949527897,13.465118850236616
192,1100,700,63.42777065197725,-85,-85,-85,-85,1350,700,248.5564183455156,13.465118850236616
193,1100,700,63.42777065197725,-85,-85,-85,-85,1350,700,262.0215371957522,13.465118850236616
194,1100,700,63.42777065197725,-85,-85,-85,-85,1350,700,275.4866560459888,13.465118850236616
195,1100,700,63.42777065197725,-85,-85,-85,-85,1350,700,288.9517748962254,13.465118850236616
196,1100,700,63.42777065197725,-85,-85,-85,-85,1350,700,302.416893746462,13.465118850236616
197,1100,700,63.42777065197725,-85,-85,-85,-85,1350,700,315.8820125966986,13.465118850236616
198,1100,700,63.42777065197725,-85,-85,-85,-85,1350,700,329.3471314469352,13.465118850236616
199,1100,700,63.42777065197725,-85,-85,-85,-85,1350,700,342.8122502971718,13.465118850236616
200,1100,700,63.42777065197725,-85,-85,-85,-85,1350,700,356.27736914740836,13.465118850236616
201,1100,700,63.42777065197725,-85,-85,-85,-85,1350,700,9.742487997644957,13.465118850236616
202,1100,700,63.42777065197725,-85,-85,-85,-85,1350,700,23.20760684788157,13.465118850236616
203,1100,700,63.42777065197725,-85,-85,-85,-85,1350,700,36.672725698118185,13.465118850236616
204,1100,700,63.42777065197725,-85,-85,-85,-85,1350,700,50.1378445483548,13.465118850236616
205,1100,700,63.42777065197725,-85,-85,-85,-85,1350,700,63.60296339859141,13.465118850236616
206,1100,700,63.42777065197725,-85,-85,-85,-85,1350,700,77.06808224882803,13.465118850236616
207,1100,700,63.42777065197725,-85,-85,-85,-85,1350,700,90.53320109906466,13.465118850236616
208,1100,700,63.42777065197725,-85,-85,-85,-85,1350,700,103.99831994930128,13.465118850236616
209,1100,700,63.42777065197725,-85,-85,-85,-85,1350,700,117.4634387995379,13.465118850236616
210,1100,700,63.42777065197725,-85,-85,-85,-85,1350,700,130.92855764977452,13.465118850236616
211,1100,700,63.42777065197725,-85,-85,-85,-85,1350,700,144.39367650001114,13.465118850236616
212,1100,700,63.42777065197725,-85,-85,20.48098321025059,21.813356630230874,1350,700,157.85879535024776,13.465118850236616
213,1100,700,63.42777065197725,-85,-85,24.33271141113945,24.78833704083229,1350,700,171.32391420048438,13.465118850236616
214,1100,700,63.42777065197725,-85,-85,25.80746062382631,25.946643644493044,1350,700,184.789033050721,13.465118850236616
215,1100,700,63.42777065197725,-85,-85,26.067010357935978,26.011117049096303,1350,700,198.25415190095762,13.465118850236616
216,1100,700,63.42777065197725,-85,-85,25.361807294499556,25.042923900792417,1350,700,211.71927075119424,13.465118850236616
217,1100,700,63.42777065197725,-85,-85,23.319699537123853,22.496022074683278,1350,700,225.18438960143087,13.465118850236616
218,1100,700,63.42777065197725,-85,-85,16.269948115724716,-85,1350,700,238.6495084516675,13.465118850236616
219,1100,700,63.42777065197725,-85,-85,-85,-85,1350,700,252.1146273019041,13.465118850236616
220,1100,700,63.42777065197725,-85,-85,-85,-85,1350,700,265.57974615214073,13.465118850236616
221,1100,700,63.42777065197725,-85,-85,-85,-85,1350,700,279.0448650023773,13.465118850236616
222,1100,700,63.42777065197725,-85,-85,-85,-85,1350,700,292.5099838526139,13.465118850236616
223,1100,700,63.42777065197725,-85,-85,-85,-85,1350,700,305.9751027028505,13.465118850236616
224,1100,700,63.42777065197725,-85,-85,-85,-85,1350,700,319.4402215530871,13.465118850236616
225,1100,700,63.42777065197725,-85,-85,-85,-85,1350,700,332.9053404033237,13.465118850236616
226,1100,700,63.42777065197725,-85,-85,-85,-85,1350,700,346.3704592535603,13.465118850236616
227,1100,700,63.42777065197725,-85,-85,-85,-85,1350,700,359.8355781037969,13.465118850236616
228,1100,700,63.42777065197725,-85,-85,-85,-85,1350,700,13.30069695403347,13.465118850236616
229,1100,700,63.42777065197725,-85,-85,-85,-85,1350,700,26.765815804270083,13.465118850236616
230,1100,700,63.42777065197725,-85,-85,-85,-85,1350,700,40.2309346545067,13.465118850236616
231,1100,700,63.42777065197725,-85,-85,-85,-85,1350,700,53.69605350474331,13.465118850236616
232,1100,700,63.42777065197725,-85,-85,-85,-85,1350,700,67.16117235497993,13.465118850236616
233,1100,700,63.42777065197725,-85,-85,-85,-85,1350,700,80.62629120521655,13.465118850236616
234,1100,700,63.42777065197725,-85,-85,-85,-85,1350,700,94.09141005545317,13.465118850236616
235,1100,700,63.42777065197725,-85,-85,-85,-85,1350,700,107.55652890568979,13.465118850236616
236,1100,700,63.42777065197725,-85,-85,-85,-85,1350,700,121.02164775592641,13.465118850236616
237,1100,700,63.42777065197725,-85,-85,-85,-85,1350,700,134.48676660616303,13.465118850236616
238,1100,700,63.42777065197725,-85,-85,-85,11.505794098357505,1350,700,147.95188545639965,13.465118850236616
239,1100,700,63.42777065197725,-85,-85,21.813356630230874,22.793695368992218,1350,700,161.41700430663627,13.465118850236616
240,1100,700,63.42777065197725,-85,-85,24.92014212493214,25.26334459461691,1350,700,174.8821231568729,13.465118850236616
241,1100,700,63.42777065197725,-85,-85,25.946643644493044,26.035130213615616,1350,700,188.34724200710951,13.465118850236616
242,1100,700,63.42777065197725,-85,-85,25.9816463993744,25.859665714847075,1350,700,201.81236085734614,13.465118850236616
243,1100,700,63.42777065197725,-85,-85,25.042923900792417,24.646943359767004,1350,700,215.27747970758276,13.465118850236616
244,1100,700,63.42777065197725,-85,-85,22.170735458799452,20.97742610025735,1350,700,228.74259855781938,13.465118850236616
245,1100,700,63.42777065197725,-85,-85,-85,-85,1350,700,242.207717408056,13.465118850236616
246,1100,700,63.42777065197725,-85,-85,-85,-85,1350,700,255.67283625829262,13.465118850236616
247,1100,700,63.42777065197725,-85,-85,-85,-85,1350,700,269.13795510852924,13.465118850236616
248,1100,700,63.42777065197725,-85,-85,-85,-85,1350,700,282.60307395876583,13.465118850236616
249,1100,700,63.42777065197725,-85,-85,-85,-85,1350,700,296.0681928090024,13.465118850236616
250,1100,700,63.42777065197725,-85,-85,-85,-85,1350,700,309.533311659239,13.465118850236616
251,1100,700,63.42777065197725,-85,-85,-85,-85,1350,700,322.9984305094756,13.465118850236616
252,1100,700,63.42777065197725,-85,-85,-85,-85,1350,700,336.4635493597122,13.465118850236616
253,1100,700,63.42777065197725,-85,-85,-85,-85,1350,700,349.9286682099488,13.465118850236616
254,1100,700,63.42777065197725,-85,-85,-85,-85,1350,700,3.393787060185389,13.465118850236616
255,1100,700,63.42777065197725,-85,-85,-85,-85,1350,700,16.858905910422003,13.465118850236616
256,1100,700,63.42777065197725,-85,-85,-85,-85,1350,700,30.324024760658617,13.465118850236616
257,1100,700,63.42777065197725,-85,-85,-85,-85,1350,700,43.78914361089523,13.465118850236616
258,1100,700,63.42777065197725,-85,-85,-85,-85,1350,700,57.254262461131844,13.465118850236616
259,1100,700,63.42777065197725,-85,-85,-85,-85,1350,700,70.71938131136847,13.465118850236616
260,1100,700,63.42777065197725,-85,-85,-85,-85,1350,700,84.18450016160509,13.465118850236616
261,1100,700,63.42777065197725,-85,-85,-85,-85,1350,700,97.64961901184171,13.465118850236616
262,1100,700,63.42777065197725,-85,-85,-85,-85,1350,700,111.11473786207833,13.465118850236616
263,1100,700,63.42777065197725,-85,-85,-85,-85,1350,700,124.57985671231495,13.465118850236616
264,1100,700,63.42777065197725,-85,-85,-85,-85,1350,700,138.04497556255157,13.465118850236616
265,1100,700,63.42777065197725,-85,-85,11.505794098357505,17.513155499392102,1350,700,151.5100944127882,13.465118850236616
266,1100,700,63.42777065197725,-85,-85,23.06730250275713,23.769789312347285,1350,700,164.9752132630248,13.465118850236616
267,1100,700,63.42777065197725,-85,-85,25.26334459461691,25.536951728381826,1350,700,178.44033211326143,13.465118850236616
268,1100,700,63.42777065197725,-85,-85,26.053745949214605,26.077602459396946,1350,700,191.90545096349805,13.465118850236616
269,1100,700,63.42777065197725,-85,-85,25.859665714847075,25.684904084789977,1350,700,205.37056981373468,13.465118850236616
270,1100,700,63.42777065197725,-85,-85,24.495315191602927,23.97102224645776,1350,700,218.8356886639713,13.465118850236616
271,1100,700,63.42777065197725,-85,-85,20.97742610025735,19.25639156218219,1350,700,232.30080751420792,13.465118850236616
272,1100,700,63.42777065197725,-85,-85,-85,-85,1350,700,245.76592636444454,13.465118850236616
273,1100,700,63.42777065197725,-85,-85,-85,-85,1350,700,259.23104521468116,13.465118850236616
274,1100,700,63.42777065197725,-85,-85,-85,-85,1350,700,272.69616406491775,13.465118850236616
275,1100,700,63.42777065197725,-85,-85,-85,-85,1350,700,286.16128291515435,13.465118850236616
276,1100,700,63.42777065197725,-85,-85,-85,-85,1350,700,299.62640176539094,13.465118850236616
277,1100,700,63.42777065197725,-85,-85,-85,-85,1350,700,313.09152061562753,13.465118850236616
278,1100,700,63.42777065197725,-85,-85,-85,-85,1350,700,326.5566394658641,13.465118850236616
279,1100,700,63.42777065197725,-85,-85,-85,-85,1350,700,340.0217583161007,13.465118850236616
280,1100,700,63.42777065197725,-85,-85,-85,-85,1350,700,353.4868771663373,13.465118850236616
281,1100,700,63.42777065197725,-85,-85,-85,-85,1350,700,6.951996016573901,13.465118850236616
282,1100,700,63.42777065197725,-85,-85,-85,-85,1350,700,20.417114866810515,13.465118850236616
283,1100,700,63.42777065197725,-85,-85,-85,-85,1350,700,33.88223371704713,13.465118850236616
284,1100,700,63.42777065197725,-85,-85,-85,-85,1350,700,47.34735256728374,13.465118850236616
285,1100,700,63.42777065197725,-85,-85,-85,-85,1350,700,60.81247141752036,13.465118850236616
286,1100,700,63.42777065197725,-85,-85,-85,-85,1350,700,74.27759026775698,13.465118850236616
287,1100,700,63.42777065197725,-85,-85,-85,-85,1350,700,87.7427091179936,13.465118850236616
288,1100,700,63.42777065197725,-85,-85,-85,-85,1350,700,101.20782796823022,13.465118850236616
289,1100,700,63.42777065197725,-85,-85,-85,-85,1350,700,114.67294681846684,13.465118850236616
290,1100,700,63.42777065197725,-85,-85,-85,-85,1350,700,128.13806566870346,13.465118850236616
291,1100,700,63.42777065197725,-85,-85,-85,-85,1350,700,141.60318451894008,13.465118850236616
292,1100,700,63.42777065197725,-85,-85,18.47430475951294,20.48098321025059,1350,700,155.0683033691767,13.465118850236616
293,1100,700,63.42777065197725,-85,-85,23.769789312347285,24.33271141113945,1350,700,168.53342221941332,13.465118850236616
294,1100,700,63.42777065197725,-85,-85,25.614204328866276,25.80746062382631,1350,700,181.99854106964995,13.465118850236616
295,1100,700,63.42777065197725,-85,-85,26.077602459396946,26.067010357935978,1350,700,195.46365991988657,13.465118850236616
296,1100,700,63.42777065197725,-85,-85,25.614204328866276,25.361807294499556,1350,700,208.9287787701232,13.465118850236616
297,1100,700,63.42777065197725,-85,-85,23.97102224645776,23.319699537123853,1350,700,222.3938976203598,13.465118850236616
298,1100,700,63.42777065197725,-85,-85,18.474304759512954,14.513447644213265,1350,700,235.85901647059643,13.465118850236616
299,1100,700,63.42777065197725,-85,-85,-85,-85,1350,700,249.32413532083305,13.465118850236616
300,1100,700,63.42777065197725,-85,-85,-85,-85,1350,700,262.7892541710697,13.465118850236616
301,1100,700,63.42777065197725,-85,-85,-85,-85,1350,700,276.25437302130626,13.465118850236616
302,1100,700,63.42777065197725,-85,-85,-85,-85,1350,700,289.71949187154286,13.465118850236616
303,1100,700,63.42777065197725,-85,-85,-85,-85,1350,700,303.18461072177945,13.465118850236616
304,1100,700,63.42777065197725,-85,-85,-85,-85,1350,700,316.64972957201604,13.465118850236616
305,1100,700,63.42777065197725,-85,-85,-85,-85,1350,700,330.11484842225263,13.465118850236616
306,1100,700,63.42777065197725,-85,-85,-85,-85,1350,700,343.5799672724892,13.465118850236616
307,1100,700,63.42777065197725,-85,-85,-85,-85,1350,700,357.0450861227258,13.465118850236616
308,1100,700,63.42777065197725,-85,-85,-85,-85,1350,700,10.510204972962413,13.465118850236616
309,1100,700,63.42777065197725,-85,-85,-85,-85,1350,700,23.975323823199027,13.465118850236616
310,1100,700,63.42777065197725,-85,-85,-85,-85,1350,700,37.44044267343564,13.465118850236616
311,1100,700,63.42777065197725,-85,-85,-85,-85,1350,700,50.905561523672255,13.465118850236616
312,1100,700,63.42777065197725,-85,-85,-85,-85,1350,700,64.37068037390887,13.465118850236616
313,1100,700,63.42777065197725,-85,-85,-85,-85,1350,700,77.83579922414549,13.465118850236616
314,1100,700,63.42777065197725,-85,-85,-85,-85,1350,700,91.30091807438211,13.465118850236616
315,1100,700,63.42777065197725,-85,-85,-85,-85,1350,700,104.76603692461873,13.465118850236616
316,1100,700,63.42777065197725,-85,-85,-85,-85,1350,700,118.23115577485535,13.465118850236616
317,1100,700,63.42777065197725,-85,-85,-85,-85,1350,700,131.69627462509197,13.465118850236616
318,1100,700,63.42777065197725,-85,-85,-85,-85,1350,700,145.1613934753286,13.465118850236616
319,1100,700,63.42777065197725,-85,-85,20.48098321025059,21.813356630230874,1350,700,158.62651232556522,13.465118850236616
320,1100,700,63.42777065197725,-85,-85,24.495315191602927,24.92014212493214,1350,700,172.09163117580184,13.465118850236616
321,1100,700,63.42777065197725,-85,-85,25.80746062382631,25.946643644493044,1350,700,185.55675002603846,13.465118850236616
322,1100,700,63.42777065197725,-85,-85,26.053745949214605,25.9816463993744,1350,700,199.02186887627508,13.465118850236616
323,1100,700,63.42777065197725,-85,-85,25.361807294499556,25.042923900792417,1350,700,212.4869877265117,13.465118850236616
324,1100,700,63.42777065197725,-85,-85,23.067302502757133,22.170735458799452,1350,700,225.95210657674832,13.465118850236616
325,1100,700,63.42777065197725,-85,-85,14.513447644213265,-85,1350,700,239.41722542698494,13.465118850236616
326,1100,700,63.42777065197725,-85,-85,-85,-85,1350,700,252.88234427722156,13.465118850236616
327,1100,700,63.42777065197725,-85,-85,-85,-85,1350,700,266.3474631274582,13.465118850236616
328,1100,700,63.42777065197725,-85,-85,-85,-85,1350,700,279.8125819776948,13.465118850236616
329,1100,700,63.42777065197725,-85,-85,-85,-85,1350,700,293.27770082793137,13.465118850236616
330,1100,700,63.42777065197725,-85,-85,-85,-85,1350,700,306.74281967816796,13.465118850236616
331,1100,700,63.42777065197725,-85,-85,-85,-85,1350,700,320.20793852840455,13.465118850236616
332,1100,700,63.42777065197725,-85,-85,-85,-85,1350,700,333.67305737864115,13.465118850236616
333,1100,700,63.42777065197725,-85,-85,-85,-85,1350,700,347.13817622887774,13.465118850236616
334,1100,700,63.42777065197725,-85,-85,-85,-85,1350,700,0.6032950791143321,13.465118850236616
335,1100,700,63.42777065197725,-85,-85,-85,-85,1350,700,14.068413929350948,13.465118850236616
336,1100,700,63.42777065197725,-85,-85,-85,-85,1350,700,27.533532779587564,13.465118850236616
337,1100,700,63.42777065197725,-85,-85,-85,-85,1350,700,40.99865162982418,13.465118850236616
338,1100,700,63.42777065197725,-85,-85,-85,-85,1350,700,54.463770480060795,13.465118850236616
339,1100,700,63.42777065197725,-85,-85,-85,-85,1350,700,67.92888933029741,13.465118850236616
340,1100,700,63.42777065197725,-85,-85,-85,-85,1350,700,81.39400818053403,13.465118850236616
341,1100,700,63.42777065197725,-85,-85,-85,-85,1350,700,94.85912703077065,13.465118850236616
342,1100,700,63.42777065197725,-85,-85,-85,-85,1350,700,108.32424588100727,13.465118850236616
343,1100,700,63.42777065197725,-85,-85,-85,-85,1350,700,121.7893647312439,13.465118850236616
344,1100,700,63.42777065197725,-85,-85,-85,-85,1350,700,135.2544835814805,13.465118850236616
345,1100,700,63.42777065197725,-85,-85,-85,14.513447644213304,1350,700,148.71960243171714,13.465118850236616
346,1100,700,63.42777065197725,-85,-85,22.170735458799452,23.06730250275713,1350,700,162.18472128195376,13.465118850236616
347,1100,700,63.42777065197725,-85,-85,24.92014212493214,25.26334459461691,1350,700,175.64984013219038,13.465118850236616
348,1100,700,63.42777065197725,-85,-85,25.9816463993744,26.053745949214605,1350,700,189.114958982427,13.465118850236616
349,1100,700,63.42777065197725,-85,-85,25.9816463993744,25.859665714847075,1350,700,202.58007783266362,13.465118850236616
350,1100,700,63.42777065197725,-85,-85,24.92014212493214,24.495315191602927,1350,700,216.04519668290024,13.465118850236616
351,1100,700,63.42777065197725,-85,-85,22.170735458799452,20.97742610025735,1350,700,229.51031553313686,13.465118850236616
352,1100,700,63.42777065197725,-85,-85,-85,-85,1350,700,242.97543438337348,13.465118850236616
353,1100,700,63.42777065197725,-85,-85,-85,-85,1350,700,256.4405532336101,13.465118850236616
354,1100,700,63.42777065197725,-85,-85,-85,-85,1350,700,269.9056720838467,13.465118850236616
355,1100,700,63.42777065197725,-85,-85,-85,-85,1350,700,283.3707909340833,13.465118850236616
356,1100,700,63.42777065197725,-85,-85,-85,-85,1350,700,296.8359097843199,13.465118850236616
357,1100,700,63.42777065197725,-85,-85,-85,-85,1350,700,310.3010286345565,13.465118850236616
358,1100,700,63.42777065197725,-85,-85,-85,-85,1350,700,323.76614748479307,13.465118850236616
359,1100,700,63.42777065197725,-85,-85,-85,-85,1350,700,337.23126633502966,13.465118850236616
360,1100,700,63.42777065197725,-85,-85,-85,-85,1350,700,350.69638518526625,13.465118850236616
361,1100,700,63.42777065197725,-85,-85,-85,-85,1350,700,4.161504035502844,13.465118850236616
362,1100,700,63.42777065197725,-85,-85,-85,-85,1350,700,17.626622885739458,13.465118850236616
363,1100,700,63.42777065197725,-85,-85,-85,-85,1350,700,31.091741735976072,13.465118850236616
364,1100,700,63.42777065197725,-85,-85,-85,-85,1350,700,44.556860586212686,13.465118850236616
365,1100,700,63.42777065197725,-85,-85,-85,-85,1350,700,58.0219794364493,13.465118850236616
366,1100,700,63.42777065197725,-85,-85,-85,-85,1350,700,71.48709828668592,13.465118850236616
367,1100,700,63.42777065197725,-85,-85,-85,-85,1350,700,84.95221713692254,13.465118850236616
368,1100,700,63.42777065197725,-85,-85,-85,-85,1350,700,98.41733598715916,13.465118850236616
369,1100,700,63.42777065197725,-85,-85,-85,-85,1350,700,111.88245483739578,13.465118850236616
370,1100,700,63.42777065197725,-85,-85,-85,-85,1350,700,125.3475736876324,13.465118850236616
371,1100,700,63.42777065197725,-85,-85,-85,-85,1350,700,138.81269253786903,13.465118850236616
372,1100,700,63.42777065197725,-85,-85,14.513447644213304,18.47430475951294,1350,700,152.27781138810565,13.465118850236616
373,1100,700,63.42777065197725,-85,-85,23.31969953712386,23.971022246457757,1350,700,165.74293023834227,13.465118850236616
374,1100,700,63.42777065197725,-85,-85,25.36180729449956,25.614204328866276,1350,700,179.2080490885789,13.465118850236616
375,1100,700,63.42777065197725,-85,-85,26.067010357935978,26.077602459396946,1350,700,192.6731679388155,13.465118850236616
376,1100,700,63.42777065197725,-85,-85,25.807460623826316,25.614204328866276,1350,700,206.13828678905213,13.465118850236616
377,1100,700,63.42777065197725,-85,-85,24.495315191602927,23.97102224645776,1350,700,219.60340563928875,13.465118850236616
378,1100,700,63.42777065197725,-85,-85,20.48098321025059,18.474304759512954,1350,700,233.06852448952537,13.465118850236616
379,1100,700,63.42777065197725,-85,-85,-85,-85,1350,700,246.533643339762,13.465118850236616
380,1100,700,63.42777065197725,-85,-85,-85,-85,1350,700,259.9987621899986,13.465118850236616
381,1100,700,63.42777065197725,-85,-85,-85,-85,1350,700,273.4638810402352,13.465118850236616
382,1100,700,63.42777065197725,-85,-85,-85,-85,1350,700,286.9289998904718,13.465118850236616
383,1100,700,63.42777065197725,-85,-85,-85,-85,1350,700,300.3941187407084,13.465118850236616
384,1100,700,63.42777065197725,-85,-85,-85,-85,1350,700,313.859237590945,13.465118850236616
385,1100,700,63.42777065197725,-85,-85,-85,-85,1350,700,327.3243564411816,13.465118850236616
386,1100,700,63.42777065197725,-85,-85,-85,-85,1350,700,340.78947529141817,13.465118850236616
387,1100,700,63.42777065197725,-85,-85,-85,-85,1350,700,354.25459414165476,13.465118850236616
388,1100,700,63.42777065197725,-85,-85,-85,-85,1350,700,7.719712991891356,13.465118850236616
389,1100,700,63.42777065197725,-85,-85,-85,-85,1350,700,21.18483184212797,13.465118850236616
390,1100,700,63.42777065197725,-85,-85,-85,-85,1350,700,34.649950692364584,13.465118850236616
391,1100,700,63.42777065197725,-85,-85,-85,-85,1350,700,48.1150695426012,13.465118850236616
392,1100,700,63.42777065197725,-85,-85,-85,-85,1350,700,61.58018839283781,13.465118850236616
393,1100,700,63.42777065197725,-85,-85,-85,-85,1350,700,75.04530724307443,13.465118850236616
394,1100,700,63.42777065197725,-85,-85,-85,-85,1350,700,88.51042609331105,13.465118850236616
395,1100,700,63.42777065197725,-85,-85,-85,-85,1350,700,101.97554494354767,13.465118850236616
396,1100,700,63.42777065197725,-85,-85,-85,-85,1350,700,115.4406637937843,13.465118850236616
397,1100,700,63.42777065197725,-85,-85,-85,-85,1350,700,128.90578264402092,13.465118850236616
398,1100,700,63.42777065197725,-85,-85,-85,-85,1350,700,142.37090149425754,13.465118850236616
399,1100,700,63.42777065197725,-85,-85,19.25639156218217,20.97742610025734,1350,700,155.83602034449416,13.465118850236616
400,1100,700,63.42777065197725,-85,-85,23.971022246457757,24.495315191602927,1350,700,169.30113919473078,13.465118850236616
401,1100,700,63.42777065197725,-85,-85,25.684904084789974,25.859665714847075,1350,700,182.7662580449674,13.465118850236616
402,1100,700,63.42777065197725,-85,-85,26.077602459396946,26.053745949214605,1350,700,196.23137689520402,13.465118850236616
403,1100,700,63.42777065197725,-85,-85,25.536951728381826,25.361807294499556,1350,700,209.69649574544064,13.465118850236616
404,1100,700,63.42777065197725,-85,-85,23.769789312347285,23.067302502757133,1350,700,223.16161459567726,13.465118850236616
405,1100,700,63.42777065197725,-85,-85,18.474304759512954,14.513447644213265,1350,700,236.62673344591389,13.465118850236616
406,1100,700,63.42777065197725,-85,-85,-85,-85,1350,700,250.0918522961505,13.465118850236616
407,1100,700,63.42777065197725,-85,-85,-85,-85,1350,700,263.5569711463871,13.465118850236616
408,1100,700,63.42777065197725,-85,-85,-85,-85,1350,700,277.0220899966237,13.465118850236616
409,1100,700,63.42777065197725,-85,-85,-85,-85,1350,700,290.4872088468603,13.465118850236616
410,1100,700,63.42777065197725,-85,-85,-85,-85,1350,700,303.9523276970969,13.465118850236616
411,1100,700,63.42777065197725,-85,-85,-85,-85,1350,700,317.4174465473335,13.465118850236616
412,1100,700,63.42777065197725,-85,-85,-85,-85,1350,700,330.8825653975701,13.465118850236616
413,1100,700,63.42777065197725,-85,-85,-85,-85,1350,700,344.3476842478067,13.465118850236616
414,1100,700,63.42777065197725,-85,-85,-85,-85,1350,700,357.8128030980433,13.465118850236616
415,1100,700,63.42777065197725,-85,-85,-85,-85,1350,700,11.277921948279868,13.465118850236616
416,1100,700,63.42777065197725,-85,-85,-85,-85,1350,700,24.743040798516482,13.465118850236616
417,1100,700,63.42777065197725,-85,-85,-85,-85,1350,700,38.208159648753096,13.465118850236616
418,1100,700,63.42777065197725,-85,-85,-85,-85,1350,700,51.67327849898971,13.465118850236616
419,1100,700,63.42777065197725,-85,-85,-85,-85,1350,700,65.13839734922632,13.465118850236616
420,1100,700,63.42777065197725,-85,-85,-85,-85,1350,700,78.60351619946294,13.465118850236616
421,1100,700,63.42777065197725,-85,-85,-85,-85,1350,700,92.06863504969957,13.465118850236616
422,1100,700,63.42777065197725,-85,-85,-85,-85,1350,700,105.53375389993619,13.465118850236616
423,1100,700,63.42777065197725,-85,-85,-85,-85,1350,700,118.99887275017281,13.465118850236616
424,1100,700,63.42777065197725,-85,-85,-85,-85,1350,700,132.46399160040943,13.465118850236616
425,1100,700,63.42777065197725,-85,-85,-85,-85,1350,700,145.92911045064605,13.465118850236616
426,1100,700,63.42777065197725,-85,-85,20.97742610025734,22.170735458799452,1350,700,159.39422930088267,13.465118850236616
427,1100,700,63.42777065197725,-85,-85,24.646943359767004,25.042923900792417,1350,700,172.8593481511193,13.465118850236616
428,1100,700,63.42777065197725,-85,-85,25.859665714847075,25.9816463993744,1350,700,186.3244670013559,13.465118850236616
429,1100,700,63.42777065197725,-85,-85,26.035130213615616,25.946643644493044,1350,700,199.78958585159253,13.465118850236616
430,1100,700,63.42777065197725,-85,-85,25.263344594616918,24.92014212493214,1350,700,213.25470470182916,13.465118850236616
431,1100,700,63.42777065197725,-85,-85,22.793695368992225,21.81335663023087,1350,700,226.71982355206578,13.465118850236616
432,1100,700,63.42777065197725,-85,-85,11.50579409835762,-85,1350,700,240.1849424023024,13.465118850236616
433,1100,700,63.42777065197725,-85,-85,-85,-85,1350,700,253.65006125253902,13.465118850236616
434,1100,700,63.42777065197725,-85,-85,-85,-85,1350,700,267.11518010277564,13.465118850236616
435,1100,700,63.42777065197725,-85,-85,-85,-85,1350,700,280.58029895301223,13.465118850236616
436,1100,700,63.42777065197725,-85,-85,-85,-85,1350,700,294.0454178032488,13.465118850236616
437,1100,700,63.42777065197725,-85,-85,-85,-85,1350,700,307.5105366534854,13.465118850236616
438,1100,700,63.42777065197725,-85,-85,-85,-85,1350,700,320.975655503722,13.465118850236616
439,1100,700,63.42777065197725,-85,-85,-85,-85,1350,700,334.4407743539586,13.465118850236616
440,1100,700,63.42777065197725,-85,-85,-85,-85,1350,700,347.9058932041952,13.465118850236616
441,1100,700,63.42777065197725,-85,-85,-85,-85,1350,700,1.3710120544317874,13.465118850236616
442,1100,700,63.42777065197725,-85,-85,-85,-85,1350,700,14.836130904668403,13.465118850236616
443,1100,700,63.42777065197725,-85,-85,-85,-85,1350,700,28.30124975490502,13.465118850236616
444,1100,700,63.42777065197725,-85,-85,-85,-85,1350,700,41.766368605141636,13.465118850236616
445,1100,700,63.42777065197725,-85,-85,-85,-85,1350,700,55.23148745537825,13.465118850236616
446,1100,700,63.42777065197725,-85,-85,-85,-85,1350,700,68.69660630561486,13.465118850236616
447,1100,700,63.42777065197725,-85,-85,-85,-85,1350,700,82.16172515585149,13.465118850236616
448,1100,700,63.42777065197725,-85,-85,-85,-85,1350,700,95.6268440060881,13.465118850236616
449,1100,700,63.42777065197725,-85,-85,-85,-85,1350,700,109.09196285632473,13.465118850236616
450,1100,700,63.42777065197725,-85,-85,-85,-85,1350,700,122.55708170656135,13.465118850236616
451,1100,700,63.42777065197725,-85,-85,-85,-85,1350,700,136.02220055679797,13.465118850236616
452,1100,700,63.42777065197725,-85,-85,-85,14.513447644213304,1350,700,149.4873194070346,13.465118850236616
453,1100,700,63.42777065197725,-85,-85,22.496022074683278,23.31969953712386,1350,700,162.9524382572712,13.465118850236616
454,1100,700,63.42777065197725,-85,-85,25.042923900792417,25.36180729449956,1350,700,176.41755710750783,13.465118850236616
455,1100,700,63.42777065197725,-85,-85,26.011117049096303,26.067010357935978,1350,700,189.88267595774445,13.465118850236616
456,1100,700,63.42777065197725,-85,-85,25.946643644493044,25.807460623826316,1350,700,203.34779480798107,13.465118850236616
457,1100,700,63.42777065197725,-85,-85,24.788337040832293,24.332711411139446,1350,700,216.8129136582177,13.465118850236616
458,1100,700,63.42777065197725,-85,-85,21.81335663023087,20.48098321025059,1350,700,230.27803250845432,13.465118850236616
459,1100,700,63.42777065197725,-85,-85,-85,-85,1350,700,243.74315135869094,13.465118850236616
460,1100,700,63.42777065197725,-85,-85,-85,-85,1350,700,257.20827020892756,13.465118850236616
461,1100,700,63.42777065197725,-85,-85,-85,-85,1350,700,270.67338905916415,13.465118850236616
462,1100,700,63.42777065197725,-85,-85,-85,-85,1350,700,284.13850790940074,13.465118850236616
463,1100,700,63.42777065197725,-85,-85,-85,-85,1350,700,297.60362675963734,13.465118850236616
464,1100,700,63.42777065197725,-85,-85,-85,-85,1350,700,311.06874560987393,13.465118850236616
465,1100,700,63.42777065197725,-85,-85,-85,-85,1350,700,324.5338644601105,13.465118850236616
466,1100,700,63.42777065197725,-85,-85,-85,-85,1350,700,337.9989833103471,13.465118850236616
467,1100,700,63.42777065197725,-85,-85,-85,-85,1350,700,351.4641021605837,13.465118850236616
468,1100,700,63.42777065197725,-85,-85,-85,-85,1350,700,4.929221010820299,13.465118850236616
469,1100,700,63.42777065197725,-85,-85,-85,-85,1350,700,18.394339861056913,13.465118850236616
470,1100,700,63.42777065197725,-85,-85,-85,-85,1350,700,31.859458711293527,13.465118850236616
471,1100,700,63.42777065197725,-85,-85,-85,-85,1350,700,45.32457756153014,13.465118850236616
472,1100,700,63.42777065197725,-85,-85,-85,-85,1350,700,58.789696411766755,13.465118850236616
473,1100,700,63.42777065197725,-85,-85,-85,-85,1350,700,72.25481526200338,13.465118850236616
474,1100,700,63.42777065197725,-85,-85,-85,-85,1350,700,85.71993411224,13.465118850236616
475,1100,700,63.42777065197725,-85,-85,-85,-85,1350,700,99.18505296247662,13.465118850236616
476,1100,700,63.42777065197725,-85,-85,-85,-85,1350,700,112.65017181271324,13.465118850236616
477,1100,700,63.42777065197725,-85,-85,-85,-85,1350,700,126.11529066294986,13.465118850236616
478,1100,700,63.42777065197725,-85,-85,-85,-85,1350,700,139.58040951318648,13.465118850236616
479,1100,700,63.42777065197725,-85,-85,16.269948115724727,19.25639156218217,1350,700,153.0455283634231,13.465118850236616
480,1100,700,63.42777065197725,-85,-85,23.31969953712386,23.971022246457757,1350,700,166.51064721365972,13.465118850236616
481,1100,700,63.42777065197725,-85,-85,25.452908776355446,25.684904084789974,1350,700,179.97576606389634,13.465118850236616
482,1100,700,63.42777065197725,-85,-85,26.067010357935978,26.077602459396946,1350,700,193.44088491413297,13.465118850236616
483,1100,700,63.42777065197725,-85,-85,25.7492610641292,25.536951728381826,1350,700,206.9060037643696,13.465118850236616
484,1100,700,63.42777065197725,-85,-85,24.332711411139446,23.769789312347285,1350,700,220.3711226146062,13.465118850236616
485,1100,700,63.42777065197725,-85,-85,19.914354227256315,17.51315549939211,1350,700,233.83624146484283,13.465118850236616
486,1100,700,63.42777065197725,-85,-85,-85,-85,1350,700,247.30136031507945,13.465118850236616
487,1100,700,63.42777065197725,-85,-85,-85,-85,1350,700,260.76647916531607,13.465118850236616
488,1100,700,63.42777065197725,-85,-85,-85,-85,1350,700,274.23159801555266,13.465118850236616
489,1100,700,63.42777065197725,-85,-85,-85,-85,1350,700,287.69671686578926,13.465118850236616
490,1100,700,63.42777065197725,-85,-85,-85,-85,1350,700,301.16183571602585,13.465118850236616
491,1100,700,63.42777065197725,-85,-85,-85,-85,1350,700,314.62695456626244,13.465118850236616
492,1100,700,63.42777065197725,-85,-85,-85,-85,1350,700,328.09207341649903,13.465118850236616
493,1100,700,63.42777065197725,-85,-85,-85,-85,1350,700,341.5571922667356,13.465118850236616
494,1100,700,63.42777065197725,-85,-85,-85,-85,1350,700,355.0223111169722,13.465118850236616
495,1100,700,63.42777065197725,-85,-85,-85,-85,1350,700,8.487429967208811,13.465118850236616
496,1100,700,63.42777065197725,-85,-85,-85,-85,1350,700,21.952548817445425,13.465118850236616
497,1100,700,63.42777065197725,-85,-85,-85,-85,1350,700,35.41766766768204,13.465118850236616
498,1100,700,63.42777065197725,-85,-85,-85,-85,1350,700,48.88278651791865,13.465118850236616
499,1100,700,63.42777065197725,-85,-85,-85,-85,1350,700,62.34790536815527,13.465118850236616
500,1100,700,63.42777065197725,-85,-85,-85,-85,1350,700,75.81302421839189,13.465118850236616
501,1100,700,63.42777065197725,-85,-85,-85,-85,1350,700,89.27814306862851,13.465118850236616
502,1100,700,63.42777065197725,-85,-85,-85,-85,1350,700,102.74326191886513,13.465118850236616
503,1100,700,63.42777065197725,-85,-85,-85,-85,1350,700,116.20838076910175,13.465118850236616
504,1100,700,63.42777065197725,-85,-85,-85,-85,1350,700,129.67349961933837,13.465118850236616
505,1100,700,63.42777065197725,-85,-85,-85,-85,1350,700,143.138618469575,13.465118850236616
506,1100,700,63.42777065197725,-85,-85,19.25639156218217,20.97742610025734,1350,700,156.60373731981161,13.465118850236616
507,1100,700,63.42777065197725,-85,-85,24.1582774269213,24.646943359767004,1350,700,170.06885617004824,13.465118850236616
508,1100,700,63.42777065197725,-85,-85,25.684904084789974,25.859665714847075,1350,700,183.53397502028486,13.465118850236616
509,1100,700,63.42777065197725,-85,-85,26.074956048612798,26.035130213615616,1350,700,196.99909387052148,13.465118850236616
510,1100,700,63.42777065197725,-85,-85,25.536951728381826,25.263344594616918,1350,700,210.4642127207581,13.465118850236616
511,1100,700,63.42777065197725,-85,-85,23.553218972269416,22.793695368992225,1350,700,223.92933157099472,13.465118850236616
512,1100,700,63.42777065197725,-85,-85,17.51315549939211,11.50579409835762,1350,700,237.39445042123134,13.465118850236616
513,1100,700,63.42777065197725,-85,-85,-85,-85,1350,700,250.85956927146796,13.465118850236616
514,1100,700,63.42777065197725,-85,-85,-85,-85,1350,700,264.3246881217046,13.465118850236616
515,1100,700,63.42777065197725,-85,-85,-85,-85,1350,700,277.7898069719412,13.465118850236616
516,1100,700,63.42777065197725,-85,-85,-85,-85,1350,700,291.25492582217777,13.465118850236616
517,1100,700,63.42777065197725,-85,-85,-85,-85,1350,700,304.72004467241436,13.465118850236616
518,1100,700,63.42777065197725,-85,-85,-85,-85,1350,700,318.18516352265095,13.465118850236616
519,1100,700,63.42777065197725,-85,-85,-85,-85,1350,700,331.65028237288755,13.465118850236616
520,1100,700,63.42777065197725,-85,-85,-85,-85,1350,700,345.11540122312414,13.465118850236616
521,1100,700,63.42777065197725,-85,-85,-85,-85,1350,700,358.58052007336073,13.465118850236616
522,1100,700,63.42777065197725,-85,-85,-85,-85,1350,700,12.045638923597323,13.465118850236616
523,1100,700,63.42777065197725,-85,-85,-85,-85,1350,700,25.510757773833937,13.465118850236616
524,1100,700,63.42777065197725,-85,-85,-85,-85,1350,700,38.97587662407055,13.465118850236616
525,1100,700,63.42777065197725,-85,-85,-85,-85,1350,700,52.440995474307165,13.465118850236616
526,1100,700,63.42777065197725,-85,-85,-85,-85,1350,700,65.90611432454378,13.465118850236616
527,1100,700,63.42777065197725,-85,-85,-85,-85,1350,700,79.3712331747804,13.465118850236616
528,1100,700,63.42777065197725,-85,-85,-85,-85,1350,700,92.83635202501702,13.465118850236616
529,1100,700,63.42777065197725,-85,-85,-85,-85,1350,700,106.30147087525364,13.465118850236616
530,1100,700,63.42777065197725,-85,-85,-85,-85,1350,700,119.76658972549026,13.465118850236616
531,1100,700,63.42777065197725,-85,-85,-85,-85,1350,700,133.23170857572688,13.465118850236616
532,1100,700,63.42777065197725,-85,-85,-85,-85,1350,700,146.6968274259635,13.465118850236616
533,1100,700,63.42777065197725,-85,-85,21.41811930585211,22.496022074683278,1350,700,160.16194627620013,13.465118850236616
534,1100,700,63.42777065197725,-85,-85,24.646943359767004,25.042923900792417,1350,700,173.62706512643675,13.465118850236616
535,1100,700,63.42777065197725,-85,-85,25.906018829630398,26.011117049096303,1350,700,187.09218397667337,13.465118850236616
536,1100,700,63.42777065197725,-85,-85,26.035130213615616,25.946643644493044,1350,700,200.55730282691,13.465118850236616
537,1100,700,63.42777065197725,-85,-85,25.157178905256924,24.788337040832293,1350,700,214.0224216771466,13.465118850236616
538,1100,700,63.42777065197725,-85,-85,22.793695368992225,21.81335663023087,1350,700,227.48754052738323,13.465118850236616
539,1100,700,63.42777065197725,-85,-85,-85,-85,1350,700,240.95265937761985,13.465118850236616
540,1100,700,63.42777065197725,-85,-85,-85,-85,1350,700,254.41777822785647,13.465118850236616
541,1100,700,63.42777065197725,-85,-85,-85,-85,1350,700,267.8828970780931,13.465118850236616
542,1100,700,63.42777065197725,-85,-85,-85,-85,1350,700,281.3480159283297,13.465118850236616
543,1100,700,63.42777065197725,-85,-85,-85,-85,1350,700,294.8131347785663,13.465118850236616
544,1100,700,63.42777065197725,-85,-85,-85,-85,1350,700,308.2782536288029,13.465118850236616
545,1100,700,63.42777065197725,-85,-85,-85,-85,1350,700,321.74337247903946,13.465118850236616
546,1100,700,63.42777065197725,-85,-85,-85,-85,1350,700,335.20849132927606,13.465118850236616
547,1100,700,63.42777065197725,-85,-85,-85,-85,1350,700,348.67361017951265,13.465118850236616
548,1100,700,63.42777065197725,-85,-85,-85,-85,1350,700,2.1387290297492427,13.465118850236616
549,1100,700,63.42777065197725,-85,-85,-85,-85,1350,700,15.603847879985858,13.465118850236616
550,1100,700,63.42777065197725,-85,-85,-85,-85,1350,700,29.068966730222474,13.465118850236616
551,1100,700,63.42777065197725,-85,-85,-85,-85,1350,700,42.53408558045909,13.465118850236616
552,1100,700,63.42777065197725,-85,-85,-85,-85,1350,700,55.999204430695706,13.465118850236616
553,1100,700,63.42777065197725,-85,-85,-85,-85,1350,700,69.46432328093232,13.465118850236616
554,1100,700,63.42777065197725,-85,-85,-85,-85,1350,700,82.92944213116894,13.465118850236616
555,1100,700,63.42777065197725,-85,-85,-85,-85,1350,700,96.39456098140556,13.465118850236616
556,1100,700,63.42777065197725,-85,-85,-85,-85,1350,700,109.85967983164218,13.465118850236616
557,1100,700,63.42777065197725,-85,-85,-85,-85,1350,700,123.3247986818788,13.465118850236616
558,1100,700,63.42777065197725,-85,-85,-85,-85,1350,700,136.78991753211542,13.465118850236616
559,1100,700,63.42777065197725,-85,-85,-85,16.269948115724727,1350,700,150.25503638235205,13.465118850236616
560,1100,700,63.42777065197725,-85,-85,22.793695368992218,23.553218972269416,1350,700,163.72015523258867,13.465118850236616
561,1100,700,63.42777065197725,-85,-85,25.157178905256924,25.452908776355446,1350,700,177.1852740828253,13.465118850236616
562,1100,700,63.42777065197725,-85,-85,26.011117049096303,26.067010357935978,1350,700,190.6503929330619,13.465118850236616
563,1100,700,63.42777065197725,-85,-85,25.906018829630398,25.7492610641292,1350,700,204.11551178329853,13.465118850236616
564,1100,700,63.42777065197725,-85,-85,24.788337040832293,24.332711411139446,1350,700,217.58063063353515,13.465118850236616
565,1100,700,63.42777065197725,-85,-85,21.418119305852123,19.914354227256315,1350,700,231.04574948377177,13.465118850236616
566,1100,700,63.42777065197725,-85,-85,-85,-85,1350,700,244.5108683340084,13.465118850236616
567,1100,700,63.42777065197725,-85,-85,-85,-85,1350,700,257.975987184245,13.465118850236616
568,1100,700,63.42777065197725,-85,-85,-85,-85,1350,700,271.4411060344816,13.465118850236616
569,1100,700,63.42777065197725,-85,-85,-85,-85,1350,700,284.9062248847182,13.465118850236616
570,1100,700,63.42777065197725,-85,-85,-85,-85,1350,700,298.3713437349548,13.465118850236616
571,1100,700,63.42777065197725,-85,-85,-85,-85,1350,700,311.8364625851914,13.465118850236616
572,1100,700,63.42777065197725,-85,-85,-85,-85,1350,700,325.301581435428,13.465118850236616
573,1100,700,63.42777065197725,-85,-85,-85,-85,1350,700,338.76670028566457,13.465118850236616
574,1100,700,63.42777065197725,-85,-85,-85,-85,1350,700,352.23181913590116,13.465118850236616
575,1100,700,63.42777065197725,-85,-85,-85,-85,1350,700,5.696937986137755,13.465118850236616
576,1100,700,63.42777065197725,-85,-85,-85,-85,1350,700,19.16205683637437,13.465118850236616
577,1100,700,63.42777065197725,-85,-85,-85,-85,1350,700,32.62717568661098,13.465118850236616
578,1100,700,63.42777065197725,-85,-85,-85,-85,1350,700,46.0922945368476,13.465118850236616
579,1100,700,63.42777065197725,-85,-85,-85,-85,1350,700,59.55741338708421,13.465118850236616
580,1100,700,63.42777065197725,-85,-85,-85,-85,1350,700,73.02253223732083,13.465118850236616
581,1100,700,63.42777065197725,-85,-85,-85,-85,1350,700,86.48765108755745,13.465118850236616
582,1100,700,63.42777065197725,-85,-85,-85,-85,1350,700,99.95276993779407,13.465118850236616
583,1100,700,63.42777065197725,-85,-85,-85,-85,1350,700,113.4178887880307,13.465118850236616
584,1100,700,63.42777065197725,-85,-85,-85,-85,1350,700,126.88300763826732,13.465118850236616
585,1100,700,63.42777065197725,-85,-85,-85,-85,1350,700,140.34812648850394,13.465118850236616
586,1100,700,63.42777065197725,-85,-85,17.513155499392102,19.91435422725632,1350,700,153.81324533874056,13.465118850236616
587,1100,700,63.42777065197725,-85,-85,23.553218972269416,24.1582774269213,1350,700,167.27836418897718,13.465118850236616
588,1100,700,63.42777065197725,-85,-85,25.536951728381826,25.7492610641292,1350,700,180.7434830392138,13.465118850236616
589,1100,700,63.42777065197725,-85,-85,26.074956048612798,26.074956048612798,1350,700,194.20860188945042,13.465118850236616
590,1100,700,63.42777065197725,-85,-85,25.684904084789977,25.536951728381826,1350,700,207.67372073968704,13.465118850236616
591,1100,700,63.42777065197725,-85,-85,24.1582774269213,23.553218972269416,1350,700,221.13883958992366,13.465118850236616
592,1100,700,63.42777065197725,-85,-85,19.914354227256315,17.51315549939211,1350,700,234.60395844016028,13.465118850236616
593,1100,700,63.42777065197725,-85,-85,-85,-85,1350,700,248.0690772903969,13.465118850236616
594,1100,700,63.42777065197725,-85,-85,-85,-85,1350,700,261.5341961406335,13.465118850236616
595,1100,700,63.42777065197725,-85,-85,-85,-85,1350,700,274.9993149908701,13.465118850236616
596,1100,700,63.42777065197725,-85,-85,-85,-85,1350,700,288.4644338411067,13.465118850236616
597,1100,700,63.42777065197725,-85,-85,-85,-85,1350,700,301.9295526913433,13.465118850236616
598,1100,700,63.42777065197725,-85,-85,-85,-85,1350,700,315.3946715415799,13.465118850236616
599,1100,700,63.42777065197725,-85,-85,-85,-85,1350,700,328.8597903918165,13.465118850236616
600,1100,700,63.42777065197725,-85,-85,-85,-85,1350,700,342.3249092420531,13.465118850236616
601,1100,700,63.42777065197725,-85,-85,-85,-85,1350,700,355.7900280922897,13.465118850236616
602,1100,700,63.42777065197725,-85,-85,-85,-85,1350,700,9.255146942526267,13.465118850236616
603,1100,700,63.42777065197725,-85,-85,-85,-85,1350,700,22.72026579276288,13.465118850236616
604,1100,700,63.42777065197725,-85,-85,-85,-85,1350,700,36.185384642999495,13.465118850236616
605,1100,700,63.42777065197725,-85,-85,-85,-85,1350,700,49.65050349323611,13.465118850236616
606,1100,700,63.42777065197725,-85,-85,-85,-85,1350,700,63.11562234347272,13.465118850236616
607,1100,700,63.42777065197725,-85,-85,-85,-85,1350,700,76.58074119370934,13.465118850236616
608,1100,700,63.42777065197725,-85,-85,-85,-85,1350,700,90.04586004394596,13.465118850236616
609,1100,700,63.42777065197725,-85,-85,-85,-85,1350,700,103.51097889418259,13.465118850236616
610,1100,700,63.42777065197725,-85,-85,-85,-85,1350,700,116.9760977444192,13.465118850236616
611,1100,700,63.42777065197725,-85,-85,-85,-85,1350,700,130.44121659465583,13.465118850236616
612,1100,700,63.42777065197725,-85,-85,-85,-85,1350,700,143.90633544489245,13.465118850236616
613,1100,700,63.42777065197725,-85,-85,19.91435422725632,21.41811930585211,1350,700,157.37145429512907,13.465118850236616
614,1100,700,63.42777065197725,-85,-85,24.33271141113945,24.78833704083229,1350,700,170.8365731453657,13.465118850236616
615,1100,700,63.42777065197725,-85,-85,25.7492610641292,25.906018829630398,1350,700,184.3016919956023,13.465118850236616
616,1100,700,63.42777065197725,-85,-85,26.067010357935978,26.011117049096303,1350,700,197.76681084583893,13.465118850236616
617,1100,700,63.42777065197725,-85,-85,25.452908776355446,25.157178905256924,1350,700,211.23192969607555,13.465118850236616
618,1100,700,63.42777065197725,-85,-85,23.319699537123853,22.793695368992225,1350,700,224.69704854631217,13.465118850236616
619,1100,700,63.42777065197725,-85,-85,16.269948115724716,-85,1350,700,238.1621673965488,13.465118850236616
620,1100,700,63.42777065197725,-85,-85,-85,-85,1350,700,251.62728624678542,13.465118850236616
621,1100,700,63.42777065197725,-85,-85,-85,-85,1350,700,265.09240509702204,13.465118850236616
622,1100,700,63.42777065197725,-85,-85,-85,-85,1350,700,278.55752394725863,13.465118850236616
623,1100,700,63.42777065197725,-85,-85,-85,-85,1350,700,292.0226427974952,13.465118850236616
624,1100,700,63.42777065197725,-85,-85,-85,-85,1350,700,305.4877616477318,13.465118850236616
625,1100,700,63.42777065197725,-85,-85,-85,-85,1350,700,318.9528804979684,13.465118850236616
626,1100,700,63.42777065197725,-85,-85,-85,-85,1350,700,332.417999348205,13.465118850236616
627,1100,700,63.42777065197725,-85,-85,-85,-85,1350,700,345.8831181984416,13.465118850236616
628,1100,700,63.42777065197725,-85,-85,-85,-85,1350,700,359.3482370486782,13.465118850236616
629,1100,700,63.42777065197725,-85,-85,-85,-85,1350,700,12.813355898914779,13.465118850236616
630,1100,700,63.42777065197725,-85,-85,-85,-85,1350,700,26.278474749151393,13.465118850236616
631,1100,700,63.42777065197725,-85,-85,-85,-85,1350,700,39.74359359938801,13.465118850236616
632,1100,700,63.42777065197725,-85,-85,-85,-85,1350,700,53.20871244962462,13.465118850236616
633,1100,700,63.42777065197725,-85,-85,-85,-85,1350,700,66.67383129986123,13.465118850236616
634,1100,700,63.42777065197725,-85,-85,-85,-85,1350,700,80.13895015009786,13.465118850236616
635,1100,700,63.42777065197725,-85,-85,-85,-85,1350,700,93.60406900033448,13.465118850236616
636,1100,700,63.42777065197725,-85,-85,-85,-85,1350,700,107.0691878505711,13.465118850236616
637,1100,700,63.42777065197725,-85,-85,-85,-85,1350,700,120.53430670080772,13.465118850236616
638,1100,700,63.42777065197725,-85,-85,-85,-85,1350,700,133.99942555104434,13.465118850236616
639,1100,700,63.42777065197725,-85,-85,-85,-85,1350,700,147.46454440128096,13.465118850236616
640,1100,700,63.42777065197725,-85,-85,21.813356630230874,22.793695368992218,1350,700,160.92966325151758,13.465118850236616
641,1100,700,63.42777065197725,-85,-85,24.78833704083229,25.157178905256924,1350,700,174.3947821017542,13.465118850236616
642,1100,700,63.42777065197725,-85,-85,25.946643644493044,26.035130213615616,1350,700,187.85990095199082,13.465118850236616
643,1100,700,63.42777065197725,-85,-85,26.011117049096303,25.906018829630398,1350,700,201.32501980222744,13.465118850236616
644,1100,700,63.42777065197725,-85,-85,25.042923900792417,24.646943359767004,1350,700,214.79013865246407,13.465118850236616
645,1100,700,63.42777065197725,-85,-85,22.496022074683278,21.418119305852123,1350,700,228.2552575027007,13.465118850236616
646,1100,700,63.42777065197725,-85,-85,-85,-85,1350,700,241.7203763529373,13.465118850236616
647,1100,700,63.42777065197725,-85,-85,-85,-85,1350,700,255.18549520317393,13.465118850236616
648,1100,700,63.42777065197725,-85,-85,-85,-85,1350,700,268.65061405341055,13.465118850236616
649,1100,700,63.42777065197725,-85,-85,-85,-85,1350,700,282.11573290364714,13.465118850236616
650,1100,700,63.42777065197725,-85,-85,-85,-85,1350,700,295.58085175388374,13.465118850236616
651,1100,700,63.42777065197725,-85,-85,-85,-85,1350,700,309.0459706041203,13.465118850236616
652,1100,700,63.42777065197725,-85,-85,-85,-85,1350,700,322.5110894543569,13.465118850236616
653,1100,700,63.42777065197725,-85,-85,-85,-85,1350,700,335.9762083045935,13.465118850236616
654,1100,700,63.42777065197725,-85,-85,-85,-85,1350,700,349.4413271548301,13.465118850236616
655,1100,700,63.42777065197725,-85,-85,-85,-85,1350,700,2.906446005066698,13.465118850236616
656,1100,700,63.42777065197725,-85,-85,-85,-85,1350,700,16.371564855303312,13.465118850236616
657,1100,700,63.42777065197725,-85,-85,-85,-85,1350,700,29.836683705539926,13.465118850236616
658,1100,700,63.42777065197725,-85,-85,-85,-85,1350,700,43.30180255577654,13.465118850236616
659,1100,700,63.42777065197725,-85,-85,-85,-85,1350,700,56.766921406013154,13.465118850236616
660,1100,700,63.42777065197725,-85,-85,-85,-85,1350,700,70.23204025624977,13.465118850236616
661,1100,700,63.42777065197725,-85,-85,-85,-85,1350,700,83.6971591064864,13.465118850236616
662,1100,700,63.42777065197725,-85,-85,-85,-85,1350,700,97.16227795672302,13.465118850236616
663,1100,700,63.42777065197725,-85,-85,-85,-85,1350,700,110.62739680695964,13.465118850236616
664,1100,700,63.42777065197725,-85,-85,-85,-85,1350,700,124.09251565719626,13.465118850236616
665,1100,700,63.42777065197725,-85,-85,-85,-85,1350,700,137.55763450743288,13.465118850236616
666,1100,700,63.42777065197725,-85,-85,11.505794098357505,17.513155499392102,1350,700,151.0227533576695,13.465118850236616
667,1100,700,63.42777065197725,-85,-85,22.793695368992218,23.553218972269416,1350,700,164.48787220790612,13.465118850236616
668,1100,700,63.42777065197725,-85,-85,25.26334459461691,25.536951728381826,1350,700,177.95299105814274,13.465118850236616
669,1100,700,63.42777065197725,-85,-85,26.035130213615616,26.074956048612798,1350,700,191.41810990837936,13.465118850236616
670,1100,700,63.42777065197725,-85,-85,25.859665714847075,25.684904084789977,1350,700,204.88322875861599,13.465118850236616
671,1100,700,63.42777065197725,-85,-85,24.646943359767004,24.1582774269213,1350,700,218.3483476088526,13.465118850236616
672,1100,700,63.42777065197725,-85,-85,20.97742610025735,19.25639156218219,1350,700,231.81346645908923,13.465118850236616
673,1100,700,63.42777065197725,-85,-85,-85,-85,1350,700,245.27858530932585,13.465118850236616
674,1100,700,63.42777065197725,-85,-85,-85,-85,1350,700,258.74370415956247,13.465118850236616
675,1100,700,63.42777065197725,-85,-85,-85,-85,1350,700,272.20882300979906,13.465118850236616
676,1100,700,63.42777065197725,-85,-85,-85,-85,1350,700,285.67394186003565,13.465118850236616
677,1100,700,63.42777065197725,-85,-85,-85,-85,1350,700,299.13906071027225,13.465118850236616
678,1100,700,63.42777065197725,-85,-85,-85,-85,1350,700,312.60417956050884,13.465118850236616
679,1100,700,63.42777065197725,-85,-85,-85,-85,1350,700,326.06929841074543,13.465118850236616
680,1100,700,63.42777065197725,-85,-85,-85,-85,1350,700,339.534417260982,13.465118850236616
681,1100,700,63.42777065197725,-85,-85,-85,-85,1350,700,352.9995361112186,13.465118850236616
682,1100,700,63.42777065197725,-85,-85,-85,-85,1350,700,6.46465496145521,13.465118850236616
683,1100,700,63.42777065197725,-85,-85,-85,-85,1350,700,19.929773811691824,13.465118850236616
684,1100,700,63.42777065197725,-85,-85,-85,-85,1350,700,33.39489266192844,13.465118850236616
685,1100,700,63.42777065197725,-85,-85,-85,-85,1350,700,46.86001151216505,13.465118850236616
686,1100,700,63.42777065197725,-85,-85,-85,-85,1350,700,60.325130362401666,13.465118850236616
687,1100,700,63.42777065197725,-85,-85,-85,-85,1350,700,73.79024921263829,13.465118850236616
688,1100,700,63.42777065197725,-85,-85,-85,-85,1350,700,87.25536806287491,13.465118850236616
689,1100,700,63.42777065197725,-85,-85,-85,-85,1350,700,100.72048691311153,13.465118850236616
690,1100,700,63.42777065197725,-85,-85,-85,-85,1350,700,114.18560576334815,13.465118850236616
691,1100,700,63.42777065197725,-85,-85,-85,-85,1350,700,127.65072461358477,13.465118850236616
692,1100,700,63.42777065197725,-85,-85,-85,-85,1350,700,141.1158434638214,13.465118850236616
693,1100,700,63.42777065197725,-85,-85,17.513155499392102,19.91435422725632,1350,700,154.580962314058,13.465118850236616
694,1100,700,63.42777065197725,-85,-85,23.769789312347285,24.33271141113945,1350,700,168.04608116429463,13.465118850236616
695,1100,700,63.42777065197725,-85,-85,25.536951728381826,25.7492610641292,1350,700,181.51120001453125,13.465118850236616
696,1100,700,63.42777065197725,-85,-85,26.077602459396946,26.067010357935978,1350,700,194.97631886476788,13.465118850236616
697,1100,700,63.42777065197725,-85,-85,25.684904084789977,25.452908776355446,1350,700,208.4414377150045,13.465118850236616
698,1100,700,63.42777065197725,-85,-85,23.97102224645776,23.319699537123853,1350,700,221.90655656524112,13.465118850236616
699,1100,700,63.42777065197725,-85,-85,19.25639156218219,16.269948115724716,1350,700,235.37167541547774,13.465118850236616
700,1100,700,63.42777065197725,-85,-85,-85,-85,1350,700,248.83679426571436,13.465118850236616
701,1100,700,63.42777065197725,-85,-85,-85,-85,1350,700,262.301913115951,13.465118850236616
702,1100,700,63.42777065197725,-85,-85,-85,-85,1350,700,275.7670319661876,13.465118850236616
703,1100,700,63.42777065197725,-85,-85,-85,-85,1350,700,289.23215081642417,13.465118850236616
704,1100,700,63.42777065197725,-85,-85,-85,-85,1350,700,302.69726966666076,13.465118850236616
705,1100,700,63.42777065197725,-85,-85,-85,-85,1350,700,316.16238851689735,13.465118850236616
706,1100,700,63.42777065197725,-85,-85,-85,-85,1350,700,329.62750736713394,13.465118850236616
707,1100,700,63.42777065197725,-85,-85,-85,-85,1350,700,343.09262621737054,13.465118850236616
708,1100,700,63.42777065197725,-85,-85,-85,-85,1350,700,356.55774506760713,13.465118850236616
709,1100,700,63.42777065197725,-85,-85,-85,-85,1350,700,10.022863917843722,13.465118850236616
710,1100,700,63.42777065197725,-85,-85,-85,-85,1350,700,23.487982768080336,13.465118850236616
711,1100,700,63.42777065197725,-85,-85,-85,-85,1350,700,36.95310161831695,13.465118850236616
712,1100,700,63.42777065197725,-85,-85,-85,-85,1350,700,50.418220468553564,13.465118850236616
713,1100,700,63.42777065197725,-85,-85,-85,-85,1350,700,63.88333931879018,13.465118850236616
714,1100,700,63.42777065197725,-85,-85,-85,-85,1350,700,77.3484581690268,13.465118850236616
715,1100,700,63.42777065197725,-85,-85,-85,-85,1350,700,90.81357701926342,13.465118850236616
716,1100,700,63.42777065197725,-85,-85,-85,-85,1350,700,104.27869586950004,13.465118850236616
717,1100,700,63.42777065197725,-85,-85,-85,-85,1350,700,117.74381471973666,13.465118850236616
718,1100,700,63.42777065197725,-85,-85,-85,-85,1350,700,131.20893356997328,13.465118850236616
719,1100,700,63.42777065197725,-85,-85,-85,-85,1350,700,144.6740524202099,13.465118850236616
720,1100,700,63.42777065197725,-85,-85,20.48098321025059,21.813356630230874,1350,700,158.13917127044652,13.465118850236616
721,1100,700,63.42777065197725,-85,-85,24.33271141113945,24.78833704083229,1350,700,171.60429012068315,13.465118850236616
722,1100,700,63.42777065197725,-85,-85,25.80746062382631,25.946643644493044,1350,700,185.06940897091977,13.465118850236616
723,1100,700,63.42777065197725,-85,-85,26.067010357935978,26.011117049096303,1350,700,198.5345278211564,13.465118850236616
724,1100,700,63.42777065197725,-85,-85,25.361807294499556,25.042923900792417,1350,700,211.999646671393,13.465118850236616
725,1100,700,63.42777065197725,-85,-85,23.319699537123853,22.496022074683278,1350,700,225.46476552162963,13.465118850236616
726,1100,700,63.42777065197725,-85,-85,14.513447644213265,-85,1350,700,238.92988437186625,13.465118850236616
727,1100,700,63.42777065197725,-85,-85,-85,-85,1350,700,252.39500322210287,13.465118850236616
728,1100,700,63.42777065197725,-85,-85,-85,-85,1350,700,265.8601220723395,13.465118850236616
729,1100,700,63.42777065197725,-85,-85,-85,-85,1350,700,279.3252409225761,13.465118850236616
730,1100,700,63.42777065197725,-85,-85,-85,-85,1350,700,292.7903597728127,13.465118850236616
731,1100,700,63.42777065197725,-85,-85,-85,-85,1350,700,306.25547862304927,13.465118850236616
732,1100,700,63.42777065197725,-85,-85,-85,-85,1350,700,319.72059747328586,13.465118850236616
733,1100,700,63.42777065197725,-85,-85,-85,-85,1350,700,333.18571632352246,13.465118850236616
734,1100,700,63.42777065197725,-85,-85,-85,-85,1350,700,346.65083517375905,13.465118850236616
735,1100,700,63.42777065197725,-85,-85,-85,-85,1350,700,0.11595402399564136,13.465118850236616
736,1100,700,63.42777065197725,-85,-85,-85,-85,1350,700,13.581072874232257,13.465118850236616
737,1100,700,63.42777065197725,-85,-85,-85,-85,1350,700,27.046191724468873,13.465118850236616
738,1100,700,63.42777065197725,-85,-85,-85,-85,1350,700,40.51131057470549,13.465118850236616
739,1100,700,63.42777065197725,-85,-85,-85,-85,1350,700,53.976429424942104,13.465118850236616
740,1100,700,63.42777065197725,-85,-85,-85,-85,1350,700,67.44154827517872,13.465118850236616
741,1100,700,63.42777065197725,-85,-85,-85,-85,1350,700,80.90666712541534,13.465118850236616
742,1100,700,63.42777065197725,-85,-85,-85,-85,1350,700,94.37178597565196,13.465118850236616
743,1100,700,63.42777065197725,-85,-85,-85,-85,1350,700,107.83690482588858,13.465118850236616
744,1100,700,63.42777065197725,-85,-85,-85,-85,1350,700,121.3020236761252,13.465118850236616
745,1100,700,63.42777065197725,-85,-85,-85,-85,1350,700,134.76714252636182,13.465118850236616
746,1100,700,63.42777065197725,-85,-85,-85,11.505794098357505,1350,700,148.23226137659844,13.465118850236616
747,1100,700,63.42777065197725,-85,-85,22.170735458799452,22.793695368992218,1350,700,161.69738022683507,13.465118850236616
748,1100,700,63.42777065197725,-85,-85,24.92014212493214,25.26334459461691,1350,700,175.1624990770717,13.465118850236616
749,1100,700,63.42777065197725,-85,-85,25.946643644493044,26.035130213615616,1350,700,188.6276179273083,13.465118850236616
750,1100,700,63.42777065197725,-85,-85,25.9816463993744,25.859665714847075,1350,700,202.09273677754493,13.465118850236616
751,1100,700,63.42777065197725,-85,-85,25.042923900792417,24.646943359767004,1350,700,215.55785562778155,13.465118850236616
752,1100,700,63.42777065197725,-85,-85,22.170735458799452,20.97742610025735,1350,700,229.02297447801817,13.465118850236616
753,1100,700,63.42777065197725,-85,-85,-85,-85,1350,700,242.4880933282548,13.465118850236616
754,1100,700,63.42777065197725,-85,-85,-85,-85,1350,700,255.9532121784914,13.465118850236616
755,1100,700,63.42777065197725,-85,-85,-85,-85,1350,700,269.418331028728,13.465118850236616
756,1100,700,63.42777065197725,-85,-85,-85,-85,1350,700,282.8834498789646,13.465118850236616
757,1100,700,63.42777065197725,-85,-85,-85,-85,1350,700,296.3485687292012,13.465118850236616
758,1100,700,63.42777065197725,-85,-85,-85,-85,1350,700,309.8136875794378,13.465118850236616
759,1100,700,63.42777065197725,-85,-85,-85,-85,1350,700,323.2788064296744,13.465118850236616
760,1100,700,63.42777065197725,-85,-85,-85,-85,1350,700,336.74392527991097,13.465118850236616
761,1100,700,63.42777065197725,-85,-85,-85,-85,1350,700,350.20904413014756,13.465118850236616
762,1100,700,63.42777065197725,-85,-85,-85,-85,1350,700,3.6741629803841533,13.465118850236616
763,1100,700,63.42777065197725,-85,-85,-85,-85,1350,700,17.139281830620767,13.465118850236616
764,1100,700,63.42777065197725,-85,-85,-85,-85,1350,700,30.60440068085738,13.465118850236616
765,1100,700,63.42777065197725,-85,-85,-85,-85,1350,700,44.069519531093995,13.465118850236616
766,1100,700,63.42777065197725,-85,-85,-85,-85,1350,700,57.53463838133061,13.465118850236616
767,1100,700,63.42777065197725,-85,-85,-85,-85,1350,700,70.99975723156723,13.465118850236616
768,1100,700,63.42777065197725,-85,-85,-85,-85,1350,700,84.46487608180385,13.465118850236616
769,1100,700,63.42777065197725,-85,-85,-85,-85,1350,700,97.92999493204047,13.465118850236616
770,1100,700,63.42777065197725,-85,-85,-85,-85,1350,700,111.3951137822771,13.465118850236616
771,1100,700,63.42777065197725,-85,-85,-85,-85,1350,700,124.86023263251371,13.465118850236616
772,1100,700,63.42777065197725,-85,-85,-85,-85,1350,700,138.32535148275034,13.465118850236616
773,1100,700,63.42777065197725,-85,-85,14.513447644213304,18.47430475951294,1350,700,151.79047033298696,13.465118850236616
774,1100,700,63.42777065197725,-85,-85,23.06730250275713,23.769789312347285,1350,700,165.25558918322358,13.465118850236616
775,1100,700,63.42777065197725,-85,-85,25.36180729449956,25.614204328866276,1350,700,178.7207080334602,13.465118850236616
776,1100,700,63.42777065197725,-85,-85,26.053745949214605,26.077602459396946,1350,700,192.18582688369682,13.465118850236616
777,1100,700,63.42777065197725,-85,-85,25.859665714847075,25.684904084789977,1350,700,205.65094573393344,13.465118850236616
778,1100,700,63.42777065197725,-85,-85,24.495315191602927,23.97102224645776,1350,700,219.11606458417006,13.465118850236616
779,1100,700,63.42777065197725,-85,-85,20.97742610025735,19.25639156218219,1350,700,232.58118343440668,13.465118850236616
780,1100,700,63.42777065197725,-85,-85,-85,-85,1350,700,246.0463022846433,13.465118850236616
781,1100,700,63.42777065197725,-85,-85,-85,-85,1350,700,259.5114211348799,13.465118850236616
782,1100,700,63.42777065197725,-85,-85,-85,-85,1350,700,272.9765399851165,13.465118850236616
783,1100,700,63.42777065197725,-85,-85,-85,-85,1350,700,286.4416588353531,13.465118850236616
784,1100,700,63.42777065197725,-85,-85,-85,-85,1350,700,299.9067776855897,13.465118850236616
785,1100,700,63.42777065197725,-85,-85,-85,-85,1350,700,313.3718965358263,13.465118850236616
786,1100,700,63.42777065197725,-85,-85,-85,-85,1350,700,326.8370153860629,13.465118850236616
787,1100,700,63.42777065197725,-85,-85,-85,-85,1350,700,340.3021342362995,13.465118850236616
788,1100,700,63.42777065197725,-85,-85,-85,-85,1350,700,353.7672530865361,13.465118850236616
789,1100,700,63.42777065197725,-85,-85,-85,-85,1350,700,7.232371936772665,13.465118850236616
790,1100,700,63.42777065197725,-85,-85,-85,-85,1350,700,20.69749078700928,13.465118850236616
791,1100,700,63.42777065197725,-85,-85,-85,-85,1350,700,34.16260963724589,13.465118850236616
792,1100,700,63.42777065197725,-85,-85,-85,-85,1350,700,47.62772848748251,13.465118850236616
793,1100,700,63.42777065197725,-85,-85,-85,-85,1350,700,61.09284733771912,13.465118850236616
794,1100,700,63.42777065197725,-85,-85,-85,-85,1350,700,74.55796618795574,13.465118850236616
795,1100,700,63.42777065197725,-85,-85,-85,-85,1350,700,88.02308503819236,13.465118850236616
796,1100,700,63.42777065197725,-85,-85,-85,-85,1350,700,101.48820388842898,13.465118850236616
797,1100,700,63.42777065197725,-85,-85,-85,-85,1350,700,114.9533227386656,13.465118850236616
798,1100,700,63.42777065197725,-85,-85,-85,-85,1350,700,128.41844158890223,13.465118850236616
799,1100,700,63.42777065197725,-85,-85,-85,-85,1350,700,141.88356043913885,13.465118850236616
800,1100,700,63.42777065197725,-85,-85,18.47430475951294,20.48098321025059,1350,700,155.34867928937547,13.465118850236616
801,1100,700,63.42777065197725,-85,-85,23.971022246457757,24.495315191602927,1350,700,168.8137981396121,13.465118850236616
802,1100,700,63.42777065197725,-85,-85,25.614204328866276,25.80746062382631,1350,700,182.2789169898487,13.465118850236616
803,1100,700,63.42777065197725,-85,-85,26.077602459396946,26.053745949214605,1350,700,195.74403584008533,13.465118850236616
804,1100,700,63.42777065197725,-85,-85,25.614204328866276,25.361807294499556,1350,700,209.20915469032195,13.465118850236616
805,1100,700,63.42777065197725,-85,-85,23.769789312347285,23.319699537123853,1350,700,222.67427354055857,13.465118850236616
806,1100,700,63.42777065197725,-85,-85,18.474304759512954,14.513447644213265,1350,700,236.1393923907952,13.465118850236616
807,1100,700,63.42777065197725,-85,-85,-85,-85,1350,700,249.60451124103182,13.465118850236616
808,1100,700,63.42777065197725,-85,-85,-85,-85,1350,700,263.06963009126844,13.465118850236616
809,1100,700,63.42777065197725,-85,-85,-85,-85,1350,700,276.53474894150503,13.465118850236616
810,1100,700,63.42777065197725,-85,-85,-85,-85,1350,700,289.9998677917416,13.465118850236616
811,1100,700,63.42777065197725,-85,-85,-85,-85,1350,700,303.4649866419782,13.465118850236616
812,1100,700,63.42777065197725,-85,-85,-85,-85,1350,700,316.9301054922148,13.465118850236616
813,1100,700,63.42777065197725,-85,-85,-85,-85,1350,700,330.3952243424514,13.465118850236616
814,1100,700,63.42777065197725,-85,-85,-85,-85,1350,700,343.860343192688,13.465118850236616
815,1100,700,63.42777065197725,-85,-85,-85,-85,1350,700,357.3254620429246,13.465118850236616
816,1100,700,63.42777065197725,-85,-85,-85,-85,1350,700,10.790580893161177,13.465118850236616
817,1100,700,63.42777065197725,-85,-85,-85,-85,1350,700,24.25569974339779,13.465118850236616
818,1100,700,63.42777065197725,-85,-85,-85,-85,1350,700,37.720818593634405,13.465118850236616
819,1100,700,63.42777065197725,-85,-85,-85,-85,1350,700,51.18593744387102,13.465118850236616
820,1100,700,63.42777065197725,-85,-85,-85,-85,1350,700,64.65105629410763,13.465118850236616
821,1100,700,63.42777065197725,-85,-85,-85,-85,1350,700,78.11617514434425,13.465118850236616
822,1100,700,63.42777065197725,-85,-85,-85,-85,1350,700,91.58129399458088,13.465118850236616
823,1100,700,63.42777065197725,-85,-85,-85,-85,1350,700,105.0464128448175,13.465118850236616
824,1100,700,63.42777065197725,-85,-85,-85,-85,1350,700,118.51153169505412,13.465118850236616
825,1100,700,63.42777065197725,-85,-85,-85,-85,1350,700,131.97665054529074,13.465118850236616
826,1100,700,63.42777065197725,-85,-85,-85,-85,1350,700,145.44176939552736,13.465118850236616
827,1100,700,63.42777065197725,-85,-85,20.97742610025734,22.170735458799452,1350,700,158.90688824576398,13.465118850236616
828,1100,700,63.42777065197725,-85,-85,24.495315191602927,24.92014212493214,1350,700,172.3720070960006,13.465118850236616
829,1100,700,63.42777065197725,-85,-85,25.859665714847075,25.9816463993744,1350,700,185.83712594623722,13.465118850236616
830,1100,700,63.42777065197725,-85,-85,26.053745949214605,25.9816463993744,1350,700,199.30224479647384,13.465118850236616
831,1100,700,63.42777065197725,-85,-85,25.263344594616918,24.92014212493214,1350,700,212.76736364671046,13.465118850236616
832,1100,700,63.42777065197725,-85,-85,23.067302502757133,22.170735458799452,1350,700,226.23248249694709,13.465118850236616
833,1100,700,63.42777065197725,-85,-85,11.50579409835762,-85,1350,700,239.6976013471837,13.465118850236616
834,1100,700,63.42777065197725,-85,-85,-85,-85,1350,700,253.16272019742033,13.465118850236616
835,1100,700,63.42777065197725,-85,-85,-85,-85,1350,700,266.62783904765695,13.465118850236616
836,1100,700,63.42777065197725,-85,-85,-85,-85,1350,700,280.09295789789354,13.465118850236616
837,1100,700,63.42777065197725,-85,-85,-85,-85,1350,700,293.55807674813013,13.465118850236616
838,1100,700,63.42777065197725,-85,-85,-85,-85,1350,700,307.0231955983667,13.465118850236616
839,1100,700,63.42777065197725,-85,-85,-85,-85,1350,700,320.4883144486033,13.465118850236616
840,1100,700,63.42777065197725,-85,-85,-85,-85,1350,700,333.9534332988399,13.465118850236616
841,1100,700,63.42777065197725,-85,-85,-85,-85,1350,700,347.4185521490765,13.465118850236616
842,1100,700,63.42777065197725,-85,-85,-85,-85,1350,700,0.8836709993130967,13.465118850236616
843,1100,700,63.42777065197725,-85,-85,-85,-85,1350,700,14.348789849549712,13.465118850236616
844,1100,700,63.42777065197725,-85,-85,-85,-85,1350,700,27.813908699786328,13.465118850236616
845,1100,700,63.42777065197725,-85,-85,-85,-85,1350,700,41.279027550022946,13.465118850236616
846,1100,700,63.42777065197725,-85,-85,-85,-85,1350,700,54.74414640025956,13.465118850236616
847,1100,700,63.42777065197725,-85,-85,-85,-85,1350,700,68.20926525049617,13.465118850236616
848,1100,700,63.42777065197725,-85,-85,-85,-85,1350,700,81.6743841007328,13.465118850236616
849,1100,700,63.42777065197725,-85,-85,-85,-85,1350,700,95.13950295096942,13.465118850236616
850,1100,700,63.42777065197725,-85,-85,-85,-85,1350,700,108.60462180120604,13.465118850236616
851,1100,700,63.42777065197725,-85,-85,-85,-85,1350,700,122.06974065144266,13.465118850236616
852,1100,700,63.42777065197725,-85,-85,-85,-85,1350,700,135.53485950167928,13.465118850236616
853,1100,700,63.42777065197725,-85,-85,-85,14.513447644213304,1350,700,148.9999783519159,13.465118850236616
854,1100,700,63.42777065197725,-85,-85,22.170735458799452,23.06730250275713,1350,700,162.46509720215252,13.465118850236616
855,1100,700,63.42777065197725,-85,-85,25.042923900792417,25.36180729449956,1350,700,175.93021605238914,13.465118850236616
856,1100,700,63.42777065197725,-85,-85,25.9816463993744,26.053745949214605,1350,700,189.39533490262576,13.465118850236616
857,1100,700,63.42777065197725,-85,-85,25.946643644493044,25.807460623826316,1350,700,202.86045375286238,13.465118850236616
858,1100,700,63.42777065197725,-85,-85,24.92014212493214,24.495315191602927,1350,700,216.325572603099,13.465118850236616
859,1100,700,63.42777065197725,-85,-85,21.81335663023087,20.48098321025059,1350,700,229.79069145333563,13.465118850236616
860,1100,700,63.42777065197725,-85,-85,-85,-85,1350,700,243.25581030357225,13.465118850236616
861,1100,700,63.42777065197725,-85,-85,-85,-85,1350,700,256.72092915380887,13.465118850236616
862,1100,700,63.42777065197725,-85,-85,-85,-85,1350,700,270.18604800404546,13.465118850236616
863,1100,700,63.42777065197725,-85,-85,-85,-85,1350,700,283.65116685428205,13.465118850236616
864,1100,700,63.42777065197725,-85,-85,-85,-85,1350,700,297.11628570451865,13.465118850236616
865,1100,700,63.42777065197725,-85,-85,-85,-85,1350,700,310.58140455475524,13.465118850236616
866,1100,700,63.42777065197725,-85,-85,-85,-85,1350,700,324.04652340499183,13.465118850236616
867,1100,700,63.42777065197725,-85,-85,-85,-85,1350,700,337.5116422552284,13.465118850236616
868,1100,700,63.42777065197725,-85,-85,-85,-85,1350,700,350.976761105465,13.465118850236616
869,1100,700,63.42777065197725,-85,-85,-85,-85,1350,700,4.441879955701609,13.465118850236616
870,1100,700,63.42777065197725,-85,-85,-85,-85,1350,700,17.906998805938223,13.465118850236616
871,1100,700,63.42777065197725,-85,-85,-85,-85,1350,700,31.372117656174836,13.465118850236616
872,1100,700,63.42777065197725,-85,-85,-85,-85,1350,700,44.83723650641145,13.465118850236616
873,1100,700,63.42777065197725,-85,-85,-85,-85,1350,700,58.302355356648064,13.465118850236616
874,1100,700,63.42777065197725,-85,-85,-85,-85,1350,700,71.76747420688469,13.465118850236616
875,1100,700,63.42777065197725,-85,-85,-85,-85,1350,700,85.2325930571213,13.465118850236616
876,1100,700,63.42777065197725,-85,-85,-85,-85,1350,700,98.69771190735793,13.465118850236616
877,1100,700,63.42777065197725,-85,-85,-85,-85,1350,700,112.16283075759455,13.465118850236616
878,1100,700,63.42777065197725,-85,-85,-85,-85,1350,700,125.62794960783117,13.465118850236616
879,1100,700,63.42777065197725,-85,-85,-85,-85,1350,700,139.0930684580678,13.465118850236616
880,1100,700,63.42777065197725,-85,-85,14.513447644213304,18.47430475951294,1350,700,152.5581873083044,13.465118850236616
881,1100,700,63.42777065197725,-85,-85,23.31969953712386,23.971022246457757,1350,700,166.02330615854103,13.465118850236616
882,1100,700,63.42777065197725,-85,-85,25.36180729449956,25.614204328866276,1350,700,179.48842500877765,13.465118850236616
883,1100,700,63.42777065197725,-85,-85,26.067010357935978,26.077602459396946,1350,700,192.95354385901427,13.465118850236616
884,1100,700,63.42777065197725,-85,-85,25.807460623826316,25.614204328866276,1350,700,206.4186627092509,13.465118850236616
885,1100,700,63.42777065197725,-85,-85,24.332711411139446,23.769789312347285,1350,700,219.88378155948752,13.465118850236616
886,1100,700,63.42777065197725,-85,-85,20.48098321025059,18.474304759512954,1350,700,233.34890040972414,13.465118850236616
887,1100,700,63.42777065197725,-85,-85,-85,-85,1350,700,246.81401925996076,13.465118850236616
888,1100,700,63.42777065197725,-85,-85,-85,-85,1350,700,260.2791381101974,13.465118850236616
889,1100,700,63.42777065197725,-85,-85,-85,-85,1350,700,273.744256960434,13.465118850236616
890,1100,700,63.42777065197725,-85,-85,-85,-85,1350,700,287.20937581067056,13.465118850236616
891,1100,700,63.42777065197725,-85,-85,-85,-85,1350,700,300.67449466090716,13.465118850236616
892,1100,700,63.42777065197725,-85,-85,-85,-85,1350,700,314.13961351114375,13.465118850236616
893,1100,700,63.42777065197725,-85,-85,-85,-85,1350,700,327.60473236138034,13.465118850236616
894,1100,700,63.42777065197725,-85,-85,-85,-85,1350,700,341.06985121161694,13.465118850236616
895,1100,700,63.42777065197725,-85,-85,-85,-85,1350,700,354.5349700618535,13.465118850236616
896,1100,700,63.42777065197725,-85,-85,-85,-85,1350,700,8.00008891209012,13.465118850236616
897,1100,700,63.42777065197725,-85,-85,-85,-85,1350,700,21.465207762326735,13.465118850236616
898,1100,700,63.42777065197725,-85,-85,-85,-85,1350,700,34.93032661256335,13.465118850236616
899,1100,700,63.42777065197725,-85,-85,-85,-85,1350,700,48.39544546279996,13.465118850236616
900,1100,700,63.42777065197725,-85,-85,-85,-85,1350,700,61.860564313036576,13.465118850236616
901,1100,700,63.42777065197725,-85,-85,-85,-85,1350,700,75.3256831632732,13.465118850236616
902,1100,700,63.42777065197725,-85,-85,-85,-85,1350,700,88.79080201350982,13.465118850236616
903,1100,700,63.42777065197725,-85,-85,-85,-85,1350,700,102.25592086374644,13.465118850236616
904,1100,700,63.42777065197725,-85,-85,-85,-85,1350,700,115.72103971398306,13.465118850236616
905,1100,700,63.42777065197725,-85,-85,-85,-85,1350,700,129.18615856421968,13.465118850236616
906,1100,700,63.42777065197725,-85,-85,-85,-85,1350,700,142.6512774144563,13.465118850236616
907,1100,700,63.42777065197725,-85,-85,19.25639156218217,20.97742610025734,1350,700,156.11639626469292,13.465118850236616
908,1100,700,63.42777065197725,-85,-85,23.971022246457757,24.495315191602927,1350,700,169.58151511492954,13.465118850236616
909,1100,700,63.42777065197725,-85,-85,25.684904084789974,25.859665714847075,1350,700,183.04663396516617,13.465118850236616
910,1100,700,63.42777065197725,-85,-85,26.077602459396946,26.053745949214605,1350,700,196.5117528154028,13.465118850236616
911,1100,700,63.42777065197725,-85,-85,25.536951728381826,25.263344594616918,1350,700,209.9768716656394,13.465118850236616
912,1100,700,63.42777065197725,-85,-85,23.769789312347285,23.067302502757133,1350,700,223.44199051587603,13.465118850236616
913,1100,700,63.42777065197725,-85,-85,17.51315549939211,11.50579409835762,1350,700,236.90710936611265,13.465118850236616
914,1100,700,63.42777065197725,-85,-85,-85,-85,1350,700,250.37222821634927,13.465118850236616
915,1100,700,63.42777065197725,-85,-85,-85,-85,1350,700,263.8373470665859,13.465118850236616
916,1100,700,63.42777065197725,-85,-85,-85,-85,1350,700,277.3024659168225,13.465118850236616
917,1100,700,63.42777065197725,-85,-85,-85,-85,1350,700,290.7675847670591,13.465118850236616
918,1100,700,63.42777065197725,-85,-85,-85,-85,1350,700,304.23270361729567,13.465118850236616
919,1100,700,63.42777065197725,-85,-85,-85,-85,1350,700,317.69782246753226,13.465118850236616
920,1100,700,63.42777065197725,-85,-85,-85,-85,1350,700,331.16294131776885,13.465118850236616
921,1100,700,63.42777065197725,-85,-85,-85,-85,1350,700,344.62806016800545,13.465118850236616
922,1100,700,63.42777065197725,-85,-85,-85,-85,1350,700,358.09317901824204,13.465118850236616
923,1100,700,63.42777065197725,-85,-85,-85,-85,1350,700,11.558297868478633,13.465118850236616
924,1100,700,63.42777065197725,-85,-85,-85,-85,1350,700,25.023416718715247,13.465118850236616
925,1100,700,63.42777065197725,-85,-85,-85,-85,1350,700,38.48853556895186,13.465118850236616
926,1100,700,63.42777065197725,-85,-85,-85,-85,1350,700,51.953654419188474,13.465118850236616
927,1100,700,63.42777065197725,-85,-85,-85,-85,1350,700,65.41877326942509,13.465118850236616
928,1100,700,63.42777065197725,-85,-85,-85,-85,1350,700,78.88389211966171,13.465118850236616
929,1100,700,63.42777065197725,-85,-85,-85,-85,1350,700,92.34901096989833,13.465118850236616
930,1100,700,63.42777065197725,-85,-85,-85,-85,1350,700,105.81412982013495,13.465118850236616
931,1100,700,63.42777065197725,-85,-85,-85,-85,1350,700,119.27924867037157,13.465118850236616
932,1100,700,63.42777065197725,-85,-85,-85,-85,1350,700,132.7443675206082,13.465118850236616
933,1100,700,63.42777065197725,-85,-85,-85,-85,1350,700,146.20948637084481,13.465118850236616
934,1100,700,63.42777065197725,-85,-85,21.41811930585211,22.170735458799452,1350,700,159.67460522108144,13.465118850236616
935,1100,700,63.42777065197725,-85,-85,24.646943359767004,25.042923900792417,1350,700,173.13972407131806,13.465118850236616
936,1100,700,63.42777065197725,-85,-85,25.859665714847075,25.9816463993744,1350,700,186.60484292155468,13.465118850236616
937,1100,700,63.42777065197725,-85,-85,26.035130213615616,25.946643644493044,1350,700,200.0699617717913,13.465118850236616
938,1100,700,63.42777065197725,-85,-85,25.263344594616918,24.92014212493214,1350,700,213.53508062202792,13.465118850236616
939,1100,700,63.42777065197725,-85,-85,22.793695368992225,21.81335663023087,1350,700,227.00019947226454,13.465118850236616
940,1100,700,63.42777065197725,-85,-85,11.50579409835762,-85,1350,700,240.46531832250116,13.465118850236616
941,1100,700,63.42777065197725,-85,-85,-85,-85,1350,700,253.93043717273778,13.465118850236616
942,1100,700,63.42777065197725,-85,-85,-85,-85,1350,700,267.3955560229744,13.465118850236616
943,1100,700,63.42777065197725,-85,-85,-85,-85,1350,700,280.860674873211,13.465118850236616
944,1100,700,63.42777065197725,-85,-85,-85,-85,1350,700,294.3257937234476,13.465118850236616
945,1100,700,63.42777065197725,-85,-85,-85,-85,1350,700,307.7909125736842,13.465118850236616
946,1100,700,63.42777065197725,-85,-85,-85,-85,1350,700,321.2560314239208,13.465118850236616
947,1100,700,63.42777065197725,-85,-85,-85,-85,1350,700,334.72115027415737,13.465118850236616
948,1100,700,63.42777065197725,-85,-85,-85,-85,1350,700,348.18626912439396,13.465118850236616
949,1100,700,63.42777065197725,-85,-85,-85,-85,1350,700,1.651387974630552,13.465118850236616
950,1100,700,63.42777065197725,-85,-85,-85,-85,1350,700,15.116506824867168,13.465118850236616
951,1100,700,63.42777065197725,-85,-85,-85,-85,1350,700,28.581625675103783,13.465118850236616
952,1100,700,63.42777065197725,-85,-85,-85,-85,1350,700,42.0467445253404,13.465118850236616
953,1100,700,63.42777065197725,-85,-85,-85,-85,1350,700,55.511863375577015,13.465118850236616
954,1100,700,63.42777065197725,-85,-85,-85,-85,1350,700,68.97698222581363,13.465118850236616
955,1100,700,63.42777065197725,-85,-85,-85,-85,1350,700,82.44210107605025,13.465118850236616
956,1100,700,63.42777065197725,-85,-85,-85,-85,1350,700,95.90721992628687,13.465118850236616
957,1100,700,63.42777065197725,-85,-85,-85,-85,1350,700,109.37233877652349,13.465118850236616
958,1100,700,63.42777065197725,-85,-85,-85,-85,1350,700,122.83745762676011,13.465118850236616
959,1100,700,63.42777065197725,-85,-85,-85,-85,1350,700,136.30257647699673,13.465118850236616
960,1100,700,63.42777065197725,-85,-85,-85,16.269948115724727,1350,700,149.76769532723335,13.465118850236616
961,1100,700,63.42777065197725,-85,-85,22.496022074683278,23.31969953712386,1350,700,163.23281417746998,13.465118850236616
962,1100,700,63.42777065197725,-85,-85,25.157178905256924,25.36180729449956,1350,700,176.6979330277066,13.465118850236616
963,1100,700,63.42777065197725,-85,-85,26.011117049096303,26.067010357935978,1350,700,190.16305187794322,13.465118850236616
964,1100,700,63.42777065197725,-85,-85,25.946643644493044,25.807460623826316,1350,700,203.62817072817984,13.465118850236616
965,1100,700,63.42777065197725,-85,-85,24.788337040832293,24.332711411139446,1350,700,217.09328957841646,13.465118850236616
966,1100,700,63.42777065197725,-85,-85,21.81335663023087,20.48098321025059,1350,700,230.55840842865308,13.465118850236616
967,1100,700,63.42777065197725,-85,-85,-85,-85,1350,700,244.0235272788897,13.465118850236616
968,1100,700,63.42777065197725,-85,-85,-85,-85,1350,700,257.4886461291263,13.465118850236616
969,1100,700,63.42777065197725,-85,-85,-85,-85,1350,700,270.9537649793629,13.465118850236616
970,1100,700,63.42777065197725,-85,-85,-85,-85,1350,700,284.4188838295995,13.465118850236616
971,1100,700,63.42777065197725,-85,-85,-85,-85,1350,700,297.8840026798361,13.465118850236616
972,1100,700,63.42777065197725,-85,-85,-85,-85,1350,700,311.3491215300727,13.465118850236616
973,1100,700,63.42777065197725,-85,-85,-85,-85,1350,700,324.8142403803093,13.465118850236616
974,1100,700,63.42777065197725,-85,-85,-85,-85,1350,700,338.2793592305459,13.465118850236616
975,1100,700,63.42777065197725,-85,-85,-85,-85,1350,700,351.74447808078247,13.465118850236616
976,1100,700,63.42777065197725,-85,-85,-85,-85,1350,700,5.209596931019064,13.465118850236616
977,1100,700,63.42777065197725,-85,-85,-85,-85,1350,700,18.674715781255678,13.465118850236616
978,1100,700,63.42777065197725,-85,-85,-85,-85,1350,700,32.13983463149229,13.465118850236616
979,1100,700,63.42777065197725,-85,-85,-85,-85,1350,700,45.604953481728906,13.465118850236616
980,1100,700,63.42777065197725,-85,-85,-85,-85,1350,700,59.07007233196552,13.465118850236616
981,1100,700,63.42777065197725,-85,-85,-85,-85,1350,700,72.53519118220214,13.465118850236616
982,1100,700,63.42777065197725,-85,-85,-85,-85,1350,700,86.00031003243876,13.465118850236616
983,1100,700,63.42777065197725,-85,-85,-85,-85,1350,700,99.46542888267538,13.465118850236616
984,1100,700,63.42777065197725,-85,-85,-85,-85,1350,700,112.930547732912,13.465118850236616
985,1100,700,63.42777065197725,-85,-85,-85,-85,1350,700,126.39566658314862,13.465118850236616
986,1100,700,63.42777065197725,-85,-85,-85,-85,1350,700,139.86078543338525,13.465118850236616
987,1100,700,63.42777065197725,-85,-85,16.269948115724727,19.25639156218217,1350,700,153.32590428362187,13.465118850236616
988,1100,700,63.42777065197725,-85,-85,23.553218972269416,24.1582774269213,1350,700,166.7910231338585,13.465118850236616
989,1100,700,63.42777065197725,-85,-85,25.452908776355446,25.684904084789974,1350,700,180.2561419840951,13.465118850236616
990,1100,700,63.42777065197725,-85,-85,26.074956048612798,26.074956048612798,1350,700,193.72126083433173,13.465118850236616
991,1100,700,63.42777065197725,-85,-85,25.7492610641292,25.536951728381826,1350,700,207.18637968456835,13.465118850236616
992,1100,700,63.42777065197725,-85,-85,24.332711411139446,23.769789312347285,1350,700,220.65149853480497,13.465118850236616
993,1100,700,63.42777065197725,-85,-85,19.914354227256315,17.51315549939211,1350,700,234.1166173850416,13.465118850236616
994,1100,700,63.42777065197725,-85,-85,-85,-85,1350,700,247.5817362352782,13.465118850236616
995,1100,700,63.42777065197725,-85,-85,-85,-85,1350,700,261.04685508551484,13.465118850236616
996,1100,700,63.42777065197725,-85,-85,-85,-85,1350,700,274.5119739357514,13.465118850236616
997,1100,700,63.42777065197725,-85,-85,-85,-85,1350,700,287.977092785988,13.465118850236616
998,1100,700,63.42777065197725,-85,-85,-85,-85,1350,700,301.4422116362246,13.465118850236616
999,1100,700,63.42777065197725,-85,-85,-85,-85,1350,700,314.9073304864612,13.465118850236616
