Tick,Aircraft X,Aircraft Y,Aircraft Heading,A1,A2,A3,A4,Radar X,Radar Y,Radar Azimuth,Radar RPM,Radar Scan Pattern
0,1100,700,159.52833759777243,-85,-85,-85,-85,1350,700,305.9992153503033,3.569283179639994,circular
1,1100,700,159.52833759777243,-85,-85,-85,-85,1350,700,309.56849852994327,3.569283179639994,circular
2,1100,700,159.52833759777243,-85,-85,-85,-85,1350,700,313.13778170958324,3.569283179639994,circular
3,1100,700,159.52833759777243,-85,-85,-85,-85,1350,700,316.7070648892232,3.569283179639994,circular
4,1100,700,159.52833759777243,-85,-85,-85,-85,1350,700,320.2763480688632,3.569283179639994,circular
5,1100,700,159.52833759777243,-85,-85,-85,-85,1350,700,323.84563124850314,3.569283179639994,circular
6,1100,700,159.52833759777243,-85,-85,-85,-85,1350,700,327.4149144281431,3.569283179639994,circular
7,1100,700,159.52833759777243,-85,-85,-85,-85,1350,700,330.9841976077831,3.569283179639994,circular
8,1100,700,159.52833759777243,-85,-85,-85,-85,1350,700,334.55348078742304,3.569283179639994,circular
9,1100,700,159.52833759777243,-85,-85,-85,-85,1350,700,338.122763967063,3.569283179639994,circular
10,1100,700,159.52833759777243,-85,-85,-85,-85,1350,700,341.692047146703,3.569283179639994,circular
11,1100,700,159.52833759777243,-85,-85,-85,-85,1350,700,345.26133032634294,3.569283179639994,circular
12,1100,700,159.52833759777243,-85,-85,-85,-85,1350,700,348.8306135059829,3.569283179639994,circular
13,1100,700,159.52833759777243,-85,-85,-85,-85,1350,700,352.3998966856229,3.569283179639994,circular
14,1100,700,159.52833759777243,-85,-85,-85,-85,1350,700,355.96917986526284,3.569283179639994,circular
15,1100,700,159.52833759777243,-85,-85,-85,-85,1350,700,359.5384630449028,3.569283179639994,circular
16,1100,700,159.52833759777243,-85,-85,-85,-85,1350,700,3.1077462245427796,3.569283179639994,circular
17,1100,700,159.52833759777243,-85,-85,-85,-85,1350,700,6.677029404182774,3.569283179639994,circular
18,1100,700,159.52833759777243,-85,-85,-85,-85,1350,700,10.246312583822768,3.569283179639994,circular
19,1100,700,159.52833759777243,-85,-85,-85,-85,1350,700,13.815595763462762,3.569283179639994,circular
20,1100,700,159.52833759777243,-85,-85,-85,-85,1350,700,17.384878943102755,3.569283179639994,circular
21,1100,700,159.52833759777243,-85,-85,-85,-85,1350,700,20.95416212274275,3.569283179639994,circular
22,1100,700,159.52833759777243,-85,-85,-85,-85,1350,700,24.523445302382747,3.569283179639994,circular
23,1100,700,159.52833759777243,-85,-85,-85,-85,1350,700,28.092728482022743,3.569283179639994,circular
24,1100,700,159.52833759777243,-85,-85,-85,-85,1350,700,31.66201166166274,3.569283179639994,circular
25,1100,700,159.52833759777243,-85,-85,-85,-85,1350,700,35.231294841302734,3.569283179639994,circular
26,1100,700,159.52833759777243,-85,-85,-85,-85,1350,700,38.80057802094273,3.569283179639994,circular
27,1100,700,159.52833759777243,-85,-85,-85,-85,1350,700,42.369861200582726,3.569283179639994,circular
28,1100,700,159.52833759777243,-85,-85,-85,-85,1350,700,45.93914438022272,3.569283179639994,circular
29,1100,700,159.52833759777243,-85,-85,-85,-85,1350,700,49.50842755986272,3.569283179639994,circular
30,1100,700,159.52833759777243,-85,-85,-85,-85,1350,700,53.07771073950271,3.569283179639994,circular
31,1100,700,159.52833759777243,-85,-85,-85,-85,1350,700,56.64699391914271,3.569283179639994,circular
32,1100,700,159.52833759777243,-85,-85,-85,-85,1350,700,60.216277098782705,3.569283179639994,circular
33,1100,700,159.52833759777243,-85,-85,-85,-85,1350,700,63.7855602784227,3.569283179639994,circular
34,1100,700,159.52833759777243,-85,-85,-85,-85,1350,700,67.35484345806269,3.569283179639994,circular
35,1100,700,159.52833759777243,-85,-85,-85,-85,1350,700,70.92412663770268,3.569283179639994,circular
36,1100,700,159.52833759777243,-85,-85,-85,-85,1350,700,74.49340981734268,3.569283179639994,circular
37,1100,700,159.52833759777243,-85,-85,-85,-85,1350,700,78.06269299698268,3.569283179639994,circular
38,1100,700,159.52833759777243,-85,-85,-85,-85,1350,700,81.63197617662267,3.569283179639994,circular
39,1100,700,159.52833759777243,-85,-85,-85,-85,1350,700,85.20125935626267,3.569283179639994,circular
40,1100,700,159.52833759777243,-85,-85,-85,-85,1350,700,88.77054253590266,3.569283179639994,circular
41,1100,700,159.52833759777243,-85,-85,-85,-85,1350,700,92.33982571554266,3.569283179639994,circular
42,1100,700,159.52833759777243,-85,-85,-85,-85,1350,700,95.90910889518265,3.569283179639994,circular
43,1100,700,159.52833759777243,-85,-85,-85,-85,1350,700,99.47839207482265,3.569283179639994,circular
44,1100,700,159.52833759777243,-85,-85,-85,-85,1350,700,103.04767525446265,3.569283179639994,circular
45,1100,700,159.52833759777243,-85,-85,-85,-85,1350,700,106.61695843410264,3.569283179639994,circular
46,1100,700,159.52833759777243,-85,-85,-85,-85,1350,700,110.18624161374264,3.569283179639994,circular
47,1100,700,159.52833759777243,-85,-85,-85,-85,1350,700,113.75552479338263,3.569283179639994,circular
48,1100,700,159.52833759777243,-85,-85,-85,-85,1350,700,117.32480797302263,3.569283179639994,circular
49,1100,700,159.52833759777243,-85,-85,-85,-85,1350,700,120.89409115266263,3.569283179639994,circular
50,1100,700,159.52833759777243,-85,-85,-85,-85,1350,700,124.46337433230262,3.569283179639994,circular
51,1100,700,159.52833759777243,-85,-85,-85,-85,1350,700,128.0326575119426,3.569283179639994,circular
52,1100,700,159.52833759777243,-85,-85,-85,-85,1350,700,131.6019406915826,3.569283179639994,circular
53,1100,700,159.52833759777243,-85,-85,-85,-85,1350,700,135.1712238712226,3.569283179639994,circular
54,1100,700,159.52833759777243,-85,-85,14.513447644213304,-85,1350,700,138.7405070508626,3.569283179639994,circular
55,1100,700,159.52833759777243,-85,14.513447644213304,18.47430475951294,-85,1350,700,142.30979023050259,3.569283179639994,circular
56,1100,700,159.52833759777243,-85,19.25639156218217,20.97742610025734,-85,1350,700,145.87907341014258,3.569283179639994,circular
57,1100,700,159.52833759777243,-85,20.97742610025734,22.170735458799452,-85,1350,700,149.44835658978258,3.569283179639994,circular
58,1100,700,159.52833759777243,-85,22.496022074683278,23.31969953712386,-85,1350,700,153.01763976942257,3.569283179639994,circular
59,1100,700,159.52833759777243,-85,23.31969953712386,24.1582774269213,-85,1350,700,156.58692294906257,3.569283179639994,circular
60,1100,700,159.52833759777243,-85,24.1582774269213,24.646943359767004,-85,1350,700,160.15620612870256,3.569283179639994,circular
61,1100,700,159.52833759777243,-85,24.78833704083229,25.157178905256924,-85,1350,700,163.72548930834256,3.569283179639994,circular
62,1100,700,159.52833759777243,-85,25.157178905256924,25.452908776355446,-85,1350,700,167.29477248798256,3.569283179639994,circular
63,1100,700,159.52833759777243,-85,25.536951728381826,25.7492610641292,-85,1350,700,170.86405566762255,3.569283179639994,circular
64,1100,700,159.52833759777243,-85,25.7492610641292,25.906018829630398,-85,1350,700,174.43333884726255,3.569283179639994,circular
65,1100,700,159.52833759777243,-85,25.946643644493044,26.035130213615616,-85,1350,700,178.00262202690254,3.569283179639994,circular
66,1100,700,159.52833759777243,-85,26.035130213615616,26.074956048612798,-85,1350,700,181.57190520654254,3.569283179639994,circular
67,1100,700,159.52833759777243,-85,26.077602459396946,26.067010357935978,-85,1350,700,185.14118838618253,3.569283179639994,circular
68,1100,700,159.52833759777243,-85,26.053745949214605,25.9816463993744,-85,1350,700,188.71047156582253,3.569283179639994,circular
69,1100,700,159.52833759777243,-85,25.9816463993744,25.859665714847075,-85,1350,700,192.27975474546253,3.569283179639994,circular
70,1100,700,159.52833759777243,-85,25.807460623826316,25.614204328866276,-85,1350,700,195.84903792510252,3.569283179639994,circular
71,1100,700,159.52833759777243,-85,25.614204328866276,25.361807294499556,-85,1350,700,199.41832110474252,3.569283179639994,circular
72,1100,700,159.52833759777243,-85,25.263344594616918,24.92014212493214,-85,1350,700,202.9876042843825,3.569283179639994,circular
73,1100,700,159.52833759777243,-85,24.92014212493214,24.495315191602927,-85,1350,700,206.5568874640225,3.569283179639994,circular
74,1100,700,159.52833759777243,-85,24.332711411139446,23.769789312347285,-85,1350,700,210.1261706436625,3.569283179639994,circular
75,1100,700,159.52833759777243,-85,23.553218972269416,22.793695368992225,-85,1350,700,213.6954538233025,3.569283179639994,circular
76,1100,700,159.52833759777243,-85,22.793695368992225,21.81335663023087,-85,1350,700,217.2647370029425,3.569283179639994,circular
77,1100,700,159.52833759777243,-85,21.418119305852123,19.914354227256315,-85,1350,700,220.8340201825825,3.569283179639994,circular
78,1100,700,159.52833759777243,-85,19.914354227256315,17.51315549939211,-85,1350,700,224.4033033622225,3.569283179639994,circular
79,1100,700,159.52833759777243,-85,16.269948115724716,-85,-85,1350,700,227.97258654186248,3.569283179639994,circular
80,1100,700,159.52833759777243,-85,-85,-85,-85,1350,700,231.54186972150248,3.569283179639994,circular
81,1100,700,159.52833759777243,-85,-85,-85,-85,1350,700,235.11115290114248,3.569283179639994,circular
82,1100,700,159.52833759777243,-85,-85,-85,-85,1350,700,238.68043608078247,3.569283179639994,circular
83,1100,700,159.52833759777243,-85,-85,-85,-85,1350,700,242.24971926042247,3.569283179639994,circular
84,1100,700,159.52833759777243,-85,-85,-85,-85,1350,700,245.81900244006246,3.569283179639994,circular
85,1100,700,159.52833759777243,-85,-85,-85,-85,1350,700,249.38828561970246,3.569283179639994,circular
86,1100,700,159.52833759777243,-85,-85,-85,-85,1350,700,252.95756879934245,3.569283179639994,circular
87,1100,700,159.52833759777243,-85,-85,-85,-85,1350,700,256.52685197898245,3.569283179639994,circular
88,1100,700,159.52833759777243,-85,-85,-85,-85,1350,700,260.0961351586224,3.569283179639994,circular
89,1100,700,159.52833759777243,-85,-85,-85,-85,1350,700,263.6654183382624,3.569283179639994,circular
90,1100,700,159.52833759777243,-85,-85,-85,-85,1350,700,267.23470151790235,3.569283179639994,circular
91,1100,700,159.52833759777243,-85,-85,-85,-85,1350,700,270.8039846975423,3.569283179639994,circular
92,1100,700,159.52833759777243,-85,-85,-85,-85,1350,700,274.3732678771823,3.569283179639994,circular
93,1100,700,159.52833759777243,-85,-85,-85,-85,1350,700,277.94255105682225,3.569283179639994,circular
94,1100,700,159.52833759777243,-85,-85,-85,-85,1350,700,281.5118342364622,3.569283179639994,circular
95,1100,700,159.52833759777243,-85,-85,-85,-85,1350,700,285.0811174161022,3.569283179639994,circular
96,1100,700,159.52833759777243,-85,-85,-85,-85,1350,700,288.65040059574216,3.569283179639994,circular
97,1100,700,159.52833759777243,-85,-85,-85,-85,1350,700,292.2196837753821,3.569283179639994,circular
98,1100,700,159.52833759777243,-85,-85,-85,-85,1350,700,295.7889669550221,3.569283179639994,circular
99,1100,700,159.52833759777243,-85,-85,-85,-85,1350,700,299.35825013466206,3.569283179639994,circular
100,1100,700,159.52833759777243,-85,-85,-85,-85,1350,700,302.927533314302,3.569283179639994,circular
101,1100,700,159.52833759777243,-85,-85,-85,-85,1350,700,306.496816493942,3.569283179639994,circular
102,1100,700,159.52833759777243,-85,-85,-85,-85,1350,700,310.06609967358196,3.569283179639994,circular
103,1100,700,159.52833759777243,-85,-85,-85,-85,1350,700,313.6353828532219,3.569283179639994,circular
104,1100,700,159.52833759777243,-85,-85,-85,-85,1350,700,317.2046660328619,3.569283179639994,circular
105,1100,700,159.52833759777243,-85,-85,-85,-85,1350,700,320.77394921250186,3.569283179639994,circular
106,1100,700,159.52833759777243,-85,-85,-85,-85,1350,700,324.34323239214183,3.569283179639994,circular
107,1100,700,159.52833759777243,-85,-85,-85,-85,1350,700,327.9125155717818,3.569283179639994,circular
108,1100,700,159.52833759777243,-85,-85,-85,-85,1350,700,331.48179875142176,3.569283179639994,circular
109,1100,700,159.52833759777243,-85,-85,-85,-85,1350,700,335.05108193106173,3.569283179639994,circular
110,1100,700,159.52833759777243,-85,-85,-85,-85,1350,700,338.6203651107017,3.569283179639994,circular
111,1100,700,159.52833759777243,-85,-85,-85,-85,1350,700,342.18964829034167,3.569283179639994,circular
112,1100,700,159.52833759777243,-85,-85,-85,-85,1350,700,345.75893146998163,3.569283179639994,circular
113,1100,700,159.52833759777243,-85,-85,-85,-85,1350,700,349.3282146496216,3.569283179639994,circular
114,1100,700,159.52833759777243,-85,-85,-85,-85,1350,700,352.89749782926157,3.569283179639994,circular
115,1100,700,159.52833759777243,-85,-85,-85,-85,1350,700,356.46678100890153,3.569283179639994,circular
116,1100,700,159.52833759777243,-85,-85,-85,-85,1350,700,0.03606418854150206,3.569283179639994,circular
117,1100,700,159.52833759777243,-85,-85,-85,-85,1350,700,3.605347368181496,3.569283179639994,circular
118,1100,700,159.52833759777243,-85,-85,-85,-85,1350,700,7.17463054782149,3.569283179639994,circular
119,1100,700,159.52833759777243,-85,-85,-85,-85,1350,700,10.743913727461484,3.569283179639994,circular
120,1100,700,159.52833759777243,-85,-85,-85,-85,1350,700,14.313196907101478,3.569283179639994,circular
121,1100,700,159.52833759777243,-85,-85,-85,-85,1350,700,17.882480086741474,3.569283179639994,circular
122,1100,700,159.52833759777243,-85,-85,-85,-85,1350,700,21.45176326638147,3.569283179639994,circular
123,1100,700,159.52833759777243,-85,-85,-85,-85,1350,700,25.021046446021465,3.569283179639994,circular
124,1100,700,159.52833759777243,-85,-85,-85,-85,1350,700,28.59032962566146,3.569283179639994,circular
125,1100,700,159.52833759777243,-85,-85,-85,-85,1350,700,32.15961280530146,3.569283179639994,circular
126,1100,700,159.52833759777243,-85,-85,-85,-85,1350,700,35.72889598494145,3.569283179639994,circular
127,1100,700,159.52833759777243,-85,-85,-85,-85,1350,700,39.29817916458145,3.569283179639994,circular
128,1100,700,159.52833759777243,-85,-85,-85,-85,1350,700,42.867462344221444,3.569283179639994,circular
129,1100,700,159.52833759777243,-85,-85,-85,-85,1350,700,46.43674552386144,3.569283179639994,circular
130,1100,700,159.52833759777243,-85,-85,-85,-85,1350,700,50.006028703501435,3.569283179639994,circular
131,1100,700,159.52833759777243,-85,-85,-85,-85,1350,700,53.57531188314143,3.569283179639994,circular
132,1100,700,159.52833759777243,-85,-85,-85,-85,1350,700,57.14459506278143,3.569283179639994,circular
133,1100,700,159.52833759777243,-85,-85,-85,-85,1350,700,60.71387824242142,3.569283179639994,circular
134,1100,700,159.52833759777243,-85,-85,-85,-85,1350,700,64.28316142206141,3.569283179639994,circular
135,1100,700,159.52833759777243,-85,-85,-85,-85,1350,700,67.85244460170141,3.569283179639994,circular
136,1100,700,159.52833759777243,-85,-85,-85,-85,1350,700,71.4217277813414,3.569283179639994,circular
137,1100,700,159.52833759777243,-85,-85,-85,-85,1350,700,74.9910109609814,3.569283179639994,circular
138,1100,700,159.52833759777243,-85,-85,-85,-85,1350,700,78.5602941406214,3.569283179639994,circular
139,1100,700,159.52833759777243,-85,-85,-85,-85,1350,700,82.12957732026139,3.569283179639994,circular
140,1100,700,159.52833759777243,-85,-85,-85,-85,1350,700,85.69886049990139,3.569283179639994,circular
141,1100,700,159.52833759777243,-85,-85,-85,-85,1350,700,89.26814367954138,3.569283179639994,circular
142,1100,700,159.52833759777243,-85,-85,-85,-85,1350,700,92.83742685918138,3.569283179639994,circular
143,1100,700,159.52833759777243,-85,-85,-85,-85,1350,700,96.40671003882137,3.569283179639994,circular
144,1100,700,159.52833759777243,-85,-85,-85,-85,1350,700,99.97599321846137,3.569283179639994,circular
145,1100,700,159.52833759777243,-85,-85,-85,-85,1350,700,103.54527639810136,3.569283179639994,circular
146,1100,700,159.52833759777243,-85,-85,-85,-85,1350,700,107.11455957774136,3.569283179639994,circular
147,1100,700,159.52833759777243,-85,-85,-85,-85,1350,700,110.68384275738136,3.569283179639994,circular
148,1100,700,159.52833759777243,-85,-85,-85,-85,1350,700,114.25312593702135,3.569283179639994,circular
149,1100,700,159.52833759777243,-85,-85,-85,-85,1350,700,117.82240911666135,3.569283179639994,circular
150,1100,700,159.52833759777243,-85,-85,-85,-85,1350,700,121.39169229630134,3.569283179639994,circular
151,1100,700,159.52833759777243,-85,-85,-85,-85,1350,700,124.96097547594134,3.569283179639994,circular
152,1100,700,159.52833759777243,-85,-85,-85,-85,1350,700,128.53025865558132,3.569283179639994,circular
153,1100,700,159.52833759777243,-85,-85,-85,-85,1350,700,132.09954183522132,3.569283179639994,circular
154,1100,700,159.52833759777243,-85,-85,-85,-85,1350,700,135.6688250148613,3.569283179639994,circular
155,1100,700,159.52833759777243,-85,-85,14.513447644213304,-85,1350,700,139.2381081945013,3.569283179639994,circular
156,1100,700,159.52833759777243,-85,16.269948115724727,19.25639156218217,-85,1350,700,142.8073913741413,3.569283179639994,circular
157,1100,700,159.52833759777243,-85,19.25639156218217,20.97742610025734,-85,1350,700,146.3766745537813,3.569283179639994,circular
158,1100,700,159.52833759777243,-85,21.41811930585211,22.496022074683278,-85,1350,700,149.9459577334213,3.569283179639994,circular
159,1100,700,159.52833759777243,-85,22.496022074683278,23.31969953712386,-85,1350,700,153.5152409130613,3.569283179639994,circular
160,1100,700,159.52833759777243,-85,23.553218972269416,24.1582774269213,-85,1350,700,157.0845240927013,3.569283179639994,circular
161,1100,700,159.52833759777243,-85,24.1582774269213,24.78833704083229,-85,1350,700,160.65380727234128,3.569283179639994,circular
162,1100,700,159.52833759777243,-85,24.78833704083229,25.157178905256924,-85,1350,700,164.22309045198128,3.569283179639994,circular
163,1100,700,159.52833759777243,-85,25.26334459461691,25.536951728381826,-85,1350,700,167.79237363162127,3.569283179639994,circular
164,1100,700,159.52833759777243,-85,25.536951728381826,25.7492610641292,-85,1350,700,171.36165681126127,3.569283179639994,circular
165,1100,700,159.52833759777243,-85,25.80746062382631,25.946643644493044,-85,1350,700,174.93093999090127,3.569283179639994,circular
166,1100,700,159.52833759777243,-85,25.946643644493044,26.035130213615616,-85,1350,700,178.50022317054126,3.569283179639994,circular
167,1100,700,159.52833759777243,-85,26.053745949214605,26.077602459396946,-85,1350,700,182.06950635018126,3.569283179639994,circular
168,1100,700,159.52833759777243,-85,26.077602459396946,26.053745949214605,-85,1350,700,185.63878952982125,3.569283179639994,circular
169,1100,700,159.52833759777243,-85,26.053745949214605,25.9816463993744,-85,1350,700,189.20807270946125,3.569283179639994,circular
170,1100,700,159.52833759777243,-85,25.946643644493044,25.807460623826316,-85,1350,700,192.77735588910124,3.569283179639994,circular
171,1100,700,159.52833759777243,-85,25.807460623826316,25.614204328866276,-85,1350,700,196.34663906874124,3.569283179639994,circular
172,1100,700,159.52833759777243,-85,25.536951728381826,25.263344594616918,-85,1350,700,199.91592224838124,3.569283179639994,circular
173,1100,700,159.52833759777243,-85,25.263344594616918,24.92014212493214,-85,1350,700,203.48520542802123,3.569283179639994,circular
174,1100,700,159.52833759777243,-85,24.788337040832293,24.332711411139446,-85,1350,700,207.05448860766123,3.569283179639994,circular
175,1100,700,159.52833759777243,-85,24.332711411139446,23.553218972269416,-85,1350,700,210.62377178730122,3.569283179639994,circular
176,1100,700,159.52833759777243,-85,23.553218972269416,22.793695368992225,-85,1350,700,214.19305496694122,3.569283179639994,circular
177,1100,700,159.52833759777243,-85,22.496022074683278,21.418119305852123,-85,1350,700,217.76233814658121,3.569283179639994,circular
178,1100,700,159.52833759777243,-85,21.418119305852123,19.914354227256315,-85,1350,700,221.3316213262212,3.569283179639994,circular
179,1100,700,159.52833759777243,-85,19.25639156218219,16.269948115724716,-85,1350,700,224.9009045058612,3.569283179639994,circular
180,1100,700,159.52833759777243,-85,16.269948115724716,-85,-85,1350,700,228.4701876855012,3.569283179639994,circular
181,1100,700,159.52833759777243,-85,-85,-85,-85,1350,700,232.0394708651412,3.569283179639994,circular
182,1100,700,159.52833759777243,-85,-85,-85,-85,1350,700,235.6087540447812,3.569283179639994,circular
183,1100,700,159.52833759777243,-85,-85,-85,-85,1350,700,239.1780372244212,3.569283179639994,circular
184,1100,700,159.52833759777243,-85,-85,-85,-85,1350,700,242.74732040406118,3.569283179639994,circular
185,1100,700,159.52833759777243,-85,-85,-85,-85,1350,700,246.31660358370118,3.569283179639994,circular
186,1100,700,159.52833759777243,-85,-85,-85,-85,1350,700,249.88588676334118,3.569283179639994,circular
187,1100,700,159.52833759777243,-85,-85,-85,-85,1350,700,253.45516994298117,3.569283179639994,circular
188,1100,700,159.52833759777243,-85,-85,-85,-85,1350,700,257.02445312262114,3.569283179639994,circular
189,1100,700,159.52833759777243,-85,-85,-85,-85,1350,700,260.5937363022611,3.569283179639994,circular
190,1100,700,159.52833759777243,-85,-85,-85,-85,1350,700,264.1630194819011,3.569283179639994,circular
191,1100,700,159.52833759777243,-85,-85,-85,-85,1350,700,267.73230266154104,3.569283179639994,circular
192,1100,700,159.52833759777243,-85,-85,-85,-85,1350,700,271.301585841181,3.569283179639994,circular
193,1100,700,159.52833759777243,-85,-85,-85,-85,1350,700,274.870869020821,3.569283179639994,circular
194,1100,700,159.52833759777243,-85,-85,-85,-85,1350,700,278.44015220046094,3.569283179639994,circular
195,1100,700,159.52833759777243,-85,-85,-85,-85,1350,700,282.0094353801009,3.569283179639994,circular
196,1100,700,159.52833759777243,-85,-85,-85,-85,1350,700,285.5787185597409,3.569283179639994,circular
197,1100,700,159.52833759777243,-85,-85,-85,-85,1350,700,289.14800173938085,3.569283179639994,circular
198,1100,700,159.52833759777243,-85,-85,-85,-85,1350,700,292.7172849190208,3.569283179639994,circular
199,1100,700,159.52833759777243,-85,-85,-85,-85,1350,700,296.2865680986608,3.569283179639994,circular
200,1100,700,159.52833759777243,-85,-85,-85,-85,1350,700,299.85585127830075,3.569283179639994,circular
201,1100,700,159.52833759777243,-85,-85,-85,-85,1350,700,303.4251344579407,3.569283179639994,circular
202,1100,700,159.52833759777243,-85,-85,-85,-85,1350,700,306.9944176375807,3.569283179639994,circular
203,1100,700,159.52833759777243,-85,-85,-85,-85,1350,700,310.56370081722065,3.569283179639994,circular
204,1100,700,159.52833759777243,-85,-85,-85,-85,1350,700,314.1329839968606,3.569283179639994,circular
205,1100,700,159.52833759777243,-85,-85,-85,-85,1350,700,317.7022671765006,3.569283179639994,circular
206,1100,700,159.52833759777243,-85,-85,-85,-85,1350,700,321.27155035614055,3.569283179639994,circular
207,1100,700,159.52833759777243,-85,-85,-85,-85,1350,700,324.8408335357805,3.569283179639994,circular
208,1100,700,159.52833759777243,-85,-85,-85,-85,1350,700,328.4101167154205,3.569283179639994,circular
209,1100,700,159.52833759777243,-85,-85,-85,-85,1350,700,331.97939989506045,3.569283179639994,circular
210,1100,700,159.52833759777243,-85,-85,-85,-85,1350,700,335.5486830747004,3.569283179639994,circular
211,1100,700,159.52833759777243,-85,-85,-85,-85,1350,700,339.1179662543404,3.569283179639994,circular
212,1100,700,159.52833759777243,-85,-85,-85,-85,1350,700,342.68724943398036,3.569283179639994,circular
213,1100,700,159.52833759777243,-85,-85,-85,-85,1350,700,346.2565326136203,3.569283179639994,circular
214,1100,700,159.52833759777243,-85,-85,-85,-85,1350,700,349.8258157932603,3.569283179639994,circular
215,1100,700,159.52833759777243,-85,-85,-85,-85,1350,700,353.39509897290026,3.569283179639994,circular
216,1100,700,159.52833759777243,-85,-85,-85,-85,1350,700,356.9643821525402,3.569283179639994,circular
217,1100,700,159.52833759777243,-85,-85,-85,-85,1350,700,0.5336653321801919,3.569283179639994,circular
218,1100,700,159.52833759777243,-85,-85,-85,-85,1350,700,4.102948511820186,3.569283179639994,circular
219,1100,700,159.52833759777243,-85,-85,-85,-85,1350,700,7.67223169146018,3.569283179639994,circular
220,1100,700,159.52833759777243,-85,-85,-85,-85,1350,700,11.241514871100174,3.569283179639994,circular
221,1100,700,159.52833759777243,-85,-85,-85,-85,1350,700,14.810798050740168,3.569283179639994,circular
222,1100,700,159.52833759777243,-85,-85,-85,-85,1350,700,18.380081230380164,3.569283179639994,circular
223,1100,700,159.52833759777243,-85,-85,-85,-85,1350,700,21.94936441002016,3.569283179639994,circular
224,1100,700,159.52833759777243,-85,-85,-85,-85,1350,700,25.518647589660155,3.569283179639994,circular
225,1100,700,159.52833759777243,-85,-85,-85,-85,1350,700,29.08793076930015,3.569283179639994,circular
226,1100,700,159.52833759777243,-85,-85,-85,-85,1350,700,32.65721394894015,3.569283179639994,circular
227,1100,700,159.52833759777243,-85,-85,-85,-85,1350,700,36.22649712858014,3.569283179639994,circular
228,1100,700,159.52833759777243,-85,-85,-85,-85,1350,700,39.79578030822014,3.569283179639994,circular
229,1100,700,159.52833759777243,-85,-85,-85,-85,1350,700,43.365063487860134,3.569283179639994,circular
230,1100,700,159.52833759777243,-85,-85,-85,-85,1350,700,46.93434666750013,3.569283179639994,circular
231,1100,700,159.52833759777243,-85,-85,-85,-85,1350,700,50.503629847140125,3.569283179639994,circular
232,1100,700,159.52833759777243,-85,-85,-85,-85,1350,700,54.07291302678012,3.569283179639994,circular
233,1100,700,159.52833759777243,-85,-85,-85,-85,1350,700,57.64219620642012,3.569283179639994,circular
234,1100,700,159.52833759777243,-85,-85,-85,-85,1350,700,61.21147938606011,3.569283179639994,circular
235,1100,700,159.52833759777243,-85,-85,-85,-85,1350,700,64.7807625657001,3.569283179639994,circular
236,1100,700,159.52833759777243,-85,-85,-85,-85,1350,700,68.3500457453401,3.569283179639994,circular
237,1100,700,159.52833759777243,-85,-85,-85,-85,1350,700,71.91932892498009,3.569283179639994,circular
238,1100,700,159.52833759777243,-85,-85,-85,-85,1350,700,75.48861210462009,3.569283179639994,circular
239,1100,700,159.52833759777243,-85,-85,-85,-85,1350,700,79.05789528426008,3.569283179639994,circular
240,1100,700,159.52833759777243,-85,-85,-85,-85,1350,700,82.62717846390008,3.569283179639994,circular
241,1100,700,159.52833759777243,-85,-85,-85,-85,1350,700,86.19646164354008,3.569283179639994,circular
242,1100,700,159.52833759777243,-85,-85,-85,-85,1350,700,89.76574482318007,3.569283179639994,circular
243,1100,700,159.52833759777243,-85,-85,-85,-85,1350,700,93.33502800282007,3.569283179639994,circular
244,1100,700,159.52833759777243,-85,-85,-85,-85,1350,700,96.90431118246006,3.569283179639994,circular
245,1100,700,159.52833759777243,-85,-85,-85,-85,1350,700,100.47359436210006,3.569283179639994,circular
246,1100,700,159.52833759777243,-85,-85,-85,-85,1350,700,104.04287754174005,3.569283179639994,circular
247,1100,700,159.52833759777243,-85,-85,-85,-85,1350,700,107.61216072138005,3.569283179639994,circular
248,1100,700,159.52833759777243,-85,-85,-85,-85,1350,700,111.18144390102005,3.569283179639994,circular
249,1100,700,159.52833759777243,-85,-85,-85,-85,1350,700,114.75072708066004,3.569283179639994,circular
250,1100,700,159.52833759777243,-85,-85,-85,-85,1350,700,118.32001026030004,3.569283179639994,circular
251,1100,700,159.52833759777243,-85,-85,-85,-85,1350,700,121.88929343994003,3.569283179639994,circular
252,1100,700,159.52833759777243,-85,-85,-85,-85,1350,700,125.45857661958003,3.569283179639994,circular
253,1100,700,159.52833759777243,-85,-85,-85,-85,1350,700,129.02785979922,3.569283179639994,circular
254,1100,700,159.52833759777243,-85,-85,-85,-85,1350,700,132.59714297886,3.569283179639994,circular
255,1100,700,159.52833759777243,-85,-85,-85,-85,1350,700,136.1664261585,3.569283179639994,circular
256,1100,700,159.52833759777243,-85,-85,16.269948115724727,-85,1350,700,139.73570933814,3.569283179639994,circular
257,1100,700,159.52833759777243,-85,16.269948115724727,19.25639156218217,-85,1350,700,143.30499251778,3.569283179639994,circular
258,1100,700,159.52833759777243,-85,19.91435422725632,21.41811930585211,-85,1350,700,146.87427569742,3.569283179639994,circular
259,1100,700,159.52833759777243,-85,21.41811930585211,22.496022074683278,-85,1350,700,150.44355887705998,3.569283179639994,circular
260,1100,700,159.52833759777243,-85,22.793695368992218,23.553218972269416,-85,1350,700,154.01284205669998,3.569283179639994,circular
261,1100,700,159.52833759777243,-85,23.553218972269416,24.33271141113945,-85,1350,700,157.58212523633998,3.569283179639994,circular
262,1100,700,159.52833759777243,-85,24.33271141113945,24.78833704083229,-85,1350,700,161.15140841597997,3.569283179639994,circular
263,1100,700,159.52833759777243,-85,24.92014212493214,25.26334459461691,-85,1350,700,164.72069159561997,3.569283179639994,circular
264,1100,700,159.52833759777243,-85,25.26334459461691,25.536951728381826,-85,1350,700,168.28997477525996,3.569283179639994,circular
265,1100,700,159.52833759777243,-85,25.614204328866276,25.80746062382631,-85,1350,700,171.85925795489996,3.569283179639994,circular
266,1100,700,159.52833759777243,-85,25.80746062382631,25.946643644493044,-85,1350,700,175.42854113453996,3.569283179639994,circular
267,1100,700,159.52833759777243,-85,25.9816463993744,26.053745949214605,-85,1350,700,178.99782431417995,3.569283179639994,circular
268,1100,700,159.52833759777243,-85,26.053745949214605,26.077602459396946,-85,1350,700,182.56710749381995,3.569283179639994,circular
269,1100,700,159.52833759777243,-85,26.077602459396946,26.053745949214605,-85,1350,700,186.13639067345994,3.569283179639994,circular
270,1100,700,159.52833759777243,-85,26.035130213615616,25.946643644493044,-85,1350,700,189.70567385309994,3.569283179639994,circular
271,1100,700,159.52833759777243,-85,25.946643644493044,25.807460623826316,-85,1350,700,193.27495703273993,3.569283179639994,circular
272,1100,700,159.52833759777243,-85,25.7492610641292,25.536951728381826,-85,1350,700,196.84424021237993,3.569283179639994,circular
273,1100,700,159.52833759777243,-85,25.536951728381826,25.263344594616918,-85,1350,700,200.41352339201993,3.569283179639994,circular
274,1100,700,159.52833759777243,-85,25.157178905256924,24.788337040832293,-85,1350,700,203.98280657165992,3.569283179639994,circular
275,1100,700,159.52833759777243,-85,24.788337040832293,24.332711411139446,-85,1350,700,207.55208975129992,3.569283179639994,circular
276,1100,700,159.52833759777243,-85,24.1582774269213,23.553218972269416,-85,1350,700,211.1213729309399,3.569283179639994,circular
277,1100,700,159.52833759777243,-85,23.319699537123853,22.496022074683278,-85,1350,700,214.6906561105799,3.569283179639994,circular
278,1100,700,159.52833759777243,-85,22.496022074683278,21.418119305852123,-85,1350,700,218.2599392902199,3.569283179639994,circular
279,1100,700,159.52833759777243,-85,20.97742610025735,19.25639156218219,-85,1350,700,221.8292224698599,3.569283179639994,circular
280,1100,700,159.52833759777243,-85,19.25639156218219,16.269948115724716,-85,1350,700,225.3985056494999,3.569283179639994,circular
281,1100,700,159.52833759777243,-85,14.513447644213265,-85,-85,1350,700,228.9677888291399,3.569283179639994,circular
282,1100,700,159.52833759777243,-85,-85,-85,-85,1350,700,232.5370720087799,3.569283179639994,circular
283,1100,700,159.52833759777243,-85,-85,-85,-85,1350,700,236.10635518841988,3.569283179639994,circular
284,1100,700,159.52833759777243,-85,-85,-85,-85,1350,700,239.67563836805988,3.569283179639994,circular
285,1100,700,159.52833759777243,-85,-85,-85,-85,1350,700,243.24492154769987,3.569283179639994,circular
286,1100,700,159.52833759777243,-85,-85,-85,-85,1350,700,246.81420472733987,3.569283179639994,circular
287,1100,700,159.52833759777243,-85,-85,-85,-85,1350,700,250.38348790697987,3.569283179639994,circular
288,1100,700,159.52833759777243,-85,-85,-85,-85,1350,700,253.95277108661986,3.569283179639994,circular
289,1100,700,159.52833759777243,-85,-85,-85,-85,1350,700,257.52205426625983,3.569283179639994,circular
290,1100,700,159.52833759777243,-85,-85,-85,-85,1350,700,261.0913374458998,3.569283179639994,circular
291,1100,700,159.52833759777243,-85,-85,-85,-85,1350,700,264.66062062553976,3.569283179639994,circular
292,1100,700,159.52833759777243,-85,-85,-85,-85,1350,700,268.22990380517973,3.569283179639994,circular
293,1100,700,159.52833759777243,-85,-85,-85,-85,1350,700,271.7991869848197,3.569283179639994,circular
294,1100,700,159.52833759777243,-85,-85,-85,-85,1350,700,275.36847016445967,3.569283179639994,circular
295,1100,700,159.52833759777243,-85,-85,-85,-85,1350,700,278.93775334409963,3.569283179639994,circular
296,1100,700,159.52833759777243,-85,-85,-85,-85,1350,700,282.5070365237396,3.569283179639994,circular
297,1100,700,159.52833759777243,-85,-85,-85,-85,1350,700,286.07631970337957,3.569283179639994,circular
298,1100,700,159.52833759777243,-85,-85,-85,-85,1350,700,289.64560288301954,3.569283179639994,circular
299,1100,700,159.52833759777243,-85,-85,-85,-85,1350,700,293.2148860626595,3.569283179639994,circular
300,1100,700,159.52833759777243,-85,-85,-85,-85,1350,700,296.78416924229947,3.569283179639994,circular
301,1100,700,159.52833759777243,-85,-85,-85,-85,1350,700,300.35345242193944,3.569283179639994,circular
302,1100,700,159.52833759777243,-85,-85,-85,-85,1350,700,303.9227356015794,3.569283179639994,circular
303,1100,700,159.52833759777243,-85,-85,-85,-85,1350,700,307.4920187812194,3.569283179639994,circular
304,1100,700,159.52833759777243,-85,-85,-85,-85,1350,700,311.06130196085934,3.569283179639994,circular
305,1100,700,159.52833759777243,-85,-85,-85,-85,1350,700,314.6305851404993,3.569283179639994,circular
306,1100,700,159.52833759777243,-85,-85,-85,-85,1350,700,318.1998683201393,3.569283179639994,circular
307,1100,700,159.52833759777243,-85,-85,-85,-85,1350,700,321.76915149977924,3.569283179639994,circular
308,1100,700,159.52833759777243,-85,-85,-85,-85,1350,700,325.3384346794192,3.569283179639994,circular
309,1100,700,159.52833759777243,-85,-85,-85,-85,1350,700,328.9077178590592,3.569283179639994,circular
310,1100,700,159.52833759777243,-85,-85,-85,-85,1350,700,332.47700103869914,3.569283179639994,circular
311,1100,700,159.52833759777243,-85,-85,-85,-85,1350,700,336.0462842183391,3.569283179639994,circular
312,1100,700,159.52833759777243,-85,-85,-85,-85,1350,700,339.6155673979791,3.569283179639994,circular
313,1100,700,159.52833759777243,-85,-85,-85,-85,1350,700,343.18485057761904,3.569283179639994,circular
314,1100,700,159.52833759777243,-85,-85,-85,-85,1350,700,346.754133757259,3.569283179639994,circular
315,1100,700,159.52833759777243,-85,-85,-85,-85,1350,700,350.323416936899,3.569283179639994,circular
316,1100,700,159.52833759777243,-85,-85,-85,-85,1350,700,353.89270011653895,3.569283179639994,circular
317,1100,700,159.52833759777243,-85,-85,-85,-85,1350,700,357.4619832961789,3.569283179639994,circular
318,1100,700,159.52833759777243,-85,-85,-85,-85,1350,700,1.0312664758188816,3.569283179639994,circular
319,1100,700,159.52833759777243,-85,-85,-85,-85,1350,700,4.600549655458876,3.569283179639994,circular
320,1100,700,159.52833759777243,-85,-85,-85,-85,1350,700,8.16983283509887,3.569283179639994,circular
321,1100,700,159.52833759777243,-85,-85,-85,-85,1350,700,11.739116014738864,3.569283179639994,circular
322,1100,700,159.52833759777243,-85,-85,-85,-85,1350,700,15.308399194378858,3.569283179639994,circular
323,1100,700,159.52833759777243,-85,-85,-85,-85,1350,700,18.877682374018853,3.569283179639994,circular
324,1100,700,159.52833759777243,-85,-85,-85,-85,1350,700,22.44696555365885,3.569283179639994,circular
325,1100,700,159.52833759777243,-85,-85,-85,-85,1350,700,26.016248733298845,3.569283179639994,circular
326,1100,700,159.52833759777243,-85,-85,-85,-85,1350,700,29.58553191293884,3.569283179639994,circular
327,1100,700,159.52833759777243,-85,-85,-85,-85,1350,700,33.154815092578836,3.569283179639994,circular
328,1100,700,159.52833759777243,-85,-85,-85,-85,1350,700,36.72409827221883,3.569283179639994,circular
329,1100,700,159.52833759777243,-85,-85,-85,-85,1350,700,40.29338145185883,3.569283179639994,circular
330,1100,700,159.52833759777243,-85,-85,-85,-85,1350,700,43.862664631498824,3.569283179639994,circular
331,1100,700,159.52833759777243,-85,-85,-85,-85,1350,700,47.43194781113882,3.569283179639994,circular
332,1100,700,159.52833759777243,-85,-85,-85,-85,1350,700,51.001230990778815,3.569283179639994,circular
333,1100,700,159.52833759777243,-85,-85,-85,-85,1350,700,54.57051417041881,3.569283179639994,circular
334,1100,700,159.52833759777243,-85,-85,-85,-85,1350,700,58.13979735005881,3.569283179639994,circular
335,1100,700,159.52833759777243,-85,-85,-85,-85,1350,700,61.7090805296988,3.569283179639994,circular
336,1100,700,159.52833759777243,-85,-85,-85,-85,1350,700,65.27836370933879,3.569283179639994,circular
337,1100,700,159.52833759777243,-85,-85,-85,-85,1350,700,68.84764688897879,3.569283179639994,circular
338,1100,700,159.52833759777243,-85,-85,-85,-85,1350,700,72.41693006861878,3.569283179639994,circular
339,1100,700,159.52833759777243,-85,-85,-85,-85,1350,700,75.98621324825878,3.569283179639994,circular
340,1100,700,159.52833759777243,-85,-85,-85,-85,1350,700,79.55549642789877,3.569283179639994,circular
341,1100,700,159.52833759777243,-85,-85,-85,-85,1350,700,83.12477960753877,3.569283179639994,circular
342,1100,700,159.52833759777243,-85,-85,-85,-85,1350,700,86.69406278717877,3.569283179639994,circular
343,1100,700,159.52833759777243,-85,-85,-85,-85,1350,700,90.26334596681876,3.569283179639994,circular
344,1100,700,159.52833759777243,-85,-85,-85,-85,1350,700,93.83262914645876,3.569283179639994,circular
345,1100,700,159.52833759777243,-85,-85,-85,-85,1350,700,97.40191232609875,3.569283179639994,circular
346,1100,700,159.52833759777243,-85,-85,-85,-85,1350,700,100.97119550573875,3.569283179639994,circular
347,1100,700,159.52833759777243,-85,-85,-85,-85,1350,700,104.54047868537874,3.569283179639994,circular
348,1100,700,159.52833759777243,-85,-85,-85,-85,1350,700,108.10976186501874,3.569283179639994,circular
349,1100,700,159.52833759777243,-85,-85,-85,-85,1350,700,111.67904504465874,3.569283179639994,circular
350,1100,700,159.52833759777243,-85,-85,-85,-85,1350,700,115.24832822429873,3.569283179639994,circular
351,1100,700,159.52833759777243,-85,-85,-85,-85,1350,700,118.81761140393873,3.569283179639994,circular
352,1100,700,159.52833759777243,-85,-85,-85,-85,1350,700,122.38689458357872,3.569283179639994,circular
353,1100,700,159.52833759777243,-85,-85,-85,-85,1350,700,125.95617776321872,3.569283179639994,circular
354,1100,700,159.52833759777243,-85,-85,-85,-85,1350,700,129.5254609428587,3.569283179639994,circular
355,1100,700,159.52833759777243,-85,-85,-85,-85,1350,700,133.0947441224987,3.569283179639994,circular
356,1100,700,159.52833759777243,-85,-85,-85,-85,1350,700,136.6640273021387,3.569283179639994,circular
357,1100,700,159.52833759777243,-85,-85,16.269948115724727,-85,1350,700,140.2333104817787,3.569283179639994,circular
358,1100,700,159.52833759777243,-85,17.513155499392102,19.91435422725632,-85,1350,700,143.80259366141868,3.569283179639994,circular
359,1100,700,159.52833759777243,-85,19.91435422725632,21.41811930585211,-85,1350,700,147.37187684105868,3.569283179639994,circular
360,1100,700,159.52833759777243,-85,21.813356630230874,22.793695368992218,-85,1350,700,150.94116002069867,3.569283179639994,circular
361,1100,700,159.52833759777243,-85,22.793695368992218,23.553218972269416,-85,1350,700,154.51044320033867,3.569283179639994,circular
362,1100,700,159.52833759777243,-85,23.769789312347285,24.33271141113945,-85,1350,700,158.07972637997867,3.569283179639994,circular
363,1100,700,159.52833759777243,-85,24.33271141113945,24.92014212493214,-85,1350,700,161.64900955961866,3.569283179639994,circular
364,1100,700,159.52833759777243,-85,24.92014212493214,25.26334459461691,-85,1350,700,165.21829273925866,3.569283179639994,circular
365,1100,700,159.52833759777243,-85,25.36180729449956,25.614204328866276,-85,1350,700,168.78757591889865,3.569283179639994,circular
366,1100,700,159.52833759777243,-85,25.614204328866276,25.80746062382631,-85,1350,700,172.35685909853865,3.569283179639994,circular
367,1100,700,159.52833759777243,-85,25.859665714847075,25.9816463993744,-85,1350,700,175.92614227817865,3.569283179639994,circular
368,1100,700,159.52833759777243,-85,25.9816463993744,26.053745949214605,-85,1350,700,179.49542545781864,3.569283179639994,circular
369,1100,700,159.52833759777243,-85,26.067010357935978,26.077602459396946,-85,1350,700,183.06470863745864,3.569283179639994,circular
370,1100,700,159.52833759777243,-85,26.077602459396946,26.035130213615616,-85,1350,700,186.63399181709863,3.569283179639994,circular
371,1100,700,159.52833759777243,-85,26.035130213615616,25.946643644493044,-85,1350,700,190.20327499673863,3.569283179639994,circular
372,1100,700,159.52833759777243,-85,25.906018829630398,25.7492610641292,-85,1350,700,193.77255817637862,3.569283179639994,circular
373,1100,700,159.52833759777243,-85,25.7492610641292,25.536951728381826,-85,1350,700,197.34184135601862,3.569283179639994,circular
374,1100,700,159.52833759777243,-85,25.452908776355446,25.157178905256924,-85,1350,700,200.91112453565862,3.569283179639994,circular
375,1100,700,159.52833759777243,-85,25.157178905256924,24.788337040832293,-85,1350,700,204.4804077152986,3.569283179639994,circular
376,1100,700,159.52833759777243,-85,24.646943359767004,24.1582774269213,-85,1350,700,208.0496908949386,3.569283179639994,circular
377,1100,700,159.52833759777243,-85,24.1582774269213,23.319699537123853,-85,1350,700,211.6189740745786,3.569283179639994,circular
378,1100,700,159.52833759777243,-85,23.319699537123853,22.496022074683278,-85,1350,700,215.1882572542186,3.569283179639994,circular
379,1100,700,159.52833759777243,-85,22.170735458799452,20.97742610025735,-85,1350,700,218.7575404338586,3.569283179639994,circular
380,1100,700,159.52833759777243,-85,20.97742610025735,19.25639156218219,-85,1350,700,222.3268236134986,3.569283179639994,circular
381,1100,700,159.52833759777243,-85,18.474304759512954,14.513447644213265,-85,1350,700,225.89610679313859,3.569283179639994,circular
382,1100,700,159.52833759777243,-85,14.513447644213265,-85,-85,1350,700,229.46538997277858,3.569283179639994,circular
383,1100,700,159.52833759777243,-85,-85,-85,-85,1350,700,233.03467315241858,3.569283179639994,circular
384,1100,700,159.52833759777243,-85,-85,-85,-85,1350,700,236.60395633205857,3.569283179639994,circular
385,1100,700,159.52833759777243,-85,-85,-85,-85,1350,700,240.17323951169857,3.569283179639994,circular
386,1100,700,159.52833759777243,-85,-85,-85,-85,1350,700,243.74252269133856,3.569283179639994,circular
387,1100,700,159.52833759777243,-85,-85,-85,-85,1350,700,247.31180587097856,3.569283179639994,circular
388,1100,700,159.52833759777243,-85,-85,-85,-85,1350,700,250.88108905061856,3.569283179639994,circular
389,1100,700,159.52833759777243,-85,-85,-85,-85,1350,700,254.45037223025855,3.569283179639994,circular
390,1100,700,159.52833759777243,-85,-85,-85,-85,1350,700,258.0196554098985,3.569283179639994,circular
391,1100,700,159.52833759777243,-85,-85,-85,-85,1350,700,261.5889385895385,3.569283179639994,circular
392,1100,700,159.52833759777243,-85,-85,-85,-85,1350,700,265.15822176917845,3.569283179639994,circular
393,1100,700,159.52833759777243,-85,-85,-85,-85,1350,700,268.7275049488184,3.569283179639994,circular
394,1100,700,159.52833759777243,-85,-85,-85,-85,1350,700,272.2967881284584,3.569283179639994,circular
395,1100,700,159.52833759777243,-85,-85,-85,-85,1350,700,275.86607130809836,3.569283179639994,circular
396,1100,700,159.52833759777243,-85,-85,-85,-85,1350,700,279.4353544877383,3.569283179639994,circular
397,1100,700,159.52833759777243,-85,-85,-85,-85,1350,700,283.0046376673783,3.569283179639994,circular
398,1100,700,159.52833759777243,-85,-85,-85,-85,1350,700,286.57392084701826,3.569283179639994,circular
399,1100,700,159.52833759777243,-85,-85,-85,-85,1350,700,290.1432040266582,3.569283179639994,circular
400,1100,700,159.52833759777243,-85,-85,-85,-85,1350,700,293.7124872062982,3.569283179639994,circular
401,1100,700,159.52833759777243,-85,-85,-85,-85,1350,700,297.28177038593816,3.569283179639994,circular
402,1100,700,159.52833759777243,-85,-85,-85,-85,1350,700,300.8510535655781,3.569283179639994,circular
403,1100,700,159.52833759777243,-85,-85,-85,-85,1350,700,304.4203367452181,3.569283179639994,circular
404,1100,700,159.52833759777243,-85,-85,-85,-85,1350,700,307.98961992485806,3.569283179639994,circular
405,1100,700,159.52833759777243,-85,-85,-85,-85,1350,700,311.55890310449803,3.569283179639994,circular
406,1100,700,159.52833759777243,-85,-85,-85,-85,1350,700,315.128186284138,3.569283179639994,circular
407,1100,700,159.52833759777243,-85,-85,-85,-85,1350,700,318.69746946377796,3.569283179639994,circular
408,1100,700,159.52833759777243,-85,-85,-85,-85,1350,700,322.26675264341793,3.569283179639994,circular
409,1100,700,159.52833759777243,-85,-85,-85,-85,1350,700,325.8360358230579,3.569283179639994,circular
410,1100,700,159.52833759777243,-85,-85,-85,-85,1350,700,329.40531900269787,3.569283179639994,circular
411,1100,700,159.52833759777243,-85,-85,-85,-85,1350,700,332.97460218233783,3.569283179639994,circular
412,1100,700,159.52833759777243,-85,-85,-85,-85,1350,700,336.5438853619778,3.569283179639994,circular
413,1100,700,159.52833759777243,-85,-85,-85,-85,1350,700,340.11316854161777,3.569283179639994,circular
414,1100,700,159.52833759777243,-85,-85,-85,-85,1350,700,343.68245172125773,3.569283179639994,circular
415,1100,700,159.52833759777243,-85,-85,-85,-85,1350,700,347.2517349008977,3.569283179639994,circular
416,1100,700,159.52833759777243,-85,-85,-85,-85,1350,700,350.82101808053767,3.569283179639994,circular
417,1100,700,159.52833759777243,-85,-85,-85,-85,1350,700,354.39030126017764,3.569283179639994,circular
418,1100,700,159.52833759777243,-85,-85,-85,-85,1350,700,357.9595844398176,3.569283179639994,circular
419,1100,700,159.52833759777243,-85,-85,-85,-85,1350,700,1.5288676194575714,3.569283179639994,circular
420,1100,700,159.52833759777243,-85,-85,-85,-85,1350,700,5.098150799097565,3.569283179639994,circular
421,1100,700,159.52833759777243,-85,-85,-85,-85,1350,700,8.66743397873756,3.569283179639994,circular
422,1100,700,159.52833759777243,-85,-85,-85,-85,1350,700,12.236717158377553,3.569283179639994,circular
423,1100,700,159.52833759777243,-85,-85,-85,-85,1350,700,15.806000338017547,3.569283179639994,circular
424,1100,700,159.52833759777243,-85,-85,-85,-85,1350,700,19.375283517657543,3.569283179639994,circular
425,1100,700,159.52833759777243,-85,-85,-85,-85,1350,700,22.94456669729754,3.569283179639994,circular
426,1100,700,159.52833759777243,-85,-85,-85,-85,1350,700,26.513849876937535,3.569283179639994,circular
427,1100,700,159.52833759777243,-85,-85,-85,-85,1350,700,30.08313305657753,3.569283179639994,circular
428,1100,700,159.52833759777243,-85,-85,-85,-85,1350,700,33.652416236217526,3.569283179639994,circular
429,1100,700,159.52833759777243,-85,-85,-85,-85,1350,700,37.22169941585752,3.569283179639994,circular
430,1100,700,159.52833759777243,-85,-85,-85,-85,1350,700,40.79098259549752,3.569283179639994,circular
431,1100,700,159.52833759777243,-85,-85,-85,-85,1350,700,44.36026577513751,3.569283179639994,circular
432,1100,700,159.52833759777243,-85,-85,-85,-85,1350,700,47.92954895477751,3.569283179639994,circular
433,1100,700,159.52833759777243,-85,-85,-85,-85,1350,700,51.498832134417505,3.569283179639994,circular
434,1100,700,159.52833759777243,-85,-85,-85,-85,1350,700,55.0681153140575,3.569283179639994,circular
435,1100,700,159.52833759777243,-85,-85,-85,-85,1350,700,58.637398493697496,3.569283179639994,circular
436,1100,700,159.52833759777243,-85,-85,-85,-85,1350,700,62.20668167333749,3.569283179639994,circular
437,1100,700,159.52833759777243,-85,-85,-85,-85,1350,700,65.77596485297748,3.569283179639994,circular
438,1100,700,159.52833759777243,-85,-85,-85,-85,1350,700,69.34524803261748,3.569283179639994,circular
439,1100,700,159.52833759777243,-85,-85,-85,-85,1350,700,72.91453121225747,3.569283179639994,circular
440,1100,700,159.52833759777243,-85,-85,-85,-85,1350,700,76.48381439189747,3.569283179639994,circular
441,1100,700,159.52833759777243,-85,-85,-85,-85,1350,700,80.05309757153746,3.569283179639994,circular
442,1100,700,159.52833759777243,-85,-85,-85,-85,1350,700,83.62238075117746,3.569283179639994,circular
443,1100,700,159.52833759777243,-85,-85,-85,-85,1350,700,87.19166393081746,3.569283179639994,circular
444,1100,700,159.52833759777243,-85,-85,-85,-85,1350,700,90.76094711045745,3.569283179639994,circular
445,1100,700,159.52833759777243,-85,-85,-85,-85,1350,700,94.33023029009745,3.569283179639994,circular
446,1100,700,159.52833759777243,-85,-85,-85,-85,1350,700,97.89951346973744,3.569283179639994,circular
447,1100,700,159.52833759777243,-85,-85,-85,-85,1350,700,101.46879664937744,3.569283179639994,circular
448,1100,700,159.52833759777243,-85,-85,-85,-85,1350,700,105.03807982901743,3.569283179639994,circular
449,1100,700,159.52833759777243,-85,-85,-85,-85,1350,700,108.60736300865743,3.569283179639994,circular
450,1100,700,159.52833759777243,-85,-85,-85,-85,1350,700,112.17664618829743,3.569283179639994,circular
451,1100,700,159.52833759777243,-85,-85,-85,-85,1350,700,115.74592936793742,3.569283179639994,circular
452,1100,700,159.52833759777243,-85,-85,-85,-85,1350,700,119.31521254757742,3.569283179639994,circular
453,1100,700,159.52833759777243,-85,-85,-85,-85,1350,700,122.88449572721741,3.569283179639994,circular
454,1100,700,159.52833759777243,-85,-85,-85,-85,1350,700,126.45377890685741,3.569283179639994,circular
455,1100,700,159.52833759777243,-85,-85,-85,-85,1350,700,130.0230620864974,3.569283179639994,circular
456,1100,700,159.52833759777243,-85,-85,-85,-85,1350,700,133.5923452661374,3.569283179639994,circular
457,1100,700,159.52833759777243,-85,-85,-85,-85,1350,700,137.16162844577738,3.569283179639994,circular
458,1100,700,159.52833759777243,-85,11.505794098357505,17.513155499392102,-85,1350,700,140.73091162541738,3.569283179639994,circular
459,1100,700,159.52833759777243,-85,17.513155499392102,19.91435422725632,-85,1350,700,144.30019480505737,3.569283179639994,circular
460,1100,700,159.52833759777243,-85,20.48098321025059,21.813356630230874,-85,1350,700,147.86947798469737,3.569283179639994,circular
461,1100,700,159.52833759777243,-85,21.813356630230874,22.793695368992218,-85,1350,700,151.43876116433736,3.569283179639994,circular
462,1100,700,159.52833759777243,-85,23.06730250275713,23.769789312347285,-85,1350,700,155.00804434397736,3.569283179639994,circular
463,1100,700,159.52833759777243,-85,23.769789312347285,24.33271141113945,-85,1350,700,158.57732752361736,3.569283179639994,circular
464,1100,700,159.52833759777243,-85,24.495315191602927,24.92014212493214,-85,1350,700,162.14661070325735,3.569283179639994,circular
465,1100,700,159.52833759777243,-85,25.042923900792417,25.36180729449956,-85,1350,700,165.71589388289735,3.569283179639994,circular
466,1100,700,159.52833759777243,-85,25.36180729449956,25.614204328866276,-85,1350,700,169.28517706253734,3.569283179639994,circular
467,1100,700,159.52833759777243,-85,25.684904084789974,25.859665714847075,-85,1350,700,172.85446024217734,3.569283179639994,circular
468,1100,700,159.52833759777243,-85,25.859665714847075,25.9816463993744,-85,1350,700,176.42374342181733,3.569283179639994,circular
469,1100,700,159.52833759777243,-85,26.011117049096303,26.067010357935978,-85,1350,700,179.99302660145733,3.569283179639994,circular
470,1100,700,159.52833759777243,-85,26.067010357935978,26.077602459396946,-85,1350,700,183.56230978109733,3.569283179639994,circular
471,1100,700,159.52833759777243,-85,26.074956048612798,26.035130213615616,-85,1350,700,187.13159296073732,3.569283179639994,circular
472,1100,700,159.52833759777243,-85,26.011117049096303,25.906018829630398,-85,1350,700,190.70087614037732,3.569283179639994,circular
473,1100,700,159.52833759777243,-85,25.906018829630398,25.7492610641292,-85,1350,700,194.2701593200173,3.569283179639994,circular
474,1100,700,159.52833759777243,-85,25.684904084789977,25.452908776355446,-85,1350,700,197.8394424996573,3.569283179639994,circular
475,1100,700,159.52833759777243,-85,25.452908776355446,25.157178905256924,-85,1350,700,201.4087256792973,3.569283179639994,circular
476,1100,700,159.52833759777243,-85,25.042923900792417,24.646943359767004,-85,1350,700,204.9780088589373,3.569283179639994,circular
477,1100,700,159.52833759777243,-85,24.646943359767004,24.1582774269213,-85,1350,700,208.5472920385773,3.569283179639994,circular
478,1100,700,159.52833759777243,-85,23.97102224645776,23.319699537123853,-85,1350,700,212.1165752182173,3.569283179639994,circular
479,1100,700,159.52833759777243,-85,23.319699537123853,22.170735458799452,-85,1350,700,215.6858583978573,3.569283179639994,circular
480,1100,700,159.52833759777243,-85,22.170735458799452,20.97742610025735,-85,1350,700,219.25514157749728,3.569283179639994,circular
481,1100,700,159.52833759777243,-85,20.48098321025059,18.474304759512954,-85,1350,700,222.82442475713728,3.569283179639994,circular
482,1100,700,159.52833759777243,-85,18.474304759512954,14.513447644213265,-85,1350,700,226.39370793677728,3.569283179639994,circular
483,1100,700,159.52833759777243,-85,11.50579409835762,-85,-85,1350,700,229.96299111641727,3.569283179639994,circular
484,1100,700,159.52833759777243,-85,-85,-85,-85,1350,700,233.53227429605727,3.569283179639994,circular
485,1100,700,159.52833759777243,-85,-85,-85,-85,1350,700,237.10155747569726,3.569283179639994,circular
486,1100,700,159.52833759777243,-85,-85,-85,-85,1350,700,240.67084065533726,3.569283179639994,circular
487,1100,700,159.52833759777243,-85,-85,-85,-85,1350,700,244.24012383497725,3.569283179639994,circular
488,1100,700,159.52833759777243,-85,-85,-85,-85,1350,700,247.80940701461725,3.569283179639994,circular
489,1100,700,159.52833759777243,-85,-85,-85,-85,1350,700,251.37869019425725,3.569283179639994,circular
490,1100,700,159.52833759777243,-85,-85,-85,-85,1350,700,254.94797337389724,3.569283179639994,circular
491,1100,700,159.52833759777243,-85,-85,-85,-85,1350,700,258.5172565535372,3.569283179639994,circular
492,1100,700,159.52833759777243,-85,-85,-85,-85,1350,700,262.0865397331772,3.569283179639994,circular
493,1100,700,159.52833759777243,-85,-85,-85,-85,1350,700,265.65582291281714,3.569283179639994,circular
494,1100,700,159.52833759777243,-85,-85,-85,-85,1350,700,269.2251060924571,3.569283179639994,circular
495,1100,700,159.52833759777243,-85,-85,-85,-85,1350,700,272.7943892720971,3.569283179639994,circular
496,1100,700,159.52833759777243,-85,-85,-85,-85,1350,700,276.36367245173705,3.569283179639994,circular
497,1100,700,159.52833759777243,-85,-85,-85,-85,1350,700,279.932955631377,3.569283179639994,circular
498,1100,700,159.52833759777243,-85,-85,-85,-85,1350,700,283.502238811017,3.569283179639994,circular
499,1100,700,159.52833759777243,-85,-85,-85,-85,1350,700,287.07152199065695,3.569283179639994,circular
500,1100,700,159.52833759777243,-85,-85,-85,-85,1350,700,290.6408051702969,3.569283179639994,circular
501,1100,700,159.52833759777243,-85,-85,-85,-85,1350,700,294.2100883499369,3.569283179639994,circular
502,1100,700,159.52833759777243,-85,-85,-85,-85,1350,700,297.77937152957685,3.569283179639994,circular
503,1100,700,159.52833759777243,-85,-85,-85,-85,1350,700,301.3486547092168,3.569283179639994,circular
504,1100,700,159.52833759777243,-85,-85,-85,-85,1350,700,304.9179378888568,3.569283179639994,circular
505,1100,700,159.52833759777243,-85,-85,-85,-85,1350,700,308.48722106849675,3.569283179639994,circular
506,1100,700,159.52833759777243,-85,-85,-85,-85,1350,700,312.0565042481367,3.569283179639994,circular
507,1100,700,159.52833759777243,-85,-85,-85,-85,1350,700,315.6257874277767,3.569283179639994,circular
508,1100,700,159.52833759777243,-85,-85,-85,-85,1350,700,319.19507060741665,3.569283179639994,circular
509,1100,700,159.52833759777243,-85,-85,-85,-85,1350,700,322.7643537870566,3.569283179639994,circular
510,1100,700,159.52833759777243,-85,-85,-85,-85,1350,700,326.3336369666966,3.569283179639994,circular
511,1100,700,159.52833759777243,-85,-85,-85,-85,1350,700,329.90292014633656,3.569283179639994,circular
512,1100,700,159.52833759777243,-85,-85,-85,-85,1350,700,333.4722033259765,3.569283179639994,circular
513,1100,700,159.52833759777243,-85,-85,-85,-85,1350,700,337.0414865056165,3.569283179639994,circular
514,1100,700,159.52833759777243,-85,-85,-85,-85,1350,700,340.61076968525646,3.569283179639994,circular
515,1100,700,159.52833759777243,-85,-85,-85,-85,1350,700,344.1800528648964,3.569283179639994,circular
516,1100,700,159.52833759777243,-85,-85,-85,-85,1350,700,347.7493360445364,3.569283179639994,circular
517,1100,700,159.52833759777243,-85,-85,-85,-85,1350,700,351.31861922417636,3.569283179639994,circular
518,1100,700,159.52833759777243,-85,-85,-85,-85,1350,700,354.8879024038163,3.569283179639994,circular
519,1100,700,159.52833759777243,-85,-85,-85,-85,1350,700,358.4571855834563,3.569283179639994,circular
520,1100,700,159.52833759777243,-85,-85,-85,-85,1350,700,2.0264687630962612,3.569283179639994,circular
521,1100,700,159.52833759777243,-85,-85,-85,-85,1350,700,5.595751942736255,3.569283179639994,circular
522,1100,700,159.52833759777243,-85,-85,-85,-85,1350,700,9.16503512237625,3.569283179639994,circular
523,1100,700,159.52833759777243,-85,-85,-85,-85,1350,700,12.734318302016243,3.569283179639994,circular
524,1100,700,159.52833759777243,-85,-85,-85,-85,1350,700,16.303601481656237,3.569283179639994,circular
525,1100,700,159.52833759777243,-85,-85,-85,-85,1350,700,19.872884661296233,3.569283179639994,circular
526,1100,700,159.52833759777243,-85,-85,-85,-85,1350,700,23.44216784093623,3.569283179639994,circular
527,1100,700,159.52833759777243,-85,-85,-85,-85,1350,700,27.011451020576224,3.569283179639994,circular
528,1100,700,159.52833759777243,-85,-85,-85,-85,1350,700,30.58073420021622,3.569283179639994,circular
529,1100,700,159.52833759777243,-85,-85,-85,-85,1350,700,34.150017379856216,3.569283179639994,circular
530,1100,700,159.52833759777243,-85,-85,-85,-85,1350,700,37.71930055949621,3.569283179639994,circular
531,1100,700,159.52833759777243,-85,-85,-85,-85,1350,700,41.28858373913621,3.569283179639994,circular
532,1100,700,159.52833759777243,-85,-85,-85,-85,1350,700,44.8578669187762,3.569283179639994,circular
533,1100,700,159.52833759777243,-85,-85,-85,-85,1350,700,48.4271500984162,3.569283179639994,circular
534,1100,700,159.52833759777243,-85,-85,-85,-85,1350,700,51.996433278056195,3.569283179639994,circular
535,1100,700,159.52833759777243,-85,-85,-85,-85,1350,700,55.56571645769619,3.569283179639994,circular
536,1100,700,159.52833759777243,-85,-85,-85,-85,1350,700,59.134999637336186,3.569283179639994,circular
537,1100,700,159.52833759777243,-85,-85,-85,-85,1350,700,62.70428281697618,3.569283179639994,circular
538,1100,700,159.52833759777243,-85,-85,-85,-85,1350,700,66.27356599661617,3.569283179639994,circular
539,1100,700,159.52833759777243,-85,-85,-85,-85,1350,700,69.84284917625617,3.569283179639994,circular
540,1100,700,159.52833759777243,-85,-85,-85,-85,1350,700,73.41213235589616,3.569283179639994,circular
541,1100,700,159.52833759777243,-85,-85,-85,-85,1350,700,76.98141553553616,3.569283179639994,circular
542,1100,700,159.52833759777243,-85,-85,-85,-85,1350,700,80.55069871517615,3.569283179639994,circular
543,1100,700,159.52833759777243,-85,-85,-85,-85,1350,700,84.11998189481615,3.569283179639994,circular
544,1100,700,159.52833759777243,-85,-85,-85,-85,1350,700,87.68926507445615,3.569283179639994,circular
545,1100,700,159.52833759777243,-85,-85,-85,-85,1350,700,91.25854825409614,3.569283179639994,circular
546,1100,700,159.52833759777243,-85,-85,-85,-85,1350,700,94.82783143373614,3.569283179639994,circular
547,1100,700,159.52833759777243,-85,-85,-85,-85,1350,700,98.39711461337613,3.569283179639994,circular
548,1100,700,159.52833759777243,-85,-85,-85,-85,1350,700,101.96639779301613,3.569283179639994,circular
549,1100,700,159.52833759777243,-85,-85,-85,-85,1350,700,105.53568097265612,3.569283179639994,circular
550,1100,700,159.52833759777243,-85,-85,-85,-85,1350,700,109.10496415229612,3.569283179639994,circular
551,1100,700,159.52833759777243,-85,-85,-85,-85,1350,700,112.67424733193612,3.569283179639994,circular
552,1100,700,159.52833759777243,-85,-85,-85,-85,1350,700,116.24353051157611,3.569283179639994,circular
553,1100,700,159.52833759777243,-85,-85,-85,-85,1350,700,119.8128136912161,3.569283179639994,circular
554,1100,700,159.52833759777243,-85,-85,-85,-85,1350,700,123.3820968708561,3.569283179639994,circular
555,1100,700,159.52833759777243,-85,-85,-85,-85,1350,700,126.9513800504961,3.569283179639994,circular
556,1100,700,159.52833759777243,-85,-85,-85,-85,1350,700,130.52066323013608,3.569283179639994,circular
557,1100,700,159.52833759777243,-85,-85,-85,-85,1350,700,134.08994640977608,3.569283179639994,circular
558,1100,700,159.52833759777243,-85,-85,11.505794098357505,-85,1350,700,137.65922958941607,3.569283179639994,circular
559,1100,700,159.52833759777243,-85,11.505794098357505,17.513155499392102,-85,1350,700,141.22851276905607,3.569283179639994,circular
560,1100,700,159.52833759777243,-85,18.47430475951294,20.48098321025059,-85,1350,700,144.79779594869606,3.569283179639994,circular
561,1100,700,159.52833759777243,-85,20.48098321025059,21.813356630230874,-85,1350,700,148.36707912833606,3.569283179639994,circular
562,1100,700,159.52833759777243,-85,22.170735458799452,23.06730250275713,-85,1350,700,151.93636230797605,3.569283179639994,circular
563,1100,700,159.52833759777243,-85,23.06730250275713,23.769789312347285,-85,1350,700,155.50564548761605,3.569283179639994,circular
564,1100,700,159.52833759777243,-85,23.971022246457757,24.495315191602927,-85,1350,700,159.07492866725605,3.569283179639994,circular
565,1100,700,159.52833759777243,-85,24.495315191602927,25.042923900792417,-85,1350,700,162.64421184689604,3.569283179639994,circular
566,1100,700,159.52833759777243,-85,25.042923900792417,25.36180729449956,-85,1350,700,166.21349502653604,3.569283179639994,circular
567,1100,700,159.52833759777243,-85,25.452908776355446,25.684904084789974,-85,1350,700,169.78277820617603,3.569283179639994,circular
568,1100,700,159.52833759777243,-85,25.684904084789974,25.859665714847075,-85,1350,700,173.35206138581603,3.569283179639994,circular
569,1100,700,159.52833759777243,-85,25.906018829630398,26.011117049096303,-85,1350,700,176.92134456545602,3.569283179639994,circular
570,1100,700,159.52833759777243,-85,26.011117049096303,26.067010357935978,-85,1350,700,180.49062774509602,3.569283179639994,circular
571,1100,700,159.52833759777243,-85,26.074956048612798,26.074956048612798,-85,1350,700,184.05991092473602,3.569283179639994,circular
572,1100,700,159.52833759777243,-85,26.074956048612798,26.011117049096303,-85,1350,700,187.629194104376,3.569283179639994,circular
573,1100,700,159.52833759777243,-85,26.011117049096303,25.906018829630398,-85,1350,700,191.198477284016,3.569283179639994,circular
574,1100,700,159.52833759777243,-85,25.859665714847075,25.684904084789977,-85,1350,700,194.767760463656,3.569283179639994,circular
575,1100,700,159.52833759777243,-85,25.684904084789977,25.452908776355446,-85,1350,700,198.337043643296,3.569283179639994,circular
576,1100,700,159.52833759777243,-85,25.361807294499556,25.042923900792417,-85,1350,700,201.906326822936,3.569283179639994,circular
577,1100,700,159.52833759777243,-85,25.042923900792417,24.646943359767004,-85,1350,700,205.475610002576,3.569283179639994,circular
578,1100,700,159.52833759777243,-85,24.495315191602927,23.97102224645776,-85,1350,700,209.044893182216,3.569283179639994,circular
579,1100,700,159.52833759777243,-85,23.97102224645776,23.067302502757133,-85,1350,700,212.61417636185598,3.569283179639994,circular
580,1100,700,159.52833759777243,-85,23.067302502757133,22.170735458799452,-85,1350,700,216.18345954149598,3.569283179639994,circular
581,1100,700,159.52833759777243,-85,21.81335663023087,20.48098321025059,-85,1350,700,219.75274272113597,3.569283179639994,circular
582,1100,700,159.52833759777243,-85,20.48098321025059,18.474304759512954,-85,1350,700,223.32202590077597,3.569283179639994,circular
583,1100,700,159.52833759777243,-85,17.51315549939211,11.50579409835762,-85,1350,700,226.89130908041597,3.569283179639994,circular
584,1100,700,159.52833759777243,-85,11.50579409835762,-85,-85,1350,700,230.46059226005596,3.569283179639994,circular
585,1100,700,159.52833759777243,-85,-85,-85,-85,1350,700,234.02987543969596,3.569283179639994,circular
586,1100,700,159.52833759777243,-85,-85,-85,-85,1350,700,237.59915861933595,3.569283179639994,circular
587,1100,700,159.52833759777243,-85,-85,-85,-85,1350,700,241.16844179897595,3.569283179639994,circular
588,1100,700,159.52833759777243,-85,-85,-85,-85,1350,700,244.73772497861594,3.569283179639994,circular
589,1100,700,159.52833759777243,-85,-85,-85,-85,1350,700,248.30700815825594,3.569283179639994,circular
590,1100,700,159.52833759777243,-85,-85,-85,-85,1350,700,251.87629133789594,3.569283179639994,circular
591,1100,700,159.52833759777243,-85,-85,-85,-85,1350,700,255.44557451753593,3.569283179639994,circular
592,1100,700,159.52833759777243,-85,-85,-85,-85,1350,700,259.0148576971759,3.569283179639994,circular
593,1100,700,159.52833759777243,-85,-85,-85,-85,1350,700,262.58414087681587,3.569283179639994,circular
594,1100,700,159.52833759777243,-85,-85,-85,-85,1350,700,266.15342405645583,3.569283179639994,circular
595,1100,700,159.52833759777243,-85,-85,-85,-85,1350,700,269.7227072360958,3.569283179639994,circular
596,1100,700,159.52833759777243,-85,-85,-85,-85,1350,700,273.29199041573577,3.569283179639994,circular
597,1100,700,159.52833759777243,-85,-85,-85,-85,1350,700,276.86127359537574,3.569283179639994,circular
598,1100,700,159.52833759777243,-85,-85,-85,-85,1350,700,280.4305567750157,3.569283179639994,circular
599,1100,700,159.52833759777243,-85,-85,-85,-85,1350,700,283.99983995465567,3.569283179639994,circular
600,1100,700,159.52833759777243,-85,-85,-85,-85,1350,700,287.56912313429564,3.569283179639994,circular
601,1100,700,159.52833759777243,-85,-85,-85,-85,1350,700,291.1384063139356,3.569283179639994,circular
602,1100,700,159.52833759777243,-85,-85,-85,-85,1350,700,294.7076894935756,3.569283179639994,circular
603,1100,700,159.52833759777243,-85,-85,-85,-85,1350,700,298.27697267321554,3.569283179639994,circular
604,1100,700,159.52833759777243,-85,-85,-85,-85,1350,700,301.8462558528555,3.569283179639994,circular
605,1100,700,159.52833759777243,-85,-85,-85,-85,1350,700,305.4155390324955,3.569283179639994,circular
606,1100,700,159.52833759777243,-85,-85,-85,-85,1350,700,308.98482221213544,3.569283179639994,circular
607,1100,700,159.52833759777243,-85,-85,-85,-85,1350,700,312.5541053917754,3.569283179639994,circular
608,1100,700,159.52833759777243,-85,-85,-85,-85,1350,700,316.1233885714154,3.569283179639994,circular
609,1100,700,159.52833759777243,-85,-85,-85,-85,1350,700,319.69267175105534,3.569283179639994,circular
610,1100,700,159.52833759777243,-85,-85,-85,-85,1350,700,323.2619549306953,3.569283179639994,circular
611,1100,700,159.52833759777243,-85,-85,-85,-85,1350,700,326.8312381103353,3.569283179639994,circular
612,1100,700,159.52833759777243,-85,-85,-85,-85,1350,700,330.40052128997525,3.569283179639994,circular
613,1100,700,159.52833759777243,-85,-85,-85,-85,1350,700,333.9698044696152,3.569283179639994,circular
614,1100,700,159.52833759777243,-85,-85,-85,-85,1350,700,337.5390876492552,3.569283179639994,circular
615,1100,700,159.52833759777243,-85,-85,-85,-85,1350,700,341.10837082889515,3.569283179639994,circular
616,1100,700,159.52833759777243,-85,-85,-85,-85,1350,700,344.6776540085351,3.569283179639994,circular
617,1100,700,159.52833759777243,-85,-85,-85,-85,1350,700,348.2469371881751,3.569283179639994,circular
618,1100,700,159.52833759777243,-85,-85,-85,-85,1350,700,351.81622036781505,3.569283179639994,circular
619,1100,700,159.52833759777243,-85,-85,-85,-85,1350,700,355.385503547455,3.569283179639994,circular
620,1100,700,159.52833759777243,-85,-85,-85,-85,1350,700,358.954786727095,3.569283179639994,circular
621,1100,700,159.52833759777243,-85,-85,-85,-85,1350,700,2.524069906734951,3.569283179639994,circular
622,1100,700,159.52833759777243,-85,-85,-85,-85,1350,700,6.093353086374945,3.569283179639994,circular
623,1100,700,159.52833759777243,-85,-85,-85,-85,1350,700,9.662636266014939,3.569283179639994,circular
624,1100,700,159.52833759777243,-85,-85,-85,-85,1350,700,13.231919445654933,3.569283179639994,circular
625,1100,700,159.52833759777243,-85,-85,-85,-85,1350,700,16.801202625294927,3.569283179639994,circular
626,1100,700,159.52833759777243,-85,-85,-85,-85,1350,700,20.370485804934923,3.569283179639994,circular
627,1100,700,159.52833759777243,-85,-85,-85,-85,1350,700,23.93976898457492,3.569283179639994,circular
628,1100,700,159.52833759777243,-85,-85,-85,-85,1350,700,27.509052164214914,3.569283179639994,circular
629,1100,700,159.52833759777243,-85,-85,-85,-85,1350,700,31.07833534385491,3.569283179639994,circular
630,1100,700,159.52833759777243,-85,-85,-85,-85,1350,700,34.647618523494906,3.569283179639994,circular
631,1100,700,159.52833759777243,-85,-85,-85,-85,1350,700,38.2169017031349,3.569283179639994,circular
632,1100,700,159.52833759777243,-85,-85,-85,-85,1350,700,41.7861848827749,3.569283179639994,circular
633,1100,700,159.52833759777243,-85,-85,-85,-85,1350,700,45.35546806241489,3.569283179639994,circular
634,1100,700,159.52833759777243,-85,-85,-85,-85,1350,700,48.92475124205489,3.569283179639994,circular
635,1100,700,159.52833759777243,-85,-85,-85,-85,1350,700,52.494034421694884,3.569283179639994,circular
636,1100,700,159.52833759777243,-85,-85,-85,-85,1350,700,56.06331760133488,3.569283179639994,circular
637,1100,700,159.52833759777243,-85,-85,-85,-85,1350,700,59.632600780974876,3.569283179639994,circular
638,1100,700,159.52833759777243,-85,-85,-85,-85,1350,700,63.20188396061487,3.569283179639994,circular
639,1100,700,159.52833759777243,-85,-85,-85,-85,1350,700,66.77116714025486,3.569283179639994,circular
640,1100,700,159.52833759777243,-85,-85,-85,-85,1350,700,70.34045031989486,3.569283179639994,circular
641,1100,700,159.52833759777243,-85,-85,-85,-85,1350,700,73.90973349953485,3.569283179639994,circular
642,1100,700,159.52833759777243,-85,-85,-85,-85,1350,700,77.47901667917485,3.569283179639994,circular
643,1100,700,159.52833759777243,-85,-85,-85,-85,1350,700,81.04829985881484,3.569283179639994,circular
644,1100,700,159.52833759777243,-85,-85,-85,-85,1350,700,84.61758303845484,3.569283179639994,circular
645,1100,700,159.52833759777243,-85,-85,-85,-85,1350,700,88.18686621809483,3.569283179639994,circular
646,1100,700,159.52833759777243,-85,-85,-85,-85,1350,700,91.75614939773483,3.569283179639994,circular
647,1100,700,159.52833759777243,-85,-85,-85,-85,1350,700,95.32543257737483,3.569283179639994,circular
648,1100,700,159.52833759777243,-85,-85,-85,-85,1350,700,98.89471575701482,3.569283179639994,circular
649,1100,700,159.52833759777243,-85,-85,-85,-85,1350,700,102.46399893665482,3.569283179639994,circular
650,1100,700,159.52833759777243,-85,-85,-85,-85,1350,700,106.03328211629481,3.569283179639994,circular
651,1100,700,159.52833759777243,-85,-85,-85,-85,1350,700,109.60256529593481,3.569283179639994,circular
652,1100,700,159.52833759777243,-85,-85,-85,-85,1350,700,113.1718484755748,3.569283179639994,circular
653,1100,700,159.52833759777243,-85,-85,-85,-85,1350,700,116.7411316552148,3.569283179639994,circular
654,1100,700,159.52833759777243,-85,-85,-85,-85,1350,700,120.3104148348548,3.569283179639994,circular
655,1100,700,159.52833759777243,-85,-85,-85,-85,1350,700,123.87969801449479,3.569283179639994,circular
656,1100,700,159.52833759777243,-85,-85,-85,-85,1350,700,127.44898119413479,3.569283179639994,circular
657,1100,700,159.52833759777243,-85,-85,-85,-85,1350,700,131.01826437377477,3.569283179639994,circular
658,1100,700,159.52833759777243,-85,-85,-85,-85,1350,700,134.58754755341477,3.569283179639994,circular
659,1100,700,159.52833759777243,-85,-85,11.505794098357505,-85,1350,700,138.15683073305476,3.569283179639994,circular
660,1100,700,159.52833759777243,-85,14.513447644213304,18.47430475951294,-85,1350,700,141.72611391269476,3.569283179639994,circular
661,1100,700,159.52833759777243,-85,18.47430475951294,20.48098321025059,-85,1350,700,145.29539709233475,3.569283179639994,circular
662,1100,700,159.52833759777243,-85,20.97742610025734,22.170735458799452,-85,1350,700,148.86468027197475,3.569283179639994,circular
663,1100,700,159.52833759777243,-85,22.170735458799452,23.06730250275713,-85,1350,700,152.43396345161474,3.569283179639994,circular
664,1100,700,159.52833759777243,-85,23.31969953712386,23.971022246457757,-85,1350,700,156.00324663125474,3.569283179639994,circular
665,1100,700,159.52833759777243,-85,23.971022246457757,24.495315191602927,-85,1350,700,159.57252981089474,3.569283179639994,circular
666,1100,700,159.52833759777243,-85,24.646943359767004,25.042923900792417,-85,1350,700,163.14181299053473,3.569283179639994,circular
667,1100,700,159.52833759777243,-85,25.157178905256924,25.452908776355446,-85,1350,700,166.71109617017473,3.569283179639994,circular
668,1100,700,159.52833759777243,-85,25.452908776355446,25.684904084789974,-85,1350,700,170.28037934981472,3.569283179639994,circular
669,1100,700,159.52833759777243,-85,25.7492610641292,25.906018829630398,-85,1350,700,173.84966252945472,3.569283179639994,circular
670,1100,700,159.52833759777243,-85,25.906018829630398,26.011117049096303,-85,1350,700,177.41894570909471,3.569283179639994,circular
671,1100,700,159.52833759777243,-85,26.035130213615616,26.074956048612798,-85,1350,700,180.9882288887347,3.569283179639994,circular
672,1100,700,159.52833759777243,-85,26.074956048612798,26.074956048612798,-85,1350,700,184.5575120683747,3.569283179639994,circular
673,1100,700,159.52833759777243,-85,26.067010357935978,26.011117049096303,-85,1350,700,188.1267952480147,3.569283179639994,circular
674,1100,700,159.52833759777243,-85,25.9816463993744,25.859665714847075,-85,1350,700,191.6960784276547,3.569283179639994,circular
675,1100,700,159.52833759777243,-85,25.859665714847075,25.684904084789977,-85,1350,700,195.2653616072947,3.569283179639994,circular
676,1100,700,159.52833759777243,-85,25.614204328866276,25.361807294499556,-85,1350,700,198.8346447869347,3.569283179639994,circular
677,1100,700,159.52833759777243,-85,25.361807294499556,25.042923900792417,-85,1350,700,202.40392796657468,3.569283179639994,circular
678,1100,700,159.52833759777243,-85,24.92014212493214,24.495315191602927,-85,1350,700,205.97321114621468,3.569283179639994,circular
679,1100,700,159.52833759777243,-85,24.495315191602927,23.97102224645776,-85,1350,700,209.54249432585468,3.569283179639994,circular
680,1100,700,159.52833759777243,-85,23.769789312347285,23.067302502757133,-85,1350,700,213.11177750549467,3.569283179639994,circular
681,1100,700,159.52833759777243,-85,23.067302502757133,21.81335663023087,-85,1350,700,216.68106068513467,3.569283179639994,circular
682,1100,700,159.52833759777243,-85,21.81335663023087,20.48098321025059,-85,1350,700,220.25034386477466,3.569283179639994,circular
683,1100,700,159.52833759777243,-85,19.914354227256315,17.51315549939211,-85,1350,700,223.81962704441466,3.569283179639994,circular
684,1100,700,159.52833759777243,-85,17.51315549939211,11.50579409835762,-85,1350,700,227.38891022405465,3.569283179639994,circular
685,1100,700,159.52833759777243,-85,-85,-85,-85,1350,700,230.95819340369465,3.569283179639994,circular
686,1100,700,159.52833759777243,-85,-85,-85,-85,1350,700,234.52747658333465,3.569283179639994,circular
687,1100,700,159.52833759777243,-85,-85,-85,-85,1350,700,238.09675976297464,3.569283179639994,circular
688,1100,700,159.52833759777243,-85,-85,-85,-85,1350,700,241.66604294261464,3.569283179639994,circular
689,1100,700,159.52833759777243,-85,-85,-85,-85,1350,700,245.23532612225463,3.569283179639994,circular
690,1100,700,159.52833759777243,-85,-85,-85,-85,1350,700,248.80460930189463,3.569283179639994,circular
691,1100,700,159.52833759777243,-85,-85,-85,-85,1350,700,252.37389248153463,3.569283179639994,circular
692,1100,700,159.52833759777243,-85,-85,-85,-85,1350,700,255.94317566117462,3.569283179639994,circular
693,1100,700,159.52833759777243,-85,-85,-85,-85,1350,700,259.5124588408146,3.569283179639994,circular
694,1100,700,159.52833759777243,-85,-85,-85,-85,1350,700,263.08174202045456,3.569283179639994,circular
695,1100,700,159.52833759777243,-85,-85,-85,-85,1350,700,266.6510252000945,3.569283179639994,circular
696,1100,700,159.52833759777243,-85,-85,-85,-85,1350,700,270.2203083797345,3.569283179639994,circular
697,1100,700,159.52833759777243,-85,-85,-85,-85,1350,700,273.78959155937446,3.569283179639994,circular
698,1100,700,159.52833759777243,-85,-85,-85,-85,1350,700,277.3588747390144,3.569283179639994,circular
699,1100,700,159.52833759777243,-85,-85,-85,-85,1350,700,280.9281579186544,3.569283179639994,circular
700,1100,700,159.52833759777243,-85,-85,-85,-85,1350,700,284.49744109829436,3.569283179639994,circular
701,1100,700,159.52833759777243,-85,-85,-85,-85,1350,700,288.0667242779343,3.569283179639994,circular
702,1100,700,159.52833759777243,-85,-85,-85,-85,1350,700,291.6360074575743,3.569283179639994,circular
703,1100,700,159.52833759777243,-85,-85,-85,-85,1350,700,295.20529063721426,3.569283179639994,circular
704,1100,700,159.52833759777243,-85,-85,-85,-85,1350,700,298.77457381685423,3.569283179639994,circular
705,1100,700,159.52833759777243,-85,-85,-85,-85,1350,700,302.3438569964942,3.569283179639994,circular
706,1100,700,159.52833759777243,-85,-85,-85,-85,1350,700,305.91314017613416,3.569283179639994,circular
707,1100,700,159.52833759777243,-85,-85,-85,-85,1350,700,309.48242335577413,3.569283179639994,circular
708,1100,700,159.52833759777243,-85,-85,-85,-85,1350,700,313.0517065354141,3.569283179639994,circular
709,1100,700,159.52833759777243,-85,-85,-85,-85,1350,700,316.62098971505407,3.569283179639994,circular
710,1100,700,159.52833759777243,-85,-85,-85,-85,1350,700,320.19027289469403,3.569283179639994,circular
711,1100,700,159.52833759777243,-85,-85,-85,-85,1350,700,323.759556074334,3.569283179639994,circular
712,1100,700,159.52833759777243,-85,-85,-85,-85,1350,700,327.32883925397397,3.569283179639994,circular
713,1100,700,159.52833759777243,-85,-85,-85,-85,1350,700,330.89812243361393,3.569283179639994,circular
714,1100,700,159.52833759777243,-85,-85,-85,-85,1350,700,334.4674056132539,3.569283179639994,circular
715,1100,700,159.52833759777243,-85,-85,-85,-85,1350,700,338.03668879289387,3.569283179639994,circular
716,1100,700,159.52833759777243,-85,-85,-85,-85,1350,700,341.60597197253384,3.569283179639994,circular
717,1100,700,159.52833759777243,-85,-85,-85,-85,1350,700,345.1752551521738,3.569283179639994,circular
718,1100,700,159.52833759777243,-85,-85,-85,-85,1350,700,348.74453833181377,3.569283179639994,circular
719,1100,700,159.52833759777243,-85,-85,-85,-85,1350,700,352.31382151145374,3.569283179639994,circular
720,1100,700,159.52833759777243,-85,-85,-85,-85,1350,700,355.8831046910937,3.569283179639994,circular
721,1100,700,159.52833759777243,-85,-85,-85,-85,1350,700,359.4523878707337,3.569283179639994,circular
722,1100,700,159.52833759777243,-85,-85,-85,-85,1350,700,3.021671050373641,3.569283179639994,circular
723,1100,700,159.52833759777243,-85,-85,-85,-85,1350,700,6.590954230013635,3.569283179639994,circular
724,1100,700,159.52833759777243,-85,-85,-85,-85,1350,700,10.160237409653629,3.569283179639994,circular
725,1100,700,159.52833759777243,-85,-85,-85,-85,1350,700,13.729520589293623,3.569283179639994,circular
726,1100,700,159.52833759777243,-85,-85,-85,-85,1350,700,17.298803768933617,3.569283179639994,circular
727,1100,700,159.52833759777243,-85,-85,-85,-85,1350,700,20.868086948573612,3.569283179639994,circular
728,1100,700,159.52833759777243,-85,-85,-85,-85,1350,700,24.437370128213608,3.569283179639994,circular
729,1100,700,159.52833759777243,-85,-85,-85,-85,1350,700,28.006653307853604,3.569283179639994,circular
730,1100,700,159.52833759777243,-85,-85,-85,-85,1350,700,31.5759364874936,3.569283179639994,circular
731,1100,700,159.52833759777243,-85,-85,-85,-85,1350,700,35.145219667133595,3.569283179639994,circular
732,1100,700,159.52833759777243,-85,-85,-85,-85,1350,700,38.71450284677359,3.569283179639994,circular
733,1100,700,159.52833759777243,-85,-85,-85,-85,1350,700,42.28378602641359,3.569283179639994,circular
734,1100,700,159.52833759777243,-85,-85,-85,-85,1350,700,45.85306920605358,3.569283179639994,circular
735,1100,700,159.52833759777243,-85,-85,-85,-85,1350,700,49.42235238569358,3.569283179639994,circular
736,1100,700,159.52833759777243,-85,-85,-85,-85,1350,700,52.991635565333574,3.569283179639994,circular
737,1100,700,159.52833759777243,-85,-85,-85,-85,1350,700,56.56091874497357,3.569283179639994,circular
738,1100,700,159.52833759777243,-85,-85,-85,-85,1350,700,60.130201924613566,3.569283179639994,circular
739,1100,700,159.52833759777243,-85,-85,-85,-85,1350,700,63.69948510425356,3.569283179639994,circular
740,1100,700,159.52833759777243,-85,-85,-85,-85,1350,700,67.26876828389355,3.569283179639994,circular
741,1100,700,159.52833759777243,-85,-85,-85,-85,1350,700,70.83805146353355,3.569283179639994,circular
742,1100,700,159.52833759777243,-85,-85,-85,-85,1350,700,74.40733464317354,3.569283179639994,circular
743,1100,700,159.52833759777243,-85,-85,-85,-85,1350,700,77.97661782281354,3.569283179639994,circular
744,1100,700,159.52833759777243,-85,-85,-85,-85,1350,700,81.54590100245353,3.569283179639994,circular
745,1100,700,159.52833759777243,-85,-85,-85,-85,1350,700,85.11518418209353,3.569283179639994,circular
746,1100,700,159.52833759777243,-85,-85,-85,-85,1350,700,88.68446736173352,3.569283179639994,circular
747,1100,700,159.52833759777243,-85,-85,-85,-85,1350,700,92.25375054137352,3.569283179639994,circular
748,1100,700,159.52833759777243,-85,-85,-85,-85,1350,700,95.82303372101352,3.569283179639994,circular
749,1100,700,159.52833759777243,-85,-85,-85,-85,1350,700,99.39231690065351,3.569283179639994,circular
750,1100,700,159.52833759777243,-85,-85,-85,-85,1350,700,102.96160008029351,3.569283179639994,circular
751,1100,700,159.52833759777243,-85,-85,-85,-85,1350,700,106.5308832599335,3.569283179639994,circular
752,1100,700,159.52833759777243,-85,-85,-85,-85,1350,700,110.1001664395735,3.569283179639994,circular
753,1100,700,159.52833759777243,-85,-85,-85,-85,1350,700,113.6694496192135,3.569283179639994,circular
754,1100,700,159.52833759777243,-85,-85,-85,-85,1350,700,117.23873279885349,3.569283179639994,circular
755,1100,700,159.52833759777243,-85,-85,-85,-85,1350,700,120.80801597849349,3.569283179639994,circular
756,1100,700,159.52833759777243,-85,-85,-85,-85,1350,700,124.37729915813348,3.569283179639994,circular
757,1100,700,159.52833759777243,-85,-85,-85,-85,1350,700,127.94658233777348,3.569283179639994,circular
758,1100,700,159.52833759777243,-85,-85,-85,-85,1350,700,131.51586551741346,3.569283179639994,circular
759,1100,700,159.52833759777243,-85,-85,-85,-85,1350,700,135.08514869705346,3.569283179639994,circular
760,1100,700,159.52833759777243,-85,-85,14.513447644213304,-85,1350,700,138.65443187669345,3.569283179639994,circular
761,1100,700,159.52833759777243,-85,14.513447644213304,18.47430475951294,-85,1350,700,142.22371505633345,3.569283179639994,circular
762,1100,700,159.52833759777243,-85,19.25639156218217,20.97742610025734,-85,1350,700,145.79299823597344,3.569283179639994,circular
763,1100,700,159.52833759777243,-85,20.97742610025734,22.170735458799452,-85,1350,700,149.36228141561344,3.569283179639994,circular
764,1100,700,159.52833759777243,-85,22.496022074683278,23.31969953712386,-85,1350,700,152.93156459525343,3.569283179639994,circular
765,1100,700,159.52833759777243,-85,23.31969953712386,23.971022246457757,-85,1350,700,156.50084777489343,3.569283179639994,circular
766,1100,700,159.52833759777243,-85,24.1582774269213,24.646943359767004,-85,1350,700,160.07013095453343,3.569283179639994,circular
767,1100,700,159.52833759777243,-85,24.646943359767004,25.157178905256924,-85,1350,700,163.63941413417342,3.569283179639994,circular
768,1100,700,159.52833759777243,-85,25.157178905256924,25.452908776355446,-85,1350,700,167.20869731381342,3.569283179639994,circular
769,1100,700,159.52833759777243,-85,25.536951728381826,25.7492610641292,-85,1350,700,170.7779804934534,3.569283179639994,circular
770,1100,700,159.52833759777243,-85,25.7492610641292,25.906018829630398,-85,1350,700,174.3472636730934,3.569283179639994,circular
771,1100,700,159.52833759777243,-85,25.946643644493044,26.035130213615616,-85,1350,700,177.9165468527334,3.569283179639994,circular
772,1100,700,159.52833759777243,-85,26.035130213615616,26.074956048612798,-85,1350,700,181.4858300323734,3.569283179639994,circular
773,1100,700,159.52833759777243,-85,26.077602459396946,26.067010357935978,-85,1350,700,185.0551132120134,3.569283179639994,circular
774,1100,700,159.52833759777243,-85,26.067010357935978,25.9816463993744,-85,1350,700,188.6243963916534,3.569283179639994,circular
775,1100,700,159.52833759777243,-85,25.9816463993744,25.859665714847075,-85,1350,700,192.1936795712934,3.569283179639994,circular
776,1100,700,159.52833759777243,-85,25.807460623826316,25.614204328866276,-85,1350,700,195.76296275093338,3.569283179639994,circular
777,1100,700,159.52833759777243,-85,25.614204328866276,25.361807294499556,-85,1350,700,199.33224593057338,3.569283179639994,circular
778,1100,700,159.52833759777243,-85,25.263344594616918,24.92014212493214,-85,1350,700,202.90152911021337,3.569283179639994,circular
779,1100,700,159.52833759777243,-85,24.92014212493214,24.495315191602927,-85,1350,700,206.47081228985337,3.569283179639994,circular
780,1100,700,159.52833759777243,-85,24.332711411139446,23.769789312347285,-85,1350,700,210.04009546949337,3.569283179639994,circular
781,1100,700,159.52833759777243,-85,23.769789312347285,22.793695368992225,-85,1350,700,213.60937864913336,3.569283179639994,circular
782,1100,700,159.52833759777243,-85,22.793695368992225,21.81335663023087,-85,1350,700,217.17866182877336,3.569283179639994,circular
783,1100,700,159.52833759777243,-85,21.418119305852123,19.914354227256315,-85,1350,700,220.74794500841335,3.569283179639994,circular
784,1100,700,159.52833759777243,-85,19.914354227256315,17.51315549939211,-85,1350,700,224.31722818805335,3.569283179639994,circular
785,1100,700,159.52833759777243,-85,16.269948115724716,-85,-85,1350,700,227.88651136769334,3.569283179639994,circular
786,1100,700,159.52833759777243,-85,-85,-85,-85,1350,700,231.45579454733334,3.569283179639994,circular
787,1100,700,159.52833759777243,-85,-85,-85,-85,1350,700,235.02507772697334,3.569283179639994,circular
788,1100,700,159.52833759777243,-85,-85,-85,-85,1350,700,238.59436090661333,3.569283179639994,circular
789,1100,700,159.52833759777243,-85,-85,-85,-85,1350,700,242.16364408625333,3.569283179639994,circular
790,1100,700,159.52833759777243,-85,-85,-85,-85,1350,700,245.73292726589332,3.569283179639994,circular
791,1100,700,159.52833759777243,-85,-85,-85,-85,1350,700,249.30221044553332,3.569283179639994,circular
792,1100,700,159.52833759777243,-85,-85,-85,-85,1350,700,252.87149362517331,3.569283179639994,circular
793,1100,700,159.52833759777243,-85,-85,-85,-85,1350,700,256.4407768048133,3.569283179639994,circular
794,1100,700,159.52833759777243,-85,-85,-85,-85,1350,700,260.0100599844533,3.569283179639994,circular
795,1100,700,159.52833759777243,-85,-85,-85,-85,1350,700,263.57934316409325,3.569283179639994,circular
796,1100,700,159.52833759777243,-85,-85,-85,-85,1350,700,267.1486263437332,3.569283179639994,circular
797,1100,700,159.52833759777243,-85,-85,-85,-85,1350,700,270.7179095233732,3.569283179639994,circular
798,1100,700,159.52833759777243,-85,-85,-85,-85,1350,700,274.28719270301315,3.569283179639994,circular
799,1100,700,159.52833759777243,-85,-85,-85,-85,1350,700,277.8564758826531,3.569283179639994,circular
800,1100,700,159.52833759777243,-85,-85,-85,-85,1350,700,281.4257590622931,3.569283179639994,circular
801,1100,700,159.52833759777243,-85,-85,-85,-85,1350,700,284.99504224193305,3.569283179639994,circular
802,1100,700,159.52833759777243,-85,-85,-85,-85,1350,700,288.564325421573,3.569283179639994,circular
803,1100,700,159.52833759777243,-85,-85,-85,-85,1350,700,292.133608601213,3.569283179639994,circular
804,1100,700,159.52833759777243,-85,-85,-85,-85,1350,700,295.70289178085295,3.569283179639994,circular
805,1100,700,159.52833759777243,-85,-85,-85,-85,1350,700,299.2721749604929,3.569283179639994,circular
806,1100,700,159.52833759777243,-85,-85,-85,-85,1350,700,302.8414581401329,3.569283179639994,circular
807,1100,700,159.52833759777243,-85,-85,-85,-85,1350,700,306.41074131977285,3.569283179639994,circular
808,1100,700,159.52833759777243,-85,-85,-85,-85,1350,700,309.9800244994128,3.569283179639994,circular
809,1100,700,159.52833759777243,-85,-85,-85,-85,1350,700,313.5493076790528,3.569283179639994,circular
810,1100,700,159.52833759777243,-85,-85,-85,-85,1350,700,317.11859085869276,3.569283179639994,circular
811,1100,700,159.52833759777243,-85,-85,-85,-85,1350,700,320.6878740383327,3.569283179639994,circular
812,1100,700,159.52833759777243,-85,-85,-85,-85,1350,700,324.2571572179727,3.569283179639994,circular
813,1100,700,159.52833759777243,-85,-85,-85,-85,1350,700,327.82644039761266,3.569283179639994,circular
814,1100,700,159.52833759777243,-85,-85,-85,-85,1350,700,331.3957235772526,3.569283179639994,circular
815,1100,700,159.52833759777243,-85,-85,-85,-85,1350,700,334.9650067568926,3.569283179639994,circular
816,1100,700,159.52833759777243,-85,-85,-85,-85,1350,700,338.53428993653256,3.569283179639994,circular
817,1100,700,159.52833759777243,-85,-85,-85,-85,1350,700,342.1035731161725,3.569283179639994,circular
818,1100,700,159.52833759777243,-85,-85,-85,-85,1350,700,345.6728562958125,3.569283179639994,circular
819,1100,700,159.52833759777243,-85,-85,-85,-85,1350,700,349.24213947545246,3.569283179639994,circular
820,1100,700,159.52833759777243,-85,-85,-85,-85,1350,700,352.81142265509243,3.569283179639994,circular
821,1100,700,159.52833759777243,-85,-85,-85,-85,1350,700,356.3807058347324,3.569283179639994,circular
822,1100,700,159.52833759777243,-85,-85,-85,-85,1350,700,359.94998901437236,3.569283179639994,circular
823,1100,700,159.52833759777243,-85,-85,-85,-85,1350,700,3.5192721940123306,3.569283179639994,circular
824,1100,700,159.52833759777243,-85,-85,-85,-85,1350,700,7.088555373652325,3.569283179639994,circular
825,1100,700,159.52833759777243,-85,-85,-85,-85,1350,700,10.657838553292319,3.569283179639994,circular
826,1100,700,159.52833759777243,-85,-85,-85,-85,1350,700,14.227121732932313,3.569283179639994,circular
827,1100,700,159.52833759777243,-85,-85,-85,-85,1350,700,17.796404912572307,3.569283179639994,circular
828,1100,700,159.52833759777243,-85,-85,-85,-85,1350,700,21.365688092212302,3.569283179639994,circular
829,1100,700,159.52833759777243,-85,-85,-85,-85,1350,700,24.934971271852298,3.569283179639994,circular
830,1100,700,159.52833759777243,-85,-85,-85,-85,1350,700,28.504254451492294,3.569283179639994,circular
831,1100,700,159.52833759777243,-85,-85,-85,-85,1350,700,32.07353763113229,3.569283179639994,circular
832,1100,700,159.52833759777243,-85,-85,-85,-85,1350,700,35.642820810772285,3.569283179639994,circular
833,1100,700,159.52833759777243,-85,-85,-85,-85,1350,700,39.21210399041228,3.569283179639994,circular
834,1100,700,159.52833759777243,-85,-85,-85,-85,1350,700,42.78138717005228,3.569283179639994,circular
835,1100,700,159.52833759777243,-85,-85,-85,-85,1350,700,46.35067034969227,3.569283179639994,circular
836,1100,700,159.52833759777243,-85,-85,-85,-85,1350,700,49.91995352933227,3.569283179639994,circular
837,1100,700,159.52833759777243,-85,-85,-85,-85,1350,700,53.489236708972264,3.569283179639994,circular
838,1100,700,159.52833759777243,-85,-85,-85,-85,1350,700,57.05851988861226,3.569283179639994,circular
839,1100,700,159.52833759777243,-85,-85,-85,-85,1350,700,60.627803068252256,3.569283179639994,circular
840,1100,700,159.52833759777243,-85,-85,-85,-85,1350,700,64.19708624789224,3.569283179639994,circular
841,1100,700,159.52833759777243,-85,-85,-85,-85,1350,700,67.76636942753224,3.569283179639994,circular
842,1100,700,159.52833759777243,-85,-85,-85,-85,1350,700,71.33565260717224,3.569283179639994,circular
843,1100,700,159.52833759777243,-85,-85,-85,-85,1350,700,74.90493578681223,3.569283179639994,circular
844,1100,700,159.52833759777243,-85,-85,-85,-85,1350,700,78.47421896645223,3.569283179639994,circular
845,1100,700,159.52833759777243,-85,-85,-85,-85,1350,700,82.04350214609222,3.569283179639994,circular
846,1100,700,159.52833759777243,-85,-85,-85,-85,1350,700,85.61278532573222,3.569283179639994,circular
847,1100,700,159.52833759777243,-85,-85,-85,-85,1350,700,89.18206850537221,3.569283179639994,circular
848,1100,700,159.52833759777243,-85,-85,-85,-85,1350,700,92.75135168501221,3.569283179639994,circular
849,1100,700,159.52833759777243,-85,-85,-85,-85,1350,700,96.3206348646522,3.569283179639994,circular
850,1100,700,159.52833759777243,-85,-85,-85,-85,1350,700,99.8899180442922,3.569283179639994,circular
851,1100,700,159.52833759777243,-85,-85,-85,-85,1350,700,103.4592012239322,3.569283179639994,circular
852,1100,700,159.52833759777243,-85,-85,-85,-85,1350,700,107.0284844035722,3.569283179639994,circular
853,1100,700,159.52833759777243,-85,-85,-85,-85,1350,700,110.59776758321219,3.569283179639994,circular
854,1100,700,159.52833759777243,-85,-85,-85,-85,1350,700,114.16705076285218,3.569283179639994,circular
855,1100,700,159.52833759777243,-85,-85,-85,-85,1350,700,117.73633394249218,3.569283179639994,circular
856,1100,700,159.52833759777243,-85,-85,-85,-85,1350,700,121.30561712213218,3.569283179639994,circular
857,1100,700,159.52833759777243,-85,-85,-85,-85,1350,700,124.87490030177217,3.569283179639994,circular
858,1100,700,159.52833759777243,-85,-85,-85,-85,1350,700,128.44418348141215,3.569283179639994,circular
859,1100,700,159.52833759777243,-85,-85,-85,-85,1350,700,132.01346666105215,3.569283179639994,circular
860,1100,700,159.52833759777243,-85,-85,-85,-85,1350,700,135.58274984069214,3.569283179639994,circular
861,1100,700,159.52833759777243,-85,-85,14.513447644213304,-85,1350,700,139.15203302033214,3.569283179639994,circular
862,1100,700,159.52833759777243,-85,16.269948115724727,19.25639156218217,-85,1350,700,142.72131619997214,3.569283179639994,circular
863,1100,700,159.52833759777243,-85,19.25639156218217,20.97742610025734,-85,1350,700,146.29059937961213,3.569283179639994,circular
864,1100,700,159.52833759777243,-85,21.41811930585211,22.496022074683278,-85,1350,700,149.85988255925213,3.569283179639994,circular
865,1100,700,159.52833759777243,-85,22.496022074683278,23.31969953712386,-85,1350,700,153.42916573889212,3.569283179639994,circular
866,1100,700,159.52833759777243,-85,23.553218972269416,24.1582774269213,-85,1350,700,156.99844891853212,3.569283179639994,circular
867,1100,700,159.52833759777243,-85,24.1582774269213,24.646943359767004,-85,1350,700,160.56773209817212,3.569283179639994,circular
868,1100,700,159.52833759777243,-85,24.78833704083229,25.157178905256924,-85,1350,700,164.1370152778121,3.569283179639994,circular
869,1100,700,159.52833759777243,-85,25.26334459461691,25.536951728381826,-85,1350,700,167.7062984574521,3.569283179639994,circular
870,1100,700,159.52833759777243,-85,25.536951728381826,25.7492610641292,-85,1350,700,171.2755816370921,3.569283179639994,circular
871,1100,700,159.52833759777243,-85,25.80746062382631,25.946643644493044,-85,1350,700,174.8448648167321,3.569283179639994,circular
872,1100,700,159.52833759777243,-85,25.946643644493044,26.035130213615616,-85,1350,700,178.4141479963721,3.569283179639994,circular
873,1100,700,159.52833759777243,-85,26.053745949214605,26.077602459396946,-85,1350,700,181.9834311760121,3.569283179639994,circular
874,1100,700,159.52833759777243,-85,26.077602459396946,26.067010357935978,-85,1350,700,185.55271435565209,3.569283179639994,circular
875,1100,700,159.52833759777243,-85,26.053745949214605,25.9816463993744,-85,1350,700,189.12199753529208,3.569283179639994,circular
876,1100,700,159.52833759777243,-85,25.946643644493044,25.807460623826316,-85,1350,700,192.69128071493208,3.569283179639994,circular
877,1100,700,159.52833759777243,-85,25.807460623826316,25.614204328866276,-85,1350,700,196.26056389457207,3.569283179639994,circular
878,1100,700,159.52833759777243,-85,25.536951728381826,25.263344594616918,-85,1350,700,199.82984707421207,3.569283179639994,circular
879,1100,700,159.52833759777243,-85,25.263344594616918,24.92014212493214,-85,1350,700,203.39913025385206,3.569283179639994,circular
880,1100,700,159.52833759777243,-85,24.788337040832293,24.332711411139446,-85,1350,700,206.96841343349206,3.569283179639994,circular
881,1100,700,159.52833759777243,-85,24.332711411139446,23.769789312347285,-85,1350,700,210.53769661313206,3.569283179639994,circular
882,1100,700,159.52833759777243,-85,23.553218972269416,22.793695368992225,-85,1350,700,214.10697979277205,3.569283179639994,circular
883,1100,700,159.52833759777243,-85,22.793695368992225,21.418119305852123,-85,1350,700,217.67626297241205,3.569283179639994,circular
884,1100,700,159.52833759777243,-85,21.418119305852123,19.914354227256315,-85,1350,700,221.24554615205204,3.569283179639994,circular
885,1100,700,159.52833759777243,-85,19.25639156218219,16.269948115724716,-85,1350,700,224.81482933169204,3.569283179639994,circular
886,1100,700,159.52833759777243,-85,16.269948115724716,-85,-85,1350,700,228.38411251133203,3.569283179639994,circular
887,1100,700,159.52833759777243,-85,-85,-85,-85,1350,700,231.95339569097203,3.569283179639994,circular
888,1100,700,159.52833759777243,-85,-85,-85,-85,1350,700,235.52267887061203,3.569283179639994,circular
889,1100,700,159.52833759777243,-85,-85,-85,-85,1350,700,239.09196205025202,3.569283179639994,circular
890,1100,700,159.52833759777243,-85,-85,-85,-85,1350,700,242.66124522989202,3.569283179639994,circular
891,1100,700,159.52833759777243,-85,-85,-85,-85,1350,700,246.230528409532,3.569283179639994,circular
892,1100,700,159.52833759777243,-85,-85,-85,-85,1350,700,249.799811589172,3.569283179639994,circular
893,1100,700,159.52833759777243,-85,-85,-85,-85,1350,700,253.369094768812,3.569283179639994,circular
894,1100,700,159.52833759777243,-85,-85,-85,-85,1350,700,256.938377948452,3.569283179639994,circular
895,1100,700,159.52833759777243,-85,-85,-85,-85,1350,700,260.50766112809197,3.569283179639994,circular
896,1100,700,159.52833759777243,-85,-85,-85,-85,1350,700,264.07694430773194,3.569283179639994,circular
897,1100,700,159.52833759777243,-85,-85,-85,-85,1350,700,267.6462274873719,3.569283179639994,circular
898,1100,700,159.52833759777243,-85,-85,-85,-85,1350,700,271.21551066701187,3.569283179639994,circular
899,1100,700,159.52833759777243,-85,-85,-85,-85,1350,700,274.78479384665184,3.569283179639994,circular
900,1100,700,159.52833759777243,-85,-85,-85,-85,1350,700,278.3540770262918,3.569283179639994,circular
901,1100,700,159.52833759777243,-85,-85,-85,-85,1350,700,281.9233602059318,3.569283179639994,circular
902,1100,700,159.52833759777243,-85,-85,-85,-85,1350,700,285.49264338557174,3.569283179639994,circular
903,1100,700,159.52833759777243,-85,-85,-85,-85,1350,700,289.0619265652117,3.569283179639994,circular
904,1100,700,159.52833759777243,-85,-85,-85,-85,1350,700,292.6312097448517,3.569283179639994,circular
905,1100,700,159.52833759777243,-85,-85,-85,-85,1350,700,296.20049292449164,3.569283179639994,circular
906,1100,700,159.52833759777243,-85,-85,-85,-85,1350,700,299.7697761041316,3.569283179639994,circular
907,1100,700,159.52833759777243,-85,-85,-85,-85,1350,700,303.3390592837716,3.569283179639994,circular
908,1100,700,159.52833759777243,-85,-85,-85,-85,1350,700,306.90834246341154,3.569283179639994,circular
909,1100,700,159.52833759777243,-85,-85,-85,-85,1350,700,310.4776256430515,3.569283179639994,circular
910,1100,700,159.52833759777243,-85,-85,-85,-85,1350,700,314.0469088226915,3.569283179639994,circular
911,1100,700,159.52833759777243,-85,-85,-85,-85,1350,700,317.61619200233145,3.569283179639994,circular
912,1100,700,159.52833759777243,-85,-85,-85,-85,1350,700,321.1854751819714,3.569283179639994,circular
913,1100,700,159.52833759777243,-85,-85,-85,-85,1350,700,324.7547583616114,3.569283179639994,circular
914,1100,700,159.52833759777243,-85,-85,-85,-85,1350,700,328.32404154125135,3.569283179639994,circular
915,1100,700,159.52833759777243,-85,-85,-85,-85,1350,700,331.8933247208913,3.569283179639994,circular
916,1100,700,159.52833759777243,-85,-85,-85,-85,1350,700,335.4626079005313,3.569283179639994,circular
917,1100,700,159.52833759777243,-85,-85,-85,-85,1350,700,339.03189108017125,3.569283179639994,circular
918,1100,700,159.52833759777243,-85,-85,-85,-85,1350,700,342.6011742598112,3.569283179639994,circular
919,1100,700,159.52833759777243,-85,-85,-85,-85,1350,700,346.1704574394512,3.569283179639994,circular
920,1100,700,159.52833759777243,-85,-85,-85,-85,1350,700,349.73974061909115,3.569283179639994,circular
921,1100,700,159.52833759777243,-85,-85,-85,-85,1350,700,353.3090237987311,3.569283179639994,circular
922,1100,700,159.52833759777243,-85,-85,-85,-85,1350,700,356.8783069783711,3.569283179639994,circular
923,1100,700,159.52833759777243,-85,-85,-85,-85,1350,700,0.44759015801105306,3.569283179639994,circular
924,1100,700,159.52833759777243,-85,-85,-85,-85,1350,700,4.016873337651047,3.569283179639994,circular
925,1100,700,159.52833759777243,-85,-85,-85,-85,1350,700,7.586156517291041,3.569283179639994,circular
926,1100,700,159.52833759777243,-85,-85,-85,-85,1350,700,11.155439696931035,3.569283179639994,circular
927,1100,700,159.52833759777243,-85,-85,-85,-85,1350,700,14.724722876571029,3.569283179639994,circular
928,1100,700,159.52833759777243,-85,-85,-85,-85,1350,700,18.294006056211025,3.569283179639994,circular
929,1100,700,159.52833759777243,-85,-85,-85,-85,1350,700,21.86328923585102,3.569283179639994,circular
930,1100,700,159.52833759777243,-85,-85,-85,-85,1350,700,25.432572415491016,3.569283179639994,circular
931,1100,700,159.52833759777243,-85,-85,-85,-85,1350,700,29.001855595131012,3.569283179639994,circular
932,1100,700,159.52833759777243,-85,-85,-85,-85,1350,700,32.57113877477101,3.569283179639994,circular
933,1100,700,159.52833759777243,-85,-85,-85,-85,1350,700,36.140421954411,3.569283179639994,circular
934,1100,700,159.52833759777243,-85,-85,-85,-85,1350,700,39.709705134051,3.569283179639994,circular
935,1100,700,159.52833759777243,-85,-85,-85,-85,1350,700,43.278988313690995,3.569283179639994,circular
936,1100,700,159.52833759777243,-85,-85,-85,-85,1350,700,46.84827149333099,3.569283179639994,circular
937,1100,700,159.52833759777243,-85,-85,-85,-85,1350,700,50.41755467297099,3.569283179639994,circular
938,1100,700,159.52833759777243,-85,-85,-85,-85,1350,700,53.98683785261098,3.569283179639994,circular
939,1100,700,159.52833759777243,-85,-85,-85,-85,1350,700,57.55612103225098,3.569283179639994,circular
940,1100,700,159.52833759777243,-85,-85,-85,-85,1350,700,61.125404211890974,3.569283179639994,circular
941,1100,700,159.52833759777243,-85,-85,-85,-85,1350,700,64.69468739153096,3.569283179639994,circular
942,1100,700,159.52833759777243,-85,-85,-85,-85,1350,700,68.26397057117096,3.569283179639994,circular
943,1100,700,159.52833759777243,-85,-85,-85,-85,1350,700,71.83325375081095,3.569283179639994,circular
944,1100,700,159.52833759777243,-85,-85,-85,-85,1350,700,75.40253693045095,3.569283179639994,circular
945,1100,700,159.52833759777243,-85,-85,-85,-85,1350,700,78.97182011009095,3.569283179639994,circular
946,1100,700,159.52833759777243,-85,-85,-85,-85,1350,700,82.54110328973094,3.569283179639994,circular
947,1100,700,159.52833759777243,-85,-85,-85,-85,1350,700,86.11038646937094,3.569283179639994,circular
948,1100,700,159.52833759777243,-85,-85,-85,-85,1350,700,89.67966964901093,3.569283179639994,circular
949,1100,700,159.52833759777243,-85,-85,-85,-85,1350,700,93.24895282865093,3.569283179639994,circular
950,1100,700,159.52833759777243,-85,-85,-85,-85,1350,700,96.81823600829092,3.569283179639994,circular
951,1100,700,159.52833759777243,-85,-85,-85,-85,1350,700,100.38751918793092,3.569283179639994,circular
952,1100,700,159.52833759777243,-85,-85,-85,-85,1350,700,103.95680236757092,3.569283179639994,circular
953,1100,700,159.52833759777243,-85,-85,-85,-85,1350,700,107.52608554721091,3.569283179639994,circular
954,1100,700,159.52833759777243,-85,-85,-85,-85,1350,700,111.09536872685091,3.569283179639994,circular
955,1100,700,159.52833759777243,-85,-85,-85,-85,1350,700,114.6646519064909,3.569283179639994,circular
956,1100,700,159.52833759777243,-85,-85,-85,-85,1350,700,118.2339350861309,3.569283179639994,circular
957,1100,700,159.52833759777243,-85,-85,-85,-85,1350,700,121.8032182657709,3.569283179639994,circular
958,1100,700,159.52833759777243,-85,-85,-85,-85,1350,700,125.37250144541089,3.569283179639994,circular
959,1100,700,159.52833759777243,-85,-85,-85,-85,1350,700,128.94178462505087,3.569283179639994,circular
960,1100,700,159.52833759777243,-85,-85,-85,-85,1350,700,132.51106780469087,3.569283179639994,circular
961,1100,700,159.52833759777243,-85,-85,-85,-85,1350,700,136.08035098433086,3.569283179639994,circular
962,1100,700,159.52833759777243,-85,-85,16.269948115724727,-85,1350,700,139.64963416397086,3.569283179639994,circular
963,1100,700,159.52833759777243,-85,16.269948115724727,19.25639156218217,-85,1350,700,143.21891734361085,3.569283179639994,circular
964,1100,700,159.52833759777243,-85,19.91435422725632,21.41811930585211,-85,1350,700,146.78820052325085,3.569283179639994,circular
965,1100,700,159.52833759777243,-85,21.41811930585211,22.496022074683278,-85,1350,700,150.35748370289085,3.569283179639994,circular
966,1100,700,159.52833759777243,-85,22.793695368992218,23.553218972269416,-85,1350,700,153.92676688253084,3.569283179639994,circular
967,1100,700,159.52833759777243,-85,23.553218972269416,24.1582774269213,-85,1350,700,157.49605006217084,3.569283179639994,circular
968,1100,700,159.52833759777243,-85,24.33271141113945,24.78833704083229,-85,1350,700,161.06533324181083,3.569283179639994,circular
969,1100,700,159.52833759777243,-85,24.78833704083229,25.26334459461691,-85,1350,700,164.63461642145083,3.569283179639994,circular
970,1100,700,159.52833759777243,-85,25.26334459461691,25.536951728381826,-85,1350,700,168.20389960109082,3.569283179639994,circular
971,1100,700,159.52833759777243,-85,25.614204328866276,25.80746062382631,-85,1350,700,171.77318278073082,3.569283179639994,circular
972,1100,700,159.52833759777243,-85,25.80746062382631,25.946643644493044,-85,1350,700,175.34246596037082,3.569283179639994,circular
973,1100,700,159.52833759777243,-85,25.9816463993744,26.053745949214605,-85,1350,700,178.9117491400108,3.569283179639994,circular
974,1100,700,159.52833759777243,-85,26.053745949214605,26.077602459396946,-85,1350,700,182.4810323196508,3.569283179639994,circular
975,1100,700,159.52833759777243,-85,26.077602459396946,26.053745949214605,-85,1350,700,186.0503154992908,3.569283179639994,circular
976,1100,700,159.52833759777243,-85,26.053745949214605,25.946643644493044,-85,1350,700,189.6195986789308,3.569283179639994,circular
977,1100,700,159.52833759777243,-85,25.946643644493044,25.807460623826316,-85,1350,700,193.1888818585708,3.569283179639994,circular
978,1100,700,159.52833759777243,-85,25.7492610641292,25.536951728381826,-85,1350,700,196.7581650382108,3.569283179639994,circular
979,1100,700,159.52833759777243,-85,25.536951728381826,25.263344594616918,-85,1350,700,200.3274482178508,3.569283179639994,circular
980,1100,700,159.52833759777243,-85,25.157178905256924,24.788337040832293,-85,1350,700,203.89673139749078,3.569283179639994,circular
981,1100,700,159.52833759777243,-85,24.788337040832293,24.332711411139446,-85,1350,700,207.46601457713078,3.569283179639994,circular
982,1100,700,159.52833759777243,-85,24.1582774269213,23.553218972269416,-85,1350,700,211.03529775677077,3.569283179639994,circular
983,1100,700,159.52833759777243,-85,23.553218972269416,22.496022074683278,-85,1350,700,214.60458093641077,3.569283179639994,circular
984,1100,700,159.52833759777243,-85,22.496022074683278,21.418119305852123,-85,1350,700,218.17386411605077,3.569283179639994,circular
985,1100,700,159.52833759777243,-85,20.97742610025735,19.25639156218219,-85,1350,700,221.74314729569076,3.569283179639994,circular
986,1100,700,159.52833759777243,-85,19.25639156218219,16.269948115724716,-85,1350,700,225.31243047533076,3.569283179639994,circular
987,1100,700,159.52833759777243,-85,14.513447644213265,-85,-85,1350,700,228.88171365497075,3.569283179639994,circular
988,1100,700,159.52833759777243,-85,-85,-85,-85,1350,700,232.45099683461075,3.569283179639994,circular
989,1100,700,159.52833759777243,-85,-85,-85,-85,1350,700,236.02028001425074,3.569283179639994,circular
990,1100,700,159.52833759777243,-85,-85,-85,-85,1350,700,239.58956319389074,3.569283179639994,circular
991,1100,700,159.52833759777243,-85,-85,-85,-85,1350,700,243.15884637353074,3.569283179639994,circular
992,1100,700,159.52833759777243,-85,-85,-85,-85,1350,700,246.72812955317073,3.569283179639994,circular
993,1100,700,159.52833759777243,-85,-85,-85,-85,1350,700,250.29741273281073,3.569283179639994,circular
994,1100,700,159.52833759777243,-85,-85,-85,-85,1350,700,253.86669591245072,3.569283179639994,circular
995,1100,700,159.52833759777243,-85,-85,-85,-85,1350,700,257.4359790920907,3.569283179639994,circular
996,1100,700,159.52833759777243,-85,-85,-85,-85,1350,700,261.00526227173066,3.569283179639994,circular
997,1100,700,159.52833759777243,-85,-85,-85,-85,1350,700,264.5745454513706,3.569283179639994,circular
998,1100,700,159.52833759777243,-85,-85,-85,-85,1350,700,268.1438286310106,3.569283179639994,circular
999,1100,700,159.52833759777243,-85,-85,-85,-85,1350,700,271.71311181065056,3.569283179639994,circular
