Tick,Aircraft X,Aircraft Y,Aircraft Heading,A1,A2,A3,A4,Radar X,Radar Y,Radar Azimuth,Radar RPM,Radar Scan Pattern
0,1100,700,27.74616930262919,-85,-85,-85,-85,1350,700,251.42653424169157,8.618835339135678,circular
1,1100,700,27.74616930262919,-85,-85,-85,-85,1350,700,260.04536958082724,8.618835339135678,circular
2,1100,700,27.74616930262919,-85,-85,-85,-85,1350,700,268.6642049199629,8.618835339135678,circular
3,1100,700,27.74616930262919,-85,-85,-85,-85,1350,700,277.2830402590986,8.618835339135678,circular
4,1100,700,27.74616930262919,-85,-85,-85,-85,1350,700,285.90187559823426,8.618835339135678,circular
5,1100,700,27.74616930262919,-85,-85,-85,-85,1350,700,294.5207109373699,8.618835339135678,circular
6,1100,700,27.74616930262919,-85,-85,-85,-85,1350,700,303.1395462765056,8.618835339135678,circular
7,1100,700,27.74616930262919,-85,-85,-85,-85,1350,700,311.75838161564127,8.618835339135678,circular
8,1100,700,27.74616930262919,-85,-85,-85,-85,1350,700,320.37721695477694,8.618835339135678,circular
9,1100,700,27.74616930262919,-85,-85,-85,-85,1350,700,328.9960522939126,8.618835339135678,circular
10,1100,700,27.74616930262919,-85,-85,-85,-85,1350,700,337.6148876330483,8.618835339135678,circular
11,1100,700,27.74616930262919,-85,-85,-85,-85,1350,700,346.23372297218395,8.618835339135678,circular
12,1100,700,27.74616930262919,-85,-85,-85,-85,1350,700,354.8525583113196,8.618835339135678,circular
13,1100,700,27.74616930262919,-85,-85,-85,-85,1350,700,3.4713936504552976,8.618835339135678,circular
14,1100,700,27.74616930262919,-85,-85,-85,-85,1350,700,12.090228989590976,8.618835339135678,circular
15,1100,700,27.74616930262919,-85,-85,-85,-85,1350,700,20.709064328726654,8.618835339135678,circular
16,1100,700,27.74616930262919,-85,-85,-85,-85,1350,700,29.327899667862333,8.618835339135678,circular
17,1100,700,27.74616930262919,-85,-85,-85,-85,1350,700,37.94673500699801,8.618835339135678,circular
18,1100,700,27.74616930262919,-85,-85,-85,-85,1350,700,46.56557034613369,8.618835339135678,circular
19,1100,700,27.74616930262919,-85,-85,-85,-85,1350,700,55.18440568526937,8.618835339135678,circular
20,1100,700,27.74616930262919,-85,-85,-85,-85,1350,700,63.80324102440505,8.618835339135678,circular
21,1100,700,27.74616930262919,-85,-85,-85,-85,1350,700,72.42207636354073,8.618835339135678,circular
22,1100,700,27.74616930262919,-85,-85,-85,-85,1350,700,81.0409117026764,8.618835339135678,circular
23,1100,700,27.74616930262919,-85,-85,-85,-85,1350,700,89.65974704181207,8.618835339135678,circular
24,1100,700,27.74616930262919,-85,-85,-85,-85,1350,700,98.27858238094774,8.618835339135678,circular
25,1100,700,27.74616930262919,-85,-85,-85,-85,1350,700,106.89741772008341,8.618835339135678,circular
26,1100,700,27.74616930262919,-85,-85,-85,-85,1350,700,115.51625305921908,8.618835339135678,circular
27,1100,700,27.74616930262919,-85,-85,-85,-85,1350,700,124.13508839835475,8.618835339135678,circular
28,1100,700,27.74616930262919,-85,-85,-85,-85,1350,700,132.75392373749042,8.618835339135678,circular
29,1100,700,27.74616930262919,-85,-85,-85,-85,1350,700,141.3727590766261,8.618835339135678,circular
30,1100,700,27.74616930262919,20.97742610025734,-85,-85,19.25639156218217,1350,700,149.99159441576177,8.618835339135678,circular
31,1100,700,27.74616930262919,23.769789312347285,-85,-85,23.06730250275713,1350,700,158.61042975489744,8.618835339135678,circular
32,1100,700,27.74616930262919,25.042923900792417,-85,-85,24.646943359767004,1350,700,167.2292650940331,8.618835339135678,circular
33,1100,700,27.74616930262919,25.80746062382631,-85,-85,25.614204328866276,1350,700,175.84810043316878,8.618835339135678,circular
34,1100,700,27.74616930262919,26.074956048612798,-85,-85,26.035130213615616,1350,700,184.46693577230445,8.618835339135678,circular
35,1100,700,27.74616930262919,25.9816463993744,-85,-85,26.053745949214605,1350,700,193.08577111144012,8.618835339135678,circular
36,1100,700,27.74616930262919,25.452908776355446,-85,-85,25.684904084789977,1350,700,201.7046064505758,8.618835339135678,circular
37,1100,700,27.74616930262919,24.495315191602927,-85,-85,24.92014212493214,1350,700,210.32344178971147,8.618835339135678,circular
38,1100,700,27.74616930262919,22.496022074683278,-85,-85,23.319699537123853,1350,700,218.94227712884714,8.618835339135678,circular
39,1100,700,27.74616930262919,17.51315549939211,-85,-85,19.914354227256315,1350,700,227.5611124679828,8.618835339135678,circular
40,1100,700,27.74616930262919,-85,-85,-85,-85,1350,700,236.17994780711848,8.618835339135678,circular
41,1100,700,27.74616930262919,-85,-85,-85,-85,1350,700,244.79878314625415,8.618835339135678,circular
42,1100,700,27.74616930262919,-85,-85,-85,-85,1350,700,253.41761848538982,8.618835339135678,circular
43,1100,700,27.74616930262919,-85,-85,-85,-85,1350,700,262.0364538245255,8.618835339135678,circular
44,1100,700,27.74616930262919,-85,-85,-85,-85,1350,700,270.65528916366117,8.618835339135678,circular
45,1100,700,27.74616930262919,-85,-85,-85,-85,1350,700,279.27412450279684,8.618835339135678,circular
46,1100,700,27.74616930262919,-85,-85,-85,-85,1350,700,287.8929598419325,8.618835339135678,circular
47,1100,700,27.74616930262919,-85,-85,-85,-85,1350,700,296.5117951810682,8.618835339135678,circular
48,1100,700,27.74616930262919,-85,-85,-85,-85,1350,700,305.13063052020385,8.618835339135678,circular
49,1100,700,27.74616930262919,-85,-85,-85,-85,1350,700,313.7494658593395,8.618835339135678,circular
50,1100,700,27.74616930262919,-85,-85,-85,-85,1350,700,322.3683011984752,8.618835339135678,circular
51,1100,700,27.74616930262919,-85,-85,-85,-85,1350,700,330.98713653761087,8.618835339135678,circular
52,1100,700,27.74616930262919,-85,-85,-85,-85,1350,700,339.60597187674654,8.618835339135678,circular
53,1100,700,27.74616930262919,-85,-85,-85,-85,1350,700,348.2248072158822,8.618835339135678,circular
54,1100,700,27.74616930262919,-85,-85,-85,-85,1350,700,356.8436425550179,8.618835339135678,circular
55,1100,700,27.74616930262919,-85,-85,-85,-85,1350,700,5.462477894153551,8.618835339135678,circular
56,1100,700,27.74616930262919,-85,-85,-85,-85,1350,700,14.08131323328923,8.618835339135678,circular
57,1100,700,27.74616930262919,-85,-85,-85,-85,1350,700,22.700148572424908,8.618835339135678,circular
58,1100,700,27.74616930262919,-85,-85,-85,-85,1350,700,31.318983911560586,8.618835339135678,circular
59,1100,700,27.74616930262919,-85,-85,-85,-85,1350,700,39.937819250696265,8.618835339135678,circular
60,1100,700,27.74616930262919,-85,-85,-85,-85,1350,700,48.55665458983194,8.618835339135678,circular
61,1100,700,27.74616930262919,-85,-85,-85,-85,1350,700,57.17548992896762,8.618835339135678,circular
62,1100,700,27.74616930262919,-85,-85,-85,-85,1350,700,65.79432526810331,8.618835339135678,circular
63,1100,700,27.74616930262919,-85,-85,-85,-85,1350,700,74.41316060723898,8.618835339135678,circular
64,1100,700,27.74616930262919,-85,-85,-85,-85,1350,700,83.03199594637465,8.618835339135678,circular
65,1100,700,27.74616930262919,-85,-85,-85,-85,1350,700,91.65083128551032,8.618835339135678,circular
66,1100,700,27.74616930262919,-85,-85,-85,-85,1350,700,100.26966662464599,8.618835339135678,circular
67,1100,700,27.74616930262919,-85,-85,-85,-85,1350,700,108.88850196378166,8.618835339135678,circular
68,1100,700,27.74616930262919,-85,-85,-85,-85,1350,700,117.50733730291734,8.618835339135678,circular
69,1100,700,27.74616930262919,-85,-85,-85,-85,1350,700,126.126172642053,8.618835339135678,circular
70,1100,700,27.74616930262919,-85,-85,-85,-85,1350,700,134.74500798118868,8.618835339135678,circular
71,1100,700,27.74616930262919,14.513447644213304,-85,-85,-85,1350,700,143.36384332032435,8.618835339135678,circular
72,1100,700,27.74616930262919,21.813356630230874,-85,-85,20.48098321025059,1350,700,151.98267865946002,8.618835339135678,circular
73,1100,700,27.74616930262919,24.1582774269213,-85,-85,23.553218972269416,1350,700,160.6015139985957,8.618835339135678,circular
74,1100,700,27.74616930262919,25.26334459461691,-85,-85,24.92014212493214,1350,700,169.22034933773136,8.618835339135678,circular
75,1100,700,27.74616930262919,25.906018829630398,-85,-85,25.7492610641292,1350,700,177.83918467686703,8.618835339135678,circular
76,1100,700,27.74616930262919,26.077602459396946,-85,-85,26.067010357935978,1350,700,186.4580200160027,8.618835339135678,circular
77,1100,700,27.74616930262919,25.906018829630398,-85,-85,26.011117049096303,1350,700,195.07685535513838,8.618835339135678,circular
78,1100,700,27.74616930262919,25.263344594616918,-85,-85,25.536951728381826,1350,700,203.69569069427405,8.618835339135678,circular
79,1100,700,27.74616930262919,24.1582774269213,-85,-85,24.646943359767004,1350,700,212.31452603340972,8.618835339135678,circular
80,1100,700,27.74616930262919,21.81335663023087,-85,-85,22.793695368992225,1350,700,220.9333613725454,8.618835339135678,circular
81,1100,700,27.74616930262919,14.513447644213265,-85,-85,18.474304759512954,1350,700,229.55219671168106,8.618835339135678,circular
82,1100,700,27.74616930262919,-85,-85,-85,-85,1350,700,238.17103205081673,8.618835339135678,circular
83,1100,700,27.74616930262919,-85,-85,-85,-85,1350,700,246.7898673899524,8.618835339135678,circular
84,1100,700,27.74616930262919,-85,-85,-85,-85,1350,700,255.40870272908808,8.618835339135678,circular
85,1100,700,27.74616930262919,-85,-85,-85,-85,1350,700,264.02753806822375,8.618835339135678,circular
86,1100,700,27.74616930262919,-85,-85,-85,-85,1350,700,272.6463734073594,8.618835339135678,circular
87,1100,700,27.74616930262919,-85,-85,-85,-85,1350,700,281.2652087464951,8.618835339135678,circular
88,1100,700,27.74616930262919,-85,-85,-85,-85,1350,700,289.88404408563076,8.618835339135678,circular
89,1100,700,27.74616930262919,-85,-85,-85,-85,1350,700,298.50287942476643,8.618835339135678,circular
90,1100,700,27.74616930262919,-85,-85,-85,-85,1350,700,307.1217147639021,8.618835339135678,circular
91,1100,700,27.74616930262919,-85,-85,-85,-85,1350,700,315.7405501030378,8.618835339135678,circular
92,1100,700,27.74616930262919,-85,-85,-85,-85,1350,700,324.35938544217345,8.618835339135678,circular
93,1100,700,27.74616930262919,-85,-85,-85,-85,1350,700,332.9782207813091,8.618835339135678,circular
94,1100,700,27.74616930262919,-85,-85,-85,-85,1350,700,341.5970561204448,8.618835339135678,circular
95,1100,700,27.74616930262919,-85,-85,-85,-85,1350,700,350.21589145958046,8.618835339135678,circular
96,1100,700,27.74616930262919,-85,-85,-85,-85,1350,700,358.83472679871613,8.618835339135678,circular
97,1100,700,27.74616930262919,-85,-85,-85,-85,1350,700,7.453562137851804,8.618835339135678,circular
98,1100,700,27.74616930262919,-85,-85,-85,-85,1350,700,16.072397476987483,8.618835339135678,circular
99,1100,700,27.74616930262919,-85,-85,-85,-85,1350,700,24.69123281612316,8.618835339135678,circular
100,1100,700,27.74616930262919,-85,-85,-85,-85,1350,700,33.31006815525884,8.618835339135678,circular
101,1100,700,27.74616930262919,-85,-85,-85,-85,1350,700,41.92890349439452,8.618835339135678,circular
102,1100,700,27.74616930262919,-85,-85,-85,-85,1350,700,50.5477388335302,8.618835339135678,circular
103,1100,700,27.74616930262919,-85,-85,-85,-85,1350,700,59.166574172665875,8.618835339135678,circular
104,1100,700,27.74616930262919,-85,-85,-85,-85,1350,700,67.78540951180156,8.618835339135678,circular
105,1100,700,27.74616930262919,-85,-85,-85,-85,1350,700,76.40424485093723,8.618835339135678,circular
106,1100,700,27.74616930262919,-85,-85,-85,-85,1350,700,85.0230801900729,8.618835339135678,circular
107,1100,700,27.74616930262919,-85,-85,-85,-85,1350,700,93.64191552920857,8.618835339135678,circular
108,1100,700,27.74616930262919,-85,-85,-85,-85,1350,700,102.26075086834425,8.618835339135678,circular
109,1100,700,27.74616930262919,-85,-85,-85,-85,1350,700,110.87958620747992,8.618835339135678,circular
110,1100,700,27.74616930262919,-85,-85,-85,-85,1350,700,119.49842154661559,8.618835339135678,circular
111,1100,700,27.74616930262919,-85,-85,-85,-85,1350,700,128.11725688575126,8.618835339135678,circular
112,1100,700,27.74616930262919,-85,-85,-85,-85,1350,700,136.73609222488693,8.618835339135678,circular
113,1100,700,27.74616930262919,17.513155499392102,-85,-85,14.513447644213304,1350,700,145.3549275640226,8.618835339135678,circular
114,1100,700,27.74616930262919,22.496022074683278,-85,-85,21.41811930585211,1350,700,153.97376290315827,8.618835339135678,circular
115,1100,700,27.74616930262919,24.495315191602927,-85,-85,23.971022246457757,1350,700,162.59259824229395,8.618835339135678,circular
116,1100,700,27.74616930262919,25.452908776355446,-85,-85,25.157178905256924,1350,700,171.21143358142962,8.618835339135678,circular
117,1100,700,27.74616930262919,25.9816463993744,-85,-85,25.859665714847075,1350,700,179.8302689205653,8.618835339135678,circular
118,1100,700,27.74616930262919,26.067010357935978,-85,-85,26.077602459396946,1350,700,188.44910425970096,8.618835339135678,circular
119,1100,700,27.74616930262919,25.807460623826316,-85,-85,25.946643644493044,1350,700,197.06793959883663,8.618835339135678,circular
120,1100,700,27.74616930262919,25.042923900792417,-85,-85,25.361807294499556,1350,700,205.6867749379723,8.618835339135678,circular
121,1100,700,27.74616930262919,23.769789312347285,-85,-85,24.332711411139446,1350,700,214.30561027710797,8.618835339135678,circular
122,1100,700,27.74616930262919,20.97742610025735,-85,-85,22.170735458799452,1350,700,222.92444561624364,8.618835339135678,circular
123,1100,700,27.74616930262919,-85,-85,-85,16.269948115724716,1350,700,231.54328095537932,8.618835339135678,circular
124,1100,700,27.74616930262919,-85,-85,-85,-85,1350,700,240.162116294515,8.618835339135678,circular
125,1100,700,27.74616930262919,-85,-85,-85,-85,1350,700,248.78095163365066,8.618835339135678,circular
126,1100,700,27.74616930262919,-85,-85,-85,-85,1350,700,257.39978697278633,8.618835339135678,circular
127,1100,700,27.74616930262919,-85,-85,-85,-85,1350,700,266.018622311922,8.618835339135678,circular
128,1100,700,27.74616930262919,-85,-85,-85,-85,1350,700,274.6374576510577,8.618835339135678,circular
129,1100,700,27.74616930262919,-85,-85,-85,-85,1350,700,283.25629299019334,8.618835339135678,circular
130,1100,700,27.74616930262919,-85,-85,-85,-85,1350,700,291.875128329329,8.618835339135678,circular
131,1100,700,27.74616930262919,-85,-85,-85,-85,1350,700,300.4939636684647,8.618835339135678,circular
132,1100,700,27.74616930262919,-85,-85,-85,-85,1350,700,309.11279900760036,8.618835339135678,circular
133,1100,700,27.74616930262919,-85,-85,-85,-85,1350,700,317.73163434673603,8.618835339135678,circular
134,1100,700,27.74616930262919,-85,-85,-85,-85,1350,700,326.3504696858717,8.618835339135678,circular
135,1100,700,27.74616930262919,-85,-85,-85,-85,1350,700,334.9693050250074,8.618835339135678,circular
136,1100,700,27.74616930262919,-85,-85,-85,-85,1350,700,343.58814036414304,8.618835339135678,circular
137,1100,700,27.74616930262919,-85,-85,-85,-85,1350,700,352.2069757032787,8.618835339135678,circular
138,1100,700,27.74616930262919,-85,-85,-85,-85,1350,700,0.8258110424143865,8.618835339135678,circular
139,1100,700,27.74616930262919,-85,-85,-85,-85,1350,700,9.444646381550065,8.618835339135678,circular
140,1100,700,27.74616930262919,-85,-85,-85,-85,1350,700,18.063481720685743,8.618835339135678,circular
141,1100,700,27.74616930262919,-85,-85,-85,-85,1350,700,26.682317059821422,8.618835339135678,circular
142,1100,700,27.74616930262919,-85,-85,-85,-85,1350,700,35.3011523989571,8.618835339135678,circular
143,1100,700,27.74616930262919,-85,-85,-85,-85,1350,700,43.91998773809278,8.618835339135678,circular
144,1100,700,27.74616930262919,-85,-85,-85,-85,1350,700,52.53882307722846,8.618835339135678,circular
145,1100,700,27.74616930262919,-85,-85,-85,-85,1350,700,61.157658416364136,8.618835339135678,circular
146,1100,700,27.74616930262919,-85,-85,-85,-85,1350,700,69.77649375549981,8.618835339135678,circular
147,1100,700,27.74616930262919,-85,-85,-85,-85,1350,700,78.39532909463549,8.618835339135678,circular
148,1100,700,27.74616930262919,-85,-85,-85,-85,1350,700,87.01416443377116,8.618835339135678,circular
149,1100,700,27.74616930262919,-85,-85,-85,-85,1350,700,95.63299977290683,8.618835339135678,circular
150,1100,700,27.74616930262919,-85,-85,-85,-85,1350,700,104.2518351120425,8.618835339135678,circular
151,1100,700,27.74616930262919,-85,-85,-85,-85,1350,700,112.87067045117817,8.618835339135678,circular
152,1100,700,27.74616930262919,-85,-85,-85,-85,1350,700,121.48950579031384,8.618835339135678,circular
153,1100,700,27.74616930262919,-85,-85,-85,-85,1350,700,130.1083411294495,8.618835339135678,circular
154,1100,700,27.74616930262919,-85,-85,-85,-85,1350,700,138.72717646858518,8.618835339135678,circular
155,1100,700,27.74616930262919,19.25639156218217,-85,-85,17.513155499392102,1350,700,147.34601180772086,8.618835339135678,circular
156,1100,700,27.74616930262919,23.06730250275713,-85,-85,22.170735458799452,1350,700,155.96484714685653,8.618835339135678,circular
157,1100,700,27.74616930262919,24.78833704083229,-85,-85,24.33271141113945,1350,700,164.5836824859922,8.618835339135678,circular
158,1100,700,27.74616930262919,25.614204328866276,-85,-85,25.36180729449956,1350,700,173.20251782512787,8.618835339135678,circular
159,1100,700,27.74616930262919,26.035130213615616,-85,-85,25.946643644493044,1350,700,181.82135316426354,8.618835339135678,circular
160,1100,700,27.74616930262919,26.035130213615616,-85,-85,26.074956048612798,1350,700,190.4401885033992,8.618835339135678,circular
161,1100,700,27.74616930262919,25.684904084789977,-85,-85,25.859665714847075,1350,700,199.05902384253488,8.618835339135678,circular
162,1100,700,27.74616930262919,24.788337040832293,-85,-85,25.157178905256924,1350,700,207.67785918167056,8.618835339135678,circular
163,1100,700,27.74616930262919,23.319699537123853,-85,-85,23.97102224645776,1350,700,216.29669452080623,8.618835339135678,circular
164,1100,700,27.74616930262919,19.914354227256315,-85,-85,21.418119305852123,1350,700,224.9155298599419,8.618835339135678,circular
165,1100,700,27.74616930262919,-85,-85,-85,11.50579409835762,1350,700,233.53436519907757,8.618835339135678,circular
166,1100,700,27.74616930262919,-85,-85,-85,-85,1350,700,242.15320053821324,8.618835339135678,circular
167,1100,700,27.74616930262919,-85,-85,-85,-85,1350,700,250.7720358773489,8.618835339135678,circular
168,1100,700,27.74616930262919,-85,-85,-85,-85,1350,700,259.3908712164846,8.618835339135678,circular
169,1100,700,27.74616930262919,-85,-85,-85,-85,1350,700,268.00970655562026,8.618835339135678,circular
170,1100,700,27.74616930262919,-85,-85,-85,-85,1350,700,276.6285418947559,8.618835339135678,circular
171,1100,700,27.74616930262919,-85,-85,-85,-85,1350,700,285.2473772338916,8.618835339135678,circular
172,1100,700,27.74616930262919,-85,-85,-85,-85,1350,700,293.86621257302727,8.618835339135678,circular
173,1100,700,27.74616930262919,-85,-85,-85,-85,1350,700,302.48504791216294,8.618835339135678,circular
174,1100,700,27.74616930262919,-85,-85,-85,-85,1350,700,311.1038832512986,8.618835339135678,circular
175,1100,700,27.74616930262919,-85,-85,-85,-85,1350,700,319.7227185904343,8.618835339135678,circular
176,1100,700,27.74616930262919,-85,-85,-85,-85,1350,700,328.34155392956995,8.618835339135678,circular
177,1100,700,27.74616930262919,-85,-85,-85,-85,1350,700,336.9603892687056,8.618835339135678,circular
178,1100,700,27.74616930262919,-85,-85,-85,-85,1350,700,345.5792246078413,8.618835339135678,circular
179,1100,700,27.74616930262919,-85,-85,-85,-85,1350,700,354.19805994697697,8.618835339135678,circular
180,1100,700,27.74616930262919,-85,-85,-85,-85,1350,700,2.81689528611264,8.618835339135678,circular
181,1100,700,27.74616930262919,-85,-85,-85,-85,1350,700,11.435730625248318,8.618835339135678,circular
182,1100,700,27.74616930262919,-85,-85,-85,-85,1350,700,20.054565964383997,8.618835339135678,circular
183,1100,700,27.74616930262919,-85,-85,-85,-85,1350,700,28.673401303519675,8.618835339135678,circular
184,1100,700,27.74616930262919,-85,-85,-85,-85,1350,700,37.292236642655354,8.618835339135678,circular
185,1100,700,27.74616930262919,-85,-85,-85,-85,1350,700,45.91107198179103,8.618835339135678,circular
186,1100,700,27.74616930262919,-85,-85,-85,-85,1350,700,54.52990732092671,8.618835339135678,circular
187,1100,700,27.74616930262919,-85,-85,-85,-85,1350,700,63.14874266006239,8.618835339135678,circular
188,1100,700,27.74616930262919,-85,-85,-85,-85,1350,700,71.76757799919807,8.618835339135678,circular
189,1100,700,27.74616930262919,-85,-85,-85,-85,1350,700,80.38641333833374,8.618835339135678,circular
190,1100,700,27.74616930262919,-85,-85,-85,-85,1350,700,89.00524867746941,8.618835339135678,circular
191,1100,700,27.74616930262919,-85,-85,-85,-85,1350,700,97.62408401660508,8.618835339135678,circular
192,1100,700,27.74616930262919,-85,-85,-85,-85,1350,700,106.24291935574075,8.618835339135678,circular
193,1100,700,27.74616930262919,-85,-85,-85,-85,1350,700,114.86175469487642,8.618835339135678,circular
194,1100,700,27.74616930262919,-85,-85,-85,-85,1350,700,123.4805900340121,8.618835339135678,circular
195,1100,700,27.74616930262919,-85,-85,-85,-85,1350,700,132.09942537314777,8.618835339135678,circular
196,1100,700,27.74616930262919,-85,-85,-85,-85,1350,700,140.71826071228344,8.618835339135678,circular
197,1100,700,27.74616930262919,20.48098321025059,-85,-85,19.25639156218217,1350,700,149.3370960514191,8.618835339135678,circular
198,1100,700,27.74616930262919,23.553218972269416,-85,-85,22.793695368992218,1350,700,157.95593139055478,8.618835339135678,circular
199,1100,700,27.74616930262919,25.042923900792417,-85,-85,24.646943359767004,1350,700,166.57476672969045,8.618835339135678,circular
200,1100,700,27.74616930262919,25.7492610641292,-85,-85,25.536951728381826,1350,700,175.19360206882612,8.618835339135678,circular
201,1100,700,27.74616930262919,26.067010357935978,-85,-85,26.011117049096303,1350,700,183.8124374079618,8.618835339135678,circular
202,1100,700,27.74616930262919,25.9816463993744,-85,-85,26.053745949214605,1350,700,192.43127274709747,8.618835339135678,circular
203,1100,700,27.74616930262919,25.536951728381826,-85,-85,25.7492610641292,1350,700,201.05010808623314,8.618835339135678,circular
204,1100,700,27.74616930262919,24.495315191602927,-85,-85,24.92014212493214,1350,700,209.6689434253688,8.618835339135678,circular
205,1100,700,27.74616930262919,22.793695368992225,-85,-85,23.553218972269416,1350,700,218.28777876450448,8.618835339135678,circular
206,1100,700,27.74616930262919,18.474304759512954,-85,-85,20.48098321025059,1350,700,226.90661410364015,8.618835339135678,circular
207,1100,700,27.74616930262919,-85,-85,-85,-85,1350,700,235.52544944277582,8.618835339135678,circular
208,1100,700,27.74616930262919,-85,-85,-85,-85,1350,700,244.1442847819115,8.618835339135678,circular
209,1100,700,27.74616930262919,-85,-85,-85,-85,1350,700,252.76312012104717,8.618835339135678,circular
210,1100,700,27.74616930262919,-85,-85,-85,-85,1350,700,261.38195546018284,8.618835339135678,circular
211,1100,700,27.74616930262919,-85,-85,-85,-85,1350,700,270.0007907993185,8.618835339135678,circular
212,1100,700,27.74616930262919,-85,-85,-85,-85,1350,700,278.6196261384542,8.618835339135678,circular
213,1100,700,27.74616930262919,-85,-85,-85,-85,1350,700,287.23846147758985,8.618835339135678,circular
214,1100,700,27.74616930262919,-85,-85,-85,-85,1350,700,295.8572968167255,8.618835339135678,circular
215,1100,700,27.74616930262919,-85,-85,-85,-85,1350,700,304.4761321558612,8.618835339135678,circular
216,1100,700,27.74616930262919,-85,-85,-85,-85,1350,700,313.09496749499687,8.618835339135678,circular
217,1100,700,27.74616930262919,-85,-85,-85,-85,1350,700,321.71380283413254,8.618835339135678,circular
218,1100,700,27.74616930262919,-85,-85,-85,-85,1350,700,330.3326381732682,8.618835339135678,circular
219,1100,700,27.74616930262919,-85,-85,-85,-85,1350,700,338.9514735124039,8.618835339135678,circular
220,1100,700,27.74616930262919,-85,-85,-85,-85,1350,700,347.57030885153955,8.618835339135678,circular
221,1100,700,27.74616930262919,-85,-85,-85,-85,1350,700,356.1891441906752,8.618835339135678,circular
222,1100,700,27.74616930262919,-85,-85,-85,-85,1350,700,4.807979529810893,8.618835339135678,circular
223,1100,700,27.74616930262919,-85,-85,-85,-85,1350,700,13.426814868946572,8.618835339135678,circular
224,1100,700,27.74616930262919,-85,-85,-85,-85,1350,700,22.04565020808225,8.618835339135678,circular
225,1100,700,27.74616930262919,-85,-85,-85,-85,1350,700,30.66448554721793,8.618835339135678,circular
226,1100,700,27.74616930262919,-85,-85,-85,-85,1350,700,39.28332088635361,8.618835339135678,circular
227,1100,700,27.74616930262919,-85,-85,-85,-85,1350,700,47.902156225489286,8.618835339135678,circular
228,1100,700,27.74616930262919,-85,-85,-85,-85,1350,700,56.520991564624964,8.618835339135678,circular
229,1100,700,27.74616930262919,-85,-85,-85,-85,1350,700,65.13982690376065,8.618835339135678,circular
230,1100,700,27.74616930262919,-85,-85,-85,-85,1350,700,73.75866224289632,8.618835339135678,circular
231,1100,700,27.74616930262919,-85,-85,-85,-85,1350,700,82.37749758203199,8.618835339135678,circular
232,1100,700,27.74616930262919,-85,-85,-85,-85,1350,700,90.99633292116766,8.618835339135678,circular
233,1100,700,27.74616930262919,-85,-85,-85,-85,1350,700,99.61516826030334,8.618835339135678,circular
234,1100,700,27.74616930262919,-85,-85,-85,-85,1350,700,108.234003599439,8.618835339135678,circular
235,1100,700,27.74616930262919,-85,-85,-85,-85,1350,700,116.85283893857468,8.618835339135678,circular
236,1100,700,27.74616930262919,-85,-85,-85,-85,1350,700,125.47167427771035,8.618835339135678,circular
237,1100,700,27.74616930262919,-85,-85,-85,-85,1350,700,134.09050961684602,8.618835339135678,circular
238,1100,700,27.74616930262919,14.513447644213304,-85,-85,-85,1350,700,142.7093449559817,8.618835339135678,circular
239,1100,700,27.74616930262919,21.41811930585211,-85,-85,20.48098321025059,1350,700,151.32818029511736,8.618835339135678,circular
240,1100,700,27.74616930262919,23.971022246457757,-85,-85,23.31969953712386,1350,700,159.94701563425303,8.618835339135678,circular
241,1100,700,27.74616930262919,25.26334459461691,-85,-85,24.92014212493214,1350,700,168.5658509733887,8.618835339135678,circular
242,1100,700,27.74616930262919,25.859665714847075,-85,-85,25.684904084789974,1350,700,177.18468631252438,8.618835339135678,circular
243,1100,700,27.74616930262919,26.077602459396946,-85,-85,26.053745949214605,1350,700,185.80352165166005,8.618835339135678,circular
244,1100,700,27.74616930262919,25.906018829630398,-85,-85,26.011117049096303,1350,700,194.42235699079572,8.618835339135678,circular
245,1100,700,27.74616930262919,25.361807294499556,-85,-85,25.614204328866276,1350,700,203.0411923299314,8.618835339135678,circular
246,1100,700,27.74616930262919,24.1582774269213,-85,-85,24.646943359767004,1350,700,211.66002766906706,8.618835339135678,circular
247,1100,700,27.74616930262919,22.170735458799452,-85,-85,23.067302502757133,1350,700,220.27886300820273,8.618835339135678,circular
248,1100,700,27.74616930262919,16.269948115724716,-85,-85,19.25639156218219,1350,700,228.8976983473384,8.618835339135678,circular
249,1100,700,27.74616930262919,-85,-85,-85,-85,1350,700,237.51653368647408,8.618835339135678,circular
250,1100,700,27.74616930262919,-85,-85,-85,-85,1350,700,246.13536902560975,8.618835339135678,circular
251,1100,700,27.74616930262919,-85,-85,-85,-85,1350,700,254.75420436474542,8.618835339135678,circular
252,1100,700,27.74616930262919,-85,-85,-85,-85,1350,700,263.3730397038811,8.618835339135678,circular
253,1100,700,27.74616930262919,-85,-85,-85,-85,1350,700,271.99187504301676,8.618835339135678,circular
254,1100,700,27.74616930262919,-85,-85,-85,-85,1350,700,280.61071038215243,8.618835339135678,circular
255,1100,700,27.74616930262919,-85,-85,-85,-85,1350,700,289.2295457212881,8.618835339135678,circular
256,1100,700,27.74616930262919,-85,-85,-85,-85,1350,700,297.8483810604238,8.618835339135678,circular
257,1100,700,27.74616930262919,-85,-85,-85,-85,1350,700,306.46721639955945,8.618835339135678,circular
258,1100,700,27.74616930262919,-85,-85,-85,-85,1350,700,315.0860517386951,8.618835339135678,circular
259,1100,700,27.74616930262919,-85,-85,-85,-85,1350,700,323.7048870778308,8.618835339135678,circular
260,1100,700,27.74616930262919,-85,-85,-85,-85,1350,700,332.32372241696646,8.618835339135678,circular
261,1100,700,27.74616930262919,-85,-85,-85,-85,1350,700,340.94255775610213,8.618835339135678,circular
262,1100,700,27.74616930262919,-85,-85,-85,-85,1350,700,349.5613930952378,8.618835339135678,circular
263,1100,700,27.74616930262919,-85,-85,-85,-85,1350,700,358.1802284343735,8.618835339135678,circular
264,1100,700,27.74616930262919,-85,-85,-85,-85,1350,700,6.799063773509147,8.618835339135678,circular
265,1100,700,27.74616930262919,-85,-85,-85,-85,1350,700,15.417899112644825,8.618835339135678,circular
266,1100,700,27.74616930262919,-85,-85,-85,-85,1350,700,24.036734451780504,8.618835339135678,circular
267,1100,700,27.74616930262919,-85,-85,-85,-85,1350,700,32.65556979091618,8.618835339135678,circular
268,1100,700,27.74616930262919,-85,-85,-85,-85,1350,700,41.27440513005186,8.618835339135678,circular
269,1100,700,27.74616930262919,-85,-85,-85,-85,1350,700,49.89324046918754,8.618835339135678,circular
270,1100,700,27.74616930262919,-85,-85,-85,-85,1350,700,58.51207580832322,8.618835339135678,circular
271,1100,700,27.74616930262919,-85,-85,-85,-85,1350,700,67.1309111474589,8.618835339135678,circular
272,1100,700,27.74616930262919,-85,-85,-85,-85,1350,700,75.74974648659457,8.618835339135678,circular
273,1100,700,27.74616930262919,-85,-85,-85,-85,1350,700,84.36858182573025,8.618835339135678,circular
274,1100,700,27.74616930262919,-85,-85,-85,-85,1350,700,92.98741716486592,8.618835339135678,circular
275,1100,700,27.74616930262919,-85,-85,-85,-85,1350,700,101.60625250400159,8.618835339135678,circular
276,1100,700,27.74616930262919,-85,-85,-85,-85,1350,700,110.22508784313726,8.618835339135678,circular
277,1100,700,27.74616930262919,-85,-85,-85,-85,1350,700,118.84392318227293,8.618835339135678,circular
278,1100,700,27.74616930262919,-85,-85,-85,-85,1350,700,127.4627585214086,8.618835339135678,circular
279,1100,700,27.74616930262919,-85,-85,-85,-85,1350,700,136.08159386054427,8.618835339135678,circular
280,1100,700,27.74616930262919,17.513155499392102,-85,-85,11.505794098357505,1350,700,144.70042919967995,8.618835339135678,circular
281,1100,700,27.74616930262919,22.170735458799452,-85,-85,20.97742610025734,1350,700,153.31926453881562,8.618835339135678,circular
282,1100,700,27.74616930262919,24.33271141113945,-85,-85,23.769789312347285,1350,700,161.9380998779513,8.618835339135678,circular
283,1100,700,27.74616930262919,25.452908776355446,-85,-85,25.157178905256924,1350,700,170.55693521708696,8.618835339135678,circular
284,1100,700,27.74616930262919,25.946643644493044,-85,-85,25.80746062382631,1350,700,179.17577055622263,8.618835339135678,circular
285,1100,700,27.74616930262919,26.074956048612798,-85,-85,26.074956048612798,1350,700,187.7946058953583,8.618835339135678,circular
286,1100,700,27.74616930262919,25.807460623826316,-85,-85,25.946643644493044,1350,700,196.41344123449397,8.618835339135678,circular
287,1100,700,27.74616930262919,25.157178905256924,-85,-85,25.452908776355446,1350,700,205.03227657362964,8.618835339135678,circular
288,1100,700,27.74616930262919,23.769789312347285,-85,-85,24.332711411139446,1350,700,213.65111191276532,8.618835339135678,circular
289,1100,700,27.74616930262919,21.418119305852123,-85,-85,22.496022074683278,1350,700,222.269947251901,8.618835339135678,circular
290,1100,700,27.74616930262919,11.50579409835762,-85,-85,17.51315549939211,1350,700,230.88878259103666,8.618835339135678,circular
291,1100,700,27.74616930262919,-85,-85,-85,-85,1350,700,239.50761793017233,8.618835339135678,circular
292,1100,700,27.74616930262919,-85,-85,-85,-85,1350,700,248.126453269308,8.618835339135678,circular
293,1100,700,27.74616930262919,-85,-85,-85,-85,1350,700,256.7452886084437,8.618835339135678,circular
294,1100,700,27.74616930262919,-85,-85,-85,-85,1350,700,265.36412394757934,8.618835339135678,circular
295,1100,700,27.74616930262919,-85,-85,-85,-85,1350,700,273.982959286715,8.618835339135678,circular
296,1100,700,27.74616930262919,-85,-85,-85,-85,1350,700,282.6017946258507,8.618835339135678,circular
297,1100,700,27.74616930262919,-85,-85,-85,-85,1350,700,291.22062996498636,8.618835339135678,circular
298,1100,700,27.74616930262919,-85,-85,-85,-85,1350,700,299.83946530412203,8.618835339135678,circular
299,1100,700,27.74616930262919,-85,-85,-85,-85,1350,700,308.4583006432577,8.618835339135678,circular
300,1100,700,27.74616930262919,-85,-85,-85,-85,1350,700,317.0771359823934,8.618835339135678,circular
301,1100,700,27.74616930262919,-85,-85,-85,-85,1350,700,325.69597132152904,8.618835339135678,circular
302,1100,700,27.74616930262919,-85,-85,-85,-85,1350,700,334.3148066606647,8.618835339135678,circular
303,1100,700,27.74616930262919,-85,-85,-85,-85,1350,700,342.9336419998004,8.618835339135678,circular
304,1100,700,27.74616930262919,-85,-85,-85,-85,1350,700,351.55247733893606,8.618835339135678,circular
305,1100,700,27.74616930262919,-85,-85,-85,-85,1350,700,0.1713126780717289,8.618835339135678,circular
306,1100,700,27.74616930262919,-85,-85,-85,-85,1350,700,8.790148017207407,8.618835339135678,circular
307,1100,700,27.74616930262919,-85,-85,-85,-85,1350,700,17.408983356343086,8.618835339135678,circular
308,1100,700,27.74616930262919,-85,-85,-85,-85,1350,700,26.027818695478764,8.618835339135678,circular
309,1100,700,27.74616930262919,-85,-85,-85,-85,1350,700,34.64665403461444,8.618835339135678,circular
310,1100,700,27.74616930262919,-85,-85,-85,-85,1350,700,43.26548937375012,8.618835339135678,circular
311,1100,700,27.74616930262919,-85,-85,-85,-85,1350,700,51.8843247128858,8.618835339135678,circular
312,1100,700,27.74616930262919,-85,-85,-85,-85,1350,700,60.50316005202148,8.618835339135678,circular
313,1100,700,27.74616930262919,-85,-85,-85,-85,1350,700,69.12199539115716,8.618835339135678,circular
314,1100,700,27.74616930262919,-85,-85,-85,-85,1350,700,77.74083073029283,8.618835339135678,circular
315,1100,700,27.74616930262919,-85,-85,-85,-85,1350,700,86.3596660694285,8.618835339135678,circular
316,1100,700,27.74616930262919,-85,-85,-85,-85,1350,700,94.97850140856417,8.618835339135678,circular
317,1100,700,27.74616930262919,-85,-85,-85,-85,1350,700,103.59733674769984,8.618835339135678,circular
318,1100,700,27.74616930262919,-85,-85,-85,-85,1350,700,112.21617208683551,8.618835339135678,circular
319,1100,700,27.74616930262919,-85,-85,-85,-85,1350,700,120.83500742597118,8.618835339135678,circular
320,1100,700,27.74616930262919,-85,-85,-85,-85,1350,700,129.45384276510686,8.618835339135678,circular
321,1100,700,27.74616930262919,-85,-85,-85,-85,1350,700,138.07267810424253,8.618835339135678,circular
322,1100,700,27.74616930262919,19.25639156218217,-85,-85,16.269948115724727,1350,700,146.6915134433782,8.618835339135678,circular
323,1100,700,27.74616930262919,22.793695368992218,-85,-85,21.813356630230874,1350,700,155.31034878251387,8.618835339135678,circular
324,1100,700,27.74616930262919,24.646943359767004,-85,-85,24.1582774269213,1350,700,163.92918412164954,8.618835339135678,circular
325,1100,700,27.74616930262919,25.614204328866276,-85,-85,25.36180729449956,1350,700,172.5480194607852,8.618835339135678,circular
326,1100,700,27.74616930262919,26.011117049096303,-85,-85,25.906018829630398,1350,700,181.16685479992088,8.618835339135678,circular
327,1100,700,27.74616930262919,26.053745949214605,-85,-85,26.077602459396946,1350,700,189.78569013905656,8.618835339135678,circular
328,1100,700,27.74616930262919,25.7492610641292,-85,-85,25.859665714847075,1350,700,198.40452547819223,8.618835339135678,circular
329,1100,700,27.74616930262919,24.92014212493214,-85,-85,25.263344594616918,1350,700,207.0233608173279,8.618835339135678,circular
330,1100,700,27.74616930262919,23.319699537123853,-85,-85,23.97102224645776,1350,700,215.64219615646357,8.618835339135678,circular
331,1100,700,27.74616930262919,20.48098321025059,-85,-85,21.81335663023087,1350,700,224.26103149559924,8.618835339135678,circular
332,1100,700,27.74616930262919,-85,-85,-85,14.513447644213265,1350,700,232.8798668347349,8.618835339135678,circular
333,1100,700,27.74616930262919,-85,-85,-85,-85,1350,700,241.49870217387058,8.618835339135678,circular
334,1100,700,27.74616930262919,-85,-85,-85,-85,1350,700,250.11753751300625,8.618835339135678,circular
335,1100,700,27.74616930262919,-85,-85,-85,-85,1350,700,258.7363728521419,8.618835339135678,circular
336,1100,700,27.74616930262919,-85,-85,-85,-85,1350,700,267.3552081912776,8.618835339135678,circular
337,1100,700,27.74616930262919,-85,-85,-85,-85,1350,700,275.97404353041327,8.618835339135678,circular
338,1100,700,27.74616930262919,-85,-85,-85,-85,1350,700,284.59287886954894,8.618835339135678,circular
339,1100,700,27.74616930262919,-85,-85,-85,-85,1350,700,293.2117142086846,8.618835339135678,circular
340,1100,700,27.74616930262919,-85,-85,-85,-85,1350,700,301.8305495478203,8.618835339135678,circular
341,1100,700,27.74616930262919,-85,-85,-85,-85,1350,700,310.44938488695595,8.618835339135678,circular
342,1100,700,27.74616930262919,-85,-85,-85,-85,1350,700,319.0682202260916,8.618835339135678,circular
343,1100,700,27.74616930262919,-85,-85,-85,-85,1350,700,327.6870555652273,8.618835339135678,circular
344,1100,700,27.74616930262919,-85,-85,-85,-85,1350,700,336.30589090436297,8.618835339135678,circular
345,1100,700,27.74616930262919,-85,-85,-85,-85,1350,700,344.92472624349864,8.618835339135678,circular
346,1100,700,27.74616930262919,-85,-85,-85,-85,1350,700,353.5435615826343,8.618835339135678,circular
347,1100,700,27.74616930262919,-85,-85,-85,-85,1350,700,2.1623969217699823,8.618835339135678,circular
348,1100,700,27.74616930262919,-85,-85,-85,-85,1350,700,10.78123226090566,8.618835339135678,circular
349,1100,700,27.74616930262919,-85,-85,-85,-85,1350,700,19.40006760004134,8.618835339135678,circular
350,1100,700,27.74616930262919,-85,-85,-85,-85,1350,700,28.018902939177018,8.618835339135678,circular
351,1100,700,27.74616930262919,-85,-85,-85,-85,1350,700,36.637738278312696,8.618835339135678,circular
352,1100,700,27.74616930262919,-85,-85,-85,-85,1350,700,45.256573617448375,8.618835339135678,circular
353,1100,700,27.74616930262919,-85,-85,-85,-85,1350,700,53.87540895658405,8.618835339135678,circular
354,1100,700,27.74616930262919,-85,-85,-85,-85,1350,700,62.49424429571973,8.618835339135678,circular
355,1100,700,27.74616930262919,-85,-85,-85,-85,1350,700,71.11307963485541,8.618835339135678,circular
356,1100,700,27.74616930262919,-85,-85,-85,-85,1350,700,79.73191497399108,8.618835339135678,circular
357,1100,700,27.74616930262919,-85,-85,-85,-85,1350,700,88.35075031312675,8.618835339135678,circular
358,1100,700,27.74616930262919,-85,-85,-85,-85,1350,700,96.96958565226242,8.618835339135678,circular
359,1100,700,27.74616930262919,-85,-85,-85,-85,1350,700,105.5884209913981,8.618835339135678,circular
360,1100,700,27.74616930262919,-85,-85,-85,-85,1350,700,114.20725633053377,8.618835339135678,circular
361,1100,700,27.74616930262919,-85,-85,-85,-85,1350,700,122.82609166966944,8.618835339135678,circular
362,1100,700,27.74616930262919,-85,-85,-85,-85,1350,700,131.4449270088051,8.618835339135678,circular
363,1100,700,27.74616930262919,-85,-85,-85,-85,1350,700,140.06376234794078,8.618835339135678,circular
364,1100,700,27.74616930262919,20.48098321025059,-85,-85,18.47430475951294,1350,700,148.68259768707645,8.618835339135678,circular
365,1100,700,27.74616930262919,23.31969953712386,-85,-85,22.496022074683278,1350,700,157.30143302621212,8.618835339135678,circular
366,1100,700,27.74616930262919,24.92014212493214,-85,-85,24.495315191602927,1350,700,165.9202683653478,8.618835339135678,circular
367,1100,700,27.74616930262919,25.7492610641292,-85,-85,25.536951728381826,1350,700,174.53910370448347,8.618835339135678,circular
368,1100,700,27.74616930262919,26.053745949214605,-85,-85,25.9816463993744,1350,700,183.15793904361914,8.618835339135678,circular
369,1100,700,27.74616930262919,26.011117049096303,-85,-85,26.067010357935978,1350,700,191.7767743827548,8.618835339135678,circular
370,1100,700,27.74616930262919,25.614204328866276,-85,-85,25.7492610641292,1350,700,200.39560972189048,8.618835339135678,circular
371,1100,700,27.74616930262919,24.646943359767004,-85,-85,25.042923900792417,1350,700,209.01444506102615,8.618835339135678,circular
372,1100,700,27.74616930262919,22.793695368992225,-85,-85,23.553218972269416,1350,700,217.63328040016182,8.618835339135678,circular
373,1100,700,27.74616930262919,19.25639156218219,-85,-85,20.97742610025735,1350,700,226.2521157392975,8.618835339135678,circular
374,1100,700,27.74616930262919,-85,-85,-85,-85,1350,700,234.87095107843317,8.618835339135678,circular
375,1100,700,27.74616930262919,-85,-85,-85,-85,1350,700,243.48978641756884,8.618835339135678,circular
376,1100,700,27.74616930262919,-85,-85,-85,-85,1350,700,252.1086217567045,8.618835339135678,circular
377,1100,700,27.74616930262919,-85,-85,-85,-85,1350,700,260.7274570958402,8.618835339135678,circular
378,1100,700,27.74616930262919,-85,-85,-85,-85,1350,700,269.34629243497585,8.618835339135678,circular
379,1100,700,27.74616930262919,-85,-85,-85,-85,1350,700,277.9651277741115,8.618835339135678,circular
380,1100,700,27.74616930262919,-85,-85,-85,-85,1350,700,286.5839631132472,8.618835339135678,circular
381,1100,700,27.74616930262919,-85,-85,-85,-85,1350,700,295.20279845238286,8.618835339135678,circular
382,1100,700,27.74616930262919,-85,-85,-85,-85,1350,700,303.82163379151854,8.618835339135678,circular
383,1100,700,27.74616930262919,-85,-85,-85,-85,1350,700,312.4404691306542,8.618835339135678,circular
384,1100,700,27.74616930262919,-85,-85,-85,-85,1350,700,321.0593044697899,8.618835339135678,circular
385,1100,700,27.74616930262919,-85,-85,-85,-85,1350,700,329.67813980892555,8.618835339135678,circular
386,1100,700,27.74616930262919,-85,-85,-85,-85,1350,700,338.2969751480612,8.618835339135678,circular
387,1100,700,27.74616930262919,-85,-85,-85,-85,1350,700,346.9158104871969,8.618835339135678,circular
388,1100,700,27.74616930262919,-85,-85,-85,-85,1350,700,355.53464582633256,8.618835339135678,circular
389,1100,700,27.74616930262919,-85,-85,-85,-85,1350,700,4.153481165468236,8.618835339135678,circular
390,1100,700,27.74616930262919,-85,-85,-85,-85,1350,700,12.772316504603914,8.618835339135678,circular
391,1100,700,27.74616930262919,-85,-85,-85,-85,1350,700,21.391151843739593,8.618835339135678,circular
392,1100,700,27.74616930262919,-85,-85,-85,-85,1350,700,30.00998718287527,8.618835339135678,circular
393,1100,700,27.74616930262919,-85,-85,-85,-85,1350,700,38.62882252201095,8.618835339135678,circular
394,1100,700,27.74616930262919,-85,-85,-85,-85,1350,700,47.24765786114663,8.618835339135678,circular
395,1100,700,27.74616930262919,-85,-85,-85,-85,1350,700,55.86649320028231,8.618835339135678,circular
396,1100,700,27.74616930262919,-85,-85,-85,-85,1350,700,64.48532853941799,8.618835339135678,circular
397,1100,700,27.74616930262919,-85,-85,-85,-85,1350,700,73.10416387855366,8.618835339135678,circular
398,1100,700,27.74616930262919,-85,-85,-85,-85,1350,700,81.72299921768933,8.618835339135678,circular
399,1100,700,27.74616930262919,-85,-85,-85,-85,1350,700,90.341834556825,8.618835339135678,circular
400,1100,700,27.74616930262919,-85,-85,-85,-85,1350,700,98.96066989596068,8.618835339135678,circular
401,1100,700,27.74616930262919,-85,-85,-85,-85,1350,700,107.57950523509635,8.618835339135678,circular
402,1100,700,27.74616930262919,-85,-85,-85,-85,1350,700,116.19834057423202,8.618835339135678,circular
403,1100,700,27.74616930262919,-85,-85,-85,-85,1350,700,124.81717591336769,8.618835339135678,circular
404,1100,700,27.74616930262919,-85,-85,-85,-85,1350,700,133.43601125250336,8.618835339135678,circular
405,1100,700,27.74616930262919,11.505794098357505,-85,-85,-85,1350,700,142.05484659163903,8.618835339135678,circular
406,1100,700,27.74616930262919,21.41811930585211,-85,-85,19.91435422725632,1350,700,150.6736819307747,8.618835339135678,circular
407,1100,700,27.74616930262919,23.769789312347285,-85,-85,23.06730250275713,1350,700,159.29251726991038,8.618835339135678,circular
408,1100,700,27.74616930262919,25.157178905256924,-85,-85,24.78833704083229,1350,700,167.91135260904605,8.618835339135678,circular
409,1100,700,27.74616930262919,25.859665714847075,-85,-85,25.684904084789974,1350,700,176.53018794818172,8.618835339135678,circular
410,1100,700,27.74616930262919,26.074956048612798,-85,-85,26.035130213615616,1350,700,185.1490232873174,8.618835339135678,circular
411,1100,700,27.74616930262919,25.946643644493044,-85,-85,26.035130213615616,1350,700,193.76785862645306,8.618835339135678,circular
412,1100,700,27.74616930262919,25.452908776355446,-85,-85,25.614204328866276,1350,700,202.38669396558873,8.618835339135678,circular
413,1100,700,27.74616930262919,24.332711411139446,-85,-85,24.788337040832293,1350,700,211.0055293047244,8.618835339135678,circular
414,1100,700,27.74616930262919,22.170735458799452,-85,-85,23.067302502757133,1350,700,219.62436464386008,8.618835339135678,circular
415,1100,700,27.74616930262919,17.51315549939211,-85,-85,19.914354227256315,1350,700,228.24319998299575,8.618835339135678,circular
416,1100,700,27.74616930262919,-85,-85,-85,-85,1350,700,236.86203532213142,8.618835339135678,circular
417,1100,700,27.74616930262919,-85,-85,-85,-85,1350,700,245.4808706612671,8.618835339135678,circular
418,1100,700,27.74616930262919,-85,-85,-85,-85,1350,700,254.09970600040276,8.618835339135678,circular
419,1100,700,27.74616930262919,-85,-85,-85,-85,1350,700,262.71854133953843,8.618835339135678,circular
420,1100,700,27.74616930262919,-85,-85,-85,-85,1350,700,271.3373766786741,8.618835339135678,circular
421,1100,700,27.74616930262919,-85,-85,-85,-85,1350,700,279.9562120178098,8.618835339135678,circular
422,1100,700,27.74616930262919,-85,-85,-85,-85,1350,700,288.57504735694545,8.618835339135678,circular
423,1100,700,27.74616930262919,-85,-85,-85,-85,1350,700,297.1938826960811,8.618835339135678,circular
424,1100,700,27.74616930262919,-85,-85,-85,-85,1350,700,305.8127180352168,8.618835339135678,circular
425,1100,700,27.74616930262919,-85,-85,-85,-85,1350,700,314.43155337435246,8.618835339135678,circular
426,1100,700,27.74616930262919,-85,-85,-85,-85,1350,700,323.05038871348813,8.618835339135678,circular
427,1100,700,27.74616930262919,-85,-85,-85,-85,1350,700,331.6692240526238,8.618835339135678,circular
428,1100,700,27.74616930262919,-85,-85,-85,-85,1350,700,340.2880593917595,8.618835339135678,circular
429,1100,700,27.74616930262919,-85,-85,-85,-85,1350,700,348.90689473089515,8.618835339135678,circular
430,1100,700,27.74616930262919,-85,-85,-85,-85,1350,700,357.5257300700308,8.618835339135678,circular
431,1100,700,27.74616930262919,-85,-85,-85,-85,1350,700,6.144565409166489,8.618835339135678,circular
432,1100,700,27.74616930262919,-85,-85,-85,-85,1350,700,14.763400748302168,8.618835339135678,circular
433,1100,700,27.74616930262919,-85,-85,-85,-85,1350,700,23.382236087437846,8.618835339135678,circular
434,1100,700,27.74616930262919,-85,-85,-85,-85,1350,700,32.001071426573525,8.618835339135678,circular
435,1100,700,27.74616930262919,-85,-85,-85,-85,1350,700,40.6199067657092,8.618835339135678,circular
436,1100,700,27.74616930262919,-85,-85,-85,-85,1350,700,49.23874210484488,8.618835339135678,circular
437,1100,700,27.74616930262919,-85,-85,-85,-85,1350,700,57.85757744398056,8.618835339135678,circular
438,1100,700,27.74616930262919,-85,-85,-85,-85,1350,700,66.47641278311625,8.618835339135678,circular
439,1100,700,27.74616930262919,-85,-85,-85,-85,1350,700,75.09524812225192,8.618835339135678,circular
440,1100,700,27.74616930262919,-85,-85,-85,-85,1350,700,83.71408346138759,8.618835339135678,circular
441,1100,700,27.74616930262919,-85,-85,-85,-85,1350,700,92.33291880052326,8.618835339135678,circular
442,1100,700,27.74616930262919,-85,-85,-85,-85,1350,700,100.95175413965893,8.618835339135678,circular
443,1100,700,27.74616930262919,-85,-85,-85,-85,1350,700,109.5705894787946,8.618835339135678,circular
444,1100,700,27.74616930262919,-85,-85,-85,-85,1350,700,118.18942481793027,8.618835339135678,circular
445,1100,700,27.74616930262919,-85,-85,-85,-85,1350,700,126.80826015706594,8.618835339135678,circular
446,1100,700,27.74616930262919,-85,-85,-85,-85,1350,700,135.42709549620162,8.618835339135678,circular
447,1100,700,27.74616930262919,16.269948115724727,-85,-85,-85,1350,700,144.0459308353373,8.618835339135678,circular
448,1100,700,27.74616930262919,22.170735458799452,-85,-85,20.97742610025734,1350,700,152.66476617447296,8.618835339135678,circular
449,1100,700,27.74616930262919,24.1582774269213,-85,-85,23.553218972269416,1350,700,161.28360151360863,8.618835339135678,circular
450,1100,700,27.74616930262919,25.36180729449956,-85,-85,25.042923900792417,1350,700,169.9024368527443,8.618835339135678,circular
451,1100,700,27.74616930262919,25.946643644493044,-85,-85,25.80746062382631,1350,700,178.52127219187997,8.618835339135678,circular
452,1100,700,27.74616930262919,26.077602459396946,-85,-85,26.067010357935978,1350,700,187.14010753101564,8.618835339135678,circular
453,1100,700,27.74616930262919,25.859665714847075,-85,-85,25.9816463993744,1350,700,195.75894287015132,8.618835339135678,circular
454,1100,700,27.74616930262919,25.263344594616918,-85,-85,25.452908776355446,1350,700,204.377778209287,8.618835339135678,circular
455,1100,700,27.74616930262919,23.97102224645776,-85,-85,24.495315191602927,1350,700,212.99661354842266,8.618835339135678,circular
456,1100,700,27.74616930262919,21.418119305852123,-85,-85,22.496022074683278,1350,700,221.61544888755833,8.618835339135678,circular
457,1100,700,27.74616930262919,14.513447644213265,-85,-85,18.474304759512954,1350,700,230.234284226694,8.618835339135678,circular
458,1100,700,27.74616930262919,-85,-85,-85,-85,1350,700,238.85311956582967,8.618835339135678,circular
459,1100,700,27.74616930262919,-85,-85,-85,-85,1350,700,247.47195490496534,8.618835339135678,circular
460,1100,700,27.74616930262919,-85,-85,-85,-85,1350,700,256.090790244101,8.618835339135678,circular
461,1100,700,27.74616930262919,-85,-85,-85,-85,1350,700,264.7096255832367,8.618835339135678,circular
462,1100,700,27.74616930262919,-85,-85,-85,-85,1350,700,273.32846092237236,8.618835339135678,circular
463,1100,700,27.74616930262919,-85,-85,-85,-85,1350,700,281.94729626150803,8.618835339135678,circular
464,1100,700,27.74616930262919,-85,-85,-85,-85,1350,700,290.5661316006437,8.618835339135678,circular
465,1100,700,27.74616930262919,-85,-85,-85,-85,1350,700,299.1849669397794,8.618835339135678,circular
466,1100,700,27.74616930262919,-85,-85,-85,-85,1350,700,307.80380227891504,8.618835339135678,circular
467,1100,700,27.74616930262919,-85,-85,-85,-85,1350,700,316.4226376180507,8.618835339135678,circular
468,1100,700,27.74616930262919,-85,-85,-85,-85,1350,700,325.0414729571864,8.618835339135678,circular
469,1100,700,27.74616930262919,-85,-85,-85,-85,1350,700,333.66030829632206,8.618835339135678,circular
470,1100,700,27.74616930262919,-85,-85,-85,-85,1350,700,342.27914363545773,8.618835339135678,circular
471,1100,700,27.74616930262919,-85,-85,-85,-85,1350,700,350.8979789745934,8.618835339135678,circular
472,1100,700,27.74616930262919,-85,-85,-85,-85,1350,700,359.51681431372907,8.618835339135678,circular
473,1100,700,27.74616930262919,-85,-85,-85,-85,1350,700,8.135649652864743,8.618835339135678,circular
474,1100,700,27.74616930262919,-85,-85,-85,-85,1350,700,16.75448499200042,8.618835339135678,circular
475,1100,700,27.74616930262919,-85,-85,-85,-85,1350,700,25.3733203311361,8.618835339135678,circular
476,1100,700,27.74616930262919,-85,-85,-85,-85,1350,700,33.99215567027178,8.618835339135678,circular
477,1100,700,27.74616930262919,-85,-85,-85,-85,1350,700,42.610991009407456,8.618835339135678,circular
478,1100,700,27.74616930262919,-85,-85,-85,-85,1350,700,51.229826348543135,8.618835339135678,circular
479,1100,700,27.74616930262919,-85,-85,-85,-85,1350,700,59.84866168767881,8.618835339135678,circular
480,1100,700,27.74616930262919,-85,-85,-85,-85,1350,700,68.4674970268145,8.618835339135678,circular
481,1100,700,27.74616930262919,-85,-85,-85,-85,1350,700,77.08633236595017,8.618835339135678,circular
482,1100,700,27.74616930262919,-85,-85,-85,-85,1350,700,85.70516770508584,8.618835339135678,circular
483,1100,700,27.74616930262919,-85,-85,-85,-85,1350,700,94.32400304422151,8.618835339135678,circular
484,1100,700,27.74616930262919,-85,-85,-85,-85,1350,700,102.94283838335718,8.618835339135678,circular
485,1100,700,27.74616930262919,-85,-85,-85,-85,1350,700,111.56167372249286,8.618835339135678,circular
486,1100,700,27.74616930262919,-85,-85,-85,-85,1350,700,120.18050906162853,8.618835339135678,circular
487,1100,700,27.74616930262919,-85,-85,-85,-85,1350,700,128.7993444007642,8.618835339135678,circular
488,1100,700,27.74616930262919,-85,-85,-85,-85,1350,700,137.41817973989987,8.618835339135678,circular
489,1100,700,27.74616930262919,18.47430475951294,-85,-85,14.513447644213304,1350,700,146.03701507903554,8.618835339135678,circular
490,1100,700,27.74616930262919,22.793695368992218,-85,-85,21.813356630230874,1350,700,154.6558504181712,8.618835339135678,circular
491,1100,700,27.74616930262919,24.495315191602927,-85,-85,23.971022246457757,1350,700,163.27468575730688,8.618835339135678,circular
492,1100,700,27.74616930262919,25.536951728381826,-85,-85,25.26334459461691,1350,700,171.89352109644256,8.618835339135678,circular
493,1100,700,27.74616930262919,26.011117049096303,-85,-85,25.906018829630398,1350,700,180.51235643557823,8.618835339135678,circular
494,1100,700,27.74616930262919,26.067010357935978,-85,-85,26.077602459396946,1350,700,189.1311917747139,8.618835339135678,circular
495,1100,700,27.74616930262919,25.7492610641292,-85,-85,25.906018829630398,1350,700,197.75002711384957,8.618835339135678,circular
496,1100,700,27.74616930262919,25.042923900792417,-85,-85,25.263344594616918,1350,700,206.36886245298524,8.618835339135678,circular
497,1100,700,27.74616930262919,23.553218972269416,-85,-85,24.1582774269213,1350,700,214.9876977921209,8.618835339135678,circular
498,1100,700,27.74616930262919,20.48098321025059,-85,-85,21.81335663023087,1350,700,223.60653313125658,8.618835339135678,circular
499,1100,700,27.74616930262919,-85,-85,-85,16.269948115724716,1350,700,232.22536847039225,8.618835339135678,circular
500,1100,700,27.74616930262919,-85,-85,-85,-85,1350,700,240.84420380952793,8.618835339135678,circular
501,1100,700,27.74616930262919,-85,-85,-85,-85,1350,700,249.4630391486636,8.618835339135678,circular
502,1100,700,27.74616930262919,-85,-85,-85,-85,1350,700,258.08187448779927,8.618835339135678,circular
503,1100,700,27.74616930262919,-85,-85,-85,-85,1350,700,266.70070982693494,8.618835339135678,circular
504,1100,700,27.74616930262919,-85,-85,-85,-85,1350,700,275.3195451660706,8.618835339135678,circular
505,1100,700,27.74616930262919,-85,-85,-85,-85,1350,700,283.9383805052063,8.618835339135678,circular
506,1100,700,27.74616930262919,-85,-85,-85,-85,1350,700,292.55721584434195,8.618835339135678,circular
507,1100,700,27.74616930262919,-85,-85,-85,-85,1350,700,301.1760511834776,8.618835339135678,circular
508,1100,700,27.74616930262919,-85,-85,-85,-85,1350,700,309.7948865226133,8.618835339135678,circular
509,1100,700,27.74616930262919,-85,-85,-85,-85,1350,700,318.41372186174897,8.618835339135678,circular
510,1100,700,27.74616930262919,-85,-85,-85,-85,1350,700,327.03255720088464,8.618835339135678,circular
511,1100,700,27.74616930262919,-85,-85,-85,-85,1350,700,335.6513925400203,8.618835339135678,circular
512,1100,700,27.74616930262919,-85,-85,-85,-85,1350,700,344.270227879156,8.618835339135678,circular
513,1100,700,27.74616930262919,-85,-85,-85,-85,1350,700,352.88906321829165,8.618835339135678,circular
514,1100,700,27.74616930262919,-85,-85,-85,-85,1350,700,1.5078985574273247,8.618835339135678,circular
515,1100,700,27.74616930262919,-85,-85,-85,-85,1350,700,10.126733896563003,8.618835339135678,circular
516,1100,700,27.74616930262919,-85,-85,-85,-85,1350,700,18.74556923569868,8.618835339135678,circular
517,1100,700,27.74616930262919,-85,-85,-85,-85,1350,700,27.36440457483436,8.618835339135678,circular
518,1100,700,27.74616930262919,-85,-85,-85,-85,1350,700,35.98323991397004,8.618835339135678,circular
519,1100,700,27.74616930262919,-85,-85,-85,-85,1350,700,44.60207525310572,8.618835339135678,circular
520,1100,700,27.74616930262919,-85,-85,-85,-85,1350,700,53.220910592241395,8.618835339135678,circular
521,1100,700,27.74616930262919,-85,-85,-85,-85,1350,700,61.839745931377074,8.618835339135678,circular
522,1100,700,27.74616930262919,-85,-85,-85,-85,1350,700,70.45858127051275,8.618835339135678,circular
523,1100,700,27.74616930262919,-85,-85,-85,-85,1350,700,79.07741660964842,8.618835339135678,circular
524,1100,700,27.74616930262919,-85,-85,-85,-85,1350,700,87.6962519487841,8.618835339135678,circular
525,1100,700,27.74616930262919,-85,-85,-85,-85,1350,700,96.31508728791977,8.618835339135678,circular
526,1100,700,27.74616930262919,-85,-85,-85,-85,1350,700,104.93392262705544,8.618835339135678,circular
527,1100,700,27.74616930262919,-85,-85,-85,-85,1350,700,113.55275796619111,8.618835339135678,circular
528,1100,700,27.74616930262919,-85,-85,-85,-85,1350,700,122.17159330532678,8.618835339135678,circular
529,1100,700,27.74616930262919,-85,-85,-85,-85,1350,700,130.79042864446245,8.618835339135678,circular
530,1100,700,27.74616930262919,-85,-85,-85,-85,1350,700,139.40926398359812,8.618835339135678,circular
531,1100,700,27.74616930262919,19.91435422725632,-85,-85,17.513155499392102,1350,700,148.0280993227338,8.618835339135678,circular
532,1100,700,27.74616930262919,23.31969953712386,-85,-85,22.496022074683278,1350,700,156.64693466186947,8.618835339135678,circular
533,1100,700,27.74616930262919,24.78833704083229,-85,-85,24.33271141113945,1350,700,165.26577000100514,8.618835339135678,circular
534,1100,700,27.74616930262919,25.684904084789974,-85,-85,25.452908776355446,1350,700,173.8846053401408,8.618835339135678,circular
535,1100,700,27.74616930262919,26.053745949214605,-85,-85,25.9816463993744,1350,700,182.50344067927648,8.618835339135678,circular
536,1100,700,27.74616930262919,26.035130213615616,-85,-85,26.074956048612798,1350,700,191.12227601841215,8.618835339135678,circular
537,1100,700,27.74616930262919,25.614204328866276,-85,-85,25.807460623826316,1350,700,199.74111135754782,8.618835339135678,circular
538,1100,700,27.74616930262919,24.788337040832293,-85,-85,25.042923900792417,1350,700,208.3599466966835,8.618835339135678,circular
539,1100,700,27.74616930262919,23.067302502757133,-85,-85,23.769789312347285,1350,700,216.97878203581917,8.618835339135678,circular
540,1100,700,27.74616930262919,19.25639156218219,-85,-85,20.97742610025735,1350,700,225.59761737495484,8.618835339135678,circular
541,1100,700,27.74616930262919,-85,-85,-85,11.50579409835762,1350,700,234.2164527140905,8.618835339135678,circular
542,1100,700,27.74616930262919,-85,-85,-85,-85,1350,700,242.83528805322618,8.618835339135678,circular
543,1100,700,27.74616930262919,-85,-85,-85,-85,1350,700,251.45412339236185,8.618835339135678,circular
544,1100,700,27.74616930262919,-85,-85,-85,-85,1350,700,260.0729587314975,8.618835339135678,circular
545,1100,700,27.74616930262919,-85,-85,-85,-85,1350,700,268.6917940706332,8.618835339135678,circular
546,1100,700,27.74616930262919,-85,-85,-85,-85,1350,700,277.31062940976886,8.618835339135678,circular
547,1100,700,27.74616930262919,-85,-85,-85,-85,1350,700,285.92946474890454,8.618835339135678,circular
548,1100,700,27.74616930262919,-85,-85,-85,-85,1350,700,294.5483000880402,8.618835339135678,circular
549,1100,700,27.74616930262919,-85,-85,-85,-85,1350,700,303.1671354271759,8.618835339135678,circular
550,1100,700,27.74616930262919,-85,-85,-85,-85,1350,700,311.78597076631155,8.618835339135678,circular
551,1100,700,27.74616930262919,-85,-85,-85,-85,1350,700,320.4048061054472,8.618835339135678,circular
552,1100,700,27.74616930262919,-85,-85,-85,-85,1350,700,329.0236414445829,8.618835339135678,circular
553,1100,700,27.74616930262919,-85,-85,-85,-85,1350,700,337.64247678371856,8.618835339135678,circular
554,1100,700,27.74616930262919,-85,-85,-85,-85,1350,700,346.26131212285424,8.618835339135678,circular
555,1100,700,27.74616930262919,-85,-85,-85,-85,1350,700,354.8801474619899,8.618835339135678,circular
556,1100,700,27.74616930262919,-85,-85,-85,-85,1350,700,3.498982801125578,8.618835339135678,circular
557,1100,700,27.74616930262919,-85,-85,-85,-85,1350,700,12.117818140261257,8.618835339135678,circular
558,1100,700,27.74616930262919,-85,-85,-85,-85,1350,700,20.736653479396935,8.618835339135678,circular
559,1100,700,27.74616930262919,-85,-85,-85,-85,1350,700,29.355488818532613,8.618835339135678,circular
560,1100,700,27.74616930262919,-85,-85,-85,-85,1350,700,37.97432415766829,8.618835339135678,circular
561,1100,700,27.74616930262919,-85,-85,-85,-85,1350,700,46.59315949680397,8.618835339135678,circular
562,1100,700,27.74616930262919,-85,-85,-85,-85,1350,700,55.21199483593965,8.618835339135678,circular
563,1100,700,27.74616930262919,-85,-85,-85,-85,1350,700,63.83083017507533,8.618835339135678,circular
564,1100,700,27.74616930262919,-85,-85,-85,-85,1350,700,72.449665514211,8.618835339135678,circular
565,1100,700,27.74616930262919,-85,-85,-85,-85,1350,700,81.06850085334668,8.618835339135678,circular
566,1100,700,27.74616930262919,-85,-85,-85,-85,1350,700,89.68733619248235,8.618835339135678,circular
567,1100,700,27.74616930262919,-85,-85,-85,-85,1350,700,98.30617153161802,8.618835339135678,circular
568,1100,700,27.74616930262919,-85,-85,-85,-85,1350,700,106.92500687075369,8.618835339135678,circular
569,1100,700,27.74616930262919,-85,-85,-85,-85,1350,700,115.54384220988936,8.618835339135678,circular
570,1100,700,27.74616930262919,-85,-85,-85,-85,1350,700,124.16267754902503,8.618835339135678,circular
571,1100,700,27.74616930262919,-85,-85,-85,-85,1350,700,132.7815128881607,8.618835339135678,circular
572,1100,700,27.74616930262919,-85,-85,-85,-85,1350,700,141.40034822729638,8.618835339135678,circular
573,1100,700,27.74616930262919,20.97742610025734,-85,-85,19.25639156218217,1350,700,150.01918356643205,8.618835339135678,circular
574,1100,700,27.74616930262919,23.769789312347285,-85,-85,23.06730250275713,1350,700,158.63801890556772,8.618835339135678,circular
575,1100,700,27.74616930262919,25.042923900792417,-85,-85,24.646943359767004,1350,700,167.2568542447034,8.618835339135678,circular
576,1100,700,27.74616930262919,25.80746062382631,-85,-85,25.614204328866276,1350,700,175.87568958383906,8.618835339135678,circular
577,1100,700,27.74616930262919,26.074956048612798,-85,-85,26.035130213615616,1350,700,184.49452492297473,8.618835339135678,circular
578,1100,700,27.74616930262919,25.9816463993744,-85,-85,26.053745949214605,1350,700,193.1133602621104,8.618835339135678,circular
579,1100,700,27.74616930262919,25.452908776355446,-85,-85,25.684904084789977,1350,700,201.73219560124608,8.618835339135678,circular
580,1100,700,27.74616930262919,24.495315191602927,-85,-85,24.788337040832293,1350,700,210.35103094038175,8.618835339135678,circular
581,1100,700,27.74616930262919,22.496022074683278,-85,-85,23.319699537123853,1350,700,218.96986627951742,8.618835339135678,circular
582,1100,700,27.74616930262919,17.51315549939211,-85,-85,19.914354227256315,1350,700,227.5887016186531,8.618835339135678,circular
583,1100,700,27.74616930262919,-85,-85,-85,-85,1350,700,236.20753695778876,8.618835339135678,circular
584,1100,700,27.74616930262919,-85,-85,-85,-85,1350,700,244.82637229692443,8.618835339135678,circular
585,1100,700,27.74616930262919,-85,-85,-85,-85,1350,700,253.4452076360601,8.618835339135678,circular
586,1100,700,27.74616930262919,-85,-85,-85,-85,1350,700,262.0640429751958,8.618835339135678,circular
587,1100,700,27.74616930262919,-85,-85,-85,-85,1350,700,270.68287831433145,8.618835339135678,circular
588,1100,700,27.74616930262919,-85,-85,-85,-85,1350,700,279.3017136534671,8.618835339135678,circular
589,1100,700,27.74616930262919,-85,-85,-85,-85,1350,700,287.9205489926028,8.618835339135678,circular
590,1100,700,27.74616930262919,-85,-85,-85,-85,1350,700,296.53938433173846,8.618835339135678,circular
591,1100,700,27.74616930262919,-85,-85,-85,-85,1350,700,305.15821967087413,8.618835339135678,circular
592,1100,700,27.74616930262919,-85,-85,-85,-85,1350,700,313.7770550100098,8.618835339135678,circular
593,1100,700,27.74616930262919,-85,-85,-85,-85,1350,700,322.3958903491455,8.618835339135678,circular
594,1100,700,27.74616930262919,-85,-85,-85,-85,1350,700,331.01472568828115,8.618835339135678,circular
595,1100,700,27.74616930262919,-85,-85,-85,-85,1350,700,339.6335610274168,8.618835339135678,circular
596,1100,700,27.74616930262919,-85,-85,-85,-85,1350,700,348.2523963665525,8.618835339135678,circular
597,1100,700,27.74616930262919,-85,-85,-85,-85,1350,700,356.87123170568816,8.618835339135678,circular
598,1100,700,27.74616930262919,-85,-85,-85,-85,1350,700,5.490067044823832,8.618835339135678,circular
599,1100,700,27.74616930262919,-85,-85,-85,-85,1350,700,14.10890238395951,8.618835339135678,circular
600,1100,700,27.74616930262919,-85,-85,-85,-85,1350,700,22.72773772309519,8.618835339135678,circular
601,1100,700,27.74616930262919,-85,-85,-85,-85,1350,700,31.346573062230867,8.618835339135678,circular
602,1100,700,27.74616930262919,-85,-85,-85,-85,1350,700,39.965408401366545,8.618835339135678,circular
603,1100,700,27.74616930262919,-85,-85,-85,-85,1350,700,48.584243740502224,8.618835339135678,circular
604,1100,700,27.74616930262919,-85,-85,-85,-85,1350,700,57.2030790796379,8.618835339135678,circular
605,1100,700,27.74616930262919,-85,-85,-85,-85,1350,700,65.82191441877359,8.618835339135678,circular
606,1100,700,27.74616930262919,-85,-85,-85,-85,1350,700,74.44074975790926,8.618835339135678,circular
607,1100,700,27.74616930262919,-85,-85,-85,-85,1350,700,83.05958509704493,8.618835339135678,circular
608,1100,700,27.74616930262919,-85,-85,-85,-85,1350,700,91.6784204361806,8.618835339135678,circular
609,1100,700,27.74616930262919,-85,-85,-85,-85,1350,700,100.29725577531627,8.618835339135678,circular
610,1100,700,27.74616930262919,-85,-85,-85,-85,1350,700,108.91609111445194,8.618835339135678,circular
611,1100,700,27.74616930262919,-85,-85,-85,-85,1350,700,117.53492645358762,8.618835339135678,circular
612,1100,700,27.74616930262919,-85,-85,-85,-85,1350,700,126.15376179272329,8.618835339135678,circular
613,1100,700,27.74616930262919,-85,-85,-85,-85,1350,700,134.77259713185896,8.618835339135678,circular
614,1100,700,27.74616930262919,14.513447644213304,-85,-85,-85,1350,700,143.39143247099463,8.618835339135678,circular
615,1100,700,27.74616930262919,21.813356630230874,-85,-85,20.48098321025059,1350,700,152.0102678101303,8.618835339135678,circular
616,1100,700,27.74616930262919,24.1582774269213,-85,-85,23.553218972269416,1350,700,160.62910314926597,8.618835339135678,circular
617,1100,700,27.74616930262919,25.26334459461691,-85,-85,24.92014212493214,1350,700,169.24793848840164,8.618835339135678,circular
618,1100,700,27.74616930262919,25.906018829630398,-85,-85,25.7492610641292,1350,700,177.86677382753732,8.618835339135678,circular
619,1100,700,27.74616930262919,26.077602459396946,-85,-85,26.067010357935978,1350,700,186.485609166673,8.618835339135678,circular
620,1100,700,27.74616930262919,25.906018829630398,-85,-85,26.011117049096303,1350,700,195.10444450580866,8.618835339135678,circular
621,1100,700,27.74616930262919,25.263344594616918,-85,-85,25.536951728381826,1350,700,203.72327984494433,8.618835339135678,circular
622,1100,700,27.74616930262919,24.1582774269213,-85,-85,24.495315191602927,1350,700,212.34211518408,8.618835339135678,circular
623,1100,700,27.74616930262919,21.81335663023087,-85,-85,22.793695368992225,1350,700,220.96095052321567,8.618835339135678,circular
624,1100,700,27.74616930262919,14.513447644213265,-85,-85,18.474304759512954,1350,700,229.57978586235134,8.618835339135678,circular
625,1100,700,27.74616930262919,-85,-85,-85,-85,1350,700,238.19862120148701,8.618835339135678,circular
626,1100,700,27.74616930262919,-85,-85,-85,-85,1350,700,246.8174565406227,8.618835339135678,circular
627,1100,700,27.74616930262919,-85,-85,-85,-85,1350,700,255.43629187975836,8.618835339135678,circular
628,1100,700,27.74616930262919,-85,-85,-85,-85,1350,700,264.05512721889403,8.618835339135678,circular
629,1100,700,27.74616930262919,-85,-85,-85,-85,1350,700,272.6739625580297,8.618835339135678,circular
630,1100,700,27.74616930262919,-85,-85,-85,-85,1350,700,281.29279789716537,8.618835339135678,circular
631,1100,700,27.74616930262919,-85,-85,-85,-85,1350,700,289.91163323630104,8.618835339135678,circular
632,1100,700,27.74616930262919,-85,-85,-85,-85,1350,700,298.5304685754367,8.618835339135678,circular
633,1100,700,27.74616930262919,-85,-85,-85,-85,1350,700,307.1493039145724,8.618835339135678,circular
634,1100,700,27.74616930262919,-85,-85,-85,-85,1350,700,315.76813925370806,8.618835339135678,circular
635,1100,700,27.74616930262919,-85,-85,-85,-85,1350,700,324.3869745928437,8.618835339135678,circular
636,1100,700,27.74616930262919,-85,-85,-85,-85,1350,700,333.0058099319794,8.618835339135678,circular
637,1100,700,27.74616930262919,-85,-85,-85,-85,1350,700,341.62464527111507,8.618835339135678,circular
638,1100,700,27.74616930262919,-85,-85,-85,-85,1350,700,350.24348061025074,8.618835339135678,circular
639,1100,700,27.74616930262919,-85,-85,-85,-85,1350,700,358.8623159493864,8.618835339135678,circular
640,1100,700,27.74616930262919,-85,-85,-85,-85,1350,700,7.481151288522085,8.618835339135678,circular
641,1100,700,27.74616930262919,-85,-85,-85,-85,1350,700,16.099986627657763,8.618835339135678,circular
642,1100,700,27.74616930262919,-85,-85,-85,-85,1350,700,24.718821966793442,8.618835339135678,circular
643,1100,700,27.74616930262919,-85,-85,-85,-85,1350,700,33.33765730592912,8.618835339135678,circular
644,1100,700,27.74616930262919,-85,-85,-85,-85,1350,700,41.9564926450648,8.618835339135678,circular
645,1100,700,27.74616930262919,-85,-85,-85,-85,1350,700,50.57532798420048,8.618835339135678,circular
646,1100,700,27.74616930262919,-85,-85,-85,-85,1350,700,59.194163323336156,8.618835339135678,circular
647,1100,700,27.74616930262919,-85,-85,-85,-85,1350,700,67.81299866247184,8.618835339135678,circular
648,1100,700,27.74616930262919,-85,-85,-85,-85,1350,700,76.43183400160751,8.618835339135678,circular
649,1100,700,27.74616930262919,-85,-85,-85,-85,1350,700,85.05066934074318,8.618835339135678,circular
650,1100,700,27.74616930262919,-85,-85,-85,-85,1350,700,93.66950467987886,8.618835339135678,circular
651,1100,700,27.74616930262919,-85,-85,-85,-85,1350,700,102.28834001901453,8.618835339135678,circular
652,1100,700,27.74616930262919,-85,-85,-85,-85,1350,700,110.9071753581502,8.618835339135678,circular
653,1100,700,27.74616930262919,-85,-85,-85,-85,1350,700,119.52601069728587,8.618835339135678,circular
654,1100,700,27.74616930262919,-85,-85,-85,-85,1350,700,128.14484603642154,8.618835339135678,circular
655,1100,700,27.74616930262919,-85,-85,-85,-85,1350,700,136.7636813755572,8.618835339135678,circular
656,1100,700,27.74616930262919,17.513155499392102,-85,-85,14.513447644213304,1350,700,145.38251671469288,8.618835339135678,circular
657,1100,700,27.74616930262919,22.496022074683278,-85,-85,21.41811930585211,1350,700,154.00135205382855,8.618835339135678,circular
658,1100,700,27.74616930262919,24.495315191602927,-85,-85,23.971022246457757,1350,700,162.62018739296423,8.618835339135678,circular
659,1100,700,27.74616930262919,25.452908776355446,-85,-85,25.157178905256924,1350,700,171.2390227320999,8.618835339135678,circular
660,1100,700,27.74616930262919,25.9816463993744,-85,-85,25.859665714847075,1350,700,179.85785807123557,8.618835339135678,circular
661,1100,700,27.74616930262919,26.067010357935978,-85,-85,26.077602459396946,1350,700,188.47669341037124,8.618835339135678,circular
662,1100,700,27.74616930262919,25.807460623826316,-85,-85,25.946643644493044,1350,700,197.0955287495069,8.618835339135678,circular
663,1100,700,27.74616930262919,25.042923900792417,-85,-85,25.361807294499556,1350,700,205.71436408864258,8.618835339135678,circular
664,1100,700,27.74616930262919,23.769789312347285,-85,-85,24.1582774269213,1350,700,214.33319942777825,8.618835339135678,circular
665,1100,700,27.74616930262919,20.97742610025735,-85,-85,22.170735458799452,1350,700,222.95203476691393,8.618835339135678,circular
666,1100,700,27.74616930262919,-85,-85,-85,16.269948115724716,1350,700,231.5708701060496,8.618835339135678,circular
667,1100,700,27.74616930262919,-85,-85,-85,-85,1350,700,240.18970544518527,8.618835339135678,circular
668,1100,700,27.74616930262919,-85,-85,-85,-85,1350,700,248.80854078432094,8.618835339135678,circular
669,1100,700,27.74616930262919,-85,-85,-85,-85,1350,700,257.4273761234566,8.618835339135678,circular
670,1100,700,27.74616930262919,-85,-85,-85,-85,1350,700,266.0462114625923,8.618835339135678,circular
671,1100,700,27.74616930262919,-85,-85,-85,-85,1350,700,274.66504680172795,8.618835339135678,circular
672,1100,700,27.74616930262919,-85,-85,-85,-85,1350,700,283.2838821408636,8.618835339135678,circular
673,1100,700,27.74616930262919,-85,-85,-85,-85,1350,700,291.9027174799993,8.618835339135678,circular
674,1100,700,27.74616930262919,-85,-85,-85,-85,1350,700,300.52155281913497,8.618835339135678,circular
675,1100,700,27.74616930262919,-85,-85,-85,-85,1350,700,309.14038815827064,8.618835339135678,circular
676,1100,700,27.74616930262919,-85,-85,-85,-85,1350,700,317.7592234974063,8.618835339135678,circular
677,1100,700,27.74616930262919,-85,-85,-85,-85,1350,700,326.378058836542,8.618835339135678,circular
678,1100,700,27.74616930262919,-85,-85,-85,-85,1350,700,334.99689417567765,8.618835339135678,circular
679,1100,700,27.74616930262919,-85,-85,-85,-85,1350,700,343.6157295148133,8.618835339135678,circular
680,1100,700,27.74616930262919,-85,-85,-85,-85,1350,700,352.234564853949,8.618835339135678,circular
681,1100,700,27.74616930262919,-85,-85,-85,-85,1350,700,0.8534001930846671,8.618835339135678,circular
682,1100,700,27.74616930262919,-85,-85,-85,-85,1350,700,9.472235532220346,8.618835339135678,circular
683,1100,700,27.74616930262919,-85,-85,-85,-85,1350,700,18.091070871356024,8.618835339135678,circular
684,1100,700,27.74616930262919,-85,-85,-85,-85,1350,700,26.709906210491702,8.618835339135678,circular
685,1100,700,27.74616930262919,-85,-85,-85,-85,1350,700,35.32874154962738,8.618835339135678,circular
686,1100,700,27.74616930262919,-85,-85,-85,-85,1350,700,43.94757688876306,8.618835339135678,circular
687,1100,700,27.74616930262919,-85,-85,-85,-85,1350,700,52.56641222789874,8.618835339135678,circular
688,1100,700,27.74616930262919,-85,-85,-85,-85,1350,700,61.185247567034416,8.618835339135678,circular
689,1100,700,27.74616930262919,-85,-85,-85,-85,1350,700,69.8040829061701,8.618835339135678,circular
690,1100,700,27.74616930262919,-85,-85,-85,-85,1350,700,78.42291824530577,8.618835339135678,circular
691,1100,700,27.74616930262919,-85,-85,-85,-85,1350,700,87.04175358444144,8.618835339135678,circular
692,1100,700,27.74616930262919,-85,-85,-85,-85,1350,700,95.66058892357711,8.618835339135678,circular
693,1100,700,27.74616930262919,-85,-85,-85,-85,1350,700,104.27942426271278,8.618835339135678,circular
694,1100,700,27.74616930262919,-85,-85,-85,-85,1350,700,112.89825960184845,8.618835339135678,circular
695,1100,700,27.74616930262919,-85,-85,-85,-85,1350,700,121.51709494098412,8.618835339135678,circular
696,1100,700,27.74616930262919,-85,-85,-85,-85,1350,700,130.1359302801198,8.618835339135678,circular
697,1100,700,27.74616930262919,-85,-85,-85,-85,1350,700,138.75476561925547,8.618835339135678,circular
698,1100,700,27.74616930262919,19.25639156218217,-85,-85,17.513155499392102,1350,700,147.37360095839114,8.618835339135678,circular
699,1100,700,27.74616930262919,23.06730250275713,-85,-85,22.170735458799452,1350,700,155.9924362975268,8.618835339135678,circular
700,1100,700,27.74616930262919,24.78833704083229,-85,-85,24.33271141113945,1350,700,164.61127163666248,8.618835339135678,circular
701,1100,700,27.74616930262919,25.614204328866276,-85,-85,25.36180729449956,1350,700,173.23010697579815,8.618835339135678,circular
702,1100,700,27.74616930262919,26.035130213615616,-85,-85,25.946643644493044,1350,700,181.84894231493382,8.618835339135678,circular
703,1100,700,27.74616930262919,26.035130213615616,-85,-85,26.074956048612798,1350,700,190.4677776540695,8.618835339135678,circular
704,1100,700,27.74616930262919,25.684904084789977,-85,-85,25.859665714847075,1350,700,199.08661299320516,8.618835339135678,circular
705,1100,700,27.74616930262919,24.788337040832293,-85,-85,25.157178905256924,1350,700,207.70544833234084,8.618835339135678,circular
706,1100,700,27.74616930262919,23.319699537123853,-85,-85,23.97102224645776,1350,700,216.3242836714765,8.618835339135678,circular
707,1100,700,27.74616930262919,19.914354227256315,-85,-85,21.418119305852123,1350,700,224.94311901061218,8.618835339135678,circular
708,1100,700,27.74616930262919,-85,-85,-85,11.50579409835762,1350,700,233.56195434974785,8.618835339135678,circular
709,1100,700,27.74616930262919,-85,-85,-85,-85,1350,700,242.18078968888352,8.618835339135678,circular
710,1100,700,27.74616930262919,-85,-85,-85,-85,1350,700,250.7996250280192,8.618835339135678,circular
711,1100,700,27.74616930262919,-85,-85,-85,-85,1350,700,259.41846036715486,8.618835339135678,circular
712,1100,700,27.74616930262919,-85,-85,-85,-85,1350,700,268.03729570629054,8.618835339135678,circular
713,1100,700,27.74616930262919,-85,-85,-85,-85,1350,700,276.6561310454262,8.618835339135678,circular
714,1100,700,27.74616930262919,-85,-85,-85,-85,1350,700,285.2749663845619,8.618835339135678,circular
715,1100,700,27.74616930262919,-85,-85,-85,-85,1350,700,293.89380172369755,8.618835339135678,circular
716,1100,700,27.74616930262919,-85,-85,-85,-85,1350,700,302.5126370628332,8.618835339135678,circular
717,1100,700,27.74616930262919,-85,-85,-85,-85,1350,700,311.1314724019689,8.618835339135678,circular
718,1100,700,27.74616930262919,-85,-85,-85,-85,1350,700,319.75030774110456,8.618835339135678,circular
719,1100,700,27.74616930262919,-85,-85,-85,-85,1350,700,328.36914308024024,8.618835339135678,circular
720,1100,700,27.74616930262919,-85,-85,-85,-85,1350,700,336.9879784193759,8.618835339135678,circular
721,1100,700,27.74616930262919,-85,-85,-85,-85,1350,700,345.6068137585116,8.618835339135678,circular
722,1100,700,27.74616930262919,-85,-85,-85,-85,1350,700,354.22564909764725,8.618835339135678,circular
723,1100,700,27.74616930262919,-85,-85,-85,-85,1350,700,2.8444844367829205,8.618835339135678,circular
724,1100,700,27.74616930262919,-85,-85,-85,-85,1350,700,11.463319775918599,8.618835339135678,circular
725,1100,700,27.74616930262919,-85,-85,-85,-85,1350,700,20.082155115054277,8.618835339135678,circular
726,1100,700,27.74616930262919,-85,-85,-85,-85,1350,700,28.700990454189956,8.618835339135678,circular
727,1100,700,27.74616930262919,-85,-85,-85,-85,1350,700,37.319825793325634,8.618835339135678,circular
728,1100,700,27.74616930262919,-85,-85,-85,-85,1350,700,45.93866113246131,8.618835339135678,circular
729,1100,700,27.74616930262919,-85,-85,-85,-85,1350,700,54.55749647159699,8.618835339135678,circular
730,1100,700,27.74616930262919,-85,-85,-85,-85,1350,700,63.17633181073267,8.618835339135678,circular
731,1100,700,27.74616930262919,-85,-85,-85,-85,1350,700,71.79516714986835,8.618835339135678,circular
732,1100,700,27.74616930262919,-85,-85,-85,-85,1350,700,80.41400248900402,8.618835339135678,circular
733,1100,700,27.74616930262919,-85,-85,-85,-85,1350,700,89.03283782813969,8.618835339135678,circular
734,1100,700,27.74616930262919,-85,-85,-85,-85,1350,700,97.65167316727536,8.618835339135678,circular
735,1100,700,27.74616930262919,-85,-85,-85,-85,1350,700,106.27050850641103,8.618835339135678,circular
736,1100,700,27.74616930262919,-85,-85,-85,-85,1350,700,114.8893438455467,8.618835339135678,circular
737,1100,700,27.74616930262919,-85,-85,-85,-85,1350,700,123.50817918468238,8.618835339135678,circular
738,1100,700,27.74616930262919,-85,-85,-85,-85,1350,700,132.12701452381805,8.618835339135678,circular
739,1100,700,27.74616930262919,-85,-85,-85,-85,1350,700,140.74584986295372,8.618835339135678,circular
740,1100,700,27.74616930262919,20.48098321025059,-85,-85,19.25639156218217,1350,700,149.3646852020894,8.618835339135678,circular
741,1100,700,27.74616930262919,23.553218972269416,-85,-85,22.793695368992218,1350,700,157.98352054122506,8.618835339135678,circular
742,1100,700,27.74616930262919,25.042923900792417,-85,-85,24.646943359767004,1350,700,166.60235588036073,8.618835339135678,circular
743,1100,700,27.74616930262919,25.7492610641292,-85,-85,25.536951728381826,1350,700,175.2211912194964,8.618835339135678,circular
744,1100,700,27.74616930262919,26.067010357935978,-85,-85,26.011117049096303,1350,700,183.84002655863208,8.618835339135678,circular
745,1100,700,27.74616930262919,25.9816463993744,-85,-85,26.053745949214605,1350,700,192.45886189776775,8.618835339135678,circular
746,1100,700,27.74616930262919,25.536951728381826,-85,-85,25.7492610641292,1350,700,201.07769723690342,8.618835339135678,circular
747,1100,700,27.74616930262919,24.495315191602927,-85,-85,24.92014212493214,1350,700,209.6965325760391,8.618835339135678,circular
748,1100,700,27.74616930262919,22.793695368992225,-85,-85,23.553218972269416,1350,700,218.31536791517476,8.618835339135678,circular
749,1100,700,27.74616930262919,18.474304759512954,-85,-85,20.48098321025059,1350,700,226.93420325431043,8.618835339135678,circular
750,1100,700,27.74616930262919,-85,-85,-85,-85,1350,700,235.5530385934461,8.618835339135678,circular
751,1100,700,27.74616930262919,-85,-85,-85,-85,1350,700,244.17187393258178,8.618835339135678,circular
752,1100,700,27.74616930262919,-85,-85,-85,-85,1350,700,252.79070927171745,8.618835339135678,circular
753,1100,700,27.74616930262919,-85,-85,-85,-85,1350,700,261.4095446108531,8.618835339135678,circular
754,1100,700,27.74616930262919,-85,-85,-85,-85,1350,700,270.0283799499888,8.618835339135678,circular
755,1100,700,27.74616930262919,-85,-85,-85,-85,1350,700,278.64721528912446,8.618835339135678,circular
756,1100,700,27.74616930262919,-85,-85,-85,-85,1350,700,287.26605062826013,8.618835339135678,circular
757,1100,700,27.74616930262919,-85,-85,-85,-85,1350,700,295.8848859673958,8.618835339135678,circular
758,1100,700,27.74616930262919,-85,-85,-85,-85,1350,700,304.5037213065315,8.618835339135678,circular
759,1100,700,27.74616930262919,-85,-85,-85,-85,1350,700,313.12255664566715,8.618835339135678,circular
760,1100,700,27.74616930262919,-85,-85,-85,-85,1350,700,321.7413919848028,8.618835339135678,circular
761,1100,700,27.74616930262919,-85,-85,-85,-85,1350,700,330.3602273239385,8.618835339135678,circular
762,1100,700,27.74616930262919,-85,-85,-85,-85,1350,700,338.97906266307416,8.618835339135678,circular
763,1100,700,27.74616930262919,-85,-85,-85,-85,1350,700,347.59789800220983,8.618835339135678,circular
764,1100,700,27.74616930262919,-85,-85,-85,-85,1350,700,356.2167333413455,8.618835339135678,circular
765,1100,700,27.74616930262919,-85,-85,-85,-85,1350,700,4.835568680481174,8.618835339135678,circular
766,1100,700,27.74616930262919,-85,-85,-85,-85,1350,700,13.454404019616852,8.618835339135678,circular
767,1100,700,27.74616930262919,-85,-85,-85,-85,1350,700,22.07323935875253,8.618835339135678,circular
768,1100,700,27.74616930262919,-85,-85,-85,-85,1350,700,30.69207469788821,8.618835339135678,circular
769,1100,700,27.74616930262919,-85,-85,-85,-85,1350,700,39.31091003702389,8.618835339135678,circular
770,1100,700,27.74616930262919,-85,-85,-85,-85,1350,700,47.929745376159566,8.618835339135678,circular
771,1100,700,27.74616930262919,-85,-85,-85,-85,1350,700,56.548580715295245,8.618835339135678,circular
772,1100,700,27.74616930262919,-85,-85,-85,-85,1350,700,65.16741605443093,8.618835339135678,circular
773,1100,700,27.74616930262919,-85,-85,-85,-85,1350,700,73.7862513935666,8.618835339135678,circular
774,1100,700,27.74616930262919,-85,-85,-85,-85,1350,700,82.40508673270227,8.618835339135678,circular
775,1100,700,27.74616930262919,-85,-85,-85,-85,1350,700,91.02392207183794,8.618835339135678,circular
776,1100,700,27.74616930262919,-85,-85,-85,-85,1350,700,99.64275741097362,8.618835339135678,circular
777,1100,700,27.74616930262919,-85,-85,-85,-85,1350,700,108.26159275010929,8.618835339135678,circular
778,1100,700,27.74616930262919,-85,-85,-85,-85,1350,700,116.88042808924496,8.618835339135678,circular
779,1100,700,27.74616930262919,-85,-85,-85,-85,1350,700,125.49926342838063,8.618835339135678,circular
780,1100,700,27.74616930262919,-85,-85,-85,-85,1350,700,134.1180987675163,8.618835339135678,circular
781,1100,700,27.74616930262919,14.513447644213304,-85,-85,-85,1350,700,142.73693410665197,8.618835339135678,circular
782,1100,700,27.74616930262919,21.41811930585211,-85,-85,20.48098321025059,1350,700,151.35576944578764,8.618835339135678,circular
783,1100,700,27.74616930262919,23.971022246457757,-85,-85,23.31969953712386,1350,700,159.97460478492332,8.618835339135678,circular
784,1100,700,27.74616930262919,25.26334459461691,-85,-85,24.92014212493214,1350,700,168.593440124059,8.618835339135678,circular
785,1100,700,27.74616930262919,25.859665714847075,-85,-85,25.684904084789974,1350,700,177.21227546319466,8.618835339135678,circular
786,1100,700,27.74616930262919,26.077602459396946,-85,-85,26.053745949214605,1350,700,185.83111080233033,8.618835339135678,circular
787,1100,700,27.74616930262919,25.906018829630398,-85,-85,26.011117049096303,1350,700,194.449946141466,8.618835339135678,circular
788,1100,700,27.74616930262919,25.361807294499556,-85,-85,25.614204328866276,1350,700,203.06878148060167,8.618835339135678,circular
789,1100,700,27.74616930262919,24.1582774269213,-85,-85,24.646943359767004,1350,700,211.68761681973734,8.618835339135678,circular
790,1100,700,27.74616930262919,22.170735458799452,-85,-85,23.067302502757133,1350,700,220.30645215887301,8.618835339135678,circular
791,1100,700,27.74616930262919,16.269948115724716,-85,-85,19.25639156218219,1350,700,228.9252874980087,8.618835339135678,circular
792,1100,700,27.74616930262919,-85,-85,-85,-85,1350,700,237.54412283714436,8.618835339135678,circular
793,1100,700,27.74616930262919,-85,-85,-85,-85,1350,700,246.16295817628003,8.618835339135678,circular
794,1100,700,27.74616930262919,-85,-85,-85,-85,1350,700,254.7817935154157,8.618835339135678,circular
795,1100,700,27.74616930262919,-85,-85,-85,-85,1350,700,263.40062885455137,8.618835339135678,circular
796,1100,700,27.74616930262919,-85,-85,-85,-85,1350,700,272.01946419368704,8.618835339135678,circular
797,1100,700,27.74616930262919,-85,-85,-85,-85,1350,700,280.6382995328227,8.618835339135678,circular
798,1100,700,27.74616930262919,-85,-85,-85,-85,1350,700,289.2571348719584,8.618835339135678,circular
799,1100,700,27.74616930262919,-85,-85,-85,-85,1350,700,297.87597021109406,8.618835339135678,circular
800,1100,700,27.74616930262919,-85,-85,-85,-85,1350,700,306.4948055502297,8.618835339135678,circular
801,1100,700,27.74616930262919,-85,-85,-85,-85,1350,700,315.1136408893654,8.618835339135678,circular
802,1100,700,27.74616930262919,-85,-85,-85,-85,1350,700,323.73247622850107,8.618835339135678,circular
803,1100,700,27.74616930262919,-85,-85,-85,-85,1350,700,332.35131156763674,8.618835339135678,circular
804,1100,700,27.74616930262919,-85,-85,-85,-85,1350,700,340.9701469067724,8.618835339135678,circular
805,1100,700,27.74616930262919,-85,-85,-85,-85,1350,700,349.5889822459081,8.618835339135678,circular
806,1100,700,27.74616930262919,-85,-85,-85,-85,1350,700,358.20781758504376,8.618835339135678,circular
807,1100,700,27.74616930262919,-85,-85,-85,-85,1350,700,6.826652924179427,8.618835339135678,circular
808,1100,700,27.74616930262919,-85,-85,-85,-85,1350,700,15.445488263315106,8.618835339135678,circular
809,1100,700,27.74616930262919,-85,-85,-85,-85,1350,700,24.064323602450784,8.618835339135678,circular
810,1100,700,27.74616930262919,-85,-85,-85,-85,1350,700,32.68315894158646,8.618835339135678,circular
811,1100,700,27.74616930262919,-85,-85,-85,-85,1350,700,41.30199428072214,8.618835339135678,circular
812,1100,700,27.74616930262919,-85,-85,-85,-85,1350,700,49.92082961985782,8.618835339135678,circular
813,1100,700,27.74616930262919,-85,-85,-85,-85,1350,700,58.5396649589935,8.618835339135678,circular
814,1100,700,27.74616930262919,-85,-85,-85,-85,1350,700,67.15850029812918,8.618835339135678,circular
815,1100,700,27.74616930262919,-85,-85,-85,-85,1350,700,75.77733563726485,8.618835339135678,circular
816,1100,700,27.74616930262919,-85,-85,-85,-85,1350,700,84.39617097640053,8.618835339135678,circular
817,1100,700,27.74616930262919,-85,-85,-85,-85,1350,700,93.0150063155362,8.618835339135678,circular
818,1100,700,27.74616930262919,-85,-85,-85,-85,1350,700,101.63384165467187,8.618835339135678,circular
819,1100,700,27.74616930262919,-85,-85,-85,-85,1350,700,110.25267699380754,8.618835339135678,circular
820,1100,700,27.74616930262919,-85,-85,-85,-85,1350,700,118.87151233294321,8.618835339135678,circular
821,1100,700,27.74616930262919,-85,-85,-85,-85,1350,700,127.49034767207888,8.618835339135678,circular
822,1100,700,27.74616930262919,-85,-85,-85,-85,1350,700,136.10918301121455,8.618835339135678,circular
823,1100,700,27.74616930262919,17.513155499392102,-85,-85,11.505794098357505,1350,700,144.72801835035023,8.618835339135678,circular
824,1100,700,27.74616930262919,22.170735458799452,-85,-85,21.41811930585211,1350,700,153.3468536894859,8.618835339135678,circular
825,1100,700,27.74616930262919,24.33271141113945,-85,-85,23.769789312347285,1350,700,161.96568902862157,8.618835339135678,circular
826,1100,700,27.74616930262919,25.452908776355446,-85,-85,25.157178905256924,1350,700,170.58452436775724,8.618835339135678,circular
827,1100,700,27.74616930262919,25.946643644493044,-85,-85,25.80746062382631,1350,700,179.2033597068929,8.618835339135678,circular
828,1100,700,27.74616930262919,26.074956048612798,-85,-85,26.074956048612798,1350,700,187.82219504602858,8.618835339135678,circular
829,1100,700,27.74616930262919,25.807460623826316,-85,-85,25.946643644493044,1350,700,196.44103038516425,8.618835339135678,circular
830,1100,700,27.74616930262919,25.157178905256924,-85,-85,25.452908776355446,1350,700,205.05986572429993,8.618835339135678,circular
831,1100,700,27.74616930262919,23.769789312347285,-85,-85,24.332711411139446,1350,700,213.6787010634356,8.618835339135678,circular
832,1100,700,27.74616930262919,21.418119305852123,-85,-85,22.496022074683278,1350,700,222.29753640257127,8.618835339135678,circular
833,1100,700,27.74616930262919,11.50579409835762,-85,-85,17.51315549939211,1350,700,230.91637174170694,8.618835339135678,circular
834,1100,700,27.74616930262919,-85,-85,-85,-85,1350,700,239.5352070808426,8.618835339135678,circular
835,1100,700,27.74616930262919,-85,-85,-85,-85,1350,700,248.15404241997828,8.618835339135678,circular
836,1100,700,27.74616930262919,-85,-85,-85,-85,1350,700,256.77287775911395,8.618835339135678,circular
837,1100,700,27.74616930262919,-85,-85,-85,-85,1350,700,265.3917130982496,8.618835339135678,circular
838,1100,700,27.74616930262919,-85,-85,-85,-85,1350,700,274.0105484373853,8.618835339135678,circular
839,1100,700,27.74616930262919,-85,-85,-85,-85,1350,700,282.62938377652097,8.618835339135678,circular
840,1100,700,27.74616930262919,-85,-85,-85,-85,1350,700,291.24821911565664,8.618835339135678,circular
841,1100,700,27.74616930262919,-85,-85,-85,-85,1350,700,299.8670544547923,8.618835339135678,circular
842,1100,700,27.74616930262919,-85,-85,-85,-85,1350,700,308.485889793928,8.618835339135678,circular
843,1100,700,27.74616930262919,-85,-85,-85,-85,1350,700,317.10472513306365,8.618835339135678,circular
844,1100,700,27.74616930262919,-85,-85,-85,-85,1350,700,325.7235604721993,8.618835339135678,circular
845,1100,700,27.74616930262919,-85,-85,-85,-85,1350,700,334.342395811335,8.618835339135678,circular
846,1100,700,27.74616930262919,-85,-85,-85,-85,1350,700,342.96123115047067,8.618835339135678,circular
847,1100,700,27.74616930262919,-85,-85,-85,-85,1350,700,351.58006648960634,8.618835339135678,circular
848,1100,700,27.74616930262919,-85,-85,-85,-85,1350,700,0.19890182874200946,8.618835339135678,circular
849,1100,700,27.74616930262919,-85,-85,-85,-85,1350,700,8.817737167877688,8.618835339135678,circular
850,1100,700,27.74616930262919,-85,-85,-85,-85,1350,700,17.436572507013366,8.618835339135678,circular
851,1100,700,27.74616930262919,-85,-85,-85,-85,1350,700,26.055407846149045,8.618835339135678,circular
852,1100,700,27.74616930262919,-85,-85,-85,-85,1350,700,34.67424318528472,8.618835339135678,circular
853,1100,700,27.74616930262919,-85,-85,-85,-85,1350,700,43.2930785244204,8.618835339135678,circular
854,1100,700,27.74616930262919,-85,-85,-85,-85,1350,700,51.91191386355608,8.618835339135678,circular
855,1100,700,27.74616930262919,-85,-85,-85,-85,1350,700,60.53074920269176,8.618835339135678,circular
856,1100,700,27.74616930262919,-85,-85,-85,-85,1350,700,69.14958454182744,8.618835339135678,circular
857,1100,700,27.74616930262919,-85,-85,-85,-85,1350,700,77.76841988096311,8.618835339135678,circular
858,1100,700,27.74616930262919,-85,-85,-85,-85,1350,700,86.38725522009878,8.618835339135678,circular
859,1100,700,27.74616930262919,-85,-85,-85,-85,1350,700,95.00609055923445,8.618835339135678,circular
860,1100,700,27.74616930262919,-85,-85,-85,-85,1350,700,103.62492589837012,8.618835339135678,circular
861,1100,700,27.74616930262919,-85,-85,-85,-85,1350,700,112.2437612375058,8.618835339135678,circular
862,1100,700,27.74616930262919,-85,-85,-85,-85,1350,700,120.86259657664147,8.618835339135678,circular
863,1100,700,27.74616930262919,-85,-85,-85,-85,1350,700,129.48143191577714,8.618835339135678,circular
864,1100,700,27.74616930262919,-85,-85,-85,-85,1350,700,138.1002672549128,8.618835339135678,circular
865,1100,700,27.74616930262919,19.25639156218217,-85,-85,16.269948115724727,1350,700,146.71910259404848,8.618835339135678,circular
866,1100,700,27.74616930262919,22.793695368992218,-85,-85,22.170735458799452,1350,700,155.33793793318415,8.618835339135678,circular
867,1100,700,27.74616930262919,24.646943359767004,-85,-85,24.1582774269213,1350,700,163.95677327231982,8.618835339135678,circular
868,1100,700,27.74616930262919,25.614204328866276,-85,-85,25.36180729449956,1350,700,172.5756086114555,8.618835339135678,circular
869,1100,700,27.74616930262919,26.011117049096303,-85,-85,25.906018829630398,1350,700,181.19444395059116,8.618835339135678,circular
870,1100,700,27.74616930262919,26.053745949214605,-85,-85,26.077602459396946,1350,700,189.81327928972684,8.618835339135678,circular
871,1100,700,27.74616930262919,25.684904084789977,-85,-85,25.859665714847075,1350,700,198.4321146288625,8.618835339135678,circular
872,1100,700,27.74616930262919,24.92014212493214,-85,-85,25.263344594616918,1350,700,207.05094996799818,8.618835339135678,circular
873,1100,700,27.74616930262919,23.319699537123853,-85,-85,23.97102224645776,1350,700,215.66978530713385,8.618835339135678,circular
874,1100,700,27.74616930262919,20.48098321025059,-85,-85,21.81335663023087,1350,700,224.28862064626952,8.618835339135678,circular
875,1100,700,27.74616930262919,-85,-85,-85,14.513447644213265,1350,700,232.9074559854052,8.618835339135678,circular
876,1100,700,27.74616930262919,-85,-85,-85,-85,1350,700,241.52629132454086,8.618835339135678,circular
877,1100,700,27.74616930262919,-85,-85,-85,-85,1350,700,250.14512666367654,8.618835339135678,circular
878,1100,700,27.74616930262919,-85,-85,-85,-85,1350,700,258.7639620028122,8.618835339135678,circular
879,1100,700,27.74616930262919,-85,-85,-85,-85,1350,700,267.3827973419479,8.618835339135678,circular
880,1100,700,27.74616930262919,-85,-85,-85,-85,1350,700,276.00163268108355,8.618835339135678,circular
881,1100,700,27.74616930262919,-85,-85,-85,-85,1350,700,284.6204680202192,8.618835339135678,circular
882,1100,700,27.74616930262919,-85,-85,-85,-85,1350,700,293.2393033593549,8.618835339135678,circular
883,1100,700,27.74616930262919,-85,-85,-85,-85,1350,700,301.85813869849056,8.618835339135678,circular
884,1100,700,27.74616930262919,-85,-85,-85,-85,1350,700,310.47697403762623,8.618835339135678,circular
885,1100,700,27.74616930262919,-85,-85,-85,-85,1350,700,319.0958093767619,8.618835339135678,circular
886,1100,700,27.74616930262919,-85,-85,-85,-85,1350,700,327.7146447158976,8.618835339135678,circular
887,1100,700,27.74616930262919,-85,-85,-85,-85,1350,700,336.33348005503325,8.618835339135678,circular
888,1100,700,27.74616930262919,-85,-85,-85,-85,1350,700,344.9523153941689,8.618835339135678,circular
889,1100,700,27.74616930262919,-85,-85,-85,-85,1350,700,353.5711507333046,8.618835339135678,circular
890,1100,700,27.74616930262919,-85,-85,-85,-85,1350,700,2.189986072440263,8.618835339135678,circular
891,1100,700,27.74616930262919,-85,-85,-85,-85,1350,700,10.808821411575941,8.618835339135678,circular
892,1100,700,27.74616930262919,-85,-85,-85,-85,1350,700,19.42765675071162,8.618835339135678,circular
893,1100,700,27.74616930262919,-85,-85,-85,-85,1350,700,28.0464920898473,8.618835339135678,circular
894,1100,700,27.74616930262919,-85,-85,-85,-85,1350,700,36.66532742898298,8.618835339135678,circular
895,1100,700,27.74616930262919,-85,-85,-85,-85,1350,700,45.284162768118655,8.618835339135678,circular
896,1100,700,27.74616930262919,-85,-85,-85,-85,1350,700,53.902998107254334,8.618835339135678,circular
897,1100,700,27.74616930262919,-85,-85,-85,-85,1350,700,62.52183344639001,8.618835339135678,circular
898,1100,700,27.74616930262919,-85,-85,-85,-85,1350,700,71.14066878552569,8.618835339135678,circular
899,1100,700,27.74616930262919,-85,-85,-85,-85,1350,700,79.75950412466136,8.618835339135678,circular
900,1100,700,27.74616930262919,-85,-85,-85,-85,1350,700,88.37833946379703,8.618835339135678,circular
901,1100,700,27.74616930262919,-85,-85,-85,-85,1350,700,96.9971748029327,8.618835339135678,circular
902,1100,700,27.74616930262919,-85,-85,-85,-85,1350,700,105.61601014206838,8.618835339135678,circular
903,1100,700,27.74616930262919,-85,-85,-85,-85,1350,700,114.23484548120405,8.618835339135678,circular
904,1100,700,27.74616930262919,-85,-85,-85,-85,1350,700,122.85368082033972,8.618835339135678,circular
905,1100,700,27.74616930262919,-85,-85,-85,-85,1350,700,131.4725161594754,8.618835339135678,circular
906,1100,700,27.74616930262919,-85,-85,-85,-85,1350,700,140.09135149861106,8.618835339135678,circular
907,1100,700,27.74616930262919,20.48098321025059,-85,-85,18.47430475951294,1350,700,148.71018683774673,8.618835339135678,circular
908,1100,700,27.74616930262919,23.31969953712386,-85,-85,22.793695368992218,1350,700,157.3290221768824,8.618835339135678,circular
909,1100,700,27.74616930262919,24.92014212493214,-85,-85,24.495315191602927,1350,700,165.94785751601808,8.618835339135678,circular
910,1100,700,27.74616930262919,25.7492610641292,-85,-85,25.536951728381826,1350,700,174.56669285515375,8.618835339135678,circular
911,1100,700,27.74616930262919,26.053745949214605,-85,-85,25.9816463993744,1350,700,183.18552819428942,8.618835339135678,circular
912,1100,700,27.74616930262919,26.011117049096303,-85,-85,26.067010357935978,1350,700,191.8043635334251,8.618835339135678,circular
913,1100,700,27.74616930262919,25.536951728381826,-85,-85,25.7492610641292,1350,700,200.42319887256076,8.618835339135678,circular
914,1100,700,27.74616930262919,24.646943359767004,-85,-85,25.042923900792417,1350,700,209.04203421169643,8.618835339135678,circular
915,1100,700,27.74616930262919,22.793695368992225,-85,-85,23.553218972269416,1350,700,217.6608695508321,8.618835339135678,circular
916,1100,700,27.74616930262919,19.25639156218219,-85,-85,20.97742610025735,1350,700,226.27970488996777,8.618835339135678,circular
917,1100,700,27.74616930262919,-85,-85,-85,-85,1350,700,234.89854022910345,8.618835339135678,circular
918,1100,700,27.74616930262919,-85,-85,-85,-85,1350,700,243.51737556823912,8.618835339135678,circular
919,1100,700,27.74616930262919,-85,-85,-85,-85,1350,700,252.1362109073748,8.618835339135678,circular
920,1100,700,27.74616930262919,-85,-85,-85,-85,1350,700,260.75504624651046,8.618835339135678,circular
921,1100,700,27.74616930262919,-85,-85,-85,-85,1350,700,269.37388158564613,8.618835339135678,circular
922,1100,700,27.74616930262919,-85,-85,-85,-85,1350,700,277.9927169247818,8.618835339135678,circular
923,1100,700,27.74616930262919,-85,-85,-85,-85,1350,700,286.6115522639175,8.618835339135678,circular
924,1100,700,27.74616930262919,-85,-85,-85,-85,1350,700,295.23038760305315,8.618835339135678,circular
925,1100,700,27.74616930262919,-85,-85,-85,-85,1350,700,303.8492229421888,8.618835339135678,circular
926,1100,700,27.74616930262919,-85,-85,-85,-85,1350,700,312.4680582813245,8.618835339135678,circular
927,1100,700,27.74616930262919,-85,-85,-85,-85,1350,700,321.08689362046016,8.618835339135678,circular
928,1100,700,27.74616930262919,-85,-85,-85,-85,1350,700,329.70572895959583,8.618835339135678,circular
929,1100,700,27.74616930262919,-85,-85,-85,-85,1350,700,338.3245642987315,8.618835339135678,circular
930,1100,700,27.74616930262919,-85,-85,-85,-85,1350,700,346.9433996378672,8.618835339135678,circular
931,1100,700,27.74616930262919,-85,-85,-85,-85,1350,700,355.56223497700284,8.618835339135678,circular
932,1100,700,27.74616930262919,-85,-85,-85,-85,1350,700,4.181070316138516,8.618835339135678,circular
933,1100,700,27.74616930262919,-85,-85,-85,-85,1350,700,12.799905655274195,8.618835339135678,circular
934,1100,700,27.74616930262919,-85,-85,-85,-85,1350,700,21.418740994409873,8.618835339135678,circular
935,1100,700,27.74616930262919,-85,-85,-85,-85,1350,700,30.03757633354555,8.618835339135678,circular
936,1100,700,27.74616930262919,-85,-85,-85,-85,1350,700,38.65641167268123,8.618835339135678,circular
937,1100,700,27.74616930262919,-85,-85,-85,-85,1350,700,47.27524701181691,8.618835339135678,circular
938,1100,700,27.74616930262919,-85,-85,-85,-85,1350,700,55.89408235095259,8.618835339135678,circular
939,1100,700,27.74616930262919,-85,-85,-85,-85,1350,700,64.51291769008827,8.618835339135678,circular
940,1100,700,27.74616930262919,-85,-85,-85,-85,1350,700,73.13175302922394,8.618835339135678,circular
941,1100,700,27.74616930262919,-85,-85,-85,-85,1350,700,81.75058836835962,8.618835339135678,circular
942,1100,700,27.74616930262919,-85,-85,-85,-85,1350,700,90.36942370749529,8.618835339135678,circular
943,1100,700,27.74616930262919,-85,-85,-85,-85,1350,700,98.98825904663096,8.618835339135678,circular
944,1100,700,27.74616930262919,-85,-85,-85,-85,1350,700,107.60709438576663,8.618835339135678,circular
945,1100,700,27.74616930262919,-85,-85,-85,-85,1350,700,116.2259297249023,8.618835339135678,circular
946,1100,700,27.74616930262919,-85,-85,-85,-85,1350,700,124.84476506403797,8.618835339135678,circular
947,1100,700,27.74616930262919,-85,-85,-85,-85,1350,700,133.46360040317364,8.618835339135678,circular
948,1100,700,27.74616930262919,11.505794098357505,-85,-85,-85,1350,700,142.08243574230931,8.618835339135678,circular
949,1100,700,27.74616930262919,21.41811930585211,-85,-85,19.91435422725632,1350,700,150.701271081445,8.618835339135678,circular
950,1100,700,27.74616930262919,23.769789312347285,-85,-85,23.06730250275713,1350,700,159.32010642058066,8.618835339135678,circular
951,1100,700,27.74616930262919,25.157178905256924,-85,-85,24.78833704083229,1350,700,167.93894175971633,8.618835339135678,circular
952,1100,700,27.74616930262919,25.859665714847075,-85,-85,25.684904084789974,1350,700,176.557777098852,8.618835339135678,circular
953,1100,700,27.74616930262919,26.074956048612798,-85,-85,26.035130213615616,1350,700,185.17661243798767,8.618835339135678,circular
954,1100,700,27.74616930262919,25.946643644493044,-85,-85,26.035130213615616,1350,700,193.79544777712334,8.618835339135678,circular
955,1100,700,27.74616930262919,25.361807294499556,-85,-85,25.614204328866276,1350,700,202.414283116259,8.618835339135678,circular
956,1100,700,27.74616930262919,24.332711411139446,-85,-85,24.788337040832293,1350,700,211.03311845539469,8.618835339135678,circular
957,1100,700,27.74616930262919,22.170735458799452,-85,-85,23.067302502757133,1350,700,219.65195379453036,8.618835339135678,circular
958,1100,700,27.74616930262919,17.51315549939211,-85,-85,19.914354227256315,1350,700,228.27078913366603,8.618835339135678,circular
959,1100,700,27.74616930262919,-85,-85,-85,-85,1350,700,236.8896244728017,8.618835339135678,circular
960,1100,700,27.74616930262919,-85,-85,-85,-85,1350,700,245.50845981193737,8.618835339135678,circular
961,1100,700,27.74616930262919,-85,-85,-85,-85,1350,700,254.12729515107304,8.618835339135678,circular
962,1100,700,27.74616930262919,-85,-85,-85,-85,1350,700,262.7461304902087,8.618835339135678,circular
963,1100,700,27.74616930262919,-85,-85,-85,-85,1350,700,271.3649658293444,8.618835339135678,circular
964,1100,700,27.74616930262919,-85,-85,-85,-85,1350,700,279.98380116848006,8.618835339135678,circular
965,1100,700,27.74616930262919,-85,-85,-85,-85,1350,700,288.6026365076157,8.618835339135678,circular
966,1100,700,27.74616930262919,-85,-85,-85,-85,1350,700,297.2214718467514,8.618835339135678,circular
967,1100,700,27.74616930262919,-85,-85,-85,-85,1350,700,305.84030718588707,8.618835339135678,circular
968,1100,700,27.74616930262919,-85,-85,-85,-85,1350,700,314.45914252502274,8.618835339135678,circular
969,1100,700,27.74616930262919,-85,-85,-85,-85,1350,700,323.0779778641584,8.618835339135678,circular
970,1100,700,27.74616930262919,-85,-85,-85,-85,1350,700,331.6968132032941,8.618835339135678,circular
971,1100,700,27.74616930262919,-85,-85,-85,-85,1350,700,340.31564854242976,8.618835339135678,circular
972,1100,700,27.74616930262919,-85,-85,-85,-85,1350,700,348.9344838815654,8.618835339135678,circular
973,1100,700,27.74616930262919,-85,-85,-85,-85,1350,700,357.5533192207011,8.618835339135678,circular
974,1100,700,27.74616930262919,-85,-85,-85,-85,1350,700,6.17215455983677,8.618835339135678,circular
975,1100,700,27.74616930262919,-85,-85,-85,-85,1350,700,14.790989898972448,8.618835339135678,circular
976,1100,700,27.74616930262919,-85,-85,-85,-85,1350,700,23.409825238108127,8.618835339135678,circular
977,1100,700,27.74616930262919,-85,-85,-85,-85,1350,700,32.028660577243805,8.618835339135678,circular
978,1100,700,27.74616930262919,-85,-85,-85,-85,1350,700,40.647495916379484,8.618835339135678,circular
979,1100,700,27.74616930262919,-85,-85,-85,-85,1350,700,49.26633125551516,8.618835339135678,circular
980,1100,700,27.74616930262919,-85,-85,-85,-85,1350,700,57.88516659465084,8.618835339135678,circular
981,1100,700,27.74616930262919,-85,-85,-85,-85,1350,700,66.50400193378653,8.618835339135678,circular
982,1100,700,27.74616930262919,-85,-85,-85,-85,1350,700,75.1228372729222,8.618835339135678,circular
983,1100,700,27.74616930262919,-85,-85,-85,-85,1350,700,83.74167261205787,8.618835339135678,circular
984,1100,700,27.74616930262919,-85,-85,-85,-85,1350,700,92.36050795119354,8.618835339135678,circular
985,1100,700,27.74616930262919,-85,-85,-85,-85,1350,700,100.97934329032921,8.618835339135678,circular
986,1100,700,27.74616930262919,-85,-85,-85,-85,1350,700,109.59817862946488,8.618835339135678,circular
987,1100,700,27.74616930262919,-85,-85,-85,-85,1350,700,118.21701396860055,8.618835339135678,circular
988,1100,700,27.74616930262919,-85,-85,-85,-85,1350,700,126.83584930773623,8.618835339135678,circular
989,1100,700,27.74616930262919,-85,-85,-85,-85,1350,700,135.4546846468719,8.618835339135678,circular
990,1100,700,27.74616930262919,16.269948115724727,-85,-85,-85,1350,700,144.07351998600757,8.618835339135678,circular
991,1100,700,27.74616930262919,22.170735458799452,-85,-85,20.97742610025734,1350,700,152.69235532514324,8.618835339135678,circular
992,1100,700,27.74616930262919,24.1582774269213,-85,-85,23.553218972269416,1350,700,161.3111906642789,8.618835339135678,circular
993,1100,700,27.74616930262919,25.36180729449956,-85,-85,25.042923900792417,1350,700,169.93002600341458,8.618835339135678,circular
994,1100,700,27.74616930262919,25.946643644493044,-85,-85,25.80746062382631,1350,700,178.54886134255025,8.618835339135678,circular
995,1100,700,27.74616930262919,26.077602459396946,-85,-85,26.067010357935978,1350,700,187.16769668168592,8.618835339135678,circular
996,1100,700,27.74616930262919,25.859665714847075,-85,-85,25.9816463993744,1350,700,195.7865320208216,8.618835339135678,circular
997,1100,700,27.74616930262919,25.157178905256924,-85,-85,25.452908776355446,1350,700,204.40536735995727,8.618835339135678,circular
998,1100,700,27.74616930262919,23.97102224645776,-85,-85,24.495315191602927,1350,700,213.02420269909294,8.618835339135678,circular
999,1100,700,27.74616930262919,21.418119305852123,-85,-85,22.496022074683278,1350,700,221.6430380382286,8.618835339135678,circular
