Tick,Aircraft X,Aircraft Y,Aircraft Heading,A1,A2,A3,A4,Radar X,Radar Y,Radar Azimuth,Radar RPM,Radar Scan Pattern
0,1100,700,221.14336571303977,-85,16.269948115724727,19.25639156218217,-85,1350,700,157.4559026838708,6.354730088013446,circular
1,1100,700,221.14336571303977,-85,24.646943359767004,24.92014212493214,-85,1350,700,163.81063277188423,6.354730088013446,circular
2,1100,700,221.14336571303977,-85,25.36180729449956,25.614204328866276,-85,1350,700,170.16536285989767,6.354730088013446,circular
3,1100,700,221.14336571303977,-85,25.859665714847075,25.946643644493044,-85,1350,700,176.5200929479111,6.354730088013446,circular
4,1100,700,221.14336571303977,-85,26.053745949214605,26.074956048612798,-85,1350,700,182.87482303592455,6.354730088013446,circular
5,1100,700,221.14336571303977,-85,26.067010357935978,26.011117049096303,-85,1350,700,189.229553123938,6.354730088013446,circular
6,1100,700,221.14336571303977,-85,25.859665714847075,25.7492610641292,-85,1350,700,195.58428321195143,6.354730088013446,circular
7,1100,700,221.14336571303977,-85,25.452908776355446,25.263344594616918,-85,1350,700,201.93901329996487,6.354730088013446,circular
8,1100,700,221.14336571303977,-85,24.788337040832293,24.332711411139446,-85,1350,700,208.2937433879783,6.354730088013446,circular
9,1100,700,221.14336571303977,-85,23.553218972269416,23.067302502757133,-85,1350,700,214.64847347599175,6.354730088013446,circular
10,1100,700,221.14336571303977,-85,21.81335663023087,20.97742610025735,-85,1350,700,221.0032035640052,6.354730088013446,circular
11,1100,700,221.14336571303977,-85,18.474304759512954,14.513447644213265,-85,1350,700,227.35793365201863,6.354730088013446,circular
12,1100,700,221.14336571303977,-85,-85,-85,-85,1350,700,233.71266374003207,6.354730088013446,circular
13,1100,700,221.14336571303977,-85,-85,-85,-85,1350,700,240.0673938280455,6.354730088013446,circular
14,1100,700,221.14336571303977,-85,-85,-85,-85,1350,700,246.42212391605895,6.354730088013446,circular
15,1100,700,221.14336571303977,-85,-85,-85,-85,1350,700,252.7768540040724,6.354730088013446,circular
16,1100,700,221.14336571303977,-85,-85,-85,-85,1350,700,259.13158409208586,6.354730088013446,circular
17,1100,700,221.14336571303977,-85,-85,-85,-85,1350,700,265.4863141800993,6.354730088013446,circular
18,1100,700,221.14336571303977,-85,-85,-85,-85,1350,700,271.8410442681128,6.354730088013446,circular
19,1100,700,221.14336571303977,-85,-85,-85,-85,1350,700,278.19577435612626,6.354730088013446,circular
20,1100,700,221.14336571303977,-85,-85,-85,-85,1350,700,284.55050444413973,6.354730088013446,circular
21,1100,700,221.14336571303977,-85,-85,-85,-85,1350,700,290.9052345321532,6.354730088013446,circular
22,1100,700,221.14336571303977,-85,-85,-85,-85,1350,700,297.25996462016667,6.354730088013446,circular
23,1100,700,221.14336571303977,-85,-85,-85,-85,1350,700,303.61469470818014,6.354730088013446,circular
24,1100,700,221.14336571303977,-85,-85,-85,-85,1350,700,309.9694247961936,6.354730088013446,circular
25,1100,700,221.14336571303977,-85,-85,-85,-85,1350,700,316.3241548842071,6.354730088013446,circular
26,1100,700,221.14336571303977,-85,-85,-85,-85,1350,700,322.67888497222054,6.354730088013446,circular
27,1100,700,221.14336571303977,-85,-85,-85,-85,1350,700,329.033615060234,6.354730088013446,circular
28,1100,700,221.14336571303977,-85,-85,-85,-85,1350,700,335.3883451482475,6.354730088013446,circular
29,1100,700,221.14336571303977,-85,-85,-85,-85,1350,700,341.74307523626095,6.354730088013446,circular
30,1100,700,221.14336571303977,-85,-85,-85,-85,1350,700,348.0978053242744,6.354730088013446,circular
31,1100,700,221.14336571303977,-85,-85,-85,-85,1350,700,354.4525354122879,6.354730088013446,circular
32,1100,700,221.14336571303977,-85,-85,-85,-85,1350,700,0.8072655003013551,6.354730088013446,circular
33,1100,700,221.14336571303977,-85,-85,-85,-85,1350,700,7.161995588314801,6.354730088013446,circular
34,1100,700,221.14336571303977,-85,-85,-85,-85,1350,700,13.516725676328248,6.354730088013446,circular
35,1100,700,221.14336571303977,-85,-85,-85,-85,1350,700,19.871455764341693,6.354730088013446,circular
36,1100,700,221.14336571303977,-85,-85,-85,-85,1350,700,26.22618585235514,6.354730088013446,circular
37,1100,700,221.14336571303977,-85,-85,-85,-85,1350,700,32.580915940368584,6.354730088013446,circular
38,1100,700,221.14336571303977,-85,-85,-85,-85,1350,700,38.93564602838203,6.354730088013446,circular
39,1100,700,221.14336571303977,-85,-85,-85,-85,1350,700,45.29037611639548,6.354730088013446,circular
40,1100,700,221.14336571303977,-85,-85,-85,-85,1350,700,51.645106204408926,6.354730088013446,circular
41,1100,700,221.14336571303977,-85,-85,-85,-85,1350,700,57.99983629242237,6.354730088013446,circular
42,1100,700,221.14336571303977,-85,-85,-85,-85,1350,700,64.35456638043581,6.354730088013446,circular
43,1100,700,221.14336571303977,-85,-85,-85,-85,1350,700,70.70929646844925,6.354730088013446,circular
44,1100,700,221.14336571303977,-85,-85,-85,-85,1350,700,77.0640265564627,6.354730088013446,circular
45,1100,700,221.14336571303977,-85,-85,-85,-85,1350,700,83.41875664447613,6.354730088013446,circular
46,1100,700,221.14336571303977,-85,-85,-85,-85,1350,700,89.77348673248957,6.354730088013446,circular
47,1100,700,221.14336571303977,-85,-85,-85,-85,1350,700,96.12821682050301,6.354730088013446,circular
48,1100,700,221.14336571303977,-85,-85,-85,-85,1350,700,102.48294690851645,6.354730088013446,circular
49,1100,700,221.14336571303977,-85,-85,-85,-85,1350,700,108.8376769965299,6.354730088013446,circular
50,1100,700,221.14336571303977,-85,-85,-85,-85,1350,700,115.19240708454333,6.354730088013446,circular
51,1100,700,221.14336571303977,-85,-85,-85,-85,1350,700,121.54713717255677,6.354730088013446,circular
52,1100,700,221.14336571303977,-85,-85,-85,-85,1350,700,127.90186726057021,6.354730088013446,circular
53,1100,700,221.14336571303977,-85,-85,-85,-85,1350,700,134.25659734858365,6.354730088013446,circular
54,1100,700,221.14336571303977,-85,-85,14.513447644213304,-85,1350,700,140.6113274365971,6.354730088013446,circular
55,1100,700,221.14336571303977,-85,19.25639156218217,20.48098321025059,-85,1350,700,146.96605752461053,6.354730088013446,circular
56,1100,700,221.14336571303977,-85,22.170735458799452,23.06730250275713,-85,1350,700,153.32078761262397,6.354730088013446,circular
57,1100,700,221.14336571303977,-85,23.971022246457757,24.33271141113945,-85,1350,700,159.6755177006374,6.354730088013446,circular
58,1100,700,221.14336571303977,-85,24.92014212493214,25.157178905256924,-85,1350,700,166.03024778865085,6.354730088013446,circular
59,1100,700,221.14336571303977,-85,25.536951728381826,25.7492610641292,-85,1350,700,172.3849778766643,6.354730088013446,circular
60,1100,700,221.14336571303977,-85,25.946643644493044,26.011117049096303,-85,1350,700,178.73970796467773,6.354730088013446,circular
61,1100,700,221.14336571303977,-85,26.074956048612798,26.074956048612798,-85,1350,700,185.09443805269117,6.354730088013446,circular
62,1100,700,221.14336571303977,-85,26.035130213615616,25.946643644493044,-85,1350,700,191.44916814070461,6.354730088013446,circular
63,1100,700,221.14336571303977,-85,25.7492610641292,25.614204328866276,-85,1350,700,197.80389822871805,6.354730088013446,circular
64,1100,700,221.14336571303977,-85,25.263344594616918,24.92014212493214,-85,1350,700,204.1586283167315,6.354730088013446,circular
65,1100,700,221.14336571303977,-85,24.495315191602927,23.97102224645776,-85,1350,700,210.51335840474493,6.354730088013446,circular
66,1100,700,221.14336571303977,-85,23.067302502757133,22.496022074683278,-85,1350,700,216.86808849275837,6.354730088013446,circular
67,1100,700,221.14336571303977,-85,20.97742610025735,19.25639156218219,-85,1350,700,223.22281858077181,6.354730088013446,circular
68,1100,700,221.14336571303977,-85,14.513447644213265,-85,-85,1350,700,229.57754866878525,6.354730088013446,circular
69,1100,700,221.14336571303977,-85,-85,-85,-85,1350,700,235.9322787567987,6.354730088013446,circular
70,1100,700,221.14336571303977,-85,-85,-85,-85,1350,700,242.28700884481214,6.354730088013446,circular
71,1100,700,221.14336571303977,-85,-85,-85,-85,1350,700,248.64173893282558,6.354730088013446,circular
72,1100,700,221.14336571303977,-85,-85,-85,-85,1350,700,254.99646902083902,6.354730088013446,circular
73,1100,700,221.14336571303977,-85,-85,-85,-85,1350,700,261.3511991088525,6.354730088013446,circular
74,1100,700,221.14336571303977,-85,-85,-85,-85,1350,700,267.70592919686595,6.354730088013446,circular
75,1100,700,221.14336571303977,-85,-85,-85,-85,1350,700,274.0606592848794,6.354730088013446,circular
76,1100,700,221.14336571303977,-85,-85,-85,-85,1350,700,280.4153893728929,6.354730088013446,circular
77,1100,700,221.14336571303977,-85,-85,-85,-85,1350,700,286.77011946090636,6.354730088013446,circular
78,1100,700,221.14336571303977,-85,-85,-85,-85,1350,700,293.1248495489198,6.354730088013446,circular
79,1100,700,221.14336571303977,-85,-85,-85,-85,1350,700,299.4795796369333,6.354730088013446,circular
80,1100,700,221.14336571303977,-85,-85,-85,-85,1350,700,305.83430972494676,6.354730088013446,circular
81,1100,700,221.14336571303977,-85,-85,-85,-85,1350,700,312.18903981296023,6.354730088013446,circular
82,1100,700,221.14336571303977,-85,-85,-85,-85,1350,700,318.5437699009737,6.354730088013446,circular
83,1100,700,221.14336571303977,-85,-85,-85,-85,1350,700,324.89849998898717,6.354730088013446,circular
84,1100,700,221.14336571303977,-85,-85,-85,-85,1350,700,331.25323007700064,6.354730088013446,circular
85,1100,700,221.14336571303977,-85,-85,-85,-85,1350,700,337.6079601650141,6.354730088013446,circular
86,1100,700,221.14336571303977,-85,-85,-85,-85,1350,700,343.9626902530276,6.354730088013446,circular
87,1100,700,221.14336571303977,-85,-85,-85,-85,1350,700,350.31742034104104,6.354730088013446,circular
88,1100,700,221.14336571303977,-85,-85,-85,-85,1350,700,356.6721504290545,6.354730088013446,circular
89,1100,700,221.14336571303977,-85,-85,-85,-85,1350,700,3.02688051706798,6.354730088013446,circular
90,1100,700,221.14336571303977,-85,-85,-85,-85,1350,700,9.381610605081427,6.354730088013446,circular
91,1100,700,221.14336571303977,-85,-85,-85,-85,1350,700,15.736340693094874,6.354730088013446,circular
92,1100,700,221.14336571303977,-85,-85,-85,-85,1350,700,22.09107078110832,6.354730088013446,circular
93,1100,700,221.14336571303977,-85,-85,-85,-85,1350,700,28.44580086912177,6.354730088013446,circular
94,1100,700,221.14336571303977,-85,-85,-85,-85,1350,700,34.800530957135216,6.354730088013446,circular
95,1100,700,221.14336571303977,-85,-85,-85,-85,1350,700,41.15526104514866,6.354730088013446,circular
96,1100,700,221.14336571303977,-85,-85,-85,-85,1350,700,47.50999113316211,6.354730088013446,circular
97,1100,700,221.14336571303977,-85,-85,-85,-85,1350,700,53.86472122117556,6.354730088013446,circular
98,1100,700,221.14336571303977,-85,-85,-85,-85,1350,700,60.219451309189004,6.354730088013446,circular
99,1100,700,221.14336571303977,-85,-85,-85,-85,1350,700,66.57418139720245,6.354730088013446,circular
100,1100,700,221.14336571303977,-85,-85,-85,-85,1350,700,72.92891148521589,6.354730088013446,circular
101,1100,700,221.14336571303977,-85,-85,-85,-85,1350,700,79.28364157322933,6.354730088013446,circular
102,1100,700,221.14336571303977,-85,-85,-85,-85,1350,700,85.63837166124277,6.354730088013446,circular
103,1100,700,221.14336571303977,-85,-85,-85,-85,1350,700,91.99310174925621,6.354730088013446,circular
104,1100,700,221.14336571303977,-85,-85,-85,-85,1350,700,98.34783183726965,6.354730088013446,circular
105,1100,700,221.14336571303977,-85,-85,-85,-85,1350,700,104.70256192528309,6.354730088013446,circular
106,1100,700,221.14336571303977,-85,-85,-85,-85,1350,700,111.05729201329653,6.354730088013446,circular
107,1100,700,221.14336571303977,-85,-85,-85,-85,1350,700,117.41202210130997,6.354730088013446,circular
108,1100,700,221.14336571303977,-85,-85,-85,-85,1350,700,123.76675218932341,6.354730088013446,circular
109,1100,700,221.14336571303977,-85,-85,-85,-85,1350,700,130.12148227733687,6.354730088013446,circular
110,1100,700,221.14336571303977,-85,-85,-85,-85,1350,700,136.4762123653503,6.354730088013446,circular
111,1100,700,221.14336571303977,-85,14.513447644213304,17.513155499392102,-85,1350,700,142.83094245336375,6.354730088013446,circular
112,1100,700,221.14336571303977,-85,20.48098321025059,21.813356630230874,-85,1350,700,149.1856725413772,6.354730088013446,circular
113,1100,700,221.14336571303977,-85,23.06730250275713,23.553218972269416,-85,1350,700,155.54040262939063,6.354730088013446,circular
114,1100,700,221.14336571303977,-85,24.33271141113945,24.646943359767004,-85,1350,700,161.89513271740407,6.354730088013446,circular
115,1100,700,221.14336571303977,-85,25.157178905256924,25.452908776355446,-85,1350,700,168.2498628054175,6.354730088013446,circular
116,1100,700,221.14336571303977,-85,25.7492610641292,25.859665714847075,-85,1350,700,174.60459289343095,6.354730088013446,circular
117,1100,700,221.14336571303977,-85,26.011117049096303,26.053745949214605,-85,1350,700,180.9593229814444,6.354730088013446,circular
118,1100,700,221.14336571303977,-85,26.077602459396946,26.053745949214605,-85,1350,700,187.31405306945783,6.354730088013446,circular
119,1100,700,221.14336571303977,-85,25.946643644493044,25.859665714847075,-85,1350,700,193.66878315747127,6.354730088013446,circular
120,1100,700,221.14336571303977,-85,25.614204328866276,25.452908776355446,-85,1350,700,200.0235132454847,6.354730088013446,circular
121,1100,700,221.14336571303977,-85,25.042923900792417,24.646943359767004,-85,1350,700,206.37824333349815,6.354730088013446,circular
122,1100,700,221.14336571303977,-85,23.97102224645776,23.553218972269416,-85,1350,700,212.7329734215116,6.354730088013446,circular
123,1100,700,221.14336571303977,-85,22.496022074683278,21.418119305852123,-85,1350,700,219.08770350952503,6.354730088013446,circular
124,1100,700,221.14336571303977,-85,19.914354227256315,17.51315549939211,-85,1350,700,225.44243359753847,6.354730088013446,circular
125,1100,700,221.14336571303977,-85,-85,-85,-85,1350,700,231.7971636855519,6.354730088013446,circular
126,1100,700,221.14336571303977,-85,-85,-85,-85,1350,700,238.15189377356535,6.354730088013446,circular
127,1100,700,221.14336571303977,-85,-85,-85,-85,1350,700,244.5066238615788,6.354730088013446,circular
128,1100,700,221.14336571303977,-85,-85,-85,-85,1350,700,250.86135394959223,6.354730088013446,circular
129,1100,700,221.14336571303977,-85,-85,-85,-85,1350,700,257.2160840376057,6.354730088013446,circular
130,1100,700,221.14336571303977,-85,-85,-85,-85,1350,700,263.57081412561917,6.354730088013446,circular
131,1100,700,221.14336571303977,-85,-85,-85,-85,1350,700,269.92554421363263,6.354730088013446,circular
132,1100,700,221.14336571303977,-85,-85,-85,-85,1350,700,276.2802743016461,6.354730088013446,circular
133,1100,700,221.14336571303977,-85,-85,-85,-85,1350,700,282.63500438965957,6.354730088013446,circular
134,1100,700,221.14336571303977,-85,-85,-85,-85,1350,700,288.98973447767304,6.354730088013446,circular
135,1100,700,221.14336571303977,-85,-85,-85,-85,1350,700,295.3444645656865,6.354730088013446,circular
136,1100,700,221.14336571303977,-85,-85,-85,-85,1350,700,301.6991946537,6.354730088013446,circular
137,1100,700,221.14336571303977,-85,-85,-85,-85,1350,700,308.05392474171344,6.354730088013446,circular
138,1100,700,221.14336571303977,-85,-85,-85,-85,1350,700,314.4086548297269,6.354730088013446,circular
139,1100,700,221.14336571303977,-85,-85,-85,-85,1350,700,320.7633849177404,6.354730088013446,circular
140,1100,700,221.14336571303977,-85,-85,-85,-85,1350,700,327.11811500575385,6.354730088013446,circular
141,1100,700,221.14336571303977,-85,-85,-85,-85,1350,700,333.4728450937673,6.354730088013446,circular
142,1100,700,221.14336571303977,-85,-85,-85,-85,1350,700,339.8275751817808,6.354730088013446,circular
143,1100,700,221.14336571303977,-85,-85,-85,-85,1350,700,346.18230526979426,6.354730088013446,circular
144,1100,700,221.14336571303977,-85,-85,-85,-85,1350,700,352.5370353578077,6.354730088013446,circular
145,1100,700,221.14336571303977,-85,-85,-85,-85,1350,700,358.8917654458212,6.354730088013446,circular
146,1100,700,221.14336571303977,-85,-85,-85,-85,1350,700,5.246495533834661,6.354730088013446,circular
147,1100,700,221.14336571303977,-85,-85,-85,-85,1350,700,11.601225621848108,6.354730088013446,circular
148,1100,700,221.14336571303977,-85,-85,-85,-85,1350,700,17.955955709861556,6.354730088013446,circular
149,1100,700,221.14336571303977,-85,-85,-85,-85,1350,700,24.310685797875003,6.354730088013446,circular
150,1100,700,221.14336571303977,-85,-85,-85,-85,1350,700,30.66541588588845,6.354730088013446,circular
151,1100,700,221.14336571303977,-85,-85,-85,-85,1350,700,37.0201459739019,6.354730088013446,circular
152,1100,700,221.14336571303977,-85,-85,-85,-85,1350,700,43.374876061915344,6.354730088013446,circular
153,1100,700,221.14336571303977,-85,-85,-85,-85,1350,700,49.72960614992879,6.354730088013446,circular
154,1100,700,221.14336571303977,-85,-85,-85,-85,1350,700,56.08433623794224,6.354730088013446,circular
155,1100,700,221.14336571303977,-85,-85,-85,-85,1350,700,62.439066325955686,6.354730088013446,circular
156,1100,700,221.14336571303977,-85,-85,-85,-85,1350,700,68.79379641396913,6.354730088013446,circular
157,1100,700,221.14336571303977,-85,-85,-85,-85,1350,700,75.14852650198257,6.354730088013446,circular
158,1100,700,221.14336571303977,-85,-85,-85,-85,1350,700,81.50325658999601,6.354730088013446,circular
159,1100,700,221.14336571303977,-85,-85,-85,-85,1350,700,87.85798667800945,6.354730088013446,circular
160,1100,700,221.14336571303977,-85,-85,-85,-85,1350,700,94.2127167660229,6.354730088013446,circular
161,1100,700,221.14336571303977,-85,-85,-85,-85,1350,700,100.56744685403633,6.354730088013446,circular
162,1100,700,221.14336571303977,-85,-85,-85,-85,1350,700,106.92217694204977,6.354730088013446,circular
163,1100,700,221.14336571303977,-85,-85,-85,-85,1350,700,113.27690703006321,6.354730088013446,circular
164,1100,700,221.14336571303977,-85,-85,-85,-85,1350,700,119.63163711807665,6.354730088013446,circular
165,1100,700,221.14336571303977,-85,-85,-85,-85,1350,700,125.9863672060901,6.354730088013446,circular
166,1100,700,221.14336571303977,-85,-85,-85,-85,1350,700,132.34109729410355,6.354730088013446,circular
167,1100,700,221.14336571303977,-85,-85,-85,-85,1350,700,138.695827382117,6.354730088013446,circular
168,1100,700,221.14336571303977,-85,17.513155499392102,19.25639156218217,-85,1350,700,145.05055747013043,6.354730088013446,circular
169,1100,700,221.14336571303977,-85,21.41811930585211,22.496022074683278,-85,1350,700,151.40528755814387,6.354730088013446,circular
170,1100,700,221.14336571303977,-85,23.553218972269416,23.971022246457757,-85,1350,700,157.7600176461573,6.354730088013446,circular
171,1100,700,221.14336571303977,-85,24.646943359767004,25.042923900792417,-85,1350,700,164.11474773417075,6.354730088013446,circular
172,1100,700,221.14336571303977,-85,25.36180729449956,25.614204328866276,-85,1350,700,170.4694778221842,6.354730088013446,circular
173,1100,700,221.14336571303977,-85,25.859665714847075,25.946643644493044,-85,1350,700,176.82420791019763,6.354730088013446,circular
174,1100,700,221.14336571303977,-85,26.053745949214605,26.077602459396946,-85,1350,700,183.17893799821107,6.354730088013446,circular
175,1100,700,221.14336571303977,-85,26.053745949214605,26.011117049096303,-85,1350,700,189.5336680862245,6.354730088013446,circular
176,1100,700,221.14336571303977,-85,25.859665714847075,25.7492610641292,-85,1350,700,195.88839817423795,6.354730088013446,circular
177,1100,700,221.14336571303977,-85,25.452908776355446,25.157178905256924,-85,1350,700,202.2431282622514,6.354730088013446,circular
178,1100,700,221.14336571303977,-85,24.646943359767004,24.332711411139446,-85,1350,700,208.59785835026483,6.354730088013446,circular
179,1100,700,221.14336571303977,-85,23.553218972269416,23.067302502757133,-85,1350,700,214.95258843827827,6.354730088013446,circular
180,1100,700,221.14336571303977,-85,21.81335663023087,20.48098321025059,-85,1350,700,221.3073185262917,6.354730088013446,circular
181,1100,700,221.14336571303977,-85,17.51315549939211,14.513447644213265,-85,1350,700,227.66204861430515,6.354730088013446,circular
182,1100,700,221.14336571303977,-85,-85,-85,-85,1350,700,234.0167787023186,6.354730088013446,circular
183,1100,700,221.14336571303977,-85,-85,-85,-85,1350,700,240.37150879033203,6.354730088013446,circular
184,1100,700,221.14336571303977,-85,-85,-85,-85,1350,700,246.72623887834547,6.354730088013446,circular
185,1100,700,221.14336571303977,-85,-85,-85,-85,1350,700,253.0809689663589,6.354730088013446,circular
186,1100,700,221.14336571303977,-85,-85,-85,-85,1350,700,259.4356990543724,6.354730088013446,circular
187,1100,700,221.14336571303977,-85,-85,-85,-85,1350,700,265.79042914238585,6.354730088013446,circular
188,1100,700,221.14336571303977,-85,-85,-85,-85,1350,700,272.1451592303993,6.354730088013446,circular
189,1100,700,221.14336571303977,-85,-85,-85,-85,1350,700,278.4998893184128,6.354730088013446,circular
190,1100,700,221.14336571303977,-85,-85,-85,-85,1350,700,284.85461940642625,6.354730088013446,circular
191,1100,700,221.14336571303977,-85,-85,-85,-85,1350,700,291.2093494944397,6.354730088013446,circular
192,1100,700,221.14336571303977,-85,-85,-85,-85,1350,700,297.5640795824532,6.354730088013446,circular
193,1100,700,221.14336571303977,-85,-85,-85,-85,1350,700,303.91880967046666,6.354730088013446,circular
194,1100,700,221.14336571303977,-85,-85,-85,-85,1350,700,310.2735397584801,6.354730088013446,circular
195,1100,700,221.14336571303977,-85,-85,-85,-85,1350,700,316.6282698464936,6.354730088013446,circular
196,1100,700,221.14336571303977,-85,-85,-85,-85,1350,700,322.98299993450706,6.354730088013446,circular
197,1100,700,221.14336571303977,-85,-85,-85,-85,1350,700,329.33773002252053,6.354730088013446,circular
198,1100,700,221.14336571303977,-85,-85,-85,-85,1350,700,335.692460110534,6.354730088013446,circular
199,1100,700,221.14336571303977,-85,-85,-85,-85,1350,700,342.04719019854747,6.354730088013446,circular
200,1100,700,221.14336571303977,-85,-85,-85,-85,1350,700,348.40192028656094,6.354730088013446,circular
201,1100,700,221.14336571303977,-85,-85,-85,-85,1350,700,354.7566503745744,6.354730088013446,circular
202,1100,700,221.14336571303977,-85,-85,-85,-85,1350,700,1.1113804625878743,6.354730088013446,circular
203,1100,700,221.14336571303977,-85,-85,-85,-85,1350,700,7.466110550601321,6.354730088013446,circular
204,1100,700,221.14336571303977,-85,-85,-85,-85,1350,700,13.820840638614767,6.354730088013446,circular
205,1100,700,221.14336571303977,-85,-85,-85,-85,1350,700,20.175570726628212,6.354730088013446,circular
206,1100,700,221.14336571303977,-85,-85,-85,-85,1350,700,26.53030081464166,6.354730088013446,circular
207,1100,700,221.14336571303977,-85,-85,-85,-85,1350,700,32.8850309026551,6.354730088013446,circular
208,1100,700,221.14336571303977,-85,-85,-85,-85,1350,700,39.23976099066855,6.354730088013446,circular
209,1100,700,221.14336571303977,-85,-85,-85,-85,1350,700,45.594491078682,6.354730088013446,circular
210,1100,700,221.14336571303977,-85,-85,-85,-85,1350,700,51.949221166695445,6.354730088013446,circular
211,1100,700,221.14336571303977,-85,-85,-85,-85,1350,700,58.30395125470889,6.354730088013446,circular
212,1100,700,221.14336571303977,-85,-85,-85,-85,1350,700,64.65868134272233,6.354730088013446,circular
213,1100,700,221.14336571303977,-85,-85,-85,-85,1350,700,71.01341143073577,6.354730088013446,circular
214,1100,700,221.14336571303977,-85,-85,-85,-85,1350,700,77.36814151874921,6.354730088013446,circular
215,1100,700,221.14336571303977,-85,-85,-85,-85,1350,700,83.72287160676265,6.354730088013446,circular
216,1100,700,221.14336571303977,-85,-85,-85,-85,1350,700,90.07760169477609,6.354730088013446,circular
217,1100,700,221.14336571303977,-85,-85,-85,-85,1350,700,96.43233178278953,6.354730088013446,circular
218,1100,700,221.14336571303977,-85,-85,-85,-85,1350,700,102.78706187080297,6.354730088013446,circular
219,1100,700,221.14336571303977,-85,-85,-85,-85,1350,700,109.14179195881641,6.354730088013446,circular
220,1100,700,221.14336571303977,-85,-85,-85,-85,1350,700,115.49652204682985,6.354730088013446,circular
221,1100,700,221.14336571303977,-85,-85,-85,-85,1350,700,121.85125213484329,6.354730088013446,circular
222,1100,700,221.14336571303977,-85,-85,-85,-85,1350,700,128.20598222285673,6.354730088013446,circular
223,1100,700,221.14336571303977,-85,-85,-85,-85,1350,700,134.56071231087017,6.354730088013446,circular
224,1100,700,221.14336571303977,-85,-85,14.513447644213304,-85,1350,700,140.9154423988836,6.354730088013446,circular
225,1100,700,221.14336571303977,-85,19.25639156218217,20.97742610025734,-85,1350,700,147.27017248689705,6.354730088013446,circular
226,1100,700,221.14336571303977,-85,22.496022074683278,23.06730250275713,-85,1350,700,153.6249025749105,6.354730088013446,circular
227,1100,700,221.14336571303977,-85,23.971022246457757,24.33271141113945,-85,1350,700,159.97963266292393,6.354730088013446,circular
228,1100,700,221.14336571303977,-85,24.92014212493214,25.26334459461691,-85,1350,700,166.33436275093737,6.354730088013446,circular
229,1100,700,221.14336571303977,-85,25.614204328866276,25.7492610641292,-85,1350,700,172.6890928389508,6.354730088013446,circular
230,1100,700,221.14336571303977,-85,25.946643644493044,26.011117049096303,-85,1350,700,179.04382292696425,6.354730088013446,circular
231,1100,700,221.14336571303977,-85,26.074956048612798,26.074956048612798,-85,1350,700,185.3985530149777,6.354730088013446,circular
232,1100,700,221.14336571303977,-85,26.011117049096303,25.946643644493044,-85,1350,700,191.75328310299113,6.354730088013446,circular
233,1100,700,221.14336571303977,-85,25.7492610641292,25.536951728381826,-85,1350,700,198.10801319100457,6.354730088013446,circular
234,1100,700,221.14336571303977,-85,25.263344594616918,24.92014212493214,-85,1350,700,204.462743279018,6.354730088013446,circular
235,1100,700,221.14336571303977,-85,24.332711411139446,23.97102224645776,-85,1350,700,210.81747336703145,6.354730088013446,circular
236,1100,700,221.14336571303977,-85,23.067302502757133,22.170735458799452,-85,1350,700,217.1722034550449,6.354730088013446,circular
237,1100,700,221.14336571303977,-85,20.48098321025059,19.25639156218219,-85,1350,700,223.52693354305833,6.354730088013446,circular
238,1100,700,221.14336571303977,-85,14.513447644213265,-85,-85,1350,700,229.88166363107177,6.354730088013446,circular
239,1100,700,221.14336571303977,-85,-85,-85,-85,1350,700,236.2363937190852,6.354730088013446,circular
240,1100,700,221.14336571303977,-85,-85,-85,-85,1350,700,242.59112380709865,6.354730088013446,circular
241,1100,700,221.14336571303977,-85,-85,-85,-85,1350,700,248.9458538951121,6.354730088013446,circular
242,1100,700,221.14336571303977,-85,-85,-85,-85,1350,700,255.30058398312553,6.354730088013446,circular
243,1100,700,221.14336571303977,-85,-85,-85,-85,1350,700,261.655314071139,6.354730088013446,circular
244,1100,700,221.14336571303977,-85,-85,-85,-85,1350,700,268.01004415915247,6.354730088013446,circular
245,1100,700,221.14336571303977,-85,-85,-85,-85,1350,700,274.36477424716594,6.354730088013446,circular
246,1100,700,221.14336571303977,-85,-85,-85,-85,1350,700,280.7195043351794,6.354730088013446,circular
247,1100,700,221.14336571303977,-85,-85,-85,-85,1350,700,287.0742344231929,6.354730088013446,circular
248,1100,700,221.14336571303977,-85,-85,-85,-85,1350,700,293.42896451120635,6.354730088013446,circular
249,1100,700,221.14336571303977,-85,-85,-85,-85,1350,700,299.7836945992198,6.354730088013446,circular
250,1100,700,221.14336571303977,-85,-85,-85,-85,1350,700,306.1384246872333,6.354730088013446,circular
251,1100,700,221.14336571303977,-85,-85,-85,-85,1350,700,312.49315477524675,6.354730088013446,circular
252,1100,700,221.14336571303977,-85,-85,-85,-85,1350,700,318.8478848632602,6.354730088013446,circular
253,1100,700,221.14336571303977,-85,-85,-85,-85,1350,700,325.2026149512737,6.354730088013446,circular
254,1100,700,221.14336571303977,-85,-85,-85,-85,1350,700,331.55734503928716,6.354730088013446,circular
255,1100,700,221.14336571303977,-85,-85,-85,-85,1350,700,337.9120751273006,6.354730088013446,circular
256,1100,700,221.14336571303977,-85,-85,-85,-85,1350,700,344.2668052153141,6.354730088013446,circular
257,1100,700,221.14336571303977,-85,-85,-85,-85,1350,700,350.62153530332756,6.354730088013446,circular
258,1100,700,221.14336571303977,-85,-85,-85,-85,1350,700,356.97626539134103,6.354730088013446,circular
259,1100,700,221.14336571303977,-85,-85,-85,-85,1350,700,3.330995479354499,6.354730088013446,circular
260,1100,700,221.14336571303977,-85,-85,-85,-85,1350,700,9.685725567367946,6.354730088013446,circular
261,1100,700,221.14336571303977,-85,-85,-85,-85,1350,700,16.040455655381393,6.354730088013446,circular
262,1100,700,221.14336571303977,-85,-85,-85,-85,1350,700,22.39518574339484,6.354730088013446,circular
263,1100,700,221.14336571303977,-85,-85,-85,-85,1350,700,28.749915831408288,6.354730088013446,circular
264,1100,700,221.14336571303977,-85,-85,-85,-85,1350,700,35.104645919421735,6.354730088013446,circular
265,1100,700,221.14336571303977,-85,-85,-85,-85,1350,700,41.45937600743518,6.354730088013446,circular
266,1100,700,221.14336571303977,-85,-85,-85,-85,1350,700,47.81410609544863,6.354730088013446,circular
267,1100,700,221.14336571303977,-85,-85,-85,-85,1350,700,54.168836183462076,6.354730088013446,circular
268,1100,700,221.14336571303977,-85,-85,-85,-85,1350,700,60.523566271475524,6.354730088013446,circular
269,1100,700,221.14336571303977,-85,-85,-85,-85,1350,700,66.87829635948897,6.354730088013446,circular
270,1100,700,221.14336571303977,-85,-85,-85,-85,1350,700,73.23302644750241,6.354730088013446,circular
271,1100,700,221.14336571303977,-85,-85,-85,-85,1350,700,79.58775653551585,6.354730088013446,circular
272,1100,700,221.14336571303977,-85,-85,-85,-85,1350,700,85.94248662352929,6.354730088013446,circular
273,1100,700,221.14336571303977,-85,-85,-85,-85,1350,700,92.29721671154273,6.354730088013446,circular
274,1100,700,221.14336571303977,-85,-85,-85,-85,1350,700,98.65194679955617,6.354730088013446,circular
275,1100,700,221.14336571303977,-85,-85,-85,-85,1350,700,105.00667688756961,6.354730088013446,circular
276,1100,700,221.14336571303977,-85,-85,-85,-85,1350,700,111.36140697558305,6.354730088013446,circular
277,1100,700,221.14336571303977,-85,-85,-85,-85,1350,700,117.71613706359649,6.354730088013446,circular
278,1100,700,221.14336571303977,-85,-85,-85,-85,1350,700,124.07086715160993,6.354730088013446,circular
279,1100,700,221.14336571303977,-85,-85,-85,-85,1350,700,130.4255972396234,6.354730088013446,circular
280,1100,700,221.14336571303977,-85,-85,-85,-85,1350,700,136.78032732763683,6.354730088013446,circular
281,1100,700,221.14336571303977,-85,14.513447644213304,18.47430475951294,-85,1350,700,143.13505741565027,6.354730088013446,circular
282,1100,700,221.14336571303977,-85,20.48098321025059,21.813356630230874,-85,1350,700,149.4897875036637,6.354730088013446,circular
283,1100,700,221.14336571303977,-85,23.06730250275713,23.553218972269416,-85,1350,700,155.84451759167715,6.354730088013446,circular
284,1100,700,221.14336571303977,-85,24.33271141113945,24.78833704083229,-85,1350,700,162.1992476796906,6.354730088013446,circular
285,1100,700,221.14336571303977,-85,25.26334459461691,25.452908776355446,-85,1350,700,168.55397776770403,6.354730088013446,circular
286,1100,700,221.14336571303977,-85,25.7492610641292,25.859665714847075,-85,1350,700,174.90870785571747,6.354730088013446,circular
287,1100,700,221.14336571303977,-85,26.011117049096303,26.067010357935978,-85,1350,700,181.2634379437309,6.354730088013446,circular
288,1100,700,221.14336571303977,-85,26.074956048612798,26.053745949214605,-85,1350,700,187.61816803174435,6.354730088013446,circular
289,1100,700,221.14336571303977,-85,25.946643644493044,25.859665714847075,-85,1350,700,193.9728981197578,6.354730088013446,circular
290,1100,700,221.14336571303977,-85,25.614204328866276,25.361807294499556,-85,1350,700,200.32762820777123,6.354730088013446,circular
291,1100,700,221.14336571303977,-85,24.92014212493214,24.646943359767004,-85,1350,700,206.68235829578467,6.354730088013446,circular
292,1100,700,221.14336571303977,-85,23.97102224645776,23.553218972269416,-85,1350,700,213.0370883837981,6.354730088013446,circular
293,1100,700,221.14336571303977,-85,22.496022074683278,21.418119305852123,-85,1350,700,219.39181847181155,6.354730088013446,circular
294,1100,700,221.14336571303977,-85,19.25639156218219,17.51315549939211,-85,1350,700,225.746548559825,6.354730088013446,circular
295,1100,700,221.14336571303977,-85,-85,-85,-85,1350,700,232.10127864783843,6.354730088013446,circular
296,1100,700,221.14336571303977,-85,-85,-85,-85,1350,700,238.45600873585187,6.354730088013446,circular
297,1100,700,221.14336571303977,-85,-85,-85,-85,1350,700,244.8107388238653,6.354730088013446,circular
298,1100,700,221.14336571303977,-85,-85,-85,-85,1350,700,251.16546891187875,6.354730088013446,circular
299,1100,700,221.14336571303977,-85,-85,-85,-85,1350,700,257.5201989998922,6.354730088013446,circular
300,1100,700,221.14336571303977,-85,-85,-85,-85,1350,700,263.8749290879057,6.354730088013446,circular
301,1100,700,221.14336571303977,-85,-85,-85,-85,1350,700,270.22965917591915,6.354730088013446,circular
302,1100,700,221.14336571303977,-85,-85,-85,-85,1350,700,276.5843892639326,6.354730088013446,circular
303,1100,700,221.14336571303977,-85,-85,-85,-85,1350,700,282.9391193519461,6.354730088013446,circular
304,1100,700,221.14336571303977,-85,-85,-85,-85,1350,700,289.29384943995956,6.354730088013446,circular
305,1100,700,221.14336571303977,-85,-85,-85,-85,1350,700,295.648579527973,6.354730088013446,circular
306,1100,700,221.14336571303977,-85,-85,-85,-85,1350,700,302.0033096159865,6.354730088013446,circular
307,1100,700,221.14336571303977,-85,-85,-85,-85,1350,700,308.35803970399996,6.354730088013446,circular
308,1100,700,221.14336571303977,-85,-85,-85,-85,1350,700,314.71276979201343,6.354730088013446,circular
309,1100,700,221.14336571303977,-85,-85,-85,-85,1350,700,321.0674998800269,6.354730088013446,circular
310,1100,700,221.14336571303977,-85,-85,-85,-85,1350,700,327.42222996804037,6.354730088013446,circular
311,1100,700,221.14336571303977,-85,-85,-85,-85,1350,700,333.77696005605384,6.354730088013446,circular
312,1100,700,221.14336571303977,-85,-85,-85,-85,1350,700,340.1316901440673,6.354730088013446,circular
313,1100,700,221.14336571303977,-85,-85,-85,-85,1350,700,346.4864202320808,6.354730088013446,circular
314,1100,700,221.14336571303977,-85,-85,-85,-85,1350,700,352.84115032009424,6.354730088013446,circular
315,1100,700,221.14336571303977,-85,-85,-85,-85,1350,700,359.1958804081077,6.354730088013446,circular
316,1100,700,221.14336571303977,-85,-85,-85,-85,1350,700,5.55061049612118,6.354730088013446,circular
317,1100,700,221.14336571303977,-85,-85,-85,-85,1350,700,11.905340584134628,6.354730088013446,circular
318,1100,700,221.14336571303977,-85,-85,-85,-85,1350,700,18.260070672148075,6.354730088013446,circular
319,1100,700,221.14336571303977,-85,-85,-85,-85,1350,700,24.614800760161522,6.354730088013446,circular
320,1100,700,221.14336571303977,-85,-85,-85,-85,1350,700,30.96953084817497,6.354730088013446,circular
321,1100,700,221.14336571303977,-85,-85,-85,-85,1350,700,37.324260936188416,6.354730088013446,circular
322,1100,700,221.14336571303977,-85,-85,-85,-85,1350,700,43.67899102420186,6.354730088013446,circular
323,1100,700,221.14336571303977,-85,-85,-85,-85,1350,700,50.03372111221531,6.354730088013446,circular
324,1100,700,221.14336571303977,-85,-85,-85,-85,1350,700,56.38845120022876,6.354730088013446,circular
325,1100,700,221.14336571303977,-85,-85,-85,-85,1350,700,62.743181288242205,6.354730088013446,circular
326,1100,700,221.14336571303977,-85,-85,-85,-85,1350,700,69.09791137625565,6.354730088013446,circular
327,1100,700,221.14336571303977,-85,-85,-85,-85,1350,700,75.45264146426909,6.354730088013446,circular
328,1100,700,221.14336571303977,-85,-85,-85,-85,1350,700,81.80737155228253,6.354730088013446,circular
329,1100,700,221.14336571303977,-85,-85,-85,-85,1350,700,88.16210164029597,6.354730088013446,circular
330,1100,700,221.14336571303977,-85,-85,-85,-85,1350,700,94.51683172830941,6.354730088013446,circular
331,1100,700,221.14336571303977,-85,-85,-85,-85,1350,700,100.87156181632285,6.354730088013446,circular
332,1100,700,221.14336571303977,-85,-85,-85,-85,1350,700,107.22629190433629,6.354730088013446,circular
333,1100,700,221.14336571303977,-85,-85,-85,-85,1350,700,113.58102199234973,6.354730088013446,circular
334,1100,700,221.14336571303977,-85,-85,-85,-85,1350,700,119.93575208036317,6.354730088013446,circular
335,1100,700,221.14336571303977,-85,-85,-85,-85,1350,700,126.29048216837661,6.354730088013446,circular
336,1100,700,221.14336571303977,-85,-85,-85,-85,1350,700,132.64521225639007,6.354730088013446,circular
337,1100,700,221.14336571303977,-85,-85,-85,-85,1350,700,138.9999423444035,6.354730088013446,circular
338,1100,700,221.14336571303977,-85,17.513155499392102,19.91435422725632,-85,1350,700,145.35467243241695,6.354730088013446,circular
339,1100,700,221.14336571303977,-85,21.813356630230874,22.496022074683278,-85,1350,700,151.7094025204304,6.354730088013446,circular
340,1100,700,221.14336571303977,-85,23.553218972269416,24.1582774269213,-85,1350,700,158.06413260844383,6.354730088013446,circular
341,1100,700,221.14336571303977,-85,24.646943359767004,25.042923900792417,-85,1350,700,164.41886269645727,6.354730088013446,circular
342,1100,700,221.14336571303977,-85,25.452908776355446,25.614204328866276,-85,1350,700,170.7735927844707,6.354730088013446,circular
343,1100,700,221.14336571303977,-85,25.859665714847075,25.9816463993744,-85,1350,700,177.12832287248415,6.354730088013446,circular
344,1100,700,221.14336571303977,-85,26.053745949214605,26.077602459396946,-85,1350,700,183.4830529604976,6.354730088013446,circular
345,1100,700,221.14336571303977,-85,26.053745949214605,26.011117049096303,-85,1350,700,189.83778304851103,6.354730088013446,circular
346,1100,700,221.14336571303977,-85,25.859665714847075,25.684904084789977,-85,1350,700,196.19251313652447,6.354730088013446,circular
347,1100,700,221.14336571303977,-85,25.361807294499556,25.157178905256924,-85,1350,700,202.5472432245379,6.354730088013446,circular
348,1100,700,221.14336571303977,-85,24.646943359767004,24.332711411139446,-85,1350,700,208.90197331255135,6.354730088013446,circular
349,1100,700,221.14336571303977,-85,23.553218972269416,22.793695368992225,-85,1350,700,215.2567034005648,6.354730088013446,circular
350,1100,700,221.14336571303977,-85,21.418119305852123,20.48098321025059,-85,1350,700,221.61143348857823,6.354730088013446,circular
351,1100,700,221.14336571303977,-85,17.51315549939211,14.513447644213265,-85,1350,700,227.96616357659167,6.354730088013446,circular
352,1100,700,221.14336571303977,-85,-85,-85,-85,1350,700,234.3208936646051,6.354730088013446,circular
353,1100,700,221.14336571303977,-85,-85,-85,-85,1350,700,240.67562375261855,6.354730088013446,circular
354,1100,700,221.14336571303977,-85,-85,-85,-85,1350,700,247.030353840632,6.354730088013446,circular
355,1100,700,221.14336571303977,-85,-85,-85,-85,1350,700,253.38508392864543,6.354730088013446,circular
356,1100,700,221.14336571303977,-85,-85,-85,-85,1350,700,259.7398140166589,6.354730088013446,circular
357,1100,700,221.14336571303977,-85,-85,-85,-85,1350,700,266.09454410467237,6.354730088013446,circular
358,1100,700,221.14336571303977,-85,-85,-85,-85,1350,700,272.44927419268583,6.354730088013446,circular
359,1100,700,221.14336571303977,-85,-85,-85,-85,1350,700,278.8040042806993,6.354730088013446,circular
360,1100,700,221.14336571303977,-85,-85,-85,-85,1350,700,285.15873436871277,6.354730088013446,circular
361,1100,700,221.14336571303977,-85,-85,-85,-85,1350,700,291.51346445672624,6.354730088013446,circular
362,1100,700,221.14336571303977,-85,-85,-85,-85,1350,700,297.8681945447397,6.354730088013446,circular
363,1100,700,221.14336571303977,-85,-85,-85,-85,1350,700,304.2229246327532,6.354730088013446,circular
364,1100,700,221.14336571303977,-85,-85,-85,-85,1350,700,310.57765472076665,6.354730088013446,circular
365,1100,700,221.14336571303977,-85,-85,-85,-85,1350,700,316.9323848087801,6.354730088013446,circular
366,1100,700,221.14336571303977,-85,-85,-85,-85,1350,700,323.2871148967936,6.354730088013446,circular
367,1100,700,221.14336571303977,-85,-85,-85,-85,1350,700,329.64184498480705,6.354730088013446,circular
368,1100,700,221.14336571303977,-85,-85,-85,-85,1350,700,335.9965750728205,6.354730088013446,circular
369,1100,700,221.14336571303977,-85,-85,-85,-85,1350,700,342.351305160834,6.354730088013446,circular
370,1100,700,221.14336571303977,-85,-85,-85,-85,1350,700,348.70603524884746,6.354730088013446,circular
371,1100,700,221.14336571303977,-85,-85,-85,-85,1350,700,355.0607653368609,6.354730088013446,circular
372,1100,700,221.14336571303977,-85,-85,-85,-85,1350,700,1.4154954248743934,6.354730088013446,circular
373,1100,700,221.14336571303977,-85,-85,-85,-85,1350,700,7.77022551288784,6.354730088013446,circular
374,1100,700,221.14336571303977,-85,-85,-85,-85,1350,700,14.124955600901286,6.354730088013446,circular
375,1100,700,221.14336571303977,-85,-85,-85,-85,1350,700,20.47968568891473,6.354730088013446,circular
376,1100,700,221.14336571303977,-85,-85,-85,-85,1350,700,26.83441577692818,6.354730088013446,circular
377,1100,700,221.14336571303977,-85,-85,-85,-85,1350,700,33.18914586494162,6.354730088013446,circular
378,1100,700,221.14336571303977,-85,-85,-85,-85,1350,700,39.54387595295507,6.354730088013446,circular
379,1100,700,221.14336571303977,-85,-85,-85,-85,1350,700,45.89860604096852,6.354730088013446,circular
380,1100,700,221.14336571303977,-85,-85,-85,-85,1350,700,52.253336128981964,6.354730088013446,circular
381,1100,700,221.14336571303977,-85,-85,-85,-85,1350,700,58.60806621699541,6.354730088013446,circular
382,1100,700,221.14336571303977,-85,-85,-85,-85,1350,700,64.96279630500885,6.354730088013446,circular
383,1100,700,221.14336571303977,-85,-85,-85,-85,1350,700,71.31752639302229,6.354730088013446,circular
384,1100,700,221.14336571303977,-85,-85,-85,-85,1350,700,77.67225648103573,6.354730088013446,circular
385,1100,700,221.14336571303977,-85,-85,-85,-85,1350,700,84.02698656904917,6.354730088013446,circular
386,1100,700,221.14336571303977,-85,-85,-85,-85,1350,700,90.38171665706261,6.354730088013446,circular
387,1100,700,221.14336571303977,-85,-85,-85,-85,1350,700,96.73644674507605,6.354730088013446,circular
388,1100,700,221.14336571303977,-85,-85,-85,-85,1350,700,103.09117683308949,6.354730088013446,circular
389,1100,700,221.14336571303977,-85,-85,-85,-85,1350,700,109.44590692110293,6.354730088013446,circular
390,1100,700,221.14336571303977,-85,-85,-85,-85,1350,700,115.80063700911637,6.354730088013446,circular
391,1100,700,221.14336571303977,-85,-85,-85,-85,1350,700,122.15536709712981,6.354730088013446,circular
392,1100,700,221.14336571303977,-85,-85,-85,-85,1350,700,128.51009718514325,6.354730088013446,circular
393,1100,700,221.14336571303977,-85,-85,-85,-85,1350,700,134.8648272731567,6.354730088013446,circular
394,1100,700,221.14336571303977,-85,-85,16.269948115724727,-85,1350,700,141.21955736117013,6.354730088013446,circular
395,1100,700,221.14336571303977,-85,19.91435422725632,20.97742610025734,-85,1350,700,147.57428744918357,6.354730088013446,circular
396,1100,700,221.14336571303977,-85,22.496022074683278,23.06730250275713,-85,1350,700,153.929017537197,6.354730088013446,circular
397,1100,700,221.14336571303977,-85,23.971022246457757,24.495315191602927,-85,1350,700,160.28374762521045,6.354730088013446,circular
398,1100,700,221.14336571303977,-85,25.042923900792417,25.26334459461691,-85,1350,700,166.6384777132239,6.354730088013446,circular
399,1100,700,221.14336571303977,-85,25.614204328866276,25.7492610641292,-85,1350,700,172.99320780123733,6.354730088013446,circular
400,1100,700,221.14336571303977,-85,25.946643644493044,26.035130213615616,-85,1350,700,179.34793788925077,6.354730088013446,circular
401,1100,700,221.14336571303977,-85,26.077602459396946,26.074956048612798,-85,1350,700,185.7026679772642,6.354730088013446,circular
402,1100,700,221.14336571303977,-85,26.011117049096303,25.946643644493044,-85,1350,700,192.05739806527765,6.354730088013446,circular
403,1100,700,221.14336571303977,-85,25.7492610641292,25.536951728381826,-85,1350,700,198.4121281532911,6.354730088013446,circular
404,1100,700,221.14336571303977,-85,25.157178905256924,24.92014212493214,-85,1350,700,204.76685824130453,6.354730088013446,circular
405,1100,700,221.14336571303977,-85,24.332711411139446,23.769789312347285,-85,1350,700,211.12158832931797,6.354730088013446,circular
406,1100,700,221.14336571303977,-85,23.067302502757133,22.170735458799452,-85,1350,700,217.4763184173314,6.354730088013446,circular
407,1100,700,221.14336571303977,-85,20.48098321025059,19.25639156218219,-85,1350,700,223.83104850534485,6.354730088013446,circular
408,1100,700,221.14336571303977,-85,14.513447644213265,-85,-85,1350,700,230.1857785933583,6.354730088013446,circular
409,1100,700,221.14336571303977,-85,-85,-85,-85,1350,700,236.54050868137173,6.354730088013446,circular
410,1100,700,221.14336571303977,-85,-85,-85,-85,1350,700,242.89523876938517,6.354730088013446,circular
411,1100,700,221.14336571303977,-85,-85,-85,-85,1350,700,249.2499688573986,6.354730088013446,circular
412,1100,700,221.14336571303977,-85,-85,-85,-85,1350,700,255.60469894541205,6.354730088013446,circular
413,1100,700,221.14336571303977,-85,-85,-85,-85,1350,700,261.9594290334255,6.354730088013446,circular
414,1100,700,221.14336571303977,-85,-85,-85,-85,1350,700,268.314159121439,6.354730088013446,circular
415,1100,700,221.14336571303977,-85,-85,-85,-85,1350,700,274.66888920945246,6.354730088013446,circular
416,1100,700,221.14336571303977,-85,-85,-85,-85,1350,700,281.0236192974659,6.354730088013446,circular
417,1100,700,221.14336571303977,-85,-85,-85,-85,1350,700,287.3783493854794,6.354730088013446,circular
418,1100,700,221.14336571303977,-85,-85,-85,-85,1350,700,293.73307947349286,6.354730088013446,circular
419,1100,700,221.14336571303977,-85,-85,-85,-85,1350,700,300.08780956150633,6.354730088013446,circular
420,1100,700,221.14336571303977,-85,-85,-85,-85,1350,700,306.4425396495198,6.354730088013446,circular
421,1100,700,221.14336571303977,-85,-85,-85,-85,1350,700,312.79726973753327,6.354730088013446,circular
422,1100,700,221.14336571303977,-85,-85,-85,-85,1350,700,319.15199982554674,6.354730088013446,circular
423,1100,700,221.14336571303977,-85,-85,-85,-85,1350,700,325.5067299135602,6.354730088013446,circular
424,1100,700,221.14336571303977,-85,-85,-85,-85,1350,700,331.8614600015737,6.354730088013446,circular
425,1100,700,221.14336571303977,-85,-85,-85,-85,1350,700,338.21619008958714,6.354730088013446,circular
426,1100,700,221.14336571303977,-85,-85,-85,-85,1350,700,344.5709201776006,6.354730088013446,circular
427,1100,700,221.14336571303977,-85,-85,-85,-85,1350,700,350.9256502656141,6.354730088013446,circular
428,1100,700,221.14336571303977,-85,-85,-85,-85,1350,700,357.28038035362755,6.354730088013446,circular
429,1100,700,221.14336571303977,-85,-85,-85,-85,1350,700,3.635110441641018,6.354730088013446,circular
430,1100,700,221.14336571303977,-85,-85,-85,-85,1350,700,9.989840529654465,6.354730088013446,circular
431,1100,700,221.14336571303977,-85,-85,-85,-85,1350,700,16.344570617667912,6.354730088013446,circular
432,1100,700,221.14336571303977,-85,-85,-85,-85,1350,700,22.69930070568136,6.354730088013446,circular
433,1100,700,221.14336571303977,-85,-85,-85,-85,1350,700,29.054030793694807,6.354730088013446,circular
434,1100,700,221.14336571303977,-85,-85,-85,-85,1350,700,35.408760881708254,6.354730088013446,circular
435,1100,700,221.14336571303977,-85,-85,-85,-85,1350,700,41.7634909697217,6.354730088013446,circular
436,1100,700,221.14336571303977,-85,-85,-85,-85,1350,700,48.11822105773515,6.354730088013446,circular
437,1100,700,221.14336571303977,-85,-85,-85,-85,1350,700,54.472951145748596,6.354730088013446,circular
438,1100,700,221.14336571303977,-85,-85,-85,-85,1350,700,60.82768123376204,6.354730088013446,circular
439,1100,700,221.14336571303977,-85,-85,-85,-85,1350,700,67.18241132177549,6.354730088013446,circular
440,1100,700,221.14336571303977,-85,-85,-85,-85,1350,700,73.53714140978893,6.354730088013446,circular
441,1100,700,221.14336571303977,-85,-85,-85,-85,1350,700,79.89187149780237,6.354730088013446,circular
442,1100,700,221.14336571303977,-85,-85,-85,-85,1350,700,86.24660158581581,6.354730088013446,circular
443,1100,700,221.14336571303977,-85,-85,-85,-85,1350,700,92.60133167382925,6.354730088013446,circular
444,1100,700,221.14336571303977,-85,-85,-85,-85,1350,700,98.95606176184269,6.354730088013446,circular
445,1100,700,221.14336571303977,-85,-85,-85,-85,1350,700,105.31079184985613,6.354730088013446,circular
446,1100,700,221.14336571303977,-85,-85,-85,-85,1350,700,111.66552193786957,6.354730088013446,circular
447,1100,700,221.14336571303977,-85,-85,-85,-85,1350,700,118.02025202588301,6.354730088013446,circular
448,1100,700,221.14336571303977,-85,-85,-85,-85,1350,700,124.37498211389645,6.354730088013446,circular
449,1100,700,221.14336571303977,-85,-85,-85,-85,1350,700,130.7297122019099,6.354730088013446,circular
450,1100,700,221.14336571303977,-85,-85,-85,-85,1350,700,137.08444228992335,6.354730088013446,circular
451,1100,700,221.14336571303977,-85,14.513447644213304,18.47430475951294,-85,1350,700,143.43917237793679,6.354730088013446,circular
452,1100,700,221.14336571303977,-85,20.97742610025734,21.813356630230874,-85,1350,700,149.79390246595023,6.354730088013446,circular
453,1100,700,221.14336571303977,-85,23.06730250275713,23.769789312347285,-85,1350,700,156.14863255396367,6.354730088013446,circular
454,1100,700,221.14336571303977,-85,24.33271141113945,24.78833704083229,-85,1350,700,162.5033626419771,6.354730088013446,circular
455,1100,700,221.14336571303977,-85,25.26334459461691,25.452908776355446,-85,1350,700,168.85809272999055,6.354730088013446,circular
456,1100,700,221.14336571303977,-85,25.7492610641292,25.906018829630398,-85,1350,700,175.21282281800399,6.354730088013446,circular
457,1100,700,221.14336571303977,-85,26.035130213615616,26.067010357935978,-85,1350,700,181.56755290601743,6.354730088013446,circular
458,1100,700,221.14336571303977,-85,26.074956048612798,26.053745949214605,-85,1350,700,187.92228299403087,6.354730088013446,circular
459,1100,700,221.14336571303977,-85,25.946643644493044,25.807460623826316,-85,1350,700,194.2770130820443,6.354730088013446,circular
460,1100,700,221.14336571303977,-85,25.536951728381826,25.361807294499556,-85,1350,700,200.63174317005775,6.354730088013446,circular
461,1100,700,221.14336571303977,-85,24.92014212493214,24.646943359767004,-85,1350,700,206.9864732580712,6.354730088013446,circular
462,1100,700,221.14336571303977,-85,23.97102224645776,23.319699537123853,-85,1350,700,213.34120334608463,6.354730088013446,circular
463,1100,700,221.14336571303977,-85,22.170735458799452,21.418119305852123,-85,1350,700,219.69593343409807,6.354730088013446,circular
464,1100,700,221.14336571303977,-85,19.25639156218219,17.51315549939211,-85,1350,700,226.0506635221115,6.354730088013446,circular
465,1100,700,221.14336571303977,-85,-85,-85,-85,1350,700,232.40539361012495,6.354730088013446,circular
466,1100,700,221.14336571303977,-85,-85,-85,-85,1350,700,238.7601236981384,6.354730088013446,circular
467,1100,700,221.14336571303977,-85,-85,-85,-85,1350,700,245.11485378615183,6.354730088013446,circular
468,1100,700,221.14336571303977,-85,-85,-85,-85,1350,700,251.46958387416527,6.354730088013446,circular
469,1100,700,221.14336571303977,-85,-85,-85,-85,1350,700,257.82431396217873,6.354730088013446,circular
470,1100,700,221.14336571303977,-85,-85,-85,-85,1350,700,264.1790440501922,6.354730088013446,circular
471,1100,700,221.14336571303977,-85,-85,-85,-85,1350,700,270.5337741382057,6.354730088013446,circular
472,1100,700,221.14336571303977,-85,-85,-85,-85,1350,700,276.88850422621914,6.354730088013446,circular
473,1100,700,221.14336571303977,-85,-85,-85,-85,1350,700,283.2432343142326,6.354730088013446,circular
474,1100,700,221.14336571303977,-85,-85,-85,-85,1350,700,289.5979644022461,6.354730088013446,circular
475,1100,700,221.14336571303977,-85,-85,-85,-85,1350,700,295.95269449025955,6.354730088013446,circular
476,1100,700,221.14336571303977,-85,-85,-85,-85,1350,700,302.307424578273,6.354730088013446,circular
477,1100,700,221.14336571303977,-85,-85,-85,-85,1350,700,308.6621546662865,6.354730088013446,circular
478,1100,700,221.14336571303977,-85,-85,-85,-85,1350,700,315.01688475429995,6.354730088013446,circular
479,1100,700,221.14336571303977,-85,-85,-85,-85,1350,700,321.3716148423134,6.354730088013446,circular
480,1100,700,221.14336571303977,-85,-85,-85,-85,1350,700,327.7263449303269,6.354730088013446,circular
481,1100,700,221.14336571303977,-85,-85,-85,-85,1350,700,334.08107501834036,6.354730088013446,circular
482,1100,700,221.14336571303977,-85,-85,-85,-85,1350,700,340.4358051063538,6.354730088013446,circular
483,1100,700,221.14336571303977,-85,-85,-85,-85,1350,700,346.7905351943673,6.354730088013446,circular
484,1100,700,221.14336571303977,-85,-85,-85,-85,1350,700,353.14526528238076,6.354730088013446,circular
485,1100,700,221.14336571303977,-85,-85,-85,-85,1350,700,359.49999537039423,6.354730088013446,circular
486,1100,700,221.14336571303977,-85,-85,-85,-85,1350,700,5.8547254584076995,6.354730088013446,circular
487,1100,700,221.14336571303977,-85,-85,-85,-85,1350,700,12.209455546421147,6.354730088013446,circular
488,1100,700,221.14336571303977,-85,-85,-85,-85,1350,700,18.564185634434594,6.354730088013446,circular
489,1100,700,221.14336571303977,-85,-85,-85,-85,1350,700,24.91891572244804,6.354730088013446,circular
490,1100,700,221.14336571303977,-85,-85,-85,-85,1350,700,31.27364581046149,6.354730088013446,circular
491,1100,700,221.14336571303977,-85,-85,-85,-85,1350,700,37.628375898474935,6.354730088013446,circular
492,1100,700,221.14336571303977,-85,-85,-85,-85,1350,700,43.98310598648838,6.354730088013446,circular
493,1100,700,221.14336571303977,-85,-85,-85,-85,1350,700,50.33783607450183,6.354730088013446,circular
494,1100,700,221.14336571303977,-85,-85,-85,-85,1350,700,56.69256616251528,6.354730088013446,circular
495,1100,700,221.14336571303977,-85,-85,-85,-85,1350,700,63.047296250528724,6.354730088013446,circular
496,1100,700,221.14336571303977,-85,-85,-85,-85,1350,700,69.40202633854217,6.354730088013446,circular
497,1100,700,221.14336571303977,-85,-85,-85,-85,1350,700,75.75675642655561,6.354730088013446,circular
498,1100,700,221.14336571303977,-85,-85,-85,-85,1350,700,82.11148651456905,6.354730088013446,circular
499,1100,700,221.14336571303977,-85,-85,-85,-85,1350,700,88.46621660258249,6.354730088013446,circular
500,1100,700,221.14336571303977,-85,-85,-85,-85,1350,700,94.82094669059593,6.354730088013446,circular
501,1100,700,221.14336571303977,-85,-85,-85,-85,1350,700,101.17567677860937,6.354730088013446,circular
502,1100,700,221.14336571303977,-85,-85,-85,-85,1350,700,107.53040686662281,6.354730088013446,circular
503,1100,700,221.14336571303977,-85,-85,-85,-85,1350,700,113.88513695463625,6.354730088013446,circular
504,1100,700,221.14336571303977,-85,-85,-85,-85,1350,700,120.23986704264969,6.354730088013446,circular
505,1100,700,221.14336571303977,-85,-85,-85,-85,1350,700,126.59459713066313,6.354730088013446,circular
506,1100,700,221.14336571303977,-85,-85,-85,-85,1350,700,132.9493272186766,6.354730088013446,circular
507,1100,700,221.14336571303977,-85,-85,11.505794098357505,-85,1350,700,139.30405730669003,6.354730088013446,circular
508,1100,700,221.14336571303977,-85,18.47430475951294,19.91435422725632,-85,1350,700,145.65878739470347,6.354730088013446,circular
509,1100,700,221.14336571303977,-85,21.813356630230874,22.496022074683278,-85,1350,700,152.0135174827169,6.354730088013446,circular
510,1100,700,221.14336571303977,-85,23.553218972269416,24.1582774269213,-85,1350,700,158.36824757073035,6.354730088013446,circular
511,1100,700,221.14336571303977,-85,24.78833704083229,25.042923900792417,-85,1350,700,164.7229776587438,6.354730088013446,circular
512,1100,700,221.14336571303977,-85,25.452908776355446,25.684904084789974,-85,1350,700,171.07770774675723,6.354730088013446,circular
513,1100,700,221.14336571303977,-85,25.859665714847075,25.9816463993744,-85,1350,700,177.43243783477067,6.354730088013446,circular
514,1100,700,221.14336571303977,-85,26.067010357935978,26.077602459396946,-85,1350,700,183.7871679227841,6.354730088013446,circular
515,1100,700,221.14336571303977,-85,26.053745949214605,25.9816463993744,-85,1350,700,190.14189801079755,6.354730088013446,circular
516,1100,700,221.14336571303977,-85,25.859665714847075,25.684904084789977,-85,1350,700,196.496628098811,6.354730088013446,circular
517,1100,700,221.14336571303977,-85,25.361807294499556,25.157178905256924,-85,1350,700,202.85135818682443,6.354730088013446,circular
518,1100,700,221.14336571303977,-85,24.646943359767004,24.1582774269213,-85,1350,700,209.20608827483787,6.354730088013446,circular
519,1100,700,221.14336571303977,-85,23.319699537123853,22.793695368992225,-85,1350,700,215.5608183628513,6.354730088013446,circular
520,1100,700,221.14336571303977,-85,21.418119305852123,20.48098321025059,-85,1350,700,221.91554845086475,6.354730088013446,circular
521,1100,700,221.14336571303977,-85,17.51315549939211,11.50579409835762,-85,1350,700,228.2702785388782,6.354730088013446,circular
522,1100,700,221.14336571303977,-85,-85,-85,-85,1350,700,234.62500862689163,6.354730088013446,circular
523,1100,700,221.14336571303977,-85,-85,-85,-85,1350,700,240.97973871490507,6.354730088013446,circular
524,1100,700,221.14336571303977,-85,-85,-85,-85,1350,700,247.3344688029185,6.354730088013446,circular
525,1100,700,221.14336571303977,-85,-85,-85,-85,1350,700,253.68919889093195,6.354730088013446,circular
526,1100,700,221.14336571303977,-85,-85,-85,-85,1350,700,260.0439289789454,6.354730088013446,circular
527,1100,700,221.14336571303977,-85,-85,-85,-85,1350,700,266.3986590669589,6.354730088013446,circular
528,1100,700,221.14336571303977,-85,-85,-85,-85,1350,700,272.75338915497235,6.354730088013446,circular
529,1100,700,221.14336571303977,-85,-85,-85,-85,1350,700,279.1081192429858,6.354730088013446,circular
530,1100,700,221.14336571303977,-85,-85,-85,-85,1350,700,285.4628493309993,6.354730088013446,circular
531,1100,700,221.14336571303977,-85,-85,-85,-85,1350,700,291.81757941901276,6.354730088013446,circular
532,1100,700,221.14336571303977,-85,-85,-85,-85,1350,700,298.1723095070262,6.354730088013446,circular
533,1100,700,221.14336571303977,-85,-85,-85,-85,1350,700,304.5270395950397,6.354730088013446,circular
534,1100,700,221.14336571303977,-85,-85,-85,-85,1350,700,310.88176968305316,6.354730088013446,circular
535,1100,700,221.14336571303977,-85,-85,-85,-85,1350,700,317.23649977106663,6.354730088013446,circular
536,1100,700,221.14336571303977,-85,-85,-85,-85,1350,700,323.5912298590801,6.354730088013446,circular
537,1100,700,221.14336571303977,-85,-85,-85,-85,1350,700,329.94595994709357,6.354730088013446,circular
538,1100,700,221.14336571303977,-85,-85,-85,-85,1350,700,336.30069003510704,6.354730088013446,circular
539,1100,700,221.14336571303977,-85,-85,-85,-85,1350,700,342.6554201231205,6.354730088013446,circular
540,1100,700,221.14336571303977,-85,-85,-85,-85,1350,700,349.010150211134,6.354730088013446,circular
541,1100,700,221.14336571303977,-85,-85,-85,-85,1350,700,355.36488029914744,6.354730088013446,circular
542,1100,700,221.14336571303977,-85,-85,-85,-85,1350,700,1.7196103871609125,6.354730088013446,circular
543,1100,700,221.14336571303977,-85,-85,-85,-85,1350,700,8.07434047517436,6.354730088013446,circular
544,1100,700,221.14336571303977,-85,-85,-85,-85,1350,700,14.429070563187807,6.354730088013446,circular
545,1100,700,221.14336571303977,-85,-85,-85,-85,1350,700,20.783800651201254,6.354730088013446,circular
546,1100,700,221.14336571303977,-85,-85,-85,-85,1350,700,27.1385307392147,6.354730088013446,circular
547,1100,700,221.14336571303977,-85,-85,-85,-85,1350,700,33.49326082722815,6.354730088013446,circular
548,1100,700,221.14336571303977,-85,-85,-85,-85,1350,700,39.847990915241596,6.354730088013446,circular
549,1100,700,221.14336571303977,-85,-85,-85,-85,1350,700,46.20272100325504,6.354730088013446,circular
550,1100,700,221.14336571303977,-85,-85,-85,-85,1350,700,52.55745109126849,6.354730088013446,circular
551,1100,700,221.14336571303977,-85,-85,-85,-85,1350,700,58.91218117928194,6.354730088013446,circular
552,1100,700,221.14336571303977,-85,-85,-85,-85,1350,700,65.26691126729538,6.354730088013446,circular
553,1100,700,221.14336571303977,-85,-85,-85,-85,1350,700,71.62164135530882,6.354730088013446,circular
554,1100,700,221.14336571303977,-85,-85,-85,-85,1350,700,77.97637144332226,6.354730088013446,circular
555,1100,700,221.14336571303977,-85,-85,-85,-85,1350,700,84.3311015313357,6.354730088013446,circular
556,1100,700,221.14336571303977,-85,-85,-85,-85,1350,700,90.68583161934914,6.354730088013446,circular
557,1100,700,221.14336571303977,-85,-85,-85,-85,1350,700,97.04056170736258,6.354730088013446,circular
558,1100,700,221.14336571303977,-85,-85,-85,-85,1350,700,103.39529179537602,6.354730088013446,circular
559,1100,700,221.14336571303977,-85,-85,-85,-85,1350,700,109.75002188338946,6.354730088013446,circular
560,1100,700,221.14336571303977,-85,-85,-85,-85,1350,700,116.1047519714029,6.354730088013446,circular
561,1100,700,221.14336571303977,-85,-85,-85,-85,1350,700,122.45948205941635,6.354730088013446,circular
562,1100,700,221.14336571303977,-85,-85,-85,-85,1350,700,128.8142121474298,6.354730088013446,circular
563,1100,700,221.14336571303977,-85,-85,-85,-85,1350,700,135.16894223544324,6.354730088013446,circular
564,1100,700,221.14336571303977,-85,11.505794098357505,16.269948115724727,-85,1350,700,141.52367232345668,6.354730088013446,circular
565,1100,700,221.14336571303977,-85,19.91435422725632,20.97742610025734,-85,1350,700,147.87840241147012,6.354730088013446,circular
566,1100,700,221.14336571303977,-85,22.496022074683278,23.31969953712386,-85,1350,700,154.23313249948356,6.354730088013446,circular
567,1100,700,221.14336571303977,-85,24.1582774269213,24.495315191602927,-85,1350,700,160.587862587497,6.354730088013446,circular
568,1100,700,221.14336571303977,-85,25.042923900792417,25.26334459461691,-85,1350,700,166.94259267551044,6.354730088013446,circular
569,1100,700,221.14336571303977,-85,25.614204328866276,25.80746062382631,-85,1350,700,173.29732276352388,6.354730088013446,circular
570,1100,700,221.14336571303977,-85,25.9816463993744,26.035130213615616,-85,1350,700,179.65205285153732,6.354730088013446,circular
571,1100,700,221.14336571303977,-85,26.077602459396946,26.074956048612798,-85,1350,700,186.00678293955076,6.354730088013446,circular
572,1100,700,221.14336571303977,-85,26.011117049096303,25.906018829630398,-85,1350,700,192.3615130275642,6.354730088013446,circular
573,1100,700,221.14336571303977,-85,25.684904084789977,25.536951728381826,-85,1350,700,198.71624311557764,6.354730088013446,circular
574,1100,700,221.14336571303977,-85,25.157178905256924,24.788337040832293,-85,1350,700,205.07097320359108,6.354730088013446,circular
575,1100,700,221.14336571303977,-85,24.332711411139446,23.769789312347285,-85,1350,700,211.42570329160452,6.354730088013446,circular
576,1100,700,221.14336571303977,-85,22.793695368992225,22.170735458799452,-85,1350,700,217.78043337961796,6.354730088013446,circular
577,1100,700,221.14336571303977,-85,20.48098321025059,18.474304759512954,-85,1350,700,224.1351634676314,6.354730088013446,circular
578,1100,700,221.14336571303977,-85,14.513447644213265,-85,-85,1350,700,230.48989355564484,6.354730088013446,circular
579,1100,700,221.14336571303977,-85,-85,-85,-85,1350,700,236.84462364365828,6.354730088013446,circular
580,1100,700,221.14336571303977,-85,-85,-85,-85,1350,700,243.19935373167172,6.354730088013446,circular
581,1100,700,221.14336571303977,-85,-85,-85,-85,1350,700,249.55408381968516,6.354730088013446,circular
582,1100,700,221.14336571303977,-85,-85,-85,-85,1350,700,255.9088139076986,6.354730088013446,circular
583,1100,700,221.14336571303977,-85,-85,-85,-85,1350,700,262.26354399571204,6.354730088013446,circular
584,1100,700,221.14336571303977,-85,-85,-85,-85,1350,700,268.6182740837255,6.354730088013446,circular
585,1100,700,221.14336571303977,-85,-85,-85,-85,1350,700,274.973004171739,6.354730088013446,circular
586,1100,700,221.14336571303977,-85,-85,-85,-85,1350,700,281.32773425975245,6.354730088013446,circular
587,1100,700,221.14336571303977,-85,-85,-85,-85,1350,700,287.6824643477659,6.354730088013446,circular
588,1100,700,221.14336571303977,-85,-85,-85,-85,1350,700,294.0371944357794,6.354730088013446,circular
589,1100,700,221.14336571303977,-85,-85,-85,-85,1350,700,300.39192452379285,6.354730088013446,circular
590,1100,700,221.14336571303977,-85,-85,-85,-85,1350,700,306.7466546118063,6.354730088013446,circular
591,1100,700,221.14336571303977,-85,-85,-85,-85,1350,700,313.1013846998198,6.354730088013446,circular
592,1100,700,221.14336571303977,-85,-85,-85,-85,1350,700,319.45611478783326,6.354730088013446,circular
593,1100,700,221.14336571303977,-85,-85,-85,-85,1350,700,325.8108448758467,6.354730088013446,circular
594,1100,700,221.14336571303977,-85,-85,-85,-85,1350,700,332.1655749638602,6.354730088013446,circular
595,1100,700,221.14336571303977,-85,-85,-85,-85,1350,700,338.52030505187366,6.354730088013446,circular
596,1100,700,221.14336571303977,-85,-85,-85,-85,1350,700,344.87503513988713,6.354730088013446,circular
597,1100,700,221.14336571303977,-85,-85,-85,-85,1350,700,351.2297652279006,6.354730088013446,circular
598,1100,700,221.14336571303977,-85,-85,-85,-85,1350,700,357.58449531591407,6.354730088013446,circular
599,1100,700,221.14336571303977,-85,-85,-85,-85,1350,700,3.939225403927537,6.354730088013446,circular
600,1100,700,221.14336571303977,-85,-85,-85,-85,1350,700,10.293955491940984,6.354730088013446,circular
601,1100,700,221.14336571303977,-85,-85,-85,-85,1350,700,16.64868557995443,6.354730088013446,circular
602,1100,700,221.14336571303977,-85,-85,-85,-85,1350,700,23.00341566796788,6.354730088013446,circular
603,1100,700,221.14336571303977,-85,-85,-85,-85,1350,700,29.358145755981326,6.354730088013446,circular
604,1100,700,221.14336571303977,-85,-85,-85,-85,1350,700,35.71287584399477,6.354730088013446,circular
605,1100,700,221.14336571303977,-85,-85,-85,-85,1350,700,42.06760593200822,6.354730088013446,circular
606,1100,700,221.14336571303977,-85,-85,-85,-85,1350,700,48.42233602002167,6.354730088013446,circular
607,1100,700,221.14336571303977,-85,-85,-85,-85,1350,700,54.777066108035115,6.354730088013446,circular
608,1100,700,221.14336571303977,-85,-85,-85,-85,1350,700,61.13179619604856,6.354730088013446,circular
609,1100,700,221.14336571303977,-85,-85,-85,-85,1350,700,67.48652628406201,6.354730088013446,circular
610,1100,700,221.14336571303977,-85,-85,-85,-85,1350,700,73.84125637207545,6.354730088013446,circular
611,1100,700,221.14336571303977,-85,-85,-85,-85,1350,700,80.19598646008889,6.354730088013446,circular
612,1100,700,221.14336571303977,-85,-85,-85,-85,1350,700,86.55071654810233,6.354730088013446,circular
613,1100,700,221.14336571303977,-85,-85,-85,-85,1350,700,92.90544663611577,6.354730088013446,circular
614,1100,700,221.14336571303977,-85,-85,-85,-85,1350,700,99.26017672412921,6.354730088013446,circular
615,1100,700,221.14336571303977,-85,-85,-85,-85,1350,700,105.61490681214265,6.354730088013446,circular
616,1100,700,221.14336571303977,-85,-85,-85,-85,1350,700,111.96963690015609,6.354730088013446,circular
617,1100,700,221.14336571303977,-85,-85,-85,-85,1350,700,118.32436698816953,6.354730088013446,circular
618,1100,700,221.14336571303977,-85,-85,-85,-85,1350,700,124.67909707618297,6.354730088013446,circular
619,1100,700,221.14336571303977,-85,-85,-85,-85,1350,700,131.03382716419642,6.354730088013446,circular
620,1100,700,221.14336571303977,-85,-85,-85,-85,1350,700,137.38855725220986,6.354730088013446,circular
621,1100,700,221.14336571303977,-85,16.269948115724727,18.47430475951294,-85,1350,700,143.7432873402233,6.354730088013446,circular
622,1100,700,221.14336571303977,-85,20.97742610025734,22.170735458799452,-85,1350,700,150.09801742823674,6.354730088013446,circular
623,1100,700,221.14336571303977,-85,23.06730250275713,23.769789312347285,-85,1350,700,156.45274751625018,6.354730088013446,circular
624,1100,700,221.14336571303977,-85,24.495315191602927,24.78833704083229,-85,1350,700,162.80747760426362,6.354730088013446,circular
625,1100,700,221.14336571303977,-85,25.26334459461691,25.536951728381826,-85,1350,700,169.16220769227706,6.354730088013446,circular
626,1100,700,221.14336571303977,-85,25.80746062382631,25.906018829630398,-85,1350,700,175.5169377802905,6.354730088013446,circular
627,1100,700,221.14336571303977,-85,26.035130213615616,26.067010357935978,-85,1350,700,181.87166786830394,6.354730088013446,circular
628,1100,700,221.14336571303977,-85,26.074956048612798,26.035130213615616,-85,1350,700,188.22639795631738,6.354730088013446,circular
629,1100,700,221.14336571303977,-85,25.906018829630398,25.807460623826316,-85,1350,700,194.58112804433082,6.354730088013446,circular
630,1100,700,221.14336571303977,-85,25.536951728381826,25.361807294499556,-85,1350,700,200.93585813234426,6.354730088013446,circular
631,1100,700,221.14336571303977,-85,24.92014212493214,24.495315191602927,-85,1350,700,207.2905882203577,6.354730088013446,circular
632,1100,700,221.14336571303977,-85,23.769789312347285,23.319699537123853,-85,1350,700,213.64531830837115,6.354730088013446,circular
633,1100,700,221.14336571303977,-85,22.170735458799452,21.418119305852123,-85,1350,700,220.00004839638459,6.354730088013446,circular
634,1100,700,221.14336571303977,-85,19.25639156218219,16.269948115724716,-85,1350,700,226.35477848439803,6.354730088013446,circular
635,1100,700,221.14336571303977,-85,-85,-85,-85,1350,700,232.70950857241147,6.354730088013446,circular
636,1100,700,221.14336571303977,-85,-85,-85,-85,1350,700,239.0642386604249,6.354730088013446,circular
637,1100,700,221.14336571303977,-85,-85,-85,-85,1350,700,245.41896874843835,6.354730088013446,circular
638,1100,700,221.14336571303977,-85,-85,-85,-85,1350,700,251.77369883645179,6.354730088013446,circular
639,1100,700,221.14336571303977,-85,-85,-85,-85,1350,700,258.12842892446525,6.354730088013446,circular
640,1100,700,221.14336571303977,-85,-85,-85,-85,1350,700,264.4831590124787,6.354730088013446,circular
641,1100,700,221.14336571303977,-85,-85,-85,-85,1350,700,270.8378891004922,6.354730088013446,circular
642,1100,700,221.14336571303977,-85,-85,-85,-85,1350,700,277.19261918850566,6.354730088013446,circular
643,1100,700,221.14336571303977,-85,-85,-85,-85,1350,700,283.5473492765191,6.354730088013446,circular
644,1100,700,221.14336571303977,-85,-85,-85,-85,1350,700,289.9020793645326,6.354730088013446,circular
645,1100,700,221.14336571303977,-85,-85,-85,-85,1350,700,296.25680945254607,6.354730088013446,circular
646,1100,700,221.14336571303977,-85,-85,-85,-85,1350,700,302.61153954055953,6.354730088013446,circular
647,1100,700,221.14336571303977,-85,-85,-85,-85,1350,700,308.966269628573,6.354730088013446,circular
648,1100,700,221.14336571303977,-85,-85,-85,-85,1350,700,315.32099971658647,6.354730088013446,circular
649,1100,700,221.14336571303977,-85,-85,-85,-85,1350,700,321.67572980459994,6.354730088013446,circular
650,1100,700,221.14336571303977,-85,-85,-85,-85,1350,700,328.0304598926134,6.354730088013446,circular
651,1100,700,221.14336571303977,-85,-85,-85,-85,1350,700,334.3851899806269,6.354730088013446,circular
652,1100,700,221.14336571303977,-85,-85,-85,-85,1350,700,340.73992006864034,6.354730088013446,circular
653,1100,700,221.14336571303977,-85,-85,-85,-85,1350,700,347.0946501566538,6.354730088013446,circular
654,1100,700,221.14336571303977,-85,-85,-85,-85,1350,700,353.4493802446673,6.354730088013446,circular
655,1100,700,221.14336571303977,-85,-85,-85,-85,1350,700,359.80411033268075,6.354730088013446,circular
656,1100,700,221.14336571303977,-85,-85,-85,-85,1350,700,6.158840420694219,6.354730088013446,circular
657,1100,700,221.14336571303977,-85,-85,-85,-85,1350,700,12.513570508707666,6.354730088013446,circular
658,1100,700,221.14336571303977,-85,-85,-85,-85,1350,700,18.868300596721113,6.354730088013446,circular
659,1100,700,221.14336571303977,-85,-85,-85,-85,1350,700,25.22303068473456,6.354730088013446,circular
660,1100,700,221.14336571303977,-85,-85,-85,-85,1350,700,31.577760772748007,6.354730088013446,circular
661,1100,700,221.14336571303977,-85,-85,-85,-85,1350,700,37.932490860761455,6.354730088013446,circular
662,1100,700,221.14336571303977,-85,-85,-85,-85,1350,700,44.2872209487749,6.354730088013446,circular
663,1100,700,221.14336571303977,-85,-85,-85,-85,1350,700,50.64195103678835,6.354730088013446,circular
664,1100,700,221.14336571303977,-85,-85,-85,-85,1350,700,56.996681124801796,6.354730088013446,circular
665,1100,700,221.14336571303977,-85,-85,-85,-85,1350,700,63.35141121281524,6.354730088013446,circular
666,1100,700,221.14336571303977,-85,-85,-85,-85,1350,700,69.70614130082869,6.354730088013446,circular
667,1100,700,221.14336571303977,-85,-85,-85,-85,1350,700,76.06087138884213,6.354730088013446,circular
668,1100,700,221.14336571303977,-85,-85,-85,-85,1350,700,82.41560147685557,6.354730088013446,circular
669,1100,700,221.14336571303977,-85,-85,-85,-85,1350,700,88.77033156486901,6.354730088013446,circular
670,1100,700,221.14336571303977,-85,-85,-85,-85,1350,700,95.12506165288245,6.354730088013446,circular
671,1100,700,221.14336571303977,-85,-85,-85,-85,1350,700,101.47979174089589,6.354730088013446,circular
672,1100,700,221.14336571303977,-85,-85,-85,-85,1350,700,107.83452182890933,6.354730088013446,circular
673,1100,700,221.14336571303977,-85,-85,-85,-85,1350,700,114.18925191692277,6.354730088013446,circular
674,1100,700,221.14336571303977,-85,-85,-85,-85,1350,700,120.54398200493621,6.354730088013446,circular
675,1100,700,221.14336571303977,-85,-85,-85,-85,1350,700,126.89871209294965,6.354730088013446,circular
676,1100,700,221.14336571303977,-85,-85,-85,-85,1350,700,133.2534421809631,6.354730088013446,circular
677,1100,700,221.14336571303977,-85,-85,11.505794098357505,-85,1350,700,139.60817226897655,6.354730088013446,circular
678,1100,700,221.14336571303977,-85,18.47430475951294,19.91435422725632,-85,1350,700,145.96290235698999,6.354730088013446,circular
679,1100,700,221.14336571303977,-85,21.813356630230874,22.793695368992218,-85,1350,700,152.31763244500343,6.354730088013446,circular
680,1100,700,221.14336571303977,-85,23.769789312347285,24.1582774269213,-85,1350,700,158.67236253301687,6.354730088013446,circular
681,1100,700,221.14336571303977,-85,24.78833704083229,25.042923900792417,-85,1350,700,165.0270926210303,6.354730088013446,circular
682,1100,700,221.14336571303977,-85,25.452908776355446,25.684904084789974,-85,1350,700,171.38182270904375,6.354730088013446,circular
683,1100,700,221.14336571303977,-85,25.906018829630398,25.9816463993744,-85,1350,700,177.7365527970572,6.354730088013446,circular
684,1100,700,221.14336571303977,-85,26.067010357935978,26.077602459396946,-85,1350,700,184.09128288507063,6.354730088013446,circular
685,1100,700,221.14336571303977,-85,26.053745949214605,25.9816463993744,-85,1350,700,190.44601297308407,6.354730088013446,circular
686,1100,700,221.14336571303977,-85,25.807460623826316,25.684904084789977,-85,1350,700,196.8007430610975,6.354730088013446,circular
687,1100,700,221.14336571303977,-85,25.361807294499556,25.042923900792417,-85,1350,700,203.15547314911095,6.354730088013446,circular
688,1100,700,221.14336571303977,-85,24.646943359767004,24.1582774269213,-85,1350,700,209.5102032371244,6.354730088013446,circular
689,1100,700,221.14336571303977,-85,23.319699537123853,22.793695368992225,-85,1350,700,215.86493332513783,6.354730088013446,circular
690,1100,700,221.14336571303977,-85,21.418119305852123,19.914354227256315,-85,1350,700,222.21966341315127,6.354730088013446,circular
691,1100,700,221.14336571303977,-85,16.269948115724716,11.50579409835762,-85,1350,700,228.5743935011647,6.354730088013446,circular
692,1100,700,221.14336571303977,-85,-85,-85,-85,1350,700,234.92912358917815,6.354730088013446,circular
693,1100,700,221.14336571303977,-85,-85,-85,-85,1350,700,241.2838536771916,6.354730088013446,circular
694,1100,700,221.14336571303977,-85,-85,-85,-85,1350,700,247.63858376520503,6.354730088013446,circular
695,1100,700,221.14336571303977,-85,-85,-85,-85,1350,700,253.99331385321847,6.354730088013446,circular
696,1100,700,221.14336571303977,-85,-85,-85,-85,1350,700,260.34804394123194,6.354730088013446,circular
697,1100,700,221.14336571303977,-85,-85,-85,-85,1350,700,266.7027740292454,6.354730088013446,circular
698,1100,700,221.14336571303977,-85,-85,-85,-85,1350,700,273.0575041172589,6.354730088013446,circular
699,1100,700,221.14336571303977,-85,-85,-85,-85,1350,700,279.41223420527234,6.354730088013446,circular
700,1100,700,221.14336571303977,-85,-85,-85,-85,1350,700,285.7669642932858,6.354730088013446,circular
701,1100,700,221.14336571303977,-85,-85,-85,-85,1350,700,292.1216943812993,6.354730088013446,circular
702,1100,700,221.14336571303977,-85,-85,-85,-85,1350,700,298.47642446931275,6.354730088013446,circular
703,1100,700,221.14336571303977,-85,-85,-85,-85,1350,700,304.8311545573262,6.354730088013446,circular
704,1100,700,221.14336571303977,-85,-85,-85,-85,1350,700,311.1858846453397,6.354730088013446,circular
705,1100,700,221.14336571303977,-85,-85,-85,-85,1350,700,317.54061473335315,6.354730088013446,circular
706,1100,700,221.14336571303977,-85,-85,-85,-85,1350,700,323.8953448213666,6.354730088013446,circular
707,1100,700,221.14336571303977,-85,-85,-85,-85,1350,700,330.2500749093801,6.354730088013446,circular
708,1100,700,221.14336571303977,-85,-85,-85,-85,1350,700,336.60480499739356,6.354730088013446,circular
709,1100,700,221.14336571303977,-85,-85,-85,-85,1350,700,342.959535085407,6.354730088013446,circular
710,1100,700,221.14336571303977,-85,-85,-85,-85,1350,700,349.3142651734205,6.354730088013446,circular
711,1100,700,221.14336571303977,-85,-85,-85,-85,1350,700,355.66899526143396,6.354730088013446,circular
712,1100,700,221.14336571303977,-85,-85,-85,-85,1350,700,2.0237253494474317,6.354730088013446,circular
713,1100,700,221.14336571303977,-85,-85,-85,-85,1350,700,8.378455437460879,6.354730088013446,circular
714,1100,700,221.14336571303977,-85,-85,-85,-85,1350,700,14.733185525474326,6.354730088013446,circular
715,1100,700,221.14336571303977,-85,-85,-85,-85,1350,700,21.087915613487773,6.354730088013446,circular
716,1100,700,221.14336571303977,-85,-85,-85,-85,1350,700,27.44264570150122,6.354730088013446,circular
717,1100,700,221.14336571303977,-85,-85,-85,-85,1350,700,33.79737578951467,6.354730088013446,circular
718,1100,700,221.14336571303977,-85,-85,-85,-85,1350,700,40.152105877528115,6.354730088013446,circular
719,1100,700,221.14336571303977,-85,-85,-85,-85,1350,700,46.50683596554156,6.354730088013446,circular
720,1100,700,221.14336571303977,-85,-85,-85,-85,1350,700,52.86156605355501,6.354730088013446,circular
721,1100,700,221.14336571303977,-85,-85,-85,-85,1350,700,59.216296141568456,6.354730088013446,circular
722,1100,700,221.14336571303977,-85,-85,-85,-85,1350,700,65.5710262295819,6.354730088013446,circular
723,1100,700,221.14336571303977,-85,-85,-85,-85,1350,700,71.92575631759534,6.354730088013446,circular
724,1100,700,221.14336571303977,-85,-85,-85,-85,1350,700,78.28048640560878,6.354730088013446,circular
725,1100,700,221.14336571303977,-85,-85,-85,-85,1350,700,84.63521649362222,6.354730088013446,circular
726,1100,700,221.14336571303977,-85,-85,-85,-85,1350,700,90.98994658163566,6.354730088013446,circular
727,1100,700,221.14336571303977,-85,-85,-85,-85,1350,700,97.3446766696491,6.354730088013446,circular
728,1100,700,221.14336571303977,-85,-85,-85,-85,1350,700,103.69940675766254,6.354730088013446,circular
729,1100,700,221.14336571303977,-85,-85,-85,-85,1350,700,110.05413684567598,6.354730088013446,circular
730,1100,700,221.14336571303977,-85,-85,-85,-85,1350,700,116.40886693368942,6.354730088013446,circular
731,1100,700,221.14336571303977,-85,-85,-85,-85,1350,700,122.76359702170286,6.354730088013446,circular
732,1100,700,221.14336571303977,-85,-85,-85,-85,1350,700,129.11832710971632,6.354730088013446,circular
733,1100,700,221.14336571303977,-85,-85,-85,-85,1350,700,135.47305719772976,6.354730088013446,circular
734,1100,700,221.14336571303977,-85,11.505794098357505,16.269948115724727,-85,1350,700,141.8277872857432,6.354730088013446,circular
735,1100,700,221.14336571303977,-85,19.91435422725632,21.41811930585211,-85,1350,700,148.18251737375664,6.354730088013446,circular
736,1100,700,221.14336571303977,-85,22.793695368992218,23.31969953712386,-85,1350,700,154.53724746177008,6.354730088013446,circular
737,1100,700,221.14336571303977,-85,24.1582774269213,24.495315191602927,-85,1350,700,160.89197754978352,6.354730088013446,circular
738,1100,700,221.14336571303977,-85,25.042923900792417,25.36180729449956,-85,1350,700,167.24670763779696,6.354730088013446,circular
739,1100,700,221.14336571303977,-85,25.684904084789974,25.80746062382631,-85,1350,700,173.6014377258104,6.354730088013446,circular
740,1100,700,221.14336571303977,-85,25.9816463993744,26.035130213615616,-85,1350,700,179.95616781382384,6.354730088013446,circular
741,1100,700,221.14336571303977,-85,26.077602459396946,26.067010357935978,-85,1350,700,186.31089790183728,6.354730088013446,circular
742,1100,700,221.14336571303977,-85,25.9816463993744,25.906018829630398,-85,1350,700,192.66562798985072,6.354730088013446,circular
743,1100,700,221.14336571303977,-85,25.684904084789977,25.536951728381826,-85,1350,700,199.02035807786416,6.354730088013446,circular
744,1100,700,221.14336571303977,-85,25.157178905256924,24.788337040832293,-85,1350,700,205.3750881658776,6.354730088013446,circular
745,1100,700,221.14336571303977,-85,24.1582774269213,23.769789312347285,-85,1350,700,211.72981825389104,6.354730088013446,circular
746,1100,700,221.14336571303977,-85,22.793695368992225,21.81335663023087,-85,1350,700,218.08454834190448,6.354730088013446,circular
747,1100,700,221.14336571303977,-85,20.48098321025059,18.474304759512954,-85,1350,700,224.43927842991792,6.354730088013446,circular
748,1100,700,221.14336571303977,-85,11.50579409835762,-85,-85,1350,700,230.79400851793136,6.354730088013446,circular
749,1100,700,221.14336571303977,-85,-85,-85,-85,1350,700,237.1487386059448,6.354730088013446,circular
750,1100,700,221.14336571303977,-85,-85,-85,-85,1350,700,243.50346869395824,6.354730088013446,circular
751,1100,700,221.14336571303977,-85,-85,-85,-85,1350,700,249.85819878197168,6.354730088013446,circular
752,1100,700,221.14336571303977,-85,-85,-85,-85,1350,700,256.21292886998515,6.354730088013446,circular
753,1100,700,221.14336571303977,-85,-85,-85,-85,1350,700,262.5676589579986,6.354730088013446,circular
754,1100,700,221.14336571303977,-85,-85,-85,-85,1350,700,268.9223890460121,6.354730088013446,circular
755,1100,700,221.14336571303977,-85,-85,-85,-85,1350,700,275.27711913402555,6.354730088013446,circular
756,1100,700,221.14336571303977,-85,-85,-85,-85,1350,700,281.631849222039,6.354730088013446,circular
757,1100,700,221.14336571303977,-85,-85,-85,-85,1350,700,287.9865793100525,6.354730088013446,circular
758,1100,700,221.14336571303977,-85,-85,-85,-85,1350,700,294.34130939806596,6.354730088013446,circular
759,1100,700,221.14336571303977,-85,-85,-85,-85,1350,700,300.6960394860794,6.354730088013446,circular
760,1100,700,221.14336571303977,-85,-85,-85,-85,1350,700,307.0507695740929,6.354730088013446,circular
761,1100,700,221.14336571303977,-85,-85,-85,-85,1350,700,313.40549966210637,6.354730088013446,circular
762,1100,700,221.14336571303977,-85,-85,-85,-85,1350,700,319.76022975011983,6.354730088013446,circular
763,1100,700,221.14336571303977,-85,-85,-85,-85,1350,700,326.1149598381333,6.354730088013446,circular
764,1100,700,221.14336571303977,-85,-85,-85,-85,1350,700,332.46968992614677,6.354730088013446,circular
765,1100,700,221.14336571303977,-85,-85,-85,-85,1350,700,338.82442001416024,6.354730088013446,circular
766,1100,700,221.14336571303977,-85,-85,-85,-85,1350,700,345.1791501021737,6.354730088013446,circular
767,1100,700,221.14336571303977,-85,-85,-85,-85,1350,700,351.5338801901872,6.354730088013446,circular
768,1100,700,221.14336571303977,-85,-85,-85,-85,1350,700,357.88861027820064,6.354730088013446,circular
769,1100,700,221.14336571303977,-85,-85,-85,-85,1350,700,4.243340366214113,6.354730088013446,circular
770,1100,700,221.14336571303977,-85,-85,-85,-85,1350,700,10.59807045422756,6.354730088013446,circular
771,1100,700,221.14336571303977,-85,-85,-85,-85,1350,700,16.952800542241008,6.354730088013446,circular
772,1100,700,221.14336571303977,-85,-85,-85,-85,1350,700,23.307530630254455,6.354730088013446,circular
773,1100,700,221.14336571303977,-85,-85,-85,-85,1350,700,29.662260718267902,6.354730088013446,circular
774,1100,700,221.14336571303977,-85,-85,-85,-85,1350,700,36.01699080628135,6.354730088013446,circular
775,1100,700,221.14336571303977,-85,-85,-85,-85,1350,700,42.371720894294796,6.354730088013446,circular
776,1100,700,221.14336571303977,-85,-85,-85,-85,1350,700,48.72645098230824,6.354730088013446,circular
777,1100,700,221.14336571303977,-85,-85,-85,-85,1350,700,55.08118107032169,6.354730088013446,circular
778,1100,700,221.14336571303977,-85,-85,-85,-85,1350,700,61.43591115833514,6.354730088013446,circular
779,1100,700,221.14336571303977,-85,-85,-85,-85,1350,700,67.79064124634859,6.354730088013446,circular
780,1100,700,221.14336571303977,-85,-85,-85,-85,1350,700,74.14537133436203,6.354730088013446,circular
781,1100,700,221.14336571303977,-85,-85,-85,-85,1350,700,80.50010142237547,6.354730088013446,circular
782,1100,700,221.14336571303977,-85,-85,-85,-85,1350,700,86.8548315103889,6.354730088013446,circular
783,1100,700,221.14336571303977,-85,-85,-85,-85,1350,700,93.20956159840235,6.354730088013446,circular
784,1100,700,221.14336571303977,-85,-85,-85,-85,1350,700,99.56429168641579,6.354730088013446,circular
785,1100,700,221.14336571303977,-85,-85,-85,-85,1350,700,105.91902177442923,6.354730088013446,circular
786,1100,700,221.14336571303977,-85,-85,-85,-85,1350,700,112.27375186244267,6.354730088013446,circular
787,1100,700,221.14336571303977,-85,-85,-85,-85,1350,700,118.6284819504561,6.354730088013446,circular
788,1100,700,221.14336571303977,-85,-85,-85,-85,1350,700,124.98321203846955,6.354730088013446,circular
789,1100,700,221.14336571303977,-85,-85,-85,-85,1350,700,131.337942126483,6.354730088013446,circular
790,1100,700,221.14336571303977,-85,-85,-85,-85,1350,700,137.69267221449644,6.354730088013446,circular
791,1100,700,221.14336571303977,-85,16.269948115724727,18.47430475951294,-85,1350,700,144.04740230250988,6.354730088013446,circular
792,1100,700,221.14336571303977,-85,20.97742610025734,22.170735458799452,-85,1350,700,150.40213239052332,6.354730088013446,circular
793,1100,700,221.14336571303977,-85,23.31969953712386,23.769789312347285,-85,1350,700,156.75686247853676,6.354730088013446,circular
794,1100,700,221.14336571303977,-85,24.495315191602927,24.92014212493214,-85,1350,700,163.1115925665502,6.354730088013446,circular
795,1100,700,221.14336571303977,-85,25.26334459461691,25.536951728381826,-85,1350,700,169.46632265456364,6.354730088013446,circular
796,1100,700,221.14336571303977,-85,25.80746062382631,25.906018829630398,-85,1350,700,175.82105274257708,6.354730088013446,circular
797,1100,700,221.14336571303977,-85,26.035130213615616,26.074956048612798,-85,1350,700,182.17578283059052,6.354730088013446,circular
798,1100,700,221.14336571303977,-85,26.067010357935978,26.035130213615616,-85,1350,700,188.53051291860396,6.354730088013446,circular
799,1100,700,221.14336571303977,-85,25.906018829630398,25.807460623826316,-85,1350,700,194.8852430066174,6.354730088013446,circular
800,1100,700,221.14336571303977,-85,25.536951728381826,25.263344594616918,-85,1350,700,201.23997309463084,6.354730088013446,circular
801,1100,700,221.14336571303977,-85,24.788337040832293,24.495315191602927,-85,1350,700,207.59470318264428,6.354730088013446,circular
802,1100,700,221.14336571303977,-85,23.769789312347285,23.319699537123853,-85,1350,700,213.94943327065772,6.354730088013446,circular
803,1100,700,221.14336571303977,-85,22.170735458799452,20.97742610025735,-85,1350,700,220.30416335867116,6.354730088013446,circular
804,1100,700,221.14336571303977,-85,18.474304759512954,16.269948115724716,-85,1350,700,226.6588934466846,6.354730088013446,circular
805,1100,700,221.14336571303977,-85,-85,-85,-85,1350,700,233.01362353469804,6.354730088013446,circular
806,1100,700,221.14336571303977,-85,-85,-85,-85,1350,700,239.36835362271148,6.354730088013446,circular
807,1100,700,221.14336571303977,-85,-85,-85,-85,1350,700,245.72308371072492,6.354730088013446,circular
808,1100,700,221.14336571303977,-85,-85,-85,-85,1350,700,252.07781379873836,6.354730088013446,circular
809,1100,700,221.14336571303977,-85,-85,-85,-85,1350,700,258.43254388675183,6.354730088013446,circular
810,1100,700,221.14336571303977,-85,-85,-85,-85,1350,700,264.7872739747653,6.354730088013446,circular
811,1100,700,221.14336571303977,-85,-85,-85,-85,1350,700,271.14200406277877,6.354730088013446,circular
812,1100,700,221.14336571303977,-85,-85,-85,-85,1350,700,277.49673415079224,6.354730088013446,circular
813,1100,700,221.14336571303977,-85,-85,-85,-85,1350,700,283.8514642388057,6.354730088013446,circular
814,1100,700,221.14336571303977,-85,-85,-85,-85,1350,700,290.2061943268192,6.354730088013446,circular
815,1100,700,221.14336571303977,-85,-85,-85,-85,1350,700,296.56092441483264,6.354730088013446,circular
816,1100,700,221.14336571303977,-85,-85,-85,-85,1350,700,302.9156545028461,6.354730088013446,circular
817,1100,700,221.14336571303977,-85,-85,-85,-85,1350,700,309.2703845908596,6.354730088013446,circular
818,1100,700,221.14336571303977,-85,-85,-85,-85,1350,700,315.62511467887305,6.354730088013446,circular
819,1100,700,221.14336571303977,-85,-85,-85,-85,1350,700,321.9798447668865,6.354730088013446,circular
820,1100,700,221.14336571303977,-85,-85,-85,-85,1350,700,328.3345748549,6.354730088013446,circular
821,1100,700,221.14336571303977,-85,-85,-85,-85,1350,700,334.68930494291345,6.354730088013446,circular
822,1100,700,221.14336571303977,-85,-85,-85,-85,1350,700,341.0440350309269,6.354730088013446,circular
823,1100,700,221.14336571303977,-85,-85,-85,-85,1350,700,347.3987651189404,6.354730088013446,circular
824,1100,700,221.14336571303977,-85,-85,-85,-85,1350,700,353.75349520695386,6.354730088013446,circular
825,1100,700,221.14336571303977,-85,-85,-85,-85,1350,700,0.10822529496732614,6.354730088013446,circular
826,1100,700,221.14336571303977,-85,-85,-85,-85,1350,700,6.462955382980772,6.354730088013446,circular
827,1100,700,221.14336571303977,-85,-85,-85,-85,1350,700,12.817685470994219,6.354730088013446,circular
828,1100,700,221.14336571303977,-85,-85,-85,-85,1350,700,19.172415559007664,6.354730088013446,circular
829,1100,700,221.14336571303977,-85,-85,-85,-85,1350,700,25.52714564702111,6.354730088013446,circular
830,1100,700,221.14336571303977,-85,-85,-85,-85,1350,700,31.88187573503456,6.354730088013446,circular
831,1100,700,221.14336571303977,-85,-85,-85,-85,1350,700,38.236605823048,6.354730088013446,circular
832,1100,700,221.14336571303977,-85,-85,-85,-85,1350,700,44.59133591106145,6.354730088013446,circular
833,1100,700,221.14336571303977,-85,-85,-85,-85,1350,700,50.9460659990749,6.354730088013446,circular
834,1100,700,221.14336571303977,-85,-85,-85,-85,1350,700,57.300796087088344,6.354730088013446,circular
835,1100,700,221.14336571303977,-85,-85,-85,-85,1350,700,63.65552617510179,6.354730088013446,circular
836,1100,700,221.14336571303977,-85,-85,-85,-85,1350,700,70.01025626311524,6.354730088013446,circular
837,1100,700,221.14336571303977,-85,-85,-85,-85,1350,700,76.36498635112868,6.354730088013446,circular
838,1100,700,221.14336571303977,-85,-85,-85,-85,1350,700,82.71971643914212,6.354730088013446,circular
839,1100,700,221.14336571303977,-85,-85,-85,-85,1350,700,89.07444652715556,6.354730088013446,circular
840,1100,700,221.14336571303977,-85,-85,-85,-85,1350,700,95.429176615169,6.354730088013446,circular
841,1100,700,221.14336571303977,-85,-85,-85,-85,1350,700,101.78390670318244,6.354730088013446,circular
842,1100,700,221.14336571303977,-85,-85,-85,-85,1350,700,108.13863679119588,6.354730088013446,circular
843,1100,700,221.14336571303977,-85,-85,-85,-85,1350,700,114.49336687920932,6.354730088013446,circular
844,1100,700,221.14336571303977,-85,-85,-85,-85,1350,700,120.84809696722276,6.354730088013446,circular
845,1100,700,221.14336571303977,-85,-85,-85,-85,1350,700,127.2028270552362,6.354730088013446,circular
846,1100,700,221.14336571303977,-85,-85,-85,-85,1350,700,133.55755714324965,6.354730088013446,circular
847,1100,700,221.14336571303977,-85,-85,11.505794098357505,-85,1350,700,139.9122872312631,6.354730088013446,circular
848,1100,700,221.14336571303977,-85,18.47430475951294,20.48098321025059,-85,1350,700,146.26701731927653,6.354730088013446,circular
849,1100,700,221.14336571303977,-85,22.170735458799452,22.793695368992218,-85,1350,700,152.62174740728997,6.354730088013446,circular
850,1100,700,221.14336571303977,-85,23.769789312347285,24.1582774269213,-85,1350,700,158.9764774953034,6.354730088013446,circular
851,1100,700,221.14336571303977,-85,24.78833704083229,25.157178905256924,-85,1350,700,165.33120758331685,6.354730088013446,circular
852,1100,700,221.14336571303977,-85,25.536951728381826,25.684904084789974,-85,1350,700,171.6859376713303,6.354730088013446,circular
853,1100,700,221.14336571303977,-85,25.906018829630398,25.9816463993744,-85,1350,700,178.04066775934373,6.354730088013446,circular
854,1100,700,221.14336571303977,-85,26.067010357935978,26.077602459396946,-85,1350,700,184.39539784735717,6.354730088013446,circular
855,1100,700,221.14336571303977,-85,26.035130213615616,25.9816463993744,-85,1350,700,190.7501279353706,6.354730088013446,circular
856,1100,700,221.14336571303977,-85,25.807460623826316,25.614204328866276,-85,1350,700,197.10485802338405,6.354730088013446,circular
857,1100,700,221.14336571303977,-85,25.361807294499556,25.042923900792417,-85,1350,700,203.4595881113975,6.354730088013446,circular
858,1100,700,221.14336571303977,-85,24.495315191602927,24.1582774269213,-85,1350,700,209.81431819941093,6.354730088013446,circular
859,1100,700,221.14336571303977,-85,23.319699537123853,22.496022074683278,-85,1350,700,216.16904828742437,6.354730088013446,circular
860,1100,700,221.14336571303977,-85,20.97742610025735,19.914354227256315,-85,1350,700,222.52377837543781,6.354730088013446,circular
861,1100,700,221.14336571303977,-85,16.269948115724716,11.50579409835762,-85,1350,700,228.87850846345125,6.354730088013446,circular
862,1100,700,221.14336571303977,-85,-85,-85,-85,1350,700,235.2332385514647,6.354730088013446,circular
863,1100,700,221.14336571303977,-85,-85,-85,-85,1350,700,241.58796863947813,6.354730088013446,circular
864,1100,700,221.14336571303977,-85,-85,-85,-85,1350,700,247.94269872749157,6.354730088013446,circular
865,1100,700,221.14336571303977,-85,-85,-85,-85,1350,700,254.29742881550501,6.354730088013446,circular
866,1100,700,221.14336571303977,-85,-85,-85,-85,1350,700,260.65215890351845,6.354730088013446,circular
867,1100,700,221.14336571303977,-85,-85,-85,-85,1350,700,267.0068889915319,6.354730088013446,circular
868,1100,700,221.14336571303977,-85,-85,-85,-85,1350,700,273.3616190795454,6.354730088013446,circular
869,1100,700,221.14336571303977,-85,-85,-85,-85,1350,700,279.71634916755886,6.354730088013446,circular
870,1100,700,221.14336571303977,-85,-85,-85,-85,1350,700,286.07107925557233,6.354730088013446,circular
871,1100,700,221.14336571303977,-85,-85,-85,-85,1350,700,292.4258093435858,6.354730088013446,circular
872,1100,700,221.14336571303977,-85,-85,-85,-85,1350,700,298.78053943159927,6.354730088013446,circular
873,1100,700,221.14336571303977,-85,-85,-85,-85,1350,700,305.13526951961273,6.354730088013446,circular
874,1100,700,221.14336571303977,-85,-85,-85,-85,1350,700,311.4899996076262,6.354730088013446,circular
875,1100,700,221.14336571303977,-85,-85,-85,-85,1350,700,317.84472969563967,6.354730088013446,circular
876,1100,700,221.14336571303977,-85,-85,-85,-85,1350,700,324.19945978365314,6.354730088013446,circular
877,1100,700,221.14336571303977,-85,-85,-85,-85,1350,700,330.5541898716666,6.354730088013446,circular
878,1100,700,221.14336571303977,-85,-85,-85,-85,1350,700,336.9089199596801,6.354730088013446,circular
879,1100,700,221.14336571303977,-85,-85,-85,-85,1350,700,343.26365004769355,6.354730088013446,circular
880,1100,700,221.14336571303977,-85,-85,-85,-85,1350,700,349.618380135707,6.354730088013446,circular
881,1100,700,221.14336571303977,-85,-85,-85,-85,1350,700,355.9731102237205,6.354730088013446,circular
882,1100,700,221.14336571303977,-85,-85,-85,-85,1350,700,2.327840311733951,6.354730088013446,circular
883,1100,700,221.14336571303977,-85,-85,-85,-85,1350,700,8.682570399747398,6.354730088013446,circular
884,1100,700,221.14336571303977,-85,-85,-85,-85,1350,700,15.037300487760845,6.354730088013446,circular
885,1100,700,221.14336571303977,-85,-85,-85,-85,1350,700,21.392030575774292,6.354730088013446,circular
886,1100,700,221.14336571303977,-85,-85,-85,-85,1350,700,27.74676066378774,6.354730088013446,circular
887,1100,700,221.14336571303977,-85,-85,-85,-85,1350,700,34.10149075180119,6.354730088013446,circular
888,1100,700,221.14336571303977,-85,-85,-85,-85,1350,700,40.456220839814634,6.354730088013446,circular
889,1100,700,221.14336571303977,-85,-85,-85,-85,1350,700,46.81095092782808,6.354730088013446,circular
890,1100,700,221.14336571303977,-85,-85,-85,-85,1350,700,53.16568101584153,6.354730088013446,circular
891,1100,700,221.14336571303977,-85,-85,-85,-85,1350,700,59.520411103854975,6.354730088013446,circular
892,1100,700,221.14336571303977,-85,-85,-85,-85,1350,700,65.87514119186842,6.354730088013446,circular
893,1100,700,221.14336571303977,-85,-85,-85,-85,1350,700,72.22987127988186,6.354730088013446,circular
894,1100,700,221.14336571303977,-85,-85,-85,-85,1350,700,78.5846013678953,6.354730088013446,circular
895,1100,700,221.14336571303977,-85,-85,-85,-85,1350,700,84.93933145590874,6.354730088013446,circular
896,1100,700,221.14336571303977,-85,-85,-85,-85,1350,700,91.29406154392218,6.354730088013446,circular
897,1100,700,221.14336571303977,-85,-85,-85,-85,1350,700,97.64879163193562,6.354730088013446,circular
898,1100,700,221.14336571303977,-85,-85,-85,-85,1350,700,104.00352171994906,6.354730088013446,circular
899,1100,700,221.14336571303977,-85,-85,-85,-85,1350,700,110.3582518079625,6.354730088013446,circular
900,1100,700,221.14336571303977,-85,-85,-85,-85,1350,700,116.71298189597594,6.354730088013446,circular
901,1100,700,221.14336571303977,-85,-85,-85,-85,1350,700,123.06771198398938,6.354730088013446,circular
902,1100,700,221.14336571303977,-85,-85,-85,-85,1350,700,129.42244207200284,6.354730088013446,circular
903,1100,700,221.14336571303977,-85,-85,-85,-85,1350,700,135.77717216001628,6.354730088013446,circular
904,1100,700,221.14336571303977,-85,11.505794098357505,17.513155499392102,-85,1350,700,142.13190224802972,6.354730088013446,circular
905,1100,700,221.14336571303977,-85,19.91435422725632,21.41811930585211,-85,1350,700,148.48663233604316,6.354730088013446,circular
906,1100,700,221.14336571303977,-85,22.793695368992218,23.31969953712386,-85,1350,700,154.8413624240566,6.354730088013446,circular
907,1100,700,221.14336571303977,-85,24.1582774269213,24.646943359767004,-85,1350,700,161.19609251207004,6.354730088013446,circular
908,1100,700,221.14336571303977,-85,25.157178905256924,25.36180729449956,-85,1350,700,167.55082260008348,6.354730088013446,circular
909,1100,700,221.14336571303977,-85,25.684904084789974,25.80746062382631,-85,1350,700,173.90555268809692,6.354730088013446,circular
910,1100,700,221.14336571303977,-85,25.9816463993744,26.053745949214605,-85,1350,700,180.26028277611036,6.354730088013446,circular
911,1100,700,221.14336571303977,-85,26.077602459396946,26.067010357935978,-85,1350,700,186.6150128641238,6.354730088013446,circular
912,1100,700,221.14336571303977,-85,25.9816463993744,25.906018829630398,-85,1350,700,192.96974295213724,6.354730088013446,circular
913,1100,700,221.14336571303977,-85,25.684904084789977,25.452908776355446,-85,1350,700,199.32447304015068,6.354730088013446,circular
914,1100,700,221.14336571303977,-85,25.042923900792417,24.788337040832293,-85,1350,700,205.67920312816412,6.354730088013446,circular
915,1100,700,221.14336571303977,-85,24.1582774269213,23.769789312347285,-85,1350,700,212.03393321617756,6.354730088013446,circular
916,1100,700,221.14336571303977,-85,22.793695368992225,21.81335663023087,-85,1350,700,218.388663304191,6.354730088013446,circular
917,1100,700,221.14336571303977,-85,19.914354227256315,18.474304759512954,-85,1350,700,224.74339339220444,6.354730088013446,circular
918,1100,700,221.14336571303977,-85,11.50579409835762,-85,-85,1350,700,231.09812348021788,6.354730088013446,circular
919,1100,700,221.14336571303977,-85,-85,-85,-85,1350,700,237.45285356823132,6.354730088013446,circular
920,1100,700,221.14336571303977,-85,-85,-85,-85,1350,700,243.80758365624476,6.354730088013446,circular
921,1100,700,221.14336571303977,-85,-85,-85,-85,1350,700,250.1623137442582,6.354730088013446,circular
922,1100,700,221.14336571303977,-85,-85,-85,-85,1350,700,256.51704383227167,6.354730088013446,circular
923,1100,700,221.14336571303977,-85,-85,-85,-85,1350,700,262.87177392028514,6.354730088013446,circular
924,1100,700,221.14336571303977,-85,-85,-85,-85,1350,700,269.2265040082986,6.354730088013446,circular
925,1100,700,221.14336571303977,-85,-85,-85,-85,1350,700,275.5812340963121,6.354730088013446,circular
926,1100,700,221.14336571303977,-85,-85,-85,-85,1350,700,281.93596418432554,6.354730088013446,circular
927,1100,700,221.14336571303977,-85,-85,-85,-85,1350,700,288.290694272339,6.354730088013446,circular
928,1100,700,221.14336571303977,-85,-85,-85,-85,1350,700,294.6454243603525,6.354730088013446,circular
929,1100,700,221.14336571303977,-85,-85,-85,-85,1350,700,301.00015444836595,6.354730088013446,circular
930,1100,700,221.14336571303977,-85,-85,-85,-85,1350,700,307.3548845363794,6.354730088013446,circular
931,1100,700,221.14336571303977,-85,-85,-85,-85,1350,700,313.7096146243929,6.354730088013446,circular
932,1100,700,221.14336571303977,-85,-85,-85,-85,1350,700,320.06434471240635,6.354730088013446,circular
933,1100,700,221.14336571303977,-85,-85,-85,-85,1350,700,326.4190748004198,6.354730088013446,circular
934,1100,700,221.14336571303977,-85,-85,-85,-85,1350,700,332.7738048884333,6.354730088013446,circular
935,1100,700,221.14336571303977,-85,-85,-85,-85,1350,700,339.12853497644676,6.354730088013446,circular
936,1100,700,221.14336571303977,-85,-85,-85,-85,1350,700,345.4832650644602,6.354730088013446,circular
937,1100,700,221.14336571303977,-85,-85,-85,-85,1350,700,351.8379951524737,6.354730088013446,circular
938,1100,700,221.14336571303977,-85,-85,-85,-85,1350,700,358.19272524048716,6.354730088013446,circular
939,1100,700,221.14336571303977,-85,-85,-85,-85,1350,700,4.547455328500632,6.354730088013446,circular
940,1100,700,221.14336571303977,-85,-85,-85,-85,1350,700,10.90218541651408,6.354730088013446,circular
941,1100,700,221.14336571303977,-85,-85,-85,-85,1350,700,17.256915504527527,6.354730088013446,circular
942,1100,700,221.14336571303977,-85,-85,-85,-85,1350,700,23.611645592540974,6.354730088013446,circular
943,1100,700,221.14336571303977,-85,-85,-85,-85,1350,700,29.96637568055442,6.354730088013446,circular
944,1100,700,221.14336571303977,-85,-85,-85,-85,1350,700,36.32110576856787,6.354730088013446,circular
945,1100,700,221.14336571303977,-85,-85,-85,-85,1350,700,42.675835856581315,6.354730088013446,circular
946,1100,700,221.14336571303977,-85,-85,-85,-85,1350,700,49.03056594459476,6.354730088013446,circular
947,1100,700,221.14336571303977,-85,-85,-85,-85,1350,700,55.38529603260821,6.354730088013446,circular
948,1100,700,221.14336571303977,-85,-85,-85,-85,1350,700,61.74002612062166,6.354730088013446,circular
949,1100,700,221.14336571303977,-85,-85,-85,-85,1350,700,68.0947562086351,6.354730088013446,circular
950,1100,700,221.14336571303977,-85,-85,-85,-85,1350,700,74.44948629664854,6.354730088013446,circular
951,1100,700,221.14336571303977,-85,-85,-85,-85,1350,700,80.80421638466198,6.354730088013446,circular
952,1100,700,221.14336571303977,-85,-85,-85,-85,1350,700,87.15894647267542,6.354730088013446,circular
953,1100,700,221.14336571303977,-85,-85,-85,-85,1350,700,93.51367656068886,6.354730088013446,circular
954,1100,700,221.14336571303977,-85,-85,-85,-85,1350,700,99.8684066487023,6.354730088013446,circular
955,1100,700,221.14336571303977,-85,-85,-85,-85,1350,700,106.22313673671574,6.354730088013446,circular
956,1100,700,221.14336571303977,-85,-85,-85,-85,1350,700,112.57786682472918,6.354730088013446,circular
957,1100,700,221.14336571303977,-85,-85,-85,-85,1350,700,118.93259691274262,6.354730088013446,circular
958,1100,700,221.14336571303977,-85,-85,-85,-85,1350,700,125.28732700075606,6.354730088013446,circular
959,1100,700,221.14336571303977,-85,-85,-85,-85,1350,700,131.64205708876952,6.354730088013446,circular
960,1100,700,221.14336571303977,-85,-85,-85,-85,1350,700,137.99678717678296,6.354730088013446,circular
961,1100,700,221.14336571303977,-85,16.269948115724727,19.25639156218217,-85,1350,700,144.3515172647964,6.354730088013446,circular
962,1100,700,221.14336571303977,-85,21.41811930585211,22.170735458799452,-85,1350,700,150.70624735280984,6.354730088013446,circular
963,1100,700,221.14336571303977,-85,23.31969953712386,23.769789312347285,-85,1350,700,157.06097744082328,6.354730088013446,circular
964,1100,700,221.14336571303977,-85,24.495315191602927,24.92014212493214,-85,1350,700,163.41570752883672,6.354730088013446,circular
965,1100,700,221.14336571303977,-85,25.36180729449956,25.536951728381826,-85,1350,700,169.77043761685016,6.354730088013446,circular
966,1100,700,221.14336571303977,-85,25.80746062382631,25.946643644493044,-85,1350,700,176.1251677048636,6.354730088013446,circular
967,1100,700,221.14336571303977,-85,26.035130213615616,26.074956048612798,-85,1350,700,182.47989779287704,6.354730088013446,circular
968,1100,700,221.14336571303977,-85,26.067010357935978,26.035130213615616,-85,1350,700,188.83462788089048,6.354730088013446,circular
969,1100,700,221.14336571303977,-85,25.906018829630398,25.7492610641292,-85,1350,700,195.18935796890392,6.354730088013446,circular
970,1100,700,221.14336571303977,-85,25.452908776355446,25.263344594616918,-85,1350,700,201.54408805691736,6.354730088013446,circular
971,1100,700,221.14336571303977,-85,24.788337040832293,24.495315191602927,-85,1350,700,207.8988181449308,6.354730088013446,circular
972,1100,700,221.14336571303977,-85,23.769789312347285,23.067302502757133,-85,1350,700,214.25354823294424,6.354730088013446,circular
973,1100,700,221.14336571303977,-85,21.81335663023087,20.97742610025735,-85,1350,700,220.60827832095768,6.354730088013446,circular
974,1100,700,221.14336571303977,-85,18.474304759512954,16.269948115724716,-85,1350,700,226.96300840897112,6.354730088013446,circular
975,1100,700,221.14336571303977,-85,-85,-85,-85,1350,700,233.31773849698456,6.354730088013446,circular
976,1100,700,221.14336571303977,-85,-85,-85,-85,1350,700,239.672468584998,6.354730088013446,circular
977,1100,700,221.14336571303977,-85,-85,-85,-85,1350,700,246.02719867301144,6.354730088013446,circular
978,1100,700,221.14336571303977,-85,-85,-85,-85,1350,700,252.38192876102488,6.354730088013446,circular
979,1100,700,221.14336571303977,-85,-85,-85,-85,1350,700,258.73665884903835,6.354730088013446,circular
980,1100,700,221.14336571303977,-85,-85,-85,-85,1350,700,265.0913889370518,6.354730088013446,circular
981,1100,700,221.14336571303977,-85,-85,-85,-85,1350,700,271.4461190250653,6.354730088013446,circular
982,1100,700,221.14336571303977,-85,-85,-85,-85,1350,700,277.80084911307875,6.354730088013446,circular
983,1100,700,221.14336571303977,-85,-85,-85,-85,1350,700,284.1555792010922,6.354730088013446,circular
984,1100,700,221.14336571303977,-85,-85,-85,-85,1350,700,290.5103092891057,6.354730088013446,circular
985,1100,700,221.14336571303977,-85,-85,-85,-85,1350,700,296.86503937711916,6.354730088013446,circular
986,1100,700,221.14336571303977,-85,-85,-85,-85,1350,700,303.21976946513263,6.354730088013446,circular
987,1100,700,221.14336571303977,-85,-85,-85,-85,1350,700,309.5744995531461,6.354730088013446,circular
988,1100,700,221.14336571303977,-85,-85,-85,-85,1350,700,315.92922964115957,6.354730088013446,circular
989,1100,700,221.14336571303977,-85,-85,-85,-85,1350,700,322.28395972917303,6.354730088013446,circular
990,1100,700,221.14336571303977,-85,-85,-85,-85,1350,700,328.6386898171865,6.354730088013446,circular
991,1100,700,221.14336571303977,-85,-85,-85,-85,1350,700,334.99341990519997,6.354730088013446,circular
992,1100,700,221.14336571303977,-85,-85,-85,-85,1350,700,341.34814999321344,6.354730088013446,circular
993,1100,700,221.14336571303977,-85,-85,-85,-85,1350,700,347.7028800812269,6.354730088013446,circular
994,1100,700,221.14336571303977,-85,-85,-85,-85,1350,700,354.0576101692404,6.354730088013446,circular
995,1100,700,221.14336571303977,-85,-85,-85,-85,1350,700,0.41234025725384527,6.354730088013446,circular
996,1100,700,221.14336571303977,-85,-85,-85,-85,1350,700,6.767070345267292,6.354730088013446,circular
997,1100,700,221.14336571303977,-85,-85,-85,-85,1350,700,13.121800433280738,6.354730088013446,circular
998,1100,700,221.14336571303977,-85,-85,-85,-85,1350,700,19.476530521294183,6.354730088013446,circular
999,1100,700,221.14336571303977,-85,-85,-85,-85,1350,700,25.83126060930763,6.354730088013446,circular
