Tick,Aircraft X,Aircraft Y,Aircraft Heading,A1,A2,A3,A4,Radar X,Radar Y,Radar Azimuth,Radar RPM,Radar Scan Pattern
0,1100,700,1.861927121536624,-85,-85,-85,-85,1350,700,29.095737463923484,3.9438890929830954,circular
1,1100,700,1.861927121536624,-85,-85,-85,-85,1350,700,33.03962655690658,3.9438890929830954,circular
2,1100,700,1.861927121536624,-85,-85,-85,-85,1350,700,36.98351564988968,3.9438890929830954,circular
3,1100,700,1.861927121536624,-85,-85,-85,-85,1350,700,40.92740474287278,3.9438890929830954,circular
4,1100,700,1.861927121536624,-85,-85,-85,-85,1350,700,44.87129383585588,3.9438890929830954,circular
5,1100,700,1.861927121536624,-85,-85,-85,-85,1350,700,48.81518292883898,3.9438890929830954,circular
6,1100,700,1.861927121536624,-85,-85,-85,-85,1350,700,52.75907202182208,3.9438890929830954,circular
7,1100,700,1.861927121536624,-85,-85,-85,-85,1350,700,56.70296111480518,3.9438890929830954,circular
8,1100,700,1.861927121536624,-85,-85,-85,-85,1350,700,60.646850207788276,3.9438890929830954,circular
9,1100,700,1.861927121536624,-85,-85,-85,-85,1350,700,64.59073930077138,3.9438890929830954,circular
10,1100,700,1.861927121536624,-85,-85,-85,-85,1350,700,68.53462839375447,3.9438890929830954,circular
11,1100,700,1.861927121536624,-85,-85,-85,-85,1350,700,72.47851748673757,3.9438890929830954,circular
12,1100,700,1.861927121536624,-85,-85,-85,-85,1350,700,76.42240657972067,3.9438890929830954,circular
13,1100,700,1.861927121536624,-85,-85,-85,-85,1350,700,80.36629567270377,3.9438890929830954,circular
14,1100,700,1.861927121536624,-85,-85,-85,-85,1350,700,84.31018476568687,3.9438890929830954,circular
15,1100,700,1.861927121536624,-85,-85,-85,-85,1350,700,88.25407385866997,3.9438890929830954,circular
16,1100,700,1.861927121536624,-85,-85,-85,-85,1350,700,92.19796295165307,3.9438890929830954,circular
17,1100,700,1.861927121536624,-85,-85,-85,-85,1350,700,96.14185204463617,3.9438890929830954,circular
18,1100,700,1.861927121536624,-85,-85,-85,-85,1350,700,100.08574113761927,3.9438890929830954,circular
19,1100,700,1.861927121536624,-85,-85,-85,-85,1350,700,104.02963023060236,3.9438890929830954,circular
20,1100,700,1.861927121536624,-85,-85,-85,-85,1350,700,107.97351932358546,3.9438890929830954,circular
21,1100,700,1.861927121536624,-85,-85,-85,-85,1350,700,111.91740841656856,3.9438890929830954,circular
22,1100,700,1.861927121536624,-85,-85,-85,-85,1350,700,115.86129750955166,3.9438890929830954,circular
23,1100,700,1.861927121536624,-85,-85,-85,-85,1350,700,119.80518660253476,3.9438890929830954,circular
24,1100,700,1.861927121536624,-85,-85,-85,-85,1350,700,123.74907569551786,3.9438890929830954,circular
25,1100,700,1.861927121536624,-85,-85,-85,-85,1350,700,127.69296478850096,3.9438890929830954,circular
26,1100,700,1.861927121536624,-85,-85,-85,-85,1350,700,131.63685388148406,3.9438890929830954,circular
27,1100,700,1.861927121536624,-85,-85,-85,-85,1350,700,135.58074297446714,3.9438890929830954,circular
28,1100,700,1.861927121536624,16.269948115724727,-85,-85,-85,1350,700,139.52463206745023,3.9438890929830954,circular
29,1100,700,1.861927121536624,19.91435422725632,-85,-85,16.269948115724727,1350,700,143.4685211604333,3.9438890929830954,circular
30,1100,700,1.861927121536624,21.813356630230874,-85,-85,19.91435422725632,1350,700,147.4124102534164,3.9438890929830954,circular
31,1100,700,1.861927121536624,23.06730250275713,-85,-85,21.813356630230874,1350,700,151.35629934639948,3.9438890929830954,circular
32,1100,700,1.861927121536624,23.971022246457757,-85,-85,23.06730250275713,1350,700,155.30018843938257,3.9438890929830954,circular
33,1100,700,1.861927121536624,24.646943359767004,-85,-85,23.971022246457757,1350,700,159.24407753236565,3.9438890929830954,circular
34,1100,700,1.861927121536624,25.042923900792417,-85,-85,24.646943359767004,1350,700,163.18796662534874,3.9438890929830954,circular
35,1100,700,1.861927121536624,25.452908776355446,-85,-85,25.157178905256924,1350,700,167.13185571833182,3.9438890929830954,circular
36,1100,700,1.861927121536624,25.7492610641292,-85,-85,25.536951728381826,1350,700,171.0757448113149,3.9438890929830954,circular
37,1100,700,1.861927121536624,25.946643644493044,-85,-85,25.80746062382631,1350,700,175.019633904298,3.9438890929830954,circular
38,1100,700,1.861927121536624,26.053745949214605,-85,-85,25.9816463993744,1350,700,178.96352299728107,3.9438890929830954,circular
39,1100,700,1.861927121536624,26.077602459396946,-85,-85,26.067010357935978,1350,700,182.90741209026416,3.9438890929830954,circular
40,1100,700,1.861927121536624,26.035130213615616,-85,-85,26.074956048612798,1350,700,186.85130118324724,3.9438890929830954,circular
41,1100,700,1.861927121536624,25.906018829630398,-85,-85,26.011117049096303,1350,700,190.79519027623033,3.9438890929830954,circular
42,1100,700,1.861927121536624,25.684904084789977,-85,-85,25.859665714847075,1350,700,194.7390793692134,3.9438890929830954,circular
43,1100,700,1.861927121536624,25.361807294499556,-85,-85,25.614204328866276,1350,700,198.6829684621965,3.9438890929830954,circular
44,1100,700,1.861927121536624,24.92014212493214,-85,-85,25.263344594616918,1350,700,202.62685755517958,3.9438890929830954,circular
45,1100,700,1.861927121536624,24.332711411139446,-85,-85,24.788337040832293,1350,700,206.57074664816267,3.9438890929830954,circular
46,1100,700,1.861927121536624,23.553218972269416,-85,-85,24.332711411139446,1350,700,210.51463574114575,3.9438890929830954,circular
47,1100,700,1.861927121536624,22.496022074683278,-85,-85,23.553218972269416,1350,700,214.45852483412884,3.9438890929830954,circular
48,1100,700,1.861927121536624,20.97742610025735,-85,-85,22.496022074683278,1350,700,218.40241392711192,3.9438890929830954,circular
49,1100,700,1.861927121536624,18.474304759512954,-85,-85,20.97742610025735,1350,700,222.346303020095,3.9438890929830954,circular
50,1100,700,1.861927121536624,11.50579409835762,-85,-85,18.474304759512954,1350,700,226.2901921130781,3.9438890929830954,circular
51,1100,700,1.861927121536624,-85,-85,-85,11.50579409835762,1350,700,230.23408120606118,3.9438890929830954,circular
52,1100,700,1.861927121536624,-85,-85,-85,-85,1350,700,234.17797029904426,3.9438890929830954,circular
53,1100,700,1.861927121536624,-85,-85,-85,-85,1350,700,238.12185939202735,3.9438890929830954,circular
54,1100,700,1.861927121536624,-85,-85,-85,-85,1350,700,242.06574848501043,3.9438890929830954,circular
55,1100,700,1.861927121536624,-85,-85,-85,-85,1350,700,246.00963757799352,3.9438890929830954,circular
56,1100,700,1.861927121536624,-85,-85,-85,-85,1350,700,249.9535266709766,3.9438890929830954,circular
57,1100,700,1.861927121536624,-85,-85,-85,-85,1350,700,253.89741576395969,3.9438890929830954,circular
58,1100,700,1.861927121536624,-85,-85,-85,-85,1350,700,257.84130485694277,3.9438890929830954,circular
59,1100,700,1.861927121536624,-85,-85,-85,-85,1350,700,261.7851939499259,3.9438890929830954,circular
60,1100,700,1.861927121536624,-85,-85,-85,-85,1350,700,265.729083042909,3.9438890929830954,circular
61,1100,700,1.861927121536624,-85,-85,-85,-85,1350,700,269.6729721358921,3.9438890929830954,circular
62,1100,700,1.861927121536624,-85,-85,-85,-85,1350,700,273.6168612288752,3.9438890929830954,circular
63,1100,700,1.861927121536624,-85,-85,-85,-85,1350,700,277.56075032185834,3.9438890929830954,circular
64,1100,700,1.861927121536624,-85,-85,-85,-85,1350,700,281.50463941484145,3.9438890929830954,circular
65,1100,700,1.861927121536624,-85,-85,-85,-85,1350,700,285.44852850782456,3.9438890929830954,circular
66,1100,700,1.861927121536624,-85,-85,-85,-85,1350,700,289.3924176008077,3.9438890929830954,circular
67,1100,700,1.861927121536624,-85,-85,-85,-85,1350,700,293.3363066937908,3.9438890929830954,circular
68,1100,700,1.861927121536624,-85,-85,-85,-85,1350,700,297.2801957867739,3.9438890929830954,circular
69,1100,700,1.861927121536624,-85,-85,-85,-85,1350,700,301.224084879757,3.9438890929830954,circular
70,1100,700,1.861927121536624,-85,-85,-85,-85,1350,700,305.1679739727401,3.9438890929830954,circular
71,1100,700,1.861927121536624,-85,-85,-85,-85,1350,700,309.11186306572324,3.9438890929830954,circular
72,1100,700,1.861927121536624,-85,-85,-85,-85,1350,700,313.05575215870635,3.9438890929830954,circular
73,1100,700,1.861927121536624,-85,-85,-85,-85,1350,700,316.99964125168947,3.9438890929830954,circular
74,1100,700,1.861927121536624,-85,-85,-85,-85,1350,700,320.9435303446726,3.9438890929830954,circular
75,1100,700,1.861927121536624,-85,-85,-85,-85,1350,700,324.8874194376557,3.9438890929830954,circular
76,1100,700,1.861927121536624,-85,-85,-85,-85,1350,700,328.8313085306388,3.9438890929830954,circular
77,1100,700,1.861927121536624,-85,-85,-85,-85,1350,700,332.7751976236219,3.9438890929830954,circular
78,1100,700,1.861927121536624,-85,-85,-85,-85,1350,700,336.71908671660503,3.9438890929830954,circular
79,1100,700,1.861927121536624,-85,-85,-85,-85,1350,700,340.66297580958815,3.9438890929830954,circular
80,1100,700,1.861927121536624,-85,-85,-85,-85,1350,700,344.60686490257126,3.9438890929830954,circular
81,1100,700,1.861927121536624,-85,-85,-85,-85,1350,700,348.5507539955544,3.9438890929830954,circular
82,1100,700,1.861927121536624,-85,-85,-85,-85,1350,700,352.4946430885375,3.9438890929830954,circular
83,1100,700,1.861927121536624,-85,-85,-85,-85,1350,700,356.4385321815206,3.9438890929830954,circular
84,1100,700,1.861927121536624,-85,-85,-85,-85,1350,700,0.382421274503713,3.9438890929830954,circular
85,1100,700,1.861927121536624,-85,-85,-85,-85,1350,700,4.326310367486808,3.9438890929830954,circular
86,1100,700,1.861927121536624,-85,-85,-85,-85,1350,700,8.270199460469904,3.9438890929830954,circular
87,1100,700,1.861927121536624,-85,-85,-85,-85,1350,700,12.214088553453,3.9438890929830954,circular
88,1100,700,1.861927121536624,-85,-85,-85,-85,1350,700,16.157977646436095,3.9438890929830954,circular
89,1100,700,1.861927121536624,-85,-85,-85,-85,1350,700,20.10186673941919,3.9438890929830954,circular
90,1100,700,1.861927121536624,-85,-85,-85,-85,1350,700,24.045755832402286,3.9438890929830954,circular
91,1100,700,1.861927121536624,-85,-85,-85,-85,1350,700,27.98964492538538,3.9438890929830954,circular
92,1100,700,1.861927121536624,-85,-85,-85,-85,1350,700,31.933534018368476,3.9438890929830954,circular
93,1100,700,1.861927121536624,-85,-85,-85,-85,1350,700,35.877423111351575,3.9438890929830954,circular
94,1100,700,1.861927121536624,-85,-85,-85,-85,1350,700,39.821312204334674,3.9438890929830954,circular
95,1100,700,1.861927121536624,-85,-85,-85,-85,1350,700,43.76520129731777,3.9438890929830954,circular
96,1100,700,1.861927121536624,-85,-85,-85,-85,1350,700,47.70909039030087,3.9438890929830954,circular
97,1100,700,1.861927121536624,-85,-85,-85,-85,1350,700,51.65297948328397,3.9438890929830954,circular
98,1100,700,1.861927121536624,-85,-85,-85,-85,1350,700,55.59686857626707,3.9438890929830954,circular
99,1100,700,1.861927121536624,-85,-85,-85,-85,1350,700,59.54075766925017,3.9438890929830954,circular
100,1100,700,1.861927121536624,-85,-85,-85,-85,1350,700,63.48464676223327,3.9438890929830954,circular
101,1100,700,1.861927121536624,-85,-85,-85,-85,1350,700,67.42853585521637,3.9438890929830954,circular
102,1100,700,1.861927121536624,-85,-85,-85,-85,1350,700,71.37242494819947,3.9438890929830954,circular
103,1100,700,1.861927121536624,-85,-85,-85,-85,1350,700,75.31631404118257,3.9438890929830954,circular
104,1100,700,1.861927121536624,-85,-85,-85,-85,1350,700,79.26020313416566,3.9438890929830954,circular
105,1100,700,1.861927121536624,-85,-85,-85,-85,1350,700,83.20409222714876,3.9438890929830954,circular
106,1100,700,1.861927121536624,-85,-85,-85,-85,1350,700,87.14798132013186,3.9438890929830954,circular
107,1100,700,1.861927121536624,-85,-85,-85,-85,1350,700,91.09187041311496,3.9438890929830954,circular
108,1100,700,1.861927121536624,-85,-85,-85,-85,1350,700,95.03575950609806,3.9438890929830954,circular
109,1100,700,1.861927121536624,-85,-85,-85,-85,1350,700,98.97964859908116,3.9438890929830954,circular
110,1100,700,1.861927121536624,-85,-85,-85,-85,1350,700,102.92353769206426,3.9438890929830954,circular
111,1100,700,1.861927121536624,-85,-85,-85,-85,1350,700,106.86742678504736,3.9438890929830954,circular
112,1100,700,1.861927121536624,-85,-85,-85,-85,1350,700,110.81131587803046,3.9438890929830954,circular
113,1100,700,1.861927121536624,-85,-85,-85,-85,1350,700,114.75520497101355,3.9438890929830954,circular
114,1100,700,1.861927121536624,-85,-85,-85,-85,1350,700,118.69909406399665,3.9438890929830954,circular
115,1100,700,1.861927121536624,-85,-85,-85,-85,1350,700,122.64298315697975,3.9438890929830954,circular
116,1100,700,1.861927121536624,-85,-85,-85,-85,1350,700,126.58687224996285,3.9438890929830954,circular
117,1100,700,1.861927121536624,-85,-85,-85,-85,1350,700,130.53076134294594,3.9438890929830954,circular
118,1100,700,1.861927121536624,-85,-85,-85,-85,1350,700,134.47465043592902,3.9438890929830954,circular
119,1100,700,1.861927121536624,14.513447644213304,-85,-85,-85,1350,700,138.4185395289121,3.9438890929830954,circular
120,1100,700,1.861927121536624,19.25639156218217,-85,-85,14.513447644213304,1350,700,142.3624286218952,3.9438890929830954,circular
121,1100,700,1.861927121536624,21.41811930585211,-85,-85,19.25639156218217,1350,700,146.30631771487828,3.9438890929830954,circular
122,1100,700,1.861927121536624,22.793695368992218,-85,-85,21.41811930585211,1350,700,150.25020680786136,3.9438890929830954,circular
123,1100,700,1.861927121536624,23.553218972269416,-85,-85,22.793695368992218,1350,700,154.19409590084445,3.9438890929830954,circular
124,1100,700,1.861927121536624,24.33271141113945,-85,-85,23.769789312347285,1350,700,158.13798499382753,3.9438890929830954,circular
125,1100,700,1.861927121536624,24.92014212493214,-85,-85,24.495315191602927,1350,700,162.08187408681061,3.9438890929830954,circular
126,1100,700,1.861927121536624,25.36180729449956,-85,-85,25.042923900792417,1350,700,166.0257631797937,3.9438890929830954,circular
127,1100,700,1.861927121536624,25.684904084789974,-85,-85,25.452908776355446,1350,700,169.96965227277678,3.9438890929830954,circular
128,1100,700,1.861927121536624,25.906018829630398,-85,-85,25.7492610641292,1350,700,173.91354136575987,3.9438890929830954,circular
129,1100,700,1.861927121536624,26.035130213615616,-85,-85,25.946643644493044,1350,700,177.85743045874295,3.9438890929830954,circular
130,1100,700,1.861927121536624,26.077602459396946,-85,-85,26.053745949214605,1350,700,181.80131955172604,3.9438890929830954,circular
131,1100,700,1.861927121536624,26.053745949214605,-85,-85,26.077602459396946,1350,700,185.74520864470912,3.9438890929830954,circular
132,1100,700,1.861927121536624,25.946643644493044,-85,-85,26.035130213615616,1350,700,189.6890977376922,3.9438890929830954,circular
133,1100,700,1.861927121536624,25.7492610641292,-85,-85,25.906018829630398,1350,700,193.6329868306753,3.9438890929830954,circular
134,1100,700,1.861927121536624,25.452908776355446,-85,-85,25.684904084789977,1350,700,197.57687592365838,3.9438890929830954,circular
135,1100,700,1.861927121536624,25.042923900792417,-85,-85,25.452908776355446,1350,700,201.52076501664146,3.9438890929830954,circular
136,1100,700,1.861927121536624,24.495315191602927,-85,-85,25.042923900792417,1350,700,205.46465410962455,3.9438890929830954,circular
137,1100,700,1.861927121536624,23.769789312347285,-85,-85,24.495315191602927,1350,700,209.40854320260763,3.9438890929830954,circular
138,1100,700,1.861927121536624,22.793695368992225,-85,-85,23.769789312347285,1350,700,213.35243229559072,3.9438890929830954,circular
139,1100,700,1.861927121536624,21.418119305852123,-85,-85,22.793695368992225,1350,700,217.2963213885738,3.9438890929830954,circular
140,1100,700,1.861927121536624,19.25639156218219,-85,-85,21.418119305852123,1350,700,221.2402104815569,3.9438890929830954,circular
141,1100,700,1.861927121536624,16.269948115724716,-85,-85,19.25639156218219,1350,700,225.18409957453997,3.9438890929830954,circular
142,1100,700,1.861927121536624,-85,-85,-85,14.513447644213265,1350,700,229.12798866752306,3.9438890929830954,circular
143,1100,700,1.861927121536624,-85,-85,-85,-85,1350,700,233.07187776050614,3.9438890929830954,circular
144,1100,700,1.861927121536624,-85,-85,-85,-85,1350,700,237.01576685348923,3.9438890929830954,circular
145,1100,700,1.861927121536624,-85,-85,-85,-85,1350,700,240.9596559464723,3.9438890929830954,circular
146,1100,700,1.861927121536624,-85,-85,-85,-85,1350,700,244.9035450394554,3.9438890929830954,circular
147,1100,700,1.861927121536624,-85,-85,-85,-85,1350,700,248.84743413243848,3.9438890929830954,circular
148,1100,700,1.861927121536624,-85,-85,-85,-85,1350,700,252.79132322542156,3.9438890929830954,circular
149,1100,700,1.861927121536624,-85,-85,-85,-85,1350,700,256.73521231840465,3.9438890929830954,circular
150,1100,700,1.861927121536624,-85,-85,-85,-85,1350,700,260.67910141138776,3.9438890929830954,circular
151,1100,700,1.861927121536624,-85,-85,-85,-85,1350,700,264.6229905043709,3.9438890929830954,circular
152,1100,700,1.861927121536624,-85,-85,-85,-85,1350,700,268.566879597354,3.9438890929830954,circular
153,1100,700,1.861927121536624,-85,-85,-85,-85,1350,700,272.5107686903371,3.9438890929830954,circular
154,1100,700,1.861927121536624,-85,-85,-85,-85,1350,700,276.4546577833202,3.9438890929830954,circular
155,1100,700,1.861927121536624,-85,-85,-85,-85,1350,700,280.3985468763033,3.9438890929830954,circular
156,1100,700,1.861927121536624,-85,-85,-85,-85,1350,700,284.34243596928644,3.9438890929830954,circular
157,1100,700,1.861927121536624,-85,-85,-85,-85,1350,700,288.28632506226955,3.9438890929830954,circular
158,1100,700,1.861927121536624,-85,-85,-85,-85,1350,700,292.23021415525267,3.9438890929830954,circular
159,1100,700,1.861927121536624,-85,-85,-85,-85,1350,700,296.1741032482358,3.9438890929830954,circular
160,1100,700,1.861927121536624,-85,-85,-85,-85,1350,700,300.1179923412189,3.9438890929830954,circular
161,1100,700,1.861927121536624,-85,-85,-85,-85,1350,700,304.061881434202,3.9438890929830954,circular
162,1100,700,1.861927121536624,-85,-85,-85,-85,1350,700,308.0057705271851,3.9438890929830954,circular
163,1100,700,1.861927121536624,-85,-85,-85,-85,1350,700,311.94965962016823,3.9438890929830954,circular
164,1100,700,1.861927121536624,-85,-85,-85,-85,1350,700,315.89354871315135,3.9438890929830954,circular
165,1100,700,1.861927121536624,-85,-85,-85,-85,1350,700,319.83743780613446,3.9438890929830954,circular
166,1100,700,1.861927121536624,-85,-85,-85,-85,1350,700,323.7813268991176,3.9438890929830954,circular
167,1100,700,1.861927121536624,-85,-85,-85,-85,1350,700,327.7252159921007,3.9438890929830954,circular
168,1100,700,1.861927121536624,-85,-85,-85,-85,1350,700,331.6691050850838,3.9438890929830954,circular
169,1100,700,1.861927121536624,-85,-85,-85,-85,1350,700,335.6129941780669,3.9438890929830954,circular
170,1100,700,1.861927121536624,-85,-85,-85,-85,1350,700,339.55688327105,3.9438890929830954,circular
171,1100,700,1.861927121536624,-85,-85,-85,-85,1350,700,343.50077236403314,3.9438890929830954,circular
172,1100,700,1.861927121536624,-85,-85,-85,-85,1350,700,347.44466145701625,3.9438890929830954,circular
173,1100,700,1.861927121536624,-85,-85,-85,-85,1350,700,351.38855054999937,3.9438890929830954,circular
174,1100,700,1.861927121536624,-85,-85,-85,-85,1350,700,355.3324396429825,3.9438890929830954,circular
175,1100,700,1.861927121536624,-85,-85,-85,-85,1350,700,359.2763287359656,3.9438890929830954,circular
176,1100,700,1.861927121536624,-85,-85,-85,-85,1350,700,3.220217828948705,3.9438890929830954,circular
177,1100,700,1.861927121536624,-85,-85,-85,-85,1350,700,7.1641069219318005,3.9438890929830954,circular
178,1100,700,1.861927121536624,-85,-85,-85,-85,1350,700,11.107996014914896,3.9438890929830954,circular
179,1100,700,1.861927121536624,-85,-85,-85,-85,1350,700,15.051885107897991,3.9438890929830954,circular
180,1100,700,1.861927121536624,-85,-85,-85,-85,1350,700,18.995774200881087,3.9438890929830954,circular
181,1100,700,1.861927121536624,-85,-85,-85,-85,1350,700,22.939663293864182,3.9438890929830954,circular
182,1100,700,1.861927121536624,-85,-85,-85,-85,1350,700,26.883552386847278,3.9438890929830954,circular
183,1100,700,1.861927121536624,-85,-85,-85,-85,1350,700,30.827441479830373,3.9438890929830954,circular
184,1100,700,1.861927121536624,-85,-85,-85,-85,1350,700,34.77133057281347,3.9438890929830954,circular
185,1100,700,1.861927121536624,-85,-85,-85,-85,1350,700,38.71521966579657,3.9438890929830954,circular
186,1100,700,1.861927121536624,-85,-85,-85,-85,1350,700,42.65910875877967,3.9438890929830954,circular
187,1100,700,1.861927121536624,-85,-85,-85,-85,1350,700,46.602997851762765,3.9438890929830954,circular
188,1100,700,1.861927121536624,-85,-85,-85,-85,1350,700,50.546886944745864,3.9438890929830954,circular
189,1100,700,1.861927121536624,-85,-85,-85,-85,1350,700,54.49077603772896,3.9438890929830954,circular
190,1100,700,1.861927121536624,-85,-85,-85,-85,1350,700,58.43466513071206,3.9438890929830954,circular
191,1100,700,1.861927121536624,-85,-85,-85,-85,1350,700,62.37855422369516,3.9438890929830954,circular
192,1100,700,1.861927121536624,-85,-85,-85,-85,1350,700,66.32244331667826,3.9438890929830954,circular
193,1100,700,1.861927121536624,-85,-85,-85,-85,1350,700,70.26633240966136,3.9438890929830954,circular
194,1100,700,1.861927121536624,-85,-85,-85,-85,1350,700,74.21022150264446,3.9438890929830954,circular
195,1100,700,1.861927121536624,-85,-85,-85,-85,1350,700,78.15411059562756,3.9438890929830954,circular
196,1100,700,1.861927121536624,-85,-85,-85,-85,1350,700,82.09799968861066,3.9438890929830954,circular
197,1100,700,1.861927121536624,-85,-85,-85,-85,1350,700,86.04188878159376,3.9438890929830954,circular
198,1100,700,1.861927121536624,-85,-85,-85,-85,1350,700,89.98577787457685,3.9438890929830954,circular
199,1100,700,1.861927121536624,-85,-85,-85,-85,1350,700,93.92966696755995,3.9438890929830954,circular
200,1100,700,1.861927121536624,-85,-85,-85,-85,1350,700,97.87355606054305,3.9438890929830954,circular
201,1100,700,1.861927121536624,-85,-85,-85,-85,1350,700,101.81744515352615,3.9438890929830954,circular
202,1100,700,1.861927121536624,-85,-85,-85,-85,1350,700,105.76133424650925,3.9438890929830954,circular
203,1100,700,1.861927121536624,-85,-85,-85,-85,1350,700,109.70522333949235,3.9438890929830954,circular
204,1100,700,1.861927121536624,-85,-85,-85,-85,1350,700,113.64911243247545,3.9438890929830954,circular
205,1100,700,1.861927121536624,-85,-85,-85,-85,1350,700,117.59300152545855,3.9438890929830954,circular
206,1100,700,1.861927121536624,-85,-85,-85,-85,1350,700,121.53689061844165,3.9438890929830954,circular
207,1100,700,1.861927121536624,-85,-85,-85,-85,1350,700,125.48077971142474,3.9438890929830954,circular
208,1100,700,1.861927121536624,-85,-85,-85,-85,1350,700,129.42466880440784,3.9438890929830954,circular
209,1100,700,1.861927121536624,-85,-85,-85,-85,1350,700,133.36855789739093,3.9438890929830954,circular
210,1100,700,1.861927121536624,11.505794098357505,-85,-85,-85,1350,700,137.312446990374,3.9438890929830954,circular
211,1100,700,1.861927121536624,18.47430475951294,-85,-85,11.505794098357505,1350,700,141.2563360833571,3.9438890929830954,circular
212,1100,700,1.861927121536624,20.48098321025059,-85,-85,18.47430475951294,1350,700,145.20022517634018,3.9438890929830954,circular
213,1100,700,1.861927121536624,22.170735458799452,-85,-85,20.97742610025734,1350,700,149.14411426932327,3.9438890929830954,circular
214,1100,700,1.861927121536624,23.31969953712386,-85,-85,22.496022074683278,1350,700,153.08800336230635,3.9438890929830954,circular
215,1100,700,1.861927121536624,24.1582774269213,-85,-85,23.553218972269416,1350,700,157.03189245528944,3.9438890929830954,circular
216,1100,700,1.861927121536624,24.78833704083229,-85,-85,24.33271141113945,1350,700,160.97578154827252,3.9438890929830954,circular
217,1100,700,1.861927121536624,25.26334459461691,-85,-85,24.92014212493214,1350,700,164.9196706412556,3.9438890929830954,circular
218,1100,700,1.861927121536624,25.614204328866276,-85,-85,25.36180729449956,1350,700,168.8635597342387,3.9438890929830954,circular
219,1100,700,1.861927121536624,25.859665714847075,-85,-85,25.684904084789974,1350,700,172.80744882722178,3.9438890929830954,circular
220,1100,700,1.861927121536624,26.011117049096303,-85,-85,25.906018829630398,1350,700,176.75133792020486,3.9438890929830954,circular
221,1100,700,1.861927121536624,26.074956048612798,-85,-85,26.035130213615616,1350,700,180.69522701318795,3.9438890929830954,circular
222,1100,700,1.861927121536624,26.067010357935978,-85,-85,26.077602459396946,1350,700,184.63911610617103,3.9438890929830954,circular
223,1100,700,1.861927121536624,25.9816463993744,-85,-85,26.053745949214605,1350,700,188.58300519915412,3.9438890929830954,circular
224,1100,700,1.861927121536624,25.807460623826316,-85,-85,25.9816463993744,1350,700,192.5268942921372,3.9438890929830954,circular
225,1100,700,1.861927121536624,25.536951728381826,-85,-85,25.807460623826316,1350,700,196.47078338512028,3.9438890929830954,circular
226,1100,700,1.861927121536624,25.157178905256924,-85,-85,25.536951728381826,1350,700,200.41467247810337,3.9438890929830954,circular
227,1100,700,1.861927121536624,24.646943359767004,-85,-85,25.157178905256924,1350,700,204.35856157108645,3.9438890929830954,circular
228,1100,700,1.861927121536624,23.97102224645776,-85,-85,24.646943359767004,1350,700,208.30245066406954,3.9438890929830954,circular
229,1100,700,1.861927121536624,23.067302502757133,-85,-85,23.97102224645776,1350,700,212.24633975705262,3.9438890929830954,circular
230,1100,700,1.861927121536624,22.170735458799452,-85,-85,23.067302502757133,1350,700,216.1902288500357,3.9438890929830954,circular
231,1100,700,1.861927121536624,20.48098321025059,-85,-85,21.81335663023087,1350,700,220.1341179430188,3.9438890929830954,circular
232,1100,700,1.861927121536624,17.51315549939211,-85,-85,19.914354227256315,1350,700,224.07800703600188,3.9438890929830954,circular
233,1100,700,1.861927121536624,-85,-85,-85,16.269948115724716,1350,700,228.02189612898496,3.9438890929830954,circular
234,1100,700,1.861927121536624,-85,-85,-85,-85,1350,700,231.96578522196805,3.9438890929830954,circular
235,1100,700,1.861927121536624,-85,-85,-85,-85,1350,700,235.90967431495113,3.9438890929830954,circular
236,1100,700,1.861927121536624,-85,-85,-85,-85,1350,700,239.85356340793422,3.9438890929830954,circular
237,1100,700,1.861927121536624,-85,-85,-85,-85,1350,700,243.7974525009173,3.9438890929830954,circular
238,1100,700,1.861927121536624,-85,-85,-85,-85,1350,700,247.7413415939004,3.9438890929830954,circular
239,1100,700,1.861927121536624,-85,-85,-85,-85,1350,700,251.68523068688347,3.9438890929830954,circular
240,1100,700,1.861927121536624,-85,-85,-85,-85,1350,700,255.62911977986656,3.9438890929830954,circular
241,1100,700,1.861927121536624,-85,-85,-85,-85,1350,700,259.57300887284964,3.9438890929830954,circular
242,1100,700,1.861927121536624,-85,-85,-85,-85,1350,700,263.51689796583275,3.9438890929830954,circular
243,1100,700,1.861927121536624,-85,-85,-85,-85,1350,700,267.46078705881587,3.9438890929830954,circular
244,1100,700,1.861927121536624,-85,-85,-85,-85,1350,700,271.404676151799,3.9438890929830954,circular
245,1100,700,1.861927121536624,-85,-85,-85,-85,1350,700,275.3485652447821,3.9438890929830954,circular
246,1100,700,1.861927121536624,-85,-85,-85,-85,1350,700,279.2924543377652,3.9438890929830954,circular
247,1100,700,1.861927121536624,-85,-85,-85,-85,1350,700,283.2363434307483,3.9438890929830954,circular
248,1100,700,1.861927121536624,-85,-85,-85,-85,1350,700,287.18023252373143,3.9438890929830954,circular
249,1100,700,1.861927121536624,-85,-85,-85,-85,1350,700,291.12412161671455,3.9438890929830954,circular
250,1100,700,1.861927121536624,-85,-85,-85,-85,1350,700,295.06801070969766,3.9438890929830954,circular
251,1100,700,1.861927121536624,-85,-85,-85,-85,1350,700,299.0118998026808,3.9438890929830954,circular
252,1100,700,1.861927121536624,-85,-85,-85,-85,1350,700,302.9557888956639,3.9438890929830954,circular
253,1100,700,1.861927121536624,-85,-85,-85,-85,1350,700,306.899677988647,3.9438890929830954,circular
254,1100,700,1.861927121536624,-85,-85,-85,-85,1350,700,310.8435670816301,3.9438890929830954,circular
255,1100,700,1.861927121536624,-85,-85,-85,-85,1350,700,314.7874561746132,3.9438890929830954,circular
256,1100,700,1.861927121536624,-85,-85,-85,-85,1350,700,318.73134526759634,3.9438890929830954,circular
257,1100,700,1.861927121536624,-85,-85,-85,-85,1350,700,322.67523436057945,3.9438890929830954,circular
258,1100,700,1.861927121536624,-85,-85,-85,-85,1350,700,326.61912345356257,3.9438890929830954,circular
259,1100,700,1.861927121536624,-85,-85,-85,-85,1350,700,330.5630125465457,3.9438890929830954,circular
260,1100,700,1.861927121536624,-85,-85,-85,-85,1350,700,334.5069016395288,3.9438890929830954,circular
261,1100,700,1.861927121536624,-85,-85,-85,-85,1350,700,338.4507907325119,3.9438890929830954,circular
262,1100,700,1.861927121536624,-85,-85,-85,-85,1350,700,342.394679825495,3.9438890929830954,circular
263,1100,700,1.861927121536624,-85,-85,-85,-85,1350,700,346.33856891847813,3.9438890929830954,circular
264,1100,700,1.861927121536624,-85,-85,-85,-85,1350,700,350.28245801146124,3.9438890929830954,circular
265,1100,700,1.861927121536624,-85,-85,-85,-85,1350,700,354.22634710444436,3.9438890929830954,circular
266,1100,700,1.861927121536624,-85,-85,-85,-85,1350,700,358.17023619742747,3.9438890929830954,circular
267,1100,700,1.861927121536624,-85,-85,-85,-85,1350,700,2.114125290410584,3.9438890929830954,circular
268,1100,700,1.861927121536624,-85,-85,-85,-85,1350,700,6.0580143833936795,3.9438890929830954,circular
269,1100,700,1.861927121536624,-85,-85,-85,-85,1350,700,10.001903476376775,3.9438890929830954,circular
270,1100,700,1.861927121536624,-85,-85,-85,-85,1350,700,13.94579256935987,3.9438890929830954,circular
271,1100,700,1.861927121536624,-85,-85,-85,-85,1350,700,17.889681662342966,3.9438890929830954,circular
272,1100,700,1.861927121536624,-85,-85,-85,-85,1350,700,21.83357075532606,3.9438890929830954,circular
273,1100,700,1.861927121536624,-85,-85,-85,-85,1350,700,25.777459848309157,3.9438890929830954,circular
274,1100,700,1.861927121536624,-85,-85,-85,-85,1350,700,29.721348941292252,3.9438890929830954,circular
275,1100,700,1.861927121536624,-85,-85,-85,-85,1350,700,33.66523803427535,3.9438890929830954,circular
276,1100,700,1.861927121536624,-85,-85,-85,-85,1350,700,37.609127127258446,3.9438890929830954,circular
277,1100,700,1.861927121536624,-85,-85,-85,-85,1350,700,41.553016220241545,3.9438890929830954,circular
278,1100,700,1.861927121536624,-85,-85,-85,-85,1350,700,45.496905313224644,3.9438890929830954,circular
279,1100,700,1.861927121536624,-85,-85,-85,-85,1350,700,49.44079440620774,3.9438890929830954,circular
280,1100,700,1.861927121536624,-85,-85,-85,-85,1350,700,53.38468349919084,3.9438890929830954,circular
281,1100,700,1.861927121536624,-85,-85,-85,-85,1350,700,57.32857259217394,3.9438890929830954,circular
282,1100,700,1.861927121536624,-85,-85,-85,-85,1350,700,61.27246168515704,3.9438890929830954,circular
283,1100,700,1.861927121536624,-85,-85,-85,-85,1350,700,65.21635077814014,3.9438890929830954,circular
284,1100,700,1.861927121536624,-85,-85,-85,-85,1350,700,69.16023987112324,3.9438890929830954,circular
285,1100,700,1.861927121536624,-85,-85,-85,-85,1350,700,73.10412896410634,3.9438890929830954,circular
286,1100,700,1.861927121536624,-85,-85,-85,-85,1350,700,77.04801805708944,3.9438890929830954,circular
287,1100,700,1.861927121536624,-85,-85,-85,-85,1350,700,80.99190715007254,3.9438890929830954,circular
288,1100,700,1.861927121536624,-85,-85,-85,-85,1350,700,84.93579624305563,3.9438890929830954,circular
289,1100,700,1.861927121536624,-85,-85,-85,-85,1350,700,88.87968533603873,3.9438890929830954,circular
290,1100,700,1.861927121536624,-85,-85,-85,-85,1350,700,92.82357442902183,3.9438890929830954,circular
291,1100,700,1.861927121536624,-85,-85,-85,-85,1350,700,96.76746352200493,3.9438890929830954,circular
292,1100,700,1.861927121536624,-85,-85,-85,-85,1350,700,100.71135261498803,3.9438890929830954,circular
293,1100,700,1.861927121536624,-85,-85,-85,-85,1350,700,104.65524170797113,3.9438890929830954,circular
294,1100,700,1.861927121536624,-85,-85,-85,-85,1350,700,108.59913080095423,3.9438890929830954,circular
295,1100,700,1.861927121536624,-85,-85,-85,-85,1350,700,112.54301989393733,3.9438890929830954,circular
296,1100,700,1.861927121536624,-85,-85,-85,-85,1350,700,116.48690898692043,3.9438890929830954,circular
297,1100,700,1.861927121536624,-85,-85,-85,-85,1350,700,120.43079807990352,3.9438890929830954,circular
298,1100,700,1.861927121536624,-85,-85,-85,-85,1350,700,124.37468717288662,3.9438890929830954,circular
299,1100,700,1.861927121536624,-85,-85,-85,-85,1350,700,128.31857626586972,3.9438890929830954,circular
300,1100,700,1.861927121536624,-85,-85,-85,-85,1350,700,132.2624653588528,3.9438890929830954,circular
301,1100,700,1.861927121536624,-85,-85,-85,-85,1350,700,136.2063544518359,3.9438890929830954,circular
302,1100,700,1.861927121536624,16.269948115724727,-85,-85,-85,1350,700,140.15024354481898,3.9438890929830954,circular
303,1100,700,1.861927121536624,19.91435422725632,-85,-85,17.513155499392102,1350,700,144.09413263780206,3.9438890929830954,circular
304,1100,700,1.861927121536624,21.813356630230874,-85,-85,20.48098321025059,1350,700,148.03802173078515,3.9438890929830954,circular
305,1100,700,1.861927121536624,23.06730250275713,-85,-85,22.170735458799452,1350,700,151.98191082376823,3.9438890929830954,circular
306,1100,700,1.861927121536624,23.971022246457757,-85,-85,23.31969953712386,1350,700,155.92579991675132,3.9438890929830954,circular
307,1100,700,1.861927121536624,24.646943359767004,-85,-85,24.1582774269213,1350,700,159.8696890097344,3.9438890929830954,circular
308,1100,700,1.861927121536624,25.157178905256924,-85,-85,24.78833704083229,1350,700,163.81357810271749,3.9438890929830954,circular
309,1100,700,1.861927121536624,25.536951728381826,-85,-85,25.26334459461691,1350,700,167.75746719570057,3.9438890929830954,circular
310,1100,700,1.861927121536624,25.80746062382631,-85,-85,25.614204328866276,1350,700,171.70135628868366,3.9438890929830954,circular
311,1100,700,1.861927121536624,25.9816463993744,-85,-85,25.859665714847075,1350,700,175.64524538166674,3.9438890929830954,circular
312,1100,700,1.861927121536624,26.067010357935978,-85,-85,26.011117049096303,1350,700,179.58913447464982,3.9438890929830954,circular
313,1100,700,1.861927121536624,26.074956048612798,-85,-85,26.067010357935978,1350,700,183.5330235676329,3.9438890929830954,circular
314,1100,700,1.861927121536624,26.011117049096303,-85,-85,26.074956048612798,1350,700,187.476912660616,3.9438890929830954,circular
315,1100,700,1.861927121536624,25.859665714847075,-85,-85,26.011117049096303,1350,700,191.42080175359908,3.9438890929830954,circular
316,1100,700,1.861927121536624,25.614204328866276,-85,-85,25.859665714847075,1350,700,195.36469084658216,3.9438890929830954,circular
317,1100,700,1.861927121536624,25.263344594616918,-85,-85,25.614204328866276,1350,700,199.30857993956525,3.9438890929830954,circular
318,1100,700,1.861927121536624,24.788337040832293,-85,-85,25.263344594616918,1350,700,203.25246903254833,3.9438890929830954,circular
319,1100,700,1.861927121536624,24.332711411139446,-85,-85,24.788337040832293,1350,700,207.19635812553142,3.9438890929830954,circular
320,1100,700,1.861927121536624,23.553218972269416,-85,-85,24.1582774269213,1350,700,211.1402472185145,3.9438890929830954,circular
321,1100,700,1.861927121536624,22.496022074683278,-85,-85,23.319699537123853,1350,700,215.0841363114976,3.9438890929830954,circular
322,1100,700,1.861927121536624,20.97742610025735,-85,-85,22.170735458799452,1350,700,219.02802540448067,3.9438890929830954,circular
323,1100,700,1.861927121536624,18.474304759512954,-85,-85,20.48098321025059,1350,700,222.97191449746376,3.9438890929830954,circular
324,1100,700,1.861927121536624,11.50579409835762,-85,-85,17.51315549939211,1350,700,226.91580359044684,3.9438890929830954,circular
325,1100,700,1.861927121536624,-85,-85,-85,-85,1350,700,230.85969268342993,3.9438890929830954,circular
326,1100,700,1.861927121536624,-85,-85,-85,-85,1350,700,234.803581776413,3.9438890929830954,circular
327,1100,700,1.861927121536624,-85,-85,-85,-85,1350,700,238.7474708693961,3.9438890929830954,circular
328,1100,700,1.861927121536624,-85,-85,-85,-85,1350,700,242.69135996237918,3.9438890929830954,circular
329,1100,700,1.861927121536624,-85,-85,-85,-85,1350,700,246.63524905536227,3.9438890929830954,circular
330,1100,700,1.861927121536624,-85,-85,-85,-85,1350,700,250.57913814834535,3.9438890929830954,circular
331,1100,700,1.861927121536624,-85,-85,-85,-85,1350,700,254.52302724132844,3.9438890929830954,circular
332,1100,700,1.861927121536624,-85,-85,-85,-85,1350,700,258.4669163343115,3.9438890929830954,circular
333,1100,700,1.861927121536624,-85,-85,-85,-85,1350,700,262.41080542729463,3.9438890929830954,circular
334,1100,700,1.861927121536624,-85,-85,-85,-85,1350,700,266.35469452027775,3.9438890929830954,circular
335,1100,700,1.861927121536624,-85,-85,-85,-85,1350,700,270.29858361326086,3.9438890929830954,circular
336,1100,700,1.861927121536624,-85,-85,-85,-85,1350,700,274.242472706244,3.9438890929830954,circular
337,1100,700,1.861927121536624,-85,-85,-85,-85,1350,700,278.1863617992271,3.9438890929830954,circular
338,1100,700,1.861927121536624,-85,-85,-85,-85,1350,700,282.1302508922102,3.9438890929830954,circular
339,1100,700,1.861927121536624,-85,-85,-85,-85,1350,700,286.0741399851933,3.9438890929830954,circular
340,1100,700,1.861927121536624,-85,-85,-85,-85,1350,700,290.0180290781764,3.9438890929830954,circular
341,1100,700,1.861927121536624,-85,-85,-85,-85,1350,700,293.96191817115954,3.9438890929830954,circular
342,1100,700,1.861927121536624,-85,-85,-85,-85,1350,700,297.90580726414265,3.9438890929830954,circular
343,1100,700,1.861927121536624,-85,-85,-85,-85,1350,700,301.84969635712577,3.9438890929830954,circular
344,1100,700,1.861927121536624,-85,-85,-85,-85,1350,700,305.7935854501089,3.9438890929830954,circular
345,1100,700,1.861927121536624,-85,-85,-85,-85,1350,700,309.737474543092,3.9438890929830954,circular
346,1100,700,1.861927121536624,-85,-85,-85,-85,1350,700,313.6813636360751,3.9438890929830954,circular
347,1100,700,1.861927121536624,-85,-85,-85,-85,1350,700,317.6252527290582,3.9438890929830954,circular
348,1100,700,1.861927121536624,-85,-85,-85,-85,1350,700,321.56914182204133,3.9438890929830954,circular
349,1100,700,1.861927121536624,-85,-85,-85,-85,1350,700,325.51303091502444,3.9438890929830954,circular
350,1100,700,1.861927121536624,-85,-85,-85,-85,1350,700,329.45692000800756,3.9438890929830954,circular
351,1100,700,1.861927121536624,-85,-85,-85,-85,1350,700,333.40080910099067,3.9438890929830954,circular
352,1100,700,1.861927121536624,-85,-85,-85,-85,1350,700,337.3446981939738,3.9438890929830954,circular
353,1100,700,1.861927121536624,-85,-85,-85,-85,1350,700,341.2885872869569,3.9438890929830954,circular
354,1100,700,1.861927121536624,-85,-85,-85,-85,1350,700,345.23247637994,3.9438890929830954,circular
355,1100,700,1.861927121536624,-85,-85,-85,-85,1350,700,349.1763654729231,3.9438890929830954,circular
356,1100,700,1.861927121536624,-85,-85,-85,-85,1350,700,353.12025456590624,3.9438890929830954,circular
357,1100,700,1.861927121536624,-85,-85,-85,-85,1350,700,357.06414365888935,3.9438890929830954,circular
358,1100,700,1.861927121536624,-85,-85,-85,-85,1350,700,1.008032751872463,3.9438890929830954,circular
359,1100,700,1.861927121536624,-85,-85,-85,-85,1350,700,4.951921844855558,3.9438890929830954,circular
360,1100,700,1.861927121536624,-85,-85,-85,-85,1350,700,8.895810937838654,3.9438890929830954,circular
361,1100,700,1.861927121536624,-85,-85,-85,-85,1350,700,12.83970003082175,3.9438890929830954,circular
362,1100,700,1.861927121536624,-85,-85,-85,-85,1350,700,16.783589123804845,3.9438890929830954,circular
363,1100,700,1.861927121536624,-85,-85,-85,-85,1350,700,20.72747821678794,3.9438890929830954,circular
364,1100,700,1.861927121536624,-85,-85,-85,-85,1350,700,24.671367309771036,3.9438890929830954,circular
365,1100,700,1.861927121536624,-85,-85,-85,-85,1350,700,28.61525640275413,3.9438890929830954,circular
366,1100,700,1.861927121536624,-85,-85,-85,-85,1350,700,32.559145495737226,3.9438890929830954,circular
367,1100,700,1.861927121536624,-85,-85,-85,-85,1350,700,36.503034588720325,3.9438890929830954,circular
368,1100,700,1.861927121536624,-85,-85,-85,-85,1350,700,40.446923681703424,3.9438890929830954,circular
369,1100,700,1.861927121536624,-85,-85,-85,-85,1350,700,44.39081277468652,3.9438890929830954,circular
370,1100,700,1.861927121536624,-85,-85,-85,-85,1350,700,48.33470186766962,3.9438890929830954,circular
371,1100,700,1.861927121536624,-85,-85,-85,-85,1350,700,52.27859096065272,3.9438890929830954,circular
372,1100,700,1.861927121536624,-85,-85,-85,-85,1350,700,56.22248005363582,3.9438890929830954,circular
373,1100,700,1.861927121536624,-85,-85,-85,-85,1350,700,60.16636914661892,3.9438890929830954,circular
374,1100,700,1.861927121536624,-85,-85,-85,-85,1350,700,64.11025823960202,3.9438890929830954,circular
375,1100,700,1.861927121536624,-85,-85,-85,-85,1350,700,68.05414733258512,3.9438890929830954,circular
376,1100,700,1.861927121536624,-85,-85,-85,-85,1350,700,71.99803642556822,3.9438890929830954,circular
377,1100,700,1.861927121536624,-85,-85,-85,-85,1350,700,75.94192551855132,3.9438890929830954,circular
378,1100,700,1.861927121536624,-85,-85,-85,-85,1350,700,79.88581461153441,3.9438890929830954,circular
379,1100,700,1.861927121536624,-85,-85,-85,-85,1350,700,83.82970370451751,3.9438890929830954,circular
380,1100,700,1.861927121536624,-85,-85,-85,-85,1350,700,87.77359279750061,3.9438890929830954,circular
381,1100,700,1.861927121536624,-85,-85,-85,-85,1350,700,91.71748189048371,3.9438890929830954,circular
382,1100,700,1.861927121536624,-85,-85,-85,-85,1350,700,95.66137098346681,3.9438890929830954,circular
383,1100,700,1.861927121536624,-85,-85,-85,-85,1350,700,99.60526007644991,3.9438890929830954,circular
384,1100,700,1.861927121536624,-85,-85,-85,-85,1350,700,103.54914916943301,3.9438890929830954,circular
385,1100,700,1.861927121536624,-85,-85,-85,-85,1350,700,107.4930382624161,3.9438890929830954,circular
386,1100,700,1.861927121536624,-85,-85,-85,-85,1350,700,111.4369273553992,3.9438890929830954,circular
387,1100,700,1.861927121536624,-85,-85,-85,-85,1350,700,115.3808164483823,3.9438890929830954,circular
388,1100,700,1.861927121536624,-85,-85,-85,-85,1350,700,119.3247055413654,3.9438890929830954,circular
389,1100,700,1.861927121536624,-85,-85,-85,-85,1350,700,123.2685946343485,3.9438890929830954,circular
390,1100,700,1.861927121536624,-85,-85,-85,-85,1350,700,127.2124837273316,3.9438890929830954,circular
391,1100,700,1.861927121536624,-85,-85,-85,-85,1350,700,131.1563728203147,3.9438890929830954,circular
392,1100,700,1.861927121536624,-85,-85,-85,-85,1350,700,135.10026191329777,3.9438890929830954,circular
393,1100,700,1.861927121536624,14.513447644213304,-85,-85,-85,1350,700,139.04415100628086,3.9438890929830954,circular
394,1100,700,1.861927121536624,19.25639156218217,-85,-85,16.269948115724727,1350,700,142.98804009926394,3.9438890929830954,circular
395,1100,700,1.861927121536624,21.41811930585211,-85,-85,19.91435422725632,1350,700,146.93192919224703,3.9438890929830954,circular
396,1100,700,1.861927121536624,22.793695368992218,-85,-85,21.813356630230874,1350,700,150.8758182852301,3.9438890929830954,circular
397,1100,700,1.861927121536624,23.769789312347285,-85,-85,23.06730250275713,1350,700,154.8197073782132,3.9438890929830954,circular
398,1100,700,1.861927121536624,24.495315191602927,-85,-85,23.971022246457757,1350,700,158.76359647119628,3.9438890929830954,circular
399,1100,700,1.861927121536624,25.042923900792417,-85,-85,24.646943359767004,1350,700,162.70748556417936,3.9438890929830954,circular
400,1100,700,1.861927121536624,25.452908776355446,-85,-85,25.157178905256924,1350,700,166.65137465716245,3.9438890929830954,circular
401,1100,700,1.861927121536624,25.7492610641292,-85,-85,25.536951728381826,1350,700,170.59526375014553,3.9438890929830954,circular
402,1100,700,1.861927121536624,25.946643644493044,-85,-85,25.7492610641292,1350,700,174.53915284312862,3.9438890929830954,circular
403,1100,700,1.861927121536624,26.053745949214605,-85,-85,25.946643644493044,1350,700,178.4830419361117,3.9438890929830954,circular
404,1100,700,1.861927121536624,26.077602459396946,-85,-85,26.053745949214605,1350,700,182.4269310290948,3.9438890929830954,circular
405,1100,700,1.861927121536624,26.035130213615616,-85,-85,26.077602459396946,1350,700,186.37082012207787,3.9438890929830954,circular
406,1100,700,1.861927121536624,25.906018829630398,-85,-85,26.035130213615616,1350,700,190.31470921506096,3.9438890929830954,circular
407,1100,700,1.861927121536624,25.684904084789977,-85,-85,25.906018829630398,1350,700,194.25859830804404,3.9438890929830954,circular
408,1100,700,1.861927121536624,25.452908776355446,-85,-85,25.684904084789977,1350,700,198.20248740102713,3.9438890929830954,circular
409,1100,700,1.861927121536624,25.042923900792417,-85,-85,25.361807294499556,1350,700,202.1463764940102,3.9438890929830954,circular
410,1100,700,1.861927121536624,24.495315191602927,-85,-85,24.92014212493214,1350,700,206.0902655869933,3.9438890929830954,circular
411,1100,700,1.861927121536624,23.769789312347285,-85,-85,24.332711411139446,1350,700,210.03415467997638,3.9438890929830954,circular
412,1100,700,1.861927121536624,22.793695368992225,-85,-85,23.553218972269416,1350,700,213.97804377295947,3.9438890929830954,circular
413,1100,700,1.861927121536624,21.418119305852123,-85,-85,22.496022074683278,1350,700,217.92193286594255,3.9438890929830954,circular
414,1100,700,1.861927121536624,19.25639156218219,-85,-85,20.97742610025735,1350,700,221.86582195892564,3.9438890929830954,circular
415,1100,700,1.861927121536624,14.513447644213265,-85,-85,18.474304759512954,1350,700,225.80971105190872,3.9438890929830954,circular
416,1100,700,1.861927121536624,-85,-85,-85,11.50579409835762,1350,700,229.7536001448918,3.9438890929830954,circular
417,1100,700,1.861927121536624,-85,-85,-85,-85,1350,700,233.6974892378749,3.9438890929830954,circular
418,1100,700,1.861927121536624,-85,-85,-85,-85,1350,700,237.64137833085798,3.9438890929830954,circular
419,1100,700,1.861927121536624,-85,-85,-85,-85,1350,700,241.58526742384106,3.9438890929830954,circular
420,1100,700,1.861927121536624,-85,-85,-85,-85,1350,700,245.52915651682414,3.9438890929830954,circular
421,1100,700,1.861927121536624,-85,-85,-85,-85,1350,700,249.47304560980723,3.9438890929830954,circular
422,1100,700,1.861927121536624,-85,-85,-85,-85,1350,700,253.41693470279031,3.9438890929830954,circular
423,1100,700,1.861927121536624,-85,-85,-85,-85,1350,700,257.3608237957734,3.9438890929830954,circular
424,1100,700,1.861927121536624,-85,-85,-85,-85,1350,700,261.3047128887565,3.9438890929830954,circular
425,1100,700,1.861927121536624,-85,-85,-85,-85,1350,700,265.2486019817396,3.9438890929830954,circular
426,1100,700,1.861927121536624,-85,-85,-85,-85,1350,700,269.19249107472274,3.9438890929830954,circular
427,1100,700,1.861927121536624,-85,-85,-85,-85,1350,700,273.13638016770585,3.9438890929830954,circular
428,1100,700,1.861927121536624,-85,-85,-85,-85,1350,700,277.08026926068897,3.9438890929830954,circular
429,1100,700,1.861927121536624,-85,-85,-85,-85,1350,700,281.0241583536721,3.9438890929830954,circular
430,1100,700,1.861927121536624,-85,-85,-85,-85,1350,700,284.9680474466552,3.9438890929830954,circular
431,1100,700,1.861927121536624,-85,-85,-85,-85,1350,700,288.9119365396383,3.9438890929830954,circular
432,1100,700,1.861927121536624,-85,-85,-85,-85,1350,700,292.8558256326214,3.9438890929830954,circular
433,1100,700,1.861927121536624,-85,-85,-85,-85,1350,700,296.79971472560453,3.9438890929830954,circular
434,1100,700,1.861927121536624,-85,-85,-85,-85,1350,700,300.74360381858764,3.9438890929830954,circular
435,1100,700,1.861927121536624,-85,-85,-85,-85,1350,700,304.68749291157076,3.9438890929830954,circular
436,1100,700,1.861927121536624,-85,-85,-85,-85,1350,700,308.63138200455387,3.9438890929830954,circular
437,1100,700,1.861927121536624,-85,-85,-85,-85,1350,700,312.575271097537,3.9438890929830954,circular
438,1100,700,1.861927121536624,-85,-85,-85,-85,1350,700,316.5191601905201,3.9438890929830954,circular
439,1100,700,1.861927121536624,-85,-85,-85,-85,1350,700,320.4630492835032,3.9438890929830954,circular
440,1100,700,1.861927121536624,-85,-85,-85,-85,1350,700,324.4069383764863,3.9438890929830954,circular
441,1100,700,1.861927121536624,-85,-85,-85,-85,1350,700,328.35082746946944,3.9438890929830954,circular
442,1100,700,1.861927121536624,-85,-85,-85,-85,1350,700,332.29471656245255,3.9438890929830954,circular
443,1100,700,1.861927121536624,-85,-85,-85,-85,1350,700,336.23860565543566,3.9438890929830954,circular
444,1100,700,1.861927121536624,-85,-85,-85,-85,1350,700,340.1824947484188,3.9438890929830954,circular
445,1100,700,1.861927121536624,-85,-85,-85,-85,1350,700,344.1263838414019,3.9438890929830954,circular
446,1100,700,1.861927121536624,-85,-85,-85,-85,1350,700,348.070272934385,3.9438890929830954,circular
447,1100,700,1.861927121536624,-85,-85,-85,-85,1350,700,352.0141620273681,3.9438890929830954,circular
448,1100,700,1.861927121536624,-85,-85,-85,-85,1350,700,355.95805112035123,3.9438890929830954,circular
449,1100,700,1.861927121536624,-85,-85,-85,-85,1350,700,359.90194021333434,3.9438890929830954,circular
450,1100,700,1.861927121536624,-85,-85,-85,-85,1350,700,3.845829306317455,3.9438890929830954,circular
451,1100,700,1.861927121536624,-85,-85,-85,-85,1350,700,7.7897183993005505,3.9438890929830954,circular
452,1100,700,1.861927121536624,-85,-85,-85,-85,1350,700,11.733607492283646,3.9438890929830954,circular
453,1100,700,1.861927121536624,-85,-85,-85,-85,1350,700,15.677496585266741,3.9438890929830954,circular
454,1100,700,1.861927121536624,-85,-85,-85,-85,1350,700,19.621385678249837,3.9438890929830954,circular
455,1100,700,1.861927121536624,-85,-85,-85,-85,1350,700,23.565274771232932,3.9438890929830954,circular
456,1100,700,1.861927121536624,-85,-85,-85,-85,1350,700,27.509163864216028,3.9438890929830954,circular
457,1100,700,1.861927121536624,-85,-85,-85,-85,1350,700,31.453052957199123,3.9438890929830954,circular
458,1100,700,1.861927121536624,-85,-85,-85,-85,1350,700,35.39694205018222,3.9438890929830954,circular
459,1100,700,1.861927121536624,-85,-85,-85,-85,1350,700,39.34083114316532,3.9438890929830954,circular
460,1100,700,1.861927121536624,-85,-85,-85,-85,1350,700,43.28472023614842,3.9438890929830954,circular
461,1100,700,1.861927121536624,-85,-85,-85,-85,1350,700,47.228609329131515,3.9438890929830954,circular
462,1100,700,1.861927121536624,-85,-85,-85,-85,1350,700,51.172498422114614,3.9438890929830954,circular
463,1100,700,1.861927121536624,-85,-85,-85,-85,1350,700,55.11638751509771,3.9438890929830954,circular
464,1100,700,1.861927121536624,-85,-85,-85,-85,1350,700,59.06027660808081,3.9438890929830954,circular
465,1100,700,1.861927121536624,-85,-85,-85,-85,1350,700,63.00416570106391,3.9438890929830954,circular
466,1100,700,1.861927121536624,-85,-85,-85,-85,1350,700,66.94805479404701,3.9438890929830954,circular
467,1100,700,1.861927121536624,-85,-85,-85,-85,1350,700,70.89194388703011,3.9438890929830954,circular
468,1100,700,1.861927121536624,-85,-85,-85,-85,1350,700,74.83583298001321,3.9438890929830954,circular
469,1100,700,1.861927121536624,-85,-85,-85,-85,1350,700,78.77972207299631,3.9438890929830954,circular
470,1100,700,1.861927121536624,-85,-85,-85,-85,1350,700,82.7236111659794,3.9438890929830954,circular
471,1100,700,1.861927121536624,-85,-85,-85,-85,1350,700,86.6675002589625,3.9438890929830954,circular
472,1100,700,1.861927121536624,-85,-85,-85,-85,1350,700,90.6113893519456,3.9438890929830954,circular
473,1100,700,1.861927121536624,-85,-85,-85,-85,1350,700,94.5552784449287,3.9438890929830954,circular
474,1100,700,1.861927121536624,-85,-85,-85,-85,1350,700,98.4991675379118,3.9438890929830954,circular
475,1100,700,1.861927121536624,-85,-85,-85,-85,1350,700,102.4430566308949,3.9438890929830954,circular
476,1100,700,1.861927121536624,-85,-85,-85,-85,1350,700,106.386945723878,3.9438890929830954,circular
477,1100,700,1.861927121536624,-85,-85,-85,-85,1350,700,110.3308348168611,3.9438890929830954,circular
478,1100,700,1.861927121536624,-85,-85,-85,-85,1350,700,114.2747239098442,3.9438890929830954,circular
479,1100,700,1.861927121536624,-85,-85,-85,-85,1350,700,118.2186130028273,3.9438890929830954,circular
480,1100,700,1.861927121536624,-85,-85,-85,-85,1350,700,122.1625020958104,3.9438890929830954,circular
481,1100,700,1.861927121536624,-85,-85,-85,-85,1350,700,126.1063911887935,3.9438890929830954,circular
482,1100,700,1.861927121536624,-85,-85,-85,-85,1350,700,130.0502802817766,3.9438890929830954,circular
483,1100,700,1.861927121536624,-85,-85,-85,-85,1350,700,133.99416937475968,3.9438890929830954,circular
484,1100,700,1.861927121536624,11.505794098357505,-85,-85,-85,1350,700,137.93805846774276,3.9438890929830954,circular
485,1100,700,1.861927121536624,18.47430475951294,-85,-85,14.513447644213304,1350,700,141.88194756072585,3.9438890929830954,circular
486,1100,700,1.861927121536624,20.97742610025734,-85,-85,19.25639156218217,1350,700,145.82583665370893,3.9438890929830954,circular
487,1100,700,1.861927121536624,22.496022074683278,-85,-85,21.41811930585211,1350,700,149.76972574669202,3.9438890929830954,circular
488,1100,700,1.861927121536624,23.553218972269416,-85,-85,22.793695368992218,1350,700,153.7136148396751,3.9438890929830954,circular
489,1100,700,1.861927121536624,24.33271141113945,-85,-85,23.769789312347285,1350,700,157.6575039326582,3.9438890929830954,circular
490,1100,700,1.861927121536624,24.92014212493214,-85,-85,24.495315191602927,1350,700,161.60139302564127,3.9438890929830954,circular
491,1100,700,1.861927121536624,25.36180729449956,-85,-85,24.92014212493214,1350,700,165.54528211862436,3.9438890929830954,circular
492,1100,700,1.861927121536624,25.684904084789974,-85,-85,25.36180729449956,1350,700,169.48917121160744,3.9438890929830954,circular
493,1100,700,1.861927121536624,25.906018829630398,-85,-85,25.684904084789974,1350,700,173.43306030459053,3.9438890929830954,circular
494,1100,700,1.861927121536624,26.035130213615616,-85,-85,25.906018829630398,1350,700,177.3769493975736,3.9438890929830954,circular
495,1100,700,1.861927121536624,26.077602459396946,-85,-85,26.035130213615616,1350,700,181.3208384905567,3.9438890929830954,circular
496,1100,700,1.861927121536624,26.053745949214605,-85,-85,26.077602459396946,1350,700,185.26472758353978,3.9438890929830954,circular
497,1100,700,1.861927121536624,25.9816463993744,-85,-85,26.053745949214605,1350,700,189.20861667652287,3.9438890929830954,circular
498,1100,700,1.861927121536624,25.807460623826316,-85,-85,25.946643644493044,1350,700,193.15250576950595,3.9438890929830954,circular
499,1100,700,1.861927121536624,25.536951728381826,-85,-85,25.7492610641292,1350,700,197.09639486248903,3.9438890929830954,circular
500,1100,700,1.861927121536624,25.157178905256924,-85,-85,25.452908776355446,1350,700,201.04028395547212,3.9438890929830954,circular
501,1100,700,1.861927121536624,24.646943359767004,-85,-85,25.042923900792417,1350,700,204.9841730484552,3.9438890929830954,circular
502,1100,700,1.861927121536624,23.97102224645776,-85,-85,24.495315191602927,1350,700,208.9280621414383,3.9438890929830954,circular
503,1100,700,1.861927121536624,23.067302502757133,-85,-85,23.769789312347285,1350,700,212.87195123442137,3.9438890929830954,circular
504,1100,700,1.861927121536624,21.81335663023087,-85,-85,22.793695368992225,1350,700,216.81584032740446,3.9438890929830954,circular
505,1100,700,1.861927121536624,19.914354227256315,-85,-85,21.418119305852123,1350,700,220.75972942038754,3.9438890929830954,circular
506,1100,700,1.861927121536624,16.269948115724716,-85,-85,19.25639156218219,1350,700,224.70361851337063,3.9438890929830954,circular
507,1100,700,1.861927121536624,-85,-85,-85,14.513447644213265,1350,700,228.6475076063537,3.9438890929830954,circular
508,1100,700,1.861927121536624,-85,-85,-85,-85,1350,700,232.5913966993368,3.9438890929830954,circular
509,1100,700,1.861927121536624,-85,-85,-85,-85,1350,700,236.53528579231988,3.9438890929830954,circular
510,1100,700,1.861927121536624,-85,-85,-85,-85,1350,700,240.47917488530297,3.9438890929830954,circular
511,1100,700,1.861927121536624,-85,-85,-85,-85,1350,700,244.42306397828605,3.9438890929830954,circular
512,1100,700,1.861927121536624,-85,-85,-85,-85,1350,700,248.36695307126914,3.9438890929830954,circular
513,1100,700,1.861927121536624,-85,-85,-85,-85,1350,700,252.31084216425222,3.9438890929830954,circular
514,1100,700,1.861927121536624,-85,-85,-85,-85,1350,700,256.25473125723533,3.9438890929830954,circular
515,1100,700,1.861927121536624,-85,-85,-85,-85,1350,700,260.19862035021845,3.9438890929830954,circular
516,1100,700,1.861927121536624,-85,-85,-85,-85,1350,700,264.14250944320156,3.9438890929830954,circular
517,1100,700,1.861927121536624,-85,-85,-85,-85,1350,700,268.0863985361847,3.9438890929830954,circular
518,1100,700,1.861927121536624,-85,-85,-85,-85,1350,700,272.0302876291678,3.9438890929830954,circular
519,1100,700,1.861927121536624,-85,-85,-85,-85,1350,700,275.9741767221509,3.9438890929830954,circular
520,1100,700,1.861927121536624,-85,-85,-85,-85,1350,700,279.918065815134,3.9438890929830954,circular
521,1100,700,1.861927121536624,-85,-85,-85,-85,1350,700,283.8619549081171,3.9438890929830954,circular
522,1100,700,1.861927121536624,-85,-85,-85,-85,1350,700,287.80584400110024,3.9438890929830954,circular
523,1100,700,1.861927121536624,-85,-85,-85,-85,1350,700,291.74973309408335,3.9438890929830954,circular
524,1100,700,1.861927121536624,-85,-85,-85,-85,1350,700,295.69362218706647,3.9438890929830954,circular
525,1100,700,1.861927121536624,-85,-85,-85,-85,1350,700,299.6375112800496,3.9438890929830954,circular
526,1100,700,1.861927121536624,-85,-85,-85,-85,1350,700,303.5814003730327,3.9438890929830954,circular
527,1100,700,1.861927121536624,-85,-85,-85,-85,1350,700,307.5252894660158,3.9438890929830954,circular
528,1100,700,1.861927121536624,-85,-85,-85,-85,1350,700,311.4691785589989,3.9438890929830954,circular
529,1100,700,1.861927121536624,-85,-85,-85,-85,1350,700,315.41306765198203,3.9438890929830954,circular
530,1100,700,1.861927121536624,-85,-85,-85,-85,1350,700,319.35695674496515,3.9438890929830954,circular
531,1100,700,1.861927121536624,-85,-85,-85,-85,1350,700,323.30084583794826,3.9438890929830954,circular
532,1100,700,1.861927121536624,-85,-85,-85,-85,1350,700,327.2447349309314,3.9438890929830954,circular
533,1100,700,1.861927121536624,-85,-85,-85,-85,1350,700,331.1886240239145,3.9438890929830954,circular
534,1100,700,1.861927121536624,-85,-85,-85,-85,1350,700,335.1325131168976,3.9438890929830954,circular
535,1100,700,1.861927121536624,-85,-85,-85,-85,1350,700,339.0764022098807,3.9438890929830954,circular
536,1100,700,1.861927121536624,-85,-85,-85,-85,1350,700,343.0202913028638,3.9438890929830954,circular
537,1100,700,1.861927121536624,-85,-85,-85,-85,1350,700,346.96418039584694,3.9438890929830954,circular
538,1100,700,1.861927121536624,-85,-85,-85,-85,1350,700,350.90806948883005,3.9438890929830954,circular
539,1100,700,1.861927121536624,-85,-85,-85,-85,1350,700,354.85195858181316,3.9438890929830954,circular
540,1100,700,1.861927121536624,-85,-85,-85,-85,1350,700,358.7958476747963,3.9438890929830954,circular
541,1100,700,1.861927121536624,-85,-85,-85,-85,1350,700,2.739736767779391,3.9438890929830954,circular
542,1100,700,1.861927121536624,-85,-85,-85,-85,1350,700,6.683625860762486,3.9438890929830954,circular
543,1100,700,1.861927121536624,-85,-85,-85,-85,1350,700,10.627514953745582,3.9438890929830954,circular
544,1100,700,1.861927121536624,-85,-85,-85,-85,1350,700,14.571404046728677,3.9438890929830954,circular
545,1100,700,1.861927121536624,-85,-85,-85,-85,1350,700,18.515293139711773,3.9438890929830954,circular
546,1100,700,1.861927121536624,-85,-85,-85,-85,1350,700,22.459182232694868,3.9438890929830954,circular
547,1100,700,1.861927121536624,-85,-85,-85,-85,1350,700,26.403071325677963,3.9438890929830954,circular
548,1100,700,1.861927121536624,-85,-85,-85,-85,1350,700,30.34696041866106,3.9438890929830954,circular
549,1100,700,1.861927121536624,-85,-85,-85,-85,1350,700,34.290849511644154,3.9438890929830954,circular
550,1100,700,1.861927121536624,-85,-85,-85,-85,1350,700,38.23473860462725,3.9438890929830954,circular
551,1100,700,1.861927121536624,-85,-85,-85,-85,1350,700,42.17862769761035,3.9438890929830954,circular
552,1100,700,1.861927121536624,-85,-85,-85,-85,1350,700,46.12251679059345,3.9438890929830954,circular
553,1100,700,1.861927121536624,-85,-85,-85,-85,1350,700,50.06640588357655,3.9438890929830954,circular
554,1100,700,1.861927121536624,-85,-85,-85,-85,1350,700,54.01029497655965,3.9438890929830954,circular
555,1100,700,1.861927121536624,-85,-85,-85,-85,1350,700,57.95418406954275,3.9438890929830954,circular
556,1100,700,1.861927121536624,-85,-85,-85,-85,1350,700,61.89807316252585,3.9438890929830954,circular
557,1100,700,1.861927121536624,-85,-85,-85,-85,1350,700,65.84196225550895,3.9438890929830954,circular
558,1100,700,1.861927121536624,-85,-85,-85,-85,1350,700,69.78585134849205,3.9438890929830954,circular
559,1100,700,1.861927121536624,-85,-85,-85,-85,1350,700,73.72974044147514,3.9438890929830954,circular
560,1100,700,1.861927121536624,-85,-85,-85,-85,1350,700,77.67362953445824,3.9438890929830954,circular
561,1100,700,1.861927121536624,-85,-85,-85,-85,1350,700,81.61751862744134,3.9438890929830954,circular
562,1100,700,1.861927121536624,-85,-85,-85,-85,1350,700,85.56140772042444,3.9438890929830954,circular
563,1100,700,1.861927121536624,-85,-85,-85,-85,1350,700,89.50529681340754,3.9438890929830954,circular
564,1100,700,1.861927121536624,-85,-85,-85,-85,1350,700,93.44918590639064,3.9438890929830954,circular
565,1100,700,1.861927121536624,-85,-85,-85,-85,1350,700,97.39307499937374,3.9438890929830954,circular
566,1100,700,1.861927121536624,-85,-85,-85,-85,1350,700,101.33696409235684,3.9438890929830954,circular
567,1100,700,1.861927121536624,-85,-85,-85,-85,1350,700,105.28085318533994,3.9438890929830954,circular
568,1100,700,1.861927121536624,-85,-85,-85,-85,1350,700,109.22474227832303,3.9438890929830954,circular
569,1100,700,1.861927121536624,-85,-85,-85,-85,1350,700,113.16863137130613,3.9438890929830954,circular
570,1100,700,1.861927121536624,-85,-85,-85,-85,1350,700,117.11252046428923,3.9438890929830954,circular
571,1100,700,1.861927121536624,-85,-85,-85,-85,1350,700,121.05640955727233,3.9438890929830954,circular
572,1100,700,1.861927121536624,-85,-85,-85,-85,1350,700,125.00029865025543,3.9438890929830954,circular
573,1100,700,1.861927121536624,-85,-85,-85,-85,1350,700,128.94418774323853,3.9438890929830954,circular
574,1100,700,1.861927121536624,-85,-85,-85,-85,1350,700,132.88807683622161,3.9438890929830954,circular
575,1100,700,1.861927121536624,-85,-85,-85,-85,1350,700,136.8319659292047,3.9438890929830954,circular
576,1100,700,1.861927121536624,17.513155499392102,-85,-85,11.505794098357505,1350,700,140.77585502218778,3.9438890929830954,circular
577,1100,700,1.861927121536624,20.48098321025059,-85,-85,18.47430475951294,1350,700,144.71974411517087,3.9438890929830954,circular
578,1100,700,1.861927121536624,22.170735458799452,-85,-85,20.97742610025734,1350,700,148.66363320815395,3.9438890929830954,circular
579,1100,700,1.861927121536624,23.31969953712386,-85,-85,22.496022074683278,1350,700,152.60752230113704,3.9438890929830954,circular
580,1100,700,1.861927121536624,24.1582774269213,-85,-85,23.31969953712386,1350,700,156.55141139412012,3.9438890929830954,circular
581,1100,700,1.861927121536624,24.78833704083229,-85,-85,24.1582774269213,1350,700,160.4953004871032,3.9438890929830954,circular
582,1100,700,1.861927121536624,25.26334459461691,-85,-85,24.78833704083229,1350,700,164.4391895800863,3.9438890929830954,circular
583,1100,700,1.861927121536624,25.614204328866276,-85,-85,25.26334459461691,1350,700,168.38307867306938,3.9438890929830954,circular
584,1100,700,1.861927121536624,25.859665714847075,-85,-85,25.614204328866276,1350,700,172.32696776605246,3.9438890929830954,circular
585,1100,700,1.861927121536624,26.011117049096303,-85,-85,25.859665714847075,1350,700,176.27085685903555,3.9438890929830954,circular
586,1100,700,1.861927121536624,26.067010357935978,-85,-85,26.011117049096303,1350,700,180.21474595201863,3.9438890929830954,circular
587,1100,700,1.861927121536624,26.074956048612798,-85,-85,26.074956048612798,1350,700,184.15863504500172,3.9438890929830954,circular
588,1100,700,1.861927121536624,26.011117049096303,-85,-85,26.067010357935978,1350,700,188.1025241379848,3.9438890929830954,circular
589,1100,700,1.861927121536624,25.859665714847075,-85,-85,25.9816463993744,1350,700,192.0464132309679,3.9438890929830954,circular
590,1100,700,1.861927121536624,25.614204328866276,-85,-85,25.807460623826316,1350,700,195.99030232395097,3.9438890929830954,circular
591,1100,700,1.861927121536624,25.263344594616918,-85,-85,25.536951728381826,1350,700,199.93419141693406,3.9438890929830954,circular
592,1100,700,1.861927121536624,24.788337040832293,-85,-85,25.157178905256924,1350,700,203.87808050991714,3.9438890929830954,circular
593,1100,700,1.861927121536624,24.1582774269213,-85,-85,24.646943359767004,1350,700,207.82196960290023,3.9438890929830954,circular
594,1100,700,1.861927121536624,23.319699537123853,-85,-85,23.97102224645776,1350,700,211.7658586958833,3.9438890929830954,circular
595,1100,700,1.861927121536624,22.170735458799452,-85,-85,23.067302502757133,1350,700,215.7097477888664,3.9438890929830954,circular
596,1100,700,1.861927121536624,20.48098321025059,-85,-85,21.81335663023087,1350,700,219.65363688184948,3.9438890929830954,circular
597,1100,700,1.861927121536624,17.51315549939211,-85,-85,19.914354227256315,1350,700,223.59752597483256,3.9438890929830954,circular
598,1100,700,1.861927121536624,-85,-85,-85,17.51315549939211,1350,700,227.54141506781565,3.9438890929830954,circular
599,1100,700,1.861927121536624,-85,-85,-85,-85,1350,700,231.48530416079873,3.9438890929830954,circular
600,1100,700,1.861927121536624,-85,-85,-85,-85,1350,700,235.42919325378182,3.9438890929830954,circular
601,1100,700,1.861927121536624,-85,-85,-85,-85,1350,700,239.3730823467649,3.9438890929830954,circular
602,1100,700,1.861927121536624,-85,-85,-85,-85,1350,700,243.316971439748,3.9438890929830954,circular
603,1100,700,1.861927121536624,-85,-85,-85,-85,1350,700,247.26086053273107,3.9438890929830954,circular
604,1100,700,1.861927121536624,-85,-85,-85,-85,1350,700,251.20474962571416,3.9438890929830954,circular
605,1100,700,1.861927121536624,-85,-85,-85,-85,1350,700,255.14863871869724,3.9438890929830954,circular
606,1100,700,1.861927121536624,-85,-85,-85,-85,1350,700,259.0925278116803,3.9438890929830954,circular
607,1100,700,1.861927121536624,-85,-85,-85,-85,1350,700,263.03641690466344,3.9438890929830954,circular
608,1100,700,1.861927121536624,-85,-85,-85,-85,1350,700,266.98030599764655,3.9438890929830954,circular
609,1100,700,1.861927121536624,-85,-85,-85,-85,1350,700,270.92419509062967,3.9438890929830954,circular
610,1100,700,1.861927121536624,-85,-85,-85,-85,1350,700,274.8680841836128,3.9438890929830954,circular
611,1100,700,1.861927121536624,-85,-85,-85,-85,1350,700,278.8119732765959,3.9438890929830954,circular
612,1100,700,1.861927121536624,-85,-85,-85,-85,1350,700,282.755862369579,3.9438890929830954,circular
613,1100,700,1.861927121536624,-85,-85,-85,-85,1350,700,286.6997514625621,3.9438890929830954,circular
614,1100,700,1.861927121536624,-85,-85,-85,-85,1350,700,290.64364055554523,3.9438890929830954,circular
615,1100,700,1.861927121536624,-85,-85,-85,-85,1350,700,294.58752964852835,3.9438890929830954,circular
616,1100,700,1.861927121536624,-85,-85,-85,-85,1350,700,298.53141874151146,3.9438890929830954,circular
617,1100,700,1.861927121536624,-85,-85,-85,-85,1350,700,302.4753078344946,3.9438890929830954,circular
618,1100,700,1.861927121536624,-85,-85,-85,-85,1350,700,306.4191969274777,3.9438890929830954,circular
619,1100,700,1.861927121536624,-85,-85,-85,-85,1350,700,310.3630860204608,3.9438890929830954,circular
620,1100,700,1.861927121536624,-85,-85,-85,-85,1350,700,314.3069751134439,3.9438890929830954,circular
621,1100,700,1.861927121536624,-85,-85,-85,-85,1350,700,318.250864206427,3.9438890929830954,circular
622,1100,700,1.861927121536624,-85,-85,-85,-85,1350,700,322.19475329941014,3.9438890929830954,circular
623,1100,700,1.861927121536624,-85,-85,-85,-85,1350,700,326.13864239239325,3.9438890929830954,circular
624,1100,700,1.861927121536624,-85,-85,-85,-85,1350,700,330.08253148537636,3.9438890929830954,circular
625,1100,700,1.861927121536624,-85,-85,-85,-85,1350,700,334.0264205783595,3.9438890929830954,circular
626,1100,700,1.861927121536624,-85,-85,-85,-85,1350,700,337.9703096713426,3.9438890929830954,circular
627,1100,700,1.861927121536624,-85,-85,-85,-85,1350,700,341.9141987643257,3.9438890929830954,circular
628,1100,700,1.861927121536624,-85,-85,-85,-85,1350,700,345.8580878573088,3.9438890929830954,circular
629,1100,700,1.861927121536624,-85,-85,-85,-85,1350,700,349.80197695029193,3.9438890929830954,circular
630,1100,700,1.861927121536624,-85,-85,-85,-85,1350,700,353.74586604327504,3.9438890929830954,circular
631,1100,700,1.861927121536624,-85,-85,-85,-85,1350,700,357.68975513625816,3.9438890929830954,circular
632,1100,700,1.861927121536624,-85,-85,-85,-85,1350,700,1.6336442292412698,3.9438890929830954,circular
633,1100,700,1.861927121536624,-85,-85,-85,-85,1350,700,5.577533322224365,3.9438890929830954,circular
634,1100,700,1.861927121536624,-85,-85,-85,-85,1350,700,9.52142241520746,3.9438890929830954,circular
635,1100,700,1.861927121536624,-85,-85,-85,-85,1350,700,13.465311508190556,3.9438890929830954,circular
636,1100,700,1.861927121536624,-85,-85,-85,-85,1350,700,17.40920060117365,3.9438890929830954,circular
637,1100,700,1.861927121536624,-85,-85,-85,-85,1350,700,21.353089694156747,3.9438890929830954,circular
638,1100,700,1.861927121536624,-85,-85,-85,-85,1350,700,25.296978787139842,3.9438890929830954,circular
639,1100,700,1.861927121536624,-85,-85,-85,-85,1350,700,29.240867880122938,3.9438890929830954,circular
640,1100,700,1.861927121536624,-85,-85,-85,-85,1350,700,33.18475697310603,3.9438890929830954,circular
641,1100,700,1.861927121536624,-85,-85,-85,-85,1350,700,37.12864606608913,3.9438890929830954,circular
642,1100,700,1.861927121536624,-85,-85,-85,-85,1350,700,41.07253515907223,3.9438890929830954,circular
643,1100,700,1.861927121536624,-85,-85,-85,-85,1350,700,45.01642425205533,3.9438890929830954,circular
644,1100,700,1.861927121536624,-85,-85,-85,-85,1350,700,48.96031334503843,3.9438890929830954,circular
645,1100,700,1.861927121536624,-85,-85,-85,-85,1350,700,52.90420243802153,3.9438890929830954,circular
646,1100,700,1.861927121536624,-85,-85,-85,-85,1350,700,56.84809153100463,3.9438890929830954,circular
647,1100,700,1.861927121536624,-85,-85,-85,-85,1350,700,60.791980623987726,3.9438890929830954,circular
648,1100,700,1.861927121536624,-85,-85,-85,-85,1350,700,64.73586971697083,3.9438890929830954,circular
649,1100,700,1.861927121536624,-85,-85,-85,-85,1350,700,68.67975880995392,3.9438890929830954,circular
650,1100,700,1.861927121536624,-85,-85,-85,-85,1350,700,72.62364790293702,3.9438890929830954,circular
651,1100,700,1.861927121536624,-85,-85,-85,-85,1350,700,76.56753699592012,3.9438890929830954,circular
652,1100,700,1.861927121536624,-85,-85,-85,-85,1350,700,80.51142608890322,3.9438890929830954,circular
653,1100,700,1.861927121536624,-85,-85,-85,-85,1350,700,84.45531518188632,3.9438890929830954,circular
654,1100,700,1.861927121536624,-85,-85,-85,-85,1350,700,88.39920427486942,3.9438890929830954,circular
655,1100,700,1.861927121536624,-85,-85,-85,-85,1350,700,92.34309336785252,3.9438890929830954,circular
656,1100,700,1.861927121536624,-85,-85,-85,-85,1350,700,96.28698246083562,3.9438890929830954,circular
657,1100,700,1.861927121536624,-85,-85,-85,-85,1350,700,100.23087155381872,3.9438890929830954,circular
658,1100,700,1.861927121536624,-85,-85,-85,-85,1350,700,104.17476064680181,3.9438890929830954,circular
659,1100,700,1.861927121536624,-85,-85,-85,-85,1350,700,108.11864973978491,3.9438890929830954,circular
660,1100,700,1.861927121536624,-85,-85,-85,-85,1350,700,112.06253883276801,3.9438890929830954,circular
661,1100,700,1.861927121536624,-85,-85,-85,-85,1350,700,116.00642792575111,3.9438890929830954,circular
662,1100,700,1.861927121536624,-85,-85,-85,-85,1350,700,119.95031701873421,3.9438890929830954,circular
663,1100,700,1.861927121536624,-85,-85,-85,-85,1350,700,123.89420611171731,3.9438890929830954,circular
664,1100,700,1.861927121536624,-85,-85,-85,-85,1350,700,127.83809520470041,3.9438890929830954,circular
665,1100,700,1.861927121536624,-85,-85,-85,-85,1350,700,131.7819842976835,3.9438890929830954,circular
666,1100,700,1.861927121536624,-85,-85,-85,-85,1350,700,135.72587339066658,3.9438890929830954,circular
667,1100,700,1.861927121536624,16.269948115724727,-85,-85,-85,1350,700,139.66976248364966,3.9438890929830954,circular
668,1100,700,1.861927121536624,19.91435422725632,-85,-85,17.513155499392102,1350,700,143.61365157663275,3.9438890929830954,circular
669,1100,700,1.861927121536624,21.813356630230874,-85,-85,19.91435422725632,1350,700,147.55754066961583,3.9438890929830954,circular
670,1100,700,1.861927121536624,23.06730250275713,-85,-85,21.813356630230874,1350,700,151.50142976259892,3.9438890929830954,circular
671,1100,700,1.861927121536624,23.971022246457757,-85,-85,23.06730250275713,1350,700,155.445318855582,3.9438890929830954,circular
672,1100,700,1.861927121536624,24.646943359767004,-85,-85,23.971022246457757,1350,700,159.3892079485651,3.9438890929830954,circular
673,1100,700,1.861927121536624,25.157178905256924,-85,-85,24.646943359767004,1350,700,163.33309704154817,3.9438890929830954,circular
674,1100,700,1.861927121536624,25.536951728381826,-85,-85,25.157178905256924,1350,700,167.27698613453126,3.9438890929830954,circular
675,1100,700,1.861927121536624,25.7492610641292,-85,-85,25.536951728381826,1350,700,171.22087522751434,3.9438890929830954,circular
676,1100,700,1.861927121536624,25.946643644493044,-85,-85,25.80746062382631,1350,700,175.16476432049743,3.9438890929830954,circular
677,1100,700,1.861927121536624,26.053745949214605,-85,-85,25.9816463993744,1350,700,179.1086534134805,3.9438890929830954,circular
678,1100,700,1.861927121536624,26.077602459396946,-85,-85,26.067010357935978,1350,700,183.0525425064636,3.9438890929830954,circular
679,1100,700,1.861927121536624,26.035130213615616,-85,-85,26.074956048612798,1350,700,186.99643159944668,3.9438890929830954,circular
680,1100,700,1.861927121536624,25.906018829630398,-85,-85,26.011117049096303,1350,700,190.94032069242976,3.9438890929830954,circular
681,1100,700,1.861927121536624,25.684904084789977,-85,-85,25.859665714847075,1350,700,194.88420978541285,3.9438890929830954,circular
682,1100,700,1.861927121536624,25.361807294499556,-85,-85,25.614204328866276,1350,700,198.82809887839593,3.9438890929830954,circular
683,1100,700,1.861927121536624,24.92014212493214,-85,-85,25.263344594616918,1350,700,202.77198797137902,3.9438890929830954,circular
684,1100,700,1.861927121536624,24.332711411139446,-85,-85,24.788337040832293,1350,700,206.7158770643621,3.9438890929830954,circular
685,1100,700,1.861927121536624,23.553218972269416,-85,-85,24.1582774269213,1350,700,210.6597661573452,3.9438890929830954,circular
686,1100,700,1.861927121536624,22.496022074683278,-85,-85,23.319699537123853,1350,700,214.60365525032827,3.9438890929830954,circular
687,1100,700,1.861927121536624,20.97742610025735,-85,-85,22.496022074683278,1350,700,218.54754434331136,3.9438890929830954,circular
688,1100,700,1.861927121536624,18.474304759512954,-85,-85,20.97742610025735,1350,700,222.49143343629444,3.9438890929830954,circular
689,1100,700,1.861927121536624,11.50579409835762,-85,-85,18.474304759512954,1350,700,226.43532252927753,3.9438890929830954,circular
690,1100,700,1.861927121536624,-85,-85,-85,11.50579409835762,1350,700,230.3792116222606,3.9438890929830954,circular
691,1100,700,1.861927121536624,-85,-85,-85,-85,1350,700,234.3231007152437,3.9438890929830954,circular
692,1100,700,1.861927121536624,-85,-85,-85,-85,1350,700,238.26698980822678,3.9438890929830954,circular
693,1100,700,1.861927121536624,-85,-85,-85,-85,1350,700,242.21087890120987,3.9438890929830954,circular
694,1100,700,1.861927121536624,-85,-85,-85,-85,1350,700,246.15476799419295,3.9438890929830954,circular
695,1100,700,1.861927121536624,-85,-85,-85,-85,1350,700,250.09865708717604,3.9438890929830954,circular
696,1100,700,1.861927121536624,-85,-85,-85,-85,1350,700,254.04254618015912,3.9438890929830954,circular
697,1100,700,1.861927121536624,-85,-85,-85,-85,1350,700,257.9864352731422,3.9438890929830954,circular
698,1100,700,1.861927121536624,-85,-85,-85,-85,1350,700,261.9303243661253,3.9438890929830954,circular
699,1100,700,1.861927121536624,-85,-85,-85,-85,1350,700,265.87421345910843,3.9438890929830954,circular
700,1100,700,1.861927121536624,-85,-85,-85,-85,1350,700,269.81810255209155,3.9438890929830954,circular
701,1100,700,1.861927121536624,-85,-85,-85,-85,1350,700,273.76199164507466,3.9438890929830954,circular
702,1100,700,1.861927121536624,-85,-85,-85,-85,1350,700,277.7058807380578,3.9438890929830954,circular
703,1100,700,1.861927121536624,-85,-85,-85,-85,1350,700,281.6497698310409,3.9438890929830954,circular
704,1100,700,1.861927121536624,-85,-85,-85,-85,1350,700,285.593658924024,3.9438890929830954,circular
705,1100,700,1.861927121536624,-85,-85,-85,-85,1350,700,289.5375480170071,3.9438890929830954,circular
706,1100,700,1.861927121536624,-85,-85,-85,-85,1350,700,293.4814371099902,3.9438890929830954,circular
707,1100,700,1.861927121536624,-85,-85,-85,-85,1350,700,297.42532620297334,3.9438890929830954,circular
708,1100,700,1.861927121536624,-85,-85,-85,-85,1350,700,301.36921529595645,3.9438890929830954,circular
709,1100,700,1.861927121536624,-85,-85,-85,-85,1350,700,305.31310438893956,3.9438890929830954,circular
710,1100,700,1.861927121536624,-85,-85,-85,-85,1350,700,309.2569934819227,3.9438890929830954,circular
711,1100,700,1.861927121536624,-85,-85,-85,-85,1350,700,313.2008825749058,3.9438890929830954,circular
712,1100,700,1.861927121536624,-85,-85,-85,-85,1350,700,317.1447716678889,3.9438890929830954,circular
713,1100,700,1.861927121536624,-85,-85,-85,-85,1350,700,321.088660760872,3.9438890929830954,circular
714,1100,700,1.861927121536624,-85,-85,-85,-85,1350,700,325.03254985385513,3.9438890929830954,circular
715,1100,700,1.861927121536624,-85,-85,-85,-85,1350,700,328.97643894683824,3.9438890929830954,circular
716,1100,700,1.861927121536624,-85,-85,-85,-85,1350,700,332.92032803982136,3.9438890929830954,circular
717,1100,700,1.861927121536624,-85,-85,-85,-85,1350,700,336.86421713280447,3.9438890929830954,circular
718,1100,700,1.861927121536624,-85,-85,-85,-85,1350,700,340.8081062257876,3.9438890929830954,circular
719,1100,700,1.861927121536624,-85,-85,-85,-85,1350,700,344.7519953187707,3.9438890929830954,circular
720,1100,700,1.861927121536624,-85,-85,-85,-85,1350,700,348.6958844117538,3.9438890929830954,circular
721,1100,700,1.861927121536624,-85,-85,-85,-85,1350,700,352.6397735047369,3.9438890929830954,circular
722,1100,700,1.861927121536624,-85,-85,-85,-85,1350,700,356.58366259772004,3.9438890929830954,circular
723,1100,700,1.861927121536624,-85,-85,-85,-85,1350,700,0.5275516907031488,3.9438890929830954,circular
724,1100,700,1.861927121536624,-85,-85,-85,-85,1350,700,4.471440783686244,3.9438890929830954,circular
725,1100,700,1.861927121536624,-85,-85,-85,-85,1350,700,8.41532987666934,3.9438890929830954,circular
726,1100,700,1.861927121536624,-85,-85,-85,-85,1350,700,12.359218969652435,3.9438890929830954,circular
727,1100,700,1.861927121536624,-85,-85,-85,-85,1350,700,16.30310806263553,3.9438890929830954,circular
728,1100,700,1.861927121536624,-85,-85,-85,-85,1350,700,20.246997155618626,3.9438890929830954,circular
729,1100,700,1.861927121536624,-85,-85,-85,-85,1350,700,24.19088624860172,3.9438890929830954,circular
730,1100,700,1.861927121536624,-85,-85,-85,-85,1350,700,28.134775341584817,3.9438890929830954,circular
731,1100,700,1.861927121536624,-85,-85,-85,-85,1350,700,32.07866443456791,3.9438890929830954,circular
732,1100,700,1.861927121536624,-85,-85,-85,-85,1350,700,36.02255352755101,3.9438890929830954,circular
733,1100,700,1.861927121536624,-85,-85,-85,-85,1350,700,39.96644262053411,3.9438890929830954,circular
734,1100,700,1.861927121536624,-85,-85,-85,-85,1350,700,43.91033171351721,3.9438890929830954,circular
735,1100,700,1.861927121536624,-85,-85,-85,-85,1350,700,47.85422080650031,3.9438890929830954,circular
736,1100,700,1.861927121536624,-85,-85,-85,-85,1350,700,51.79810989948341,3.9438890929830954,circular
737,1100,700,1.861927121536624,-85,-85,-85,-85,1350,700,55.741998992466506,3.9438890929830954,circular
738,1100,700,1.861927121536624,-85,-85,-85,-85,1350,700,59.685888085449605,3.9438890929830954,circular
739,1100,700,1.861927121536624,-85,-85,-85,-85,1350,700,63.629777178432704,3.9438890929830954,circular
740,1100,700,1.861927121536624,-85,-85,-85,-85,1350,700,67.5736662714158,3.9438890929830954,circular
741,1100,700,1.861927121536624,-85,-85,-85,-85,1350,700,71.5175553643989,3.9438890929830954,circular
742,1100,700,1.861927121536624,-85,-85,-85,-85,1350,700,75.461444457382,3.9438890929830954,circular
743,1100,700,1.861927121536624,-85,-85,-85,-85,1350,700,79.4053335503651,3.9438890929830954,circular
744,1100,700,1.861927121536624,-85,-85,-85,-85,1350,700,83.3492226433482,3.9438890929830954,circular
745,1100,700,1.861927121536624,-85,-85,-85,-85,1350,700,87.2931117363313,3.9438890929830954,circular
746,1100,700,1.861927121536624,-85,-85,-85,-85,1350,700,91.2370008293144,3.9438890929830954,circular
747,1100,700,1.861927121536624,-85,-85,-85,-85,1350,700,95.1808899222975,3.9438890929830954,circular
748,1100,700,1.861927121536624,-85,-85,-85,-85,1350,700,99.1247790152806,3.9438890929830954,circular
749,1100,700,1.861927121536624,-85,-85,-85,-85,1350,700,103.0686681082637,3.9438890929830954,circular
750,1100,700,1.861927121536624,-85,-85,-85,-85,1350,700,107.01255720124679,3.9438890929830954,circular
751,1100,700,1.861927121536624,-85,-85,-85,-85,1350,700,110.95644629422989,3.9438890929830954,circular
752,1100,700,1.861927121536624,-85,-85,-85,-85,1350,700,114.90033538721299,3.9438890929830954,circular
753,1100,700,1.861927121536624,-85,-85,-85,-85,1350,700,118.84422448019609,3.9438890929830954,circular
754,1100,700,1.861927121536624,-85,-85,-85,-85,1350,700,122.78811357317919,3.9438890929830954,circular
755,1100,700,1.861927121536624,-85,-85,-85,-85,1350,700,126.73200266616229,3.9438890929830954,circular
756,1100,700,1.861927121536624,-85,-85,-85,-85,1350,700,130.67589175914537,3.9438890929830954,circular
757,1100,700,1.861927121536624,-85,-85,-85,-85,1350,700,134.61978085212846,3.9438890929830954,circular
758,1100,700,1.861927121536624,14.513447644213304,-85,-85,-85,1350,700,138.56366994511154,3.9438890929830954,circular
759,1100,700,1.861927121536624,19.25639156218217,-85,-85,14.513447644213304,1350,700,142.50755903809463,3.9438890929830954,circular
760,1100,700,1.861927121536624,21.41811930585211,-85,-85,19.25639156218217,1350,700,146.4514481310777,3.9438890929830954,circular
761,1100,700,1.861927121536624,22.793695368992218,-85,-85,21.41811930585211,1350,700,150.3953372240608,3.9438890929830954,circular
762,1100,700,1.861927121536624,23.769789312347285,-85,-85,22.793695368992218,1350,700,154.33922631704388,3.9438890929830954,circular
763,1100,700,1.861927121536624,24.495315191602927,-85,-85,23.769789312347285,1350,700,158.28311541002697,3.9438890929830954,circular
764,1100,700,1.861927121536624,25.042923900792417,-85,-85,24.495315191602927,1350,700,162.22700450301005,3.9438890929830954,circular
765,1100,700,1.861927121536624,25.36180729449956,-85,-85,25.042923900792417,1350,700,166.17089359599314,3.9438890929830954,circular
766,1100,700,1.861927121536624,25.684904084789974,-85,-85,25.452908776355446,1350,700,170.11478268897622,3.9438890929830954,circular
767,1100,700,1.861927121536624,25.906018829630398,-85,-85,25.7492610641292,1350,700,174.0586717819593,3.9438890929830954,circular
768,1100,700,1.861927121536624,26.035130213615616,-85,-85,25.946643644493044,1350,700,178.0025608749424,3.9438890929830954,circular
769,1100,700,1.861927121536624,26.077602459396946,-85,-85,26.053745949214605,1350,700,181.94644996792547,3.9438890929830954,circular
770,1100,700,1.861927121536624,26.053745949214605,-85,-85,26.077602459396946,1350,700,185.89033906090856,3.9438890929830954,circular
771,1100,700,1.861927121536624,25.946643644493044,-85,-85,26.035130213615616,1350,700,189.83422815389164,3.9438890929830954,circular
772,1100,700,1.861927121536624,25.7492610641292,-85,-85,25.906018829630398,1350,700,193.77811724687473,3.9438890929830954,circular
773,1100,700,1.861927121536624,25.452908776355446,-85,-85,25.684904084789977,1350,700,197.7220063398578,3.9438890929830954,circular
774,1100,700,1.861927121536624,25.042923900792417,-85,-85,25.361807294499556,1350,700,201.6658954328409,3.9438890929830954,circular
775,1100,700,1.861927121536624,24.495315191602927,-85,-85,24.92014212493214,1350,700,205.60978452582398,3.9438890929830954,circular
776,1100,700,1.861927121536624,23.769789312347285,-85,-85,24.495315191602927,1350,700,209.55367361880707,3.9438890929830954,circular
777,1100,700,1.861927121536624,22.793695368992225,-85,-85,23.769789312347285,1350,700,213.49756271179015,3.9438890929830954,circular
778,1100,700,1.861927121536624,21.418119305852123,-85,-85,22.793695368992225,1350,700,217.44145180477324,3.9438890929830954,circular
779,1100,700,1.861927121536624,19.25639156218219,-85,-85,21.418119305852123,1350,700,221.38534089775632,3.9438890929830954,circular
780,1100,700,1.861927121536624,14.513447644213265,-85,-85,19.25639156218219,1350,700,225.3292299907394,3.9438890929830954,circular
781,1100,700,1.861927121536624,-85,-85,-85,14.513447644213265,1350,700,229.2731190837225,3.9438890929830954,circular
782,1100,700,1.861927121536624,-85,-85,-85,-85,1350,700,233.21700817670558,3.9438890929830954,circular
783,1100,700,1.861927121536624,-85,-85,-85,-85,1350,700,237.16089726968866,3.9438890929830954,circular
784,1100,700,1.861927121536624,-85,-85,-85,-85,1350,700,241.10478636267175,3.9438890929830954,circular
785,1100,700,1.861927121536624,-85,-85,-85,-85,1350,700,245.04867545565483,3.9438890929830954,circular
786,1100,700,1.861927121536624,-85,-85,-85,-85,1350,700,248.99256454863792,3.9438890929830954,circular
787,1100,700,1.861927121536624,-85,-85,-85,-85,1350,700,252.936453641621,3.9438890929830954,circular
788,1100,700,1.861927121536624,-85,-85,-85,-85,1350,700,256.8803427346041,3.9438890929830954,circular
789,1100,700,1.861927121536624,-85,-85,-85,-85,1350,700,260.8242318275872,3.9438890929830954,circular
790,1100,700,1.861927121536624,-85,-85,-85,-85,1350,700,264.7681209205703,3.9438890929830954,circular
791,1100,700,1.861927121536624,-85,-85,-85,-85,1350,700,268.7120100135534,3.9438890929830954,circular
792,1100,700,1.861927121536624,-85,-85,-85,-85,1350,700,272.65589910653654,3.9438890929830954,circular
793,1100,700,1.861927121536624,-85,-85,-85,-85,1350,700,276.59978819951965,3.9438890929830954,circular
794,1100,700,1.861927121536624,-85,-85,-85,-85,1350,700,280.54367729250276,3.9438890929830954,circular
795,1100,700,1.861927121536624,-85,-85,-85,-85,1350,700,284.4875663854859,3.9438890929830954,circular
796,1100,700,1.861927121536624,-85,-85,-85,-85,1350,700,288.431455478469,3.9438890929830954,circular
797,1100,700,1.861927121536624,-85,-85,-85,-85,1350,700,292.3753445714521,3.9438890929830954,circular
798,1100,700,1.861927121536624,-85,-85,-85,-85,1350,700,296.3192336644352,3.9438890929830954,circular
799,1100,700,1.861927121536624,-85,-85,-85,-85,1350,700,300.26312275741833,3.9438890929830954,circular
800,1100,700,1.861927121536624,-85,-85,-85,-85,1350,700,304.20701185040144,3.9438890929830954,circular
801,1100,700,1.861927121536624,-85,-85,-85,-85,1350,700,308.15090094338456,3.9438890929830954,circular
802,1100,700,1.861927121536624,-85,-85,-85,-85,1350,700,312.09479003636767,3.9438890929830954,circular
803,1100,700,1.861927121536624,-85,-85,-85,-85,1350,700,316.0386791293508,3.9438890929830954,circular
804,1100,700,1.861927121536624,-85,-85,-85,-85,1350,700,319.9825682223339,3.9438890929830954,circular
805,1100,700,1.861927121536624,-85,-85,-85,-85,1350,700,323.926457315317,3.9438890929830954,circular
806,1100,700,1.861927121536624,-85,-85,-85,-85,1350,700,327.8703464083001,3.9438890929830954,circular
807,1100,700,1.861927121536624,-85,-85,-85,-85,1350,700,331.81423550128324,3.9438890929830954,circular
808,1100,700,1.861927121536624,-85,-85,-85,-85,1350,700,335.75812459426635,3.9438890929830954,circular
809,1100,700,1.861927121536624,-85,-85,-85,-85,1350,700,339.70201368724946,3.9438890929830954,circular
810,1100,700,1.861927121536624,-85,-85,-85,-85,1350,700,343.6459027802326,3.9438890929830954,circular
811,1100,700,1.861927121536624,-85,-85,-85,-85,1350,700,347.5897918732157,3.9438890929830954,circular
812,1100,700,1.861927121536624,-85,-85,-85,-85,1350,700,351.5336809661988,3.9438890929830954,circular
813,1100,700,1.861927121536624,-85,-85,-85,-85,1350,700,355.4775700591819,3.9438890929830954,circular
814,1100,700,1.861927121536624,-85,-85,-85,-85,1350,700,359.421459152165,3.9438890929830954,circular
815,1100,700,1.861927121536624,-85,-85,-85,-85,1350,700,3.365348245148141,3.9438890929830954,circular
816,1100,700,1.861927121536624,-85,-85,-85,-85,1350,700,7.309237338131236,3.9438890929830954,circular
817,1100,700,1.861927121536624,-85,-85,-85,-85,1350,700,11.253126431114332,3.9438890929830954,circular
818,1100,700,1.861927121536624,-85,-85,-85,-85,1350,700,15.197015524097427,3.9438890929830954,circular
819,1100,700,1.861927121536624,-85,-85,-85,-85,1350,700,19.140904617080523,3.9438890929830954,circular
820,1100,700,1.861927121536624,-85,-85,-85,-85,1350,700,23.084793710063618,3.9438890929830954,circular
821,1100,700,1.861927121536624,-85,-85,-85,-85,1350,700,27.028682803046713,3.9438890929830954,circular
822,1100,700,1.861927121536624,-85,-85,-85,-85,1350,700,30.97257189602981,3.9438890929830954,circular
823,1100,700,1.861927121536624,-85,-85,-85,-85,1350,700,34.916460989012904,3.9438890929830954,circular
824,1100,700,1.861927121536624,-85,-85,-85,-85,1350,700,38.860350081996,3.9438890929830954,circular
825,1100,700,1.861927121536624,-85,-85,-85,-85,1350,700,42.8042391749791,3.9438890929830954,circular
826,1100,700,1.861927121536624,-85,-85,-85,-85,1350,700,46.7481282679622,3.9438890929830954,circular
827,1100,700,1.861927121536624,-85,-85,-85,-85,1350,700,50.6920173609453,3.9438890929830954,circular
828,1100,700,1.861927121536624,-85,-85,-85,-85,1350,700,54.6359064539284,3.9438890929830954,circular
829,1100,700,1.861927121536624,-85,-85,-85,-85,1350,700,58.5797955469115,3.9438890929830954,circular
830,1100,700,1.861927121536624,-85,-85,-85,-85,1350,700,62.5236846398946,3.9438890929830954,circular
831,1100,700,1.861927121536624,-85,-85,-85,-85,1350,700,66.4675737328777,3.9438890929830954,circular
832,1100,700,1.861927121536624,-85,-85,-85,-85,1350,700,70.4114628258608,3.9438890929830954,circular
833,1100,700,1.861927121536624,-85,-85,-85,-85,1350,700,74.3553519188439,3.9438890929830954,circular
834,1100,700,1.861927121536624,-85,-85,-85,-85,1350,700,78.299241011827,3.9438890929830954,circular
835,1100,700,1.861927121536624,-85,-85,-85,-85,1350,700,82.24313010481009,3.9438890929830954,circular
836,1100,700,1.861927121536624,-85,-85,-85,-85,1350,700,86.18701919779319,3.9438890929830954,circular
837,1100,700,1.861927121536624,-85,-85,-85,-85,1350,700,90.13090829077629,3.9438890929830954,circular
838,1100,700,1.861927121536624,-85,-85,-85,-85,1350,700,94.07479738375939,3.9438890929830954,circular
839,1100,700,1.861927121536624,-85,-85,-85,-85,1350,700,98.01868647674249,3.9438890929830954,circular
840,1100,700,1.861927121536624,-85,-85,-85,-85,1350,700,101.96257556972559,3.9438890929830954,circular
841,1100,700,1.861927121536624,-85,-85,-85,-85,1350,700,105.90646466270869,3.9438890929830954,circular
842,1100,700,1.861927121536624,-85,-85,-85,-85,1350,700,109.85035375569178,3.9438890929830954,circular
843,1100,700,1.861927121536624,-85,-85,-85,-85,1350,700,113.79424284867488,3.9438890929830954,circular
844,1100,700,1.861927121536624,-85,-85,-85,-85,1350,700,117.73813194165798,3.9438890929830954,circular
845,1100,700,1.861927121536624,-85,-85,-85,-85,1350,700,121.68202103464108,3.9438890929830954,circular
846,1100,700,1.861927121536624,-85,-85,-85,-85,1350,700,125.62591012762418,3.9438890929830954,circular
847,1100,700,1.861927121536624,-85,-85,-85,-85,1350,700,129.56979922060728,3.9438890929830954,circular
848,1100,700,1.861927121536624,-85,-85,-85,-85,1350,700,133.51368831359036,3.9438890929830954,circular
849,1100,700,1.861927121536624,11.505794098357505,-85,-85,-85,1350,700,137.45757740657345,3.9438890929830954,circular
850,1100,700,1.861927121536624,18.47430475951294,-85,-85,11.505794098357505,1350,700,141.40146649955653,3.9438890929830954,circular
851,1100,700,1.861927121536624,20.97742610025734,-85,-85,18.47430475951294,1350,700,145.34535559253962,3.9438890929830954,circular
852,1100,700,1.861927121536624,22.496022074683278,-85,-85,20.97742610025734,1350,700,149.2892446855227,3.9438890929830954,circular
853,1100,700,1.861927121536624,23.553218972269416,-85,-85,22.496022074683278,1350,700,153.2331337785058,3.9438890929830954,circular
854,1100,700,1.861927121536624,24.1582774269213,-85,-85,23.553218972269416,1350,700,157.17702287148887,3.9438890929830954,circular
855,1100,700,1.861927121536624,24.78833704083229,-85,-85,24.33271141113945,1350,700,161.12091196447196,3.9438890929830954,circular
856,1100,700,1.861927121536624,25.26334459461691,-85,-85,24.92014212493214,1350,700,165.06480105745504,3.9438890929830954,circular
857,1100,700,1.861927121536624,25.614204328866276,-85,-85,25.36180729449956,1350,700,169.00869015043813,3.9438890929830954,circular
858,1100,700,1.861927121536624,25.859665714847075,-85,-85,25.684904084789974,1350,700,172.9525792434212,3.9438890929830954,circular
859,1100,700,1.861927121536624,26.011117049096303,-85,-85,25.906018829630398,1350,700,176.8964683364043,3.9438890929830954,circular
860,1100,700,1.861927121536624,26.074956048612798,-85,-85,26.035130213615616,1350,700,180.84035742938738,3.9438890929830954,circular
861,1100,700,1.861927121536624,26.067010357935978,-85,-85,26.077602459396946,1350,700,184.78424652237047,3.9438890929830954,circular
862,1100,700,1.861927121536624,25.9816463993744,-85,-85,26.053745949214605,1350,700,188.72813561535355,3.9438890929830954,circular
863,1100,700,1.861927121536624,25.807460623826316,-85,-85,25.946643644493044,1350,700,192.67202470833664,3.9438890929830954,circular
864,1100,700,1.861927121536624,25.536951728381826,-85,-85,25.7492610641292,1350,700,196.61591380131972,3.9438890929830954,circular
865,1100,700,1.861927121536624,25.157178905256924,-85,-85,25.452908776355446,1350,700,200.5598028943028,3.9438890929830954,circular
866,1100,700,1.861927121536624,24.646943359767004,-85,-85,25.157178905256924,1350,700,204.5036919872859,3.9438890929830954,circular
867,1100,700,1.861927121536624,23.97102224645776,-85,-85,24.646943359767004,1350,700,208.44758108026898,3.9438890929830954,circular
868,1100,700,1.861927121536624,23.067302502757133,-85,-85,23.97102224645776,1350,700,212.39147017325206,3.9438890929830954,circular
869,1100,700,1.861927121536624,21.81335663023087,-85,-85,23.067302502757133,1350,700,216.33535926623514,3.9438890929830954,circular
870,1100,700,1.861927121536624,19.914354227256315,-85,-85,21.81335663023087,1350,700,220.27924835921823,3.9438890929830954,circular
871,1100,700,1.861927121536624,17.51315549939211,-85,-85,19.914354227256315,1350,700,224.2231374522013,3.9438890929830954,circular
872,1100,700,1.861927121536624,-85,-85,-85,16.269948115724716,1350,700,228.1670265451844,3.9438890929830954,circular
873,1100,700,1.861927121536624,-85,-85,-85,-85,1350,700,232.11091563816748,3.9438890929830954,circular
874,1100,700,1.861927121536624,-85,-85,-85,-85,1350,700,236.05480473115057,3.9438890929830954,circular
875,1100,700,1.861927121536624,-85,-85,-85,-85,1350,700,239.99869382413365,3.9438890929830954,circular
876,1100,700,1.861927121536624,-85,-85,-85,-85,1350,700,243.94258291711674,3.9438890929830954,circular
877,1100,700,1.861927121536624,-85,-85,-85,-85,1350,700,247.88647201009982,3.9438890929830954,circular
878,1100,700,1.861927121536624,-85,-85,-85,-85,1350,700,251.8303611030829,3.9438890929830954,circular
879,1100,700,1.861927121536624,-85,-85,-85,-85,1350,700,255.774250196066,3.9438890929830954,circular
880,1100,700,1.861927121536624,-85,-85,-85,-85,1350,700,259.7181392890491,3.9438890929830954,circular
881,1100,700,1.861927121536624,-85,-85,-85,-85,1350,700,263.6620283820322,3.9438890929830954,circular
882,1100,700,1.861927121536624,-85,-85,-85,-85,1350,700,267.6059174750153,3.9438890929830954,circular
883,1100,700,1.861927121536624,-85,-85,-85,-85,1350,700,271.5498065679984,3.9438890929830954,circular
884,1100,700,1.861927121536624,-85,-85,-85,-85,1350,700,275.49369566098153,3.9438890929830954,circular
885,1100,700,1.861927121536624,-85,-85,-85,-85,1350,700,279.43758475396464,3.9438890929830954,circular
886,1100,700,1.861927121536624,-85,-85,-85,-85,1350,700,283.38147384694776,3.9438890929830954,circular
887,1100,700,1.861927121536624,-85,-85,-85,-85,1350,700,287.32536293993087,3.9438890929830954,circular
888,1100,700,1.861927121536624,-85,-85,-85,-85,1350,700,291.269252032914,3.9438890929830954,circular
889,1100,700,1.861927121536624,-85,-85,-85,-85,1350,700,295.2131411258971,3.9438890929830954,circular
890,1100,700,1.861927121536624,-85,-85,-85,-85,1350,700,299.1570302188802,3.9438890929830954,circular
891,1100,700,1.861927121536624,-85,-85,-85,-85,1350,700,303.1009193118633,3.9438890929830954,circular
892,1100,700,1.861927121536624,-85,-85,-85,-85,1350,700,307.04480840484644,3.9438890929830954,circular
893,1100,700,1.861927121536624,-85,-85,-85,-85,1350,700,310.98869749782955,3.9438890929830954,circular
894,1100,700,1.861927121536624,-85,-85,-85,-85,1350,700,314.93258659081266,3.9438890929830954,circular
895,1100,700,1.861927121536624,-85,-85,-85,-85,1350,700,318.8764756837958,3.9438890929830954,circular
896,1100,700,1.861927121536624,-85,-85,-85,-85,1350,700,322.8203647767789,3.9438890929830954,circular
897,1100,700,1.861927121536624,-85,-85,-85,-85,1350,700,326.764253869762,3.9438890929830954,circular
898,1100,700,1.861927121536624,-85,-85,-85,-85,1350,700,330.7081429627451,3.9438890929830954,circular
899,1100,700,1.861927121536624,-85,-85,-85,-85,1350,700,334.6520320557282,3.9438890929830954,circular
900,1100,700,1.861927121536624,-85,-85,-85,-85,1350,700,338.59592114871134,3.9438890929830954,circular
901,1100,700,1.861927121536624,-85,-85,-85,-85,1350,700,342.53981024169445,3.9438890929830954,circular
902,1100,700,1.861927121536624,-85,-85,-85,-85,1350,700,346.48369933467757,3.9438890929830954,circular
903,1100,700,1.861927121536624,-85,-85,-85,-85,1350,700,350.4275884276607,3.9438890929830954,circular
904,1100,700,1.861927121536624,-85,-85,-85,-85,1350,700,354.3714775206438,3.9438890929830954,circular
905,1100,700,1.861927121536624,-85,-85,-85,-85,1350,700,358.3153666136269,3.9438890929830954,circular
906,1100,700,1.861927121536624,-85,-85,-85,-85,1350,700,2.25925570661002,3.9438890929830954,circular
907,1100,700,1.861927121536624,-85,-85,-85,-85,1350,700,6.203144799593115,3.9438890929830954,circular
908,1100,700,1.861927121536624,-85,-85,-85,-85,1350,700,10.14703389257621,3.9438890929830954,circular
909,1100,700,1.861927121536624,-85,-85,-85,-85,1350,700,14.090922985559306,3.9438890929830954,circular
910,1100,700,1.861927121536624,-85,-85,-85,-85,1350,700,18.0348120785424,3.9438890929830954,circular
911,1100,700,1.861927121536624,-85,-85,-85,-85,1350,700,21.978701171525497,3.9438890929830954,circular
912,1100,700,1.861927121536624,-85,-85,-85,-85,1350,700,25.922590264508592,3.9438890929830954,circular
913,1100,700,1.861927121536624,-85,-85,-85,-85,1350,700,29.866479357491688,3.9438890929830954,circular
914,1100,700,1.861927121536624,-85,-85,-85,-85,1350,700,33.81036845047478,3.9438890929830954,circular
915,1100,700,1.861927121536624,-85,-85,-85,-85,1350,700,37.75425754345788,3.9438890929830954,circular
916,1100,700,1.861927121536624,-85,-85,-85,-85,1350,700,41.69814663644098,3.9438890929830954,circular
917,1100,700,1.861927121536624,-85,-85,-85,-85,1350,700,45.64203572942408,3.9438890929830954,circular
918,1100,700,1.861927121536624,-85,-85,-85,-85,1350,700,49.58592482240718,3.9438890929830954,circular
919,1100,700,1.861927121536624,-85,-85,-85,-85,1350,700,53.52981391539028,3.9438890929830954,circular
920,1100,700,1.861927121536624,-85,-85,-85,-85,1350,700,57.47370300837338,3.9438890929830954,circular
921,1100,700,1.861927121536624,-85,-85,-85,-85,1350,700,61.417592101356476,3.9438890929830954,circular
922,1100,700,1.861927121536624,-85,-85,-85,-85,1350,700,65.36148119433958,3.9438890929830954,circular
923,1100,700,1.861927121536624,-85,-85,-85,-85,1350,700,69.30537028732267,3.9438890929830954,circular
924,1100,700,1.861927121536624,-85,-85,-85,-85,1350,700,73.24925938030577,3.9438890929830954,circular
925,1100,700,1.861927121536624,-85,-85,-85,-85,1350,700,77.19314847328887,3.9438890929830954,circular
926,1100,700,1.861927121536624,-85,-85,-85,-85,1350,700,81.13703756627197,3.9438890929830954,circular
927,1100,700,1.861927121536624,-85,-85,-85,-85,1350,700,85.08092665925507,3.9438890929830954,circular
928,1100,700,1.861927121536624,-85,-85,-85,-85,1350,700,89.02481575223817,3.9438890929830954,circular
929,1100,700,1.861927121536624,-85,-85,-85,-85,1350,700,92.96870484522127,3.9438890929830954,circular
930,1100,700,1.861927121536624,-85,-85,-85,-85,1350,700,96.91259393820437,3.9438890929830954,circular
931,1100,700,1.861927121536624,-85,-85,-85,-85,1350,700,100.85648303118747,3.9438890929830954,circular
932,1100,700,1.861927121536624,-85,-85,-85,-85,1350,700,104.80037212417056,3.9438890929830954,circular
933,1100,700,1.861927121536624,-85,-85,-85,-85,1350,700,108.74426121715366,3.9438890929830954,circular
934,1100,700,1.861927121536624,-85,-85,-85,-85,1350,700,112.68815031013676,3.9438890929830954,circular
935,1100,700,1.861927121536624,-85,-85,-85,-85,1350,700,116.63203940311986,3.9438890929830954,circular
936,1100,700,1.861927121536624,-85,-85,-85,-85,1350,700,120.57592849610296,3.9438890929830954,circular
937,1100,700,1.861927121536624,-85,-85,-85,-85,1350,700,124.51981758908606,3.9438890929830954,circular
938,1100,700,1.861927121536624,-85,-85,-85,-85,1350,700,128.46370668206916,3.9438890929830954,circular
939,1100,700,1.861927121536624,-85,-85,-85,-85,1350,700,132.40759577505224,3.9438890929830954,circular
940,1100,700,1.861927121536624,-85,-85,-85,-85,1350,700,136.35148486803533,3.9438890929830954,circular
941,1100,700,1.861927121536624,17.513155499392102,-85,-85,-85,1350,700,140.2953739610184,3.9438890929830954,circular
942,1100,700,1.861927121536624,20.48098321025059,-85,-85,17.513155499392102,1350,700,144.2392630540015,3.9438890929830954,circular
943,1100,700,1.861927121536624,21.813356630230874,-85,-85,20.48098321025059,1350,700,148.18315214698458,3.9438890929830954,circular
944,1100,700,1.861927121536624,23.06730250275713,-85,-85,22.170735458799452,1350,700,152.12704123996767,3.9438890929830954,circular
945,1100,700,1.861927121536624,23.971022246457757,-85,-85,23.31969953712386,1350,700,156.07093033295075,3.9438890929830954,circular
946,1100,700,1.861927121536624,24.646943359767004,-85,-85,24.1582774269213,1350,700,160.01481942593384,3.9438890929830954,circular
947,1100,700,1.861927121536624,25.157178905256924,-85,-85,24.78833704083229,1350,700,163.95870851891692,3.9438890929830954,circular
948,1100,700,1.861927121536624,25.536951728381826,-85,-85,25.26334459461691,1350,700,167.9025976119,3.9438890929830954,circular
949,1100,700,1.861927121536624,25.80746062382631,-85,-85,25.614204328866276,1350,700,171.8464867048831,3.9438890929830954,circular
950,1100,700,1.861927121536624,25.9816463993744,-85,-85,25.859665714847075,1350,700,175.79037579786618,3.9438890929830954,circular
951,1100,700,1.861927121536624,26.067010357935978,-85,-85,26.011117049096303,1350,700,179.73426489084926,3.9438890929830954,circular
952,1100,700,1.861927121536624,26.074956048612798,-85,-85,26.074956048612798,1350,700,183.67815398383235,3.9438890929830954,circular
953,1100,700,1.861927121536624,26.011117049096303,-85,-85,26.067010357935978,1350,700,187.62204307681543,3.9438890929830954,circular
954,1100,700,1.861927121536624,25.859665714847075,-85,-85,25.9816463993744,1350,700,191.56593216979851,3.9438890929830954,circular
955,1100,700,1.861927121536624,25.614204328866276,-85,-85,25.859665714847075,1350,700,195.5098212627816,3.9438890929830954,circular
956,1100,700,1.861927121536624,25.263344594616918,-85,-85,25.614204328866276,1350,700,199.45371035576468,3.9438890929830954,circular
957,1100,700,1.861927121536624,24.788337040832293,-85,-85,25.263344594616918,1350,700,203.39759944874777,3.9438890929830954,circular
958,1100,700,1.861927121536624,24.1582774269213,-85,-85,24.788337040832293,1350,700,207.34148854173085,3.9438890929830954,circular
959,1100,700,1.861927121536624,23.319699537123853,-85,-85,24.1582774269213,1350,700,211.28537763471394,3.9438890929830954,circular
960,1100,700,1.861927121536624,22.170735458799452,-85,-85,23.319699537123853,1350,700,215.22926672769702,3.9438890929830954,circular
961,1100,700,1.861927121536624,20.97742610025735,-85,-85,22.170735458799452,1350,700,219.1731558206801,3.9438890929830954,circular
962,1100,700,1.861927121536624,18.474304759512954,-85,-85,20.48098321025059,1350,700,223.1170449136632,3.9438890929830954,circular
963,1100,700,1.861927121536624,11.50579409835762,-85,-85,17.51315549939211,1350,700,227.06093400664628,3.9438890929830954,circular
964,1100,700,1.861927121536624,-85,-85,-85,-85,1350,700,231.00482309962936,3.9438890929830954,circular
965,1100,700,1.861927121536624,-85,-85,-85,-85,1350,700,234.94871219261245,3.9438890929830954,circular
966,1100,700,1.861927121536624,-85,-85,-85,-85,1350,700,238.89260128559553,3.9438890929830954,circular
967,1100,700,1.861927121536624,-85,-85,-85,-85,1350,700,242.83649037857862,3.9438890929830954,circular
968,1100,700,1.861927121536624,-85,-85,-85,-85,1350,700,246.7803794715617,3.9438890929830954,circular
969,1100,700,1.861927121536624,-85,-85,-85,-85,1350,700,250.7242685645448,3.9438890929830954,circular
970,1100,700,1.861927121536624,-85,-85,-85,-85,1350,700,254.66815765752787,3.9438890929830954,circular
971,1100,700,1.861927121536624,-85,-85,-85,-85,1350,700,258.61204675051096,3.9438890929830954,circular
972,1100,700,1.861927121536624,-85,-85,-85,-85,1350,700,262.55593584349407,3.9438890929830954,circular
973,1100,700,1.861927121536624,-85,-85,-85,-85,1350,700,266.4998249364772,3.9438890929830954,circular
974,1100,700,1.861927121536624,-85,-85,-85,-85,1350,700,270.4437140294603,3.9438890929830954,circular
975,1100,700,1.861927121536624,-85,-85,-85,-85,1350,700,274.3876031224434,3.9438890929830954,circular
976,1100,700,1.861927121536624,-85,-85,-85,-85,1350,700,278.3314922154265,3.9438890929830954,circular
977,1100,700,1.861927121536624,-85,-85,-85,-85,1350,700,282.27538130840964,3.9438890929830954,circular
978,1100,700,1.861927121536624,-85,-85,-85,-85,1350,700,286.21927040139275,3.9438890929830954,circular
979,1100,700,1.861927121536624,-85,-85,-85,-85,1350,700,290.16315949437586,3.9438890929830954,circular
980,1100,700,1.861927121536624,-85,-85,-85,-85,1350,700,294.107048587359,3.9438890929830954,circular
981,1100,700,1.861927121536624,-85,-85,-85,-85,1350,700,298.0509376803421,3.9438890929830954,circular
982,1100,700,1.861927121536624,-85,-85,-85,-85,1350,700,301.9948267733252,3.9438890929830954,circular
983,1100,700,1.861927121536624,-85,-85,-85,-85,1350,700,305.9387158663083,3.9438890929830954,circular
984,1100,700,1.861927121536624,-85,-85,-85,-85,1350,700,309.8826049592914,3.9438890929830954,circular
985,1100,700,1.861927121536624,-85,-85,-85,-85,1350,700,313.82649405227454,3.9438890929830954,circular
986,1100,700,1.861927121536624,-85,-85,-85,-85,1350,700,317.77038314525765,3.9438890929830954,circular
987,1100,700,1.861927121536624,-85,-85,-85,-85,1350,700,321.71427223824077,3.9438890929830954,circular
988,1100,700,1.861927121536624,-85,-85,-85,-85,1350,700,325.6581613312239,3.9438890929830954,circular
989,1100,700,1.861927121536624,-85,-85,-85,-85,1350,700,329.602050424207,3.9438890929830954,circular
990,1100,700,1.861927121536624,-85,-85,-85,-85,1350,700,333.5459395171901,3.9438890929830954,circular
991,1100,700,1.861927121536624,-85,-85,-85,-85,1350,700,337.4898286101732,3.9438890929830954,circular
992,1100,700,1.861927121536624,-85,-85,-85,-85,1350,700,341.43371770315633,3.9438890929830954,circular
993,1100,700,1.861927121536624,-85,-85,-85,-85,1350,700,345.37760679613945,3.9438890929830954,circular
994,1100,700,1.861927121536624,-85,-85,-85,-85,1350,700,349.32149588912256,3.9438890929830954,circular
995,1100,700,1.861927121536624,-85,-85,-85,-85,1350,700,353.2653849821057,3.9438890929830954,circular
996,1100,700,1.861927121536624,-85,-85,-85,-85,1350,700,357.2092740750888,3.9438890929830954,circular
997,1100,700,1.861927121536624,-85,-85,-85,-85,1350,700,1.1531631680718988,3.9438890929830954,circular
998,1100,700,1.861927121536624,-85,-85,-85,-85,1350,700,5.097052261054994,3.9438890929830954,circular
999,1100,700,1.861927121536624,-85,-85,-85,-85,1350,700,9.04094135403809,3.9438890929830954,circular
