Tick,Aircraft X,Aircraft Y,Aircraft Heading,A1,A2,A3,A4,Radar X,Radar Y,Radar Azimuth,Radar RPM,Radar Scan Pattern
0,1100,700,158.7447450075823,-85,-85,-85,-85,1350,700,106.85680036683954,9.719332635834132,circular
1,1100,700,158.7447450075823,-85,-85,-85,-85,1350,700,116.57613300267367,9.719332635834132,circular
2,1100,700,158.7447450075823,-85,-85,-85,-85,1350,700,126.2954656385078,9.719332635834132,circular
3,1100,700,158.7447450075823,-85,-85,-85,-85,1350,700,136.01479827434193,9.719332635834132,circular
4,1100,700,158.7447450075823,-85,-85,14.513447644213304,-85,1350,700,145.73413091017605,9.719332635834132,circular
5,1100,700,158.7447450075823,-85,20.97742610025734,22.170735458799452,-85,1350,700,155.45346354601017,9.719332635834132,circular
6,1100,700,158.7447450075823,-85,23.971022246457757,24.495315191602927,-85,1350,700,165.1727961818443,9.719332635834132,circular
7,1100,700,158.7447450075823,-85,25.36180729449956,25.614204328866276,-85,1350,700,174.8921288176784,9.719332635834132,circular
8,1100,700,158.7447450075823,-85,25.946643644493044,26.035130213615616,-85,1350,700,184.61146145351253,9.719332635834132,circular
9,1100,700,158.7447450075823,-85,26.067010357935978,26.011117049096303,-85,1350,700,194.33079408934665,9.719332635834132,circular
10,1100,700,158.7447450075823,-85,25.684904084789977,25.452908776355446,-85,1350,700,204.05012672518077,9.719332635834132,circular
11,1100,700,158.7447450075823,-85,24.788337040832293,24.1582774269213,-85,1350,700,213.7694593610149,9.719332635834132,circular
12,1100,700,158.7447450075823,-85,22.793695368992225,21.81335663023087,-85,1350,700,223.48879199684902,9.719332635834132,circular
13,1100,700,158.7447450075823,-85,17.51315549939211,11.50579409835762,-85,1350,700,233.20812463268314,9.719332635834132,circular
14,1100,700,158.7447450075823,-85,-85,-85,-85,1350,700,242.92745726851726,9.719332635834132,circular
15,1100,700,158.7447450075823,-85,-85,-85,-85,1350,700,252.64678990435138,9.719332635834132,circular
16,1100,700,158.7447450075823,-85,-85,-85,-85,1350,700,262.36612254018553,9.719332635834132,circular
17,1100,700,158.7447450075823,-85,-85,-85,-85,1350,700,272.08545517601965,9.719332635834132,circular
18,1100,700,158.7447450075823,-85,-85,-85,-85,1350,700,281.80478781185377,9.719332635834132,circular
19,1100,700,158.7447450075823,-85,-85,-85,-85,1350,700,291.5241204476879,9.719332635834132,circular
20,1100,700,158.7447450075823,-85,-85,-85,-85,1350,700,301.243453083522,9.719332635834132,circular
21,1100,700,158.7447450075823,-85,-85,-85,-85,1350,700,310.96278571935613,9.719332635834132,circular
22,1100,700,158.7447450075823,-85,-85,-85,-85,1350,700,320.68211835519025,9.719332635834132,circular
23,1100,700,158.7447450075823,-85,-85,-85,-85,1350,700,330.4014509910244,9.719332635834132,circular
24,1100,700,158.7447450075823,-85,-85,-85,-85,1350,700,340.1207836268585,9.719332635834132,circular
25,1100,700,158.7447450075823,-85,-85,-85,-85,1350,700,349.8401162626926,9.719332635834132,circular
26,1100,700,158.7447450075823,-85,-85,-85,-85,1350,700,359.55944889852674,9.719332635834132,circular
27,1100,700,158.7447450075823,-85,-85,-85,-85,1350,700,9.27878153436086,9.719332635834132,circular
28,1100,700,158.7447450075823,-85,-85,-85,-85,1350,700,18.99811417019499,9.719332635834132,circular
29,1100,700,158.7447450075823,-85,-85,-85,-85,1350,700,28.717446806029123,9.719332635834132,circular
30,1100,700,158.7447450075823,-85,-85,-85,-85,1350,700,38.43677944186325,9.719332635834132,circular
31,1100,700,158.7447450075823,-85,-85,-85,-85,1350,700,48.15611207769739,9.719332635834132,circular
32,1100,700,158.7447450075823,-85,-85,-85,-85,1350,700,57.87544471353152,9.719332635834132,circular
33,1100,700,158.7447450075823,-85,-85,-85,-85,1350,700,67.59477734936566,9.719332635834132,circular
34,1100,700,158.7447450075823,-85,-85,-85,-85,1350,700,77.31410998519979,9.719332635834132,circular
35,1100,700,158.7447450075823,-85,-85,-85,-85,1350,700,87.03344262103393,9.719332635834132,circular
36,1100,700,158.7447450075823,-85,-85,-85,-85,1350,700,96.75277525686806,9.719332635834132,circular
37,1100,700,158.7447450075823,-85,-85,-85,-85,1350,700,106.4721078927022,9.719332635834132,circular
38,1100,700,158.7447450075823,-85,-85,-85,-85,1350,700,116.19144052853633,9.719332635834132,circular
39,1100,700,158.7447450075823,-85,-85,-85,-85,1350,700,125.91077316437047,9.719332635834132,circular
40,1100,700,158.7447450075823,-85,-85,-85,-85,1350,700,135.6301058002046,9.719332635834132,circular
41,1100,700,158.7447450075823,-85,-85,14.513447644213304,-85,1350,700,145.34943843603872,9.719332635834132,circular
42,1100,700,158.7447450075823,-85,20.97742610025734,22.170735458799452,-85,1350,700,155.06877107187285,9.719332635834132,circular
43,1100,700,158.7447450075823,-85,23.769789312347285,24.495315191602927,-85,1350,700,164.78810370770697,9.719332635834132,circular
44,1100,700,158.7447450075823,-85,25.26334459461691,25.536951728381826,-85,1350,700,174.5074363435411,9.719332635834132,circular
45,1100,700,158.7447450075823,-85,25.946643644493044,26.035130213615616,-85,1350,700,184.2267689793752,9.719332635834132,circular
46,1100,700,158.7447450075823,-85,26.067010357935978,26.011117049096303,-85,1350,700,193.94610161520933,9.719332635834132,circular
47,1100,700,158.7447450075823,-85,25.7492610641292,25.536951728381826,-85,1350,700,203.66543425104345,9.719332635834132,circular
48,1100,700,158.7447450075823,-85,24.788337040832293,24.332711411139446,-85,1350,700,213.38476688687757,9.719332635834132,circular
49,1100,700,158.7447450075823,-85,22.793695368992225,21.81335663023087,-85,1350,700,223.1040995227117,9.719332635834132,circular
50,1100,700,158.7447450075823,-85,18.474304759512954,11.50579409835762,-85,1350,700,232.8234321585458,9.719332635834132,circular
51,1100,700,158.7447450075823,-85,-85,-85,-85,1350,700,242.54276479437993,9.719332635834132,circular
52,1100,700,158.7447450075823,-85,-85,-85,-85,1350,700,252.26209743021406,9.719332635834132,circular
53,1100,700,158.7447450075823,-85,-85,-85,-85,1350,700,261.9814300660482,9.719332635834132,circular
54,1100,700,158.7447450075823,-85,-85,-85,-85,1350,700,271.7007627018823,9.719332635834132,circular
55,1100,700,158.7447450075823,-85,-85,-85,-85,1350,700,281.4200953377164,9.719332635834132,circular
56,1100,700,158.7447450075823,-85,-85,-85,-85,1350,700,291.13942797355054,9.719332635834132,circular
57,1100,700,158.7447450075823,-85,-85,-85,-85,1350,700,300.85876060938466,9.719332635834132,circular
58,1100,700,158.7447450075823,-85,-85,-85,-85,1350,700,310.5780932452188,9.719332635834132,circular
59,1100,700,158.7447450075823,-85,-85,-85,-85,1350,700,320.2974258810529,9.719332635834132,circular
60,1100,700,158.7447450075823,-85,-85,-85,-85,1350,700,330.016758516887,9.719332635834132,circular
61,1100,700,158.7447450075823,-85,-85,-85,-85,1350,700,339.73609115272114,9.719332635834132,circular
62,1100,700,158.7447450075823,-85,-85,-85,-85,1350,700,349.45542378855527,9.719332635834132,circular
63,1100,700,158.7447450075823,-85,-85,-85,-85,1350,700,359.1747564243894,9.719332635834132,circular
64,1100,700,158.7447450075823,-85,-85,-85,-85,1350,700,8.894089060223507,9.719332635834132,circular
65,1100,700,158.7447450075823,-85,-85,-85,-85,1350,700,18.61342169605764,9.719332635834132,circular
66,1100,700,158.7447450075823,-85,-85,-85,-85,1350,700,28.33275433189177,9.719332635834132,circular
67,1100,700,158.7447450075823,-85,-85,-85,-85,1350,700,38.0520869677259,9.719332635834132,circular
68,1100,700,158.7447450075823,-85,-85,-85,-85,1350,700,47.771419603560034,9.719332635834132,circular
69,1100,700,158.7447450075823,-85,-85,-85,-85,1350,700,57.49075223939417,9.719332635834132,circular
70,1100,700,158.7447450075823,-85,-85,-85,-85,1350,700,67.2100848752283,9.719332635834132,circular
71,1100,700,158.7447450075823,-85,-85,-85,-85,1350,700,76.92941751106244,9.719332635834132,circular
72,1100,700,158.7447450075823,-85,-85,-85,-85,1350,700,86.64875014689657,9.719332635834132,circular
73,1100,700,158.7447450075823,-85,-85,-85,-85,1350,700,96.36808278273071,9.719332635834132,circular
74,1100,700,158.7447450075823,-85,-85,-85,-85,1350,700,106.08741541856485,9.719332635834132,circular
75,1100,700,158.7447450075823,-85,-85,-85,-85,1350,700,115.80674805439898,9.719332635834132,circular
76,1100,700,158.7447450075823,-85,-85,-85,-85,1350,700,125.52608069023312,9.719332635834132,circular
77,1100,700,158.7447450075823,-85,-85,-85,-85,1350,700,135.24541332606725,9.719332635834132,circular
78,1100,700,158.7447450075823,-85,-85,14.513447644213304,-85,1350,700,144.96474596190137,9.719332635834132,circular
79,1100,700,158.7447450075823,-85,20.48098321025059,21.813356630230874,-85,1350,700,154.6840785977355,9.719332635834132,circular
80,1100,700,158.7447450075823,-85,23.769789312347285,24.33271141113945,-85,1350,700,164.4034112335696,9.719332635834132,circular
81,1100,700,158.7447450075823,-85,25.26334459461691,25.536951728381826,-85,1350,700,174.12274386940373,9.719332635834132,circular
82,1100,700,158.7447450075823,-85,25.906018829630398,26.035130213615616,-85,1350,700,183.84207650523786,9.719332635834132,circular
83,1100,700,158.7447450075823,-85,26.074956048612798,26.035130213615616,-85,1350,700,193.56140914107198,9.719332635834132,circular
84,1100,700,158.7447450075823,-85,25.7492610641292,25.536951728381826,-85,1350,700,203.2807417769061,9.719332635834132,circular
85,1100,700,158.7447450075823,-85,24.788337040832293,24.332711411139446,-85,1350,700,213.00007441274022,9.719332635834132,circular
86,1100,700,158.7447450075823,-85,23.067302502757133,22.170735458799452,-85,1350,700,222.71940704857434,9.719332635834132,circular
87,1100,700,158.7447450075823,-85,18.474304759512954,14.513447644213265,-85,1350,700,232.43873968440846,9.719332635834132,circular
88,1100,700,158.7447450075823,-85,-85,-85,-85,1350,700,242.15807232024258,9.719332635834132,circular
89,1100,700,158.7447450075823,-85,-85,-85,-85,1350,700,251.8774049560767,9.719332635834132,circular
90,1100,700,158.7447450075823,-85,-85,-85,-85,1350,700,261.5967375919108,9.719332635834132,circular
91,1100,700,158.7447450075823,-85,-85,-85,-85,1350,700,271.31607022774494,9.719332635834132,circular
92,1100,700,158.7447450075823,-85,-85,-85,-85,1350,700,281.03540286357907,9.719332635834132,circular
93,1100,700,158.7447450075823,-85,-85,-85,-85,1350,700,290.7547354994132,9.719332635834132,circular
94,1100,700,158.7447450075823,-85,-85,-85,-85,1350,700,300.4740681352473,9.719332635834132,circular
95,1100,700,158.7447450075823,-85,-85,-85,-85,1350,700,310.19340077108143,9.719332635834132,circular
96,1100,700,158.7447450075823,-85,-85,-85,-85,1350,700,319.91273340691555,9.719332635834132,circular
97,1100,700,158.7447450075823,-85,-85,-85,-85,1350,700,329.63206604274967,9.719332635834132,circular
98,1100,700,158.7447450075823,-85,-85,-85,-85,1350,700,339.3513986785838,9.719332635834132,circular
99,1100,700,158.7447450075823,-85,-85,-85,-85,1350,700,349.0707313144179,9.719332635834132,circular
100,1100,700,158.7447450075823,-85,-85,-85,-85,1350,700,358.79006395025203,9.719332635834132,circular
101,1100,700,158.7447450075823,-85,-85,-85,-85,1350,700,8.509396586086154,9.719332635834132,circular
102,1100,700,158.7447450075823,-85,-85,-85,-85,1350,700,18.228729221920286,9.719332635834132,circular
103,1100,700,158.7447450075823,-85,-85,-85,-85,1350,700,27.948061857754418,9.719332635834132,circular
104,1100,700,158.7447450075823,-85,-85,-85,-85,1350,700,37.667394493588546,9.719332635834132,circular
105,1100,700,158.7447450075823,-85,-85,-85,-85,1350,700,47.38672712942268,9.719332635834132,circular
106,1100,700,158.7447450075823,-85,-85,-85,-85,1350,700,57.106059765256816,9.719332635834132,circular
107,1100,700,158.7447450075823,-85,-85,-85,-85,1350,700,66.82539240109095,9.719332635834132,circular
108,1100,700,158.7447450075823,-85,-85,-85,-85,1350,700,76.54472503692509,9.719332635834132,circular
109,1100,700,158.7447450075823,-85,-85,-85,-85,1350,700,86.26405767275922,9.719332635834132,circular
110,1100,700,158.7447450075823,-85,-85,-85,-85,1350,700,95.98339030859336,9.719332635834132,circular
111,1100,700,158.7447450075823,-85,-85,-85,-85,1350,700,105.70272294442749,9.719332635834132,circular
112,1100,700,158.7447450075823,-85,-85,-85,-85,1350,700,115.42205558026163,9.719332635834132,circular
113,1100,700,158.7447450075823,-85,-85,-85,-85,1350,700,125.14138821609576,9.719332635834132,circular
114,1100,700,158.7447450075823,-85,-85,-85,-85,1350,700,134.8607208519299,9.719332635834132,circular
115,1100,700,158.7447450075823,-85,-85,11.505794098357505,-85,1350,700,144.58005348776402,9.719332635834132,circular
116,1100,700,158.7447450075823,-85,20.48098321025059,21.813356630230874,-85,1350,700,154.29938612359814,9.719332635834132,circular
117,1100,700,158.7447450075823,-85,23.769789312347285,24.33271141113945,-85,1350,700,164.01871875943226,9.719332635834132,circular
118,1100,700,158.7447450075823,-85,25.157178905256924,25.452908776355446,-85,1350,700,173.73805139526638,9.719332635834132,circular
119,1100,700,158.7447450075823,-85,25.906018829630398,26.011117049096303,-85,1350,700,183.4573840311005,9.719332635834132,circular
120,1100,700,158.7447450075823,-85,26.074956048612798,26.035130213615616,-85,1350,700,193.17671666693462,9.719332635834132,circular
121,1100,700,158.7447450075823,-85,25.7492610641292,25.536951728381826,-85,1350,700,202.89604930276874,9.719332635834132,circular
122,1100,700,158.7447450075823,-85,24.92014212493214,24.495315191602927,-85,1350,700,212.61538193860287,9.719332635834132,circular
123,1100,700,158.7447450075823,-85,23.067302502757133,22.170735458799452,-85,1350,700,222.334714574437,9.719332635834132,circular
124,1100,700,158.7447450075823,-85,18.474304759512954,14.513447644213265,-85,1350,700,232.0540472102711,9.719332635834132,circular
125,1100,700,158.7447450075823,-85,-85,-85,-85,1350,700,241.77337984610523,9.719332635834132,circular
126,1100,700,158.7447450075823,-85,-85,-85,-85,1350,700,251.49271248193935,9.719332635834132,circular
127,1100,700,158.7447450075823,-85,-85,-85,-85,1350,700,261.21204511777347,9.719332635834132,circular
128,1100,700,158.7447450075823,-85,-85,-85,-85,1350,700,270.9313777536076,9.719332635834132,circular
129,1100,700,158.7447450075823,-85,-85,-85,-85,1350,700,280.6507103894417,9.719332635834132,circular
130,1100,700,158.7447450075823,-85,-85,-85,-85,1350,700,290.37004302527583,9.719332635834132,circular
131,1100,700,158.7447450075823,-85,-85,-85,-85,1350,700,300.08937566110995,9.719332635834132,circular
132,1100,700,158.7447450075823,-85,-85,-85,-85,1350,700,309.8087082969441,9.719332635834132,circular
133,1100,700,158.7447450075823,-85,-85,-85,-85,1350,700,319.5280409327782,9.719332635834132,circular
134,1100,700,158.7447450075823,-85,-85,-85,-85,1350,700,329.2473735686123,9.719332635834132,circular
135,1100,700,158.7447450075823,-85,-85,-85,-85,1350,700,338.96670620444644,9.719332635834132,circular
136,1100,700,158.7447450075823,-85,-85,-85,-85,1350,700,348.68603884028056,9.719332635834132,circular
137,1100,700,158.7447450075823,-85,-85,-85,-85,1350,700,358.4053714761147,9.719332635834132,circular
138,1100,700,158.7447450075823,-85,-85,-85,-85,1350,700,8.124704111948802,9.719332635834132,circular
139,1100,700,158.7447450075823,-85,-85,-85,-85,1350,700,17.844036747782933,9.719332635834132,circular
140,1100,700,158.7447450075823,-85,-85,-85,-85,1350,700,27.563369383617065,9.719332635834132,circular
141,1100,700,158.7447450075823,-85,-85,-85,-85,1350,700,37.28270201945119,9.719332635834132,circular
142,1100,700,158.7447450075823,-85,-85,-85,-85,1350,700,47.00203465528533,9.719332635834132,circular
143,1100,700,158.7447450075823,-85,-85,-85,-85,1350,700,56.72136729111946,9.719332635834132,circular
144,1100,700,158.7447450075823,-85,-85,-85,-85,1350,700,66.4406999269536,9.719332635834132,circular
145,1100,700,158.7447450075823,-85,-85,-85,-85,1350,700,76.16003256278773,9.719332635834132,circular
146,1100,700,158.7447450075823,-85,-85,-85,-85,1350,700,85.87936519862187,9.719332635834132,circular
147,1100,700,158.7447450075823,-85,-85,-85,-85,1350,700,95.598697834456,9.719332635834132,circular
148,1100,700,158.7447450075823,-85,-85,-85,-85,1350,700,105.31803047029014,9.719332635834132,circular
149,1100,700,158.7447450075823,-85,-85,-85,-85,1350,700,115.03736310612427,9.719332635834132,circular
150,1100,700,158.7447450075823,-85,-85,-85,-85,1350,700,124.75669574195841,9.719332635834132,circular
151,1100,700,158.7447450075823,-85,-85,-85,-85,1350,700,134.47602837779255,9.719332635834132,circular
152,1100,700,158.7447450075823,-85,-85,11.505794098357505,-85,1350,700,144.19536101362667,9.719332635834132,circular
153,1100,700,158.7447450075823,-85,20.48098321025059,21.813356630230874,-85,1350,700,153.9146936494608,9.719332635834132,circular
154,1100,700,158.7447450075823,-85,23.553218972269416,24.1582774269213,-85,1350,700,163.6340262852949,9.719332635834132,circular
155,1100,700,158.7447450075823,-85,25.157178905256924,25.452908776355446,-85,1350,700,173.35335892112903,9.719332635834132,circular
156,1100,700,158.7447450075823,-85,25.906018829630398,26.011117049096303,-85,1350,700,183.07269155696315,9.719332635834132,circular
157,1100,700,158.7447450075823,-85,26.077602459396946,26.035130213615616,-85,1350,700,192.79202419279727,9.719332635834132,circular
158,1100,700,158.7447450075823,-85,25.807460623826316,25.614204328866276,-85,1350,700,202.5113568286314,9.719332635834132,circular
159,1100,700,158.7447450075823,-85,24.92014212493214,24.495315191602927,-85,1350,700,212.2306894644655,9.719332635834132,circular
160,1100,700,158.7447450075823,-85,23.067302502757133,22.170735458799452,-85,1350,700,221.95002210029963,9.719332635834132,circular
161,1100,700,158.7447450075823,-85,19.25639156218219,16.269948115724716,-85,1350,700,231.66935473613376,9.719332635834132,circular
162,1100,700,158.7447450075823,-85,-85,-85,-85,1350,700,241.38868737196788,9.719332635834132,circular
163,1100,700,158.7447450075823,-85,-85,-85,-85,1350,700,251.108020007802,9.719332635834132,circular
164,1100,700,158.7447450075823,-85,-85,-85,-85,1350,700,260.8273526436361,9.719332635834132,circular
165,1100,700,158.7447450075823,-85,-85,-85,-85,1350,700,270.54668527947024,9.719332635834132,circular
166,1100,700,158.7447450075823,-85,-85,-85,-85,1350,700,280.26601791530436,9.719332635834132,circular
167,1100,700,158.7447450075823,-85,-85,-85,-85,1350,700,289.9853505511385,9.719332635834132,circular
168,1100,700,158.7447450075823,-85,-85,-85,-85,1350,700,299.7046831869726,9.719332635834132,circular
169,1100,700,158.7447450075823,-85,-85,-85,-85,1350,700,309.4240158228067,9.719332635834132,circular
170,1100,700,158.7447450075823,-85,-85,-85,-85,1350,700,319.14334845864084,9.719332635834132,circular
171,1100,700,158.7447450075823,-85,-85,-85,-85,1350,700,328.86268109447496,9.719332635834132,circular
172,1100,700,158.7447450075823,-85,-85,-85,-85,1350,700,338.5820137303091,9.719332635834132,circular
173,1100,700,158.7447450075823,-85,-85,-85,-85,1350,700,348.3013463661432,9.719332635834132,circular
174,1100,700,158.7447450075823,-85,-85,-85,-85,1350,700,358.0206790019773,9.719332635834132,circular
175,1100,700,158.7447450075823,-85,-85,-85,-85,1350,700,7.740011637811449,9.719332635834132,circular
176,1100,700,158.7447450075823,-85,-85,-85,-85,1350,700,17.45934427364558,9.719332635834132,circular
177,1100,700,158.7447450075823,-85,-85,-85,-85,1350,700,27.178676909479712,9.719332635834132,circular
178,1100,700,158.7447450075823,-85,-85,-85,-85,1350,700,36.89800954531384,9.719332635834132,circular
179,1100,700,158.7447450075823,-85,-85,-85,-85,1350,700,46.617342181147976,9.719332635834132,circular
180,1100,700,158.7447450075823,-85,-85,-85,-85,1350,700,56.33667481698211,9.719332635834132,circular
181,1100,700,158.7447450075823,-85,-85,-85,-85,1350,700,66.05600745281625,9.719332635834132,circular
182,1100,700,158.7447450075823,-85,-85,-85,-85,1350,700,75.77534008865038,9.719332635834132,circular
183,1100,700,158.7447450075823,-85,-85,-85,-85,1350,700,85.49467272448452,9.719332635834132,circular
184,1100,700,158.7447450075823,-85,-85,-85,-85,1350,700,95.21400536031865,9.719332635834132,circular
185,1100,700,158.7447450075823,-85,-85,-85,-85,1350,700,104.93333799615279,9.719332635834132,circular
186,1100,700,158.7447450075823,-85,-85,-85,-85,1350,700,114.65267063198692,9.719332635834132,circular
187,1100,700,158.7447450075823,-85,-85,-85,-85,1350,700,124.37200326782106,9.719332635834132,circular
188,1100,700,158.7447450075823,-85,-85,-85,-85,1350,700,134.0913359036552,9.719332635834132,circular
189,1100,700,158.7447450075823,-85,-85,11.505794098357505,-85,1350,700,143.8106685394893,9.719332635834132,circular
190,1100,700,158.7447450075823,-85,19.91435422725632,21.41811930585211,-85,1350,700,153.53000117532343,9.719332635834132,circular
191,1100,700,158.7447450075823,-85,23.553218972269416,24.1582774269213,-85,1350,700,163.24933381115756,9.719332635834132,circular
192,1100,700,158.7447450075823,-85,25.157178905256924,25.452908776355446,-85,1350,700,172.96866644699168,9.719332635834132,circular
193,1100,700,158.7447450075823,-85,25.859665714847075,25.9816463993744,-85,1350,700,182.6879990828258,9.719332635834132,circular
194,1100,700,158.7447450075823,-85,26.077602459396946,26.053745949214605,-85,1350,700,192.40733171865992,9.719332635834132,circular
195,1100,700,158.7447450075823,-85,25.807460623826316,25.614204328866276,-85,1350,700,202.12666435449404,9.719332635834132,circular
196,1100,700,158.7447450075823,-85,25.042923900792417,24.495315191602927,-85,1350,700,211.84599699032816,9.719332635834132,circular
197,1100,700,158.7447450075823,-85,23.319699537123853,22.496022074683278,-85,1350,700,221.56532962616228,9.719332635834132,circular
198,1100,700,158.7447450075823,-85,19.25639156218219,16.269948115724716,-85,1350,700,231.2846622619964,9.719332635834132,circular
199,1100,700,158.7447450075823,-85,-85,-85,-85,1350,700,241.00399489783052,9.719332635834132,circular
200,1100,700,158.7447450075823,-85,-85,-85,-85,1350,700,250.72332753366464,9.719332635834132,circular
201,1100,700,158.7447450075823,-85,-85,-85,-85,1350,700,260.44266016949877,9.719332635834132,circular
202,1100,700,158.7447450075823,-85,-85,-85,-85,1350,700,270.1619928053329,9.719332635834132,circular
203,1100,700,158.7447450075823,-85,-85,-85,-85,1350,700,279.881325441167,9.719332635834132,circular
204,1100,700,158.7447450075823,-85,-85,-85,-85,1350,700,289.6006580770011,9.719332635834132,circular
205,1100,700,158.7447450075823,-85,-85,-85,-85,1350,700,299.31999071283525,9.719332635834132,circular
206,1100,700,158.7447450075823,-85,-85,-85,-85,1350,700,309.03932334866937,9.719332635834132,circular
207,1100,700,158.7447450075823,-85,-85,-85,-85,1350,700,318.7586559845035,9.719332635834132,circular
208,1100,700,158.7447450075823,-85,-85,-85,-85,1350,700,328.4779886203376,9.719332635834132,circular
209,1100,700,158.7447450075823,-85,-85,-85,-85,1350,700,338.19732125617173,9.719332635834132,circular
210,1100,700,158.7447450075823,-85,-85,-85,-85,1350,700,347.91665389200585,9.719332635834132,circular
211,1100,700,158.7447450075823,-85,-85,-85,-85,1350,700,357.63598652784,9.719332635834132,circular
212,1100,700,158.7447450075823,-85,-85,-85,-85,1350,700,7.355319163674096,9.719332635834132,circular
213,1100,700,158.7447450075823,-85,-85,-85,-85,1350,700,17.074651799508228,9.719332635834132,circular
214,1100,700,158.7447450075823,-85,-85,-85,-85,1350,700,26.79398443534236,9.719332635834132,circular
215,1100,700,158.7447450075823,-85,-85,-85,-85,1350,700,36.51331707117649,9.719332635834132,circular
216,1100,700,158.7447450075823,-85,-85,-85,-85,1350,700,46.23264970701062,9.719332635834132,circular
217,1100,700,158.7447450075823,-85,-85,-85,-85,1350,700,55.95198234284476,9.719332635834132,circular
218,1100,700,158.7447450075823,-85,-85,-85,-85,1350,700,65.6713149786789,9.719332635834132,circular
219,1100,700,158.7447450075823,-85,-85,-85,-85,1350,700,75.39064761451303,9.719332635834132,circular
220,1100,700,158.7447450075823,-85,-85,-85,-85,1350,700,85.10998025034716,9.719332635834132,circular
221,1100,700,158.7447450075823,-85,-85,-85,-85,1350,700,94.8293128861813,9.719332635834132,circular
222,1100,700,158.7447450075823,-85,-85,-85,-85,1350,700,104.54864552201543,9.719332635834132,circular
223,1100,700,158.7447450075823,-85,-85,-85,-85,1350,700,114.26797815784957,9.719332635834132,circular
224,1100,700,158.7447450075823,-85,-85,-85,-85,1350,700,123.9873107936837,9.719332635834132,circular
225,1100,700,158.7447450075823,-85,-85,-85,-85,1350,700,133.70664342951784,9.719332635834132,circular
226,1100,700,158.7447450075823,-85,-85,-85,-85,1350,700,143.42597606535196,9.719332635834132,circular
227,1100,700,158.7447450075823,-85,19.91435422725632,21.41811930585211,-85,1350,700,153.14530870118608,9.719332635834132,circular
228,1100,700,158.7447450075823,-85,23.553218972269416,24.1582774269213,-85,1350,700,162.8646413370202,9.719332635834132,circular
229,1100,700,158.7447450075823,-85,25.042923900792417,25.36180729449956,-85,1350,700,172.58397397285432,9.719332635834132,circular
230,1100,700,158.7447450075823,-85,25.859665714847075,25.9816463993744,-85,1350,700,182.30330660868844,9.719332635834132,circular
231,1100,700,158.7447450075823,-85,26.077602459396946,26.053745949214605,-85,1350,700,192.02263924452257,9.719332635834132,circular
232,1100,700,158.7447450075823,-85,25.859665714847075,25.684904084789977,-85,1350,700,201.7419718803567,9.719332635834132,circular
233,1100,700,158.7447450075823,-85,25.042923900792417,24.646943359767004,-85,1350,700,211.4613045161908,9.719332635834132,circular
234,1100,700,158.7447450075823,-85,23.319699537123853,22.496022074683278,-85,1350,700,221.18063715202493,9.719332635834132,circular
235,1100,700,158.7447450075823,-85,19.25639156218219,16.269948115724716,-85,1350,700,230.89996978785905,9.719332635834132,circular
236,1100,700,158.7447450075823,-85,-85,-85,-85,1350,700,240.61930242369317,9.719332635834132,circular
237,1100,700,158.7447450075823,-85,-85,-85,-85,1350,700,250.3386350595273,9.719332635834132,circular
238,1100,700,158.7447450075823,-85,-85,-85,-85,1350,700,260.0579676953614,9.719332635834132,circular
239,1100,700,158.7447450075823,-85,-85,-85,-85,1350,700,269.77730033119553,9.719332635834132,circular
240,1100,700,158.7447450075823,-85,-85,-85,-85,1350,700,279.49663296702965,9.719332635834132,circular
241,1100,700,158.7447450075823,-85,-85,-85,-85,1350,700,289.2159656028638,9.719332635834132,circular
242,1100,700,158.7447450075823,-85,-85,-85,-85,1350,700,298.9352982386979,9.719332635834132,circular
243,1100,700,158.7447450075823,-85,-85,-85,-85,1350,700,308.654630874532,9.719332635834132,circular
244,1100,700,158.7447450075823,-85,-85,-85,-85,1350,700,318.37396351036614,9.719332635834132,circular
245,1100,700,158.7447450075823,-85,-85,-85,-85,1350,700,328.09329614620026,9.719332635834132,circular
246,1100,700,158.7447450075823,-85,-85,-85,-85,1350,700,337.8126287820344,9.719332635834132,circular
247,1100,700,158.7447450075823,-85,-85,-85,-85,1350,700,347.5319614178685,9.719332635834132,circular
248,1100,700,158.7447450075823,-85,-85,-85,-85,1350,700,357.2512940537026,9.719332635834132,circular
249,1100,700,158.7447450075823,-85,-85,-85,-85,1350,700,6.9706266895367435,9.719332635834132,circular
250,1100,700,158.7447450075823,-85,-85,-85,-85,1350,700,16.689959325370875,9.719332635834132,circular
251,1100,700,158.7447450075823,-85,-85,-85,-85,1350,700,26.409291961205007,9.719332635834132,circular
252,1100,700,158.7447450075823,-85,-85,-85,-85,1350,700,36.128624597039135,9.719332635834132,circular
253,1100,700,158.7447450075823,-85,-85,-85,-85,1350,700,45.84795723287327,9.719332635834132,circular
254,1100,700,158.7447450075823,-85,-85,-85,-85,1350,700,55.567289868707405,9.719332635834132,circular
255,1100,700,158.7447450075823,-85,-85,-85,-85,1350,700,65.28662250454154,9.719332635834132,circular
256,1100,700,158.7447450075823,-85,-85,-85,-85,1350,700,75.00595514037568,9.719332635834132,circular
257,1100,700,158.7447450075823,-85,-85,-85,-85,1350,700,84.72528777620981,9.719332635834132,circular
258,1100,700,158.7447450075823,-85,-85,-85,-85,1350,700,94.44462041204395,9.719332635834132,circular
259,1100,700,158.7447450075823,-85,-85,-85,-85,1350,700,104.16395304787808,9.719332635834132,circular
260,1100,700,158.7447450075823,-85,-85,-85,-85,1350,700,113.88328568371222,9.719332635834132,circular
261,1100,700,158.7447450075823,-85,-85,-85,-85,1350,700,123.60261831954635,9.719332635834132,circular
262,1100,700,158.7447450075823,-85,-85,-85,-85,1350,700,133.3219509553805,9.719332635834132,circular
263,1100,700,158.7447450075823,-85,-85,-85,-85,1350,700,143.0412835912146,9.719332635834132,circular
264,1100,700,158.7447450075823,-85,19.25639156218217,20.97742610025734,-85,1350,700,152.76061622704873,9.719332635834132,circular
265,1100,700,158.7447450075823,-85,23.31969953712386,23.971022246457757,-85,1350,700,162.47994886288285,9.719332635834132,circular
266,1100,700,158.7447450075823,-85,25.042923900792417,25.36180729449956,-85,1350,700,172.19928149871697,9.719332635834132,circular
267,1100,700,158.7447450075823,-85,25.859665714847075,25.9816463993744,-85,1350,700,181.9186141345511,9.719332635834132,circular
268,1100,700,158.7447450075823,-85,26.077602459396946,26.067010357935978,-85,1350,700,191.6379467703852,9.719332635834132,circular
269,1100,700,158.7447450075823,-85,25.859665714847075,25.684904084789977,-85,1350,700,201.35727940621933,9.719332635834132,circular
270,1100,700,158.7447450075823,-85,25.042923900792417,24.646943359767004,-85,1350,700,211.07661204205345,9.719332635834132,circular
271,1100,700,158.7447450075823,-85,23.553218972269416,22.496022074683278,-85,1350,700,220.79594467788758,9.719332635834132,circular
272,1100,700,158.7447450075823,-85,19.914354227256315,17.51315549939211,-85,1350,700,230.5152773137217,9.719332635834132,circular
273,1100,700,158.7447450075823,-85,-85,-85,-85,1350,700,240.23460994955582,9.719332635834132,circular
274,1100,700,158.7447450075823,-85,-85,-85,-85,1350,700,249.95394258538994,9.719332635834132,circular
275,1100,700,158.7447450075823,-85,-85,-85,-85,1350,700,259.67327522122406,9.719332635834132,circular
276,1100,700,158.7447450075823,-85,-85,-85,-85,1350,700,269.3926078570582,9.719332635834132,circular
277,1100,700,158.7447450075823,-85,-85,-85,-85,1350,700,279.1119404928923,9.719332635834132,circular
278,1100,700,158.7447450075823,-85,-85,-85,-85,1350,700,288.8312731287264,9.719332635834132,circular
279,1100,700,158.7447450075823,-85,-85,-85,-85,1350,700,298.55060576456054,9.719332635834132,circular
280,1100,700,158.7447450075823,-85,-85,-85,-85,1350,700,308.26993840039466,9.719332635834132,circular
281,1100,700,158.7447450075823,-85,-85,-85,-85,1350,700,317.9892710362288,9.719332635834132,circular
282,1100,700,158.7447450075823,-85,-85,-85,-85,1350,700,327.7086036720629,9.719332635834132,circular
283,1100,700,158.7447450075823,-85,-85,-85,-85,1350,700,337.427936307897,9.719332635834132,circular
284,1100,700,158.7447450075823,-85,-85,-85,-85,1350,700,347.14726894373115,9.719332635834132,circular
285,1100,700,158.7447450075823,-85,-85,-85,-85,1350,700,356.86660157956527,9.719332635834132,circular
286,1100,700,158.7447450075823,-85,-85,-85,-85,1350,700,6.585934215399391,9.719332635834132,circular
287,1100,700,158.7447450075823,-85,-85,-85,-85,1350,700,16.305266851233522,9.719332635834132,circular
288,1100,700,158.7447450075823,-85,-85,-85,-85,1350,700,26.024599487067654,9.719332635834132,circular
289,1100,700,158.7447450075823,-85,-85,-85,-85,1350,700,35.74393212290178,9.719332635834132,circular
290,1100,700,158.7447450075823,-85,-85,-85,-85,1350,700,45.46326475873592,9.719332635834132,circular
291,1100,700,158.7447450075823,-85,-85,-85,-85,1350,700,55.18259739457005,9.719332635834132,circular
292,1100,700,158.7447450075823,-85,-85,-85,-85,1350,700,64.90193003040419,9.719332635834132,circular
293,1100,700,158.7447450075823,-85,-85,-85,-85,1350,700,74.62126266623832,9.719332635834132,circular
294,1100,700,158.7447450075823,-85,-85,-85,-85,1350,700,84.34059530207246,9.719332635834132,circular
295,1100,700,158.7447450075823,-85,-85,-85,-85,1350,700,94.0599279379066,9.719332635834132,circular
296,1100,700,158.7447450075823,-85,-85,-85,-85,1350,700,103.77926057374073,9.719332635834132,circular
297,1100,700,158.7447450075823,-85,-85,-85,-85,1350,700,113.49859320957486,9.719332635834132,circular
298,1100,700,158.7447450075823,-85,-85,-85,-85,1350,700,123.217925845409,9.719332635834132,circular
299,1100,700,158.7447450075823,-85,-85,-85,-85,1350,700,132.93725848124313,9.719332635834132,circular
300,1100,700,158.7447450075823,-85,-85,-85,-85,1350,700,142.65659111707726,9.719332635834132,circular
301,1100,700,158.7447450075823,-85,19.25639156218217,20.97742610025734,-85,1350,700,152.37592375291138,9.719332635834132,circular
302,1100,700,158.7447450075823,-85,23.31969953712386,23.971022246457757,-85,1350,700,162.0952563887455,9.719332635834132,circular
303,1100,700,158.7447450075823,-85,24.92014212493214,25.36180729449956,-85,1350,700,171.81458902457962,9.719332635834132,circular
304,1100,700,158.7447450075823,-85,25.80746062382631,25.946643644493044,-85,1350,700,181.53392166041374,9.719332635834132,circular
305,1100,700,158.7447450075823,-85,26.077602459396946,26.067010357935978,-85,1350,700,191.25325429624786,9.719332635834132,circular
306,1100,700,158.7447450075823,-85,25.859665714847075,25.684904084789977,-85,1350,700,200.97258693208198,9.719332635834132,circular
307,1100,700,158.7447450075823,-85,25.157178905256924,24.788337040832293,-85,1350,700,210.6919195679161,9.719332635834132,circular
308,1100,700,158.7447450075823,-85,23.553218972269416,22.793695368992225,-85,1350,700,220.41125220375022,9.719332635834132,circular
309,1100,700,158.7447450075823,-85,19.914354227256315,17.51315549939211,-85,1350,700,230.13058483958434,9.719332635834132,circular
310,1100,700,158.7447450075823,-85,-85,-85,-85,1350,700,239.84991747541847,9.719332635834132,circular
311,1100,700,158.7447450075823,-85,-85,-85,-85,1350,700,249.5692501112526,9.719332635834132,circular
312,1100,700,158.7447450075823,-85,-85,-85,-85,1350,700,259.2885827470867,9.719332635834132,circular
313,1100,700,158.7447450075823,-85,-85,-85,-85,1350,700,269.0079153829208,9.719332635834132,circular
314,1100,700,158.7447450075823,-85,-85,-85,-85,1350,700,278.72724801875495,9.719332635834132,circular
315,1100,700,158.7447450075823,-85,-85,-85,-85,1350,700,288.44658065458907,9.719332635834132,circular
316,1100,700,158.7447450075823,-85,-85,-85,-85,1350,700,298.1659132904232,9.719332635834132,circular
317,1100,700,158.7447450075823,-85,-85,-85,-85,1350,700,307.8852459262573,9.719332635834132,circular
318,1100,700,158.7447450075823,-85,-85,-85,-85,1350,700,317.60457856209143,9.719332635834132,circular
319,1100,700,158.7447450075823,-85,-85,-85,-85,1350,700,327.32391119792555,9.719332635834132,circular
320,1100,700,158.7447450075823,-85,-85,-85,-85,1350,700,337.0432438337597,9.719332635834132,circular
321,1100,700,158.7447450075823,-85,-85,-85,-85,1350,700,346.7625764695938,9.719332635834132,circular
322,1100,700,158.7447450075823,-85,-85,-85,-85,1350,700,356.4819091054279,9.719332635834132,circular
323,1100,700,158.7447450075823,-85,-85,-85,-85,1350,700,6.201241741262038,9.719332635834132,circular
324,1100,700,158.7447450075823,-85,-85,-85,-85,1350,700,15.92057437709617,9.719332635834132,circular
325,1100,700,158.7447450075823,-85,-85,-85,-85,1350,700,25.6399070129303,9.719332635834132,circular
326,1100,700,158.7447450075823,-85,-85,-85,-85,1350,700,35.35923964876443,9.719332635834132,circular
327,1100,700,158.7447450075823,-85,-85,-85,-85,1350,700,45.078572284598565,9.719332635834132,circular
328,1100,700,158.7447450075823,-85,-85,-85,-85,1350,700,54.7979049204327,9.719332635834132,circular
329,1100,700,158.7447450075823,-85,-85,-85,-85,1350,700,64.51723755626683,9.719332635834132,circular
330,1100,700,158.7447450075823,-85,-85,-85,-85,1350,700,74.23657019210097,9.719332635834132,circular
331,1100,700,158.7447450075823,-85,-85,-85,-85,1350,700,83.9559028279351,9.719332635834132,circular
332,1100,700,158.7447450075823,-85,-85,-85,-85,1350,700,93.67523546376924,9.719332635834132,circular
333,1100,700,158.7447450075823,-85,-85,-85,-85,1350,700,103.39456809960338,9.719332635834132,circular
334,1100,700,158.7447450075823,-85,-85,-85,-85,1350,700,113.11390073543751,9.719332635834132,circular
335,1100,700,158.7447450075823,-85,-85,-85,-85,1350,700,122.83323337127165,9.719332635834132,circular
336,1100,700,158.7447450075823,-85,-85,-85,-85,1350,700,132.55256600710578,9.719332635834132,circular
337,1100,700,158.7447450075823,-85,-85,-85,-85,1350,700,142.2718986429399,9.719332635834132,circular
338,1100,700,158.7447450075823,-85,19.25639156218217,20.97742610025734,-85,1350,700,151.99123127877402,9.719332635834132,circular
339,1100,700,158.7447450075823,-85,23.06730250275713,23.769789312347285,-85,1350,700,161.71056391460814,9.719332635834132,circular
340,1100,700,158.7447450075823,-85,24.92014212493214,25.26334459461691,-85,1350,700,171.42989655044227,9.719332635834132,circular
341,1100,700,158.7447450075823,-85,25.80746062382631,25.946643644493044,-85,1350,700,181.1492291862764,9.719332635834132,circular
342,1100,700,158.7447450075823,-85,26.077602459396946,26.067010357935978,-85,1350,700,190.8685618221105,9.719332635834132,circular
343,1100,700,158.7447450075823,-85,25.906018829630398,25.7492610641292,-85,1350,700,200.58789445794463,9.719332635834132,circular
344,1100,700,158.7447450075823,-85,25.157178905256924,24.788337040832293,-85,1350,700,210.30722709377875,9.719332635834132,circular
345,1100,700,158.7447450075823,-85,23.553218972269416,22.793695368992225,-85,1350,700,220.02655972961287,9.719332635834132,circular
346,1100,700,158.7447450075823,-85,20.48098321025059,18.474304759512954,-85,1350,700,229.745892365447,9.719332635834132,circular
347,1100,700,158.7447450075823,-85,-85,-85,-85,1350,700,239.4652250012811,9.719332635834132,circular
348,1100,700,158.7447450075823,-85,-85,-85,-85,1350,700,249.18455763711523,9.719332635834132,circular
349,1100,700,158.7447450075823,-85,-85,-85,-85,1350,700,258.90389027294935,9.719332635834132,circular
350,1100,700,158.7447450075823,-85,-85,-85,-85,1350,700,268.6232229087835,9.719332635834132,circular
351,1100,700,158.7447450075823,-85,-85,-85,-85,1350,700,278.3425555446176,9.719332635834132,circular
352,1100,700,158.7447450075823,-85,-85,-85,-85,1350,700,288.0618881804517,9.719332635834132,circular
353,1100,700,158.7447450075823,-85,-85,-85,-85,1350,700,297.78122081628584,9.719332635834132,circular
354,1100,700,158.7447450075823,-85,-85,-85,-85,1350,700,307.50055345211996,9.719332635834132,circular
355,1100,700,158.7447450075823,-85,-85,-85,-85,1350,700,317.2198860879541,9.719332635834132,circular
356,1100,700,158.7447450075823,-85,-85,-85,-85,1350,700,326.9392187237882,9.719332635834132,circular
357,1100,700,158.7447450075823,-85,-85,-85,-85,1350,700,336.6585513596223,9.719332635834132,circular
358,1100,700,158.7447450075823,-85,-85,-85,-85,1350,700,346.37788399545644,9.719332635834132,circular
359,1100,700,158.7447450075823,-85,-85,-85,-85,1350,700,356.09721663129056,9.719332635834132,circular
360,1100,700,158.7447450075823,-85,-85,-85,-85,1350,700,5.816549267124685,9.719332635834132,circular
361,1100,700,158.7447450075823,-85,-85,-85,-85,1350,700,15.535881902958817,9.719332635834132,circular
362,1100,700,158.7447450075823,-85,-85,-85,-85,1350,700,25.25521453879295,9.719332635834132,circular
363,1100,700,158.7447450075823,-85,-85,-85,-85,1350,700,34.97454717462708,9.719332635834132,circular
364,1100,700,158.7447450075823,-85,-85,-85,-85,1350,700,44.69387981046121,9.719332635834132,circular
365,1100,700,158.7447450075823,-85,-85,-85,-85,1350,700,54.41321244629535,9.719332635834132,circular
366,1100,700,158.7447450075823,-85,-85,-85,-85,1350,700,64.13254508212948,9.719332635834132,circular
367,1100,700,158.7447450075823,-85,-85,-85,-85,1350,700,73.85187771796362,9.719332635834132,circular
368,1100,700,158.7447450075823,-85,-85,-85,-85,1350,700,83.57121035379775,9.719332635834132,circular
369,1100,700,158.7447450075823,-85,-85,-85,-85,1350,700,93.29054298963189,9.719332635834132,circular
370,1100,700,158.7447450075823,-85,-85,-85,-85,1350,700,103.00987562546602,9.719332635834132,circular
371,1100,700,158.7447450075823,-85,-85,-85,-85,1350,700,112.72920826130016,9.719332635834132,circular
372,1100,700,158.7447450075823,-85,-85,-85,-85,1350,700,122.4485408971343,9.719332635834132,circular
373,1100,700,158.7447450075823,-85,-85,-85,-85,1350,700,132.16787353296843,9.719332635834132,circular
374,1100,700,158.7447450075823,-85,-85,-85,-85,1350,700,141.88720616880255,9.719332635834132,circular
375,1100,700,158.7447450075823,-85,18.47430475951294,20.48098321025059,-85,1350,700,151.60653880463667,9.719332635834132,circular
376,1100,700,158.7447450075823,-85,23.06730250275713,23.769789312347285,-85,1350,700,161.3258714404708,9.719332635834132,circular
377,1100,700,158.7447450075823,-85,24.92014212493214,25.26334459461691,-85,1350,700,171.0452040763049,9.719332635834132,circular
378,1100,700,158.7447450075823,-85,25.7492610641292,25.946643644493044,-85,1350,700,180.76453671213903,9.719332635834132,circular
379,1100,700,158.7447450075823,-85,26.074956048612798,26.074956048612798,-85,1350,700,190.48386934797315,9.719332635834132,circular
380,1100,700,158.7447450075823,-85,25.906018829630398,25.7492610641292,-85,1350,700,200.20320198380728,9.719332635834132,circular
381,1100,700,158.7447450075823,-85,25.157178905256924,24.788337040832293,-85,1350,700,209.9225346196414,9.719332635834132,circular
382,1100,700,158.7447450075823,-85,23.769789312347285,23.067302502757133,-85,1350,700,219.64186725547552,9.719332635834132,circular
383,1100,700,158.7447450075823,-85,20.48098321025059,18.474304759512954,-85,1350,700,229.36119989130964,9.719332635834132,circular
384,1100,700,158.7447450075823,-85,-85,-85,-85,1350,700,239.08053252714376,9.719332635834132,circular
385,1100,700,158.7447450075823,-85,-85,-85,-85,1350,700,248.79986516297788,9.719332635834132,circular
386,1100,700,158.7447450075823,-85,-85,-85,-85,1350,700,258.519197798812,9.719332635834132,circular
387,1100,700,158.7447450075823,-85,-85,-85,-85,1350,700,268.2385304346461,9.719332635834132,circular
388,1100,700,158.7447450075823,-85,-85,-85,-85,1350,700,277.95786307048024,9.719332635834132,circular
389,1100,700,158.7447450075823,-85,-85,-85,-85,1350,700,287.67719570631436,9.719332635834132,circular
390,1100,700,158.7447450075823,-85,-85,-85,-85,1350,700,297.3965283421485,9.719332635834132,circular
391,1100,700,158.7447450075823,-85,-85,-85,-85,1350,700,307.1158609779826,9.719332635834132,circular
392,1100,700,158.7447450075823,-85,-85,-85,-85,1350,700,316.8351936138167,9.719332635834132,circular
393,1100,700,158.7447450075823,-85,-85,-85,-85,1350,700,326.55452624965085,9.719332635834132,circular
394,1100,700,158.7447450075823,-85,-85,-85,-85,1350,700,336.27385888548497,9.719332635834132,circular
395,1100,700,158.7447450075823,-85,-85,-85,-85,1350,700,345.9931915213191,9.719332635834132,circular
396,1100,700,158.7447450075823,-85,-85,-85,-85,1350,700,355.7125241571532,9.719332635834132,circular
397,1100,700,158.7447450075823,-85,-85,-85,-85,1350,700,5.4318567929873325,9.719332635834132,circular
398,1100,700,158.7447450075823,-85,-85,-85,-85,1350,700,15.151189428821464,9.719332635834132,circular
399,1100,700,158.7447450075823,-85,-85,-85,-85,1350,700,24.870522064655596,9.719332635834132,circular
400,1100,700,158.7447450075823,-85,-85,-85,-85,1350,700,34.589854700489724,9.719332635834132,circular
401,1100,700,158.7447450075823,-85,-85,-85,-85,1350,700,44.30918733632386,9.719332635834132,circular
402,1100,700,158.7447450075823,-85,-85,-85,-85,1350,700,54.028519972157994,9.719332635834132,circular
403,1100,700,158.7447450075823,-85,-85,-85,-85,1350,700,63.74785260799213,9.719332635834132,circular
404,1100,700,158.7447450075823,-85,-85,-85,-85,1350,700,73.46718524382626,9.719332635834132,circular
405,1100,700,158.7447450075823,-85,-85,-85,-85,1350,700,83.1865178796604,9.719332635834132,circular
406,1100,700,158.7447450075823,-85,-85,-85,-85,1350,700,92.90585051549454,9.719332635834132,circular
407,1100,700,158.7447450075823,-85,-85,-85,-85,1350,700,102.62518315132867,9.719332635834132,circular
408,1100,700,158.7447450075823,-85,-85,-85,-85,1350,700,112.3445157871628,9.719332635834132,circular
409,1100,700,158.7447450075823,-85,-85,-85,-85,1350,700,122.06384842299694,9.719332635834132,circular
410,1100,700,158.7447450075823,-85,-85,-85,-85,1350,700,131.78318105883108,9.719332635834132,circular
411,1100,700,158.7447450075823,-85,-85,-85,-85,1350,700,141.5025136946652,9.719332635834132,circular
412,1100,700,158.7447450075823,-85,18.47430475951294,20.48098321025059,-85,1350,700,151.22184633049932,9.719332635834132,circular
413,1100,700,158.7447450075823,-85,23.06730250275713,23.769789312347285,-85,1350,700,160.94117896633344,9.719332635834132,circular
414,1100,700,158.7447450075823,-85,24.78833704083229,25.157178905256924,-85,1350,700,170.66051160216756,9.719332635834132,circular
415,1100,700,158.7447450075823,-85,25.7492610641292,25.906018829630398,-85,1350,700,180.37984423800168,9.719332635834132,circular
416,1100,700,158.7447450075823,-85,26.074956048612798,26.074956048612798,-85,1350,700,190.0991768738358,9.719332635834132,circular
417,1100,700,158.7447450075823,-85,25.946643644493044,25.7492610641292,-85,1350,700,199.81850950966992,9.719332635834132,circular
418,1100,700,158.7447450075823,-85,25.263344594616918,24.92014212493214,-85,1350,700,209.53784214550404,9.719332635834132,circular
419,1100,700,158.7447450075823,-85,23.769789312347285,23.067302502757133,-85,1350,700,219.25717478133816,9.719332635834132,circular
420,1100,700,158.7447450075823,-85,20.48098321025059,18.474304759512954,-85,1350,700,228.9765074171723,9.719332635834132,circular
421,1100,700,158.7447450075823,-85,-85,-85,-85,1350,700,238.6958400530064,9.719332635834132,circular
422,1100,700,158.7447450075823,-85,-85,-85,-85,1350,700,248.41517268884053,9.719332635834132,circular
423,1100,700,158.7447450075823,-85,-85,-85,-85,1350,700,258.13450532467465,9.719332635834132,circular
424,1100,700,158.7447450075823,-85,-85,-85,-85,1350,700,267.85383796050877,9.719332635834132,circular
425,1100,700,158.7447450075823,-85,-85,-85,-85,1350,700,277.5731705963429,9.719332635834132,circular
426,1100,700,158.7447450075823,-85,-85,-85,-85,1350,700,287.292503232177,9.719332635834132,circular
427,1100,700,158.7447450075823,-85,-85,-85,-85,1350,700,297.01183586801113,9.719332635834132,circular
428,1100,700,158.7447450075823,-85,-85,-85,-85,1350,700,306.73116850384525,9.719332635834132,circular
429,1100,700,158.7447450075823,-85,-85,-85,-85,1350,700,316.4505011396794,9.719332635834132,circular
430,1100,700,158.7447450075823,-85,-85,-85,-85,1350,700,326.1698337755135,9.719332635834132,circular
431,1100,700,158.7447450075823,-85,-85,-85,-85,1350,700,335.8891664113476,9.719332635834132,circular
432,1100,700,158.7447450075823,-85,-85,-85,-85,1350,700,345.60849904718174,9.719332635834132,circular
433,1100,700,158.7447450075823,-85,-85,-85,-85,1350,700,355.32783168301586,9.719332635834132,circular
434,1100,700,158.7447450075823,-85,-85,-85,-85,1350,700,5.04716431884998,9.719332635834132,circular
435,1100,700,158.7447450075823,-85,-85,-85,-85,1350,700,14.766496954684111,9.719332635834132,circular
436,1100,700,158.7447450075823,-85,-85,-85,-85,1350,700,24.485829590518243,9.719332635834132,circular
437,1100,700,158.7447450075823,-85,-85,-85,-85,1350,700,34.20516222635237,9.719332635834132,circular
438,1100,700,158.7447450075823,-85,-85,-85,-85,1350,700,43.924494862186506,9.719332635834132,circular
439,1100,700,158.7447450075823,-85,-85,-85,-85,1350,700,53.64382749802064,9.719332635834132,circular
440,1100,700,158.7447450075823,-85,-85,-85,-85,1350,700,63.36316013385478,9.719332635834132,circular
441,1100,700,158.7447450075823,-85,-85,-85,-85,1350,700,73.08249276968891,9.719332635834132,circular
442,1100,700,158.7447450075823,-85,-85,-85,-85,1350,700,82.80182540552305,9.719332635834132,circular
443,1100,700,158.7447450075823,-85,-85,-85,-85,1350,700,92.52115804135718,9.719332635834132,circular
444,1100,700,158.7447450075823,-85,-85,-85,-85,1350,700,102.24049067719132,9.719332635834132,circular
445,1100,700,158.7447450075823,-85,-85,-85,-85,1350,700,111.95982331302545,9.719332635834132,circular
446,1100,700,158.7447450075823,-85,-85,-85,-85,1350,700,121.67915594885959,9.719332635834132,circular
447,1100,700,158.7447450075823,-85,-85,-85,-85,1350,700,131.39848858469372,9.719332635834132,circular
448,1100,700,158.7447450075823,-85,-85,-85,-85,1350,700,141.11782122052784,9.719332635834132,circular
449,1100,700,158.7447450075823,-85,17.513155499392102,20.48098321025059,-85,1350,700,150.83715385636197,9.719332635834132,circular
450,1100,700,158.7447450075823,-85,22.793695368992218,23.553218972269416,-85,1350,700,160.5564864921961,9.719332635834132,circular
451,1100,700,158.7447450075823,-85,24.78833704083229,25.157178905256924,-85,1350,700,170.2758191280302,9.719332635834132,circular
452,1100,700,158.7447450075823,-85,25.7492610641292,25.906018829630398,-85,1350,700,179.99515176386433,9.719332635834132,circular
453,1100,700,158.7447450075823,-85,26.067010357935978,26.077602459396946,-85,1350,700,189.71448439969845,9.719332635834132,circular
454,1100,700,158.7447450075823,-85,25.946643644493044,25.807460623826316,-85,1350,700,199.43381703553257,9.719332635834132,circular
455,1100,700,158.7447450075823,-85,25.263344594616918,24.92014212493214,-85,1350,700,209.1531496713667,9.719332635834132,circular
456,1100,700,158.7447450075823,-85,23.769789312347285,23.067302502757133,-85,1350,700,218.8724823072008,9.719332635834132,circular
457,1100,700,158.7447450075823,-85,20.97742610025735,19.25639156218219,-85,1350,700,228.59181494303493,9.719332635834132,circular
458,1100,700,158.7447450075823,-85,-85,-85,-85,1350,700,238.31114757886905,9.719332635834132,circular
459,1100,700,158.7447450075823,-85,-85,-85,-85,1350,700,248.03048021470318,9.719332635834132,circular
460,1100,700,158.7447450075823,-85,-85,-85,-85,1350,700,257.7498128505373,9.719332635834132,circular
461,1100,700,158.7447450075823,-85,-85,-85,-85,1350,700,267.4691454863714,9.719332635834132,circular
462,1100,700,158.7447450075823,-85,-85,-85,-85,1350,700,277.18847812220554,9.719332635834132,circular
463,1100,700,158.7447450075823,-85,-85,-85,-85,1350,700,286.90781075803966,9.719332635834132,circular
464,1100,700,158.7447450075823,-85,-85,-85,-85,1350,700,296.6271433938738,9.719332635834132,circular
465,1100,700,158.7447450075823,-85,-85,-85,-85,1350,700,306.3464760297079,9.719332635834132,circular
466,1100,700,158.7447450075823,-85,-85,-85,-85,1350,700,316.065808665542,9.719332635834132,circular
467,1100,700,158.7447450075823,-85,-85,-85,-85,1350,700,325.78514130137614,9.719332635834132,circular
468,1100,700,158.7447450075823,-85,-85,-85,-85,1350,700,335.50447393721026,9.719332635834132,circular
469,1100,700,158.7447450075823,-85,-85,-85,-85,1350,700,345.2238065730444,9.719332635834132,circular
470,1100,700,158.7447450075823,-85,-85,-85,-85,1350,700,354.9431392088785,9.719332635834132,circular
471,1100,700,158.7447450075823,-85,-85,-85,-85,1350,700,4.662471844712627,9.719332635834132,circular
472,1100,700,158.7447450075823,-85,-85,-85,-85,1350,700,14.381804480546759,9.719332635834132,circular
473,1100,700,158.7447450075823,-85,-85,-85,-85,1350,700,24.10113711638089,9.719332635834132,circular
474,1100,700,158.7447450075823,-85,-85,-85,-85,1350,700,33.82046975221502,9.719332635834132,circular
475,1100,700,158.7447450075823,-85,-85,-85,-85,1350,700,43.539802388049154,9.719332635834132,circular
476,1100,700,158.7447450075823,-85,-85,-85,-85,1350,700,53.25913502388329,9.719332635834132,circular
477,1100,700,158.7447450075823,-85,-85,-85,-85,1350,700,62.978467659717424,9.719332635834132,circular
478,1100,700,158.7447450075823,-85,-85,-85,-85,1350,700,72.69780029555156,9.719332635834132,circular
479,1100,700,158.7447450075823,-85,-85,-85,-85,1350,700,82.4171329313857,9.719332635834132,circular
480,1100,700,158.7447450075823,-85,-85,-85,-85,1350,700,92.13646556721983,9.719332635834132,circular
481,1100,700,158.7447450075823,-85,-85,-85,-85,1350,700,101.85579820305396,9.719332635834132,circular
482,1100,700,158.7447450075823,-85,-85,-85,-85,1350,700,111.5751308388881,9.719332635834132,circular
483,1100,700,158.7447450075823,-85,-85,-85,-85,1350,700,121.29446347472224,9.719332635834132,circular
484,1100,700,158.7447450075823,-85,-85,-85,-85,1350,700,131.01379611055637,9.719332635834132,circular
485,1100,700,158.7447450075823,-85,-85,-85,-85,1350,700,140.7331287463905,9.719332635834132,circular
486,1100,700,158.7447450075823,-85,17.513155499392102,19.91435422725632,-85,1350,700,150.4524613822246,9.719332635834132,circular
487,1100,700,158.7447450075823,-85,22.793695368992218,23.553218972269416,-85,1350,700,160.17179401805873,9.719332635834132,circular
488,1100,700,158.7447450075823,-85,24.78833704083229,25.157178905256924,-85,1350,700,169.89112665389285,9.719332635834132,circular
489,1100,700,158.7447450075823,-85,25.684904084789974,25.859665714847075,-85,1350,700,179.61045928972698,9.719332635834132,circular
490,1100,700,158.7447450075823,-85,26.067010357935978,26.077602459396946,-85,1350,700,189.3297919255611,9.719332635834132,circular
491,1100,700,158.7447450075823,-85,25.946643644493044,25.807460623826316,-85,1350,700,199.04912456139522,9.719332635834132,circular
492,1100,700,158.7447450075823,-85,25.361807294499556,24.92014212493214,-85,1350,700,208.76845719722934,9.719332635834132,circular
493,1100,700,158.7447450075823,-85,23.97102224645776,23.319699537123853,-85,1350,700,218.48778983306346,9.719332635834132,circular
494,1100,700,158.7447450075823,-85,20.97742610025735,19.25639156218219,-85,1350,700,228.20712246889758,9.719332635834132,circular
495,1100,700,158.7447450075823,-85,-85,-85,-85,1350,700,237.9264551047317,9.719332635834132,circular
496,1100,700,158.7447450075823,-85,-85,-85,-85,1350,700,247.64578774056582,9.719332635834132,circular
497,1100,700,158.7447450075823,-85,-85,-85,-85,1350,700,257.36512037639994,9.719332635834132,circular
498,1100,700,158.7447450075823,-85,-85,-85,-85,1350,700,267.08445301223406,9.719332635834132,circular
499,1100,700,158.7447450075823,-85,-85,-85,-85,1350,700,276.8037856480682,9.719332635834132,circular
500,1100,700,158.7447450075823,-85,-85,-85,-85,1350,700,286.5231182839023,9.719332635834132,circular
501,1100,700,158.7447450075823,-85,-85,-85,-85,1350,700,296.2424509197364,9.719332635834132,circular
502,1100,700,158.7447450075823,-85,-85,-85,-85,1350,700,305.96178355557055,9.719332635834132,circular
503,1100,700,158.7447450075823,-85,-85,-85,-85,1350,700,315.68111619140467,9.719332635834132,circular
504,1100,700,158.7447450075823,-85,-85,-85,-85,1350,700,325.4004488272388,9.719332635834132,circular
505,1100,700,158.7447450075823,-85,-85,-85,-85,1350,700,335.1197814630729,9.719332635834132,circular
506,1100,700,158.7447450075823,-85,-85,-85,-85,1350,700,344.83911409890703,9.719332635834132,circular
507,1100,700,158.7447450075823,-85,-85,-85,-85,1350,700,354.55844673474115,9.719332635834132,circular
508,1100,700,158.7447450075823,-85,-85,-85,-85,1350,700,4.277779370575274,9.719332635834132,circular
509,1100,700,158.7447450075823,-85,-85,-85,-85,1350,700,13.997112006409406,9.719332635834132,circular
510,1100,700,158.7447450075823,-85,-85,-85,-85,1350,700,23.716444642243538,9.719332635834132,circular
511,1100,700,158.7447450075823,-85,-85,-85,-85,1350,700,33.435777278077666,9.719332635834132,circular
512,1100,700,158.7447450075823,-85,-85,-85,-85,1350,700,43.1551099139118,9.719332635834132,circular
513,1100,700,158.7447450075823,-85,-85,-85,-85,1350,700,52.874442549745936,9.719332635834132,circular
514,1100,700,158.7447450075823,-85,-85,-85,-85,1350,700,62.59377518558007,9.719332635834132,circular
515,1100,700,158.7447450075823,-85,-85,-85,-85,1350,700,72.3131078214142,9.719332635834132,circular
516,1100,700,158.7447450075823,-85,-85,-85,-85,1350,700,82.03244045724834,9.719332635834132,circular
517,1100,700,158.7447450075823,-85,-85,-85,-85,1350,700,91.75177309308248,9.719332635834132,circular
518,1100,700,158.7447450075823,-85,-85,-85,-85,1350,700,101.47110572891661,9.719332635834132,circular
519,1100,700,158.7447450075823,-85,-85,-85,-85,1350,700,111.19043836475075,9.719332635834132,circular
520,1100,700,158.7447450075823,-85,-85,-85,-85,1350,700,120.90977100058488,9.719332635834132,circular
521,1100,700,158.7447450075823,-85,-85,-85,-85,1350,700,130.62910363641902,9.719332635834132,circular
522,1100,700,158.7447450075823,-85,-85,-85,-85,1350,700,140.34843627225314,9.719332635834132,circular
523,1100,700,158.7447450075823,-85,17.513155499392102,19.91435422725632,-85,1350,700,150.06776890808726,9.719332635834132,circular
524,1100,700,158.7447450075823,-85,22.496022074683278,23.553218972269416,-85,1350,700,159.78710154392138,9.719332635834132,circular
525,1100,700,158.7447450075823,-85,24.646943359767004,25.042923900792417,-85,1350,700,169.5064341797555,9.719332635834132,circular
526,1100,700,158.7447450075823,-85,25.684904084789974,25.859665714847075,-85,1350,700,179.22576681558962,9.719332635834132,circular
527,1100,700,158.7447450075823,-85,26.067010357935978,26.077602459396946,-85,1350,700,188.94509945142374,9.719332635834132,circular
528,1100,700,158.7447450075823,-85,25.9816463993744,25.859665714847075,-85,1350,700,198.66443208725786,9.719332635834132,circular
529,1100,700,158.7447450075823,-85,25.361807294499556,25.042923900792417,-85,1350,700,208.38376472309199,9.719332635834132,circular
530,1100,700,158.7447450075823,-85,23.97102224645776,23.319699537123853,-85,1350,700,218.1030973589261,9.719332635834132,circular
531,1100,700,158.7447450075823,-85,21.418119305852123,19.25639156218219,-85,1350,700,227.82242999476023,9.719332635834132,circular
532,1100,700,158.7447450075823,-85,-85,-85,-85,1350,700,237.54176263059435,9.719332635834132,circular
533,1100,700,158.7447450075823,-85,-85,-85,-85,1350,700,247.26109526642847,9.719332635834132,circular
534,1100,700,158.7447450075823,-85,-85,-85,-85,1350,700,256.9804279022626,9.719332635834132,circular
535,1100,700,158.7447450075823,-85,-85,-85,-85,1350,700,266.6997605380967,9.719332635834132,circular
536,1100,700,158.7447450075823,-85,-85,-85,-85,1350,700,276.41909317393083,9.719332635834132,circular
537,1100,700,158.7447450075823,-85,-85,-85,-85,1350,700,286.13842580976495,9.719332635834132,circular
538,1100,700,158.7447450075823,-85,-85,-85,-85,1350,700,295.8577584455991,9.719332635834132,circular
539,1100,700,158.7447450075823,-85,-85,-85,-85,1350,700,305.5770910814332,9.719332635834132,circular
540,1100,700,158.7447450075823,-85,-85,-85,-85,1350,700,315.2964237172673,9.719332635834132,circular
541,1100,700,158.7447450075823,-85,-85,-85,-85,1350,700,325.01575635310144,9.719332635834132,circular
542,1100,700,158.7447450075823,-85,-85,-85,-85,1350,700,334.73508898893556,9.719332635834132,circular
543,1100,700,158.7447450075823,-85,-85,-85,-85,1350,700,344.4544216247697,9.719332635834132,circular
544,1100,700,158.7447450075823,-85,-85,-85,-85,1350,700,354.1737542606038,9.719332635834132,circular
545,1100,700,158.7447450075823,-85,-85,-85,-85,1350,700,3.8930868964379215,9.719332635834132,circular
546,1100,700,158.7447450075823,-85,-85,-85,-85,1350,700,13.612419532272053,9.719332635834132,circular
547,1100,700,158.7447450075823,-85,-85,-85,-85,1350,700,23.331752168106185,9.719332635834132,circular
548,1100,700,158.7447450075823,-85,-85,-85,-85,1350,700,33.05108480394031,9.719332635834132,circular
549,1100,700,158.7447450075823,-85,-85,-85,-85,1350,700,42.77041743977445,9.719332635834132,circular
550,1100,700,158.7447450075823,-85,-85,-85,-85,1350,700,52.48975007560858,9.719332635834132,circular
551,1100,700,158.7447450075823,-85,-85,-85,-85,1350,700,62.20908271144272,9.719332635834132,circular
552,1100,700,158.7447450075823,-85,-85,-85,-85,1350,700,71.92841534727685,9.719332635834132,circular
553,1100,700,158.7447450075823,-85,-85,-85,-85,1350,700,81.64774798311099,9.719332635834132,circular
554,1100,700,158.7447450075823,-85,-85,-85,-85,1350,700,91.36708061894512,9.719332635834132,circular
555,1100,700,158.7447450075823,-85,-85,-85,-85,1350,700,101.08641325477926,9.719332635834132,circular
556,1100,700,158.7447450075823,-85,-85,-85,-85,1350,700,110.8057458906134,9.719332635834132,circular
557,1100,700,158.7447450075823,-85,-85,-85,-85,1350,700,120.52507852644753,9.719332635834132,circular
558,1100,700,158.7447450075823,-85,-85,-85,-85,1350,700,130.24441116228166,9.719332635834132,circular
559,1100,700,158.7447450075823,-85,-85,-85,-85,1350,700,139.9637437981158,9.719332635834132,circular
560,1100,700,158.7447450075823,-85,16.269948115724727,19.25639156218217,-85,1350,700,149.6830764339499,9.719332635834132,circular
561,1100,700,158.7447450075823,-85,22.496022074683278,23.31969953712386,-85,1350,700,159.40240906978403,9.719332635834132,circular
562,1100,700,158.7447450075823,-85,24.646943359767004,25.042923900792417,-85,1350,700,169.12174170561815,9.719332635834132,circular
563,1100,700,158.7447450075823,-85,25.614204328866276,25.859665714847075,-85,1350,700,178.84107434145227,9.719332635834132,circular
564,1100,700,158.7447450075823,-85,26.053745949214605,26.077602459396946,-85,1350,700,188.5604069772864,9.719332635834132,circular
565,1100,700,158.7447450075823,-85,25.9816463993744,25.859665714847075,-85,1350,700,198.2797396131205,9.719332635834132,circular
566,1100,700,158.7447450075823,-85,25.361807294499556,25.042923900792417,-85,1350,700,207.99907224895463,9.719332635834132,circular
567,1100,700,158.7447450075823,-85,24.1582774269213,23.553218972269416,-85,1350,700,217.71840488478875,9.719332635834132,circular
568,1100,700,158.7447450075823,-85,21.418119305852123,19.914354227256315,-85,1350,700,227.43773752062287,9.719332635834132,circular
569,1100,700,158.7447450075823,-85,-85,-85,-85,1350,700,237.157070156457,9.719332635834132,circular
570,1100,700,158.7447450075823,-85,-85,-85,-85,1350,700,246.87640279229112,9.719332635834132,circular
571,1100,700,158.7447450075823,-85,-85,-85,-85,1350,700,256.59573542812524,9.719332635834132,circular
572,1100,700,158.7447450075823,-85,-85,-85,-85,1350,700,266.31506806395936,9.719332635834132,circular
573,1100,700,158.7447450075823,-85,-85,-85,-85,1350,700,276.0344006997935,9.719332635834132,circular
574,1100,700,158.7447450075823,-85,-85,-85,-85,1350,700,285.7537333356276,9.719332635834132,circular
575,1100,700,158.7447450075823,-85,-85,-85,-85,1350,700,295.4730659714617,9.719332635834132,circular
576,1100,700,158.7447450075823,-85,-85,-85,-85,1350,700,305.19239860729584,9.719332635834132,circular
577,1100,700,158.7447450075823,-85,-85,-85,-85,1350,700,314.91173124312996,9.719332635834132,circular
578,1100,700,158.7447450075823,-85,-85,-85,-85,1350,700,324.6310638789641,9.719332635834132,circular
579,1100,700,158.7447450075823,-85,-85,-85,-85,1350,700,334.3503965147982,9.719332635834132,circular
580,1100,700,158.7447450075823,-85,-85,-85,-85,1350,700,344.0697291506323,9.719332635834132,circular
581,1100,700,158.7447450075823,-85,-85,-85,-85,1350,700,353.78906178646645,9.719332635834132,circular
582,1100,700,158.7447450075823,-85,-85,-85,-85,1350,700,3.5083944223005687,9.719332635834132,circular
583,1100,700,158.7447450075823,-85,-85,-85,-85,1350,700,13.2277270581347,9.719332635834132,circular
584,1100,700,158.7447450075823,-85,-85,-85,-85,1350,700,22.947059693968832,9.719332635834132,circular
585,1100,700,158.7447450075823,-85,-85,-85,-85,1350,700,32.66639232980296,9.719332635834132,circular
586,1100,700,158.7447450075823,-85,-85,-85,-85,1350,700,42.385724965637095,9.719332635834132,circular
587,1100,700,158.7447450075823,-85,-85,-85,-85,1350,700,52.10505760147123,9.719332635834132,circular
588,1100,700,158.7447450075823,-85,-85,-85,-85,1350,700,61.824390237305366,9.719332635834132,circular
589,1100,700,158.7447450075823,-85,-85,-85,-85,1350,700,71.5437228731395,9.719332635834132,circular
590,1100,700,158.7447450075823,-85,-85,-85,-85,1350,700,81.26305550897364,9.719332635834132,circular
591,1100,700,158.7447450075823,-85,-85,-85,-85,1350,700,90.98238814480777,9.719332635834132,circular
592,1100,700,158.7447450075823,-85,-85,-85,-85,1350,700,100.7017207806419,9.719332635834132,circular
593,1100,700,158.7447450075823,-85,-85,-85,-85,1350,700,110.42105341647604,9.719332635834132,circular
594,1100,700,158.7447450075823,-85,-85,-85,-85,1350,700,120.14038605231018,9.719332635834132,circular
595,1100,700,158.7447450075823,-85,-85,-85,-85,1350,700,129.8597186881443,9.719332635834132,circular
596,1100,700,158.7447450075823,-85,-85,-85,-85,1350,700,139.57905132397843,9.719332635834132,circular
597,1100,700,158.7447450075823,-85,16.269948115724727,19.25639156218217,-85,1350,700,149.29838395981255,9.719332635834132,circular
598,1100,700,158.7447450075823,-85,22.496022074683278,23.31969953712386,-85,1350,700,159.01771659564668,9.719332635834132,circular
599,1100,700,158.7447450075823,-85,24.495315191602927,24.92014212493214,-85,1350,700,168.7370492314808,9.719332635834132,circular
600,1100,700,158.7447450075823,-85,25.614204328866276,25.80746062382631,-85,1350,700,178.45638186731492,9.719332635834132,circular
601,1100,700,158.7447450075823,-85,26.053745949214605,26.077602459396946,-85,1350,700,188.17571450314904,9.719332635834132,circular
602,1100,700,158.7447450075823,-85,25.9816463993744,25.859665714847075,-85,1350,700,197.89504713898316,9.719332635834132,circular
603,1100,700,158.7447450075823,-85,25.452908776355446,25.157178905256924,-85,1350,700,207.61437977481728,9.719332635834132,circular
604,1100,700,158.7447450075823,-85,24.1582774269213,23.553218972269416,-85,1350,700,217.3337124106514,9.719332635834132,circular
605,1100,700,158.7447450075823,-85,21.418119305852123,19.914354227256315,-85,1350,700,227.05304504648552,9.719332635834132,circular
606,1100,700,158.7447450075823,-85,11.50579409835762,-85,-85,1350,700,236.77237768231964,9.719332635834132,circular
607,1100,700,158.7447450075823,-85,-85,-85,-85,1350,700,246.49171031815376,9.719332635834132,circular
608,1100,700,158.7447450075823,-85,-85,-85,-85,1350,700,256.2110429539879,9.719332635834132,circular
609,1100,700,158.7447450075823,-85,-85,-85,-85,1350,700,265.930375589822,9.719332635834132,circular
610,1100,700,158.7447450075823,-85,-85,-85,-85,1350,700,275.6497082256561,9.719332635834132,circular
611,1100,700,158.7447450075823,-85,-85,-85,-85,1350,700,285.36904086149025,9.719332635834132,circular
612,1100,700,158.7447450075823,-85,-85,-85,-85,1350,700,295.08837349732437,9.719332635834132,circular
613,1100,700,158.7447450075823,-85,-85,-85,-85,1350,700,304.8077061331585,9.719332635834132,circular
614,1100,700,158.7447450075823,-85,-85,-85,-85,1350,700,314.5270387689926,9.719332635834132,circular
615,1100,700,158.7447450075823,-85,-85,-85,-85,1350,700,324.24637140482673,9.719332635834132,circular
616,1100,700,158.7447450075823,-85,-85,-85,-85,1350,700,333.96570404066085,9.719332635834132,circular
617,1100,700,158.7447450075823,-85,-85,-85,-85,1350,700,343.685036676495,9.719332635834132,circular
618,1100,700,158.7447450075823,-85,-85,-85,-85,1350,700,353.4043693123291,9.719332635834132,circular
619,1100,700,158.7447450075823,-85,-85,-85,-85,1350,700,3.123701948163216,9.719332635834132,circular
620,1100,700,158.7447450075823,-85,-85,-85,-85,1350,700,12.843034583997348,9.719332635834132,circular
621,1100,700,158.7447450075823,-85,-85,-85,-85,1350,700,22.56236721983148,9.719332635834132,circular
622,1100,700,158.7447450075823,-85,-85,-85,-85,1350,700,32.28169985566561,9.719332635834132,circular
623,1100,700,158.7447450075823,-85,-85,-85,-85,1350,700,42.00103249149974,9.719332635834132,circular
624,1100,700,158.7447450075823,-85,-85,-85,-85,1350,700,51.72036512733388,9.719332635834132,circular
625,1100,700,158.7447450075823,-85,-85,-85,-85,1350,700,61.43969776316801,9.719332635834132,circular
626,1100,700,158.7447450075823,-85,-85,-85,-85,1350,700,71.15903039900215,9.719332635834132,circular
627,1100,700,158.7447450075823,-85,-85,-85,-85,1350,700,80.87836303483628,9.719332635834132,circular
628,1100,700,158.7447450075823,-85,-85,-85,-85,1350,700,90.59769567067042,9.719332635834132,circular
629,1100,700,158.7447450075823,-85,-85,-85,-85,1350,700,100.31702830650455,9.719332635834132,circular
630,1100,700,158.7447450075823,-85,-85,-85,-85,1350,700,110.03636094233869,9.719332635834132,circular
631,1100,700,158.7447450075823,-85,-85,-85,-85,1350,700,119.75569357817282,9.719332635834132,circular
632,1100,700,158.7447450075823,-85,-85,-85,-85,1350,700,129.47502621400696,9.719332635834132,circular
633,1100,700,158.7447450075823,-85,-85,-85,-85,1350,700,139.19435884984108,9.719332635834132,circular
634,1100,700,158.7447450075823,-85,16.269948115724727,19.25639156218217,-85,1350,700,148.9136914856752,9.719332635834132,circular
635,1100,700,158.7447450075823,-85,22.170735458799452,23.06730250275713,-85,1350,700,158.63302412150932,9.719332635834132,circular
636,1100,700,158.7447450075823,-85,24.495315191602927,24.92014212493214,-85,1350,700,168.35235675734344,9.719332635834132,circular
637,1100,700,158.7447450075823,-85,25.614204328866276,25.80746062382631,-85,1350,700,178.07168939317756,9.719332635834132,circular
638,1100,700,158.7447450075823,-85,26.035130213615616,26.077602459396946,-85,1350,700,187.79102202901169,9.719332635834132,circular
639,1100,700,158.7447450075823,-85,26.011117049096303,25.906018829630398,-85,1350,700,197.5103546648458,9.719332635834132,circular
640,1100,700,158.7447450075823,-85,25.452908776355446,25.157178905256924,-85,1350,700,207.22968730067993,9.719332635834132,circular
641,1100,700,158.7447450075823,-85,24.1582774269213,23.553218972269416,-85,1350,700,216.94901993651405,9.719332635834132,circular
642,1100,700,158.7447450075823,-85,21.81335663023087,20.48098321025059,-85,1350,700,226.66835257234817,9.719332635834132,circular
643,1100,700,158.7447450075823,-85,11.50579409835762,-85,-85,1350,700,236.3876852081823,9.719332635834132,circular
644,1100,700,158.7447450075823,-85,-85,-85,-85,1350,700,246.1070178440164,9.719332635834132,circular
645,1100,700,158.7447450075823,-85,-85,-85,-85,1350,700,255.82635047985053,9.719332635834132,circular
646,1100,700,158.7447450075823,-85,-85,-85,-85,1350,700,265.54568311568465,9.719332635834132,circular
647,1100,700,158.7447450075823,-85,-85,-85,-85,1350,700,275.2650157515188,9.719332635834132,circular
648,1100,700,158.7447450075823,-85,-85,-85,-85,1350,700,284.9843483873529,9.719332635834132,circular
649,1100,700,158.7447450075823,-85,-85,-85,-85,1350,700,294.703681023187,9.719332635834132,circular
650,1100,700,158.7447450075823,-85,-85,-85,-85,1350,700,304.42301365902114,9.719332635834132,circular
651,1100,700,158.7447450075823,-85,-85,-85,-85,1350,700,314.14234629485526,9.719332635834132,circular
652,1100,700,158.7447450075823,-85,-85,-85,-85,1350,700,323.8616789306894,9.719332635834132,circular
653,1100,700,158.7447450075823,-85,-85,-85,-85,1350,700,333.5810115665235,9.719332635834132,circular
654,1100,700,158.7447450075823,-85,-85,-85,-85,1350,700,343.3003442023576,9.719332635834132,circular
655,1100,700,158.7447450075823,-85,-85,-85,-85,1350,700,353.01967683819174,9.719332635834132,circular
656,1100,700,158.7447450075823,-85,-85,-85,-85,1350,700,2.7390094740258633,9.719332635834132,circular
657,1100,700,158.7447450075823,-85,-85,-85,-85,1350,700,12.458342109859995,9.719332635834132,circular
658,1100,700,158.7447450075823,-85,-85,-85,-85,1350,700,22.177674745694127,9.719332635834132,circular
659,1100,700,158.7447450075823,-85,-85,-85,-85,1350,700,31.897007381528258,9.719332635834132,circular
660,1100,700,158.7447450075823,-85,-85,-85,-85,1350,700,41.61634001736239,9.719332635834132,circular
661,1100,700,158.7447450075823,-85,-85,-85,-85,1350,700,51.335672653196525,9.719332635834132,circular
662,1100,700,158.7447450075823,-85,-85,-85,-85,1350,700,61.05500528903066,9.719332635834132,circular
663,1100,700,158.7447450075823,-85,-85,-85,-85,1350,700,70.7743379248648,9.719332635834132,circular
664,1100,700,158.7447450075823,-85,-85,-85,-85,1350,700,80.49367056069893,9.719332635834132,circular
665,1100,700,158.7447450075823,-85,-85,-85,-85,1350,700,90.21300319653307,9.719332635834132,circular
666,1100,700,158.7447450075823,-85,-85,-85,-85,1350,700,99.9323358323672,9.719332635834132,circular
667,1100,700,158.7447450075823,-85,-85,-85,-85,1350,700,109.65166846820134,9.719332635834132,circular
668,1100,700,158.7447450075823,-85,-85,-85,-85,1350,700,119.37100110403547,9.719332635834132,circular
669,1100,700,158.7447450075823,-85,-85,-85,-85,1350,700,129.0903337398696,9.719332635834132,circular
670,1100,700,158.7447450075823,-85,-85,-85,-85,1350,700,138.80966637570373,9.719332635834132,circular
671,1100,700,158.7447450075823,-85,14.513447644213304,18.47430475951294,-85,1350,700,148.52899901153785,9.719332635834132,circular
672,1100,700,158.7447450075823,-85,22.170735458799452,23.06730250275713,-85,1350,700,158.24833164737197,9.719332635834132,circular
673,1100,700,158.7447450075823,-85,24.495315191602927,24.92014212493214,-85,1350,700,167.9676642832061,9.719332635834132,circular
674,1100,700,158.7447450075823,-85,25.536951728381826,25.7492610641292,-85,1350,700,177.6869969190402,9.719332635834132,circular
675,1100,700,158.7447450075823,-85,26.035130213615616,26.074956048612798,-85,1350,700,187.40632955487433,9.719332635834132,circular
676,1100,700,158.7447450075823,-85,26.011117049096303,25.906018829630398,-85,1350,700,197.12566219070845,9.719332635834132,circular
677,1100,700,158.7447450075823,-85,25.536951728381826,25.157178905256924,-85,1350,700,206.84499482654257,9.719332635834132,circular
678,1100,700,158.7447450075823,-85,24.332711411139446,23.769789312347285,-85,1350,700,216.5643274623767,9.719332635834132,circular
679,1100,700,158.7447450075823,-85,21.81335663023087,20.48098321025059,-85,1350,700,226.28366009821082,9.719332635834132,circular
680,1100,700,158.7447450075823,-85,11.50579409835762,-85,-85,1350,700,236.00299273404494,9.719332635834132,circular
681,1100,700,158.7447450075823,-85,-85,-85,-85,1350,700,245.72232536987906,9.719332635834132,circular
682,1100,700,158.7447450075823,-85,-85,-85,-85,1350,700,255.44165800571318,9.719332635834132,circular
683,1100,700,158.7447450075823,-85,-85,-85,-85,1350,700,265.1609906415473,9.719332635834132,circular
684,1100,700,158.7447450075823,-85,-85,-85,-85,1350,700,274.8803232773814,9.719332635834132,circular
685,1100,700,158.7447450075823,-85,-85,-85,-85,1350,700,284.59965591321554,9.719332635834132,circular
686,1100,700,158.7447450075823,-85,-85,-85,-85,1350,700,294.31898854904966,9.719332635834132,circular
687,1100,700,158.7447450075823,-85,-85,-85,-85,1350,700,304.0383211848838,9.719332635834132,circular
688,1100,700,158.7447450075823,-85,-85,-85,-85,1350,700,313.7576538207179,9.719332635834132,circular
689,1100,700,158.7447450075823,-85,-85,-85,-85,1350,700,323.476986456552,9.719332635834132,circular
690,1100,700,158.7447450075823,-85,-85,-85,-85,1350,700,333.19631909238615,9.719332635834132,circular
691,1100,700,158.7447450075823,-85,-85,-85,-85,1350,700,342.91565172822027,9.719332635834132,circular
692,1100,700,158.7447450075823,-85,-85,-85,-85,1350,700,352.6349843640544,9.719332635834132,circular
693,1100,700,158.7447450075823,-85,-85,-85,-85,1350,700,2.3543169998885105,9.719332635834132,circular
694,1100,700,158.7447450075823,-85,-85,-85,-85,1350,700,12.073649635722642,9.719332635834132,circular
695,1100,700,158.7447450075823,-85,-85,-85,-85,1350,700,21.792982271556774,9.719332635834132,circular
696,1100,700,158.7447450075823,-85,-85,-85,-85,1350,700,31.512314907390905,9.719332635834132,circular
697,1100,700,158.7447450075823,-85,-85,-85,-85,1350,700,41.23164754322504,9.719332635834132,circular
698,1100,700,158.7447450075823,-85,-85,-85,-85,1350,700,50.95098017905917,9.719332635834132,circular
699,1100,700,158.7447450075823,-85,-85,-85,-85,1350,700,60.67031281489331,9.719332635834132,circular
700,1100,700,158.7447450075823,-85,-85,-85,-85,1350,700,70.38964545072744,9.719332635834132,circular
701,1100,700,158.7447450075823,-85,-85,-85,-85,1350,700,80.10897808656158,9.719332635834132,circular
702,1100,700,158.7447450075823,-85,-85,-85,-85,1350,700,89.82831072239571,9.719332635834132,circular
703,1100,700,158.7447450075823,-85,-85,-85,-85,1350,700,99.54764335822985,9.719332635834132,circular
704,1100,700,158.7447450075823,-85,-85,-85,-85,1350,700,109.26697599406398,9.719332635834132,circular
705,1100,700,158.7447450075823,-85,-85,-85,-85,1350,700,118.98630862989812,9.719332635834132,circular
706,1100,700,158.7447450075823,-85,-85,-85,-85,1350,700,128.70564126573225,9.719332635834132,circular
707,1100,700,158.7447450075823,-85,-85,-85,-85,1350,700,138.42497390156637,9.719332635834132,circular
708,1100,700,158.7447450075823,-85,14.513447644213304,18.47430475951294,-85,1350,700,148.1443065374005,9.719332635834132,circular
709,1100,700,158.7447450075823,-85,22.170735458799452,23.06730250275713,-85,1350,700,157.86363917323462,9.719332635834132,circular
710,1100,700,158.7447450075823,-85,24.33271141113945,24.78833704083229,-85,1350,700,167.58297180906874,9.719332635834132,circular
711,1100,700,158.7447450075823,-85,25.536951728381826,25.7492610641292,-85,1350,700,177.30230444490286,9.719332635834132,circular
712,1100,700,158.7447450075823,-85,26.035130213615616,26.074956048612798,-85,1350,700,187.02163708073698,9.719332635834132,circular
713,1100,700,158.7447450075823,-85,26.035130213615616,25.946643644493044,-85,1350,700,196.7409697165711,9.719332635834132,circular
714,1100,700,158.7447450075823,-85,25.536951728381826,25.263344594616918,-85,1350,700,206.46030235240522,9.719332635834132,circular
715,1100,700,158.7447450075823,-85,24.332711411139446,23.769789312347285,-85,1350,700,216.17963498823934,9.719332635834132,circular
716,1100,700,158.7447450075823,-85,21.81335663023087,20.48098321025059,-85,1350,700,225.89896762407346,9.719332635834132,circular
717,1100,700,158.7447450075823,-85,14.513447644213265,-85,-85,1350,700,235.61830025990758,9.719332635834132,circular
718,1100,700,158.7447450075823,-85,-85,-85,-85,1350,700,245.3376328957417,9.719332635834132,circular
719,1100,700,158.7447450075823,-85,-85,-85,-85,1350,700,255.05696553157583,9.719332635834132,circular
720,1100,700,158.7447450075823,-85,-85,-85,-85,1350,700,264.77629816740995,9.719332635834132,circular
721,1100,700,158.7447450075823,-85,-85,-85,-85,1350,700,274.49563080324407,9.719332635834132,circular
722,1100,700,158.7447450075823,-85,-85,-85,-85,1350,700,284.2149634390782,9.719332635834132,circular
723,1100,700,158.7447450075823,-85,-85,-85,-85,1350,700,293.9342960749123,9.719332635834132,circular
724,1100,700,158.7447450075823,-85,-85,-85,-85,1350,700,303.65362871074643,9.719332635834132,circular
725,1100,700,158.7447450075823,-85,-85,-85,-85,1350,700,313.37296134658055,9.719332635834132,circular
726,1100,700,158.7447450075823,-85,-85,-85,-85,1350,700,323.0922939824147,9.719332635834132,circular
727,1100,700,158.7447450075823,-85,-85,-85,-85,1350,700,332.8116266182488,9.719332635834132,circular
728,1100,700,158.7447450075823,-85,-85,-85,-85,1350,700,342.5309592540829,9.719332635834132,circular
729,1100,700,158.7447450075823,-85,-85,-85,-85,1350,700,352.25029188991704,9.719332635834132,circular
730,1100,700,158.7447450075823,-85,-85,-85,-85,1350,700,1.9696245257511578,9.719332635834132,circular
731,1100,700,158.7447450075823,-85,-85,-85,-85,1350,700,11.68895716158529,9.719332635834132,circular
732,1100,700,158.7447450075823,-85,-85,-85,-85,1350,700,21.40828979741942,9.719332635834132,circular
733,1100,700,158.7447450075823,-85,-85,-85,-85,1350,700,31.127622433253553,9.719332635834132,circular
734,1100,700,158.7447450075823,-85,-85,-85,-85,1350,700,40.846955069087684,9.719332635834132,circular
735,1100,700,158.7447450075823,-85,-85,-85,-85,1350,700,50.56628770492182,9.719332635834132,circular
736,1100,700,158.7447450075823,-85,-85,-85,-85,1350,700,60.285620340755955,9.719332635834132,circular
737,1100,700,158.7447450075823,-85,-85,-85,-85,1350,700,70.00495297659009,9.719332635834132,circular
738,1100,700,158.7447450075823,-85,-85,-85,-85,1350,700,79.72428561242423,9.719332635834132,circular
739,1100,700,158.7447450075823,-85,-85,-85,-85,1350,700,89.44361824825836,9.719332635834132,circular
740,1100,700,158.7447450075823,-85,-85,-85,-85,1350,700,99.1629508840925,9.719332635834132,circular
741,1100,700,158.7447450075823,-85,-85,-85,-85,1350,700,108.88228351992663,9.719332635834132,circular
742,1100,700,158.7447450075823,-85,-85,-85,-85,1350,700,118.60161615576077,9.719332635834132,circular
743,1100,700,158.7447450075823,-85,-85,-85,-85,1350,700,128.3209487915949,9.719332635834132,circular
744,1100,700,158.7447450075823,-85,-85,-85,-85,1350,700,138.04028142742902,9.719332635834132,circular
745,1100,700,158.7447450075823,-85,11.505794098357505,17.513155499392102,-85,1350,700,147.75961406326314,9.719332635834132,circular
746,1100,700,158.7447450075823,-85,21.813356630230874,22.793695368992218,-85,1350,700,157.47894669909726,9.719332635834132,circular
747,1100,700,158.7447450075823,-85,24.33271141113945,24.78833704083229,-85,1350,700,167.19827933493139,9.719332635834132,circular
748,1100,700,158.7447450075823,-85,25.536951728381826,25.7492610641292,-85,1350,700,176.9176119707655,9.719332635834132,circular
749,1100,700,158.7447450075823,-85,26.011117049096303,26.067010357935978,-85,1350,700,186.63694460659963,9.719332635834132,circular
750,1100,700,158.7447450075823,-85,26.035130213615616,25.946643644493044,-85,1350,700,196.35627724243375,9.719332635834132,circular
751,1100,700,158.7447450075823,-85,25.536951728381826,25.263344594616918,-85,1350,700,206.07560987826787,9.719332635834132,circular
752,1100,700,158.7447450075823,-85,24.495315191602927,23.769789312347285,-85,1350,700,215.794942514102,9.719332635834132,circular
753,1100,700,158.7447450075823,-85,22.170735458799452,20.97742610025735,-85,1350,700,225.5142751499361,9.719332635834132,circular
754,1100,700,158.7447450075823,-85,14.513447644213265,-85,-85,1350,700,235.23360778577023,9.719332635834132,circular
755,1100,700,158.7447450075823,-85,-85,-85,-85,1350,700,244.95294042160435,9.719332635834132,circular
756,1100,700,158.7447450075823,-85,-85,-85,-85,1350,700,254.67227305743847,9.719332635834132,circular
757,1100,700,158.7447450075823,-85,-85,-85,-85,1350,700,264.3916056932726,9.719332635834132,circular
758,1100,700,158.7447450075823,-85,-85,-85,-85,1350,700,274.1109383291067,9.719332635834132,circular
759,1100,700,158.7447450075823,-85,-85,-85,-85,1350,700,283.83027096494084,9.719332635834132,circular
760,1100,700,158.7447450075823,-85,-85,-85,-85,1350,700,293.54960360077496,9.719332635834132,circular
761,1100,700,158.7447450075823,-85,-85,-85,-85,1350,700,303.2689362366091,9.719332635834132,circular
762,1100,700,158.7447450075823,-85,-85,-85,-85,1350,700,312.9882688724432,9.719332635834132,circular
763,1100,700,158.7447450075823,-85,-85,-85,-85,1350,700,322.7076015082773,9.719332635834132,circular
764,1100,700,158.7447450075823,-85,-85,-85,-85,1350,700,332.42693414411144,9.719332635834132,circular
765,1100,700,158.7447450075823,-85,-85,-85,-85,1350,700,342.14626677994556,9.719332635834132,circular
766,1100,700,158.7447450075823,-85,-85,-85,-85,1350,700,351.8655994157797,9.719332635834132,circular
767,1100,700,158.7447450075823,-85,-85,-85,-85,1350,700,1.584932051613805,9.719332635834132,circular
768,1100,700,158.7447450075823,-85,-85,-85,-85,1350,700,11.304264687447937,9.719332635834132,circular
769,1100,700,158.7447450075823,-85,-85,-85,-85,1350,700,21.02359732328207,9.719332635834132,circular
770,1100,700,158.7447450075823,-85,-85,-85,-85,1350,700,30.7429299591162,9.719332635834132,circular
771,1100,700,158.7447450075823,-85,-85,-85,-85,1350,700,40.46226259495033,9.719332635834132,circular
772,1100,700,158.7447450075823,-85,-85,-85,-85,1350,700,50.18159523078447,9.719332635834132,circular
773,1100,700,158.7447450075823,-85,-85,-85,-85,1350,700,59.9009278666186,9.719332635834132,circular
774,1100,700,158.7447450075823,-85,-85,-85,-85,1350,700,69.62026050245274,9.719332635834132,circular
775,1100,700,158.7447450075823,-85,-85,-85,-85,1350,700,79.33959313828687,9.719332635834132,circular
776,1100,700,158.7447450075823,-85,-85,-85,-85,1350,700,89.05892577412101,9.719332635834132,circular
777,1100,700,158.7447450075823,-85,-85,-85,-85,1350,700,98.77825840995514,9.719332635834132,circular
778,1100,700,158.7447450075823,-85,-85,-85,-85,1350,700,108.49759104578928,9.719332635834132,circular
779,1100,700,158.7447450075823,-85,-85,-85,-85,1350,700,118.21692368162341,9.719332635834132,circular
780,1100,700,158.7447450075823,-85,-85,-85,-85,1350,700,127.93625631745755,9.719332635834132,circular
781,1100,700,158.7447450075823,-85,-85,-85,-85,1350,700,137.65558895329167,9.719332635834132,circular
782,1100,700,158.7447450075823,-85,11.505794098357505,17.513155499392102,-85,1350,700,147.3749215891258,9.719332635834132,circular
783,1100,700,158.7447450075823,-85,21.813356630230874,22.793695368992218,-85,1350,700,157.0942542249599,9.719332635834132,circular
784,1100,700,158.7447450075823,-85,24.1582774269213,24.78833704083229,-85,1350,700,166.81358686079403,9.719332635834132,circular
785,1100,700,158.7447450075823,-85,25.452908776355446,25.684904084789974,-85,1350,700,176.53291949662815,9.719332635834132,circular
786,1100,700,158.7447450075823,-85,26.011117049096303,26.067010357935978,-85,1350,700,186.25225213246227,9.719332635834132,circular
787,1100,700,158.7447450075823,-85,26.035130213615616,25.946643644493044,-85,1350,700,195.9715847682964,9.719332635834132,circular
788,1100,700,158.7447450075823,-85,25.614204328866276,25.361807294499556,-85,1350,700,205.69091740413052,9.719332635834132,circular
789,1100,700,158.7447450075823,-85,24.495315191602927,23.97102224645776,-85,1350,700,215.41025003996464,9.719332635834132,circular
790,1100,700,158.7447450075823,-85,22.170735458799452,20.97742610025735,-85,1350,700,225.12958267579876,9.719332635834132,circular
791,1100,700,158.7447450075823,-85,16.269948115724716,-85,-85,1350,700,234.84891531163288,9.719332635834132,circular
792,1100,700,158.7447450075823,-85,-85,-85,-85,1350,700,244.568247947467,9.719332635834132,circular
793,1100,700,158.7447450075823,-85,-85,-85,-85,1350,700,254.28758058330112,9.719332635834132,circular
794,1100,700,158.7447450075823,-85,-85,-85,-85,1350,700,264.00691321913524,9.719332635834132,circular
795,1100,700,158.7447450075823,-85,-85,-85,-85,1350,700,273.72624585496936,9.719332635834132,circular
796,1100,700,158.7447450075823,-85,-85,-85,-85,1350,700,283.4455784908035,9.719332635834132,circular
797,1100,700,158.7447450075823,-85,-85,-85,-85,1350,700,293.1649111266376,9.719332635834132,circular
798,1100,700,158.7447450075823,-85,-85,-85,-85,1350,700,302.8842437624717,9.719332635834132,circular
799,1100,700,158.7447450075823,-85,-85,-85,-85,1350,700,312.60357639830585,9.719332635834132,circular
800,1100,700,158.7447450075823,-85,-85,-85,-85,1350,700,322.32290903413997,9.719332635834132,circular
801,1100,700,158.7447450075823,-85,-85,-85,-85,1350,700,332.0422416699741,9.719332635834132,circular
802,1100,700,158.7447450075823,-85,-85,-85,-85,1350,700,341.7615743058082,9.719332635834132,circular
803,1100,700,158.7447450075823,-85,-85,-85,-85,1350,700,351.48090694164233,9.719332635834132,circular
804,1100,700,158.7447450075823,-85,-85,-85,-85,1350,700,1.2002395774764523,9.719332635834132,circular
805,1100,700,158.7447450075823,-85,-85,-85,-85,1350,700,10.919572213310584,9.719332635834132,circular
806,1100,700,158.7447450075823,-85,-85,-85,-85,1350,700,20.638904849144716,9.719332635834132,circular
807,1100,700,158.7447450075823,-85,-85,-85,-85,1350,700,30.358237484978847,9.719332635834132,circular
808,1100,700,158.7447450075823,-85,-85,-85,-85,1350,700,40.07757012081298,9.719332635834132,circular
809,1100,700,158.7447450075823,-85,-85,-85,-85,1350,700,49.796902756647114,9.719332635834132,circular
810,1100,700,158.7447450075823,-85,-85,-85,-85,1350,700,59.51623539248125,9.719332635834132,circular
811,1100,700,158.7447450075823,-85,-85,-85,-85,1350,700,69.23556802831538,9.719332635834132,circular
812,1100,700,158.7447450075823,-85,-85,-85,-85,1350,700,78.95490066414952,9.719332635834132,circular
813,1100,700,158.7447450075823,-85,-85,-85,-85,1350,700,88.67423329998365,9.719332635834132,circular
814,1100,700,158.7447450075823,-85,-85,-85,-85,1350,700,98.39356593581779,9.719332635834132,circular
815,1100,700,158.7447450075823,-85,-85,-85,-85,1350,700,108.11289857165193,9.719332635834132,circular
816,1100,700,158.7447450075823,-85,-85,-85,-85,1350,700,117.83223120748606,9.719332635834132,circular
817,1100,700,158.7447450075823,-85,-85,-85,-85,1350,700,127.5515638433202,9.719332635834132,circular
818,1100,700,158.7447450075823,-85,-85,-85,-85,1350,700,137.27089647915432,9.719332635834132,circular
819,1100,700,158.7447450075823,-85,11.505794098357505,17.513155499392102,-85,1350,700,146.99022911498844,9.719332635834132,circular
820,1100,700,158.7447450075823,-85,21.41811930585211,22.496022074683278,-85,1350,700,156.70956175082256,9.719332635834132,circular
821,1100,700,158.7447450075823,-85,24.1582774269213,24.646943359767004,-85,1350,700,166.42889438665668,9.719332635834132,circular
822,1100,700,158.7447450075823,-85,25.452908776355446,25.684904084789974,-85,1350,700,176.1482270224908,9.719332635834132,circular
823,1100,700,158.7447450075823,-85,26.011117049096303,26.067010357935978,-85,1350,700,185.86755965832492,9.719332635834132,circular
824,1100,700,158.7447450075823,-85,26.053745949214605,25.9816463993744,-85,1350,700,195.58689229415904,9.719332635834132,circular
825,1100,700,158.7447450075823,-85,25.614204328866276,25.361807294499556,-85,1350,700,205.30622492999316,9.719332635834132,circular
826,1100,700,158.7447450075823,-85,24.495315191602927,23.97102224645776,-85,1350,700,215.02555756582728,9.719332635834132,circular
827,1100,700,158.7447450075823,-85,22.496022074683278,21.418119305852123,-85,1350,700,224.7448902016614,9.719332635834132,circular
828,1100,700,158.7447450075823,-85,16.269948115724716,-85,-85,1350,700,234.46422283749553,9.719332635834132,circular
829,1100,700,158.7447450075823,-85,-85,-85,-85,1350,700,244.18355547332965,9.719332635834132,circular
830,1100,700,158.7447450075823,-85,-85,-85,-85,1350,700,253.90288810916377,9.719332635834132,circular
831,1100,700,158.7447450075823,-85,-85,-85,-85,1350,700,263.6222207449979,9.719332635834132,circular
832,1100,700,158.7447450075823,-85,-85,-85,-85,1350,700,273.341553380832,9.719332635834132,circular
833,1100,700,158.7447450075823,-85,-85,-85,-85,1350,700,283.06088601666613,9.719332635834132,circular
834,1100,700,158.7447450075823,-85,-85,-85,-85,1350,700,292.78021865250025,9.719332635834132,circular
835,1100,700,158.7447450075823,-85,-85,-85,-85,1350,700,302.4995512883344,9.719332635834132,circular
836,1100,700,158.7447450075823,-85,-85,-85,-85,1350,700,312.2188839241685,9.719332635834132,circular
837,1100,700,158.7447450075823,-85,-85,-85,-85,1350,700,321.9382165600026,9.719332635834132,circular
838,1100,700,158.7447450075823,-85,-85,-85,-85,1350,700,331.65754919583674,9.719332635834132,circular
839,1100,700,158.7447450075823,-85,-85,-85,-85,1350,700,341.37688183167086,9.719332635834132,circular
840,1100,700,158.7447450075823,-85,-85,-85,-85,1350,700,351.096214467505,9.719332635834132,circular
841,1100,700,158.7447450075823,-85,-85,-85,-85,1350,700,0.8155471033390995,9.719332635834132,circular
842,1100,700,158.7447450075823,-85,-85,-85,-85,1350,700,10.534879739173231,9.719332635834132,circular
843,1100,700,158.7447450075823,-85,-85,-85,-85,1350,700,20.254212375007363,9.719332635834132,circular
844,1100,700,158.7447450075823,-85,-85,-85,-85,1350,700,29.973545010841494,9.719332635834132,circular
845,1100,700,158.7447450075823,-85,-85,-85,-85,1350,700,39.692877646675626,9.719332635834132,circular
846,1100,700,158.7447450075823,-85,-85,-85,-85,1350,700,49.41221028250976,9.719332635834132,circular
847,1100,700,158.7447450075823,-85,-85,-85,-85,1350,700,59.1315429183439,9.719332635834132,circular
848,1100,700,158.7447450075823,-85,-85,-85,-85,1350,700,68.85087555417803,9.719332635834132,circular
849,1100,700,158.7447450075823,-85,-85,-85,-85,1350,700,78.57020819001217,9.719332635834132,circular
850,1100,700,158.7447450075823,-85,-85,-85,-85,1350,700,88.2895408258463,9.719332635834132,circular
851,1100,700,158.7447450075823,-85,-85,-85,-85,1350,700,98.00887346168044,9.719332635834132,circular
852,1100,700,158.7447450075823,-85,-85,-85,-85,1350,700,107.72820609751457,9.719332635834132,circular
853,1100,700,158.7447450075823,-85,-85,-85,-85,1350,700,117.44753873334871,9.719332635834132,circular
854,1100,700,158.7447450075823,-85,-85,-85,-85,1350,700,127.16687136918284,9.719332635834132,circular
855,1100,700,158.7447450075823,-85,-85,-85,-85,1350,700,136.88620400501696,9.719332635834132,circular
856,1100,700,158.7447450075823,-85,-85,16.269948115724727,-85,1350,700,146.60553664085108,9.719332635834132,circular
857,1100,700,158.7447450075823,-85,21.41811930585211,22.496022074683278,-85,1350,700,156.3248692766852,9.719332635834132,circular
858,1100,700,158.7447450075823,-85,24.1582774269213,24.646943359767004,-85,1350,700,166.04420191251933,9.719332635834132,circular
859,1100,700,158.7447450075823,-85,25.36180729449956,25.684904084789974,-85,1350,700,175.76353454835345,9.719332635834132,circular
860,1100,700,158.7447450075823,-85,25.9816463993744,26.053745949214605,-85,1350,700,185.48286718418757,9.719332635834132,circular
861,1100,700,158.7447450075823,-85,26.053745949214605,25.9816463993744,-85,1350,700,195.2021998200217,9.719332635834132,circular
862,1100,700,158.7447450075823,-85,25.614204328866276,25.361807294499556,-85,1350,700,204.9215324558558,9.719332635834132,circular
863,1100,700,158.7447450075823,-85,24.646943359767004,24.1582774269213,-85,1350,700,214.64086509168993,9.719332635834132,circular
864,1100,700,158.7447450075823,-85,22.496022074683278,21.418119305852123,-85,1350,700,224.36019772752405,9.719332635834132,circular
865,1100,700,158.7447450075823,-85,16.269948115724716,-85,-85,1350,700,234.07953036335817,9.719332635834132,circular
866,1100,700,158.7447450075823,-85,-85,-85,-85,1350,700,243.7988629991923,9.719332635834132,circular
867,1100,700,158.7447450075823,-85,-85,-85,-85,1350,700,253.51819563502642,9.719332635834132,circular
868,1100,700,158.7447450075823,-85,-85,-85,-85,1350,700,263.23752827086054,9.719332635834132,circular
869,1100,700,158.7447450075823,-85,-85,-85,-85,1350,700,272.95686090669466,9.719332635834132,circular
870,1100,700,158.7447450075823,-85,-85,-85,-85,1350,700,282.6761935425288,9.719332635834132,circular
871,1100,700,158.7447450075823,-85,-85,-85,-85,1350,700,292.3955261783629,9.719332635834132,circular
872,1100,700,158.7447450075823,-85,-85,-85,-85,1350,700,302.114858814197,9.719332635834132,circular
873,1100,700,158.7447450075823,-85,-85,-85,-85,1350,700,311.83419145003114,9.719332635834132,circular
874,1100,700,158.7447450075823,-85,-85,-85,-85,1350,700,321.55352408586526,9.719332635834132,circular
875,1100,700,158.7447450075823,-85,-85,-85,-85,1350,700,331.2728567216994,9.719332635834132,circular
876,1100,700,158.7447450075823,-85,-85,-85,-85,1350,700,340.9921893575335,9.719332635834132,circular
877,1100,700,158.7447450075823,-85,-85,-85,-85,1350,700,350.7115219933676,9.719332635834132,circular
878,1100,700,158.7447450075823,-85,-85,-85,-85,1350,700,0.4308546292017468,9.719332635834132,circular
879,1100,700,158.7447450075823,-85,-85,-85,-85,1350,700,10.150187265035878,9.719332635834132,circular
880,1100,700,158.7447450075823,-85,-85,-85,-85,1350,700,19.86951990087001,9.719332635834132,circular
881,1100,700,158.7447450075823,-85,-85,-85,-85,1350,700,29.58885253670414,9.719332635834132,circular
882,1100,700,158.7447450075823,-85,-85,-85,-85,1350,700,39.30818517253827,9.719332635834132,circular
883,1100,700,158.7447450075823,-85,-85,-85,-85,1350,700,49.02751780837241,9.719332635834132,circular
884,1100,700,158.7447450075823,-85,-85,-85,-85,1350,700,58.746850444206544,9.719332635834132,circular
885,1100,700,158.7447450075823,-85,-85,-85,-85,1350,700,68.46618308004068,9.719332635834132,circular
886,1100,700,158.7447450075823,-85,-85,-85,-85,1350,700,78.18551571587481,9.719332635834132,circular
887,1100,700,158.7447450075823,-85,-85,-85,-85,1350,700,87.90484835170895,9.719332635834132,circular
888,1100,700,158.7447450075823,-85,-85,-85,-85,1350,700,97.62418098754308,9.719332635834132,circular
889,1100,700,158.7447450075823,-85,-85,-85,-85,1350,700,107.34351362337722,9.719332635834132,circular
890,1100,700,158.7447450075823,-85,-85,-85,-85,1350,700,117.06284625921136,9.719332635834132,circular
891,1100,700,158.7447450075823,-85,-85,-85,-85,1350,700,126.78217889504549,9.719332635834132,circular
892,1100,700,158.7447450075823,-85,-85,-85,-85,1350,700,136.5015115308796,9.719332635834132,circular
893,1100,700,158.7447450075823,-85,-85,16.269948115724727,-85,1350,700,146.22084416671373,9.719332635834132,circular
894,1100,700,158.7447450075823,-85,21.41811930585211,22.496022074683278,-85,1350,700,155.94017680254785,9.719332635834132,circular
895,1100,700,158.7447450075823,-85,23.971022246457757,24.495315191602927,-85,1350,700,165.65950943838197,9.719332635834132,circular
896,1100,700,158.7447450075823,-85,25.36180729449956,25.614204328866276,-85,1350,700,175.3788420742161,9.719332635834132,circular
897,1100,700,158.7447450075823,-85,25.9816463993744,26.053745949214605,-85,1350,700,185.09817471005022,9.719332635834132,circular
898,1100,700,158.7447450075823,-85,26.067010357935978,25.9816463993744,-85,1350,700,194.81750734588434,9.719332635834132,circular
899,1100,700,158.7447450075823,-85,25.684904084789977,25.452908776355446,-85,1350,700,204.53683998171846,9.719332635834132,circular
900,1100,700,158.7447450075823,-85,24.646943359767004,24.1582774269213,-85,1350,700,214.25617261755258,9.719332635834132,circular
901,1100,700,158.7447450075823,-85,22.496022074683278,21.418119305852123,-85,1350,700,223.9755052533867,9.719332635834132,circular
902,1100,700,158.7447450075823,-85,17.51315549939211,11.50579409835762,-85,1350,700,233.69483788922082,9.719332635834132,circular
903,1100,700,158.7447450075823,-85,-85,-85,-85,1350,700,243.41417052505494,9.719332635834132,circular
904,1100,700,158.7447450075823,-85,-85,-85,-85,1350,700,253.13350316088906,9.719332635834132,circular
905,1100,700,158.7447450075823,-85,-85,-85,-85,1350,700,262.8528357967232,9.719332635834132,circular
906,1100,700,158.7447450075823,-85,-85,-85,-85,1350,700,272.5721684325573,9.719332635834132,circular
907,1100,700,158.7447450075823,-85,-85,-85,-85,1350,700,282.2915010683914,9.719332635834132,circular
908,1100,700,158.7447450075823,-85,-85,-85,-85,1350,700,292.01083370422555,9.719332635834132,circular
909,1100,700,158.7447450075823,-85,-85,-85,-85,1350,700,301.73016634005967,9.719332635834132,circular
910,1100,700,158.7447450075823,-85,-85,-85,-85,1350,700,311.4494989758938,9.719332635834132,circular
911,1100,700,158.7447450075823,-85,-85,-85,-85,1350,700,321.1688316117279,9.719332635834132,circular
912,1100,700,158.7447450075823,-85,-85,-85,-85,1350,700,330.88816424756203,9.719332635834132,circular
913,1100,700,158.7447450075823,-85,-85,-85,-85,1350,700,340.60749688339615,9.719332635834132,circular
914,1100,700,158.7447450075823,-85,-85,-85,-85,1350,700,350.3268295192303,9.719332635834132,circular
915,1100,700,158.7447450075823,-85,-85,-85,-85,1350,700,0.04616215506439403,9.719332635834132,circular
916,1100,700,158.7447450075823,-85,-85,-85,-85,1350,700,9.765494790898526,9.719332635834132,circular
917,1100,700,158.7447450075823,-85,-85,-85,-85,1350,700,19.484827426732657,9.719332635834132,circular
918,1100,700,158.7447450075823,-85,-85,-85,-85,1350,700,29.20416006256679,9.719332635834132,circular
919,1100,700,158.7447450075823,-85,-85,-85,-85,1350,700,38.92349269840092,9.719332635834132,circular
920,1100,700,158.7447450075823,-85,-85,-85,-85,1350,700,48.642825334235056,9.719332635834132,circular
921,1100,700,158.7447450075823,-85,-85,-85,-85,1350,700,58.36215797006919,9.719332635834132,circular
922,1100,700,158.7447450075823,-85,-85,-85,-85,1350,700,68.08149060590333,9.719332635834132,circular
923,1100,700,158.7447450075823,-85,-85,-85,-85,1350,700,77.80082324173746,9.719332635834132,circular
924,1100,700,158.7447450075823,-85,-85,-85,-85,1350,700,87.5201558775716,9.719332635834132,circular
925,1100,700,158.7447450075823,-85,-85,-85,-85,1350,700,97.23948851340573,9.719332635834132,circular
926,1100,700,158.7447450075823,-85,-85,-85,-85,1350,700,106.95882114923987,9.719332635834132,circular
927,1100,700,158.7447450075823,-85,-85,-85,-85,1350,700,116.678153785074,9.719332635834132,circular
928,1100,700,158.7447450075823,-85,-85,-85,-85,1350,700,126.39748642090814,9.719332635834132,circular
929,1100,700,158.7447450075823,-85,-85,-85,-85,1350,700,136.11681905674226,9.719332635834132,circular
930,1100,700,158.7447450075823,-85,-85,16.269948115724727,-85,1350,700,145.83615169257638,9.719332635834132,circular
931,1100,700,158.7447450075823,-85,20.97742610025734,22.170735458799452,-85,1350,700,155.5554843284105,9.719332635834132,circular
932,1100,700,158.7447450075823,-85,23.971022246457757,24.495315191602927,-85,1350,700,165.27481696424462,9.719332635834132,circular
933,1100,700,158.7447450075823,-85,25.36180729449956,25.614204328866276,-85,1350,700,174.99414960007874,9.719332635834132,circular
934,1100,700,158.7447450075823,-85,25.946643644493044,26.035130213615616,-85,1350,700,184.71348223591286,9.719332635834132,circular
935,1100,700,158.7447450075823,-85,26.067010357935978,26.011117049096303,-85,1350,700,194.43281487174698,9.719332635834132,circular
936,1100,700,158.7447450075823,-85,25.684904084789977,25.452908776355446,-85,1350,700,204.1521475075811,9.719332635834132,circular
937,1100,700,158.7447450075823,-85,24.646943359767004,24.1582774269213,-85,1350,700,213.87148014341523,9.719332635834132,circular
938,1100,700,158.7447450075823,-85,22.793695368992225,21.81335663023087,-85,1350,700,223.59081277924935,9.719332635834132,circular
939,1100,700,158.7447450075823,-85,17.51315549939211,11.50579409835762,-85,1350,700,233.31014541508347,9.719332635834132,circular
940,1100,700,158.7447450075823,-85,-85,-85,-85,1350,700,243.0294780509176,9.719332635834132,circular
941,1100,700,158.7447450075823,-85,-85,-85,-85,1350,700,252.7488106867517,9.719332635834132,circular
942,1100,700,158.7447450075823,-85,-85,-85,-85,1350,700,262.46814332258583,9.719332635834132,circular
943,1100,700,158.7447450075823,-85,-85,-85,-85,1350,700,272.18747595841995,9.719332635834132,circular
944,1100,700,158.7447450075823,-85,-85,-85,-85,1350,700,281.9068085942541,9.719332635834132,circular
945,1100,700,158.7447450075823,-85,-85,-85,-85,1350,700,291.6261412300882,9.719332635834132,circular
946,1100,700,158.7447450075823,-85,-85,-85,-85,1350,700,301.3454738659223,9.719332635834132,circular
947,1100,700,158.7447450075823,-85,-85,-85,-85,1350,700,311.06480650175644,9.719332635834132,circular
948,1100,700,158.7447450075823,-85,-85,-85,-85,1350,700,320.78413913759056,9.719332635834132,circular
949,1100,700,158.7447450075823,-85,-85,-85,-85,1350,700,330.5034717734247,9.719332635834132,circular
950,1100,700,158.7447450075823,-85,-85,-85,-85,1350,700,340.2228044092588,9.719332635834132,circular
951,1100,700,158.7447450075823,-85,-85,-85,-85,1350,700,349.9421370450929,9.719332635834132,circular
952,1100,700,158.7447450075823,-85,-85,-85,-85,1350,700,359.66146968092704,9.719332635834132,circular
953,1100,700,158.7447450075823,-85,-85,-85,-85,1350,700,9.380802316761162,9.719332635834132,circular
954,1100,700,158.7447450075823,-85,-85,-85,-85,1350,700,19.100134952595294,9.719332635834132,circular
955,1100,700,158.7447450075823,-85,-85,-85,-85,1350,700,28.819467588429426,9.719332635834132,circular
956,1100,700,158.7447450075823,-85,-85,-85,-85,1350,700,38.538800224263554,9.719332635834132,circular
957,1100,700,158.7447450075823,-85,-85,-85,-85,1350,700,48.25813286009769,9.719332635834132,circular
958,1100,700,158.7447450075823,-85,-85,-85,-85,1350,700,57.977465495931824,9.719332635834132,circular
959,1100,700,158.7447450075823,-85,-85,-85,-85,1350,700,67.69679813176596,9.719332635834132,circular
960,1100,700,158.7447450075823,-85,-85,-85,-85,1350,700,77.4161307676001,9.719332635834132,circular
961,1100,700,158.7447450075823,-85,-85,-85,-85,1350,700,87.13546340343423,9.719332635834132,circular
962,1100,700,158.7447450075823,-85,-85,-85,-85,1350,700,96.85479603926836,9.719332635834132,circular
963,1100,700,158.7447450075823,-85,-85,-85,-85,1350,700,106.5741286751025,9.719332635834132,circular
964,1100,700,158.7447450075823,-85,-85,-85,-85,1350,700,116.29346131093664,9.719332635834132,circular
965,1100,700,158.7447450075823,-85,-85,-85,-85,1350,700,126.01279394677077,9.719332635834132,circular
966,1100,700,158.7447450075823,-85,-85,-85,-85,1350,700,135.7321265826049,9.719332635834132,circular
967,1100,700,158.7447450075823,-85,-85,14.513447644213304,-85,1350,700,145.45145921843903,9.719332635834132,circular
968,1100,700,158.7447450075823,-85,20.97742610025734,22.170735458799452,-85,1350,700,155.17079185427315,9.719332635834132,circular
969,1100,700,158.7447450075823,-85,23.971022246457757,24.495315191602927,-85,1350,700,164.89012449010727,9.719332635834132,circular
970,1100,700,158.7447450075823,-85,25.26334459461691,25.536951728381826,-85,1350,700,174.6094571259414,9.719332635834132,circular
971,1100,700,158.7447450075823,-85,25.946643644493044,26.035130213615616,-85,1350,700,184.3287897617755,9.719332635834132,circular
972,1100,700,158.7447450075823,-85,26.067010357935978,26.011117049096303,-85,1350,700,194.04812239760963,9.719332635834132,circular
973,1100,700,158.7447450075823,-85,25.7492610641292,25.452908776355446,-85,1350,700,203.76745503344375,9.719332635834132,circular
974,1100,700,158.7447450075823,-85,24.788337040832293,24.332711411139446,-85,1350,700,213.48678766927787,9.719332635834132,circular
975,1100,700,158.7447450075823,-85,22.793695368992225,21.81335663023087,-85,1350,700,223.206120305112,9.719332635834132,circular
976,1100,700,158.7447450075823,-85,17.51315549939211,11.50579409835762,-85,1350,700,232.92545294094612,9.719332635834132,circular
977,1100,700,158.7447450075823,-85,-85,-85,-85,1350,700,242.64478557678024,9.719332635834132,circular
978,1100,700,158.7447450075823,-85,-85,-85,-85,1350,700,252.36411821261436,9.719332635834132,circular
979,1100,700,158.7447450075823,-85,-85,-85,-85,1350,700,262.0834508484485,9.719332635834132,circular
980,1100,700,158.7447450075823,-85,-85,-85,-85,1350,700,271.8027834842826,9.719332635834132,circular
981,1100,700,158.7447450075823,-85,-85,-85,-85,1350,700,281.5221161201167,9.719332635834132,circular
982,1100,700,158.7447450075823,-85,-85,-85,-85,1350,700,291.24144875595084,9.719332635834132,circular
983,1100,700,158.7447450075823,-85,-85,-85,-85,1350,700,300.96078139178496,9.719332635834132,circular
984,1100,700,158.7447450075823,-85,-85,-85,-85,1350,700,310.6801140276191,9.719332635834132,circular
985,1100,700,158.7447450075823,-85,-85,-85,-85,1350,700,320.3994466634532,9.719332635834132,circular
986,1100,700,158.7447450075823,-85,-85,-85,-85,1350,700,330.1187792992873,9.719332635834132,circular
987,1100,700,158.7447450075823,-85,-85,-85,-85,1350,700,339.83811193512145,9.719332635834132,circular
988,1100,700,158.7447450075823,-85,-85,-85,-85,1350,700,349.55744457095557,9.719332635834132,circular
989,1100,700,158.7447450075823,-85,-85,-85,-85,1350,700,359.2767772067897,9.719332635834132,circular
990,1100,700,158.7447450075823,-85,-85,-85,-85,1350,700,8.99610984262381,9.719332635834132,circular
991,1100,700,158.7447450075823,-85,-85,-85,-85,1350,700,18.71544247845794,9.719332635834132,circular
992,1100,700,158.7447450075823,-85,-85,-85,-85,1350,700,28.434775114292073,9.719332635834132,circular
993,1100,700,158.7447450075823,-85,-85,-85,-85,1350,700,38.1541077501262,9.719332635834132,circular
994,1100,700,158.7447450075823,-85,-85,-85,-85,1350,700,47.873440385960336,9.719332635834132,circular
995,1100,700,158.7447450075823,-85,-85,-85,-85,1350,700,57.59277302179447,9.719332635834132,circular
996,1100,700,158.7447450075823,-85,-85,-85,-85,1350,700,67.3121056576286,9.719332635834132,circular
997,1100,700,158.7447450075823,-85,-85,-85,-85,1350,700,77.03143829346274,9.719332635834132,circular
998,1100,700,158.7447450075823,-85,-85,-85,-85,1350,700,86.75077092929688,9.719332635834132,circular
999,1100,700,158.7447450075823,-85,-85,-85,-85,1350,700,96.47010356513101,9.719332635834132,circular
