Tick,Aircraft X,Aircraft Y,Aircraft Heading,A1,A2,A3,A4,Radar X,Radar Y,Radar Azimuth,Radar RPM,Radar Scan Pattern
0,1100,700,352.5896645846576,-85,-85,-85,-85,1350,700,23.84215222120006,6.416015045745962,circular
1,1100,700,352.5896645846576,-85,-85,-85,-85,1350,700,30.25816726694602,6.416015045745962,circular
2,1100,700,352.5896645846576,-85,-85,-85,-85,1350,700,36.67418231269198,6.416015045745962,circular
3,1100,700,352.5896645846576,-85,-85,-85,-85,1350,700,43.09019735843795,6.416015045745962,circular
4,1100,700,352.5896645846576,-85,-85,-85,-85,1350,700,49.50621240418391,6.416015045745962,circular
5,1100,700,352.5896645846576,-85,-85,-85,-85,1350,700,55.92222744992988,6.416015045745962,circular
6,1100,700,352.5896645846576,-85,-85,-85,-85,1350,700,62.33824249567584,6.416015045745962,circular
7,1100,700,352.5896645846576,-85,-85,-85,-85,1350,700,68.75425754142181,6.416015045745962,circular
8,1100,700,352.5896645846576,-85,-85,-85,-85,1350,700,75.17027258716777,6.416015045745962,circular
9,1100,700,352.5896645846576,-85,-85,-85,-85,1350,700,81.58628763291374,6.416015045745962,circular
10,1100,700,352.5896645846576,-85,-85,-85,-85,1350,700,88.0023026786597,6.416015045745962,circular
11,1100,700,352.5896645846576,-85,-85,-85,-85,1350,700,94.41831772440567,6.416015045745962,circular
12,1100,700,352.5896645846576,-85,-85,-85,-85,1350,700,100.83433277015163,6.416015045745962,circular
13,1100,700,352.5896645846576,-85,-85,-85,-85,1350,700,107.2503478158976,6.416015045745962,circular
14,1100,700,352.5896645846576,-85,-85,-85,-85,1350,700,113.66636286164356,6.416015045745962,circular
15,1100,700,352.5896645846576,-85,-85,-85,-85,1350,700,120.08237790738953,6.416015045745962,circular
16,1100,700,352.5896645846576,-85,-85,-85,-85,1350,700,126.4983929531355,6.416015045745962,circular
17,1100,700,352.5896645846576,-85,-85,-85,-85,1350,700,132.91440799888144,6.416015045745962,circular
18,1100,700,352.5896645846576,-85,-85,-85,-85,1350,700,139.3304230446274,6.416015045745962,circular
19,1100,700,352.5896645846576,19.25639156218217,-85,-85,16.269948115724727,1350,700,145.74643809037335,6.416015045745962,circular
20,1100,700,352.5896645846576,22.496022074683278,-85,-85,20.97742610025734,1350,700,152.1624531361193,6.416015045745962,circular
21,1100,700,352.5896645846576,23.971022246457757,-85,-85,23.31969953712386,1350,700,158.57846818186525,6.416015045745962,circular
22,1100,700,352.5896645846576,25.042923900792417,-85,-85,24.495315191602927,1350,700,164.9944832276112,6.416015045745962,circular
23,1100,700,352.5896645846576,25.614204328866276,-85,-85,25.36180729449956,1350,700,171.41049827335715,6.416015045745962,circular
24,1100,700,352.5896645846576,25.946643644493044,-85,-85,25.80746062382631,1350,700,177.8265133191031,6.416015045745962,circular
25,1100,700,352.5896645846576,26.077602459396946,-85,-85,26.035130213615616,1350,700,184.24252836484905,6.416015045745962,circular
26,1100,700,352.5896645846576,26.011117049096303,-85,-85,26.067010357935978,1350,700,190.658543410595,6.416015045745962,circular
27,1100,700,352.5896645846576,25.684904084789977,-85,-85,25.906018829630398,1350,700,197.07455845634095,6.416015045745962,circular
28,1100,700,352.5896645846576,25.157178905256924,-85,-85,25.452908776355446,1350,700,203.4905735020869,6.416015045745962,circular
29,1100,700,352.5896645846576,24.332711411139446,-85,-85,24.788337040832293,1350,700,209.90658854783285,6.416015045745962,circular
30,1100,700,352.5896645846576,22.793695368992225,-85,-85,23.553218972269416,1350,700,216.3226035935788,6.416015045745962,circular
31,1100,700,352.5896645846576,20.48098321025059,-85,-85,21.81335663023087,1350,700,222.73861863932476,6.416015045745962,circular
32,1100,700,352.5896645846576,11.50579409835762,-85,-85,18.474304759512954,1350,700,229.1546336850707,6.416015045745962,circular
33,1100,700,352.5896645846576,-85,-85,-85,-85,1350,700,235.57064873081666,6.416015045745962,circular
34,1100,700,352.5896645846576,-85,-85,-85,-85,1350,700,241.9866637765626,6.416015045745962,circular
35,1100,700,352.5896645846576,-85,-85,-85,-85,1350,700,248.40267882230856,6.416015045745962,circular
36,1100,700,352.5896645846576,-85,-85,-85,-85,1350,700,254.8186938680545,6.416015045745962,circular
37,1100,700,352.5896645846576,-85,-85,-85,-85,1350,700,261.2347089138005,6.416015045745962,circular
38,1100,700,352.5896645846576,-85,-85,-85,-85,1350,700,267.65072395954644,6.416015045745962,circular
39,1100,700,352.5896645846576,-85,-85,-85,-85,1350,700,274.0667390052924,6.416015045745962,circular
40,1100,700,352.5896645846576,-85,-85,-85,-85,1350,700,280.48275405103834,6.416015045745962,circular
41,1100,700,352.5896645846576,-85,-85,-85,-85,1350,700,286.8987690967843,6.416015045745962,circular
42,1100,700,352.5896645846576,-85,-85,-85,-85,1350,700,293.31478414253024,6.416015045745962,circular
43,1100,700,352.5896645846576,-85,-85,-85,-85,1350,700,299.7307991882762,6.416015045745962,circular
44,1100,700,352.5896645846576,-85,-85,-85,-85,1350,700,306.14681423402214,6.416015045745962,circular
45,1100,700,352.5896645846576,-85,-85,-85,-85,1350,700,312.5628292797681,6.416015045745962,circular
46,1100,700,352.5896645846576,-85,-85,-85,-85,1350,700,318.97884432551405,6.416015045745962,circular
47,1100,700,352.5896645846576,-85,-85,-85,-85,1350,700,325.39485937126,6.416015045745962,circular
48,1100,700,352.5896645846576,-85,-85,-85,-85,1350,700,331.81087441700595,6.416015045745962,circular
49,1100,700,352.5896645846576,-85,-85,-85,-85,1350,700,338.2268894627519,6.416015045745962,circular
50,1100,700,352.5896645846576,-85,-85,-85,-85,1350,700,344.64290450849785,6.416015045745962,circular
51,1100,700,352.5896645846576,-85,-85,-85,-85,1350,700,351.0589195542438,6.416015045745962,circular
52,1100,700,352.5896645846576,-85,-85,-85,-85,1350,700,357.47493459998975,6.416015045745962,circular
53,1100,700,352.5896645846576,-85,-85,-85,-85,1350,700,3.8909496457357022,6.416015045745962,circular
54,1100,700,352.5896645846576,-85,-85,-85,-85,1350,700,10.306964691481664,6.416015045745962,circular
55,1100,700,352.5896645846576,-85,-85,-85,-85,1350,700,16.722979737227625,6.416015045745962,circular
56,1100,700,352.5896645846576,-85,-85,-85,-85,1350,700,23.138994782973587,6.416015045745962,circular
57,1100,700,352.5896645846576,-85,-85,-85,-85,1350,700,29.555009828719548,6.416015045745962,circular
58,1100,700,352.5896645846576,-85,-85,-85,-85,1350,700,35.97102487446551,6.416015045745962,circular
59,1100,700,352.5896645846576,-85,-85,-85,-85,1350,700,42.38703992021148,6.416015045745962,circular
60,1100,700,352.5896645846576,-85,-85,-85,-85,1350,700,48.80305496595744,6.416015045745962,circular
61,1100,700,352.5896645846576,-85,-85,-85,-85,1350,700,55.21907001170341,6.416015045745962,circular
62,1100,700,352.5896645846576,-85,-85,-85,-85,1350,700,61.63508505744937,6.416015045745962,circular
63,1100,700,352.5896645846576,-85,-85,-85,-85,1350,700,68.05110010319534,6.416015045745962,circular
64,1100,700,352.5896645846576,-85,-85,-85,-85,1350,700,74.4671151489413,6.416015045745962,circular
65,1100,700,352.5896645846576,-85,-85,-85,-85,1350,700,80.88313019468727,6.416015045745962,circular
66,1100,700,352.5896645846576,-85,-85,-85,-85,1350,700,87.29914524043323,6.416015045745962,circular
67,1100,700,352.5896645846576,-85,-85,-85,-85,1350,700,93.7151602861792,6.416015045745962,circular
68,1100,700,352.5896645846576,-85,-85,-85,-85,1350,700,100.13117533192516,6.416015045745962,circular
69,1100,700,352.5896645846576,-85,-85,-85,-85,1350,700,106.54719037767113,6.416015045745962,circular
70,1100,700,352.5896645846576,-85,-85,-85,-85,1350,700,112.9632054234171,6.416015045745962,circular
71,1100,700,352.5896645846576,-85,-85,-85,-85,1350,700,119.37922046916306,6.416015045745962,circular
72,1100,700,352.5896645846576,-85,-85,-85,-85,1350,700,125.79523551490902,6.416015045745962,circular
73,1100,700,352.5896645846576,-85,-85,-85,-85,1350,700,132.21125056065497,6.416015045745962,circular
74,1100,700,352.5896645846576,-85,-85,-85,-85,1350,700,138.62726560640093,6.416015045745962,circular
75,1100,700,352.5896645846576,19.25639156218217,-85,-85,14.513447644213304,1350,700,145.04328065214688,6.416015045745962,circular
76,1100,700,352.5896645846576,22.170735458799452,-85,-85,20.97742610025734,1350,700,151.45929569789283,6.416015045745962,circular
77,1100,700,352.5896645846576,23.769789312347285,-85,-85,23.06730250275713,1350,700,157.87531074363878,6.416015045745962,circular
78,1100,700,352.5896645846576,24.92014212493214,-85,-85,24.495315191602927,1350,700,164.29132578938473,6.416015045745962,circular
79,1100,700,352.5896645846576,25.536951728381826,-85,-85,25.26334459461691,1350,700,170.70734083513068,6.416015045745962,circular
80,1100,700,352.5896645846576,25.946643644493044,-85,-85,25.7492610641292,1350,700,177.12335588087663,6.416015045745962,circular
81,1100,700,352.5896645846576,26.074956048612798,-85,-85,26.035130213615616,1350,700,183.53937092662258,6.416015045745962,circular
82,1100,700,352.5896645846576,26.035130213615616,-85,-85,26.074956048612798,1350,700,189.95538597236853,6.416015045745962,circular
83,1100,700,352.5896645846576,25.7492610641292,-85,-85,25.906018829630398,1350,700,196.37140101811448,6.416015045745962,circular
84,1100,700,352.5896645846576,25.263344594616918,-85,-85,25.536951728381826,1350,700,202.78741606386043,6.416015045745962,circular
85,1100,700,352.5896645846576,24.332711411139446,-85,-85,24.92014212493214,1350,700,209.20343110960638,6.416015045745962,circular
86,1100,700,352.5896645846576,23.067302502757133,-85,-85,23.769789312347285,1350,700,215.61944615535234,6.416015045745962,circular
87,1100,700,352.5896645846576,20.48098321025059,-85,-85,22.170735458799452,1350,700,222.0354612010983,6.416015045745962,circular
88,1100,700,352.5896645846576,14.513447644213265,-85,-85,18.474304759512954,1350,700,228.45147624684424,6.416015045745962,circular
89,1100,700,352.5896645846576,-85,-85,-85,-85,1350,700,234.8674912925902,6.416015045745962,circular
90,1100,700,352.5896645846576,-85,-85,-85,-85,1350,700,241.28350633833614,6.416015045745962,circular
91,1100,700,352.5896645846576,-85,-85,-85,-85,1350,700,247.6995213840821,6.416015045745962,circular
92,1100,700,352.5896645846576,-85,-85,-85,-85,1350,700,254.11553642982804,6.416015045745962,circular
93,1100,700,352.5896645846576,-85,-85,-85,-85,1350,700,260.531551475574,6.416015045745962,circular
94,1100,700,352.5896645846576,-85,-85,-85,-85,1350,700,266.94756652131997,6.416015045745962,circular
95,1100,700,352.5896645846576,-85,-85,-85,-85,1350,700,273.3635815670659,6.416015045745962,circular
96,1100,700,352.5896645846576,-85,-85,-85,-85,1350,700,279.7795966128119,6.416015045745962,circular
97,1100,700,352.5896645846576,-85,-85,-85,-85,1350,700,286.1956116585578,6.416015045745962,circular
98,1100,700,352.5896645846576,-85,-85,-85,-85,1350,700,292.6116267043038,6.416015045745962,circular
99,1100,700,352.5896645846576,-85,-85,-85,-85,1350,700,299.0276417500497,6.416015045745962,circular
100,1100,700,352.5896645846576,-85,-85,-85,-85,1350,700,305.4436567957957,6.416015045745962,circular
101,1100,700,352.5896645846576,-85,-85,-85,-85,1350,700,311.8596718415416,6.416015045745962,circular
102,1100,700,352.5896645846576,-85,-85,-85,-85,1350,700,318.2756868872876,6.416015045745962,circular
103,1100,700,352.5896645846576,-85,-85,-85,-85,1350,700,324.6917019330335,6.416015045745962,circular
104,1100,700,352.5896645846576,-85,-85,-85,-85,1350,700,331.1077169787795,6.416015045745962,circular
105,1100,700,352.5896645846576,-85,-85,-85,-85,1350,700,337.52373202452543,6.416015045745962,circular
106,1100,700,352.5896645846576,-85,-85,-85,-85,1350,700,343.9397470702714,6.416015045745962,circular
107,1100,700,352.5896645846576,-85,-85,-85,-85,1350,700,350.35576211601733,6.416015045745962,circular
108,1100,700,352.5896645846576,-85,-85,-85,-85,1350,700,356.7717771617633,6.416015045745962,circular
109,1100,700,352.5896645846576,-85,-85,-85,-85,1350,700,3.187792207509233,6.416015045745962,circular
110,1100,700,352.5896645846576,-85,-85,-85,-85,1350,700,9.603807253255194,6.416015045745962,circular
111,1100,700,352.5896645846576,-85,-85,-85,-85,1350,700,16.019822299001156,6.416015045745962,circular
112,1100,700,352.5896645846576,-85,-85,-85,-85,1350,700,22.435837344747117,6.416015045745962,circular
113,1100,700,352.5896645846576,-85,-85,-85,-85,1350,700,28.85185239049308,6.416015045745962,circular
114,1100,700,352.5896645846576,-85,-85,-85,-85,1350,700,35.267867436239044,6.416015045745962,circular
115,1100,700,352.5896645846576,-85,-85,-85,-85,1350,700,41.68388248198501,6.416015045745962,circular
116,1100,700,352.5896645846576,-85,-85,-85,-85,1350,700,48.099897527730974,6.416015045745962,circular
117,1100,700,352.5896645846576,-85,-85,-85,-85,1350,700,54.51591257347694,6.416015045745962,circular
118,1100,700,352.5896645846576,-85,-85,-85,-85,1350,700,60.931927619222904,6.416015045745962,circular
119,1100,700,352.5896645846576,-85,-85,-85,-85,1350,700,67.34794266496887,6.416015045745962,circular
120,1100,700,352.5896645846576,-85,-85,-85,-85,1350,700,73.76395771071483,6.416015045745962,circular
121,1100,700,352.5896645846576,-85,-85,-85,-85,1350,700,80.1799727564608,6.416015045745962,circular
122,1100,700,352.5896645846576,-85,-85,-85,-85,1350,700,86.59598780220676,6.416015045745962,circular
123,1100,700,352.5896645846576,-85,-85,-85,-85,1350,700,93.01200284795273,6.416015045745962,circular
124,1100,700,352.5896645846576,-85,-85,-85,-85,1350,700,99.4280178936987,6.416015045745962,circular
125,1100,700,352.5896645846576,-85,-85,-85,-85,1350,700,105.84403293944466,6.416015045745962,circular
126,1100,700,352.5896645846576,-85,-85,-85,-85,1350,700,112.26004798519062,6.416015045745962,circular
127,1100,700,352.5896645846576,-85,-85,-85,-85,1350,700,118.67606303093659,6.416015045745962,circular
128,1100,700,352.5896645846576,-85,-85,-85,-85,1350,700,125.09207807668255,6.416015045745962,circular
129,1100,700,352.5896645846576,-85,-85,-85,-85,1350,700,131.5080931224285,6.416015045745962,circular
130,1100,700,352.5896645846576,-85,-85,-85,-85,1350,700,137.92410816817446,6.416015045745962,circular
131,1100,700,352.5896645846576,18.47430475951294,-85,-85,14.513447644213304,1350,700,144.3401232139204,6.416015045745962,circular
132,1100,700,352.5896645846576,21.813356630230874,-85,-85,20.48098321025059,1350,700,150.75613825966636,6.416015045745962,circular
133,1100,700,352.5896645846576,23.769789312347285,-85,-85,22.793695368992218,1350,700,157.1721533054123,6.416015045745962,circular
134,1100,700,352.5896645846576,24.78833704083229,-85,-85,24.33271141113945,1350,700,163.58816835115826,6.416015045745962,circular
135,1100,700,352.5896645846576,25.536951728381826,-85,-85,25.157178905256924,1350,700,170.0041833969042,6.416015045745962,circular
136,1100,700,352.5896645846576,25.906018829630398,-85,-85,25.7492610641292,1350,700,176.42019844265016,6.416015045745962,circular
137,1100,700,352.5896645846576,26.067010357935978,-85,-85,26.011117049096303,1350,700,182.8362134883961,6.416015045745962,circular
138,1100,700,352.5896645846576,26.035130213615616,-85,-85,26.077602459396946,1350,700,189.25222853414206,6.416015045745962,circular
139,1100,700,352.5896645846576,25.807460623826316,-85,-85,25.946643644493044,1350,700,195.668243579888,6.416015045745962,circular
140,1100,700,352.5896645846576,25.263344594616918,-85,-85,25.614204328866276,1350,700,202.08425862563396,6.416015045745962,circular
141,1100,700,352.5896645846576,24.495315191602927,-85,-85,24.92014212493214,1350,700,208.50027367137992,6.416015045745962,circular
142,1100,700,352.5896645846576,23.319699537123853,-85,-85,23.97102224645776,1350,700,214.91628871712587,6.416015045745962,circular
143,1100,700,352.5896645846576,20.97742610025735,-85,-85,22.170735458799452,1350,700,221.33230376287182,6.416015045745962,circular
144,1100,700,352.5896645846576,16.269948115724716,-85,-85,19.25639156218219,1350,700,227.74831880861777,6.416015045745962,circular
145,1100,700,352.5896645846576,-85,-85,-85,-85,1350,700,234.16433385436372,6.416015045745962,circular
146,1100,700,352.5896645846576,-85,-85,-85,-85,1350,700,240.58034890010967,6.416015045745962,circular
147,1100,700,352.5896645846576,-85,-85,-85,-85,1350,700,246.99636394585562,6.416015045745962,circular
148,1100,700,352.5896645846576,-85,-85,-85,-85,1350,700,253.41237899160157,6.416015045745962,circular
149,1100,700,352.5896645846576,-85,-85,-85,-85,1350,700,259.82839403734755,6.416015045745962,circular
150,1100,700,352.5896645846576,-85,-85,-85,-85,1350,700,266.2444090830935,6.416015045745962,circular
151,1100,700,352.5896645846576,-85,-85,-85,-85,1350,700,272.66042412883945,6.416015045745962,circular
152,1100,700,352.5896645846576,-85,-85,-85,-85,1350,700,279.0764391745854,6.416015045745962,circular
153,1100,700,352.5896645846576,-85,-85,-85,-85,1350,700,285.49245422033135,6.416015045745962,circular
154,1100,700,352.5896645846576,-85,-85,-85,-85,1350,700,291.9084692660773,6.416015045745962,circular
155,1100,700,352.5896645846576,-85,-85,-85,-85,1350,700,298.32448431182326,6.416015045745962,circular
156,1100,700,352.5896645846576,-85,-85,-85,-85,1350,700,304.7404993575692,6.416015045745962,circular
157,1100,700,352.5896645846576,-85,-85,-85,-85,1350,700,311.15651440331516,6.416015045745962,circular
158,1100,700,352.5896645846576,-85,-85,-85,-85,1350,700,317.5725294490611,6.416015045745962,circular
159,1100,700,352.5896645846576,-85,-85,-85,-85,1350,700,323.98854449480706,6.416015045745962,circular
160,1100,700,352.5896645846576,-85,-85,-85,-85,1350,700,330.404559540553,6.416015045745962,circular
161,1100,700,352.5896645846576,-85,-85,-85,-85,1350,700,336.82057458629896,6.416015045745962,circular
162,1100,700,352.5896645846576,-85,-85,-85,-85,1350,700,343.2365896320449,6.416015045745962,circular
163,1100,700,352.5896645846576,-85,-85,-85,-85,1350,700,349.65260467779086,6.416015045745962,circular
164,1100,700,352.5896645846576,-85,-85,-85,-85,1350,700,356.0686197235368,6.416015045745962,circular
165,1100,700,352.5896645846576,-85,-85,-85,-85,1350,700,2.4846347692827635,6.416015045745962,circular
166,1100,700,352.5896645846576,-85,-85,-85,-85,1350,700,8.900649815028725,6.416015045745962,circular
167,1100,700,352.5896645846576,-85,-85,-85,-85,1350,700,15.316664860774686,6.416015045745962,circular
168,1100,700,352.5896645846576,-85,-85,-85,-85,1350,700,21.732679906520648,6.416015045745962,circular
169,1100,700,352.5896645846576,-85,-85,-85,-85,1350,700,28.14869495226661,6.416015045745962,circular
170,1100,700,352.5896645846576,-85,-85,-85,-85,1350,700,34.564709998012574,6.416015045745962,circular
171,1100,700,352.5896645846576,-85,-85,-85,-85,1350,700,40.98072504375854,6.416015045745962,circular
172,1100,700,352.5896645846576,-85,-85,-85,-85,1350,700,47.396740089504505,6.416015045745962,circular
173,1100,700,352.5896645846576,-85,-85,-85,-85,1350,700,53.81275513525047,6.416015045745962,circular
174,1100,700,352.5896645846576,-85,-85,-85,-85,1350,700,60.228770180996435,6.416015045745962,circular
175,1100,700,352.5896645846576,-85,-85,-85,-85,1350,700,66.6447852267424,6.416015045745962,circular
176,1100,700,352.5896645846576,-85,-85,-85,-85,1350,700,73.06080027248836,6.416015045745962,circular
177,1100,700,352.5896645846576,-85,-85,-85,-85,1350,700,79.47681531823433,6.416015045745962,circular
178,1100,700,352.5896645846576,-85,-85,-85,-85,1350,700,85.8928303639803,6.416015045745962,circular
179,1100,700,352.5896645846576,-85,-85,-85,-85,1350,700,92.30884540972626,6.416015045745962,circular
180,1100,700,352.5896645846576,-85,-85,-85,-85,1350,700,98.72486045547222,6.416015045745962,circular
181,1100,700,352.5896645846576,-85,-85,-85,-85,1350,700,105.14087550121819,6.416015045745962,circular
182,1100,700,352.5896645846576,-85,-85,-85,-85,1350,700,111.55689054696415,6.416015045745962,circular
183,1100,700,352.5896645846576,-85,-85,-85,-85,1350,700,117.97290559271012,6.416015045745962,circular
184,1100,700,352.5896645846576,-85,-85,-85,-85,1350,700,124.38892063845609,6.416015045745962,circular
185,1100,700,352.5896645846576,-85,-85,-85,-85,1350,700,130.80493568420204,6.416015045745962,circular
186,1100,700,352.5896645846576,-85,-85,-85,-85,1350,700,137.220950729948,6.416015045745962,circular
187,1100,700,352.5896645846576,17.513155499392102,-85,-85,11.505794098357505,1350,700,143.63696577569394,6.416015045745962,circular
188,1100,700,352.5896645846576,21.813356630230874,-85,-85,19.91435422725632,1350,700,150.0529808214399,6.416015045745962,circular
189,1100,700,352.5896645846576,23.553218972269416,-85,-85,22.793695368992218,1350,700,156.46899586718584,6.416015045745962,circular
190,1100,700,352.5896645846576,24.646943359767004,-85,-85,24.1582774269213,1350,700,162.8850109129318,6.416015045745962,circular
191,1100,700,352.5896645846576,25.452908776355446,-85,-85,25.157178905256924,1350,700,169.30102595867774,6.416015045745962,circular
192,1100,700,352.5896645846576,25.859665714847075,-85,-85,25.684904084789974,1350,700,175.7170410044237,6.416015045745962,circular
193,1100,700,352.5896645846576,26.067010357935978,-85,-85,25.9816463993744,1350,700,182.13305605016964,6.416015045745962,circular
194,1100,700,352.5896645846576,26.053745949214605,-85,-85,26.077602459396946,1350,700,188.5490710959156,6.416015045745962,circular
195,1100,700,352.5896645846576,25.859665714847075,-85,-85,25.9816463993744,1350,700,194.96508614166154,6.416015045745962,circular
196,1100,700,352.5896645846576,25.361807294499556,-85,-85,25.614204328866276,1350,700,201.3811011874075,6.416015045745962,circular
197,1100,700,352.5896645846576,24.646943359767004,-85,-85,25.042923900792417,1350,700,207.79711623315345,6.416015045745962,circular
198,1100,700,352.5896645846576,23.319699537123853,-85,-85,24.1582774269213,1350,700,214.2131312788994,6.416015045745962,circular
199,1100,700,352.5896645846576,21.418119305852123,-85,-85,22.496022074683278,1350,700,220.62914632464535,6.416015045745962,circular
200,1100,700,352.5896645846576,16.269948115724716,-85,-85,19.914354227256315,1350,700,227.0451613703913,6.416015045745962,circular
201,1100,700,352.5896645846576,-85,-85,-85,-85,1350,700,233.46117641613725,6.416015045745962,circular
202,1100,700,352.5896645846576,-85,-85,-85,-85,1350,700,239.8771914618832,6.416015045745962,circular
203,1100,700,352.5896645846576,-85,-85,-85,-85,1350,700,246.29320650762915,6.416015045745962,circular
204,1100,700,352.5896645846576,-85,-85,-85,-85,1350,700,252.7092215533751,6.416015045745962,circular
205,1100,700,352.5896645846576,-85,-85,-85,-85,1350,700,259.1252365991211,6.416015045745962,circular
206,1100,700,352.5896645846576,-85,-85,-85,-85,1350,700,265.54125164486703,6.416015045745962,circular
207,1100,700,352.5896645846576,-85,-85,-85,-85,1350,700,271.957266690613,6.416015045745962,circular
208,1100,700,352.5896645846576,-85,-85,-85,-85,1350,700,278.37328173635893,6.416015045745962,circular
209,1100,700,352.5896645846576,-85,-85,-85,-85,1350,700,284.7892967821049,6.416015045745962,circular
210,1100,700,352.5896645846576,-85,-85,-85,-85,1350,700,291.20531182785084,6.416015045745962,circular
211,1100,700,352.5896645846576,-85,-85,-85,-85,1350,700,297.6213268735968,6.416015045745962,circular
212,1100,700,352.5896645846576,-85,-85,-85,-85,1350,700,304.03734191934274,6.416015045745962,circular
213,1100,700,352.5896645846576,-85,-85,-85,-85,1350,700,310.4533569650887,6.416015045745962,circular
214,1100,700,352.5896645846576,-85,-85,-85,-85,1350,700,316.86937201083464,6.416015045745962,circular
215,1100,700,352.5896645846576,-85,-85,-85,-85,1350,700,323.2853870565806,6.416015045745962,circular
216,1100,700,352.5896645846576,-85,-85,-85,-85,1350,700,329.70140210232654,6.416015045745962,circular
217,1100,700,352.5896645846576,-85,-85,-85,-85,1350,700,336.1174171480725,6.416015045745962,circular
218,1100,700,352.5896645846576,-85,-85,-85,-85,1350,700,342.53343219381844,6.416015045745962,circular
219,1100,700,352.5896645846576,-85,-85,-85,-85,1350,700,348.9494472395644,6.416015045745962,circular
220,1100,700,352.5896645846576,-85,-85,-85,-85,1350,700,355.36546228531034,6.416015045745962,circular
221,1100,700,352.5896645846576,-85,-85,-85,-85,1350,700,1.7814773310562941,6.416015045745962,circular
222,1100,700,352.5896645846576,-85,-85,-85,-85,1350,700,8.197492376802256,6.416015045745962,circular
223,1100,700,352.5896645846576,-85,-85,-85,-85,1350,700,14.613507422548217,6.416015045745962,circular
224,1100,700,352.5896645846576,-85,-85,-85,-85,1350,700,21.02952246829418,6.416015045745962,circular
225,1100,700,352.5896645846576,-85,-85,-85,-85,1350,700,27.44553751404014,6.416015045745962,circular
226,1100,700,352.5896645846576,-85,-85,-85,-85,1350,700,33.861552559786105,6.416015045745962,circular
227,1100,700,352.5896645846576,-85,-85,-85,-85,1350,700,40.27756760553207,6.416015045745962,circular
228,1100,700,352.5896645846576,-85,-85,-85,-85,1350,700,46.693582651278035,6.416015045745962,circular
229,1100,700,352.5896645846576,-85,-85,-85,-85,1350,700,53.109597697024,6.416015045745962,circular
230,1100,700,352.5896645846576,-85,-85,-85,-85,1350,700,59.525612742769965,6.416015045745962,circular
231,1100,700,352.5896645846576,-85,-85,-85,-85,1350,700,65.94162778851593,6.416015045745962,circular
232,1100,700,352.5896645846576,-85,-85,-85,-85,1350,700,72.3576428342619,6.416015045745962,circular
233,1100,700,352.5896645846576,-85,-85,-85,-85,1350,700,78.77365788000786,6.416015045745962,circular
234,1100,700,352.5896645846576,-85,-85,-85,-85,1350,700,85.18967292575383,6.416015045745962,circular
235,1100,700,352.5896645846576,-85,-85,-85,-85,1350,700,91.60568797149979,6.416015045745962,circular
236,1100,700,352.5896645846576,-85,-85,-85,-85,1350,700,98.02170301724576,6.416015045745962,circular
237,1100,700,352.5896645846576,-85,-85,-85,-85,1350,700,104.43771806299172,6.416015045745962,circular
238,1100,700,352.5896645846576,-85,-85,-85,-85,1350,700,110.85373310873769,6.416015045745962,circular
239,1100,700,352.5896645846576,-85,-85,-85,-85,1350,700,117.26974815448365,6.416015045745962,circular
240,1100,700,352.5896645846576,-85,-85,-85,-85,1350,700,123.68576320022962,6.416015045745962,circular
241,1100,700,352.5896645846576,-85,-85,-85,-85,1350,700,130.10177824597557,6.416015045745962,circular
242,1100,700,352.5896645846576,-85,-85,-85,-85,1350,700,136.51779329172152,6.416015045745962,circular
243,1100,700,352.5896645846576,16.269948115724727,-85,-85,-85,1350,700,142.93380833746747,6.416015045745962,circular
244,1100,700,352.5896645846576,21.41811930585211,-85,-85,19.91435422725632,1350,700,149.34982338321342,6.416015045745962,circular
245,1100,700,352.5896645846576,23.31969953712386,-85,-85,22.496022074683278,1350,700,155.76583842895937,6.416015045745962,circular
246,1100,700,352.5896645846576,24.646943359767004,-85,-85,23.971022246457757,1350,700,162.18185347470532,6.416015045745962,circular
247,1100,700,352.5896645846576,25.36180729449956,-85,-85,25.042923900792417,1350,700,168.59786852045127,6.416015045745962,circular
248,1100,700,352.5896645846576,25.859665714847075,-85,-85,25.614204328866276,1350,700,175.01388356619722,6.416015045745962,circular
249,1100,700,352.5896645846576,26.053745949214605,-85,-85,25.9816463993744,1350,700,181.42989861194317,6.416015045745962,circular
250,1100,700,352.5896645846576,26.067010357935978,-85,-85,26.077602459396946,1350,700,187.84591365768912,6.416015045745962,circular
251,1100,700,352.5896645846576,25.859665714847075,-85,-85,26.011117049096303,1350,700,194.26192870343507,6.416015045745962,circular
252,1100,700,352.5896645846576,25.452908776355446,-85,-85,25.684904084789977,1350,700,200.67794374918103,6.416015045745962,circular
253,1100,700,352.5896645846576,24.646943359767004,-85,-85,25.157178905256924,1350,700,207.09395879492698,6.416015045745962,circular
254,1100,700,352.5896645846576,23.553218972269416,-85,-85,24.1582774269213,1350,700,213.50997384067293,6.416015045745962,circular
255,1100,700,352.5896645846576,21.81335663023087,-85,-85,22.793695368992225,1350,700,219.92598888641888,6.416015045745962,circular
256,1100,700,352.5896645846576,17.51315549939211,-85,-85,19.914354227256315,1350,700,226.34200393216483,6.416015045745962,circular
257,1100,700,352.5896645846576,-85,-85,-85,11.50579409835762,1350,700,232.75801897791078,6.416015045745962,circular
258,1100,700,352.5896645846576,-85,-85,-85,-85,1350,700,239.17403402365673,6.416015045745962,circular
259,1100,700,352.5896645846576,-85,-85,-85,-85,1350,700,245.59004906940268,6.416015045745962,circular
260,1100,700,352.5896645846576,-85,-85,-85,-85,1350,700,252.00606411514863,6.416015045745962,circular
261,1100,700,352.5896645846576,-85,-85,-85,-85,1350,700,258.4220791608946,6.416015045745962,circular
262,1100,700,352.5896645846576,-85,-85,-85,-85,1350,700,264.83809420664056,6.416015045745962,circular
263,1100,700,352.5896645846576,-85,-85,-85,-85,1350,700,271.2541092523865,6.416015045745962,circular
264,1100,700,352.5896645846576,-85,-85,-85,-85,1350,700,277.67012429813246,6.416015045745962,circular
265,1100,700,352.5896645846576,-85,-85,-85,-85,1350,700,284.0861393438784,6.416015045745962,circular
266,1100,700,352.5896645846576,-85,-85,-85,-85,1350,700,290.50215438962437,6.416015045745962,circular
267,1100,700,352.5896645846576,-85,-85,-85,-85,1350,700,296.9181694353703,6.416015045745962,circular
268,1100,700,352.5896645846576,-85,-85,-85,-85,1350,700,303.33418448111627,6.416015045745962,circular
269,1100,700,352.5896645846576,-85,-85,-85,-85,1350,700,309.7501995268622,6.416015045745962,circular
270,1100,700,352.5896645846576,-85,-85,-85,-85,1350,700,316.16621457260817,6.416015045745962,circular
271,1100,700,352.5896645846576,-85,-85,-85,-85,1350,700,322.5822296183541,6.416015045745962,circular
272,1100,700,352.5896645846576,-85,-85,-85,-85,1350,700,328.99824466410007,6.416015045745962,circular
273,1100,700,352.5896645846576,-85,-85,-85,-85,1350,700,335.414259709846,6.416015045745962,circular
274,1100,700,352.5896645846576,-85,-85,-85,-85,1350,700,341.830274755592,6.416015045745962,circular
275,1100,700,352.5896645846576,-85,-85,-85,-85,1350,700,348.2462898013379,6.416015045745962,circular
276,1100,700,352.5896645846576,-85,-85,-85,-85,1350,700,354.6623048470839,6.416015045745962,circular
277,1100,700,352.5896645846576,-85,-85,-85,-85,1350,700,1.0783198928298248,6.416015045745962,circular
278,1100,700,352.5896645846576,-85,-85,-85,-85,1350,700,7.494334938575787,6.416015045745962,circular
279,1100,700,352.5896645846576,-85,-85,-85,-85,1350,700,13.91034998432175,6.416015045745962,circular
280,1100,700,352.5896645846576,-85,-85,-85,-85,1350,700,20.326365030067713,6.416015045745962,circular
281,1100,700,352.5896645846576,-85,-85,-85,-85,1350,700,26.742380075813674,6.416015045745962,circular
282,1100,700,352.5896645846576,-85,-85,-85,-85,1350,700,33.158395121559636,6.416015045745962,circular
283,1100,700,352.5896645846576,-85,-85,-85,-85,1350,700,39.5744101673056,6.416015045745962,circular
284,1100,700,352.5896645846576,-85,-85,-85,-85,1350,700,45.990425213051566,6.416015045745962,circular
285,1100,700,352.5896645846576,-85,-85,-85,-85,1350,700,52.40644025879753,6.416015045745962,circular
286,1100,700,352.5896645846576,-85,-85,-85,-85,1350,700,58.822455304543496,6.416015045745962,circular
287,1100,700,352.5896645846576,-85,-85,-85,-85,1350,700,65.23847035028946,6.416015045745962,circular
288,1100,700,352.5896645846576,-85,-85,-85,-85,1350,700,71.65448539603543,6.416015045745962,circular
289,1100,700,352.5896645846576,-85,-85,-85,-85,1350,700,78.07050044178139,6.416015045745962,circular
290,1100,700,352.5896645846576,-85,-85,-85,-85,1350,700,84.48651548752736,6.416015045745962,circular
291,1100,700,352.5896645846576,-85,-85,-85,-85,1350,700,90.90253053327332,6.416015045745962,circular
292,1100,700,352.5896645846576,-85,-85,-85,-85,1350,700,97.31854557901929,6.416015045745962,circular
293,1100,700,352.5896645846576,-85,-85,-85,-85,1350,700,103.73456062476525,6.416015045745962,circular
294,1100,700,352.5896645846576,-85,-85,-85,-85,1350,700,110.15057567051122,6.416015045745962,circular
295,1100,700,352.5896645846576,-85,-85,-85,-85,1350,700,116.56659071625718,6.416015045745962,circular
296,1100,700,352.5896645846576,-85,-85,-85,-85,1350,700,122.98260576200315,6.416015045745962,circular
297,1100,700,352.5896645846576,-85,-85,-85,-85,1350,700,129.3986208077491,6.416015045745962,circular
298,1100,700,352.5896645846576,-85,-85,-85,-85,1350,700,135.81463585349505,6.416015045745962,circular
299,1100,700,352.5896645846576,16.269948115724727,-85,-85,-85,1350,700,142.230650899241,6.416015045745962,circular
300,1100,700,352.5896645846576,20.97742610025734,-85,-85,19.25639156218217,1350,700,148.64666594498695,6.416015045745962,circular
301,1100,700,352.5896645846576,23.31969953712386,-85,-85,22.170735458799452,1350,700,155.0626809907329,6.416015045745962,circular
302,1100,700,352.5896645846576,24.495315191602927,-85,-85,23.971022246457757,1350,700,161.47869603647885,6.416015045745962,circular
303,1100,700,352.5896645846576,25.26334459461691,-85,-85,24.92014212493214,1350,700,167.8947110822248,6.416015045745962,circular
304,1100,700,352.5896645846576,25.80746062382631,-85,-85,25.614204328866276,1350,700,174.31072612797075,6.416015045745962,circular
305,1100,700,352.5896645846576,26.035130213615616,-85,-85,25.946643644493044,1350,700,180.7267411737167,6.416015045745962,circular
306,1100,700,352.5896645846576,26.067010357935978,-85,-85,26.074956048612798,1350,700,187.14275621946265,6.416015045745962,circular
307,1100,700,352.5896645846576,25.906018829630398,-85,-85,26.011117049096303,1350,700,193.5587712652086,6.416015045745962,circular
308,1100,700,352.5896645846576,25.452908776355446,-85,-85,25.7492610641292,1350,700,199.97478631095456,6.416015045745962,circular
309,1100,700,352.5896645846576,24.788337040832293,-85,-85,25.157178905256924,1350,700,206.3908013567005,6.416015045745962,circular
310,1100,700,352.5896645846576,23.769789312347285,-85,-85,24.332711411139446,1350,700,212.80681640244646,6.416015045745962,circular
311,1100,700,352.5896645846576,21.81335663023087,-85,-85,23.067302502757133,1350,700,219.2228314481924,6.416015045745962,circular
312,1100,700,352.5896645846576,18.474304759512954,-85,-85,20.48098321025059,1350,700,225.63884649393836,6.416015045745962,circular
313,1100,700,352.5896645846576,-85,-85,-85,14.513447644213265,1350,700,232.0548615396843,6.416015045745962,circular
314,1100,700,352.5896645846576,-85,-85,-85,-85,1350,700,238.47087658543026,6.416015045745962,circular
315,1100,700,352.5896645846576,-85,-85,-85,-85,1350,700,244.8868916311762,6.416015045745962,circular
316,1100,700,352.5896645846576,-85,-85,-85,-85,1350,700,251.30290667692216,6.416015045745962,circular
317,1100,700,352.5896645846576,-85,-85,-85,-85,1350,700,257.71892172266814,6.416015045745962,circular
318,1100,700,352.5896645846576,-85,-85,-85,-85,1350,700,264.1349367684141,6.416015045745962,circular
319,1100,700,352.5896645846576,-85,-85,-85,-85,1350,700,270.55095181416004,6.416015045745962,circular
320,1100,700,352.5896645846576,-85,-85,-85,-85,1350,700,276.966966859906,6.416015045745962,circular
321,1100,700,352.5896645846576,-85,-85,-85,-85,1350,700,283.38298190565195,6.416015045745962,circular
322,1100,700,352.5896645846576,-85,-85,-85,-85,1350,700,289.7989969513979,6.416015045745962,circular
323,1100,700,352.5896645846576,-85,-85,-85,-85,1350,700,296.21501199714385,6.416015045745962,circular
324,1100,700,352.5896645846576,-85,-85,-85,-85,1350,700,302.6310270428898,6.416015045745962,circular
325,1100,700,352.5896645846576,-85,-85,-85,-85,1350,700,309.04704208863575,6.416015045745962,circular
326,1100,700,352.5896645846576,-85,-85,-85,-85,1350,700,315.4630571343817,6.416015045745962,circular
327,1100,700,352.5896645846576,-85,-85,-85,-85,1350,700,321.87907218012765,6.416015045745962,circular
328,1100,700,352.5896645846576,-85,-85,-85,-85,1350,700,328.2950872258736,6.416015045745962,circular
329,1100,700,352.5896645846576,-85,-85,-85,-85,1350,700,334.71110227161955,6.416015045745962,circular
330,1100,700,352.5896645846576,-85,-85,-85,-85,1350,700,341.1271173173655,6.416015045745962,circular
331,1100,700,352.5896645846576,-85,-85,-85,-85,1350,700,347.54313236311145,6.416015045745962,circular
332,1100,700,352.5896645846576,-85,-85,-85,-85,1350,700,353.9591474088574,6.416015045745962,circular
333,1100,700,352.5896645846576,-85,-85,-85,-85,1350,700,0.3751624546033554,6.416015045745962,circular
334,1100,700,352.5896645846576,-85,-85,-85,-85,1350,700,6.791177500349318,6.416015045745962,circular
335,1100,700,352.5896645846576,-85,-85,-85,-85,1350,700,13.20719254609528,6.416015045745962,circular
336,1100,700,352.5896645846576,-85,-85,-85,-85,1350,700,19.623207591841243,6.416015045745962,circular
337,1100,700,352.5896645846576,-85,-85,-85,-85,1350,700,26.039222637587205,6.416015045745962,circular
338,1100,700,352.5896645846576,-85,-85,-85,-85,1350,700,32.455237683333166,6.416015045745962,circular
339,1100,700,352.5896645846576,-85,-85,-85,-85,1350,700,38.87125272907913,6.416015045745962,circular
340,1100,700,352.5896645846576,-85,-85,-85,-85,1350,700,45.2872677748251,6.416015045745962,circular
341,1100,700,352.5896645846576,-85,-85,-85,-85,1350,700,51.70328282057106,6.416015045745962,circular
342,1100,700,352.5896645846576,-85,-85,-85,-85,1350,700,58.11929786631703,6.416015045745962,circular
343,1100,700,352.5896645846576,-85,-85,-85,-85,1350,700,64.53531291206299,6.416015045745962,circular
344,1100,700,352.5896645846576,-85,-85,-85,-85,1350,700,70.95132795780896,6.416015045745962,circular
345,1100,700,352.5896645846576,-85,-85,-85,-85,1350,700,77.36734300355492,6.416015045745962,circular
346,1100,700,352.5896645846576,-85,-85,-85,-85,1350,700,83.78335804930089,6.416015045745962,circular
347,1100,700,352.5896645846576,-85,-85,-85,-85,1350,700,90.19937309504685,6.416015045745962,circular
348,1100,700,352.5896645846576,-85,-85,-85,-85,1350,700,96.61538814079282,6.416015045745962,circular
349,1100,700,352.5896645846576,-85,-85,-85,-85,1350,700,103.03140318653878,6.416015045745962,circular
350,1100,700,352.5896645846576,-85,-85,-85,-85,1350,700,109.44741823228475,6.416015045745962,circular
351,1100,700,352.5896645846576,-85,-85,-85,-85,1350,700,115.86343327803071,6.416015045745962,circular
352,1100,700,352.5896645846576,-85,-85,-85,-85,1350,700,122.27944832377668,6.416015045745962,circular
353,1100,700,352.5896645846576,-85,-85,-85,-85,1350,700,128.69546336952263,6.416015045745962,circular
354,1100,700,352.5896645846576,-85,-85,-85,-85,1350,700,135.11147841526858,6.416015045745962,circular
355,1100,700,352.5896645846576,14.513447644213304,-85,-85,-85,1350,700,141.52749346101453,6.416015045745962,circular
356,1100,700,352.5896645846576,20.48098321025059,-85,-85,18.47430475951294,1350,700,147.94350850676048,6.416015045745962,circular
357,1100,700,352.5896645846576,23.06730250275713,-85,-85,22.170735458799452,1350,700,154.35952355250643,6.416015045745962,circular
358,1100,700,352.5896645846576,24.33271141113945,-85,-85,23.769789312347285,1350,700,160.77553859825238,6.416015045745962,circular
359,1100,700,352.5896645846576,25.26334459461691,-85,-85,24.78833704083229,1350,700,167.19155364399833,6.416015045745962,circular
360,1100,700,352.5896645846576,25.7492610641292,-85,-85,25.536951728381826,1350,700,173.60756868974428,6.416015045745962,circular
361,1100,700,352.5896645846576,26.035130213615616,-85,-85,25.906018829630398,1350,700,180.02358373549023,6.416015045745962,circular
362,1100,700,352.5896645846576,26.074956048612798,-85,-85,26.074956048612798,1350,700,186.43959878123619,6.416015045745962,circular
363,1100,700,352.5896645846576,25.946643644493044,-85,-85,26.035130213615616,1350,700,192.85561382698214,6.416015045745962,circular
364,1100,700,352.5896645846576,25.536951728381826,-85,-85,25.807460623826316,1350,700,199.2716288727281,6.416015045745962,circular
365,1100,700,352.5896645846576,24.92014212493214,-85,-85,25.263344594616918,1350,700,205.68764391847404,6.416015045745962,circular
366,1100,700,352.5896645846576,23.769789312347285,-85,-85,24.495315191602927,1350,700,212.10365896422,6.416015045745962,circular
367,1100,700,352.5896645846576,22.170735458799452,-85,-85,23.067302502757133,1350,700,218.51967400996594,6.416015045745962,circular
368,1100,700,352.5896645846576,19.25639156218219,-85,-85,20.97742610025735,1350,700,224.9356890557119,6.416015045745962,circular
369,1100,700,352.5896645846576,-85,-85,-85,14.513447644213265,1350,700,231.35170410145784,6.416015045745962,circular
370,1100,700,352.5896645846576,-85,-85,-85,-85,1350,700,237.7677191472038,6.416015045745962,circular
371,1100,700,352.5896645846576,-85,-85,-85,-85,1350,700,244.18373419294974,6.416015045745962,circular
372,1100,700,352.5896645846576,-85,-85,-85,-85,1350,700,250.5997492386957,6.416015045745962,circular
373,1100,700,352.5896645846576,-85,-85,-85,-85,1350,700,257.0157642844417,6.416015045745962,circular
374,1100,700,352.5896645846576,-85,-85,-85,-85,1350,700,263.4317793301876,6.416015045745962,circular
375,1100,700,352.5896645846576,-85,-85,-85,-85,1350,700,269.8477943759336,6.416015045745962,circular
376,1100,700,352.5896645846576,-85,-85,-85,-85,1350,700,276.2638094216795,6.416015045745962,circular
377,1100,700,352.5896645846576,-85,-85,-85,-85,1350,700,282.6798244674255,6.416015045745962,circular
378,1100,700,352.5896645846576,-85,-85,-85,-85,1350,700,289.0958395131714,6.416015045745962,circular
379,1100,700,352.5896645846576,-85,-85,-85,-85,1350,700,295.5118545589174,6.416015045745962,circular
380,1100,700,352.5896645846576,-85,-85,-85,-85,1350,700,301.92786960466333,6.416015045745962,circular
381,1100,700,352.5896645846576,-85,-85,-85,-85,1350,700,308.3438846504093,6.416015045745962,circular
382,1100,700,352.5896645846576,-85,-85,-85,-85,1350,700,314.75989969615523,6.416015045745962,circular
383,1100,700,352.5896645846576,-85,-85,-85,-85,1350,700,321.1759147419012,6.416015045745962,circular
384,1100,700,352.5896645846576,-85,-85,-85,-85,1350,700,327.59192978764713,6.416015045745962,circular
385,1100,700,352.5896645846576,-85,-85,-85,-85,1350,700,334.0079448333931,6.416015045745962,circular
386,1100,700,352.5896645846576,-85,-85,-85,-85,1350,700,340.42395987913903,6.416015045745962,circular
387,1100,700,352.5896645846576,-85,-85,-85,-85,1350,700,346.839974924885,6.416015045745962,circular
388,1100,700,352.5896645846576,-85,-85,-85,-85,1350,700,353.25598997063094,6.416015045745962,circular
389,1100,700,352.5896645846576,-85,-85,-85,-85,1350,700,359.6720050163769,6.416015045745962,circular
390,1100,700,352.5896645846576,-85,-85,-85,-85,1350,700,6.088020062122837,6.416015045745962,circular
391,1100,700,352.5896645846576,-85,-85,-85,-85,1350,700,12.504035107868798,6.416015045745962,circular
392,1100,700,352.5896645846576,-85,-85,-85,-85,1350,700,18.92005015361476,6.416015045745962,circular
393,1100,700,352.5896645846576,-85,-85,-85,-85,1350,700,25.33606519936072,6.416015045745962,circular
394,1100,700,352.5896645846576,-85,-85,-85,-85,1350,700,31.752080245106683,6.416015045745962,circular
395,1100,700,352.5896645846576,-85,-85,-85,-85,1350,700,38.16809529085265,6.416015045745962,circular
396,1100,700,352.5896645846576,-85,-85,-85,-85,1350,700,44.58411033659861,6.416015045745962,circular
397,1100,700,352.5896645846576,-85,-85,-85,-85,1350,700,51.00012538234458,6.416015045745962,circular
398,1100,700,352.5896645846576,-85,-85,-85,-85,1350,700,57.41614042809054,6.416015045745962,circular
399,1100,700,352.5896645846576,-85,-85,-85,-85,1350,700,63.83215547383651,6.416015045745962,circular
400,1100,700,352.5896645846576,-85,-85,-85,-85,1350,700,70.24817051958247,6.416015045745962,circular
401,1100,700,352.5896645846576,-85,-85,-85,-85,1350,700,76.66418556532844,6.416015045745962,circular
402,1100,700,352.5896645846576,-85,-85,-85,-85,1350,700,83.0802006110744,6.416015045745962,circular
403,1100,700,352.5896645846576,-85,-85,-85,-85,1350,700,89.49621565682037,6.416015045745962,circular
404,1100,700,352.5896645846576,-85,-85,-85,-85,1350,700,95.91223070256633,6.416015045745962,circular
405,1100,700,352.5896645846576,-85,-85,-85,-85,1350,700,102.3282457483123,6.416015045745962,circular
406,1100,700,352.5896645846576,-85,-85,-85,-85,1350,700,108.74426079405826,6.416015045745962,circular
407,1100,700,352.5896645846576,-85,-85,-85,-85,1350,700,115.16027583980423,6.416015045745962,circular
408,1100,700,352.5896645846576,-85,-85,-85,-85,1350,700,121.5762908855502,6.416015045745962,circular
409,1100,700,352.5896645846576,-85,-85,-85,-85,1350,700,127.99230593129616,6.416015045745962,circular
410,1100,700,352.5896645846576,-85,-85,-85,-85,1350,700,134.4083209770421,6.416015045745962,circular
411,1100,700,352.5896645846576,11.505794098357505,-85,-85,-85,1350,700,140.82433602278806,6.416015045745962,circular
412,1100,700,352.5896645846576,20.48098321025059,-85,-85,17.513155499392102,1350,700,147.240351068534,6.416015045745962,circular
413,1100,700,352.5896645846576,22.793695368992218,-85,-85,21.813356630230874,1350,700,153.65636611427996,6.416015045745962,circular
414,1100,700,352.5896645846576,24.33271141113945,-85,-85,23.553218972269416,1350,700,160.0723811600259,6.416015045745962,circular
415,1100,700,352.5896645846576,25.157178905256924,-85,-85,24.78833704083229,1350,700,166.48839620577186,6.416015045745962,circular
416,1100,700,352.5896645846576,25.684904084789974,-85,-85,25.452908776355446,1350,700,172.9044112515178,6.416015045745962,circular
417,1100,700,352.5896645846576,26.011117049096303,-85,-85,25.906018829630398,1350,700,179.32042629726377,6.416015045745962,circular
418,1100,700,352.5896645846576,26.077602459396946,-85,-85,26.067010357935978,1350,700,185.73644134300972,6.416015045745962,circular
419,1100,700,352.5896645846576,25.946643644493044,-85,-85,26.053745949214605,1350,700,192.15245638875567,6.416015045745962,circular
420,1100,700,352.5896645846576,25.614204328866276,-85,-85,25.807460623826316,1350,700,198.56847143450162,6.416015045745962,circular
421,1100,700,352.5896645846576,24.92014212493214,-85,-85,25.361807294499556,1350,700,204.98448648024757,6.416015045745962,circular
422,1100,700,352.5896645846576,23.97102224645776,-85,-85,24.495315191602927,1350,700,211.40050152599352,6.416015045745962,circular
423,1100,700,352.5896645846576,22.496022074683278,-85,-85,23.319699537123853,1350,700,217.81651657173947,6.416015045745962,circular
424,1100,700,352.5896645846576,19.25639156218219,-85,-85,21.418119305852123,1350,700,224.23253161748542,6.416015045745962,circular
425,1100,700,352.5896645846576,-85,-85,-85,16.269948115724716,1350,700,230.64854666323137,6.416015045745962,circular
426,1100,700,352.5896645846576,-85,-85,-85,-85,1350,700,237.06456170897732,6.416015045745962,circular
427,1100,700,352.5896645846576,-85,-85,-85,-85,1350,700,243.48057675472327,6.416015045745962,circular
428,1100,700,352.5896645846576,-85,-85,-85,-85,1350,700,249.89659180046922,6.416015045745962,circular
429,1100,700,352.5896645846576,-85,-85,-85,-85,1350,700,256.3126068462152,6.416015045745962,circular
430,1100,700,352.5896645846576,-85,-85,-85,-85,1350,700,262.72862189196115,6.416015045745962,circular
431,1100,700,352.5896645846576,-85,-85,-85,-85,1350,700,269.1446369377071,6.416015045745962,circular
432,1100,700,352.5896645846576,-85,-85,-85,-85,1350,700,275.56065198345306,6.416015045745962,circular
433,1100,700,352.5896645846576,-85,-85,-85,-85,1350,700,281.976667029199,6.416015045745962,circular
434,1100,700,352.5896645846576,-85,-85,-85,-85,1350,700,288.39268207494496,6.416015045745962,circular
435,1100,700,352.5896645846576,-85,-85,-85,-85,1350,700,294.8086971206909,6.416015045745962,circular
436,1100,700,352.5896645846576,-85,-85,-85,-85,1350,700,301.22471216643686,6.416015045745962,circular
437,1100,700,352.5896645846576,-85,-85,-85,-85,1350,700,307.6407272121828,6.416015045745962,circular
438,1100,700,352.5896645846576,-85,-85,-85,-85,1350,700,314.05674225792876,6.416015045745962,circular
439,1100,700,352.5896645846576,-85,-85,-85,-85,1350,700,320.4727573036747,6.416015045745962,circular
440,1100,700,352.5896645846576,-85,-85,-85,-85,1350,700,326.88877234942066,6.416015045745962,circular
441,1100,700,352.5896645846576,-85,-85,-85,-85,1350,700,333.3047873951666,6.416015045745962,circular
442,1100,700,352.5896645846576,-85,-85,-85,-85,1350,700,339.72080244091256,6.416015045745962,circular
443,1100,700,352.5896645846576,-85,-85,-85,-85,1350,700,346.1368174866585,6.416015045745962,circular
444,1100,700,352.5896645846576,-85,-85,-85,-85,1350,700,352.55283253240447,6.416015045745962,circular
445,1100,700,352.5896645846576,-85,-85,-85,-85,1350,700,358.9688475781504,6.416015045745962,circular
446,1100,700,352.5896645846576,-85,-85,-85,-85,1350,700,5.3848626238963675,6.416015045745962,circular
447,1100,700,352.5896645846576,-85,-85,-85,-85,1350,700,11.800877669642329,6.416015045745962,circular
448,1100,700,352.5896645846576,-85,-85,-85,-85,1350,700,18.21689271538829,6.416015045745962,circular
449,1100,700,352.5896645846576,-85,-85,-85,-85,1350,700,24.632907761134252,6.416015045745962,circular
450,1100,700,352.5896645846576,-85,-85,-85,-85,1350,700,31.048922806880213,6.416015045745962,circular
451,1100,700,352.5896645846576,-85,-85,-85,-85,1350,700,37.46493785262618,6.416015045745962,circular
452,1100,700,352.5896645846576,-85,-85,-85,-85,1350,700,43.88095289837214,6.416015045745962,circular
453,1100,700,352.5896645846576,-85,-85,-85,-85,1350,700,50.29696794411811,6.416015045745962,circular
454,1100,700,352.5896645846576,-85,-85,-85,-85,1350,700,56.712982989864074,6.416015045745962,circular
455,1100,700,352.5896645846576,-85,-85,-85,-85,1350,700,63.12899803561004,6.416015045745962,circular
456,1100,700,352.5896645846576,-85,-85,-85,-85,1350,700,69.545013081356,6.416015045745962,circular
457,1100,700,352.5896645846576,-85,-85,-85,-85,1350,700,75.96102812710197,6.416015045745962,circular
458,1100,700,352.5896645846576,-85,-85,-85,-85,1350,700,82.37704317284793,6.416015045745962,circular
459,1100,700,352.5896645846576,-85,-85,-85,-85,1350,700,88.7930582185939,6.416015045745962,circular
460,1100,700,352.5896645846576,-85,-85,-85,-85,1350,700,95.20907326433986,6.416015045745962,circular
461,1100,700,352.5896645846576,-85,-85,-85,-85,1350,700,101.62508831008583,6.416015045745962,circular
462,1100,700,352.5896645846576,-85,-85,-85,-85,1350,700,108.0411033558318,6.416015045745962,circular
463,1100,700,352.5896645846576,-85,-85,-85,-85,1350,700,114.45711840157776,6.416015045745962,circular
464,1100,700,352.5896645846576,-85,-85,-85,-85,1350,700,120.87313344732372,6.416015045745962,circular
465,1100,700,352.5896645846576,-85,-85,-85,-85,1350,700,127.28914849306969,6.416015045745962,circular
466,1100,700,352.5896645846576,-85,-85,-85,-85,1350,700,133.70516353881564,6.416015045745962,circular
467,1100,700,352.5896645846576,11.505794098357505,-85,-85,-85,1350,700,140.1211785845616,6.416015045745962,circular
468,1100,700,352.5896645846576,19.91435422725632,-85,-85,17.513155499392102,1350,700,146.53719363030754,6.416015045745962,circular
469,1100,700,352.5896645846576,22.496022074683278,-85,-85,21.41811930585211,1350,700,152.9532086760535,6.416015045745962,circular
470,1100,700,352.5896645846576,24.1582774269213,-85,-85,23.553218972269416,1350,700,159.36922372179944,6.416015045745962,circular
471,1100,700,352.5896645846576,25.042923900792417,-85,-85,24.646943359767004,1350,700,165.7852387675454,6.416015045745962,circular
472,1100,700,352.5896645846576,25.684904084789974,-85,-85,25.36180729449956,1350,700,172.20125381329134,6.416015045745962,circular
473,1100,700,352.5896645846576,25.9816463993744,-85,-85,25.859665714847075,1350,700,178.6172688590373,6.416015045745962,circular
474,1100,700,352.5896645846576,26.077602459396946,-85,-85,26.053745949214605,1350,700,185.03328390478325,6.416015045745962,circular
475,1100,700,352.5896645846576,25.9816463993744,-85,-85,26.053745949214605,1350,700,191.4492989505292,6.416015045745962,circular
476,1100,700,352.5896645846576,25.684904084789977,-85,-85,25.859665714847075,1350,700,197.86531399627515,6.416015045745962,circular
477,1100,700,352.5896645846576,25.042923900792417,-85,-85,25.361807294499556,1350,700,204.2813290420211,6.416015045745962,circular
478,1100,700,352.5896645846576,24.1582774269213,-85,-85,24.646943359767004,1350,700,210.69734408776705,6.416015045745962,circular
479,1100,700,352.5896645846576,22.496022074683278,-85,-85,23.553218972269416,1350,700,217.113359133513,6.416015045745962,circular
480,1100,700,352.5896645846576,19.914354227256315,-85,-85,21.418119305852123,1350,700,223.52937417925895,6.416015045745962,circular
481,1100,700,352.5896645846576,11.50579409835762,-85,-85,17.51315549939211,1350,700,229.9453892250049,6.416015045745962,circular
482,1100,700,352.5896645846576,-85,-85,-85,-85,1350,700,236.36140427075085,6.416015045745962,circular
483,1100,700,352.5896645846576,-85,-85,-85,-85,1350,700,242.7774193164968,6.416015045745962,circular
484,1100,700,352.5896645846576,-85,-85,-85,-85,1350,700,249.19343436224275,6.416015045745962,circular
485,1100,700,352.5896645846576,-85,-85,-85,-85,1350,700,255.6094494079887,6.416015045745962,circular
486,1100,700,352.5896645846576,-85,-85,-85,-85,1350,700,262.0254644537347,6.416015045745962,circular
487,1100,700,352.5896645846576,-85,-85,-85,-85,1350,700,268.44147949948064,6.416015045745962,circular
488,1100,700,352.5896645846576,-85,-85,-85,-85,1350,700,274.8574945452266,6.416015045745962,circular
489,1100,700,352.5896645846576,-85,-85,-85,-85,1350,700,281.27350959097254,6.416015045745962,circular
490,1100,700,352.5896645846576,-85,-85,-85,-85,1350,700,287.6895246367185,6.416015045745962,circular
491,1100,700,352.5896645846576,-85,-85,-85,-85,1350,700,294.10553968246444,6.416015045745962,circular
492,1100,700,352.5896645846576,-85,-85,-85,-85,1350,700,300.5215547282104,6.416015045745962,circular
493,1100,700,352.5896645846576,-85,-85,-85,-85,1350,700,306.93756977395634,6.416015045745962,circular
494,1100,700,352.5896645846576,-85,-85,-85,-85,1350,700,313.3535848197023,6.416015045745962,circular
495,1100,700,352.5896645846576,-85,-85,-85,-85,1350,700,319.76959986544824,6.416015045745962,circular
496,1100,700,352.5896645846576,-85,-85,-85,-85,1350,700,326.1856149111942,6.416015045745962,circular
497,1100,700,352.5896645846576,-85,-85,-85,-85,1350,700,332.60162995694014,6.416015045745962,circular
498,1100,700,352.5896645846576,-85,-85,-85,-85,1350,700,339.0176450026861,6.416015045745962,circular
499,1100,700,352.5896645846576,-85,-85,-85,-85,1350,700,345.43366004843205,6.416015045745962,circular
500,1100,700,352.5896645846576,-85,-85,-85,-85,1350,700,351.849675094178,6.416015045745962,circular
501,1100,700,352.5896645846576,-85,-85,-85,-85,1350,700,358.26569013992395,6.416015045745962,circular
502,1100,700,352.5896645846576,-85,-85,-85,-85,1350,700,4.681705185669898,6.416015045745962,circular
503,1100,700,352.5896645846576,-85,-85,-85,-85,1350,700,11.09772023141586,6.416015045745962,circular
504,1100,700,352.5896645846576,-85,-85,-85,-85,1350,700,17.51373527716182,6.416015045745962,circular
505,1100,700,352.5896645846576,-85,-85,-85,-85,1350,700,23.929750322907783,6.416015045745962,circular
506,1100,700,352.5896645846576,-85,-85,-85,-85,1350,700,30.345765368653744,6.416015045745962,circular
507,1100,700,352.5896645846576,-85,-85,-85,-85,1350,700,36.76178041439971,6.416015045745962,circular
508,1100,700,352.5896645846576,-85,-85,-85,-85,1350,700,43.177795460145674,6.416015045745962,circular
509,1100,700,352.5896645846576,-85,-85,-85,-85,1350,700,49.59381050589164,6.416015045745962,circular
510,1100,700,352.5896645846576,-85,-85,-85,-85,1350,700,56.009825551637604,6.416015045745962,circular
511,1100,700,352.5896645846576,-85,-85,-85,-85,1350,700,62.42584059738357,6.416015045745962,circular
512,1100,700,352.5896645846576,-85,-85,-85,-85,1350,700,68.84185564312953,6.416015045745962,circular
513,1100,700,352.5896645846576,-85,-85,-85,-85,1350,700,75.2578706888755,6.416015045745962,circular
514,1100,700,352.5896645846576,-85,-85,-85,-85,1350,700,81.67388573462146,6.416015045745962,circular
515,1100,700,352.5896645846576,-85,-85,-85,-85,1350,700,88.08990078036743,6.416015045745962,circular
516,1100,700,352.5896645846576,-85,-85,-85,-85,1350,700,94.5059158261134,6.416015045745962,circular
517,1100,700,352.5896645846576,-85,-85,-85,-85,1350,700,100.92193087185936,6.416015045745962,circular
518,1100,700,352.5896645846576,-85,-85,-85,-85,1350,700,107.33794591760532,6.416015045745962,circular
519,1100,700,352.5896645846576,-85,-85,-85,-85,1350,700,113.75396096335129,6.416015045745962,circular
520,1100,700,352.5896645846576,-85,-85,-85,-85,1350,700,120.16997600909725,6.416015045745962,circular
521,1100,700,352.5896645846576,-85,-85,-85,-85,1350,700,126.58599105484322,6.416015045745962,circular
522,1100,700,352.5896645846576,-85,-85,-85,-85,1350,700,133.00200610058917,6.416015045745962,circular
523,1100,700,352.5896645846576,-85,-85,-85,-85,1350,700,139.41802114633512,6.416015045745962,circular
524,1100,700,352.5896645846576,19.25639156218217,-85,-85,16.269948115724727,1350,700,145.83403619208107,6.416015045745962,circular
525,1100,700,352.5896645846576,22.496022074683278,-85,-85,20.97742610025734,1350,700,152.25005123782702,6.416015045745962,circular
526,1100,700,352.5896645846576,23.971022246457757,-85,-85,23.31969953712386,1350,700,158.66606628357297,6.416015045745962,circular
527,1100,700,352.5896645846576,25.042923900792417,-85,-85,24.495315191602927,1350,700,165.08208132931892,6.416015045745962,circular
528,1100,700,352.5896645846576,25.614204328866276,-85,-85,25.36180729449956,1350,700,171.49809637506488,6.416015045745962,circular
529,1100,700,352.5896645846576,25.946643644493044,-85,-85,25.80746062382631,1350,700,177.91411142081083,6.416015045745962,circular
530,1100,700,352.5896645846576,26.077602459396946,-85,-85,26.053745949214605,1350,700,184.33012646655678,6.416015045745962,circular
531,1100,700,352.5896645846576,26.011117049096303,-85,-85,26.067010357935978,1350,700,190.74614151230273,6.416015045745962,circular
532,1100,700,352.5896645846576,25.684904084789977,-85,-85,25.906018829630398,1350,700,197.16215655804868,6.416015045745962,circular
533,1100,700,352.5896645846576,25.157178905256924,-85,-85,25.452908776355446,1350,700,203.57817160379463,6.416015045745962,circular
534,1100,700,352.5896645846576,24.1582774269213,-85,-85,24.788337040832293,1350,700,209.99418664954058,6.416015045745962,circular
535,1100,700,352.5896645846576,22.793695368992225,-85,-85,23.553218972269416,1350,700,216.41020169528653,6.416015045745962,circular
536,1100,700,352.5896645846576,20.48098321025059,-85,-85,21.81335663023087,1350,700,222.82621674103248,6.416015045745962,circular
537,1100,700,352.5896645846576,11.50579409835762,-85,-85,18.474304759512954,1350,700,229.24223178677843,6.416015045745962,circular
538,1100,700,352.5896645846576,-85,-85,-85,-85,1350,700,235.65824683252438,6.416015045745962,circular
539,1100,700,352.5896645846576,-85,-85,-85,-85,1350,700,242.07426187827033,6.416015045745962,circular
540,1100,700,352.5896645846576,-85,-85,-85,-85,1350,700,248.49027692401629,6.416015045745962,circular
541,1100,700,352.5896645846576,-85,-85,-85,-85,1350,700,254.90629196976224,6.416015045745962,circular
542,1100,700,352.5896645846576,-85,-85,-85,-85,1350,700,261.3223070155082,6.416015045745962,circular
543,1100,700,352.5896645846576,-85,-85,-85,-85,1350,700,267.73832206125417,6.416015045745962,circular
544,1100,700,352.5896645846576,-85,-85,-85,-85,1350,700,274.1543371070001,6.416015045745962,circular
545,1100,700,352.5896645846576,-85,-85,-85,-85,1350,700,280.57035215274607,6.416015045745962,circular
546,1100,700,352.5896645846576,-85,-85,-85,-85,1350,700,286.986367198492,6.416015045745962,circular
547,1100,700,352.5896645846576,-85,-85,-85,-85,1350,700,293.40238224423797,6.416015045745962,circular
548,1100,700,352.5896645846576,-85,-85,-85,-85,1350,700,299.8183972899839,6.416015045745962,circular
549,1100,700,352.5896645846576,-85,-85,-85,-85,1350,700,306.23441233572987,6.416015045745962,circular
550,1100,700,352.5896645846576,-85,-85,-85,-85,1350,700,312.6504273814758,6.416015045745962,circular
551,1100,700,352.5896645846576,-85,-85,-85,-85,1350,700,319.0664424272218,6.416015045745962,circular
552,1100,700,352.5896645846576,-85,-85,-85,-85,1350,700,325.4824574729677,6.416015045745962,circular
553,1100,700,352.5896645846576,-85,-85,-85,-85,1350,700,331.8984725187137,6.416015045745962,circular
554,1100,700,352.5896645846576,-85,-85,-85,-85,1350,700,338.3144875644596,6.416015045745962,circular
555,1100,700,352.5896645846576,-85,-85,-85,-85,1350,700,344.7305026102056,6.416015045745962,circular
556,1100,700,352.5896645846576,-85,-85,-85,-85,1350,700,351.1465176559515,6.416015045745962,circular
557,1100,700,352.5896645846576,-85,-85,-85,-85,1350,700,357.5625327016975,6.416015045745962,circular
558,1100,700,352.5896645846576,-85,-85,-85,-85,1350,700,3.9785477474434288,6.416015045745962,circular
559,1100,700,352.5896645846576,-85,-85,-85,-85,1350,700,10.39456279318939,6.416015045745962,circular
560,1100,700,352.5896645846576,-85,-85,-85,-85,1350,700,16.81057783893535,6.416015045745962,circular
561,1100,700,352.5896645846576,-85,-85,-85,-85,1350,700,23.226592884681313,6.416015045745962,circular
562,1100,700,352.5896645846576,-85,-85,-85,-85,1350,700,29.642607930427275,6.416015045745962,circular
563,1100,700,352.5896645846576,-85,-85,-85,-85,1350,700,36.05862297617324,6.416015045745962,circular
564,1100,700,352.5896645846576,-85,-85,-85,-85,1350,700,42.474638021919205,6.416015045745962,circular
565,1100,700,352.5896645846576,-85,-85,-85,-85,1350,700,48.89065306766517,6.416015045745962,circular
566,1100,700,352.5896645846576,-85,-85,-85,-85,1350,700,55.306668113411135,6.416015045745962,circular
567,1100,700,352.5896645846576,-85,-85,-85,-85,1350,700,61.7226831591571,6.416015045745962,circular
568,1100,700,352.5896645846576,-85,-85,-85,-85,1350,700,68.13869820490306,6.416015045745962,circular
569,1100,700,352.5896645846576,-85,-85,-85,-85,1350,700,74.55471325064903,6.416015045745962,circular
570,1100,700,352.5896645846576,-85,-85,-85,-85,1350,700,80.970728296395,6.416015045745962,circular
571,1100,700,352.5896645846576,-85,-85,-85,-85,1350,700,87.38674334214096,6.416015045745962,circular
572,1100,700,352.5896645846576,-85,-85,-85,-85,1350,700,93.80275838788693,6.416015045745962,circular
573,1100,700,352.5896645846576,-85,-85,-85,-85,1350,700,100.21877343363289,6.416015045745962,circular
574,1100,700,352.5896645846576,-85,-85,-85,-85,1350,700,106.63478847937886,6.416015045745962,circular
575,1100,700,352.5896645846576,-85,-85,-85,-85,1350,700,113.05080352512482,6.416015045745962,circular
576,1100,700,352.5896645846576,-85,-85,-85,-85,1350,700,119.46681857087079,6.416015045745962,circular
577,1100,700,352.5896645846576,-85,-85,-85,-85,1350,700,125.88283361661675,6.416015045745962,circular
578,1100,700,352.5896645846576,-85,-85,-85,-85,1350,700,132.2988486623627,6.416015045745962,circular
579,1100,700,352.5896645846576,-85,-85,-85,-85,1350,700,138.71486370810865,6.416015045745962,circular
580,1100,700,352.5896645846576,19.25639156218217,-85,-85,14.513447644213304,1350,700,145.1308787538546,6.416015045745962,circular
581,1100,700,352.5896645846576,22.170735458799452,-85,-85,20.97742610025734,1350,700,151.54689379960055,6.416015045745962,circular
582,1100,700,352.5896645846576,23.769789312347285,-85,-85,23.06730250275713,1350,700,157.9629088453465,6.416015045745962,circular
583,1100,700,352.5896645846576,24.92014212493214,-85,-85,24.495315191602927,1350,700,164.37892389109246,6.416015045745962,circular
584,1100,700,352.5896645846576,25.536951728381826,-85,-85,25.26334459461691,1350,700,170.7949389368384,6.416015045745962,circular
585,1100,700,352.5896645846576,25.946643644493044,-85,-85,25.7492610641292,1350,700,177.21095398258436,6.416015045745962,circular
586,1100,700,352.5896645846576,26.074956048612798,-85,-85,26.035130213615616,1350,700,183.6269690283303,6.416015045745962,circular
587,1100,700,352.5896645846576,26.011117049096303,-85,-85,26.074956048612798,1350,700,190.04298407407626,6.416015045745962,circular
588,1100,700,352.5896645846576,25.7492610641292,-85,-85,25.906018829630398,1350,700,196.4589991198222,6.416015045745962,circular
589,1100,700,352.5896645846576,25.263344594616918,-85,-85,25.536951728381826,1350,700,202.87501416556816,6.416015045745962,circular
590,1100,700,352.5896645846576,24.332711411139446,-85,-85,24.788337040832293,1350,700,209.2910292113141,6.416015045745962,circular
591,1100,700,352.5896645846576,23.067302502757133,-85,-85,23.769789312347285,1350,700,215.70704425706006,6.416015045745962,circular
592,1100,700,352.5896645846576,20.48098321025059,-85,-85,22.170735458799452,1350,700,222.123059302806,6.416015045745962,circular
593,1100,700,352.5896645846576,14.513447644213265,-85,-85,18.474304759512954,1350,700,228.53907434855196,6.416015045745962,circular
594,1100,700,352.5896645846576,-85,-85,-85,-85,1350,700,234.95508939429791,6.416015045745962,circular
595,1100,700,352.5896645846576,-85,-85,-85,-85,1350,700,241.37110444004387,6.416015045745962,circular
596,1100,700,352.5896645846576,-85,-85,-85,-85,1350,700,247.78711948578982,6.416015045745962,circular
597,1100,700,352.5896645846576,-85,-85,-85,-85,1350,700,254.20313453153577,6.416015045745962,circular
598,1100,700,352.5896645846576,-85,-85,-85,-85,1350,700,260.61914957728175,6.416015045745962,circular
599,1100,700,352.5896645846576,-85,-85,-85,-85,1350,700,267.0351646230277,6.416015045745962,circular
600,1100,700,352.5896645846576,-85,-85,-85,-85,1350,700,273.45117966877365,6.416015045745962,circular
601,1100,700,352.5896645846576,-85,-85,-85,-85,1350,700,279.8671947145196,6.416015045745962,circular
602,1100,700,352.5896645846576,-85,-85,-85,-85,1350,700,286.28320976026555,6.416015045745962,circular
603,1100,700,352.5896645846576,-85,-85,-85,-85,1350,700,292.6992248060115,6.416015045745962,circular
604,1100,700,352.5896645846576,-85,-85,-85,-85,1350,700,299.11523985175745,6.416015045745962,circular
605,1100,700,352.5896645846576,-85,-85,-85,-85,1350,700,305.5312548975034,6.416015045745962,circular
606,1100,700,352.5896645846576,-85,-85,-85,-85,1350,700,311.94726994324935,6.416015045745962,circular
607,1100,700,352.5896645846576,-85,-85,-85,-85,1350,700,318.3632849889953,6.416015045745962,circular
608,1100,700,352.5896645846576,-85,-85,-85,-85,1350,700,324.77930003474125,6.416015045745962,circular
609,1100,700,352.5896645846576,-85,-85,-85,-85,1350,700,331.1953150804872,6.416015045745962,circular
610,1100,700,352.5896645846576,-85,-85,-85,-85,1350,700,337.61133012623316,6.416015045745962,circular
611,1100,700,352.5896645846576,-85,-85,-85,-85,1350,700,344.0273451719791,6.416015045745962,circular
612,1100,700,352.5896645846576,-85,-85,-85,-85,1350,700,350.44336021772506,6.416015045745962,circular
613,1100,700,352.5896645846576,-85,-85,-85,-85,1350,700,356.859375263471,6.416015045745962,circular
614,1100,700,352.5896645846576,-85,-85,-85,-85,1350,700,3.2753903092169594,6.416015045745962,circular
615,1100,700,352.5896645846576,-85,-85,-85,-85,1350,700,9.69140535496292,6.416015045745962,circular
616,1100,700,352.5896645846576,-85,-85,-85,-85,1350,700,16.107420400708882,6.416015045745962,circular
617,1100,700,352.5896645846576,-85,-85,-85,-85,1350,700,22.523435446454844,6.416015045745962,circular
618,1100,700,352.5896645846576,-85,-85,-85,-85,1350,700,28.939450492200805,6.416015045745962,circular
619,1100,700,352.5896645846576,-85,-85,-85,-85,1350,700,35.35546553794677,6.416015045745962,circular
620,1100,700,352.5896645846576,-85,-85,-85,-85,1350,700,41.771480583692735,6.416015045745962,circular
621,1100,700,352.5896645846576,-85,-85,-85,-85,1350,700,48.1874956294387,6.416015045745962,circular
622,1100,700,352.5896645846576,-85,-85,-85,-85,1350,700,54.603510675184666,6.416015045745962,circular
623,1100,700,352.5896645846576,-85,-85,-85,-85,1350,700,61.01952572093063,6.416015045745962,circular
624,1100,700,352.5896645846576,-85,-85,-85,-85,1350,700,67.4355407666766,6.416015045745962,circular
625,1100,700,352.5896645846576,-85,-85,-85,-85,1350,700,73.85155581242256,6.416015045745962,circular
626,1100,700,352.5896645846576,-85,-85,-85,-85,1350,700,80.26757085816853,6.416015045745962,circular
627,1100,700,352.5896645846576,-85,-85,-85,-85,1350,700,86.68358590391449,6.416015045745962,circular
628,1100,700,352.5896645846576,-85,-85,-85,-85,1350,700,93.09960094966046,6.416015045745962,circular
629,1100,700,352.5896645846576,-85,-85,-85,-85,1350,700,99.51561599540642,6.416015045745962,circular
630,1100,700,352.5896645846576,-85,-85,-85,-85,1350,700,105.93163104115239,6.416015045745962,circular
631,1100,700,352.5896645846576,-85,-85,-85,-85,1350,700,112.34764608689835,6.416015045745962,circular
632,1100,700,352.5896645846576,-85,-85,-85,-85,1350,700,118.76366113264432,6.416015045745962,circular
633,1100,700,352.5896645846576,-85,-85,-85,-85,1350,700,125.17967617839028,6.416015045745962,circular
634,1100,700,352.5896645846576,-85,-85,-85,-85,1350,700,131.59569122413623,6.416015045745962,circular
635,1100,700,352.5896645846576,-85,-85,-85,-85,1350,700,138.01170626988218,6.416015045745962,circular
636,1100,700,352.5896645846576,18.47430475951294,-85,-85,14.513447644213304,1350,700,144.42772131562813,6.416015045745962,circular
637,1100,700,352.5896645846576,21.813356630230874,-85,-85,20.48098321025059,1350,700,150.84373636137408,6.416015045745962,circular
638,1100,700,352.5896645846576,23.769789312347285,-85,-85,22.793695368992218,1350,700,157.25975140712004,6.416015045745962,circular
639,1100,700,352.5896645846576,24.78833704083229,-85,-85,24.33271141113945,1350,700,163.675766452866,6.416015045745962,circular
640,1100,700,352.5896645846576,25.536951728381826,-85,-85,25.157178905256924,1350,700,170.09178149861194,6.416015045745962,circular
641,1100,700,352.5896645846576,25.906018829630398,-85,-85,25.7492610641292,1350,700,176.5077965443579,6.416015045745962,circular
642,1100,700,352.5896645846576,26.067010357935978,-85,-85,26.011117049096303,1350,700,182.92381159010384,6.416015045745962,circular
643,1100,700,352.5896645846576,26.035130213615616,-85,-85,26.074956048612798,1350,700,189.3398266358498,6.416015045745962,circular
644,1100,700,352.5896645846576,25.807460623826316,-85,-85,25.946643644493044,1350,700,195.75584168159574,6.416015045745962,circular
645,1100,700,352.5896645846576,25.263344594616918,-85,-85,25.614204328866276,1350,700,202.1718567273417,6.416015045745962,circular
646,1100,700,352.5896645846576,24.495315191602927,-85,-85,24.92014212493214,1350,700,208.58787177308764,6.416015045745962,circular
647,1100,700,352.5896645846576,23.067302502757133,-85,-85,23.97102224645776,1350,700,215.0038868188336,6.416015045745962,circular
648,1100,700,352.5896645846576,20.97742610025735,-85,-85,22.170735458799452,1350,700,221.41990186457954,6.416015045745962,circular
649,1100,700,352.5896645846576,16.269948115724716,-85,-85,19.25639156218219,1350,700,227.8359169103255,6.416015045745962,circular
650,1100,700,352.5896645846576,-85,-85,-85,-85,1350,700,234.25193195607145,6.416015045745962,circular
651,1100,700,352.5896645846576,-85,-85,-85,-85,1350,700,240.6679470018174,6.416015045745962,circular
652,1100,700,352.5896645846576,-85,-85,-85,-85,1350,700,247.08396204756335,6.416015045745962,circular
653,1100,700,352.5896645846576,-85,-85,-85,-85,1350,700,253.4999770933093,6.416015045745962,circular
654,1100,700,352.5896645846576,-85,-85,-85,-85,1350,700,259.9159921390553,6.416015045745962,circular
655,1100,700,352.5896645846576,-85,-85,-85,-85,1350,700,266.3320071848012,6.416015045745962,circular
656,1100,700,352.5896645846576,-85,-85,-85,-85,1350,700,272.7480222305472,6.416015045745962,circular
657,1100,700,352.5896645846576,-85,-85,-85,-85,1350,700,279.16403727629313,6.416015045745962,circular
658,1100,700,352.5896645846576,-85,-85,-85,-85,1350,700,285.5800523220391,6.416015045745962,circular
659,1100,700,352.5896645846576,-85,-85,-85,-85,1350,700,291.99606736778503,6.416015045745962,circular
660,1100,700,352.5896645846576,-85,-85,-85,-85,1350,700,298.412082413531,6.416015045745962,circular
661,1100,700,352.5896645846576,-85,-85,-85,-85,1350,700,304.82809745927693,6.416015045745962,circular
662,1100,700,352.5896645846576,-85,-85,-85,-85,1350,700,311.2441125050229,6.416015045745962,circular
663,1100,700,352.5896645846576,-85,-85,-85,-85,1350,700,317.66012755076883,6.416015045745962,circular
664,1100,700,352.5896645846576,-85,-85,-85,-85,1350,700,324.0761425965148,6.416015045745962,circular
665,1100,700,352.5896645846576,-85,-85,-85,-85,1350,700,330.49215764226074,6.416015045745962,circular
666,1100,700,352.5896645846576,-85,-85,-85,-85,1350,700,336.9081726880067,6.416015045745962,circular
667,1100,700,352.5896645846576,-85,-85,-85,-85,1350,700,343.32418773375264,6.416015045745962,circular
668,1100,700,352.5896645846576,-85,-85,-85,-85,1350,700,349.7402027794986,6.416015045745962,circular
669,1100,700,352.5896645846576,-85,-85,-85,-85,1350,700,356.15621782524454,6.416015045745962,circular
670,1100,700,352.5896645846576,-85,-85,-85,-85,1350,700,2.57223287099049,6.416015045745962,circular
671,1100,700,352.5896645846576,-85,-85,-85,-85,1350,700,8.988247916736452,6.416015045745962,circular
672,1100,700,352.5896645846576,-85,-85,-85,-85,1350,700,15.404262962482413,6.416015045745962,circular
673,1100,700,352.5896645846576,-85,-85,-85,-85,1350,700,21.820278008228374,6.416015045745962,circular
674,1100,700,352.5896645846576,-85,-85,-85,-85,1350,700,28.236293053974336,6.416015045745962,circular
675,1100,700,352.5896645846576,-85,-85,-85,-85,1350,700,34.6523080997203,6.416015045745962,circular
676,1100,700,352.5896645846576,-85,-85,-85,-85,1350,700,41.068323145466266,6.416015045745962,circular
677,1100,700,352.5896645846576,-85,-85,-85,-85,1350,700,47.48433819121223,6.416015045745962,circular
678,1100,700,352.5896645846576,-85,-85,-85,-85,1350,700,53.900353236958196,6.416015045745962,circular
679,1100,700,352.5896645846576,-85,-85,-85,-85,1350,700,60.31636828270416,6.416015045745962,circular
680,1100,700,352.5896645846576,-85,-85,-85,-85,1350,700,66.73238332845013,6.416015045745962,circular
681,1100,700,352.5896645846576,-85,-85,-85,-85,1350,700,73.14839837419609,6.416015045745962,circular
682,1100,700,352.5896645846576,-85,-85,-85,-85,1350,700,79.56441341994206,6.416015045745962,circular
683,1100,700,352.5896645846576,-85,-85,-85,-85,1350,700,85.98042846568802,6.416015045745962,circular
684,1100,700,352.5896645846576,-85,-85,-85,-85,1350,700,92.39644351143399,6.416015045745962,circular
685,1100,700,352.5896645846576,-85,-85,-85,-85,1350,700,98.81245855717995,6.416015045745962,circular
686,1100,700,352.5896645846576,-85,-85,-85,-85,1350,700,105.22847360292592,6.416015045745962,circular
687,1100,700,352.5896645846576,-85,-85,-85,-85,1350,700,111.64448864867188,6.416015045745962,circular
688,1100,700,352.5896645846576,-85,-85,-85,-85,1350,700,118.06050369441785,6.416015045745962,circular
689,1100,700,352.5896645846576,-85,-85,-85,-85,1350,700,124.47651874016381,6.416015045745962,circular
690,1100,700,352.5896645846576,-85,-85,-85,-85,1350,700,130.89253378590976,6.416015045745962,circular
691,1100,700,352.5896645846576,-85,-85,-85,-85,1350,700,137.3085488316557,6.416015045745962,circular
692,1100,700,352.5896645846576,17.513155499392102,-85,-85,11.505794098357505,1350,700,143.72456387740166,6.416015045745962,circular
693,1100,700,352.5896645846576,21.813356630230874,-85,-85,19.91435422725632,1350,700,150.14057892314761,6.416015045745962,circular
694,1100,700,352.5896645846576,23.553218972269416,-85,-85,22.793695368992218,1350,700,156.55659396889357,6.416015045745962,circular
695,1100,700,352.5896645846576,24.78833704083229,-85,-85,24.1582774269213,1350,700,162.97260901463952,6.416015045745962,circular
696,1100,700,352.5896645846576,25.452908776355446,-85,-85,25.157178905256924,1350,700,169.38862406038547,6.416015045745962,circular
697,1100,700,352.5896645846576,25.859665714847075,-85,-85,25.684904084789974,1350,700,175.80463910613142,6.416015045745962,circular
698,1100,700,352.5896645846576,26.067010357935978,-85,-85,25.9816463993744,1350,700,182.22065415187737,6.416015045745962,circular
699,1100,700,352.5896645846576,26.053745949214605,-85,-85,26.077602459396946,1350,700,188.63666919762332,6.416015045745962,circular
700,1100,700,352.5896645846576,25.807460623826316,-85,-85,25.9816463993744,1350,700,195.05268424336927,6.416015045745962,circular
701,1100,700,352.5896645846576,25.361807294499556,-85,-85,25.614204328866276,1350,700,201.46869928911522,6.416015045745962,circular
702,1100,700,352.5896645846576,24.646943359767004,-85,-85,25.042923900792417,1350,700,207.88471433486117,6.416015045745962,circular
703,1100,700,352.5896645846576,23.319699537123853,-85,-85,23.97102224645776,1350,700,214.30072938060712,6.416015045745962,circular
704,1100,700,352.5896645846576,21.418119305852123,-85,-85,22.496022074683278,1350,700,220.71674442635307,6.416015045745962,circular
705,1100,700,352.5896645846576,16.269948115724716,-85,-85,19.914354227256315,1350,700,227.13275947209902,6.416015045745962,circular
706,1100,700,352.5896645846576,-85,-85,-85,-85,1350,700,233.54877451784498,6.416015045745962,circular
707,1100,700,352.5896645846576,-85,-85,-85,-85,1350,700,239.96478956359093,6.416015045745962,circular
708,1100,700,352.5896645846576,-85,-85,-85,-85,1350,700,246.38080460933688,6.416015045745962,circular
709,1100,700,352.5896645846576,-85,-85,-85,-85,1350,700,252.79681965508283,6.416015045745962,circular
710,1100,700,352.5896645846576,-85,-85,-85,-85,1350,700,259.2128347008288,6.416015045745962,circular
711,1100,700,352.5896645846576,-85,-85,-85,-85,1350,700,265.62884974657476,6.416015045745962,circular
712,1100,700,352.5896645846576,-85,-85,-85,-85,1350,700,272.0448647923207,6.416015045745962,circular
713,1100,700,352.5896645846576,-85,-85,-85,-85,1350,700,278.46087983806666,6.416015045745962,circular
714,1100,700,352.5896645846576,-85,-85,-85,-85,1350,700,284.8768948838126,6.416015045745962,circular
715,1100,700,352.5896645846576,-85,-85,-85,-85,1350,700,291.29290992955856,6.416015045745962,circular
716,1100,700,352.5896645846576,-85,-85,-85,-85,1350,700,297.7089249753045,6.416015045745962,circular
717,1100,700,352.5896645846576,-85,-85,-85,-85,1350,700,304.12494002105046,6.416015045745962,circular
718,1100,700,352.5896645846576,-85,-85,-85,-85,1350,700,310.5409550667964,6.416015045745962,circular
719,1100,700,352.5896645846576,-85,-85,-85,-85,1350,700,316.95697011254236,6.416015045745962,circular
720,1100,700,352.5896645846576,-85,-85,-85,-85,1350,700,323.3729851582883,6.416015045745962,circular
721,1100,700,352.5896645846576,-85,-85,-85,-85,1350,700,329.78900020403427,6.416015045745962,circular
722,1100,700,352.5896645846576,-85,-85,-85,-85,1350,700,336.2050152497802,6.416015045745962,circular
723,1100,700,352.5896645846576,-85,-85,-85,-85,1350,700,342.62103029552617,6.416015045745962,circular
724,1100,700,352.5896645846576,-85,-85,-85,-85,1350,700,349.0370453412721,6.416015045745962,circular
725,1100,700,352.5896645846576,-85,-85,-85,-85,1350,700,355.45306038701807,6.416015045745962,circular
726,1100,700,352.5896645846576,-85,-85,-85,-85,1350,700,1.8690754327640207,6.416015045745962,circular
727,1100,700,352.5896645846576,-85,-85,-85,-85,1350,700,8.285090478509982,6.416015045745962,circular
728,1100,700,352.5896645846576,-85,-85,-85,-85,1350,700,14.701105524255944,6.416015045745962,circular
729,1100,700,352.5896645846576,-85,-85,-85,-85,1350,700,21.117120570001905,6.416015045745962,circular
730,1100,700,352.5896645846576,-85,-85,-85,-85,1350,700,27.533135615747867,6.416015045745962,circular
731,1100,700,352.5896645846576,-85,-85,-85,-85,1350,700,33.94915066149383,6.416015045745962,circular
732,1100,700,352.5896645846576,-85,-85,-85,-85,1350,700,40.3651657072398,6.416015045745962,circular
733,1100,700,352.5896645846576,-85,-85,-85,-85,1350,700,46.78118075298576,6.416015045745962,circular
734,1100,700,352.5896645846576,-85,-85,-85,-85,1350,700,53.19719579873173,6.416015045745962,circular
735,1100,700,352.5896645846576,-85,-85,-85,-85,1350,700,59.61321084447769,6.416015045745962,circular
736,1100,700,352.5896645846576,-85,-85,-85,-85,1350,700,66.02922589022366,6.416015045745962,circular
737,1100,700,352.5896645846576,-85,-85,-85,-85,1350,700,72.44524093596962,6.416015045745962,circular
738,1100,700,352.5896645846576,-85,-85,-85,-85,1350,700,78.86125598171559,6.416015045745962,circular
739,1100,700,352.5896645846576,-85,-85,-85,-85,1350,700,85.27727102746155,6.416015045745962,circular
740,1100,700,352.5896645846576,-85,-85,-85,-85,1350,700,91.69328607320752,6.416015045745962,circular
741,1100,700,352.5896645846576,-85,-85,-85,-85,1350,700,98.10930111895348,6.416015045745962,circular
742,1100,700,352.5896645846576,-85,-85,-85,-85,1350,700,104.52531616469945,6.416015045745962,circular
743,1100,700,352.5896645846576,-85,-85,-85,-85,1350,700,110.94133121044541,6.416015045745962,circular
744,1100,700,352.5896645846576,-85,-85,-85,-85,1350,700,117.35734625619138,6.416015045745962,circular
745,1100,700,352.5896645846576,-85,-85,-85,-85,1350,700,123.77336130193734,6.416015045745962,circular
746,1100,700,352.5896645846576,-85,-85,-85,-85,1350,700,130.1893763476833,6.416015045745962,circular
747,1100,700,352.5896645846576,-85,-85,-85,-85,1350,700,136.60539139342924,6.416015045745962,circular
748,1100,700,352.5896645846576,17.513155499392102,-85,-85,-85,1350,700,143.0214064391752,6.416015045745962,circular
749,1100,700,352.5896645846576,21.41811930585211,-85,-85,19.91435422725632,1350,700,149.43742148492115,6.416015045745962,circular
750,1100,700,352.5896645846576,23.31969953712386,-85,-85,22.496022074683278,1350,700,155.8534365306671,6.416015045745962,circular
751,1100,700,352.5896645846576,24.646943359767004,-85,-85,23.971022246457757,1350,700,162.26945157641305,6.416015045745962,circular
752,1100,700,352.5896645846576,25.36180729449956,-85,-85,25.042923900792417,1350,700,168.685466622159,6.416015045745962,circular
753,1100,700,352.5896645846576,25.859665714847075,-85,-85,25.614204328866276,1350,700,175.10148166790495,6.416015045745962,circular
754,1100,700,352.5896645846576,26.053745949214605,-85,-85,25.9816463993744,1350,700,181.5174967136509,6.416015045745962,circular
755,1100,700,352.5896645846576,26.067010357935978,-85,-85,26.077602459396946,1350,700,187.93351175939685,6.416015045745962,circular
756,1100,700,352.5896645846576,25.859665714847075,-85,-85,25.9816463993744,1350,700,194.3495268051428,6.416015045745962,circular
757,1100,700,352.5896645846576,25.452908776355446,-85,-85,25.684904084789977,1350,700,200.76554185088875,6.416015045745962,circular
758,1100,700,352.5896645846576,24.646943359767004,-85,-85,25.157178905256924,1350,700,207.1815568966347,6.416015045745962,circular
759,1100,700,352.5896645846576,23.553218972269416,-85,-85,24.1582774269213,1350,700,213.59757194238065,6.416015045745962,circular
760,1100,700,352.5896645846576,21.418119305852123,-85,-85,22.793695368992225,1350,700,220.0135869881266,6.416015045745962,circular
761,1100,700,352.5896645846576,17.51315549939211,-85,-85,19.914354227256315,1350,700,226.42960203387256,6.416015045745962,circular
762,1100,700,352.5896645846576,-85,-85,-85,11.50579409835762,1350,700,232.8456170796185,6.416015045745962,circular
763,1100,700,352.5896645846576,-85,-85,-85,-85,1350,700,239.26163212536446,6.416015045745962,circular
764,1100,700,352.5896645846576,-85,-85,-85,-85,1350,700,245.6776471711104,6.416015045745962,circular
765,1100,700,352.5896645846576,-85,-85,-85,-85,1350,700,252.09366221685636,6.416015045745962,circular
766,1100,700,352.5896645846576,-85,-85,-85,-85,1350,700,258.50967726260234,6.416015045745962,circular
767,1100,700,352.5896645846576,-85,-85,-85,-85,1350,700,264.9256923083483,6.416015045745962,circular
768,1100,700,352.5896645846576,-85,-85,-85,-85,1350,700,271.34170735409424,6.416015045745962,circular
769,1100,700,352.5896645846576,-85,-85,-85,-85,1350,700,277.7577223998402,6.416015045745962,circular
770,1100,700,352.5896645846576,-85,-85,-85,-85,1350,700,284.17373744558614,6.416015045745962,circular
771,1100,700,352.5896645846576,-85,-85,-85,-85,1350,700,290.5897524913321,6.416015045745962,circular
772,1100,700,352.5896645846576,-85,-85,-85,-85,1350,700,297.00576753707804,6.416015045745962,circular
773,1100,700,352.5896645846576,-85,-85,-85,-85,1350,700,303.421782582824,6.416015045745962,circular
774,1100,700,352.5896645846576,-85,-85,-85,-85,1350,700,309.83779762856994,6.416015045745962,circular
775,1100,700,352.5896645846576,-85,-85,-85,-85,1350,700,316.2538126743159,6.416015045745962,circular
776,1100,700,352.5896645846576,-85,-85,-85,-85,1350,700,322.66982772006185,6.416015045745962,circular
777,1100,700,352.5896645846576,-85,-85,-85,-85,1350,700,329.0858427658078,6.416015045745962,circular
778,1100,700,352.5896645846576,-85,-85,-85,-85,1350,700,335.50185781155375,6.416015045745962,circular
779,1100,700,352.5896645846576,-85,-85,-85,-85,1350,700,341.9178728572997,6.416015045745962,circular
780,1100,700,352.5896645846576,-85,-85,-85,-85,1350,700,348.33388790304565,6.416015045745962,circular
781,1100,700,352.5896645846576,-85,-85,-85,-85,1350,700,354.7499029487916,6.416015045745962,circular
782,1100,700,352.5896645846576,-85,-85,-85,-85,1350,700,1.1659179945375513,6.416015045745962,circular
783,1100,700,352.5896645846576,-85,-85,-85,-85,1350,700,7.581933040283514,6.416015045745962,circular
784,1100,700,352.5896645846576,-85,-85,-85,-85,1350,700,13.997948086029476,6.416015045745962,circular
785,1100,700,352.5896645846576,-85,-85,-85,-85,1350,700,20.41396313177544,6.416015045745962,circular
786,1100,700,352.5896645846576,-85,-85,-85,-85,1350,700,26.8299781775214,6.416015045745962,circular
787,1100,700,352.5896645846576,-85,-85,-85,-85,1350,700,33.24599322326736,6.416015045745962,circular
788,1100,700,352.5896645846576,-85,-85,-85,-85,1350,700,39.66200826901333,6.416015045745962,circular
789,1100,700,352.5896645846576,-85,-85,-85,-85,1350,700,46.07802331475929,6.416015045745962,circular
790,1100,700,352.5896645846576,-85,-85,-85,-85,1350,700,52.49403836050526,6.416015045745962,circular
791,1100,700,352.5896645846576,-85,-85,-85,-85,1350,700,58.91005340625122,6.416015045745962,circular
792,1100,700,352.5896645846576,-85,-85,-85,-85,1350,700,65.32606845199719,6.416015045745962,circular
793,1100,700,352.5896645846576,-85,-85,-85,-85,1350,700,71.74208349774315,6.416015045745962,circular
794,1100,700,352.5896645846576,-85,-85,-85,-85,1350,700,78.15809854348912,6.416015045745962,circular
795,1100,700,352.5896645846576,-85,-85,-85,-85,1350,700,84.57411358923508,6.416015045745962,circular
796,1100,700,352.5896645846576,-85,-85,-85,-85,1350,700,90.99012863498105,6.416015045745962,circular
797,1100,700,352.5896645846576,-85,-85,-85,-85,1350,700,97.40614368072701,6.416015045745962,circular
798,1100,700,352.5896645846576,-85,-85,-85,-85,1350,700,103.82215872647298,6.416015045745962,circular
799,1100,700,352.5896645846576,-85,-85,-85,-85,1350,700,110.23817377221894,6.416015045745962,circular
800,1100,700,352.5896645846576,-85,-85,-85,-85,1350,700,116.65418881796491,6.416015045745962,circular
801,1100,700,352.5896645846576,-85,-85,-85,-85,1350,700,123.07020386371087,6.416015045745962,circular
802,1100,700,352.5896645846576,-85,-85,-85,-85,1350,700,129.48621890945682,6.416015045745962,circular
803,1100,700,352.5896645846576,-85,-85,-85,-85,1350,700,135.90223395520277,6.416015045745962,circular
804,1100,700,352.5896645846576,16.269948115724727,-85,-85,-85,1350,700,142.31824900094873,6.416015045745962,circular
805,1100,700,352.5896645846576,20.97742610025734,-85,-85,19.25639156218217,1350,700,148.73426404669468,6.416015045745962,circular
806,1100,700,352.5896645846576,23.31969953712386,-85,-85,22.170735458799452,1350,700,155.15027909244063,6.416015045745962,circular
807,1100,700,352.5896645846576,24.495315191602927,-85,-85,23.971022246457757,1350,700,161.56629413818658,6.416015045745962,circular
808,1100,700,352.5896645846576,25.36180729449956,-85,-85,24.92014212493214,1350,700,167.98230918393253,6.416015045745962,circular
809,1100,700,352.5896645846576,25.80746062382631,-85,-85,25.614204328866276,1350,700,174.39832422967848,6.416015045745962,circular
810,1100,700,352.5896645846576,26.035130213615616,-85,-85,25.946643644493044,1350,700,180.81433927542443,6.416015045745962,circular
811,1100,700,352.5896645846576,26.067010357935978,-85,-85,26.074956048612798,1350,700,187.23035432117038,6.416015045745962,circular
812,1100,700,352.5896645846576,25.906018829630398,-85,-85,26.011117049096303,1350,700,193.64636936691633,6.416015045745962,circular
813,1100,700,352.5896645846576,25.452908776355446,-85,-85,25.7492610641292,1350,700,200.06238441266228,6.416015045745962,circular
814,1100,700,352.5896645846576,24.788337040832293,-85,-85,25.157178905256924,1350,700,206.47839945840823,6.416015045745962,circular
815,1100,700,352.5896645846576,23.769789312347285,-85,-85,24.332711411139446,1350,700,212.89441450415418,6.416015045745962,circular
816,1100,700,352.5896645846576,21.81335663023087,-85,-85,22.793695368992225,1350,700,219.31042954990014,6.416015045745962,circular
817,1100,700,352.5896645846576,18.474304759512954,-85,-85,20.48098321025059,1350,700,225.7264445956461,6.416015045745962,circular
818,1100,700,352.5896645846576,-85,-85,-85,14.513447644213265,1350,700,232.14245964139204,6.416015045745962,circular
819,1100,700,352.5896645846576,-85,-85,-85,-85,1350,700,238.558474687138,6.416015045745962,circular
820,1100,700,352.5896645846576,-85,-85,-85,-85,1350,700,244.97448973288394,6.416015045745962,circular
821,1100,700,352.5896645846576,-85,-85,-85,-85,1350,700,251.3905047786299,6.416015045745962,circular
822,1100,700,352.5896645846576,-85,-85,-85,-85,1350,700,257.80651982437587,6.416015045745962,circular
823,1100,700,352.5896645846576,-85,-85,-85,-85,1350,700,264.2225348701218,6.416015045745962,circular
824,1100,700,352.5896645846576,-85,-85,-85,-85,1350,700,270.63854991586777,6.416015045745962,circular
825,1100,700,352.5896645846576,-85,-85,-85,-85,1350,700,277.0545649616137,6.416015045745962,circular
826,1100,700,352.5896645846576,-85,-85,-85,-85,1350,700,283.4705800073597,6.416015045745962,circular
827,1100,700,352.5896645846576,-85,-85,-85,-85,1350,700,289.8865950531056,6.416015045745962,circular
828,1100,700,352.5896645846576,-85,-85,-85,-85,1350,700,296.3026100988516,6.416015045745962,circular
829,1100,700,352.5896645846576,-85,-85,-85,-85,1350,700,302.7186251445975,6.416015045745962,circular
830,1100,700,352.5896645846576,-85,-85,-85,-85,1350,700,309.1346401903435,6.416015045745962,circular
831,1100,700,352.5896645846576,-85,-85,-85,-85,1350,700,315.5506552360894,6.416015045745962,circular
832,1100,700,352.5896645846576,-85,-85,-85,-85,1350,700,321.9666702818354,6.416015045745962,circular
833,1100,700,352.5896645846576,-85,-85,-85,-85,1350,700,328.3826853275813,6.416015045745962,circular
834,1100,700,352.5896645846576,-85,-85,-85,-85,1350,700,334.7987003733273,6.416015045745962,circular
835,1100,700,352.5896645846576,-85,-85,-85,-85,1350,700,341.21471541907323,6.416015045745962,circular
836,1100,700,352.5896645846576,-85,-85,-85,-85,1350,700,347.6307304648192,6.416015045745962,circular
837,1100,700,352.5896645846576,-85,-85,-85,-85,1350,700,354.04674551056513,6.416015045745962,circular
838,1100,700,352.5896645846576,-85,-85,-85,-85,1350,700,0.4627605563110819,6.416015045745962,circular
839,1100,700,352.5896645846576,-85,-85,-85,-85,1350,700,6.878775602057044,6.416015045745962,circular
840,1100,700,352.5896645846576,-85,-85,-85,-85,1350,700,13.294790647803007,6.416015045745962,circular
841,1100,700,352.5896645846576,-85,-85,-85,-85,1350,700,19.71080569354897,6.416015045745962,circular
842,1100,700,352.5896645846576,-85,-85,-85,-85,1350,700,26.12682073929493,6.416015045745962,circular
843,1100,700,352.5896645846576,-85,-85,-85,-85,1350,700,32.54283578504089,6.416015045745962,circular
844,1100,700,352.5896645846576,-85,-85,-85,-85,1350,700,38.95885083078686,6.416015045745962,circular
845,1100,700,352.5896645846576,-85,-85,-85,-85,1350,700,45.37486587653282,6.416015045745962,circular
846,1100,700,352.5896645846576,-85,-85,-85,-85,1350,700,51.79088092227879,6.416015045745962,circular
847,1100,700,352.5896645846576,-85,-85,-85,-85,1350,700,58.20689596802475,6.416015045745962,circular
848,1100,700,352.5896645846576,-85,-85,-85,-85,1350,700,64.62291101377072,6.416015045745962,circular
849,1100,700,352.5896645846576,-85,-85,-85,-85,1350,700,71.03892605951668,6.416015045745962,circular
850,1100,700,352.5896645846576,-85,-85,-85,-85,1350,700,77.45494110526265,6.416015045745962,circular
851,1100,700,352.5896645846576,-85,-85,-85,-85,1350,700,83.87095615100861,6.416015045745962,circular
852,1100,700,352.5896645846576,-85,-85,-85,-85,1350,700,90.28697119675458,6.416015045745962,circular
853,1100,700,352.5896645846576,-85,-85,-85,-85,1350,700,96.70298624250054,6.416015045745962,circular
854,1100,700,352.5896645846576,-85,-85,-85,-85,1350,700,103.11900128824651,6.416015045745962,circular
855,1100,700,352.5896645846576,-85,-85,-85,-85,1350,700,109.53501633399247,6.416015045745962,circular
856,1100,700,352.5896645846576,-85,-85,-85,-85,1350,700,115.95103137973844,6.416015045745962,circular
857,1100,700,352.5896645846576,-85,-85,-85,-85,1350,700,122.3670464254844,6.416015045745962,circular
858,1100,700,352.5896645846576,-85,-85,-85,-85,1350,700,128.78306147123035,6.416015045745962,circular
859,1100,700,352.5896645846576,-85,-85,-85,-85,1350,700,135.1990765169763,6.416015045745962,circular
860,1100,700,352.5896645846576,14.513447644213304,-85,-85,-85,1350,700,141.61509156272226,6.416015045745962,circular
861,1100,700,352.5896645846576,20.97742610025734,-85,-85,18.47430475951294,1350,700,148.0311066084682,6.416015045745962,circular
862,1100,700,352.5896645846576,23.06730250275713,-85,-85,22.170735458799452,1350,700,154.44712165421416,6.416015045745962,circular
863,1100,700,352.5896645846576,24.33271141113945,-85,-85,23.769789312347285,1350,700,160.8631366999601,6.416015045745962,circular
864,1100,700,352.5896645846576,25.26334459461691,-85,-85,24.92014212493214,1350,700,167.27915174570606,6.416015045745962,circular
865,1100,700,352.5896645846576,25.7492610641292,-85,-85,25.536951728381826,1350,700,173.695166791452,6.416015045745962,circular
866,1100,700,352.5896645846576,26.035130213615616,-85,-85,25.906018829630398,1350,700,180.11118183719796,6.416015045745962,circular
867,1100,700,352.5896645846576,26.074956048612798,-85,-85,26.074956048612798,1350,700,186.5271968829439,6.416015045745962,circular
868,1100,700,352.5896645846576,25.946643644493044,-85,-85,26.035130213615616,1350,700,192.94321192868986,6.416015045745962,circular
869,1100,700,352.5896645846576,25.536951728381826,-85,-85,25.7492610641292,1350,700,199.3592269744358,6.416015045745962,circular
870,1100,700,352.5896645846576,24.92014212493214,-85,-85,25.263344594616918,1350,700,205.77524202018176,6.416015045745962,circular
871,1100,700,352.5896645846576,23.769789312347285,-85,-85,24.495315191602927,1350,700,212.19125706592772,6.416015045745962,circular
872,1100,700,352.5896645846576,22.170735458799452,-85,-85,23.067302502757133,1350,700,218.60727211167367,6.416015045745962,circular
873,1100,700,352.5896645846576,18.474304759512954,-85,-85,20.97742610025735,1350,700,225.02328715741962,6.416015045745962,circular
874,1100,700,352.5896645846576,-85,-85,-85,14.513447644213265,1350,700,231.43930220316557,6.416015045745962,circular
875,1100,700,352.5896645846576,-85,-85,-85,-85,1350,700,237.85531724891152,6.416015045745962,circular
876,1100,700,352.5896645846576,-85,-85,-85,-85,1350,700,244.27133229465747,6.416015045745962,circular
877,1100,700,352.5896645846576,-85,-85,-85,-85,1350,700,250.68734734040342,6.416015045745962,circular
878,1100,700,352.5896645846576,-85,-85,-85,-85,1350,700,257.1033623861494,6.416015045745962,circular
879,1100,700,352.5896645846576,-85,-85,-85,-85,1350,700,263.51937743189535,6.416015045745962,circular
880,1100,700,352.5896645846576,-85,-85,-85,-85,1350,700,269.9353924776413,6.416015045745962,circular
881,1100,700,352.5896645846576,-85,-85,-85,-85,1350,700,276.35140752338725,6.416015045745962,circular
882,1100,700,352.5896645846576,-85,-85,-85,-85,1350,700,282.7674225691332,6.416015045745962,circular
883,1100,700,352.5896645846576,-85,-85,-85,-85,1350,700,289.18343761487915,6.416015045745962,circular
884,1100,700,352.5896645846576,-85,-85,-85,-85,1350,700,295.5994526606251,6.416015045745962,circular
885,1100,700,352.5896645846576,-85,-85,-85,-85,1350,700,302.01546770637106,6.416015045745962,circular
886,1100,700,352.5896645846576,-85,-85,-85,-85,1350,700,308.431482752117,6.416015045745962,circular
887,1100,700,352.5896645846576,-85,-85,-85,-85,1350,700,314.84749779786296,6.416015045745962,circular
888,1100,700,352.5896645846576,-85,-85,-85,-85,1350,700,321.2635128436089,6.416015045745962,circular
889,1100,700,352.5896645846576,-85,-85,-85,-85,1350,700,327.67952788935486,6.416015045745962,circular
890,1100,700,352.5896645846576,-85,-85,-85,-85,1350,700,334.0955429351008,6.416015045745962,circular
891,1100,700,352.5896645846576,-85,-85,-85,-85,1350,700,340.51155798084676,6.416015045745962,circular
892,1100,700,352.5896645846576,-85,-85,-85,-85,1350,700,346.9275730265927,6.416015045745962,circular
893,1100,700,352.5896645846576,-85,-85,-85,-85,1350,700,353.34358807233866,6.416015045745962,circular
894,1100,700,352.5896645846576,-85,-85,-85,-85,1350,700,359.7596031180846,6.416015045745962,circular
895,1100,700,352.5896645846576,-85,-85,-85,-85,1350,700,6.175618163830563,6.416015045745962,circular
896,1100,700,352.5896645846576,-85,-85,-85,-85,1350,700,12.591633209576525,6.416015045745962,circular
897,1100,700,352.5896645846576,-85,-85,-85,-85,1350,700,19.007648255322486,6.416015045745962,circular
898,1100,700,352.5896645846576,-85,-85,-85,-85,1350,700,25.423663301068448,6.416015045745962,circular
899,1100,700,352.5896645846576,-85,-85,-85,-85,1350,700,31.83967834681441,6.416015045745962,circular
900,1100,700,352.5896645846576,-85,-85,-85,-85,1350,700,38.255693392560374,6.416015045745962,circular
901,1100,700,352.5896645846576,-85,-85,-85,-85,1350,700,44.67170843830634,6.416015045745962,circular
902,1100,700,352.5896645846576,-85,-85,-85,-85,1350,700,51.087723484052304,6.416015045745962,circular
903,1100,700,352.5896645846576,-85,-85,-85,-85,1350,700,57.50373852979827,6.416015045745962,circular
904,1100,700,352.5896645846576,-85,-85,-85,-85,1350,700,63.919753575544235,6.416015045745962,circular
905,1100,700,352.5896645846576,-85,-85,-85,-85,1350,700,70.3357686212902,6.416015045745962,circular
906,1100,700,352.5896645846576,-85,-85,-85,-85,1350,700,76.75178366703616,6.416015045745962,circular
907,1100,700,352.5896645846576,-85,-85,-85,-85,1350,700,83.16779871278213,6.416015045745962,circular
908,1100,700,352.5896645846576,-85,-85,-85,-85,1350,700,89.5838137585281,6.416015045745962,circular
909,1100,700,352.5896645846576,-85,-85,-85,-85,1350,700,95.99982880427406,6.416015045745962,circular
910,1100,700,352.5896645846576,-85,-85,-85,-85,1350,700,102.41584385002002,6.416015045745962,circular
911,1100,700,352.5896645846576,-85,-85,-85,-85,1350,700,108.83185889576599,6.416015045745962,circular
912,1100,700,352.5896645846576,-85,-85,-85,-85,1350,700,115.24787394151195,6.416015045745962,circular
913,1100,700,352.5896645846576,-85,-85,-85,-85,1350,700,121.66388898725792,6.416015045745962,circular
914,1100,700,352.5896645846576,-85,-85,-85,-85,1350,700,128.07990403300388,6.416015045745962,circular
915,1100,700,352.5896645846576,-85,-85,-85,-85,1350,700,134.49591907874984,6.416015045745962,circular
916,1100,700,352.5896645846576,11.505794098357505,-85,-85,-85,1350,700,140.9119341244958,6.416015045745962,circular
917,1100,700,352.5896645846576,20.48098321025059,-85,-85,18.47430475951294,1350,700,147.32794917024174,6.416015045745962,circular
918,1100,700,352.5896645846576,22.793695368992218,-85,-85,21.813356630230874,1350,700,153.7439642159877,6.416015045745962,circular
919,1100,700,352.5896645846576,24.33271141113945,-85,-85,23.553218972269416,1350,700,160.15997926173364,6.416015045745962,circular
920,1100,700,352.5896645846576,25.157178905256924,-85,-85,24.78833704083229,1350,700,166.5759943074796,6.416015045745962,circular
921,1100,700,352.5896645846576,25.7492610641292,-85,-85,25.452908776355446,1350,700,172.99200935322554,6.416015045745962,circular
922,1100,700,352.5896645846576,26.011117049096303,-85,-85,25.906018829630398,1350,700,179.4080243989715,6.416015045745962,circular
923,1100,700,352.5896645846576,26.077602459396946,-85,-85,26.067010357935978,1350,700,185.82403944471744,6.416015045745962,circular
924,1100,700,352.5896645846576,25.946643644493044,-85,-85,26.053745949214605,1350,700,192.2400544904634,6.416015045745962,circular
925,1100,700,352.5896645846576,25.614204328866276,-85,-85,25.807460623826316,1350,700,198.65606953620934,6.416015045745962,circular
926,1100,700,352.5896645846576,24.92014212493214,-85,-85,25.361807294499556,1350,700,205.0720845819553,6.416015045745962,circular
927,1100,700,352.5896645846576,23.97102224645776,-85,-85,24.495315191602927,1350,700,211.48809962770125,6.416015045745962,circular
928,1100,700,352.5896645846576,22.496022074683278,-85,-85,23.319699537123853,1350,700,217.9041146734472,6.416015045745962,circular
929,1100,700,352.5896645846576,19.25639156218219,-85,-85,20.97742610025735,1350,700,224.32012971919315,6.416015045745962,circular
930,1100,700,352.5896645846576,-85,-85,-85,16.269948115724716,1350,700,230.7361447649391,6.416015045745962,circular
931,1100,700,352.5896645846576,-85,-85,-85,-85,1350,700,237.15215981068505,6.416015045745962,circular
932,1100,700,352.5896645846576,-85,-85,-85,-85,1350,700,243.568174856431,6.416015045745962,circular
933,1100,700,352.5896645846576,-85,-85,-85,-85,1350,700,249.98418990217695,6.416015045745962,circular
934,1100,700,352.5896645846576,-85,-85,-85,-85,1350,700,256.40020494792293,6.416015045745962,circular
935,1100,700,352.5896645846576,-85,-85,-85,-85,1350,700,262.8162199936689,6.416015045745962,circular
936,1100,700,352.5896645846576,-85,-85,-85,-85,1350,700,269.23223503941483,6.416015045745962,circular
937,1100,700,352.5896645846576,-85,-85,-85,-85,1350,700,275.6482500851608,6.416015045745962,circular
938,1100,700,352.5896645846576,-85,-85,-85,-85,1350,700,282.06426513090673,6.416015045745962,circular
939,1100,700,352.5896645846576,-85,-85,-85,-85,1350,700,288.4802801766527,6.416015045745962,circular
940,1100,700,352.5896645846576,-85,-85,-85,-85,1350,700,294.89629522239863,6.416015045745962,circular
941,1100,700,352.5896645846576,-85,-85,-85,-85,1350,700,301.3123102681446,6.416015045745962,circular
942,1100,700,352.5896645846576,-85,-85,-85,-85,1350,700,307.72832531389054,6.416015045745962,circular
943,1100,700,352.5896645846576,-85,-85,-85,-85,1350,700,314.1443403596365,6.416015045745962,circular
944,1100,700,352.5896645846576,-85,-85,-85,-85,1350,700,320.56035540538244,6.416015045745962,circular
945,1100,700,352.5896645846576,-85,-85,-85,-85,1350,700,326.9763704511284,6.416015045745962,circular
946,1100,700,352.5896645846576,-85,-85,-85,-85,1350,700,333.39238549687434,6.416015045745962,circular
947,1100,700,352.5896645846576,-85,-85,-85,-85,1350,700,339.8084005426203,6.416015045745962,circular
948,1100,700,352.5896645846576,-85,-85,-85,-85,1350,700,346.22441558836624,6.416015045745962,circular
949,1100,700,352.5896645846576,-85,-85,-85,-85,1350,700,352.6404306341122,6.416015045745962,circular
950,1100,700,352.5896645846576,-85,-85,-85,-85,1350,700,359.05644567985814,6.416015045745962,circular
951,1100,700,352.5896645846576,-85,-85,-85,-85,1350,700,5.472460725604094,6.416015045745962,circular
952,1100,700,352.5896645846576,-85,-85,-85,-85,1350,700,11.888475771350056,6.416015045745962,circular
953,1100,700,352.5896645846576,-85,-85,-85,-85,1350,700,18.304490817096017,6.416015045745962,circular
954,1100,700,352.5896645846576,-85,-85,-85,-85,1350,700,24.72050586284198,6.416015045745962,circular
955,1100,700,352.5896645846576,-85,-85,-85,-85,1350,700,31.13652090858794,6.416015045745962,circular
956,1100,700,352.5896645846576,-85,-85,-85,-85,1350,700,37.552535954333905,6.416015045745962,circular
957,1100,700,352.5896645846576,-85,-85,-85,-85,1350,700,43.96855100007987,6.416015045745962,circular
958,1100,700,352.5896645846576,-85,-85,-85,-85,1350,700,50.384566045825835,6.416015045745962,circular
959,1100,700,352.5896645846576,-85,-85,-85,-85,1350,700,56.8005810915718,6.416015045745962,circular
960,1100,700,352.5896645846576,-85,-85,-85,-85,1350,700,63.216596137317765,6.416015045745962,circular
961,1100,700,352.5896645846576,-85,-85,-85,-85,1350,700,69.63261118306373,6.416015045745962,circular
962,1100,700,352.5896645846576,-85,-85,-85,-85,1350,700,76.0486262288097,6.416015045745962,circular
963,1100,700,352.5896645846576,-85,-85,-85,-85,1350,700,82.46464127455566,6.416015045745962,circular
964,1100,700,352.5896645846576,-85,-85,-85,-85,1350,700,88.88065632030163,6.416015045745962,circular
965,1100,700,352.5896645846576,-85,-85,-85,-85,1350,700,95.29667136604759,6.416015045745962,circular
966,1100,700,352.5896645846576,-85,-85,-85,-85,1350,700,101.71268641179356,6.416015045745962,circular
967,1100,700,352.5896645846576,-85,-85,-85,-85,1350,700,108.12870145753952,6.416015045745962,circular
968,1100,700,352.5896645846576,-85,-85,-85,-85,1350,700,114.54471650328549,6.416015045745962,circular
969,1100,700,352.5896645846576,-85,-85,-85,-85,1350,700,120.96073154903145,6.416015045745962,circular
970,1100,700,352.5896645846576,-85,-85,-85,-85,1350,700,127.37674659477742,6.416015045745962,circular
971,1100,700,352.5896645846576,-85,-85,-85,-85,1350,700,133.79276164052337,6.416015045745962,circular
972,1100,700,352.5896645846576,11.505794098357505,-85,-85,-85,1350,700,140.20877668626932,6.416015045745962,circular
973,1100,700,352.5896645846576,19.91435422725632,-85,-85,17.513155499392102,1350,700,146.62479173201527,6.416015045745962,circular
974,1100,700,352.5896645846576,22.793695368992218,-85,-85,21.41811930585211,1350,700,153.04080677776122,6.416015045745962,circular
975,1100,700,352.5896645846576,24.1582774269213,-85,-85,23.553218972269416,1350,700,159.45682182350717,6.416015045745962,circular
976,1100,700,352.5896645846576,25.042923900792417,-85,-85,24.646943359767004,1350,700,165.87283686925312,6.416015045745962,circular
977,1100,700,352.5896645846576,25.684904084789974,-85,-85,25.452908776355446,1350,700,172.28885191499907,6.416015045745962,circular
978,1100,700,352.5896645846576,25.9816463993744,-85,-85,25.859665714847075,1350,700,178.70486696074502,6.416015045745962,circular
979,1100,700,352.5896645846576,26.077602459396946,-85,-85,26.053745949214605,1350,700,185.12088200649097,6.416015045745962,circular
980,1100,700,352.5896645846576,25.9816463993744,-85,-85,26.053745949214605,1350,700,191.53689705223692,6.416015045745962,circular
981,1100,700,352.5896645846576,25.684904084789977,-85,-85,25.859665714847075,1350,700,197.95291209798287,6.416015045745962,circular
982,1100,700,352.5896645846576,25.042923900792417,-85,-85,25.361807294499556,1350,700,204.36892714372883,6.416015045745962,circular
983,1100,700,352.5896645846576,24.1582774269213,-85,-85,24.646943359767004,1350,700,210.78494218947478,6.416015045745962,circular
984,1100,700,352.5896645846576,22.496022074683278,-85,-85,23.553218972269416,1350,700,217.20095723522073,6.416015045745962,circular
985,1100,700,352.5896645846576,19.914354227256315,-85,-85,21.418119305852123,1350,700,223.61697228096668,6.416015045745962,circular
986,1100,700,352.5896645846576,-85,-85,-85,17.51315549939211,1350,700,230.03298732671263,6.416015045745962,circular
987,1100,700,352.5896645846576,-85,-85,-85,-85,1350,700,236.44900237245858,6.416015045745962,circular
988,1100,700,352.5896645846576,-85,-85,-85,-85,1350,700,242.86501741820453,6.416015045745962,circular
989,1100,700,352.5896645846576,-85,-85,-85,-85,1350,700,249.28103246395048,6.416015045745962,circular
990,1100,700,352.5896645846576,-85,-85,-85,-85,1350,700,255.69704750969643,6.416015045745962,circular
991,1100,700,352.5896645846576,-85,-85,-85,-85,1350,700,262.1130625554424,6.416015045745962,circular
992,1100,700,352.5896645846576,-85,-85,-85,-85,1350,700,268.52907760118836,6.416015045745962,circular
993,1100,700,352.5896645846576,-85,-85,-85,-85,1350,700,274.9450926469343,6.416015045745962,circular
994,1100,700,352.5896645846576,-85,-85,-85,-85,1350,700,281.36110769268026,6.416015045745962,circular
995,1100,700,352.5896645846576,-85,-85,-85,-85,1350,700,287.7771227384262,6.416015045745962,circular
996,1100,700,352.5896645846576,-85,-85,-85,-85,1350,700,294.19313778417217,6.416015045745962,circular
997,1100,700,352.5896645846576,-85,-85,-85,-85,1350,700,300.6091528299181,6.416015045745962,circular
998,1100,700,352.5896645846576,-85,-85,-85,-85,1350,700,307.02516787566407,6.416015045745962,circular
999,1100,700,352.5896645846576,-85,-85,-85,-85,1350,700,313.44118292141,6.416015045745962,circular
