Tick,Aircraft X,Aircraft Y,Aircraft Heading,A1,A2,A3,A4,Radar X,Radar Y,Radar Azimuth,Radar RPM,Radar Scan Pattern
0,1100,700,302.52272287548885,-85,25.042923900792417,25.452908776355446,-85,1350,700,178.65674305583227,10.334713636642789,circular
1,1100,700,302.52272287548885,26.074956048612798,26.077602459396946,-85,-85,1350,700,188.99145669247505,10.334713636642789,circular
2,1100,700,302.52272287548885,25.906018829630398,25.7492610641292,-85,-85,1350,700,199.32617032911784,10.334713636642789,circular
3,1100,700,302.52272287548885,25.157178905256924,24.788337040832293,-85,-85,1350,700,209.66088396576063,10.334713636642789,circular
4,1100,700,302.52272287548885,23.319699537123853,22.793695368992225,-85,-85,1350,700,219.99559760240342,10.334713636642789,circular
5,1100,700,302.52272287548885,19.25639156218219,16.269948115724716,-85,-85,1350,700,230.3303112390462,10.334713636642789,circular
6,1100,700,302.52272287548885,-85,-85,-85,-85,1350,700,240.665024875689,10.334713636642789,circular
7,1100,700,302.52272287548885,-85,-85,-85,-85,1350,700,250.9997385123318,10.334713636642789,circular
8,1100,700,302.52272287548885,-85,-85,-85,-85,1350,700,261.3344521489746,10.334713636642789,circular
9,1100,700,302.52272287548885,-85,-85,-85,-85,1350,700,271.6691657856174,10.334713636642789,circular
10,1100,700,302.52272287548885,-85,-85,-85,-85,1350,700,282.0038794222602,10.334713636642789,circular
11,1100,700,302.52272287548885,-85,-85,-85,-85,1350,700,292.338593058903,10.334713636642789,circular
12,1100,700,302.52272287548885,-85,-85,-85,-85,1350,700,302.67330669554576,10.334713636642789,circular
13,1100,700,302.52272287548885,-85,-85,-85,-85,1350,700,313.00802033218855,10.334713636642789,circular
14,1100,700,302.52272287548885,-85,-85,-85,-85,1350,700,323.34273396883134,10.334713636642789,circular
15,1100,700,302.52272287548885,-85,-85,-85,-85,1350,700,333.67744760547413,10.334713636642789,circular
16,1100,700,302.52272287548885,-85,-85,-85,-85,1350,700,344.0121612421169,10.334713636642789,circular
17,1100,700,302.52272287548885,-85,-85,-85,-85,1350,700,354.3468748787597,10.334713636642789,circular
18,1100,700,302.52272287548885,-85,-85,-85,-85,1350,700,4.681588515402495,10.334713636642789,circular
19,1100,700,302.52272287548885,-85,-85,-85,-85,1350,700,15.016302152045284,10.334713636642789,circular
20,1100,700,302.52272287548885,-85,-85,-85,-85,1350,700,25.351015788688073,10.334713636642789,circular
21,1100,700,302.52272287548885,-85,-85,-85,-85,1350,700,35.68572942533086,10.334713636642789,circular
22,1100,700,302.52272287548885,-85,-85,-85,-85,1350,700,46.02044306197365,10.334713636642789,circular
23,1100,700,302.52272287548885,-85,-85,-85,-85,1350,700,56.35515669861644,10.334713636642789,circular
24,1100,700,302.52272287548885,-85,-85,-85,-85,1350,700,66.68987033525923,10.334713636642789,circular
25,1100,700,302.52272287548885,-85,-85,-85,-85,1350,700,77.02458397190202,10.334713636642789,circular
26,1100,700,302.52272287548885,-85,-85,-85,-85,1350,700,87.35929760854481,10.334713636642789,circular
27,1100,700,302.52272287548885,-85,-85,-85,-85,1350,700,97.6940112451876,10.334713636642789,circular
28,1100,700,302.52272287548885,-85,-85,-85,-85,1350,700,108.02872488183039,10.334713636642789,circular
29,1100,700,302.52272287548885,-85,-85,-85,-85,1350,700,118.36343851847317,10.334713636642789,circular
30,1100,700,302.52272287548885,-85,-85,-85,-85,1350,700,128.69815215511596,10.334713636642789,circular
31,1100,700,302.52272287548885,-85,-85,-85,-85,1350,700,139.03286579175875,10.334713636642789,circular
32,1100,700,302.52272287548885,17.513155499392102,19.91435422725632,-85,-85,1350,700,149.36757942840154,10.334713636642789,circular
33,1100,700,302.52272287548885,22.793695368992218,23.553218972269416,-85,-85,1350,700,159.70229306504433,10.334713636642789,circular
34,1100,700,302.52272287548885,24.92014212493214,25.157178905256924,-85,-85,1350,700,170.03700670168712,10.334713636642789,circular
35,1100,700,302.52272287548885,25.80746062382631,25.946643644493044,-85,-85,1350,700,180.3717203383299,10.334713636642789,circular
36,1100,700,302.52272287548885,26.077602459396946,26.067010357935978,-85,-85,1350,700,190.7064339749727,10.334713636642789,circular
37,1100,700,302.52272287548885,25.807460623826316,25.684904084789977,-85,-85,1350,700,201.0411476116155,10.334713636642789,circular
38,1100,700,302.52272287548885,24.92014212493214,24.495315191602927,-85,-85,1350,700,211.37586124825827,10.334713636642789,circular
39,1100,700,302.52272287548885,23.067302502757133,22.170735458799452,-85,-85,1350,700,221.71057488490106,10.334713636642789,circular
40,1100,700,302.52272287548885,17.51315549939211,14.513447644213265,-85,-85,1350,700,232.04528852154385,10.334713636642789,circular
41,1100,700,302.52272287548885,-85,-85,-85,-85,1350,700,242.38000215818664,10.334713636642789,circular
42,1100,700,302.52272287548885,-85,-85,-85,-85,1350,700,252.71471579482943,10.334713636642789,circular
43,1100,700,302.52272287548885,-85,-85,-85,-85,1350,700,263.0494294314722,10.334713636642789,circular
44,1100,700,302.52272287548885,-85,-85,-85,-85,1350,700,273.384143068115,10.334713636642789,circular
45,1100,700,302.52272287548885,-85,-85,-85,-85,1350,700,283.7188567047578,10.334713636642789,circular
46,1100,700,302.52272287548885,-85,-85,-85,-85,1350,700,294.0535703414006,10.334713636642789,circular
47,1100,700,302.52272287548885,-85,-85,-85,-85,1350,700,304.3882839780434,10.334713636642789,circular
48,1100,700,302.52272287548885,-85,-85,-85,-85,1350,700,314.72299761468616,10.334713636642789,circular
49,1100,700,302.52272287548885,-85,-85,-85,-85,1350,700,325.05771125132895,10.334713636642789,circular
50,1100,700,302.52272287548885,-85,-85,-85,-85,1350,700,335.39242488797174,10.334713636642789,circular
51,1100,700,302.52272287548885,-85,-85,-85,-85,1350,700,345.72713852461453,10.334713636642789,circular
52,1100,700,302.52272287548885,-85,-85,-85,-85,1350,700,356.0618521612573,10.334713636642789,circular
53,1100,700,302.52272287548885,-85,-85,-85,-85,1350,700,6.396565797900109,10.334713636642789,circular
54,1100,700,302.52272287548885,-85,-85,-85,-85,1350,700,16.7312794345429,10.334713636642789,circular
55,1100,700,302.52272287548885,-85,-85,-85,-85,1350,700,27.065993071185687,10.334713636642789,circular
56,1100,700,302.52272287548885,-85,-85,-85,-85,1350,700,37.400706707828476,10.334713636642789,circular
57,1100,700,302.52272287548885,-85,-85,-85,-85,1350,700,47.735420344471265,10.334713636642789,circular
58,1100,700,302.52272287548885,-85,-85,-85,-85,1350,700,58.070133981114054,10.334713636642789,circular
59,1100,700,302.52272287548885,-85,-85,-85,-85,1350,700,68.40484761775684,10.334713636642789,circular
60,1100,700,302.52272287548885,-85,-85,-85,-85,1350,700,78.73956125439963,10.334713636642789,circular
61,1100,700,302.52272287548885,-85,-85,-85,-85,1350,700,89.07427489104242,10.334713636642789,circular
62,1100,700,302.52272287548885,-85,-85,-85,-85,1350,700,99.40898852768521,10.334713636642789,circular
63,1100,700,302.52272287548885,-85,-85,-85,-85,1350,700,109.743702164328,10.334713636642789,circular
64,1100,700,302.52272287548885,-85,-85,-85,-85,1350,700,120.07841580097079,10.334713636642789,circular
65,1100,700,302.52272287548885,-85,-85,-85,-85,1350,700,130.41312943761358,10.334713636642789,circular
66,1100,700,302.52272287548885,-85,-85,-85,-85,1350,700,140.74784307425637,10.334713636642789,circular
67,1100,700,302.52272287548885,19.25639156218217,20.97742610025734,-85,-85,1350,700,151.08255671089915,10.334713636642789,circular
68,1100,700,302.52272287548885,23.31969953712386,23.971022246457757,-85,-85,1350,700,161.41727034754194,10.334713636642789,circular
69,1100,700,302.52272287548885,25.042923900792417,25.36180729449956,-85,-85,1350,700,171.75198398418473,10.334713636642789,circular
70,1100,700,302.52272287548885,25.906018829630398,26.011117049096303,-85,-85,1350,700,182.08669762082752,10.334713636642789,circular
71,1100,700,302.52272287548885,26.074956048612798,26.035130213615616,-85,-85,1350,700,192.4214112574703,10.334713636642789,circular
72,1100,700,302.52272287548885,25.7492610641292,25.536951728381826,-85,-85,1350,700,202.7561248941131,10.334713636642789,circular
73,1100,700,302.52272287548885,24.646943359767004,24.1582774269213,-85,-85,1350,700,213.0908385307559,10.334713636642789,circular
74,1100,700,302.52272287548885,22.496022074683278,21.418119305852123,-85,-85,1350,700,223.42555216739868,10.334713636642789,circular
75,1100,700,302.52272287548885,16.269948115724716,-85,-85,-85,1350,700,233.76026580404147,10.334713636642789,circular
76,1100,700,302.52272287548885,-85,-85,-85,-85,1350,700,244.09497944068426,10.334713636642789,circular
77,1100,700,302.52272287548885,-85,-85,-85,-85,1350,700,254.42969307732704,10.334713636642789,circular
78,1100,700,302.52272287548885,-85,-85,-85,-85,1350,700,264.76440671396983,10.334713636642789,circular
79,1100,700,302.52272287548885,-85,-85,-85,-85,1350,700,275.0991203506126,10.334713636642789,circular
80,1100,700,302.52272287548885,-85,-85,-85,-85,1350,700,285.4338339872554,10.334713636642789,circular
81,1100,700,302.52272287548885,-85,-85,-85,-85,1350,700,295.7685476238982,10.334713636642789,circular
82,1100,700,302.52272287548885,-85,-85,-85,-85,1350,700,306.103261260541,10.334713636642789,circular
83,1100,700,302.52272287548885,-85,-85,-85,-85,1350,700,316.4379748971838,10.334713636642789,circular
84,1100,700,302.52272287548885,-85,-85,-85,-85,1350,700,326.77268853382657,10.334713636642789,circular
85,1100,700,302.52272287548885,-85,-85,-85,-85,1350,700,337.10740217046936,10.334713636642789,circular
86,1100,700,302.52272287548885,-85,-85,-85,-85,1350,700,347.44211580711215,10.334713636642789,circular
87,1100,700,302.52272287548885,-85,-85,-85,-85,1350,700,357.77682944375493,10.334713636642789,circular
88,1100,700,302.52272287548885,-85,-85,-85,-85,1350,700,8.111543080397723,10.334713636642789,circular
89,1100,700,302.52272287548885,-85,-85,-85,-85,1350,700,18.446256717040512,10.334713636642789,circular
90,1100,700,302.52272287548885,-85,-85,-85,-85,1350,700,28.7809703536833,10.334713636642789,circular
91,1100,700,302.52272287548885,-85,-85,-85,-85,1350,700,39.11568399032609,10.334713636642789,circular
92,1100,700,302.52272287548885,-85,-85,-85,-85,1350,700,49.45039762696888,10.334713636642789,circular
93,1100,700,302.52272287548885,-85,-85,-85,-85,1350,700,59.78511126361167,10.334713636642789,circular
94,1100,700,302.52272287548885,-85,-85,-85,-85,1350,700,70.11982490025446,10.334713636642789,circular
95,1100,700,302.52272287548885,-85,-85,-85,-85,1350,700,80.45453853689725,10.334713636642789,circular
96,1100,700,302.52272287548885,-85,-85,-85,-85,1350,700,90.78925217354004,10.334713636642789,circular
97,1100,700,302.52272287548885,-85,-85,-85,-85,1350,700,101.12396581018282,10.334713636642789,circular
98,1100,700,302.52272287548885,-85,-85,-85,-85,1350,700,111.45867944682561,10.334713636642789,circular
99,1100,700,302.52272287548885,-85,-85,-85,-85,1350,700,121.7933930834684,10.334713636642789,circular
100,1100,700,302.52272287548885,-85,-85,-85,-85,1350,700,132.1281067201112,10.334713636642789,circular
101,1100,700,302.52272287548885,-85,-85,-85,-85,1350,700,142.46282035675398,10.334713636642789,circular
102,1100,700,302.52272287548885,19.91435422725632,21.41811930585211,-85,-85,1350,700,152.79753399339677,10.334713636642789,circular
103,1100,700,302.52272287548885,23.769789312347285,24.33271141113945,-85,-85,1350,700,163.13224763003956,10.334713636642789,circular
104,1100,700,302.52272287548885,25.26334459461691,25.536951728381826,-85,-85,1350,700,173.46696126668235,10.334713636642789,circular
105,1100,700,302.52272287548885,25.946643644493044,26.035130213615616,-85,-85,1350,700,183.80167490332514,10.334713636642789,circular
106,1100,700,302.52272287548885,26.053745949214605,25.9816463993744,-85,-85,1350,700,194.13638853996792,10.334713636642789,circular
107,1100,700,302.52272287548885,25.614204328866276,25.361807294499556,-85,-85,1350,700,204.4711021766107,10.334713636642789,circular
108,1100,700,302.52272287548885,24.495315191602927,23.97102224645776,-85,-85,1350,700,214.8058158132535,10.334713636642789,circular
109,1100,700,302.52272287548885,21.81335663023087,20.48098321025059,-85,-85,1350,700,225.1405294498963,10.334713636642789,circular
110,1100,700,302.52272287548885,11.50579409835762,-85,-85,-85,1350,700,235.47524308653908,10.334713636642789,circular
111,1100,700,302.52272287548885,-85,-85,-85,-85,1350,700,245.80995672318187,10.334713636642789,circular
112,1100,700,302.52272287548885,-85,-85,-85,-85,1350,700,256.14467035982466,10.334713636642789,circular
113,1100,700,302.52272287548885,-85,-85,-85,-85,1350,700,266.47938399646745,10.334713636642789,circular
114,1100,700,302.52272287548885,-85,-85,-85,-85,1350,700,276.81409763311024,10.334713636642789,circular
115,1100,700,302.52272287548885,-85,-85,-85,-85,1350,700,287.148811269753,10.334713636642789,circular
116,1100,700,302.52272287548885,-85,-85,-85,-85,1350,700,297.4835249063958,10.334713636642789,circular
117,1100,700,302.52272287548885,-85,-85,-85,-85,1350,700,307.8182385430386,10.334713636642789,circular
118,1100,700,302.52272287548885,-85,-85,-85,-85,1350,700,318.1529521796814,10.334713636642789,circular
119,1100,700,302.52272287548885,-85,-85,-85,-85,1350,700,328.4876658163242,10.334713636642789,circular
120,1100,700,302.52272287548885,-85,-85,-85,-85,1350,700,338.82237945296697,10.334713636642789,circular
121,1100,700,302.52272287548885,-85,-85,-85,-85,1350,700,349.15709308960976,10.334713636642789,circular
122,1100,700,302.52272287548885,-85,-85,-85,-85,1350,700,359.49180672625255,10.334713636642789,circular
123,1100,700,302.52272287548885,-85,-85,-85,-85,1350,700,9.826520362895337,10.334713636642789,circular
124,1100,700,302.52272287548885,-85,-85,-85,-85,1350,700,20.161233999538126,10.334713636642789,circular
125,1100,700,302.52272287548885,-85,-85,-85,-85,1350,700,30.495947636180915,10.334713636642789,circular
126,1100,700,302.52272287548885,-85,-85,-85,-85,1350,700,40.830661272823704,10.334713636642789,circular
127,1100,700,302.52272287548885,-85,-85,-85,-85,1350,700,51.16537490946649,10.334713636642789,circular
128,1100,700,302.52272287548885,-85,-85,-85,-85,1350,700,61.50008854610928,10.334713636642789,circular
129,1100,700,302.52272287548885,-85,-85,-85,-85,1350,700,71.83480218275207,10.334713636642789,circular
130,1100,700,302.52272287548885,-85,-85,-85,-85,1350,700,82.16951581939486,10.334713636642789,circular
131,1100,700,302.52272287548885,-85,-85,-85,-85,1350,700,92.50422945603765,10.334713636642789,circular
132,1100,700,302.52272287548885,-85,-85,-85,-85,1350,700,102.83894309268044,10.334713636642789,circular
133,1100,700,302.52272287548885,-85,-85,-85,-85,1350,700,113.17365672932323,10.334713636642789,circular
134,1100,700,302.52272287548885,-85,-85,-85,-85,1350,700,123.50837036596602,10.334713636642789,circular
135,1100,700,302.52272287548885,-85,-85,-85,-85,1350,700,133.8430840026088,10.334713636642789,circular
136,1100,700,302.52272287548885,-85,14.513447644213304,-85,-85,1350,700,144.1777976392516,10.334713636642789,circular
137,1100,700,302.52272287548885,20.97742610025734,22.170735458799452,-85,-85,1350,700,154.51251127589438,10.334713636642789,circular
138,1100,700,302.52272287548885,23.971022246457757,24.495315191602927,-85,-85,1350,700,164.84722491253717,10.334713636642789,circular
139,1100,700,302.52272287548885,25.452908776355446,25.684904084789974,-85,-85,1350,700,175.18193854917996,10.334713636642789,circular
140,1100,700,302.52272287548885,26.011117049096303,26.067010357935978,-85,-85,1350,700,185.51665218582275,10.334713636642789,circular
141,1100,700,302.52272287548885,26.011117049096303,25.946643644493044,-85,-85,1350,700,195.85136582246554,10.334713636642789,circular
142,1100,700,302.52272287548885,25.452908776355446,25.157178905256924,-85,-85,1350,700,206.18607945910833,10.334713636642789,circular
143,1100,700,302.52272287548885,24.1582774269213,23.553218972269416,-85,-85,1350,700,216.52079309575112,10.334713636642789,circular
144,1100,700,302.52272287548885,20.97742610025735,19.914354227256315,-85,-85,1350,700,226.8555067323939,10.334713636642789,circular
145,1100,700,302.52272287548885,-85,-85,-85,-85,1350,700,237.1902203690367,10.334713636642789,circular
146,1100,700,302.52272287548885,-85,-85,-85,-85,1350,700,247.52493400567948,10.334713636642789,circular
147,1100,700,302.52272287548885,-85,-85,-85,-85,1350,700,257.8596476423223,10.334713636642789,circular
148,1100,700,302.52272287548885,-85,-85,-85,-85,1350,700,268.19436127896506,10.334713636642789,circular
149,1100,700,302.52272287548885,-85,-85,-85,-85,1350,700,278.52907491560785,10.334713636642789,circular
150,1100,700,302.52272287548885,-85,-85,-85,-85,1350,700,288.86378855225064,10.334713636642789,circular
151,1100,700,302.52272287548885,-85,-85,-85,-85,1350,700,299.1985021888934,10.334713636642789,circular
152,1100,700,302.52272287548885,-85,-85,-85,-85,1350,700,309.5332158255362,10.334713636642789,circular
153,1100,700,302.52272287548885,-85,-85,-85,-85,1350,700,319.867929462179,10.334713636642789,circular
154,1100,700,302.52272287548885,-85,-85,-85,-85,1350,700,330.2026430988218,10.334713636642789,circular
155,1100,700,302.52272287548885,-85,-85,-85,-85,1350,700,340.5373567354646,10.334713636642789,circular
156,1100,700,302.52272287548885,-85,-85,-85,-85,1350,700,350.8720703721074,10.334713636642789,circular
157,1100,700,302.52272287548885,-85,-85,-85,-85,1350,700,1.2067840087501622,10.334713636642789,circular
158,1100,700,302.52272287548885,-85,-85,-85,-85,1350,700,11.541497645392951,10.334713636642789,circular
159,1100,700,302.52272287548885,-85,-85,-85,-85,1350,700,21.87621128203574,10.334713636642789,circular
160,1100,700,302.52272287548885,-85,-85,-85,-85,1350,700,32.21092491867853,10.334713636642789,circular
161,1100,700,302.52272287548885,-85,-85,-85,-85,1350,700,42.54563855532132,10.334713636642789,circular
162,1100,700,302.52272287548885,-85,-85,-85,-85,1350,700,52.88035219196411,10.334713636642789,circular
163,1100,700,302.52272287548885,-85,-85,-85,-85,1350,700,63.215065828606896,10.334713636642789,circular
164,1100,700,302.52272287548885,-85,-85,-85,-85,1350,700,73.54977946524969,10.334713636642789,circular
165,1100,700,302.52272287548885,-85,-85,-85,-85,1350,700,83.88449310189247,10.334713636642789,circular
166,1100,700,302.52272287548885,-85,-85,-85,-85,1350,700,94.21920673853526,10.334713636642789,circular
167,1100,700,302.52272287548885,-85,-85,-85,-85,1350,700,104.55392037517805,10.334713636642789,circular
168,1100,700,302.52272287548885,-85,-85,-85,-85,1350,700,114.88863401182084,10.334713636642789,circular
169,1100,700,302.52272287548885,-85,-85,-85,-85,1350,700,125.22334764846363,10.334713636642789,circular
170,1100,700,302.52272287548885,-85,-85,-85,-85,1350,700,135.55806128510642,10.334713636642789,circular
171,1100,700,302.52272287548885,11.505794098357505,16.269948115724727,-85,-85,1350,700,145.8927749217492,10.334713636642789,circular
172,1100,700,302.52272287548885,21.813356630230874,22.793695368992218,-85,-85,1350,700,156.227488558392,10.334713636642789,circular
173,1100,700,302.52272287548885,24.33271141113945,24.78833704083229,-85,-85,1350,700,166.56220219503479,10.334713636642789,circular
174,1100,700,302.52272287548885,25.614204328866276,25.7492610641292,-85,-85,1350,700,176.89691583167757,10.334713636642789,circular
175,1100,700,302.52272287548885,26.053745949214605,26.077602459396946,-85,-85,1350,700,187.23162946832036,10.334713636642789,circular
176,1100,700,302.52272287548885,25.9816463993744,25.859665714847075,-85,-85,1350,700,197.56634310496315,10.334713636642789,circular
177,1100,700,302.52272287548885,25.263344594616918,25.042923900792417,-85,-85,1350,700,207.90105674160594,10.334713636642789,circular
178,1100,700,302.52272287548885,23.769789312347285,23.067302502757133,-85,-85,1350,700,218.23577037824873,10.334713636642789,circular
179,1100,700,302.52272287548885,20.48098321025059,18.474304759512954,-85,-85,1350,700,228.57048401489152,10.334713636642789,circular
180,1100,700,302.52272287548885,-85,-85,-85,-85,1350,700,238.9051976515343,10.334713636642789,circular
181,1100,700,302.52272287548885,-85,-85,-85,-85,1350,700,249.2399112881771,10.334713636642789,circular
182,1100,700,302.52272287548885,-85,-85,-85,-85,1350,700,259.5746249248199,10.334713636642789,circular
183,1100,700,302.52272287548885,-85,-85,-85,-85,1350,700,269.9093385614627,10.334713636642789,circular
184,1100,700,302.52272287548885,-85,-85,-85,-85,1350,700,280.24405219810546,10.334713636642789,circular
185,1100,700,302.52272287548885,-85,-85,-85,-85,1350,700,290.57876583474825,10.334713636642789,circular
186,1100,700,302.52272287548885,-85,-85,-85,-85,1350,700,300.91347947139104,10.334713636642789,circular
187,1100,700,302.52272287548885,-85,-85,-85,-85,1350,700,311.24819310803383,10.334713636642789,circular
188,1100,700,302.52272287548885,-85,-85,-85,-85,1350,700,321.5829067446766,10.334713636642789,circular
189,1100,700,302.52272287548885,-85,-85,-85,-85,1350,700,331.9176203813194,10.334713636642789,circular
190,1100,700,302.52272287548885,-85,-85,-85,-85,1350,700,342.2523340179622,10.334713636642789,circular
191,1100,700,302.52272287548885,-85,-85,-85,-85,1350,700,352.587047654605,10.334713636642789,circular
192,1100,700,302.52272287548885,-85,-85,-85,-85,1350,700,2.921761291247776,10.334713636642789,circular
193,1100,700,302.52272287548885,-85,-85,-85,-85,1350,700,13.256474927890565,10.334713636642789,circular
194,1100,700,302.52272287548885,-85,-85,-85,-85,1350,700,23.591188564533354,10.334713636642789,circular
195,1100,700,302.52272287548885,-85,-85,-85,-85,1350,700,33.92590220117614,10.334713636642789,circular
196,1100,700,302.52272287548885,-85,-85,-85,-85,1350,700,44.26061583781893,10.334713636642789,circular
197,1100,700,302.52272287548885,-85,-85,-85,-85,1350,700,54.59532947446172,10.334713636642789,circular
198,1100,700,302.52272287548885,-85,-85,-85,-85,1350,700,64.93004311110451,10.334713636642789,circular
199,1100,700,302.52272287548885,-85,-85,-85,-85,1350,700,75.2647567477473,10.334713636642789,circular
200,1100,700,302.52272287548885,-85,-85,-85,-85,1350,700,85.59947038439009,10.334713636642789,circular
201,1100,700,302.52272287548885,-85,-85,-85,-85,1350,700,95.93418402103288,10.334713636642789,circular
202,1100,700,302.52272287548885,-85,-85,-85,-85,1350,700,106.26889765767567,10.334713636642789,circular
203,1100,700,302.52272287548885,-85,-85,-85,-85,1350,700,116.60361129431845,10.334713636642789,circular
204,1100,700,302.52272287548885,-85,-85,-85,-85,1350,700,126.93832493096124,10.334713636642789,circular
205,1100,700,302.52272287548885,-85,-85,-85,-85,1350,700,137.27303856760403,10.334713636642789,circular
206,1100,700,302.52272287548885,14.513447644213304,18.47430475951294,-85,-85,1350,700,147.60775220424682,10.334713636642789,circular
207,1100,700,302.52272287548885,22.496022074683278,23.06730250275713,-85,-85,1350,700,157.9424658408896,10.334713636642789,circular
208,1100,700,302.52272287548885,24.646943359767004,25.042923900792417,-85,-85,1350,700,168.2771794775324,10.334713636642789,circular
209,1100,700,302.52272287548885,25.684904084789974,25.859665714847075,-85,-85,1350,700,178.6118931141752,10.334713636642789,circular
210,1100,700,302.52272287548885,26.074956048612798,26.077602459396946,-85,-85,1350,700,188.94660675081798,10.334713636642789,circular
211,1100,700,302.52272287548885,25.906018829630398,25.7492610641292,-85,-85,1350,700,199.28132038746077,10.334713636642789,circular
212,1100,700,302.52272287548885,25.157178905256924,24.788337040832293,-85,-85,1350,700,209.61603402410356,10.334713636642789,circular
213,1100,700,302.52272287548885,23.319699537123853,22.793695368992225,-85,-85,1350,700,219.95074766074634,10.334713636642789,circular
214,1100,700,302.52272287548885,19.25639156218219,16.269948115724716,-85,-85,1350,700,230.28546129738913,10.334713636642789,circular
215,1100,700,302.52272287548885,-85,-85,-85,-85,1350,700,240.62017493403192,10.334713636642789,circular
216,1100,700,302.52272287548885,-85,-85,-85,-85,1350,700,250.9548885706747,10.334713636642789,circular
217,1100,700,302.52272287548885,-85,-85,-85,-85,1350,700,261.2896022073175,10.334713636642789,circular
218,1100,700,302.52272287548885,-85,-85,-85,-85,1350,700,271.6243158439603,10.334713636642789,circular
219,1100,700,302.52272287548885,-85,-85,-85,-85,1350,700,281.9590294806031,10.334713636642789,circular
220,1100,700,302.52272287548885,-85,-85,-85,-85,1350,700,292.29374311724587,10.334713636642789,circular
221,1100,700,302.52272287548885,-85,-85,-85,-85,1350,700,302.62845675388866,10.334713636642789,circular
222,1100,700,302.52272287548885,-85,-85,-85,-85,1350,700,312.96317039053145,10.334713636642789,circular
223,1100,700,302.52272287548885,-85,-85,-85,-85,1350,700,323.29788402717423,10.334713636642789,circular
224,1100,700,302.52272287548885,-85,-85,-85,-85,1350,700,333.632597663817,10.334713636642789,circular
225,1100,700,302.52272287548885,-85,-85,-85,-85,1350,700,343.9673113004598,10.334713636642789,circular
226,1100,700,302.52272287548885,-85,-85,-85,-85,1350,700,354.3020249371026,10.334713636642789,circular
227,1100,700,302.52272287548885,-85,-85,-85,-85,1350,700,4.63673857374539,10.334713636642789,circular
228,1100,700,302.52272287548885,-85,-85,-85,-85,1350,700,14.971452210388179,10.334713636642789,circular
229,1100,700,302.52272287548885,-85,-85,-85,-85,1350,700,25.306165847030968,10.334713636642789,circular
230,1100,700,302.52272287548885,-85,-85,-85,-85,1350,700,35.64087948367376,10.334713636642789,circular
231,1100,700,302.52272287548885,-85,-85,-85,-85,1350,700,45.975593120316546,10.334713636642789,circular
232,1100,700,302.52272287548885,-85,-85,-85,-85,1350,700,56.310306756959335,10.334713636642789,circular
233,1100,700,302.52272287548885,-85,-85,-85,-85,1350,700,66.64502039360212,10.334713636642789,circular
234,1100,700,302.52272287548885,-85,-85,-85,-85,1350,700,76.97973403024491,10.334713636642789,circular
235,1100,700,302.52272287548885,-85,-85,-85,-85,1350,700,87.3144476668877,10.334713636642789,circular
236,1100,700,302.52272287548885,-85,-85,-85,-85,1350,700,97.64916130353049,10.334713636642789,circular
237,1100,700,302.52272287548885,-85,-85,-85,-85,1350,700,107.98387494017328,10.334713636642789,circular
238,1100,700,302.52272287548885,-85,-85,-85,-85,1350,700,118.31858857681607,10.334713636642789,circular
239,1100,700,302.52272287548885,-85,-85,-85,-85,1350,700,128.65330221345886,10.334713636642789,circular
240,1100,700,302.52272287548885,-85,-85,-85,-85,1350,700,138.98801585010165,10.334713636642789,circular
241,1100,700,302.52272287548885,17.513155499392102,19.91435422725632,-85,-85,1350,700,149.32272948674444,10.334713636642789,circular
242,1100,700,302.52272287548885,22.793695368992218,23.553218972269416,-85,-85,1350,700,159.65744312338722,10.334713636642789,circular
243,1100,700,302.52272287548885,24.92014212493214,25.157178905256924,-85,-85,1350,700,169.99215676003,10.334713636642789,circular
244,1100,700,302.52272287548885,25.80746062382631,25.946643644493044,-85,-85,1350,700,180.3268703966728,10.334713636642789,circular
245,1100,700,302.52272287548885,26.077602459396946,26.067010357935978,-85,-85,1350,700,190.6615840333156,10.334713636642789,circular
246,1100,700,302.52272287548885,25.807460623826316,25.684904084789977,-85,-85,1350,700,200.99629766995838,10.334713636642789,circular
247,1100,700,302.52272287548885,24.92014212493214,24.495315191602927,-85,-85,1350,700,211.33101130660117,10.334713636642789,circular
248,1100,700,302.52272287548885,23.067302502757133,22.170735458799452,-85,-85,1350,700,221.66572494324396,10.334713636642789,circular
249,1100,700,302.52272287548885,17.51315549939211,14.513447644213265,-85,-85,1350,700,232.00043857988675,10.334713636642789,circular
250,1100,700,302.52272287548885,-85,-85,-85,-85,1350,700,242.33515221652954,10.334713636642789,circular
251,1100,700,302.52272287548885,-85,-85,-85,-85,1350,700,252.66986585317233,10.334713636642789,circular
252,1100,700,302.52272287548885,-85,-85,-85,-85,1350,700,263.0045794898151,10.334713636642789,circular
253,1100,700,302.52272287548885,-85,-85,-85,-85,1350,700,273.3392931264579,10.334713636642789,circular
254,1100,700,302.52272287548885,-85,-85,-85,-85,1350,700,283.6740067631007,10.334713636642789,circular
255,1100,700,302.52272287548885,-85,-85,-85,-85,1350,700,294.0087203997435,10.334713636642789,circular
256,1100,700,302.52272287548885,-85,-85,-85,-85,1350,700,304.34343403638627,10.334713636642789,circular
257,1100,700,302.52272287548885,-85,-85,-85,-85,1350,700,314.67814767302906,10.334713636642789,circular
258,1100,700,302.52272287548885,-85,-85,-85,-85,1350,700,325.01286130967185,10.334713636642789,circular
259,1100,700,302.52272287548885,-85,-85,-85,-85,1350,700,335.34757494631464,10.334713636642789,circular
260,1100,700,302.52272287548885,-85,-85,-85,-85,1350,700,345.6822885829574,10.334713636642789,circular
261,1100,700,302.52272287548885,-85,-85,-85,-85,1350,700,356.0170022196002,10.334713636642789,circular
262,1100,700,302.52272287548885,-85,-85,-85,-85,1350,700,6.351715856243004,10.334713636642789,circular
263,1100,700,302.52272287548885,-85,-85,-85,-85,1350,700,16.686429492885793,10.334713636642789,circular
264,1100,700,302.52272287548885,-85,-85,-85,-85,1350,700,27.021143129528582,10.334713636642789,circular
265,1100,700,302.52272287548885,-85,-85,-85,-85,1350,700,37.35585676617137,10.334713636642789,circular
266,1100,700,302.52272287548885,-85,-85,-85,-85,1350,700,47.69057040281416,10.334713636642789,circular
267,1100,700,302.52272287548885,-85,-85,-85,-85,1350,700,58.02528403945695,10.334713636642789,circular
268,1100,700,302.52272287548885,-85,-85,-85,-85,1350,700,68.35999767609974,10.334713636642789,circular
269,1100,700,302.52272287548885,-85,-85,-85,-85,1350,700,78.69471131274253,10.334713636642789,circular
270,1100,700,302.52272287548885,-85,-85,-85,-85,1350,700,89.02942494938532,10.334713636642789,circular
271,1100,700,302.52272287548885,-85,-85,-85,-85,1350,700,99.3641385860281,10.334713636642789,circular
272,1100,700,302.52272287548885,-85,-85,-85,-85,1350,700,109.6988522226709,10.334713636642789,circular
273,1100,700,302.52272287548885,-85,-85,-85,-85,1350,700,120.03356585931368,10.334713636642789,circular
274,1100,700,302.52272287548885,-85,-85,-85,-85,1350,700,130.36827949595647,10.334713636642789,circular
275,1100,700,302.52272287548885,-85,-85,-85,-85,1350,700,140.70299313259926,10.334713636642789,circular
276,1100,700,302.52272287548885,19.25639156218217,20.48098321025059,-85,-85,1350,700,151.03770676924205,10.334713636642789,circular
277,1100,700,302.52272287548885,23.31969953712386,23.971022246457757,-85,-85,1350,700,161.37242040588484,10.334713636642789,circular
278,1100,700,302.52272287548885,25.042923900792417,25.36180729449956,-85,-85,1350,700,171.70713404252763,10.334713636642789,circular
279,1100,700,302.52272287548885,25.906018829630398,25.9816463993744,-85,-85,1350,700,182.04184767917042,10.334713636642789,circular
280,1100,700,302.52272287548885,26.074956048612798,26.035130213615616,-85,-85,1350,700,192.3765613158132,10.334713636642789,circular
281,1100,700,302.52272287548885,25.7492610641292,25.536951728381826,-85,-85,1350,700,202.711274952456,10.334713636642789,circular
282,1100,700,302.52272287548885,24.646943359767004,24.332711411139446,-85,-85,1350,700,213.04598858909878,10.334713636642789,circular
283,1100,700,302.52272287548885,22.496022074683278,21.418119305852123,-85,-85,1350,700,223.38070222574157,10.334713636642789,circular
284,1100,700,302.52272287548885,16.269948115724716,-85,-85,-85,1350,700,233.71541586238436,10.334713636642789,circular
285,1100,700,302.52272287548885,-85,-85,-85,-85,1350,700,244.05012949902715,10.334713636642789,circular
286,1100,700,302.52272287548885,-85,-85,-85,-85,1350,700,254.38484313566994,10.334713636642789,circular
287,1100,700,302.52272287548885,-85,-85,-85,-85,1350,700,264.7195567723127,10.334713636642789,circular
288,1100,700,302.52272287548885,-85,-85,-85,-85,1350,700,275.0542704089555,10.334713636642789,circular
289,1100,700,302.52272287548885,-85,-85,-85,-85,1350,700,285.3889840455983,10.334713636642789,circular
290,1100,700,302.52272287548885,-85,-85,-85,-85,1350,700,295.7236976822411,10.334713636642789,circular
291,1100,700,302.52272287548885,-85,-85,-85,-85,1350,700,306.0584113188839,10.334713636642789,circular
292,1100,700,302.52272287548885,-85,-85,-85,-85,1350,700,316.3931249555267,10.334713636642789,circular
293,1100,700,302.52272287548885,-85,-85,-85,-85,1350,700,326.72783859216946,10.334713636642789,circular
294,1100,700,302.52272287548885,-85,-85,-85,-85,1350,700,337.06255222881225,10.334713636642789,circular
295,1100,700,302.52272287548885,-85,-85,-85,-85,1350,700,347.39726586545504,10.334713636642789,circular
296,1100,700,302.52272287548885,-85,-85,-85,-85,1350,700,357.73197950209783,10.334713636642789,circular
297,1100,700,302.52272287548885,-85,-85,-85,-85,1350,700,8.066693138740618,10.334713636642789,circular
298,1100,700,302.52272287548885,-85,-85,-85,-85,1350,700,18.401406775383407,10.334713636642789,circular
299,1100,700,302.52272287548885,-85,-85,-85,-85,1350,700,28.736120412026196,10.334713636642789,circular
300,1100,700,302.52272287548885,-85,-85,-85,-85,1350,700,39.070834048668985,10.334713636642789,circular
301,1100,700,302.52272287548885,-85,-85,-85,-85,1350,700,49.405547685311774,10.334713636642789,circular
302,1100,700,302.52272287548885,-85,-85,-85,-85,1350,700,59.74026132195456,10.334713636642789,circular
303,1100,700,302.52272287548885,-85,-85,-85,-85,1350,700,70.07497495859735,10.334713636642789,circular
304,1100,700,302.52272287548885,-85,-85,-85,-85,1350,700,80.40968859524014,10.334713636642789,circular
305,1100,700,302.52272287548885,-85,-85,-85,-85,1350,700,90.74440223188293,10.334713636642789,circular
306,1100,700,302.52272287548885,-85,-85,-85,-85,1350,700,101.07911586852572,10.334713636642789,circular
307,1100,700,302.52272287548885,-85,-85,-85,-85,1350,700,111.41382950516851,10.334713636642789,circular
308,1100,700,302.52272287548885,-85,-85,-85,-85,1350,700,121.7485431418113,10.334713636642789,circular
309,1100,700,302.52272287548885,-85,-85,-85,-85,1350,700,132.08325677845409,10.334713636642789,circular
310,1100,700,302.52272287548885,-85,-85,-85,-85,1350,700,142.41797041509687,10.334713636642789,circular
311,1100,700,302.52272287548885,19.91435422725632,21.41811930585211,-85,-85,1350,700,152.75268405173966,10.334713636642789,circular
312,1100,700,302.52272287548885,23.769789312347285,24.33271141113945,-85,-85,1350,700,163.08739768838245,10.334713636642789,circular
313,1100,700,302.52272287548885,25.26334459461691,25.536951728381826,-85,-85,1350,700,173.42211132502524,10.334713636642789,circular
314,1100,700,302.52272287548885,25.946643644493044,26.035130213615616,-85,-85,1350,700,183.75682496166803,10.334713636642789,circular
315,1100,700,302.52272287548885,26.053745949214605,25.9816463993744,-85,-85,1350,700,194.09153859831082,10.334713636642789,circular
316,1100,700,302.52272287548885,25.614204328866276,25.361807294499556,-85,-85,1350,700,204.4262522349536,10.334713636642789,circular
317,1100,700,302.52272287548885,24.495315191602927,23.97102224645776,-85,-85,1350,700,214.7609658715964,10.334713636642789,circular
318,1100,700,302.52272287548885,21.81335663023087,20.48098321025059,-85,-85,1350,700,225.0956795082392,10.334713636642789,circular
319,1100,700,302.52272287548885,11.50579409835762,-85,-85,-85,1350,700,235.43039314488198,10.334713636642789,circular
320,1100,700,302.52272287548885,-85,-85,-85,-85,1350,700,245.76510678152476,10.334713636642789,circular
321,1100,700,302.52272287548885,-85,-85,-85,-85,1350,700,256.09982041816755,10.334713636642789,circular
322,1100,700,302.52272287548885,-85,-85,-85,-85,1350,700,266.43453405481034,10.334713636642789,circular
323,1100,700,302.52272287548885,-85,-85,-85,-85,1350,700,276.76924769145313,10.334713636642789,circular
324,1100,700,302.52272287548885,-85,-85,-85,-85,1350,700,287.1039613280959,10.334713636642789,circular
325,1100,700,302.52272287548885,-85,-85,-85,-85,1350,700,297.4386749647387,10.334713636642789,circular
326,1100,700,302.52272287548885,-85,-85,-85,-85,1350,700,307.7733886013815,10.334713636642789,circular
327,1100,700,302.52272287548885,-85,-85,-85,-85,1350,700,318.1081022380243,10.334713636642789,circular
328,1100,700,302.52272287548885,-85,-85,-85,-85,1350,700,328.4428158746671,10.334713636642789,circular
329,1100,700,302.52272287548885,-85,-85,-85,-85,1350,700,338.77752951130987,10.334713636642789,circular
330,1100,700,302.52272287548885,-85,-85,-85,-85,1350,700,349.11224314795265,10.334713636642789,circular
331,1100,700,302.52272287548885,-85,-85,-85,-85,1350,700,359.44695678459544,10.334713636642789,circular
332,1100,700,302.52272287548885,-85,-85,-85,-85,1350,700,9.781670421238232,10.334713636642789,circular
333,1100,700,302.52272287548885,-85,-85,-85,-85,1350,700,20.11638405788102,10.334713636642789,circular
334,1100,700,302.52272287548885,-85,-85,-85,-85,1350,700,30.45109769452381,10.334713636642789,circular
335,1100,700,302.52272287548885,-85,-85,-85,-85,1350,700,40.7858113311666,10.334713636642789,circular
336,1100,700,302.52272287548885,-85,-85,-85,-85,1350,700,51.12052496780939,10.334713636642789,circular
337,1100,700,302.52272287548885,-85,-85,-85,-85,1350,700,61.45523860445218,10.334713636642789,circular
338,1100,700,302.52272287548885,-85,-85,-85,-85,1350,700,71.78995224109497,10.334713636642789,circular
339,1100,700,302.52272287548885,-85,-85,-85,-85,1350,700,82.12466587773775,10.334713636642789,circular
340,1100,700,302.52272287548885,-85,-85,-85,-85,1350,700,92.45937951438054,10.334713636642789,circular
341,1100,700,302.52272287548885,-85,-85,-85,-85,1350,700,102.79409315102333,10.334713636642789,circular
342,1100,700,302.52272287548885,-85,-85,-85,-85,1350,700,113.12880678766612,10.334713636642789,circular
343,1100,700,302.52272287548885,-85,-85,-85,-85,1350,700,123.46352042430891,10.334713636642789,circular
344,1100,700,302.52272287548885,-85,-85,-85,-85,1350,700,133.7982340609517,10.334713636642789,circular
345,1100,700,302.52272287548885,-85,14.513447644213304,-85,-85,1350,700,144.1329476975945,10.334713636642789,circular
346,1100,700,302.52272287548885,20.97742610025734,22.170735458799452,-85,-85,1350,700,154.46766133423728,10.334713636642789,circular
347,1100,700,302.52272287548885,23.971022246457757,24.495315191602927,-85,-85,1350,700,164.80237497088007,10.334713636642789,circular
348,1100,700,302.52272287548885,25.452908776355446,25.684904084789974,-85,-85,1350,700,175.13708860752286,10.334713636642789,circular
349,1100,700,302.52272287548885,26.011117049096303,26.067010357935978,-85,-85,1350,700,185.47180224416564,10.334713636642789,circular
350,1100,700,302.52272287548885,26.035130213615616,25.946643644493044,-85,-85,1350,700,195.80651588080843,10.334713636642789,circular
351,1100,700,302.52272287548885,25.452908776355446,25.157178905256924,-85,-85,1350,700,206.14122951745122,10.334713636642789,circular
352,1100,700,302.52272287548885,24.1582774269213,23.553218972269416,-85,-85,1350,700,216.475943154094,10.334713636642789,circular
353,1100,700,302.52272287548885,21.418119305852123,19.914354227256315,-85,-85,1350,700,226.8106567907368,10.334713636642789,circular
354,1100,700,302.52272287548885,-85,-85,-85,-85,1350,700,237.1453704273796,10.334713636642789,circular
355,1100,700,302.52272287548885,-85,-85,-85,-85,1350,700,247.48008406402238,10.334713636642789,circular
356,1100,700,302.52272287548885,-85,-85,-85,-85,1350,700,257.81479770066517,10.334713636642789,circular
357,1100,700,302.52272287548885,-85,-85,-85,-85,1350,700,268.14951133730796,10.334713636642789,circular
358,1100,700,302.52272287548885,-85,-85,-85,-85,1350,700,278.48422497395075,10.334713636642789,circular
359,1100,700,302.52272287548885,-85,-85,-85,-85,1350,700,288.81893861059353,10.334713636642789,circular
360,1100,700,302.52272287548885,-85,-85,-85,-85,1350,700,299.1536522472363,10.334713636642789,circular
361,1100,700,302.52272287548885,-85,-85,-85,-85,1350,700,309.4883658838791,10.334713636642789,circular
362,1100,700,302.52272287548885,-85,-85,-85,-85,1350,700,319.8230795205219,10.334713636642789,circular
363,1100,700,302.52272287548885,-85,-85,-85,-85,1350,700,330.1577931571647,10.334713636642789,circular
364,1100,700,302.52272287548885,-85,-85,-85,-85,1350,700,340.4925067938075,10.334713636642789,circular
365,1100,700,302.52272287548885,-85,-85,-85,-85,1350,700,350.82722043045027,10.334713636642789,circular
366,1100,700,302.52272287548885,-85,-85,-85,-85,1350,700,1.161934067093057,10.334713636642789,circular
367,1100,700,302.52272287548885,-85,-85,-85,-85,1350,700,11.496647703735846,10.334713636642789,circular
368,1100,700,302.52272287548885,-85,-85,-85,-85,1350,700,21.831361340378635,10.334713636642789,circular
369,1100,700,302.52272287548885,-85,-85,-85,-85,1350,700,32.166074977021424,10.334713636642789,circular
370,1100,700,302.52272287548885,-85,-85,-85,-85,1350,700,42.50078861366421,10.334713636642789,circular
371,1100,700,302.52272287548885,-85,-85,-85,-85,1350,700,52.835502250307,10.334713636642789,circular
372,1100,700,302.52272287548885,-85,-85,-85,-85,1350,700,63.17021588694979,10.334713636642789,circular
373,1100,700,302.52272287548885,-85,-85,-85,-85,1350,700,73.50492952359258,10.334713636642789,circular
374,1100,700,302.52272287548885,-85,-85,-85,-85,1350,700,83.83964316023537,10.334713636642789,circular
375,1100,700,302.52272287548885,-85,-85,-85,-85,1350,700,94.17435679687816,10.334713636642789,circular
376,1100,700,302.52272287548885,-85,-85,-85,-85,1350,700,104.50907043352095,10.334713636642789,circular
377,1100,700,302.52272287548885,-85,-85,-85,-85,1350,700,114.84378407016374,10.334713636642789,circular
378,1100,700,302.52272287548885,-85,-85,-85,-85,1350,700,125.17849770680652,10.334713636642789,circular
379,1100,700,302.52272287548885,-85,-85,-85,-85,1350,700,135.5132113434493,10.334713636642789,circular
380,1100,700,302.52272287548885,-85,16.269948115724727,-85,-85,1350,700,145.8479249800921,10.334713636642789,circular
381,1100,700,302.52272287548885,21.813356630230874,22.793695368992218,-85,-85,1350,700,156.1826386167349,10.334713636642789,circular
382,1100,700,302.52272287548885,24.33271141113945,24.78833704083229,-85,-85,1350,700,166.51735225337768,10.334713636642789,circular
383,1100,700,302.52272287548885,25.614204328866276,25.7492610641292,-85,-85,1350,700,176.85206589002047,10.334713636642789,circular
384,1100,700,302.52272287548885,26.053745949214605,26.077602459396946,-85,-85,1350,700,187.18677952666326,10.334713636642789,circular
385,1100,700,302.52272287548885,25.9816463993744,25.859665714847075,-85,-85,1350,700,197.52149316330605,10.334713636642789,circular
386,1100,700,302.52272287548885,25.263344594616918,25.042923900792417,-85,-85,1350,700,207.85620679994884,10.334713636642789,circular
387,1100,700,302.52272287548885,23.769789312347285,23.067302502757133,-85,-85,1350,700,218.19092043659163,10.334713636642789,circular
388,1100,700,302.52272287548885,20.48098321025059,18.474304759512954,-85,-85,1350,700,228.52563407323441,10.334713636642789,circular
389,1100,700,302.52272287548885,-85,-85,-85,-85,1350,700,238.8603477098772,10.334713636642789,circular
390,1100,700,302.52272287548885,-85,-85,-85,-85,1350,700,249.19506134652,10.334713636642789,circular
391,1100,700,302.52272287548885,-85,-85,-85,-85,1350,700,259.5297749831628,10.334713636642789,circular
392,1100,700,302.52272287548885,-85,-85,-85,-85,1350,700,269.86448861980557,10.334713636642789,circular
393,1100,700,302.52272287548885,-85,-85,-85,-85,1350,700,280.19920225644836,10.334713636642789,circular
394,1100,700,302.52272287548885,-85,-85,-85,-85,1350,700,290.53391589309115,10.334713636642789,circular
395,1100,700,302.52272287548885,-85,-85,-85,-85,1350,700,300.86862952973394,10.334713636642789,circular
396,1100,700,302.52272287548885,-85,-85,-85,-85,1350,700,311.2033431663767,10.334713636642789,circular
397,1100,700,302.52272287548885,-85,-85,-85,-85,1350,700,321.5380568030195,10.334713636642789,circular
398,1100,700,302.52272287548885,-85,-85,-85,-85,1350,700,331.8727704396623,10.334713636642789,circular
399,1100,700,302.52272287548885,-85,-85,-85,-85,1350,700,342.2074840763051,10.334713636642789,circular
400,1100,700,302.52272287548885,-85,-85,-85,-85,1350,700,352.5421977129479,10.334713636642789,circular
401,1100,700,302.52272287548885,-85,-85,-85,-85,1350,700,2.876911349590671,10.334713636642789,circular
402,1100,700,302.52272287548885,-85,-85,-85,-85,1350,700,13.21162498623346,10.334713636642789,circular
403,1100,700,302.52272287548885,-85,-85,-85,-85,1350,700,23.54633862287625,10.334713636642789,circular
404,1100,700,302.52272287548885,-85,-85,-85,-85,1350,700,33.88105225951904,10.334713636642789,circular
405,1100,700,302.52272287548885,-85,-85,-85,-85,1350,700,44.21576589616183,10.334713636642789,circular
406,1100,700,302.52272287548885,-85,-85,-85,-85,1350,700,54.550479532804616,10.334713636642789,circular
407,1100,700,302.52272287548885,-85,-85,-85,-85,1350,700,64.8851931694474,10.334713636642789,circular
408,1100,700,302.52272287548885,-85,-85,-85,-85,1350,700,75.2199068060902,10.334713636642789,circular
409,1100,700,302.52272287548885,-85,-85,-85,-85,1350,700,85.55462044273298,10.334713636642789,circular
410,1100,700,302.52272287548885,-85,-85,-85,-85,1350,700,95.88933407937577,10.334713636642789,circular
411,1100,700,302.52272287548885,-85,-85,-85,-85,1350,700,106.22404771601856,10.334713636642789,circular
412,1100,700,302.52272287548885,-85,-85,-85,-85,1350,700,116.55876135266135,10.334713636642789,circular
413,1100,700,302.52272287548885,-85,-85,-85,-85,1350,700,126.89347498930414,10.334713636642789,circular
414,1100,700,302.52272287548885,-85,-85,-85,-85,1350,700,137.22818862594693,10.334713636642789,circular
415,1100,700,302.52272287548885,14.513447644213304,18.47430475951294,-85,-85,1350,700,147.56290226258972,10.334713636642789,circular
416,1100,700,302.52272287548885,22.496022074683278,23.06730250275713,-85,-85,1350,700,157.8976158992325,10.334713636642789,circular
417,1100,700,302.52272287548885,24.646943359767004,25.042923900792417,-85,-85,1350,700,168.2323295358753,10.334713636642789,circular
418,1100,700,302.52272287548885,25.684904084789974,25.859665714847075,-85,-85,1350,700,178.56704317251808,10.334713636642789,circular
419,1100,700,302.52272287548885,26.074956048612798,26.077602459396946,-85,-85,1350,700,188.90175680916087,10.334713636642789,circular
420,1100,700,302.52272287548885,25.906018829630398,25.7492610641292,-85,-85,1350,700,199.23647044580366,10.334713636642789,circular
421,1100,700,302.52272287548885,25.157178905256924,24.788337040832293,-85,-85,1350,700,209.57118408244645,10.334713636642789,circular
422,1100,700,302.52272287548885,23.319699537123853,22.793695368992225,-85,-85,1350,700,219.90589771908924,10.334713636642789,circular
423,1100,700,302.52272287548885,19.25639156218219,16.269948115724716,-85,-85,1350,700,230.24061135573203,10.334713636642789,circular
424,1100,700,302.52272287548885,-85,-85,-85,-85,1350,700,240.57532499237482,10.334713636642789,circular
425,1100,700,302.52272287548885,-85,-85,-85,-85,1350,700,250.9100386290176,10.334713636642789,circular
426,1100,700,302.52272287548885,-85,-85,-85,-85,1350,700,261.2447522656604,10.334713636642789,circular
427,1100,700,302.52272287548885,-85,-85,-85,-85,1350,700,271.5794659023032,10.334713636642789,circular
428,1100,700,302.52272287548885,-85,-85,-85,-85,1350,700,281.914179538946,10.334713636642789,circular
429,1100,700,302.52272287548885,-85,-85,-85,-85,1350,700,292.24889317558876,10.334713636642789,circular
430,1100,700,302.52272287548885,-85,-85,-85,-85,1350,700,302.58360681223155,10.334713636642789,circular
431,1100,700,302.52272287548885,-85,-85,-85,-85,1350,700,312.91832044887434,10.334713636642789,circular
432,1100,700,302.52272287548885,-85,-85,-85,-85,1350,700,323.25303408551713,10.334713636642789,circular
433,1100,700,302.52272287548885,-85,-85,-85,-85,1350,700,333.5877477221599,10.334713636642789,circular
434,1100,700,302.52272287548885,-85,-85,-85,-85,1350,700,343.9224613588027,10.334713636642789,circular
435,1100,700,302.52272287548885,-85,-85,-85,-85,1350,700,354.2571749954455,10.334713636642789,circular
436,1100,700,302.52272287548885,-85,-85,-85,-85,1350,700,4.591888632088285,10.334713636642789,circular
437,1100,700,302.52272287548885,-85,-85,-85,-85,1350,700,14.926602268731074,10.334713636642789,circular
438,1100,700,302.52272287548885,-85,-85,-85,-85,1350,700,25.261315905373863,10.334713636642789,circular
439,1100,700,302.52272287548885,-85,-85,-85,-85,1350,700,35.59602954201665,10.334713636642789,circular
440,1100,700,302.52272287548885,-85,-85,-85,-85,1350,700,45.93074317865944,10.334713636642789,circular
441,1100,700,302.52272287548885,-85,-85,-85,-85,1350,700,56.26545681530223,10.334713636642789,circular
442,1100,700,302.52272287548885,-85,-85,-85,-85,1350,700,66.60017045194502,10.334713636642789,circular
443,1100,700,302.52272287548885,-85,-85,-85,-85,1350,700,76.93488408858781,10.334713636642789,circular
444,1100,700,302.52272287548885,-85,-85,-85,-85,1350,700,87.2695977252306,10.334713636642789,circular
445,1100,700,302.52272287548885,-85,-85,-85,-85,1350,700,97.60431136187339,10.334713636642789,circular
446,1100,700,302.52272287548885,-85,-85,-85,-85,1350,700,107.93902499851617,10.334713636642789,circular
447,1100,700,302.52272287548885,-85,-85,-85,-85,1350,700,118.27373863515896,10.334713636642789,circular
448,1100,700,302.52272287548885,-85,-85,-85,-85,1350,700,128.60845227180175,10.334713636642789,circular
449,1100,700,302.52272287548885,-85,-85,-85,-85,1350,700,138.94316590844454,10.334713636642789,circular
450,1100,700,302.52272287548885,17.513155499392102,19.91435422725632,-85,-85,1350,700,149.27787954508733,10.334713636642789,circular
451,1100,700,302.52272287548885,22.793695368992218,23.553218972269416,-85,-85,1350,700,159.61259318173012,10.334713636642789,circular
452,1100,700,302.52272287548885,24.92014212493214,25.157178905256924,-85,-85,1350,700,169.9473068183729,10.334713636642789,circular
453,1100,700,302.52272287548885,25.80746062382631,25.946643644493044,-85,-85,1350,700,180.2820204550157,10.334713636642789,circular
454,1100,700,302.52272287548885,26.077602459396946,26.067010357935978,-85,-85,1350,700,190.6167340916585,10.334713636642789,circular
455,1100,700,302.52272287548885,25.807460623826316,25.684904084789977,-85,-85,1350,700,200.95144772830128,10.334713636642789,circular
456,1100,700,302.52272287548885,24.92014212493214,24.495315191602927,-85,-85,1350,700,211.28616136494406,10.334713636642789,circular
457,1100,700,302.52272287548885,23.067302502757133,22.170735458799452,-85,-85,1350,700,221.62087500158685,10.334713636642789,circular
458,1100,700,302.52272287548885,17.51315549939211,14.513447644213265,-85,-85,1350,700,231.95558863822964,10.334713636642789,circular
459,1100,700,302.52272287548885,-85,-85,-85,-85,1350,700,242.29030227487243,10.334713636642789,circular
460,1100,700,302.52272287548885,-85,-85,-85,-85,1350,700,252.62501591151522,10.334713636642789,circular
461,1100,700,302.52272287548885,-85,-85,-85,-85,1350,700,262.959729548158,10.334713636642789,circular
462,1100,700,302.52272287548885,-85,-85,-85,-85,1350,700,273.2944431848008,10.334713636642789,circular
463,1100,700,302.52272287548885,-85,-85,-85,-85,1350,700,283.6291568214436,10.334713636642789,circular
464,1100,700,302.52272287548885,-85,-85,-85,-85,1350,700,293.9638704580864,10.334713636642789,circular
465,1100,700,302.52272287548885,-85,-85,-85,-85,1350,700,304.29858409472916,10.334713636642789,circular
466,1100,700,302.52272287548885,-85,-85,-85,-85,1350,700,314.63329773137195,10.334713636642789,circular
467,1100,700,302.52272287548885,-85,-85,-85,-85,1350,700,324.96801136801474,10.334713636642789,circular
468,1100,700,302.52272287548885,-85,-85,-85,-85,1350,700,335.30272500465753,10.334713636642789,circular
469,1100,700,302.52272287548885,-85,-85,-85,-85,1350,700,345.6374386413003,10.334713636642789,circular
470,1100,700,302.52272287548885,-85,-85,-85,-85,1350,700,355.9721522779431,10.334713636642789,circular
471,1100,700,302.52272287548885,-85,-85,-85,-85,1350,700,6.306865914585899,10.334713636642789,circular
472,1100,700,302.52272287548885,-85,-85,-85,-85,1350,700,16.641579551228688,10.334713636642789,circular
473,1100,700,302.52272287548885,-85,-85,-85,-85,1350,700,26.976293187871477,10.334713636642789,circular
474,1100,700,302.52272287548885,-85,-85,-85,-85,1350,700,37.311006824514266,10.334713636642789,circular
475,1100,700,302.52272287548885,-85,-85,-85,-85,1350,700,47.645720461157055,10.334713636642789,circular
476,1100,700,302.52272287548885,-85,-85,-85,-85,1350,700,57.980434097799844,10.334713636642789,circular
477,1100,700,302.52272287548885,-85,-85,-85,-85,1350,700,68.31514773444263,10.334713636642789,circular
478,1100,700,302.52272287548885,-85,-85,-85,-85,1350,700,78.64986137108542,10.334713636642789,circular
479,1100,700,302.52272287548885,-85,-85,-85,-85,1350,700,88.98457500772821,10.334713636642789,circular
480,1100,700,302.52272287548885,-85,-85,-85,-85,1350,700,99.319288644371,10.334713636642789,circular
481,1100,700,302.52272287548885,-85,-85,-85,-85,1350,700,109.65400228101379,10.334713636642789,circular
482,1100,700,302.52272287548885,-85,-85,-85,-85,1350,700,119.98871591765658,10.334713636642789,circular
483,1100,700,302.52272287548885,-85,-85,-85,-85,1350,700,130.32342955429937,10.334713636642789,circular
484,1100,700,302.52272287548885,-85,-85,-85,-85,1350,700,140.65814319094216,10.334713636642789,circular
485,1100,700,302.52272287548885,19.25639156218217,20.48098321025059,-85,-85,1350,700,150.99285682758494,10.334713636642789,circular
486,1100,700,302.52272287548885,23.31969953712386,23.971022246457757,-85,-85,1350,700,161.32757046422773,10.334713636642789,circular
487,1100,700,302.52272287548885,25.042923900792417,25.36180729449956,-85,-85,1350,700,171.66228410087052,10.334713636642789,circular
488,1100,700,302.52272287548885,25.906018829630398,25.9816463993744,-85,-85,1350,700,181.9969977375133,10.334713636642789,circular
489,1100,700,302.52272287548885,26.074956048612798,26.035130213615616,-85,-85,1350,700,192.3317113741561,10.334713636642789,circular
490,1100,700,302.52272287548885,25.7492610641292,25.536951728381826,-85,-85,1350,700,202.6664250107989,10.334713636642789,circular
491,1100,700,302.52272287548885,24.646943359767004,24.332711411139446,-85,-85,1350,700,213.00113864744168,10.334713636642789,circular
492,1100,700,302.52272287548885,22.496022074683278,21.418119305852123,-85,-85,1350,700,223.33585228408447,10.334713636642789,circular
493,1100,700,302.52272287548885,16.269948115724716,-85,-85,-85,1350,700,233.67056592072726,10.334713636642789,circular
494,1100,700,302.52272287548885,-85,-85,-85,-85,1350,700,244.00527955737005,10.334713636642789,circular
495,1100,700,302.52272287548885,-85,-85,-85,-85,1350,700,254.33999319401283,10.334713636642789,circular
496,1100,700,302.52272287548885,-85,-85,-85,-85,1350,700,264.6747068306556,10.334713636642789,circular
497,1100,700,302.52272287548885,-85,-85,-85,-85,1350,700,275.0094204672984,10.334713636642789,circular
498,1100,700,302.52272287548885,-85,-85,-85,-85,1350,700,285.3441341039412,10.334713636642789,circular
499,1100,700,302.52272287548885,-85,-85,-85,-85,1350,700,295.678847740584,10.334713636642789,circular
500,1100,700,302.52272287548885,-85,-85,-85,-85,1350,700,306.0135613772268,10.334713636642789,circular
501,1100,700,302.52272287548885,-85,-85,-85,-85,1350,700,316.34827501386957,10.334713636642789,circular
502,1100,700,302.52272287548885,-85,-85,-85,-85,1350,700,326.68298865051236,10.334713636642789,circular
503,1100,700,302.52272287548885,-85,-85,-85,-85,1350,700,337.01770228715515,10.334713636642789,circular
504,1100,700,302.52272287548885,-85,-85,-85,-85,1350,700,347.35241592379793,10.334713636642789,circular
505,1100,700,302.52272287548885,-85,-85,-85,-85,1350,700,357.6871295604407,10.334713636642789,circular
506,1100,700,302.52272287548885,-85,-85,-85,-85,1350,700,8.021843197083513,10.334713636642789,circular
507,1100,700,302.52272287548885,-85,-85,-85,-85,1350,700,18.3565568337263,10.334713636642789,circular
508,1100,700,302.52272287548885,-85,-85,-85,-85,1350,700,28.69127047036909,10.334713636642789,circular
509,1100,700,302.52272287548885,-85,-85,-85,-85,1350,700,39.02598410701188,10.334713636642789,circular
510,1100,700,302.52272287548885,-85,-85,-85,-85,1350,700,49.36069774365467,10.334713636642789,circular
511,1100,700,302.52272287548885,-85,-85,-85,-85,1350,700,59.69541138029746,10.334713636642789,circular
512,1100,700,302.52272287548885,-85,-85,-85,-85,1350,700,70.03012501694025,10.334713636642789,circular
513,1100,700,302.52272287548885,-85,-85,-85,-85,1350,700,80.36483865358304,10.334713636642789,circular
514,1100,700,302.52272287548885,-85,-85,-85,-85,1350,700,90.69955229022582,10.334713636642789,circular
515,1100,700,302.52272287548885,-85,-85,-85,-85,1350,700,101.03426592686861,10.334713636642789,circular
516,1100,700,302.52272287548885,-85,-85,-85,-85,1350,700,111.3689795635114,10.334713636642789,circular
517,1100,700,302.52272287548885,-85,-85,-85,-85,1350,700,121.70369320015419,10.334713636642789,circular
518,1100,700,302.52272287548885,-85,-85,-85,-85,1350,700,132.03840683679698,10.334713636642789,circular
519,1100,700,302.52272287548885,-85,-85,-85,-85,1350,700,142.37312047343977,10.334713636642789,circular
520,1100,700,302.52272287548885,19.91435422725632,21.41811930585211,-85,-85,1350,700,152.70783411008256,10.334713636642789,circular
521,1100,700,302.52272287548885,23.769789312347285,24.1582774269213,-85,-85,1350,700,163.04254774672535,10.334713636642789,circular
522,1100,700,302.52272287548885,25.26334459461691,25.536951728381826,-85,-85,1350,700,173.37726138336814,10.334713636642789,circular
523,1100,700,302.52272287548885,25.946643644493044,26.035130213615616,-85,-85,1350,700,183.71197502001093,10.334713636642789,circular
524,1100,700,302.52272287548885,26.053745949214605,26.011117049096303,-85,-85,1350,700,194.0466886566537,10.334713636642789,circular
525,1100,700,302.52272287548885,25.614204328866276,25.361807294499556,-85,-85,1350,700,204.3814022932965,10.334713636642789,circular
526,1100,700,302.52272287548885,24.495315191602927,23.97102224645776,-85,-85,1350,700,214.7161159299393,10.334713636642789,circular
527,1100,700,302.52272287548885,21.81335663023087,20.97742610025735,-85,-85,1350,700,225.05082956658208,10.334713636642789,circular
528,1100,700,302.52272287548885,11.50579409835762,-85,-85,-85,1350,700,235.38554320322487,10.334713636642789,circular
529,1100,700,302.52272287548885,-85,-85,-85,-85,1350,700,245.72025683986766,10.334713636642789,circular
530,1100,700,302.52272287548885,-85,-85,-85,-85,1350,700,256.05497047651045,10.334713636642789,circular
531,1100,700,302.52272287548885,-85,-85,-85,-85,1350,700,266.38968411315324,10.334713636642789,circular
532,1100,700,302.52272287548885,-85,-85,-85,-85,1350,700,276.724397749796,10.334713636642789,circular
533,1100,700,302.52272287548885,-85,-85,-85,-85,1350,700,287.0591113864388,10.334713636642789,circular
534,1100,700,302.52272287548885,-85,-85,-85,-85,1350,700,297.3938250230816,10.334713636642789,circular
535,1100,700,302.52272287548885,-85,-85,-85,-85,1350,700,307.7285386597244,10.334713636642789,circular
536,1100,700,302.52272287548885,-85,-85,-85,-85,1350,700,318.0632522963672,10.334713636642789,circular
537,1100,700,302.52272287548885,-85,-85,-85,-85,1350,700,328.39796593300997,10.334713636642789,circular
538,1100,700,302.52272287548885,-85,-85,-85,-85,1350,700,338.73267956965276,10.334713636642789,circular
539,1100,700,302.52272287548885,-85,-85,-85,-85,1350,700,349.06739320629555,10.334713636642789,circular
540,1100,700,302.52272287548885,-85,-85,-85,-85,1350,700,359.40210684293834,10.334713636642789,circular
541,1100,700,302.52272287548885,-85,-85,-85,-85,1350,700,9.736820479581127,10.334713636642789,circular
542,1100,700,302.52272287548885,-85,-85,-85,-85,1350,700,20.071534116223916,10.334713636642789,circular
543,1100,700,302.52272287548885,-85,-85,-85,-85,1350,700,30.406247752866705,10.334713636642789,circular
544,1100,700,302.52272287548885,-85,-85,-85,-85,1350,700,40.74096138950949,10.334713636642789,circular
545,1100,700,302.52272287548885,-85,-85,-85,-85,1350,700,51.07567502615228,10.334713636642789,circular
546,1100,700,302.52272287548885,-85,-85,-85,-85,1350,700,61.41038866279507,10.334713636642789,circular
547,1100,700,302.52272287548885,-85,-85,-85,-85,1350,700,71.74510229943786,10.334713636642789,circular
548,1100,700,302.52272287548885,-85,-85,-85,-85,1350,700,82.07981593608065,10.334713636642789,circular
549,1100,700,302.52272287548885,-85,-85,-85,-85,1350,700,92.41452957272344,10.334713636642789,circular
550,1100,700,302.52272287548885,-85,-85,-85,-85,1350,700,102.74924320936623,10.334713636642789,circular
551,1100,700,302.52272287548885,-85,-85,-85,-85,1350,700,113.08395684600902,10.334713636642789,circular
552,1100,700,302.52272287548885,-85,-85,-85,-85,1350,700,123.4186704826518,10.334713636642789,circular
553,1100,700,302.52272287548885,-85,-85,-85,-85,1350,700,133.7533841192946,10.334713636642789,circular
554,1100,700,302.52272287548885,-85,14.513447644213304,-85,-85,1350,700,144.08809775593738,10.334713636642789,circular
555,1100,700,302.52272287548885,20.97742610025734,22.170735458799452,-85,-85,1350,700,154.42281139258017,10.334713636642789,circular
556,1100,700,302.52272287548885,23.971022246457757,24.495315191602927,-85,-85,1350,700,164.75752502922296,10.334713636642789,circular
557,1100,700,302.52272287548885,25.452908776355446,25.684904084789974,-85,-85,1350,700,175.09223866586575,10.334713636642789,circular
558,1100,700,302.52272287548885,26.011117049096303,26.067010357935978,-85,-85,1350,700,185.42695230250854,10.334713636642789,circular
559,1100,700,302.52272287548885,26.035130213615616,25.946643644493044,-85,-85,1350,700,195.76166593915133,10.334713636642789,circular
560,1100,700,302.52272287548885,25.452908776355446,25.157178905256924,-85,-85,1350,700,206.09637957579412,10.334713636642789,circular
561,1100,700,302.52272287548885,24.1582774269213,23.553218972269416,-85,-85,1350,700,216.4310932124369,10.334713636642789,circular
562,1100,700,302.52272287548885,21.418119305852123,19.914354227256315,-85,-85,1350,700,226.7658068490797,10.334713636642789,circular
563,1100,700,302.52272287548885,-85,-85,-85,-85,1350,700,237.10052048572248,10.334713636642789,circular
564,1100,700,302.52272287548885,-85,-85,-85,-85,1350,700,247.43523412236527,10.334713636642789,circular
565,1100,700,302.52272287548885,-85,-85,-85,-85,1350,700,257.76994775900806,10.334713636642789,circular
566,1100,700,302.52272287548885,-85,-85,-85,-85,1350,700,268.10466139565085,10.334713636642789,circular
567,1100,700,302.52272287548885,-85,-85,-85,-85,1350,700,278.43937503229364,10.334713636642789,circular
568,1100,700,302.52272287548885,-85,-85,-85,-85,1350,700,288.77408866893643,10.334713636642789,circular
569,1100,700,302.52272287548885,-85,-85,-85,-85,1350,700,299.1088023055792,10.334713636642789,circular
570,1100,700,302.52272287548885,-85,-85,-85,-85,1350,700,309.443515942222,10.334713636642789,circular
571,1100,700,302.52272287548885,-85,-85,-85,-85,1350,700,319.7782295788648,10.334713636642789,circular
572,1100,700,302.52272287548885,-85,-85,-85,-85,1350,700,330.1129432155076,10.334713636642789,circular
573,1100,700,302.52272287548885,-85,-85,-85,-85,1350,700,340.4476568521504,10.334713636642789,circular
574,1100,700,302.52272287548885,-85,-85,-85,-85,1350,700,350.78237048879316,10.334713636642789,circular
575,1100,700,302.52272287548885,-85,-85,-85,-85,1350,700,1.1170841254359516,10.334713636642789,circular
576,1100,700,302.52272287548885,-85,-85,-85,-85,1350,700,11.45179776207874,10.334713636642789,circular
577,1100,700,302.52272287548885,-85,-85,-85,-85,1350,700,21.78651139872153,10.334713636642789,circular
578,1100,700,302.52272287548885,-85,-85,-85,-85,1350,700,32.12122503536432,10.334713636642789,circular
579,1100,700,302.52272287548885,-85,-85,-85,-85,1350,700,42.45593867200711,10.334713636642789,circular
580,1100,700,302.52272287548885,-85,-85,-85,-85,1350,700,52.790652308649896,10.334713636642789,circular
581,1100,700,302.52272287548885,-85,-85,-85,-85,1350,700,63.125365945292685,10.334713636642789,circular
582,1100,700,302.52272287548885,-85,-85,-85,-85,1350,700,73.46007958193547,10.334713636642789,circular
583,1100,700,302.52272287548885,-85,-85,-85,-85,1350,700,83.79479321857826,10.334713636642789,circular
584,1100,700,302.52272287548885,-85,-85,-85,-85,1350,700,94.12950685522105,10.334713636642789,circular
585,1100,700,302.52272287548885,-85,-85,-85,-85,1350,700,104.46422049186384,10.334713636642789,circular
586,1100,700,302.52272287548885,-85,-85,-85,-85,1350,700,114.79893412850663,10.334713636642789,circular
587,1100,700,302.52272287548885,-85,-85,-85,-85,1350,700,125.13364776514942,10.334713636642789,circular
588,1100,700,302.52272287548885,-85,-85,-85,-85,1350,700,135.4683614017922,10.334713636642789,circular
589,1100,700,302.52272287548885,-85,16.269948115724727,-85,-85,1350,700,145.803075038435,10.334713636642789,circular
590,1100,700,302.52272287548885,21.813356630230874,22.793695368992218,-85,-85,1350,700,156.1377886750778,10.334713636642789,circular
591,1100,700,302.52272287548885,24.33271141113945,24.78833704083229,-85,-85,1350,700,166.47250231172058,10.334713636642789,circular
592,1100,700,302.52272287548885,25.536951728381826,25.7492610641292,-85,-85,1350,700,176.80721594836336,10.334713636642789,circular
593,1100,700,302.52272287548885,26.053745949214605,26.077602459396946,-85,-85,1350,700,187.14192958500615,10.334713636642789,circular
594,1100,700,302.52272287548885,25.9816463993744,25.859665714847075,-85,-85,1350,700,197.47664322164894,10.334713636642789,circular
595,1100,700,302.52272287548885,25.361807294499556,25.042923900792417,-85,-85,1350,700,207.81135685829173,10.334713636642789,circular
596,1100,700,302.52272287548885,23.769789312347285,23.067302502757133,-85,-85,1350,700,218.14607049493452,10.334713636642789,circular
597,1100,700,302.52272287548885,20.48098321025059,18.474304759512954,-85,-85,1350,700,228.4807841315773,10.334713636642789,circular
598,1100,700,302.52272287548885,-85,-85,-85,-85,1350,700,238.8154977682201,10.334713636642789,circular
599,1100,700,302.52272287548885,-85,-85,-85,-85,1350,700,249.1502114048629,10.334713636642789,circular
600,1100,700,302.52272287548885,-85,-85,-85,-85,1350,700,259.4849250415057,10.334713636642789,circular
601,1100,700,302.52272287548885,-85,-85,-85,-85,1350,700,269.81963867814846,10.334713636642789,circular
602,1100,700,302.52272287548885,-85,-85,-85,-85,1350,700,280.15435231479125,10.334713636642789,circular
603,1100,700,302.52272287548885,-85,-85,-85,-85,1350,700,290.48906595143404,10.334713636642789,circular
604,1100,700,302.52272287548885,-85,-85,-85,-85,1350,700,300.82377958807683,10.334713636642789,circular
605,1100,700,302.52272287548885,-85,-85,-85,-85,1350,700,311.1584932247196,10.334713636642789,circular
606,1100,700,302.52272287548885,-85,-85,-85,-85,1350,700,321.4932068613624,10.334713636642789,circular
607,1100,700,302.52272287548885,-85,-85,-85,-85,1350,700,331.8279204980052,10.334713636642789,circular
608,1100,700,302.52272287548885,-85,-85,-85,-85,1350,700,342.162634134648,10.334713636642789,circular
609,1100,700,302.52272287548885,-85,-85,-85,-85,1350,700,352.4973477712908,10.334713636642789,circular
610,1100,700,302.52272287548885,-85,-85,-85,-85,1350,700,2.8320614079335655,10.334713636642789,circular
611,1100,700,302.52272287548885,-85,-85,-85,-85,1350,700,13.166775044576355,10.334713636642789,circular
612,1100,700,302.52272287548885,-85,-85,-85,-85,1350,700,23.501488681219143,10.334713636642789,circular
613,1100,700,302.52272287548885,-85,-85,-85,-85,1350,700,33.83620231786193,10.334713636642789,circular
614,1100,700,302.52272287548885,-85,-85,-85,-85,1350,700,44.17091595450472,10.334713636642789,circular
615,1100,700,302.52272287548885,-85,-85,-85,-85,1350,700,54.50562959114751,10.334713636642789,circular
616,1100,700,302.52272287548885,-85,-85,-85,-85,1350,700,64.8403432277903,10.334713636642789,circular
617,1100,700,302.52272287548885,-85,-85,-85,-85,1350,700,75.17505686443309,10.334713636642789,circular
618,1100,700,302.52272287548885,-85,-85,-85,-85,1350,700,85.50977050107588,10.334713636642789,circular
619,1100,700,302.52272287548885,-85,-85,-85,-85,1350,700,95.84448413771867,10.334713636642789,circular
620,1100,700,302.52272287548885,-85,-85,-85,-85,1350,700,106.17919777436146,10.334713636642789,circular
621,1100,700,302.52272287548885,-85,-85,-85,-85,1350,700,116.51391141100424,10.334713636642789,circular
622,1100,700,302.52272287548885,-85,-85,-85,-85,1350,700,126.84862504764703,10.334713636642789,circular
623,1100,700,302.52272287548885,-85,-85,-85,-85,1350,700,137.18333868428982,10.334713636642789,circular
624,1100,700,302.52272287548885,14.513447644213304,18.47430475951294,-85,-85,1350,700,147.5180523209326,10.334713636642789,circular
625,1100,700,302.52272287548885,22.496022074683278,23.06730250275713,-85,-85,1350,700,157.8527659575754,10.334713636642789,circular
626,1100,700,302.52272287548885,24.646943359767004,25.042923900792417,-85,-85,1350,700,168.1874795942182,10.334713636642789,circular
627,1100,700,302.52272287548885,25.684904084789974,25.859665714847075,-85,-85,1350,700,178.52219323086098,10.334713636642789,circular
628,1100,700,302.52272287548885,26.074956048612798,26.077602459396946,-85,-85,1350,700,188.85690686750377,10.334713636642789,circular
629,1100,700,302.52272287548885,25.906018829630398,25.7492610641292,-85,-85,1350,700,199.19162050414656,10.334713636642789,circular
630,1100,700,302.52272287548885,25.157178905256924,24.788337040832293,-85,-85,1350,700,209.52633414078934,10.334713636642789,circular
631,1100,700,302.52272287548885,23.319699537123853,22.793695368992225,-85,-85,1350,700,219.86104777743213,10.334713636642789,circular
632,1100,700,302.52272287548885,19.25639156218219,16.269948115724716,-85,-85,1350,700,230.19576141407492,10.334713636642789,circular
633,1100,700,302.52272287548885,-85,-85,-85,-85,1350,700,240.5304750507177,10.334713636642789,circular
634,1100,700,302.52272287548885,-85,-85,-85,-85,1350,700,250.8651886873605,10.334713636642789,circular
635,1100,700,302.52272287548885,-85,-85,-85,-85,1350,700,261.1999023240033,10.334713636642789,circular
636,1100,700,302.52272287548885,-85,-85,-85,-85,1350,700,271.5346159606461,10.334713636642789,circular
637,1100,700,302.52272287548885,-85,-85,-85,-85,1350,700,281.86932959728887,10.334713636642789,circular
638,1100,700,302.52272287548885,-85,-85,-85,-85,1350,700,292.20404323393166,10.334713636642789,circular
639,1100,700,302.52272287548885,-85,-85,-85,-85,1350,700,302.53875687057445,10.334713636642789,circular
640,1100,700,302.52272287548885,-85,-85,-85,-85,1350,700,312.87347050721723,10.334713636642789,circular
641,1100,700,302.52272287548885,-85,-85,-85,-85,1350,700,323.20818414386,10.334713636642789,circular
642,1100,700,302.52272287548885,-85,-85,-85,-85,1350,700,333.5428977805028,10.334713636642789,circular
643,1100,700,302.52272287548885,-85,-85,-85,-85,1350,700,343.8776114171456,10.334713636642789,circular
644,1100,700,302.52272287548885,-85,-85,-85,-85,1350,700,354.2123250537884,10.334713636642789,circular
645,1100,700,302.52272287548885,-85,-85,-85,-85,1350,700,4.5470386904311795,10.334713636642789,circular
646,1100,700,302.52272287548885,-85,-85,-85,-85,1350,700,14.881752327073968,10.334713636642789,circular
647,1100,700,302.52272287548885,-85,-85,-85,-85,1350,700,25.216465963716757,10.334713636642789,circular
648,1100,700,302.52272287548885,-85,-85,-85,-85,1350,700,35.551179600359546,10.334713636642789,circular
649,1100,700,302.52272287548885,-85,-85,-85,-85,1350,700,45.885893237002335,10.334713636642789,circular
650,1100,700,302.52272287548885,-85,-85,-85,-85,1350,700,56.220606873645124,10.334713636642789,circular
651,1100,700,302.52272287548885,-85,-85,-85,-85,1350,700,66.55532051028791,10.334713636642789,circular
652,1100,700,302.52272287548885,-85,-85,-85,-85,1350,700,76.8900341469307,10.334713636642789,circular
653,1100,700,302.52272287548885,-85,-85,-85,-85,1350,700,87.22474778357349,10.334713636642789,circular
654,1100,700,302.52272287548885,-85,-85,-85,-85,1350,700,97.55946142021628,10.334713636642789,circular
655,1100,700,302.52272287548885,-85,-85,-85,-85,1350,700,107.89417505685907,10.334713636642789,circular
656,1100,700,302.52272287548885,-85,-85,-85,-85,1350,700,118.22888869350186,10.334713636642789,circular
657,1100,700,302.52272287548885,-85,-85,-85,-85,1350,700,128.56360233014465,10.334713636642789,circular
658,1100,700,302.52272287548885,-85,-85,-85,-85,1350,700,138.89831596678744,10.334713636642789,circular
659,1100,700,302.52272287548885,17.513155499392102,19.91435422725632,-85,-85,1350,700,149.23302960343023,10.334713636642789,circular
660,1100,700,302.52272287548885,22.793695368992218,23.553218972269416,-85,-85,1350,700,159.567743240073,10.334713636642789,circular
661,1100,700,302.52272287548885,24.92014212493214,25.157178905256924,-85,-85,1350,700,169.9024568767158,10.334713636642789,circular
662,1100,700,302.52272287548885,25.80746062382631,25.946643644493044,-85,-85,1350,700,180.2371705133586,10.334713636642789,circular
663,1100,700,302.52272287548885,26.077602459396946,26.067010357935978,-85,-85,1350,700,190.57188415000138,10.334713636642789,circular
664,1100,700,302.52272287548885,25.807460623826316,25.684904084789977,-85,-85,1350,700,200.90659778664417,10.334713636642789,circular
665,1100,700,302.52272287548885,24.92014212493214,24.495315191602927,-85,-85,1350,700,211.24131142328696,10.334713636642789,circular
666,1100,700,302.52272287548885,23.067302502757133,22.170735458799452,-85,-85,1350,700,221.57602505992975,10.334713636642789,circular
667,1100,700,302.52272287548885,17.51315549939211,14.513447644213265,-85,-85,1350,700,231.91073869657254,10.334713636642789,circular
668,1100,700,302.52272287548885,-85,-85,-85,-85,1350,700,242.24545233321533,10.334713636642789,circular
669,1100,700,302.52272287548885,-85,-85,-85,-85,1350,700,252.58016596985811,10.334713636642789,circular
670,1100,700,302.52272287548885,-85,-85,-85,-85,1350,700,262.9148796065009,10.334713636642789,circular
671,1100,700,302.52272287548885,-85,-85,-85,-85,1350,700,273.2495932431437,10.334713636642789,circular
672,1100,700,302.52272287548885,-85,-85,-85,-85,1350,700,283.5843068797865,10.334713636642789,circular
673,1100,700,302.52272287548885,-85,-85,-85,-85,1350,700,293.91902051642927,10.334713636642789,circular
674,1100,700,302.52272287548885,-85,-85,-85,-85,1350,700,304.25373415307206,10.334713636642789,circular
675,1100,700,302.52272287548885,-85,-85,-85,-85,1350,700,314.58844778971485,10.334713636642789,circular
676,1100,700,302.52272287548885,-85,-85,-85,-85,1350,700,324.92316142635764,10.334713636642789,circular
677,1100,700,302.52272287548885,-85,-85,-85,-85,1350,700,335.2578750630004,10.334713636642789,circular
678,1100,700,302.52272287548885,-85,-85,-85,-85,1350,700,345.5925886996432,10.334713636642789,circular
679,1100,700,302.52272287548885,-85,-85,-85,-85,1350,700,355.927302336286,10.334713636642789,circular
680,1100,700,302.52272287548885,-85,-85,-85,-85,1350,700,6.262015972928793,10.334713636642789,circular
681,1100,700,302.52272287548885,-85,-85,-85,-85,1350,700,16.596729609571582,10.334713636642789,circular
682,1100,700,302.52272287548885,-85,-85,-85,-85,1350,700,26.93144324621437,10.334713636642789,circular
683,1100,700,302.52272287548885,-85,-85,-85,-85,1350,700,37.26615688285716,10.334713636642789,circular
684,1100,700,302.52272287548885,-85,-85,-85,-85,1350,700,47.60087051949995,10.334713636642789,circular
685,1100,700,302.52272287548885,-85,-85,-85,-85,1350,700,57.93558415614274,10.334713636642789,circular
686,1100,700,302.52272287548885,-85,-85,-85,-85,1350,700,68.27029779278553,10.334713636642789,circular
687,1100,700,302.52272287548885,-85,-85,-85,-85,1350,700,78.60501142942832,10.334713636642789,circular
688,1100,700,302.52272287548885,-85,-85,-85,-85,1350,700,88.9397250660711,10.334713636642789,circular
689,1100,700,302.52272287548885,-85,-85,-85,-85,1350,700,99.2744387027139,10.334713636642789,circular
690,1100,700,302.52272287548885,-85,-85,-85,-85,1350,700,109.60915233935668,10.334713636642789,circular
691,1100,700,302.52272287548885,-85,-85,-85,-85,1350,700,119.94386597599947,10.334713636642789,circular
692,1100,700,302.52272287548885,-85,-85,-85,-85,1350,700,130.27857961264226,10.334713636642789,circular
693,1100,700,302.52272287548885,-85,-85,-85,-85,1350,700,140.61329324928505,10.334713636642789,circular
694,1100,700,302.52272287548885,19.25639156218217,20.48098321025059,-85,-85,1350,700,150.94800688592784,10.334713636642789,circular
695,1100,700,302.52272287548885,23.31969953712386,23.971022246457757,-85,-85,1350,700,161.28272052257063,10.334713636642789,circular
696,1100,700,302.52272287548885,25.042923900792417,25.36180729449956,-85,-85,1350,700,171.61743415921342,10.334713636642789,circular
697,1100,700,302.52272287548885,25.906018829630398,25.9816463993744,-85,-85,1350,700,181.9521477958562,10.334713636642789,circular
698,1100,700,302.52272287548885,26.074956048612798,26.035130213615616,-85,-85,1350,700,192.286861432499,10.334713636642789,circular
699,1100,700,302.52272287548885,25.7492610641292,25.536951728381826,-85,-85,1350,700,202.62157506914178,10.334713636642789,circular
700,1100,700,302.52272287548885,24.646943359767004,24.332711411139446,-85,-85,1350,700,212.95628870578457,10.334713636642789,circular
701,1100,700,302.52272287548885,22.496022074683278,21.418119305852123,-85,-85,1350,700,223.29100234242736,10.334713636642789,circular
702,1100,700,302.52272287548885,16.269948115724716,-85,-85,-85,1350,700,233.62571597907015,10.334713636642789,circular
703,1100,700,302.52272287548885,-85,-85,-85,-85,1350,700,243.96042961571294,10.334713636642789,circular
704,1100,700,302.52272287548885,-85,-85,-85,-85,1350,700,254.29514325235573,10.334713636642789,circular
705,1100,700,302.52272287548885,-85,-85,-85,-85,1350,700,264.6298568889985,10.334713636642789,circular
706,1100,700,302.52272287548885,-85,-85,-85,-85,1350,700,274.9645705256413,10.334713636642789,circular
707,1100,700,302.52272287548885,-85,-85,-85,-85,1350,700,285.2992841622841,10.334713636642789,circular
708,1100,700,302.52272287548885,-85,-85,-85,-85,1350,700,295.6339977989269,10.334713636642789,circular
709,1100,700,302.52272287548885,-85,-85,-85,-85,1350,700,305.9687114355697,10.334713636642789,circular
710,1100,700,302.52272287548885,-85,-85,-85,-85,1350,700,316.30342507221246,10.334713636642789,circular
711,1100,700,302.52272287548885,-85,-85,-85,-85,1350,700,326.63813870885525,10.334713636642789,circular
712,1100,700,302.52272287548885,-85,-85,-85,-85,1350,700,336.97285234549804,10.334713636642789,circular
713,1100,700,302.52272287548885,-85,-85,-85,-85,1350,700,347.30756598214083,10.334713636642789,circular
714,1100,700,302.52272287548885,-85,-85,-85,-85,1350,700,357.6422796187836,10.334713636642789,circular
715,1100,700,302.52272287548885,-85,-85,-85,-85,1350,700,7.976993255426407,10.334713636642789,circular
716,1100,700,302.52272287548885,-85,-85,-85,-85,1350,700,18.311706892069196,10.334713636642789,circular
717,1100,700,302.52272287548885,-85,-85,-85,-85,1350,700,28.646420528711985,10.334713636642789,circular
718,1100,700,302.52272287548885,-85,-85,-85,-85,1350,700,38.981134165354774,10.334713636642789,circular
719,1100,700,302.52272287548885,-85,-85,-85,-85,1350,700,49.31584780199756,10.334713636642789,circular
720,1100,700,302.52272287548885,-85,-85,-85,-85,1350,700,59.65056143864035,10.334713636642789,circular
721,1100,700,302.52272287548885,-85,-85,-85,-85,1350,700,69.98527507528314,10.334713636642789,circular
722,1100,700,302.52272287548885,-85,-85,-85,-85,1350,700,80.31998871192593,10.334713636642789,circular
723,1100,700,302.52272287548885,-85,-85,-85,-85,1350,700,90.65470234856872,10.334713636642789,circular
724,1100,700,302.52272287548885,-85,-85,-85,-85,1350,700,100.98941598521151,10.334713636642789,circular
725,1100,700,302.52272287548885,-85,-85,-85,-85,1350,700,111.3241296218543,10.334713636642789,circular
726,1100,700,302.52272287548885,-85,-85,-85,-85,1350,700,121.65884325849709,10.334713636642789,circular
727,1100,700,302.52272287548885,-85,-85,-85,-85,1350,700,131.99355689513987,10.334713636642789,circular
728,1100,700,302.52272287548885,-85,-85,-85,-85,1350,700,142.32827053178266,10.334713636642789,circular
729,1100,700,302.52272287548885,19.91435422725632,21.41811930585211,-85,-85,1350,700,152.66298416842545,10.334713636642789,circular
730,1100,700,302.52272287548885,23.769789312347285,24.1582774269213,-85,-85,1350,700,162.99769780506824,10.334713636642789,circular
731,1100,700,302.52272287548885,25.26334459461691,25.536951728381826,-85,-85,1350,700,173.33241144171103,10.334713636642789,circular
732,1100,700,302.52272287548885,25.946643644493044,26.035130213615616,-85,-85,1350,700,183.66712507835382,10.334713636642789,circular
733,1100,700,302.52272287548885,26.053745949214605,26.011117049096303,-85,-85,1350,700,194.0018387149966,10.334713636642789,circular
734,1100,700,302.52272287548885,25.614204328866276,25.361807294499556,-85,-85,1350,700,204.3365523516394,10.334713636642789,circular
735,1100,700,302.52272287548885,24.495315191602927,23.97102224645776,-85,-85,1350,700,214.6712659882822,10.334713636642789,circular
736,1100,700,302.52272287548885,21.81335663023087,20.97742610025735,-85,-85,1350,700,225.00597962492498,10.334713636642789,circular
737,1100,700,302.52272287548885,11.50579409835762,-85,-85,-85,1350,700,235.34069326156776,10.334713636642789,circular
738,1100,700,302.52272287548885,-85,-85,-85,-85,1350,700,245.67540689821055,10.334713636642789,circular
739,1100,700,302.52272287548885,-85,-85,-85,-85,1350,700,256.01012053485334,10.334713636642789,circular
740,1100,700,302.52272287548885,-85,-85,-85,-85,1350,700,266.34483417149613,10.334713636642789,circular
741,1100,700,302.52272287548885,-85,-85,-85,-85,1350,700,276.6795478081389,10.334713636642789,circular
742,1100,700,302.52272287548885,-85,-85,-85,-85,1350,700,287.0142614447817,10.334713636642789,circular
743,1100,700,302.52272287548885,-85,-85,-85,-85,1350,700,297.3489750814245,10.334713636642789,circular
744,1100,700,302.52272287548885,-85,-85,-85,-85,1350,700,307.6836887180673,10.334713636642789,circular
745,1100,700,302.52272287548885,-85,-85,-85,-85,1350,700,318.0184023547101,10.334713636642789,circular
746,1100,700,302.52272287548885,-85,-85,-85,-85,1350,700,328.35311599135287,10.334713636642789,circular
747,1100,700,302.52272287548885,-85,-85,-85,-85,1350,700,338.68782962799565,10.334713636642789,circular
748,1100,700,302.52272287548885,-85,-85,-85,-85,1350,700,349.02254326463844,10.334713636642789,circular
749,1100,700,302.52272287548885,-85,-85,-85,-85,1350,700,359.35725690128123,10.334713636642789,circular
750,1100,700,302.52272287548885,-85,-85,-85,-85,1350,700,9.691970537924021,10.334713636642789,circular
751,1100,700,302.52272287548885,-85,-85,-85,-85,1350,700,20.02668417456681,10.334713636642789,circular
752,1100,700,302.52272287548885,-85,-85,-85,-85,1350,700,30.3613978112096,10.334713636642789,circular
753,1100,700,302.52272287548885,-85,-85,-85,-85,1350,700,40.69611144785239,10.334713636642789,circular
754,1100,700,302.52272287548885,-85,-85,-85,-85,1350,700,51.03082508449518,10.334713636642789,circular
755,1100,700,302.52272287548885,-85,-85,-85,-85,1350,700,61.365538721137966,10.334713636642789,circular
756,1100,700,302.52272287548885,-85,-85,-85,-85,1350,700,71.70025235778076,10.334713636642789,circular
757,1100,700,302.52272287548885,-85,-85,-85,-85,1350,700,82.03496599442354,10.334713636642789,circular
758,1100,700,302.52272287548885,-85,-85,-85,-85,1350,700,92.36967963106633,10.334713636642789,circular
759,1100,700,302.52272287548885,-85,-85,-85,-85,1350,700,102.70439326770912,10.334713636642789,circular
760,1100,700,302.52272287548885,-85,-85,-85,-85,1350,700,113.03910690435191,10.334713636642789,circular
761,1100,700,302.52272287548885,-85,-85,-85,-85,1350,700,123.3738205409947,10.334713636642789,circular
762,1100,700,302.52272287548885,-85,-85,-85,-85,1350,700,133.7085341776375,10.334713636642789,circular
763,1100,700,302.52272287548885,-85,11.505794098357505,-85,-85,1350,700,144.04324781428028,10.334713636642789,circular
764,1100,700,302.52272287548885,20.97742610025734,22.170735458799452,-85,-85,1350,700,154.37796145092307,10.334713636642789,circular
765,1100,700,302.52272287548885,23.971022246457757,24.495315191602927,-85,-85,1350,700,164.71267508756586,10.334713636642789,circular
766,1100,700,302.52272287548885,25.452908776355446,25.614204328866276,-85,-85,1350,700,175.04738872420864,10.334713636642789,circular
767,1100,700,302.52272287548885,26.011117049096303,26.067010357935978,-85,-85,1350,700,185.38210236085143,10.334713636642789,circular
768,1100,700,302.52272287548885,26.035130213615616,25.946643644493044,-85,-85,1350,700,195.71681599749422,10.334713636642789,circular
769,1100,700,302.52272287548885,25.452908776355446,25.263344594616918,-85,-85,1350,700,206.051529634137,10.334713636642789,circular
770,1100,700,302.52272287548885,24.1582774269213,23.553218972269416,-85,-85,1350,700,216.3862432707798,10.334713636642789,circular
771,1100,700,302.52272287548885,21.418119305852123,19.914354227256315,-85,-85,1350,700,226.7209569074226,10.334713636642789,circular
772,1100,700,302.52272287548885,-85,-85,-85,-85,1350,700,237.05567054406538,10.334713636642789,circular
773,1100,700,302.52272287548885,-85,-85,-85,-85,1350,700,247.39038418070817,10.334713636642789,circular
774,1100,700,302.52272287548885,-85,-85,-85,-85,1350,700,257.72509781735096,10.334713636642789,circular
775,1100,700,302.52272287548885,-85,-85,-85,-85,1350,700,268.05981145399375,10.334713636642789,circular
776,1100,700,302.52272287548885,-85,-85,-85,-85,1350,700,278.39452509063653,10.334713636642789,circular
777,1100,700,302.52272287548885,-85,-85,-85,-85,1350,700,288.7292387272793,10.334713636642789,circular
778,1100,700,302.52272287548885,-85,-85,-85,-85,1350,700,299.0639523639221,10.334713636642789,circular
779,1100,700,302.52272287548885,-85,-85,-85,-85,1350,700,309.3986660005649,10.334713636642789,circular
780,1100,700,302.52272287548885,-85,-85,-85,-85,1350,700,319.7333796372077,10.334713636642789,circular
781,1100,700,302.52272287548885,-85,-85,-85,-85,1350,700,330.0680932738505,10.334713636642789,circular
782,1100,700,302.52272287548885,-85,-85,-85,-85,1350,700,340.40280691049327,10.334713636642789,circular
783,1100,700,302.52272287548885,-85,-85,-85,-85,1350,700,350.73752054713606,10.334713636642789,circular
784,1100,700,302.52272287548885,-85,-85,-85,-85,1350,700,1.0722341837788463,10.334713636642789,circular
785,1100,700,302.52272287548885,-85,-85,-85,-85,1350,700,11.406947820421635,10.334713636642789,circular
786,1100,700,302.52272287548885,-85,-85,-85,-85,1350,700,21.741661457064424,10.334713636642789,circular
787,1100,700,302.52272287548885,-85,-85,-85,-85,1350,700,32.07637509370721,10.334713636642789,circular
788,1100,700,302.52272287548885,-85,-85,-85,-85,1350,700,42.41108873035,10.334713636642789,circular
789,1100,700,302.52272287548885,-85,-85,-85,-85,1350,700,52.74580236699279,10.334713636642789,circular
790,1100,700,302.52272287548885,-85,-85,-85,-85,1350,700,63.08051600363558,10.334713636642789,circular
791,1100,700,302.52272287548885,-85,-85,-85,-85,1350,700,73.41522964027837,10.334713636642789,circular
792,1100,700,302.52272287548885,-85,-85,-85,-85,1350,700,83.74994327692116,10.334713636642789,circular
793,1100,700,302.52272287548885,-85,-85,-85,-85,1350,700,94.08465691356395,10.334713636642789,circular
794,1100,700,302.52272287548885,-85,-85,-85,-85,1350,700,104.41937055020674,10.334713636642789,circular
795,1100,700,302.52272287548885,-85,-85,-85,-85,1350,700,114.75408418684952,10.334713636642789,circular
796,1100,700,302.52272287548885,-85,-85,-85,-85,1350,700,125.08879782349231,10.334713636642789,circular
797,1100,700,302.52272287548885,-85,-85,-85,-85,1350,700,135.4235114601351,10.334713636642789,circular
798,1100,700,302.52272287548885,-85,16.269948115724727,-85,-85,1350,700,145.7582250967779,10.334713636642789,circular
799,1100,700,302.52272287548885,21.813356630230874,22.793695368992218,-85,-85,1350,700,156.09293873342068,10.334713636642789,circular
800,1100,700,302.52272287548885,24.33271141113945,24.78833704083229,-85,-85,1350,700,166.42765237006347,10.334713636642789,circular
801,1100,700,302.52272287548885,25.536951728381826,25.7492610641292,-85,-85,1350,700,176.76236600670626,10.334713636642789,circular
802,1100,700,302.52272287548885,26.053745949214605,26.077602459396946,-85,-85,1350,700,187.09707964334905,10.334713636642789,circular
803,1100,700,302.52272287548885,25.9816463993744,25.859665714847075,-85,-85,1350,700,197.43179327999184,10.334713636642789,circular
804,1100,700,302.52272287548885,25.361807294499556,25.042923900792417,-85,-85,1350,700,207.76650691663463,10.334713636642789,circular
805,1100,700,302.52272287548885,23.769789312347285,23.067302502757133,-85,-85,1350,700,218.10122055327741,10.334713636642789,circular
806,1100,700,302.52272287548885,20.48098321025059,18.474304759512954,-85,-85,1350,700,228.4359341899202,10.334713636642789,circular
807,1100,700,302.52272287548885,-85,-85,-85,-85,1350,700,238.770647826563,10.334713636642789,circular
808,1100,700,302.52272287548885,-85,-85,-85,-85,1350,700,249.10536146320578,10.334713636642789,circular
809,1100,700,302.52272287548885,-85,-85,-85,-85,1350,700,259.44007509984857,10.334713636642789,circular
810,1100,700,302.52272287548885,-85,-85,-85,-85,1350,700,269.77478873649136,10.334713636642789,circular
811,1100,700,302.52272287548885,-85,-85,-85,-85,1350,700,280.10950237313415,10.334713636642789,circular
812,1100,700,302.52272287548885,-85,-85,-85,-85,1350,700,290.44421600977694,10.334713636642789,circular
813,1100,700,302.52272287548885,-85,-85,-85,-85,1350,700,300.7789296464197,10.334713636642789,circular
814,1100,700,302.52272287548885,-85,-85,-85,-85,1350,700,311.1136432830625,10.334713636642789,circular
815,1100,700,302.52272287548885,-85,-85,-85,-85,1350,700,321.4483569197053,10.334713636642789,circular
816,1100,700,302.52272287548885,-85,-85,-85,-85,1350,700,331.7830705563481,10.334713636642789,circular
817,1100,700,302.52272287548885,-85,-85,-85,-85,1350,700,342.1177841929909,10.334713636642789,circular
818,1100,700,302.52272287548885,-85,-85,-85,-85,1350,700,352.45249782963367,10.334713636642789,circular
819,1100,700,302.52272287548885,-85,-85,-85,-85,1350,700,2.78721146627646,10.334713636642789,circular
820,1100,700,302.52272287548885,-85,-85,-85,-85,1350,700,13.12192510291925,10.334713636642789,circular
821,1100,700,302.52272287548885,-85,-85,-85,-85,1350,700,23.456638739562038,10.334713636642789,circular
822,1100,700,302.52272287548885,-85,-85,-85,-85,1350,700,33.79135237620483,10.334713636642789,circular
823,1100,700,302.52272287548885,-85,-85,-85,-85,1350,700,44.126066012847616,10.334713636642789,circular
824,1100,700,302.52272287548885,-85,-85,-85,-85,1350,700,54.460779649490405,10.334713636642789,circular
825,1100,700,302.52272287548885,-85,-85,-85,-85,1350,700,64.7954932861332,10.334713636642789,circular
826,1100,700,302.52272287548885,-85,-85,-85,-85,1350,700,75.13020692277598,10.334713636642789,circular
827,1100,700,302.52272287548885,-85,-85,-85,-85,1350,700,85.46492055941877,10.334713636642789,circular
828,1100,700,302.52272287548885,-85,-85,-85,-85,1350,700,95.79963419606156,10.334713636642789,circular
829,1100,700,302.52272287548885,-85,-85,-85,-85,1350,700,106.13434783270435,10.334713636642789,circular
830,1100,700,302.52272287548885,-85,-85,-85,-85,1350,700,116.46906146934714,10.334713636642789,circular
831,1100,700,302.52272287548885,-85,-85,-85,-85,1350,700,126.80377510598993,10.334713636642789,circular
832,1100,700,302.52272287548885,-85,-85,-85,-85,1350,700,137.13848874263272,10.334713636642789,circular
833,1100,700,302.52272287548885,14.513447644213304,18.47430475951294,-85,-85,1350,700,147.4732023792755,10.334713636642789,circular
834,1100,700,302.52272287548885,22.170735458799452,23.06730250275713,-85,-85,1350,700,157.8079160159183,10.334713636642789,circular
835,1100,700,302.52272287548885,24.646943359767004,25.042923900792417,-85,-85,1350,700,168.14262965256108,10.334713636642789,circular
836,1100,700,302.52272287548885,25.684904084789974,25.859665714847075,-85,-85,1350,700,178.47734328920387,10.334713636642789,circular
837,1100,700,302.52272287548885,26.067010357935978,26.077602459396946,-85,-85,1350,700,188.81205692584666,10.334713636642789,circular
838,1100,700,302.52272287548885,25.906018829630398,25.7492610641292,-85,-85,1350,700,199.14677056248945,10.334713636642789,circular
839,1100,700,302.52272287548885,25.157178905256924,24.788337040832293,-85,-85,1350,700,209.48148419913224,10.334713636642789,circular
840,1100,700,302.52272287548885,23.553218972269416,22.793695368992225,-85,-85,1350,700,219.81619783577503,10.334713636642789,circular
841,1100,700,302.52272287548885,19.25639156218219,16.269948115724716,-85,-85,1350,700,230.15091147241782,10.334713636642789,circular
842,1100,700,302.52272287548885,-85,-85,-85,-85,1350,700,240.4856251090606,10.334713636642789,circular
843,1100,700,302.52272287548885,-85,-85,-85,-85,1350,700,250.8203387457034,10.334713636642789,circular
844,1100,700,302.52272287548885,-85,-85,-85,-85,1350,700,261.1550523823462,10.334713636642789,circular
845,1100,700,302.52272287548885,-85,-85,-85,-85,1350,700,271.489766018989,10.334713636642789,circular
846,1100,700,302.52272287548885,-85,-85,-85,-85,1350,700,281.82447965563176,10.334713636642789,circular
847,1100,700,302.52272287548885,-85,-85,-85,-85,1350,700,292.15919329227455,10.334713636642789,circular
848,1100,700,302.52272287548885,-85,-85,-85,-85,1350,700,302.49390692891734,10.334713636642789,circular
849,1100,700,302.52272287548885,-85,-85,-85,-85,1350,700,312.82862056556013,10.334713636642789,circular
850,1100,700,302.52272287548885,-85,-85,-85,-85,1350,700,323.1633342022029,10.334713636642789,circular
851,1100,700,302.52272287548885,-85,-85,-85,-85,1350,700,333.4980478388457,10.334713636642789,circular
852,1100,700,302.52272287548885,-85,-85,-85,-85,1350,700,343.8327614754885,10.334713636642789,circular
853,1100,700,302.52272287548885,-85,-85,-85,-85,1350,700,354.1674751121313,10.334713636642789,circular
854,1100,700,302.52272287548885,-85,-85,-85,-85,1350,700,4.502188748774074,10.334713636642789,circular
855,1100,700,302.52272287548885,-85,-85,-85,-85,1350,700,14.836902385416863,10.334713636642789,circular
856,1100,700,302.52272287548885,-85,-85,-85,-85,1350,700,25.171616022059652,10.334713636642789,circular
857,1100,700,302.52272287548885,-85,-85,-85,-85,1350,700,35.50632965870244,10.334713636642789,circular
858,1100,700,302.52272287548885,-85,-85,-85,-85,1350,700,45.84104329534523,10.334713636642789,circular
859,1100,700,302.52272287548885,-85,-85,-85,-85,1350,700,56.17575693198802,10.334713636642789,circular
860,1100,700,302.52272287548885,-85,-85,-85,-85,1350,700,66.51047056863081,10.334713636642789,circular
861,1100,700,302.52272287548885,-85,-85,-85,-85,1350,700,76.8451842052736,10.334713636642789,circular
862,1100,700,302.52272287548885,-85,-85,-85,-85,1350,700,87.17989784191639,10.334713636642789,circular
863,1100,700,302.52272287548885,-85,-85,-85,-85,1350,700,97.51461147855917,10.334713636642789,circular
864,1100,700,302.52272287548885,-85,-85,-85,-85,1350,700,107.84932511520196,10.334713636642789,circular
865,1100,700,302.52272287548885,-85,-85,-85,-85,1350,700,118.18403875184475,10.334713636642789,circular
866,1100,700,302.52272287548885,-85,-85,-85,-85,1350,700,128.51875238848754,10.334713636642789,circular
867,1100,700,302.52272287548885,-85,-85,-85,-85,1350,700,138.85346602513033,10.334713636642789,circular
868,1100,700,302.52272287548885,17.513155499392102,19.91435422725632,-85,-85,1350,700,149.18817966177312,10.334713636642789,circular
869,1100,700,302.52272287548885,22.793695368992218,23.553218972269416,-85,-85,1350,700,159.5228932984159,10.334713636642789,circular
870,1100,700,302.52272287548885,24.92014212493214,25.157178905256924,-85,-85,1350,700,169.8576069350587,10.334713636642789,circular
871,1100,700,302.52272287548885,25.80746062382631,25.946643644493044,-85,-85,1350,700,180.1923205717015,10.334713636642789,circular
872,1100,700,302.52272287548885,26.077602459396946,26.067010357935978,-85,-85,1350,700,190.52703420834428,10.334713636642789,circular
873,1100,700,302.52272287548885,25.807460623826316,25.684904084789977,-85,-85,1350,700,200.86174784498706,10.334713636642789,circular
874,1100,700,302.52272287548885,24.92014212493214,24.495315191602927,-85,-85,1350,700,211.19646148162985,10.334713636642789,circular
875,1100,700,302.52272287548885,23.067302502757133,22.170735458799452,-85,-85,1350,700,221.53117511827264,10.334713636642789,circular
876,1100,700,302.52272287548885,17.51315549939211,14.513447644213265,-85,-85,1350,700,231.86588875491543,10.334713636642789,circular
877,1100,700,302.52272287548885,-85,-85,-85,-85,1350,700,242.20060239155822,10.334713636642789,circular
878,1100,700,302.52272287548885,-85,-85,-85,-85,1350,700,252.535316028201,10.334713636642789,circular
879,1100,700,302.52272287548885,-85,-85,-85,-85,1350,700,262.8700296648438,10.334713636642789,circular
880,1100,700,302.52272287548885,-85,-85,-85,-85,1350,700,273.2047433014866,10.334713636642789,circular
881,1100,700,302.52272287548885,-85,-85,-85,-85,1350,700,283.5394569381294,10.334713636642789,circular
882,1100,700,302.52272287548885,-85,-85,-85,-85,1350,700,293.87417057477217,10.334713636642789,circular
883,1100,700,302.52272287548885,-85,-85,-85,-85,1350,700,304.20888421141495,10.334713636642789,circular
884,1100,700,302.52272287548885,-85,-85,-85,-85,1350,700,314.54359784805774,10.334713636642789,circular
885,1100,700,302.52272287548885,-85,-85,-85,-85,1350,700,324.87831148470053,10.334713636642789,circular
886,1100,700,302.52272287548885,-85,-85,-85,-85,1350,700,335.2130251213433,10.334713636642789,circular
887,1100,700,302.52272287548885,-85,-85,-85,-85,1350,700,345.5477387579861,10.334713636642789,circular
888,1100,700,302.52272287548885,-85,-85,-85,-85,1350,700,355.8824523946289,10.334713636642789,circular
889,1100,700,302.52272287548885,-85,-85,-85,-85,1350,700,6.217166031271688,10.334713636642789,circular
890,1100,700,302.52272287548885,-85,-85,-85,-85,1350,700,16.551879667914477,10.334713636642789,circular
891,1100,700,302.52272287548885,-85,-85,-85,-85,1350,700,26.886593304557266,10.334713636642789,circular
892,1100,700,302.52272287548885,-85,-85,-85,-85,1350,700,37.221306941200055,10.334713636642789,circular
893,1100,700,302.52272287548885,-85,-85,-85,-85,1350,700,47.556020577842844,10.334713636642789,circular
894,1100,700,302.52272287548885,-85,-85,-85,-85,1350,700,57.89073421448563,10.334713636642789,circular
895,1100,700,302.52272287548885,-85,-85,-85,-85,1350,700,68.22544785112842,10.334713636642789,circular
896,1100,700,302.52272287548885,-85,-85,-85,-85,1350,700,78.56016148777121,10.334713636642789,circular
897,1100,700,302.52272287548885,-85,-85,-85,-85,1350,700,88.894875124414,10.334713636642789,circular
898,1100,700,302.52272287548885,-85,-85,-85,-85,1350,700,99.22958876105679,10.334713636642789,circular
899,1100,700,302.52272287548885,-85,-85,-85,-85,1350,700,109.56430239769958,10.334713636642789,circular
900,1100,700,302.52272287548885,-85,-85,-85,-85,1350,700,119.89901603434237,10.334713636642789,circular
901,1100,700,302.52272287548885,-85,-85,-85,-85,1350,700,130.23372967098516,10.334713636642789,circular
902,1100,700,302.52272287548885,-85,-85,-85,-85,1350,700,140.56844330762794,10.334713636642789,circular
903,1100,700,302.52272287548885,19.25639156218217,20.48098321025059,-85,-85,1350,700,150.90315694427073,10.334713636642789,circular
904,1100,700,302.52272287548885,23.31969953712386,23.971022246457757,-85,-85,1350,700,161.23787058091352,10.334713636642789,circular
905,1100,700,302.52272287548885,25.042923900792417,25.36180729449956,-85,-85,1350,700,171.5725842175563,10.334713636642789,circular
906,1100,700,302.52272287548885,25.906018829630398,25.9816463993744,-85,-85,1350,700,181.9072978541991,10.334713636642789,circular
907,1100,700,302.52272287548885,26.074956048612798,26.035130213615616,-85,-85,1350,700,192.2420114908419,10.334713636642789,circular
908,1100,700,302.52272287548885,25.7492610641292,25.536951728381826,-85,-85,1350,700,202.57672512748468,10.334713636642789,circular
909,1100,700,302.52272287548885,24.646943359767004,24.332711411139446,-85,-85,1350,700,212.91143876412747,10.334713636642789,circular
910,1100,700,302.52272287548885,22.496022074683278,21.418119305852123,-85,-85,1350,700,223.24615240077026,10.334713636642789,circular
911,1100,700,302.52272287548885,16.269948115724716,-85,-85,-85,1350,700,233.58086603741305,10.334713636642789,circular
912,1100,700,302.52272287548885,-85,-85,-85,-85,1350,700,243.91557967405583,10.334713636642789,circular
913,1100,700,302.52272287548885,-85,-85,-85,-85,1350,700,254.25029331069862,10.334713636642789,circular
914,1100,700,302.52272287548885,-85,-85,-85,-85,1350,700,264.5850069473414,10.334713636642789,circular
915,1100,700,302.52272287548885,-85,-85,-85,-85,1350,700,274.9197205839842,10.334713636642789,circular
916,1100,700,302.52272287548885,-85,-85,-85,-85,1350,700,285.254434220627,10.334713636642789,circular
917,1100,700,302.52272287548885,-85,-85,-85,-85,1350,700,295.5891478572698,10.334713636642789,circular
918,1100,700,302.52272287548885,-85,-85,-85,-85,1350,700,305.92386149391257,10.334713636642789,circular
919,1100,700,302.52272287548885,-85,-85,-85,-85,1350,700,316.25857513055536,10.334713636642789,circular
920,1100,700,302.52272287548885,-85,-85,-85,-85,1350,700,326.59328876719815,10.334713636642789,circular
921,1100,700,302.52272287548885,-85,-85,-85,-85,1350,700,336.92800240384094,10.334713636642789,circular
922,1100,700,302.52272287548885,-85,-85,-85,-85,1350,700,347.2627160404837,10.334713636642789,circular
923,1100,700,302.52272287548885,-85,-85,-85,-85,1350,700,357.5974296771265,10.334713636642789,circular
924,1100,700,302.52272287548885,-85,-85,-85,-85,1350,700,7.932143313769302,10.334713636642789,circular
925,1100,700,302.52272287548885,-85,-85,-85,-85,1350,700,18.26685695041209,10.334713636642789,circular
926,1100,700,302.52272287548885,-85,-85,-85,-85,1350,700,28.60157058705488,10.334713636642789,circular
927,1100,700,302.52272287548885,-85,-85,-85,-85,1350,700,38.93628422369767,10.334713636642789,circular
928,1100,700,302.52272287548885,-85,-85,-85,-85,1350,700,49.27099786034046,10.334713636642789,circular
929,1100,700,302.52272287548885,-85,-85,-85,-85,1350,700,59.60571149698325,10.334713636642789,circular
930,1100,700,302.52272287548885,-85,-85,-85,-85,1350,700,69.94042513362604,10.334713636642789,circular
931,1100,700,302.52272287548885,-85,-85,-85,-85,1350,700,80.27513877026882,10.334713636642789,circular
932,1100,700,302.52272287548885,-85,-85,-85,-85,1350,700,90.60985240691161,10.334713636642789,circular
933,1100,700,302.52272287548885,-85,-85,-85,-85,1350,700,100.9445660435544,10.334713636642789,circular
934,1100,700,302.52272287548885,-85,-85,-85,-85,1350,700,111.27927968019719,10.334713636642789,circular
935,1100,700,302.52272287548885,-85,-85,-85,-85,1350,700,121.61399331683998,10.334713636642789,circular
936,1100,700,302.52272287548885,-85,-85,-85,-85,1350,700,131.94870695348277,10.334713636642789,circular
937,1100,700,302.52272287548885,-85,-85,-85,-85,1350,700,142.28342059012556,10.334713636642789,circular
938,1100,700,302.52272287548885,19.91435422725632,21.41811930585211,-85,-85,1350,700,152.61813422676835,10.334713636642789,circular
939,1100,700,302.52272287548885,23.769789312347285,24.1582774269213,-85,-85,1350,700,162.95284786341114,10.334713636642789,circular
940,1100,700,302.52272287548885,25.26334459461691,25.536951728381826,-85,-85,1350,700,173.28756150005393,10.334713636642789,circular
941,1100,700,302.52272287548885,25.946643644493044,26.035130213615616,-85,-85,1350,700,183.62227513669671,10.334713636642789,circular
942,1100,700,302.52272287548885,26.053745949214605,26.011117049096303,-85,-85,1350,700,193.9569887733395,10.334713636642789,circular
943,1100,700,302.52272287548885,25.614204328866276,25.361807294499556,-85,-85,1350,700,204.2917024099823,10.334713636642789,circular
944,1100,700,302.52272287548885,24.495315191602927,23.97102224645776,-85,-85,1350,700,214.62641604662508,10.334713636642789,circular
945,1100,700,302.52272287548885,21.81335663023087,20.97742610025735,-85,-85,1350,700,224.96112968326787,10.334713636642789,circular
946,1100,700,302.52272287548885,11.50579409835762,-85,-85,-85,1350,700,235.29584331991066,10.334713636642789,circular
947,1100,700,302.52272287548885,-85,-85,-85,-85,1350,700,245.63055695655345,10.334713636642789,circular
948,1100,700,302.52272287548885,-85,-85,-85,-85,1350,700,255.96527059319624,10.334713636642789,circular
949,1100,700,302.52272287548885,-85,-85,-85,-85,1350,700,266.299984229839,10.334713636642789,circular
950,1100,700,302.52272287548885,-85,-85,-85,-85,1350,700,276.6346978664818,10.334713636642789,circular
951,1100,700,302.52272287548885,-85,-85,-85,-85,1350,700,286.9694115031246,10.334713636642789,circular
952,1100,700,302.52272287548885,-85,-85,-85,-85,1350,700,297.3041251397674,10.334713636642789,circular
953,1100,700,302.52272287548885,-85,-85,-85,-85,1350,700,307.6388387764102,10.334713636642789,circular
954,1100,700,302.52272287548885,-85,-85,-85,-85,1350,700,317.97355241305297,10.334713636642789,circular
955,1100,700,302.52272287548885,-85,-85,-85,-85,1350,700,328.30826604969576,10.334713636642789,circular
956,1100,700,302.52272287548885,-85,-85,-85,-85,1350,700,338.64297968633855,10.334713636642789,circular
957,1100,700,302.52272287548885,-85,-85,-85,-85,1350,700,348.97769332298134,10.334713636642789,circular
958,1100,700,302.52272287548885,-85,-85,-85,-85,1350,700,359.3124069596241,10.334713636642789,circular
959,1100,700,302.52272287548885,-85,-85,-85,-85,1350,700,9.647120596266916,10.334713636642789,circular
960,1100,700,302.52272287548885,-85,-85,-85,-85,1350,700,19.981834232909705,10.334713636642789,circular
961,1100,700,302.52272287548885,-85,-85,-85,-85,1350,700,30.316547869552494,10.334713636642789,circular
962,1100,700,302.52272287548885,-85,-85,-85,-85,1350,700,40.65126150619528,10.334713636642789,circular
963,1100,700,302.52272287548885,-85,-85,-85,-85,1350,700,50.98597514283807,10.334713636642789,circular
964,1100,700,302.52272287548885,-85,-85,-85,-85,1350,700,61.32068877948086,10.334713636642789,circular
965,1100,700,302.52272287548885,-85,-85,-85,-85,1350,700,71.65540241612365,10.334713636642789,circular
966,1100,700,302.52272287548885,-85,-85,-85,-85,1350,700,81.99011605276644,10.334713636642789,circular
967,1100,700,302.52272287548885,-85,-85,-85,-85,1350,700,92.32482968940923,10.334713636642789,circular
968,1100,700,302.52272287548885,-85,-85,-85,-85,1350,700,102.65954332605202,10.334713636642789,circular
969,1100,700,302.52272287548885,-85,-85,-85,-85,1350,700,112.9942569626948,10.334713636642789,circular
970,1100,700,302.52272287548885,-85,-85,-85,-85,1350,700,123.3289705993376,10.334713636642789,circular
971,1100,700,302.52272287548885,-85,-85,-85,-85,1350,700,133.66368423598038,10.334713636642789,circular
972,1100,700,302.52272287548885,-85,11.505794098357505,-85,-85,1350,700,143.99839787262317,10.334713636642789,circular
973,1100,700,302.52272287548885,20.97742610025734,22.170735458799452,-85,-85,1350,700,154.33311150926596,10.334713636642789,circular
974,1100,700,302.52272287548885,23.971022246457757,24.495315191602927,-85,-85,1350,700,164.66782514590875,10.334713636642789,circular
975,1100,700,302.52272287548885,25.452908776355446,25.614204328866276,-85,-85,1350,700,175.00253878255154,10.334713636642789,circular
976,1100,700,302.52272287548885,26.011117049096303,26.067010357935978,-85,-85,1350,700,185.33725241919433,10.334713636642789,circular
977,1100,700,302.52272287548885,26.035130213615616,25.946643644493044,-85,-85,1350,700,195.67196605583712,10.334713636642789,circular
978,1100,700,302.52272287548885,25.452908776355446,25.263344594616918,-85,-85,1350,700,206.0066796924799,10.334713636642789,circular
979,1100,700,302.52272287548885,24.1582774269213,23.553218972269416,-85,-85,1350,700,216.3413933291227,10.334713636642789,circular
980,1100,700,302.52272287548885,21.418119305852123,19.914354227256315,-85,-85,1350,700,226.67610696576548,10.334713636642789,circular
981,1100,700,302.52272287548885,-85,-85,-85,-85,1350,700,237.01082060240827,10.334713636642789,circular
982,1100,700,302.52272287548885,-85,-85,-85,-85,1350,700,247.34553423905106,10.334713636642789,circular
983,1100,700,302.52272287548885,-85,-85,-85,-85,1350,700,257.68024787569385,10.334713636642789,circular
984,1100,700,302.52272287548885,-85,-85,-85,-85,1350,700,268.01496151233664,10.334713636642789,circular
985,1100,700,302.52272287548885,-85,-85,-85,-85,1350,700,278.34967514897943,10.334713636642789,circular
986,1100,700,302.52272287548885,-85,-85,-85,-85,1350,700,288.6843887856222,10.334713636642789,circular
987,1100,700,302.52272287548885,-85,-85,-85,-85,1350,700,299.019102422265,10.334713636642789,circular
988,1100,700,302.52272287548885,-85,-85,-85,-85,1350,700,309.3538160589078,10.334713636642789,circular
989,1100,700,302.52272287548885,-85,-85,-85,-85,1350,700,319.6885296955506,10.334713636642789,circular
990,1100,700,302.52272287548885,-85,-85,-85,-85,1350,700,330.0232433321934,10.334713636642789,circular
991,1100,700,302.52272287548885,-85,-85,-85,-85,1350,700,340.35795696883616,10.334713636642789,circular
992,1100,700,302.52272287548885,-85,-85,-85,-85,1350,700,350.69267060547895,10.334713636642789,circular
993,1100,700,302.52272287548885,-85,-85,-85,-85,1350,700,1.027384242121741,10.334713636642789,circular
994,1100,700,302.52272287548885,-85,-85,-85,-85,1350,700,11.36209787876453,10.334713636642789,circular
995,1100,700,302.52272287548885,-85,-85,-85,-85,1350,700,21.69681151540732,10.334713636642789,circular
996,1100,700,302.52272287548885,-85,-85,-85,-85,1350,700,32.03152515205011,10.334713636642789,circular
997,1100,700,302.52272287548885,-85,-85,-85,-85,1350,700,42.3662387886929,10.334713636642789,circular
998,1100,700,302.52272287548885,-85,-85,-85,-85,1350,700,52.700952425335686,10.334713636642789,circular
999,1100,700,302.52272287548885,-85,-85,-85,-85,1350,700,63.035666061978475,10.334713636642789,circular
