Tick,Aircraft X,Aircraft Y,Aircraft Heading,A1,A2,A3,A4,Radar X,Radar Y,Radar Azimuth,Radar RPM,Radar Scan Pattern
0,1100,700,332.28794024181303,-85,-85,-85,-85,1350,700,105.67924702113208,7.320395471650327,circular
1,1100,700,332.28794024181303,-85,-85,-85,-85,1350,700,112.99964249278241,7.320395471650327,circular
2,1100,700,332.28794024181303,-85,-85,-85,-85,1350,700,120.32003796443274,7.320395471650327,circular
3,1100,700,332.28794024181303,-85,-85,-85,-85,1350,700,127.64043343608307,7.320395471650327,circular
4,1100,700,332.28794024181303,-85,-85,-85,-85,1350,700,134.9608289077334,7.320395471650327,circular
5,1100,700,332.28794024181303,11.505794098357505,-85,-85,-85,1350,700,142.28122437938373,7.320395471650327,circular
6,1100,700,332.28794024181303,20.48098321025059,-85,-85,19.25639156218217,1350,700,149.60161985103406,7.320395471650327,circular
7,1100,700,332.28794024181303,23.31969953712386,-85,-85,22.496022074683278,1350,700,156.9220153226844,7.320395471650327,circular
8,1100,700,332.28794024181303,24.646943359767004,-85,-85,24.1582774269213,1350,700,164.24241079433472,7.320395471650327,circular
9,1100,700,332.28794024181303,25.452908776355446,-85,-85,25.26334459461691,1350,700,171.56280626598505,7.320395471650327,circular
10,1100,700,332.28794024181303,25.946643644493044,-85,-85,25.80746062382631,1350,700,178.88320173763537,7.320395471650327,circular
11,1100,700,332.28794024181303,26.077602459396946,-85,-85,26.053745949214605,1350,700,186.2035972092857,7.320395471650327,circular
12,1100,700,332.28794024181303,25.9816463993744,-85,-85,26.053745949214605,1350,700,193.52399268093603,7.320395471650327,circular
13,1100,700,332.28794024181303,25.536951728381826,-85,-85,25.7492610641292,1350,700,200.84438815258636,7.320395471650327,circular
14,1100,700,332.28794024181303,24.788337040832293,-85,-85,25.157178905256924,1350,700,208.1647836242367,7.320395471650327,circular
15,1100,700,332.28794024181303,23.553218972269416,-85,-85,24.1582774269213,1350,700,215.48517909588702,7.320395471650327,circular
16,1100,700,332.28794024181303,20.97742610025735,-85,-85,22.170735458799452,1350,700,222.80557456753735,7.320395471650327,circular
17,1100,700,332.28794024181303,14.513447644213265,-85,-85,18.474304759512954,1350,700,230.12597003918768,7.320395471650327,circular
18,1100,700,332.28794024181303,-85,-85,-85,-85,1350,700,237.446365510838,7.320395471650327,circular
19,1100,700,332.28794024181303,-85,-85,-85,-85,1350,700,244.76676098248834,7.320395471650327,circular
20,1100,700,332.28794024181303,-85,-85,-85,-85,1350,700,252.08715645413866,7.320395471650327,circular
21,1100,700,332.28794024181303,-85,-85,-85,-85,1350,700,259.407551925789,7.320395471650327,circular
22,1100,700,332.28794024181303,-85,-85,-85,-85,1350,700,266.7279473974393,7.320395471650327,circular
23,1100,700,332.28794024181303,-85,-85,-85,-85,1350,700,274.04834286908965,7.320395471650327,circular
24,1100,700,332.28794024181303,-85,-85,-85,-85,1350,700,281.36873834074,7.320395471650327,circular
25,1100,700,332.28794024181303,-85,-85,-85,-85,1350,700,288.6891338123903,7.320395471650327,circular
26,1100,700,332.28794024181303,-85,-85,-85,-85,1350,700,296.00952928404064,7.320395471650327,circular
27,1100,700,332.28794024181303,-85,-85,-85,-85,1350,700,303.32992475569097,7.320395471650327,circular
28,1100,700,332.28794024181303,-85,-85,-85,-85,1350,700,310.6503202273413,7.320395471650327,circular
29,1100,700,332.28794024181303,-85,-85,-85,-85,1350,700,317.9707156989916,7.320395471650327,circular
30,1100,700,332.28794024181303,-85,-85,-85,-85,1350,700,325.29111117064195,7.320395471650327,circular
31,1100,700,332.28794024181303,-85,-85,-85,-85,1350,700,332.6115066422923,7.320395471650327,circular
32,1100,700,332.28794024181303,-85,-85,-85,-85,1350,700,339.9319021139426,7.320395471650327,circular
33,1100,700,332.28794024181303,-85,-85,-85,-85,1350,700,347.25229758559294,7.320395471650327,circular
34,1100,700,332.28794024181303,-85,-85,-85,-85,1350,700,354.57269305724327,7.320395471650327,circular
35,1100,700,332.28794024181303,-85,-85,-85,-85,1350,700,1.8930885288935997,7.320395471650327,circular
36,1100,700,332.28794024181303,-85,-85,-85,-85,1350,700,9.213484000543927,7.320395471650327,circular
37,1100,700,332.28794024181303,-85,-85,-85,-85,1350,700,16.533879472194254,7.320395471650327,circular
38,1100,700,332.28794024181303,-85,-85,-85,-85,1350,700,23.85427494384458,7.320395471650327,circular
39,1100,700,332.28794024181303,-85,-85,-85,-85,1350,700,31.17467041549491,7.320395471650327,circular
40,1100,700,332.28794024181303,-85,-85,-85,-85,1350,700,38.49506588714524,7.320395471650327,circular
41,1100,700,332.28794024181303,-85,-85,-85,-85,1350,700,45.81546135879557,7.320395471650327,circular
42,1100,700,332.28794024181303,-85,-85,-85,-85,1350,700,53.135856830445896,7.320395471650327,circular
43,1100,700,332.28794024181303,-85,-85,-85,-85,1350,700,60.456252302096225,7.320395471650327,circular
44,1100,700,332.28794024181303,-85,-85,-85,-85,1350,700,67.77664777374655,7.320395471650327,circular
45,1100,700,332.28794024181303,-85,-85,-85,-85,1350,700,75.09704324539688,7.320395471650327,circular
46,1100,700,332.28794024181303,-85,-85,-85,-85,1350,700,82.4174387170472,7.320395471650327,circular
47,1100,700,332.28794024181303,-85,-85,-85,-85,1350,700,89.73783418869753,7.320395471650327,circular
48,1100,700,332.28794024181303,-85,-85,-85,-85,1350,700,97.05822966034786,7.320395471650327,circular
49,1100,700,332.28794024181303,-85,-85,-85,-85,1350,700,104.37862513199819,7.320395471650327,circular
50,1100,700,332.28794024181303,-85,-85,-85,-85,1350,700,111.69902060364852,7.320395471650327,circular
51,1100,700,332.28794024181303,-85,-85,-85,-85,1350,700,119.01941607529885,7.320395471650327,circular
52,1100,700,332.28794024181303,-85,-85,-85,-85,1350,700,126.33981154694918,7.320395471650327,circular
53,1100,700,332.28794024181303,-85,-85,-85,-85,1350,700,133.6602070185995,7.320395471650327,circular
54,1100,700,332.28794024181303,-85,-85,-85,-85,1350,700,140.98060249024982,7.320395471650327,circular
55,1100,700,332.28794024181303,19.91435422725632,-85,-85,17.513155499392102,1350,700,148.30099796190015,7.320395471650327,circular
56,1100,700,332.28794024181303,23.06730250275713,-85,-85,22.170735458799452,1350,700,155.62139343355048,7.320395471650327,circular
57,1100,700,332.28794024181303,24.495315191602927,-85,-85,23.971022246457757,1350,700,162.9417889052008,7.320395471650327,circular
58,1100,700,332.28794024181303,25.36180729449956,-85,-85,25.042923900792417,1350,700,170.26218437685114,7.320395471650327,circular
59,1100,700,332.28794024181303,25.859665714847075,-85,-85,25.7492610641292,1350,700,177.58257984850147,7.320395471650327,circular
60,1100,700,332.28794024181303,26.074956048612798,-85,-85,26.035130213615616,1350,700,184.9029753201518,7.320395471650327,circular
61,1100,700,332.28794024181303,26.011117049096303,-85,-85,26.067010357935978,1350,700,192.22337079180213,7.320395471650327,circular
62,1100,700,332.28794024181303,25.684904084789977,-85,-85,25.807460623826316,1350,700,199.54376626345245,7.320395471650327,circular
63,1100,700,332.28794024181303,24.92014212493214,-85,-85,25.263344594616918,1350,700,206.86416173510278,7.320395471650327,circular
64,1100,700,332.28794024181303,23.769789312347285,-85,-85,24.332711411139446,1350,700,214.1845572067531,7.320395471650327,circular
65,1100,700,332.28794024181303,21.81335663023087,-85,-85,22.793695368992225,1350,700,221.50495267840344,7.320395471650327,circular
66,1100,700,332.28794024181303,16.269948115724716,-85,-85,19.25639156218219,1350,700,228.82534815005377,7.320395471650327,circular
67,1100,700,332.28794024181303,-85,-85,-85,-85,1350,700,236.1457436217041,7.320395471650327,circular
68,1100,700,332.28794024181303,-85,-85,-85,-85,1350,700,243.46613909335443,7.320395471650327,circular
69,1100,700,332.28794024181303,-85,-85,-85,-85,1350,700,250.78653456500476,7.320395471650327,circular
70,1100,700,332.28794024181303,-85,-85,-85,-85,1350,700,258.10693003665506,7.320395471650327,circular
71,1100,700,332.28794024181303,-85,-85,-85,-85,1350,700,265.4273255083054,7.320395471650327,circular
72,1100,700,332.28794024181303,-85,-85,-85,-85,1350,700,272.7477209799557,7.320395471650327,circular
73,1100,700,332.28794024181303,-85,-85,-85,-85,1350,700,280.06811645160604,7.320395471650327,circular
74,1100,700,332.28794024181303,-85,-85,-85,-85,1350,700,287.3885119232564,7.320395471650327,circular
75,1100,700,332.28794024181303,-85,-85,-85,-85,1350,700,294.7089073949067,7.320395471650327,circular
76,1100,700,332.28794024181303,-85,-85,-85,-85,1350,700,302.02930286655703,7.320395471650327,circular
77,1100,700,332.28794024181303,-85,-85,-85,-85,1350,700,309.34969833820736,7.320395471650327,circular
78,1100,700,332.28794024181303,-85,-85,-85,-85,1350,700,316.6700938098577,7.320395471650327,circular
79,1100,700,332.28794024181303,-85,-85,-85,-85,1350,700,323.990489281508,7.320395471650327,circular
80,1100,700,332.28794024181303,-85,-85,-85,-85,1350,700,331.31088475315835,7.320395471650327,circular
81,1100,700,332.28794024181303,-85,-85,-85,-85,1350,700,338.6312802248087,7.320395471650327,circular
82,1100,700,332.28794024181303,-85,-85,-85,-85,1350,700,345.951675696459,7.320395471650327,circular
83,1100,700,332.28794024181303,-85,-85,-85,-85,1350,700,353.27207116810933,7.320395471650327,circular
84,1100,700,332.28794024181303,-85,-85,-85,-85,1350,700,0.5924666397596638,7.320395471650327,circular
85,1100,700,332.28794024181303,-85,-85,-85,-85,1350,700,7.912862111409991,7.320395471650327,circular
86,1100,700,332.28794024181303,-85,-85,-85,-85,1350,700,15.233257583060318,7.320395471650327,circular
87,1100,700,332.28794024181303,-85,-85,-85,-85,1350,700,22.553653054710644,7.320395471650327,circular
88,1100,700,332.28794024181303,-85,-85,-85,-85,1350,700,29.874048526360973,7.320395471650327,circular
89,1100,700,332.28794024181303,-85,-85,-85,-85,1350,700,37.1944439980113,7.320395471650327,circular
90,1100,700,332.28794024181303,-85,-85,-85,-85,1350,700,44.51483946966163,7.320395471650327,circular
91,1100,700,332.28794024181303,-85,-85,-85,-85,1350,700,51.83523494131196,7.320395471650327,circular
92,1100,700,332.28794024181303,-85,-85,-85,-85,1350,700,59.15563041296229,7.320395471650327,circular
93,1100,700,332.28794024181303,-85,-85,-85,-85,1350,700,66.47602588461261,7.320395471650327,circular
94,1100,700,332.28794024181303,-85,-85,-85,-85,1350,700,73.79642135626294,7.320395471650327,circular
95,1100,700,332.28794024181303,-85,-85,-85,-85,1350,700,81.11681682791327,7.320395471650327,circular
96,1100,700,332.28794024181303,-85,-85,-85,-85,1350,700,88.4372122995636,7.320395471650327,circular
97,1100,700,332.28794024181303,-85,-85,-85,-85,1350,700,95.75760777121393,7.320395471650327,circular
98,1100,700,332.28794024181303,-85,-85,-85,-85,1350,700,103.07800324286426,7.320395471650327,circular
99,1100,700,332.28794024181303,-85,-85,-85,-85,1350,700,110.39839871451458,7.320395471650327,circular
100,1100,700,332.28794024181303,-85,-85,-85,-85,1350,700,117.71879418616491,7.320395471650327,circular
101,1100,700,332.28794024181303,-85,-85,-85,-85,1350,700,125.03918965781524,7.320395471650327,circular
102,1100,700,332.28794024181303,-85,-85,-85,-85,1350,700,132.35958512946556,7.320395471650327,circular
103,1100,700,332.28794024181303,-85,-85,-85,-85,1350,700,139.6799806011159,7.320395471650327,circular
104,1100,700,332.28794024181303,19.25639156218217,-85,-85,16.269948115724727,1350,700,147.00037607276622,7.320395471650327,circular
105,1100,700,332.28794024181303,22.496022074683278,-85,-85,21.41811930585211,1350,700,154.32077154441654,7.320395471650327,circular
106,1100,700,332.28794024181303,24.33271141113945,-85,-85,23.769789312347285,1350,700,161.64116701606687,7.320395471650327,circular
107,1100,700,332.28794024181303,25.26334459461691,-85,-85,24.92014212493214,1350,700,168.9615624877172,7.320395471650327,circular
108,1100,700,332.28794024181303,25.80746062382631,-85,-85,25.614204328866276,1350,700,176.28195795936753,7.320395471650327,circular
109,1100,700,332.28794024181303,26.053745949214605,-85,-85,26.011117049096303,1350,700,183.60235343101786,7.320395471650327,circular
110,1100,700,332.28794024181303,26.035130213615616,-85,-85,26.074956048612798,1350,700,190.9227489026682,7.320395471650327,circular
111,1100,700,332.28794024181303,25.7492610641292,-85,-85,25.906018829630398,1350,700,198.24314437431852,7.320395471650327,circular
112,1100,700,332.28794024181303,25.157178905256924,-85,-85,25.361807294499556,1350,700,205.56353984596885,7.320395471650327,circular
113,1100,700,332.28794024181303,23.97102224645776,-85,-85,24.495315191602927,1350,700,212.88393531761918,7.320395471650327,circular
114,1100,700,332.28794024181303,22.170735458799452,-85,-85,23.067302502757133,1350,700,220.2043307892695,7.320395471650327,circular
115,1100,700,332.28794024181303,18.474304759512954,-85,-85,20.48098321025059,1350,700,227.52472626091983,7.320395471650327,circular
116,1100,700,332.28794024181303,-85,-85,-85,-85,1350,700,234.84512173257016,7.320395471650327,circular
117,1100,700,332.28794024181303,-85,-85,-85,-85,1350,700,242.1655172042205,7.320395471650327,circular
118,1100,700,332.28794024181303,-85,-85,-85,-85,1350,700,249.48591267587082,7.320395471650327,circular
119,1100,700,332.28794024181303,-85,-85,-85,-85,1350,700,256.8063081475211,7.320395471650327,circular
120,1100,700,332.28794024181303,-85,-85,-85,-85,1350,700,264.12670361917145,7.320395471650327,circular
121,1100,700,332.28794024181303,-85,-85,-85,-85,1350,700,271.4470990908218,7.320395471650327,circular
122,1100,700,332.28794024181303,-85,-85,-85,-85,1350,700,278.7674945624721,7.320395471650327,circular
123,1100,700,332.28794024181303,-85,-85,-85,-85,1350,700,286.08789003412244,7.320395471650327,circular
124,1100,700,332.28794024181303,-85,-85,-85,-85,1350,700,293.40828550577277,7.320395471650327,circular
125,1100,700,332.28794024181303,-85,-85,-85,-85,1350,700,300.7286809774231,7.320395471650327,circular
126,1100,700,332.28794024181303,-85,-85,-85,-85,1350,700,308.0490764490734,7.320395471650327,circular
127,1100,700,332.28794024181303,-85,-85,-85,-85,1350,700,315.36947192072375,7.320395471650327,circular
128,1100,700,332.28794024181303,-85,-85,-85,-85,1350,700,322.6898673923741,7.320395471650327,circular
129,1100,700,332.28794024181303,-85,-85,-85,-85,1350,700,330.0102628640244,7.320395471650327,circular
130,1100,700,332.28794024181303,-85,-85,-85,-85,1350,700,337.33065833567474,7.320395471650327,circular
131,1100,700,332.28794024181303,-85,-85,-85,-85,1350,700,344.65105380732507,7.320395471650327,circular
132,1100,700,332.28794024181303,-85,-85,-85,-85,1350,700,351.9714492789754,7.320395471650327,circular
133,1100,700,332.28794024181303,-85,-85,-85,-85,1350,700,359.2918447506257,7.320395471650327,circular
134,1100,700,332.28794024181303,-85,-85,-85,-85,1350,700,6.612240222276057,7.320395471650327,circular
135,1100,700,332.28794024181303,-85,-85,-85,-85,1350,700,13.932635693926384,7.320395471650327,circular
136,1100,700,332.28794024181303,-85,-85,-85,-85,1350,700,21.25303116557671,7.320395471650327,circular
137,1100,700,332.28794024181303,-85,-85,-85,-85,1350,700,28.573426637227037,7.320395471650327,circular
138,1100,700,332.28794024181303,-85,-85,-85,-85,1350,700,35.893822108877366,7.320395471650327,circular
139,1100,700,332.28794024181303,-85,-85,-85,-85,1350,700,43.214217580527695,7.320395471650327,circular
140,1100,700,332.28794024181303,-85,-85,-85,-85,1350,700,50.534613052178024,7.320395471650327,circular
141,1100,700,332.28794024181303,-85,-85,-85,-85,1350,700,57.85500852382835,7.320395471650327,circular
142,1100,700,332.28794024181303,-85,-85,-85,-85,1350,700,65.17540399547867,7.320395471650327,circular
143,1100,700,332.28794024181303,-85,-85,-85,-85,1350,700,72.495799467129,7.320395471650327,circular
144,1100,700,332.28794024181303,-85,-85,-85,-85,1350,700,79.81619493877933,7.320395471650327,circular
145,1100,700,332.28794024181303,-85,-85,-85,-85,1350,700,87.13659041042966,7.320395471650327,circular
146,1100,700,332.28794024181303,-85,-85,-85,-85,1350,700,94.45698588207999,7.320395471650327,circular
147,1100,700,332.28794024181303,-85,-85,-85,-85,1350,700,101.77738135373032,7.320395471650327,circular
148,1100,700,332.28794024181303,-85,-85,-85,-85,1350,700,109.09777682538065,7.320395471650327,circular
149,1100,700,332.28794024181303,-85,-85,-85,-85,1350,700,116.41817229703098,7.320395471650327,circular
150,1100,700,332.28794024181303,-85,-85,-85,-85,1350,700,123.7385677686813,7.320395471650327,circular
151,1100,700,332.28794024181303,-85,-85,-85,-85,1350,700,131.05896324033162,7.320395471650327,circular
152,1100,700,332.28794024181303,-85,-85,-85,-85,1350,700,138.37935871198195,7.320395471650327,circular
153,1100,700,332.28794024181303,18.47430475951294,-85,-85,14.513447644213304,1350,700,145.69975418363228,7.320395471650327,circular
154,1100,700,332.28794024181303,22.170735458799452,-85,-85,20.97742610025734,1350,700,153.0201496552826,7.320395471650327,circular
155,1100,700,332.28794024181303,23.971022246457757,-85,-85,23.31969953712386,1350,700,160.34054512693294,7.320395471650327,circular
156,1100,700,332.28794024181303,25.157178905256924,-85,-85,24.78833704083229,1350,700,167.66094059858327,7.320395471650327,circular
157,1100,700,332.28794024181303,25.7492610641292,-85,-85,25.536951728381826,1350,700,174.9813360702336,7.320395471650327,circular
158,1100,700,332.28794024181303,26.035130213615616,-85,-85,25.946643644493044,1350,700,182.30173154188392,7.320395471650327,circular
159,1100,700,332.28794024181303,26.053745949214605,-85,-85,26.077602459396946,1350,700,189.62212701353425,7.320395471650327,circular
160,1100,700,332.28794024181303,25.807460623826316,-85,-85,25.946643644493044,1350,700,196.94252248518458,7.320395471650327,circular
161,1100,700,332.28794024181303,25.263344594616918,-85,-85,25.536951728381826,1350,700,204.2629179568349,7.320395471650327,circular
162,1100,700,332.28794024181303,24.332711411139446,-85,-85,24.646943359767004,1350,700,211.58331342848524,7.320395471650327,circular
163,1100,700,332.28794024181303,22.496022074683278,-85,-85,23.319699537123853,1350,700,218.90370890013557,7.320395471650327,circular
164,1100,700,332.28794024181303,19.25639156218219,-85,-85,20.97742610025735,1350,700,226.2241043717859,7.320395471650327,circular
165,1100,700,332.28794024181303,-85,-85,-85,11.50579409835762,1350,700,233.54449984343623,7.320395471650327,circular
166,1100,700,332.28794024181303,-85,-85,-85,-85,1350,700,240.86489531508656,7.320395471650327,circular
167,1100,700,332.28794024181303,-85,-85,-85,-85,1350,700,248.18529078673689,7.320395471650327,circular
168,1100,700,332.28794024181303,-85,-85,-85,-85,1350,700,255.50568625838721,7.320395471650327,circular
169,1100,700,332.28794024181303,-85,-85,-85,-85,1350,700,262.8260817300375,7.320395471650327,circular
170,1100,700,332.28794024181303,-85,-85,-85,-85,1350,700,270.14647720168784,7.320395471650327,circular
171,1100,700,332.28794024181303,-85,-85,-85,-85,1350,700,277.4668726733382,7.320395471650327,circular
172,1100,700,332.28794024181303,-85,-85,-85,-85,1350,700,284.7872681449885,7.320395471650327,circular
173,1100,700,332.28794024181303,-85,-85,-85,-85,1350,700,292.10766361663883,7.320395471650327,circular
174,1100,700,332.28794024181303,-85,-85,-85,-85,1350,700,299.42805908828916,7.320395471650327,circular
175,1100,700,332.28794024181303,-85,-85,-85,-85,1350,700,306.7484545599395,7.320395471650327,circular
176,1100,700,332.28794024181303,-85,-85,-85,-85,1350,700,314.0688500315898,7.320395471650327,circular
177,1100,700,332.28794024181303,-85,-85,-85,-85,1350,700,321.38924550324015,7.320395471650327,circular
178,1100,700,332.28794024181303,-85,-85,-85,-85,1350,700,328.7096409748905,7.320395471650327,circular
179,1100,700,332.28794024181303,-85,-85,-85,-85,1350,700,336.0300364465408,7.320395471650327,circular
180,1100,700,332.28794024181303,-85,-85,-85,-85,1350,700,343.35043191819113,7.320395471650327,circular
181,1100,700,332.28794024181303,-85,-85,-85,-85,1350,700,350.67082738984146,7.320395471650327,circular
182,1100,700,332.28794024181303,-85,-85,-85,-85,1350,700,357.9912228614918,7.320395471650327,circular
183,1100,700,332.28794024181303,-85,-85,-85,-85,1350,700,5.311618333142121,7.320395471650327,circular
184,1100,700,332.28794024181303,-85,-85,-85,-85,1350,700,12.632013804792448,7.320395471650327,circular
185,1100,700,332.28794024181303,-85,-85,-85,-85,1350,700,19.952409276442776,7.320395471650327,circular
186,1100,700,332.28794024181303,-85,-85,-85,-85,1350,700,27.2728047480931,7.320395471650327,circular
187,1100,700,332.28794024181303,-85,-85,-85,-85,1350,700,34.59320021974343,7.320395471650327,circular
188,1100,700,332.28794024181303,-85,-85,-85,-85,1350,700,41.91359569139376,7.320395471650327,circular
189,1100,700,332.28794024181303,-85,-85,-85,-85,1350,700,49.23399116304409,7.320395471650327,circular
190,1100,700,332.28794024181303,-85,-85,-85,-85,1350,700,56.55438663469442,7.320395471650327,circular
191,1100,700,332.28794024181303,-85,-85,-85,-85,1350,700,63.874782106344746,7.320395471650327,circular
192,1100,700,332.28794024181303,-85,-85,-85,-85,1350,700,71.19517757799507,7.320395471650327,circular
193,1100,700,332.28794024181303,-85,-85,-85,-85,1350,700,78.5155730496454,7.320395471650327,circular
194,1100,700,332.28794024181303,-85,-85,-85,-85,1350,700,85.83596852129573,7.320395471650327,circular
195,1100,700,332.28794024181303,-85,-85,-85,-85,1350,700,93.15636399294605,7.320395471650327,circular
196,1100,700,332.28794024181303,-85,-85,-85,-85,1350,700,100.47675946459638,7.320395471650327,circular
197,1100,700,332.28794024181303,-85,-85,-85,-85,1350,700,107.79715493624671,7.320395471650327,circular
198,1100,700,332.28794024181303,-85,-85,-85,-85,1350,700,115.11755040789704,7.320395471650327,circular
199,1100,700,332.28794024181303,-85,-85,-85,-85,1350,700,122.43794587954737,7.320395471650327,circular
200,1100,700,332.28794024181303,-85,-85,-85,-85,1350,700,129.75834135119769,7.320395471650327,circular
201,1100,700,332.28794024181303,-85,-85,-85,-85,1350,700,137.07873682284801,7.320395471650327,circular
202,1100,700,332.28794024181303,16.269948115724727,-85,-85,-85,1350,700,144.39913229449834,7.320395471650327,circular
203,1100,700,332.28794024181303,21.813356630230874,-85,-85,20.48098321025059,1350,700,151.71952776614867,7.320395471650327,circular
204,1100,700,332.28794024181303,23.769789312347285,-85,-85,23.06730250275713,1350,700,159.039923237799,7.320395471650327,circular
205,1100,700,332.28794024181303,24.92014212493214,-85,-85,24.495315191602927,1350,700,166.36031870944933,7.320395471650327,circular
206,1100,700,332.28794024181303,25.684904084789974,-85,-85,25.452908776355446,1350,700,173.68071418109966,7.320395471650327,circular
207,1100,700,332.28794024181303,26.011117049096303,-85,-85,25.906018829630398,1350,700,181.00110965275,7.320395471650327,circular
208,1100,700,332.28794024181303,26.074956048612798,-85,-85,26.074956048612798,1350,700,188.32150512440032,7.320395471650327,circular
209,1100,700,332.28794024181303,25.859665714847075,-85,-85,25.9816463993744,1350,700,195.64190059605065,7.320395471650327,circular
210,1100,700,332.28794024181303,25.361807294499556,-85,-85,25.614204328866276,1350,700,202.96229606770098,7.320395471650327,circular
211,1100,700,332.28794024181303,24.495315191602927,-85,-85,24.92014212493214,1350,700,210.2826915393513,7.320395471650327,circular
212,1100,700,332.28794024181303,23.067302502757133,-85,-85,23.553218972269416,1350,700,217.60308701100163,7.320395471650327,circular
213,1100,700,332.28794024181303,19.914354227256315,-85,-85,21.418119305852123,1350,700,224.92348248265196,7.320395471650327,circular
214,1100,700,332.28794024181303,-85,-85,-85,16.269948115724716,1350,700,232.2438779543023,7.320395471650327,circular
215,1100,700,332.28794024181303,-85,-85,-85,-85,1350,700,239.56427342595262,7.320395471650327,circular
216,1100,700,332.28794024181303,-85,-85,-85,-85,1350,700,246.88466889760295,7.320395471650327,circular
217,1100,700,332.28794024181303,-85,-85,-85,-85,1350,700,254.20506436925328,7.320395471650327,circular
218,1100,700,332.28794024181303,-85,-85,-85,-85,1350,700,261.5254598409036,7.320395471650327,circular
219,1100,700,332.28794024181303,-85,-85,-85,-85,1350,700,268.8458553125539,7.320395471650327,circular
220,1100,700,332.28794024181303,-85,-85,-85,-85,1350,700,276.16625078420424,7.320395471650327,circular
221,1100,700,332.28794024181303,-85,-85,-85,-85,1350,700,283.48664625585457,7.320395471650327,circular
222,1100,700,332.28794024181303,-85,-85,-85,-85,1350,700,290.8070417275049,7.320395471650327,circular
223,1100,700,332.28794024181303,-85,-85,-85,-85,1350,700,298.1274371991552,7.320395471650327,circular
224,1100,700,332.28794024181303,-85,-85,-85,-85,1350,700,305.44783267080555,7.320395471650327,circular
225,1100,700,332.28794024181303,-85,-85,-85,-85,1350,700,312.7682281424559,7.320395471650327,circular
226,1100,700,332.28794024181303,-85,-85,-85,-85,1350,700,320.0886236141062,7.320395471650327,circular
227,1100,700,332.28794024181303,-85,-85,-85,-85,1350,700,327.40901908575654,7.320395471650327,circular
228,1100,700,332.28794024181303,-85,-85,-85,-85,1350,700,334.72941455740687,7.320395471650327,circular
229,1100,700,332.28794024181303,-85,-85,-85,-85,1350,700,342.0498100290572,7.320395471650327,circular
230,1100,700,332.28794024181303,-85,-85,-85,-85,1350,700,349.3702055007075,7.320395471650327,circular
231,1100,700,332.28794024181303,-85,-85,-85,-85,1350,700,356.69060097235786,7.320395471650327,circular
232,1100,700,332.28794024181303,-85,-85,-85,-85,1350,700,4.010996444008185,7.320395471650327,circular
233,1100,700,332.28794024181303,-85,-85,-85,-85,1350,700,11.331391915658513,7.320395471650327,circular
234,1100,700,332.28794024181303,-85,-85,-85,-85,1350,700,18.65178738730884,7.320395471650327,circular
235,1100,700,332.28794024181303,-85,-85,-85,-85,1350,700,25.972182858959165,7.320395471650327,circular
236,1100,700,332.28794024181303,-85,-85,-85,-85,1350,700,33.292578330609494,7.320395471650327,circular
237,1100,700,332.28794024181303,-85,-85,-85,-85,1350,700,40.61297380225982,7.320395471650327,circular
238,1100,700,332.28794024181303,-85,-85,-85,-85,1350,700,47.93336927391015,7.320395471650327,circular
239,1100,700,332.28794024181303,-85,-85,-85,-85,1350,700,55.25376474556048,7.320395471650327,circular
240,1100,700,332.28794024181303,-85,-85,-85,-85,1350,700,62.57416021721081,7.320395471650327,circular
241,1100,700,332.28794024181303,-85,-85,-85,-85,1350,700,69.89455568886113,7.320395471650327,circular
242,1100,700,332.28794024181303,-85,-85,-85,-85,1350,700,77.21495116051146,7.320395471650327,circular
243,1100,700,332.28794024181303,-85,-85,-85,-85,1350,700,84.53534663216179,7.320395471650327,circular
244,1100,700,332.28794024181303,-85,-85,-85,-85,1350,700,91.85574210381212,7.320395471650327,circular
245,1100,700,332.28794024181303,-85,-85,-85,-85,1350,700,99.17613757546245,7.320395471650327,circular
246,1100,700,332.28794024181303,-85,-85,-85,-85,1350,700,106.49653304711278,7.320395471650327,circular
247,1100,700,332.28794024181303,-85,-85,-85,-85,1350,700,113.8169285187631,7.320395471650327,circular
248,1100,700,332.28794024181303,-85,-85,-85,-85,1350,700,121.13732399041344,7.320395471650327,circular
249,1100,700,332.28794024181303,-85,-85,-85,-85,1350,700,128.45771946206375,7.320395471650327,circular
250,1100,700,332.28794024181303,-85,-85,-85,-85,1350,700,135.77811493371408,7.320395471650327,circular
251,1100,700,332.28794024181303,14.513447644213304,-85,-85,-85,1350,700,143.0985104053644,7.320395471650327,circular
252,1100,700,332.28794024181303,20.97742610025734,-85,-85,19.25639156218217,1350,700,150.41890587701474,7.320395471650327,circular
253,1100,700,332.28794024181303,23.553218972269416,-85,-85,22.793695368992218,1350,700,157.73930134866507,7.320395471650327,circular
254,1100,700,332.28794024181303,24.78833704083229,-85,-85,24.33271141113945,1350,700,165.0596968203154,7.320395471650327,circular
255,1100,700,332.28794024181303,25.536951728381826,-85,-85,25.26334459461691,1350,700,172.38009229196572,7.320395471650327,circular
256,1100,700,332.28794024181303,25.9816463993744,-85,-85,25.859665714847075,1350,700,179.70048776361605,7.320395471650327,circular
257,1100,700,332.28794024181303,26.077602459396946,-85,-85,26.067010357935978,1350,700,187.02088323526638,7.320395471650327,circular
258,1100,700,332.28794024181303,25.946643644493044,-85,-85,26.035130213615616,1350,700,194.3412787069167,7.320395471650327,circular
259,1100,700,332.28794024181303,25.452908776355446,-85,-85,25.684904084789977,1350,700,201.66167417856704,7.320395471650327,circular
260,1100,700,332.28794024181303,24.646943359767004,-85,-85,25.042923900792417,1350,700,208.98206965021737,7.320395471650327,circular
261,1100,700,332.28794024181303,23.319699537123853,-85,-85,23.97102224645776,1350,700,216.3024651218677,7.320395471650327,circular
262,1100,700,332.28794024181303,20.48098321025059,-85,-85,21.81335663023087,1350,700,223.62286059351803,7.320395471650327,circular
263,1100,700,332.28794024181303,11.50579409835762,-85,-85,17.51315549939211,1350,700,230.94325606516836,7.320395471650327,circular
264,1100,700,332.28794024181303,-85,-85,-85,-85,1350,700,238.26365153681868,7.320395471650327,circular
265,1100,700,332.28794024181303,-85,-85,-85,-85,1350,700,245.584047008469,7.320395471650327,circular
266,1100,700,332.28794024181303,-85,-85,-85,-85,1350,700,252.90444248011934,7.320395471650327,circular
267,1100,700,332.28794024181303,-85,-85,-85,-85,1350,700,260.22483795176964,7.320395471650327,circular
268,1100,700,332.28794024181303,-85,-85,-85,-85,1350,700,267.54523342342,7.320395471650327,circular
269,1100,700,332.28794024181303,-85,-85,-85,-85,1350,700,274.8656288950703,7.320395471650327,circular
270,1100,700,332.28794024181303,-85,-85,-85,-85,1350,700,282.18602436672063,7.320395471650327,circular
271,1100,700,332.28794024181303,-85,-85,-85,-85,1350,700,289.50641983837096,7.320395471650327,circular
272,1100,700,332.28794024181303,-85,-85,-85,-85,1350,700,296.8268153100213,7.320395471650327,circular
273,1100,700,332.28794024181303,-85,-85,-85,-85,1350,700,304.1472107816716,7.320395471650327,circular
274,1100,700,332.28794024181303,-85,-85,-85,-85,1350,700,311.46760625332195,7.320395471650327,circular
275,1100,700,332.28794024181303,-85,-85,-85,-85,1350,700,318.7880017249723,7.320395471650327,circular
276,1100,700,332.28794024181303,-85,-85,-85,-85,1350,700,326.1083971966226,7.320395471650327,circular
277,1100,700,332.28794024181303,-85,-85,-85,-85,1350,700,333.42879266827293,7.320395471650327,circular
278,1100,700,332.28794024181303,-85,-85,-85,-85,1350,700,340.74918813992326,7.320395471650327,circular
279,1100,700,332.28794024181303,-85,-85,-85,-85,1350,700,348.0695836115736,7.320395471650327,circular
280,1100,700,332.28794024181303,-85,-85,-85,-85,1350,700,355.3899790832239,7.320395471650327,circular
281,1100,700,332.28794024181303,-85,-85,-85,-85,1350,700,2.7103745548742495,7.320395471650327,circular
282,1100,700,332.28794024181303,-85,-85,-85,-85,1350,700,10.030770026524577,7.320395471650327,circular
283,1100,700,332.28794024181303,-85,-85,-85,-85,1350,700,17.351165498174904,7.320395471650327,circular
284,1100,700,332.28794024181303,-85,-85,-85,-85,1350,700,24.67156096982523,7.320395471650327,circular
285,1100,700,332.28794024181303,-85,-85,-85,-85,1350,700,31.99195644147556,7.320395471650327,circular
286,1100,700,332.28794024181303,-85,-85,-85,-85,1350,700,39.31235191312589,7.320395471650327,circular
287,1100,700,332.28794024181303,-85,-85,-85,-85,1350,700,46.632747384776216,7.320395471650327,circular
288,1100,700,332.28794024181303,-85,-85,-85,-85,1350,700,53.953142856426545,7.320395471650327,circular
289,1100,700,332.28794024181303,-85,-85,-85,-85,1350,700,61.273538328076874,7.320395471650327,circular
290,1100,700,332.28794024181303,-85,-85,-85,-85,1350,700,68.5939337997272,7.320395471650327,circular
291,1100,700,332.28794024181303,-85,-85,-85,-85,1350,700,75.91432927137753,7.320395471650327,circular
292,1100,700,332.28794024181303,-85,-85,-85,-85,1350,700,83.23472474302785,7.320395471650327,circular
293,1100,700,332.28794024181303,-85,-85,-85,-85,1350,700,90.55512021467818,7.320395471650327,circular
294,1100,700,332.28794024181303,-85,-85,-85,-85,1350,700,97.87551568632851,7.320395471650327,circular
295,1100,700,332.28794024181303,-85,-85,-85,-85,1350,700,105.19591115797884,7.320395471650327,circular
296,1100,700,332.28794024181303,-85,-85,-85,-85,1350,700,112.51630662962917,7.320395471650327,circular
297,1100,700,332.28794024181303,-85,-85,-85,-85,1350,700,119.8367021012795,7.320395471650327,circular
298,1100,700,332.28794024181303,-85,-85,-85,-85,1350,700,127.15709757292983,7.320395471650327,circular
299,1100,700,332.28794024181303,-85,-85,-85,-85,1350,700,134.47749304458014,7.320395471650327,circular
300,1100,700,332.28794024181303,11.505794098357505,-85,-85,-85,1350,700,141.79788851623047,7.320395471650327,circular
301,1100,700,332.28794024181303,20.48098321025059,-85,-85,18.47430475951294,1350,700,149.1182839878808,7.320395471650327,circular
302,1100,700,332.28794024181303,23.06730250275713,-85,-85,22.170735458799452,1350,700,156.43867945953113,7.320395471650327,circular
303,1100,700,332.28794024181303,24.646943359767004,-85,-85,24.1582774269213,1350,700,163.75907493118146,7.320395471650327,circular
304,1100,700,332.28794024181303,25.452908776355446,-85,-85,25.157178905256924,1350,700,171.0794704028318,7.320395471650327,circular
305,1100,700,332.28794024181303,25.906018829630398,-85,-85,25.7492610641292,1350,700,178.39986587448212,7.320395471650327,circular
306,1100,700,332.28794024181303,26.077602459396946,-85,-85,26.053745949214605,1350,700,185.72026134613245,7.320395471650327,circular
307,1100,700,332.28794024181303,25.9816463993744,-85,-85,26.053745949214605,1350,700,193.04065681778278,7.320395471650327,circular
308,1100,700,332.28794024181303,25.614204328866276,-85,-85,25.807460623826316,1350,700,200.3610522894331,7.320395471650327,circular
309,1100,700,332.28794024181303,24.788337040832293,-85,-85,25.157178905256924,1350,700,207.68144776108343,7.320395471650327,circular
310,1100,700,332.28794024181303,23.553218972269416,-85,-85,24.1582774269213,1350,700,215.00184323273376,7.320395471650327,circular
311,1100,700,332.28794024181303,21.418119305852123,-85,-85,22.496022074683278,1350,700,222.3222387043841,7.320395471650327,circular
312,1100,700,332.28794024181303,14.513447644213265,-85,-85,18.474304759512954,1350,700,229.64263417603442,7.320395471650327,circular
313,1100,700,332.28794024181303,-85,-85,-85,-85,1350,700,236.96302964768475,7.320395471650327,circular
314,1100,700,332.28794024181303,-85,-85,-85,-85,1350,700,244.28342511933508,7.320395471650327,circular
315,1100,700,332.28794024181303,-85,-85,-85,-85,1350,700,251.6038205909854,7.320395471650327,circular
316,1100,700,332.28794024181303,-85,-85,-85,-85,1350,700,258.9242160626357,7.320395471650327,circular
317,1100,700,332.28794024181303,-85,-85,-85,-85,1350,700,266.24461153428604,7.320395471650327,circular
318,1100,700,332.28794024181303,-85,-85,-85,-85,1350,700,273.56500700593637,7.320395471650327,circular
319,1100,700,332.28794024181303,-85,-85,-85,-85,1350,700,280.8854024775867,7.320395471650327,circular
320,1100,700,332.28794024181303,-85,-85,-85,-85,1350,700,288.205797949237,7.320395471650327,circular
321,1100,700,332.28794024181303,-85,-85,-85,-85,1350,700,295.52619342088735,7.320395471650327,circular
322,1100,700,332.28794024181303,-85,-85,-85,-85,1350,700,302.8465888925377,7.320395471650327,circular
323,1100,700,332.28794024181303,-85,-85,-85,-85,1350,700,310.166984364188,7.320395471650327,circular
324,1100,700,332.28794024181303,-85,-85,-85,-85,1350,700,317.48737983583834,7.320395471650327,circular
325,1100,700,332.28794024181303,-85,-85,-85,-85,1350,700,324.80777530748867,7.320395471650327,circular
326,1100,700,332.28794024181303,-85,-85,-85,-85,1350,700,332.128170779139,7.320395471650327,circular
327,1100,700,332.28794024181303,-85,-85,-85,-85,1350,700,339.4485662507893,7.320395471650327,circular
328,1100,700,332.28794024181303,-85,-85,-85,-85,1350,700,346.76896172243966,7.320395471650327,circular
329,1100,700,332.28794024181303,-85,-85,-85,-85,1350,700,354.08935719409,7.320395471650327,circular
330,1100,700,332.28794024181303,-85,-85,-85,-85,1350,700,1.4097526657403137,7.320395471650327,circular
331,1100,700,332.28794024181303,-85,-85,-85,-85,1350,700,8.73014813739064,7.320395471650327,circular
332,1100,700,332.28794024181303,-85,-85,-85,-85,1350,700,16.050543609040968,7.320395471650327,circular
333,1100,700,332.28794024181303,-85,-85,-85,-85,1350,700,23.370939080691294,7.320395471650327,circular
334,1100,700,332.28794024181303,-85,-85,-85,-85,1350,700,30.691334552341623,7.320395471650327,circular
335,1100,700,332.28794024181303,-85,-85,-85,-85,1350,700,38.01173002399195,7.320395471650327,circular
336,1100,700,332.28794024181303,-85,-85,-85,-85,1350,700,45.33212549564228,7.320395471650327,circular
337,1100,700,332.28794024181303,-85,-85,-85,-85,1350,700,52.65252096729261,7.320395471650327,circular
338,1100,700,332.28794024181303,-85,-85,-85,-85,1350,700,59.97291643894294,7.320395471650327,circular
339,1100,700,332.28794024181303,-85,-85,-85,-85,1350,700,67.29331191059326,7.320395471650327,circular
340,1100,700,332.28794024181303,-85,-85,-85,-85,1350,700,74.61370738224359,7.320395471650327,circular
341,1100,700,332.28794024181303,-85,-85,-85,-85,1350,700,81.93410285389392,7.320395471650327,circular
342,1100,700,332.28794024181303,-85,-85,-85,-85,1350,700,89.25449832554425,7.320395471650327,circular
343,1100,700,332.28794024181303,-85,-85,-85,-85,1350,700,96.57489379719458,7.320395471650327,circular
344,1100,700,332.28794024181303,-85,-85,-85,-85,1350,700,103.8952892688449,7.320395471650327,circular
345,1100,700,332.28794024181303,-85,-85,-85,-85,1350,700,111.21568474049523,7.320395471650327,circular
346,1100,700,332.28794024181303,-85,-85,-85,-85,1350,700,118.53608021214556,7.320395471650327,circular
347,1100,700,332.28794024181303,-85,-85,-85,-85,1350,700,125.85647568379589,7.320395471650327,circular
348,1100,700,332.28794024181303,-85,-85,-85,-85,1350,700,133.1768711554462,7.320395471650327,circular
349,1100,700,332.28794024181303,-85,-85,-85,-85,1350,700,140.49726662709654,7.320395471650327,circular
350,1100,700,332.28794024181303,19.91435422725632,-85,-85,17.513155499392102,1350,700,147.81766209874687,7.320395471650327,circular
351,1100,700,332.28794024181303,22.793695368992218,-85,-85,21.813356630230874,1350,700,155.1380575703972,7.320395471650327,circular
352,1100,700,332.28794024181303,24.33271141113945,-85,-85,23.769789312347285,1350,700,162.45845304204752,7.320395471650327,circular
353,1100,700,332.28794024181303,25.36180729449956,-85,-85,25.042923900792417,1350,700,169.77884851369785,7.320395471650327,circular
354,1100,700,332.28794024181303,25.859665714847075,-85,-85,25.684904084789974,1350,700,177.09924398534818,7.320395471650327,circular
355,1100,700,332.28794024181303,26.067010357935978,-85,-85,26.011117049096303,1350,700,184.4196394569985,7.320395471650327,circular
356,1100,700,332.28794024181303,26.011117049096303,-85,-85,26.067010357935978,1350,700,191.74003492864884,7.320395471650327,circular
357,1100,700,332.28794024181303,25.684904084789977,-85,-85,25.859665714847075,1350,700,199.06043040029917,7.320395471650327,circular
358,1100,700,332.28794024181303,25.042923900792417,-85,-85,25.361807294499556,1350,700,206.3808258719495,7.320395471650327,circular
359,1100,700,332.28794024181303,23.769789312347285,-85,-85,24.332711411139446,1350,700,213.70122134359983,7.320395471650327,circular
360,1100,700,332.28794024181303,21.81335663023087,-85,-85,22.793695368992225,1350,700,221.02161681525016,7.320395471650327,circular
361,1100,700,332.28794024181303,17.51315549939211,-85,-85,19.914354227256315,1350,700,228.34201228690048,7.320395471650327,circular
362,1100,700,332.28794024181303,-85,-85,-85,-85,1350,700,235.6624077585508,7.320395471650327,circular
363,1100,700,332.28794024181303,-85,-85,-85,-85,1350,700,242.98280323020114,7.320395471650327,circular
364,1100,700,332.28794024181303,-85,-85,-85,-85,1350,700,250.30319870185147,7.320395471650327,circular
365,1100,700,332.28794024181303,-85,-85,-85,-85,1350,700,257.6235941735018,7.320395471650327,circular
366,1100,700,332.28794024181303,-85,-85,-85,-85,1350,700,264.9439896451521,7.320395471650327,circular
367,1100,700,332.28794024181303,-85,-85,-85,-85,1350,700,272.26438511680243,7.320395471650327,circular
368,1100,700,332.28794024181303,-85,-85,-85,-85,1350,700,279.58478058845276,7.320395471650327,circular
369,1100,700,332.28794024181303,-85,-85,-85,-85,1350,700,286.9051760601031,7.320395471650327,circular
370,1100,700,332.28794024181303,-85,-85,-85,-85,1350,700,294.2255715317534,7.320395471650327,circular
371,1100,700,332.28794024181303,-85,-85,-85,-85,1350,700,301.54596700340375,7.320395471650327,circular
372,1100,700,332.28794024181303,-85,-85,-85,-85,1350,700,308.8663624750541,7.320395471650327,circular
373,1100,700,332.28794024181303,-85,-85,-85,-85,1350,700,316.1867579467044,7.320395471650327,circular
374,1100,700,332.28794024181303,-85,-85,-85,-85,1350,700,323.50715341835473,7.320395471650327,circular
375,1100,700,332.28794024181303,-85,-85,-85,-85,1350,700,330.82754889000506,7.320395471650327,circular
376,1100,700,332.28794024181303,-85,-85,-85,-85,1350,700,338.1479443616554,7.320395471650327,circular
377,1100,700,332.28794024181303,-85,-85,-85,-85,1350,700,345.4683398333057,7.320395471650327,circular
378,1100,700,332.28794024181303,-85,-85,-85,-85,1350,700,352.78873530495605,7.320395471650327,circular
379,1100,700,332.28794024181303,-85,-85,-85,-85,1350,700,0.10913077660637782,7.320395471650327,circular
380,1100,700,332.28794024181303,-85,-85,-85,-85,1350,700,7.429526248256705,7.320395471650327,circular
381,1100,700,332.28794024181303,-85,-85,-85,-85,1350,700,14.749921719907032,7.320395471650327,circular
382,1100,700,332.28794024181303,-85,-85,-85,-85,1350,700,22.070317191557358,7.320395471650327,circular
383,1100,700,332.28794024181303,-85,-85,-85,-85,1350,700,29.390712663207687,7.320395471650327,circular
384,1100,700,332.28794024181303,-85,-85,-85,-85,1350,700,36.711108134858016,7.320395471650327,circular
385,1100,700,332.28794024181303,-85,-85,-85,-85,1350,700,44.031503606508345,7.320395471650327,circular
386,1100,700,332.28794024181303,-85,-85,-85,-85,1350,700,51.351899078158674,7.320395471650327,circular
387,1100,700,332.28794024181303,-85,-85,-85,-85,1350,700,58.672294549809,7.320395471650327,circular
388,1100,700,332.28794024181303,-85,-85,-85,-85,1350,700,65.99269002145932,7.320395471650327,circular
389,1100,700,332.28794024181303,-85,-85,-85,-85,1350,700,73.31308549310965,7.320395471650327,circular
390,1100,700,332.28794024181303,-85,-85,-85,-85,1350,700,80.63348096475998,7.320395471650327,circular
391,1100,700,332.28794024181303,-85,-85,-85,-85,1350,700,87.95387643641031,7.320395471650327,circular
392,1100,700,332.28794024181303,-85,-85,-85,-85,1350,700,95.27427190806064,7.320395471650327,circular
393,1100,700,332.28794024181303,-85,-85,-85,-85,1350,700,102.59466737971097,7.320395471650327,circular
394,1100,700,332.28794024181303,-85,-85,-85,-85,1350,700,109.9150628513613,7.320395471650327,circular
395,1100,700,332.28794024181303,-85,-85,-85,-85,1350,700,117.23545832301163,7.320395471650327,circular
396,1100,700,332.28794024181303,-85,-85,-85,-85,1350,700,124.55585379466196,7.320395471650327,circular
397,1100,700,332.28794024181303,-85,-85,-85,-85,1350,700,131.87624926631227,7.320395471650327,circular
398,1100,700,332.28794024181303,-85,-85,-85,-85,1350,700,139.1966447379626,7.320395471650327,circular
399,1100,700,332.28794024181303,18.47430475951294,-85,-85,14.513447644213304,1350,700,146.51704020961293,7.320395471650327,circular
400,1100,700,332.28794024181303,22.496022074683278,-85,-85,21.41811930585211,1350,700,153.83743568126326,7.320395471650327,circular
401,1100,700,332.28794024181303,24.1582774269213,-85,-85,23.553218972269416,1350,700,161.1578311529136,7.320395471650327,circular
402,1100,700,332.28794024181303,25.157178905256924,-85,-85,24.78833704083229,1350,700,168.47822662456392,7.320395471650327,circular
403,1100,700,332.28794024181303,25.80746062382631,-85,-85,25.614204328866276,1350,700,175.79862209621425,7.320395471650327,circular
404,1100,700,332.28794024181303,26.053745949214605,-85,-85,25.9816463993744,1350,700,183.11901756786457,7.320395471650327,circular
405,1100,700,332.28794024181303,26.053745949214605,-85,-85,26.077602459396946,1350,700,190.4394130395149,7.320395471650327,circular
406,1100,700,332.28794024181303,25.7492610641292,-85,-85,25.906018829630398,1350,700,197.75980851116523,7.320395471650327,circular
407,1100,700,332.28794024181303,25.157178905256924,-85,-85,25.452908776355446,1350,700,205.08020398281556,7.320395471650327,circular
408,1100,700,332.28794024181303,24.1582774269213,-85,-85,24.646943359767004,1350,700,212.4005994544659,7.320395471650327,circular
409,1100,700,332.28794024181303,22.170735458799452,-85,-85,23.067302502757133,1350,700,219.72099492611622,7.320395471650327,circular
410,1100,700,332.28794024181303,18.474304759512954,-85,-85,20.48098321025059,1350,700,227.04139039776655,7.320395471650327,circular
411,1100,700,332.28794024181303,-85,-85,-85,11.50579409835762,1350,700,234.36178586941688,7.320395471650327,circular
412,1100,700,332.28794024181303,-85,-85,-85,-85,1350,700,241.6821813410672,7.320395471650327,circular
413,1100,700,332.28794024181303,-85,-85,-85,-85,1350,700,249.00257681271754,7.320395471650327,circular
414,1100,700,332.28794024181303,-85,-85,-85,-85,1350,700,256.32297228436784,7.320395471650327,circular
415,1100,700,332.28794024181303,-85,-85,-85,-85,1350,700,263.64336775601816,7.320395471650327,circular
416,1100,700,332.28794024181303,-85,-85,-85,-85,1350,700,270.9637632276685,7.320395471650327,circular
417,1100,700,332.28794024181303,-85,-85,-85,-85,1350,700,278.2841586993188,7.320395471650327,circular
418,1100,700,332.28794024181303,-85,-85,-85,-85,1350,700,285.60455417096915,7.320395471650327,circular
419,1100,700,332.28794024181303,-85,-85,-85,-85,1350,700,292.9249496426195,7.320395471650327,circular
420,1100,700,332.28794024181303,-85,-85,-85,-85,1350,700,300.2453451142698,7.320395471650327,circular
421,1100,700,332.28794024181303,-85,-85,-85,-85,1350,700,307.56574058592014,7.320395471650327,circular
422,1100,700,332.28794024181303,-85,-85,-85,-85,1350,700,314.88613605757047,7.320395471650327,circular
423,1100,700,332.28794024181303,-85,-85,-85,-85,1350,700,322.2065315292208,7.320395471650327,circular
424,1100,700,332.28794024181303,-85,-85,-85,-85,1350,700,329.5269270008711,7.320395471650327,circular
425,1100,700,332.28794024181303,-85,-85,-85,-85,1350,700,336.84732247252145,7.320395471650327,circular
426,1100,700,332.28794024181303,-85,-85,-85,-85,1350,700,344.1677179441718,7.320395471650327,circular
427,1100,700,332.28794024181303,-85,-85,-85,-85,1350,700,351.4881134158221,7.320395471650327,circular
428,1100,700,332.28794024181303,-85,-85,-85,-85,1350,700,358.80850888747244,7.320395471650327,circular
429,1100,700,332.28794024181303,-85,-85,-85,-85,1350,700,6.128904359122771,7.320395471650327,circular
430,1100,700,332.28794024181303,-85,-85,-85,-85,1350,700,13.449299830773098,7.320395471650327,circular
431,1100,700,332.28794024181303,-85,-85,-85,-85,1350,700,20.769695302423425,7.320395471650327,circular
432,1100,700,332.28794024181303,-85,-85,-85,-85,1350,700,28.09009077407375,7.320395471650327,circular
433,1100,700,332.28794024181303,-85,-85,-85,-85,1350,700,35.41048624572408,7.320395471650327,circular
434,1100,700,332.28794024181303,-85,-85,-85,-85,1350,700,42.73088171737441,7.320395471650327,circular
435,1100,700,332.28794024181303,-85,-85,-85,-85,1350,700,50.05127718902474,7.320395471650327,circular
436,1100,700,332.28794024181303,-85,-85,-85,-85,1350,700,57.37167266067507,7.320395471650327,circular
437,1100,700,332.28794024181303,-85,-85,-85,-85,1350,700,64.69206813232539,7.320395471650327,circular
438,1100,700,332.28794024181303,-85,-85,-85,-85,1350,700,72.01246360397572,7.320395471650327,circular
439,1100,700,332.28794024181303,-85,-85,-85,-85,1350,700,79.33285907562605,7.320395471650327,circular
440,1100,700,332.28794024181303,-85,-85,-85,-85,1350,700,86.65325454727638,7.320395471650327,circular
441,1100,700,332.28794024181303,-85,-85,-85,-85,1350,700,93.9736500189267,7.320395471650327,circular
442,1100,700,332.28794024181303,-85,-85,-85,-85,1350,700,101.29404549057703,7.320395471650327,circular
443,1100,700,332.28794024181303,-85,-85,-85,-85,1350,700,108.61444096222736,7.320395471650327,circular
444,1100,700,332.28794024181303,-85,-85,-85,-85,1350,700,115.93483643387769,7.320395471650327,circular
445,1100,700,332.28794024181303,-85,-85,-85,-85,1350,700,123.25523190552802,7.320395471650327,circular
446,1100,700,332.28794024181303,-85,-85,-85,-85,1350,700,130.57562737717834,7.320395471650327,circular
447,1100,700,332.28794024181303,-85,-85,-85,-85,1350,700,137.89602284882866,7.320395471650327,circular
448,1100,700,332.28794024181303,17.513155499392102,-85,-85,11.505794098357505,1350,700,145.216418320479,7.320395471650327,circular
449,1100,700,332.28794024181303,21.813356630230874,-85,-85,20.97742610025734,1350,700,152.53681379212932,7.320395471650327,circular
450,1100,700,332.28794024181303,23.971022246457757,-85,-85,23.31969953712386,1350,700,159.85720926377965,7.320395471650327,circular
451,1100,700,332.28794024181303,25.042923900792417,-85,-85,24.646943359767004,1350,700,167.17760473542998,7.320395471650327,circular
452,1100,700,332.28794024181303,25.684904084789974,-85,-85,25.452908776355446,1350,700,174.4980002070803,7.320395471650327,circular
453,1100,700,332.28794024181303,26.035130213615616,-85,-85,25.946643644493044,1350,700,181.81839567873064,7.320395471650327,circular
454,1100,700,332.28794024181303,26.067010357935978,-85,-85,26.077602459396946,1350,700,189.13879115038097,7.320395471650327,circular
455,1100,700,332.28794024181303,25.859665714847075,-85,-85,25.9816463993744,1350,700,196.4591866220313,7.320395471650327,circular
456,1100,700,332.28794024181303,25.263344594616918,-85,-85,25.536951728381826,1350,700,203.77958209368163,7.320395471650327,circular
457,1100,700,332.28794024181303,24.332711411139446,-85,-85,24.788337040832293,1350,700,211.09997756533195,7.320395471650327,circular
458,1100,700,332.28794024181303,22.793695368992225,-85,-85,23.553218972269416,1350,700,218.42037303698228,7.320395471650327,circular
459,1100,700,332.28794024181303,19.25639156218219,-85,-85,20.97742610025735,1350,700,225.7407685086326,7.320395471650327,circular
460,1100,700,332.28794024181303,-85,-85,-85,14.513447644213265,1350,700,233.06116398028294,7.320395471650327,circular
461,1100,700,332.28794024181303,-85,-85,-85,-85,1350,700,240.38155945193327,7.320395471650327,circular
462,1100,700,332.28794024181303,-85,-85,-85,-85,1350,700,247.7019549235836,7.320395471650327,circular
463,1100,700,332.28794024181303,-85,-85,-85,-85,1350,700,255.02235039523393,7.320395471650327,circular
464,1100,700,332.28794024181303,-85,-85,-85,-85,1350,700,262.34274586688423,7.320395471650327,circular
465,1100,700,332.28794024181303,-85,-85,-85,-85,1350,700,269.66314133853456,7.320395471650327,circular
466,1100,700,332.28794024181303,-85,-85,-85,-85,1350,700,276.9835368101849,7.320395471650327,circular
467,1100,700,332.28794024181303,-85,-85,-85,-85,1350,700,284.3039322818352,7.320395471650327,circular
468,1100,700,332.28794024181303,-85,-85,-85,-85,1350,700,291.62432775348555,7.320395471650327,circular
469,1100,700,332.28794024181303,-85,-85,-85,-85,1350,700,298.9447232251359,7.320395471650327,circular
470,1100,700,332.28794024181303,-85,-85,-85,-85,1350,700,306.2651186967862,7.320395471650327,circular
471,1100,700,332.28794024181303,-85,-85,-85,-85,1350,700,313.58551416843653,7.320395471650327,circular
472,1100,700,332.28794024181303,-85,-85,-85,-85,1350,700,320.90590964008686,7.320395471650327,circular
473,1100,700,332.28794024181303,-85,-85,-85,-85,1350,700,328.2263051117372,7.320395471650327,circular
474,1100,700,332.28794024181303,-85,-85,-85,-85,1350,700,335.5467005833875,7.320395471650327,circular
475,1100,700,332.28794024181303,-85,-85,-85,-85,1350,700,342.86709605503785,7.320395471650327,circular
476,1100,700,332.28794024181303,-85,-85,-85,-85,1350,700,350.1874915266882,7.320395471650327,circular
477,1100,700,332.28794024181303,-85,-85,-85,-85,1350,700,357.5078869983385,7.320395471650327,circular
478,1100,700,332.28794024181303,-85,-85,-85,-85,1350,700,4.828282469988835,7.320395471650327,circular
479,1100,700,332.28794024181303,-85,-85,-85,-85,1350,700,12.148677941639162,7.320395471650327,circular
480,1100,700,332.28794024181303,-85,-85,-85,-85,1350,700,19.46907341328949,7.320395471650327,circular
481,1100,700,332.28794024181303,-85,-85,-85,-85,1350,700,26.789468884939815,7.320395471650327,circular
482,1100,700,332.28794024181303,-85,-85,-85,-85,1350,700,34.109864356590144,7.320395471650327,circular
483,1100,700,332.28794024181303,-85,-85,-85,-85,1350,700,41.43025982824047,7.320395471650327,circular
484,1100,700,332.28794024181303,-85,-85,-85,-85,1350,700,48.7506552998908,7.320395471650327,circular
485,1100,700,332.28794024181303,-85,-85,-85,-85,1350,700,56.07105077154113,7.320395471650327,circular
486,1100,700,332.28794024181303,-85,-85,-85,-85,1350,700,63.39144624319146,7.320395471650327,circular
487,1100,700,332.28794024181303,-85,-85,-85,-85,1350,700,70.71184171484178,7.320395471650327,circular
488,1100,700,332.28794024181303,-85,-85,-85,-85,1350,700,78.03223718649211,7.320395471650327,circular
489,1100,700,332.28794024181303,-85,-85,-85,-85,1350,700,85.35263265814244,7.320395471650327,circular
490,1100,700,332.28794024181303,-85,-85,-85,-85,1350,700,92.67302812979277,7.320395471650327,circular
491,1100,700,332.28794024181303,-85,-85,-85,-85,1350,700,99.9934236014431,7.320395471650327,circular
492,1100,700,332.28794024181303,-85,-85,-85,-85,1350,700,107.31381907309343,7.320395471650327,circular
493,1100,700,332.28794024181303,-85,-85,-85,-85,1350,700,114.63421454474376,7.320395471650327,circular
494,1100,700,332.28794024181303,-85,-85,-85,-85,1350,700,121.95461001639408,7.320395471650327,circular
495,1100,700,332.28794024181303,-85,-85,-85,-85,1350,700,129.2750054880444,7.320395471650327,circular
496,1100,700,332.28794024181303,-85,-85,-85,-85,1350,700,136.59540095969473,7.320395471650327,circular
497,1100,700,332.28794024181303,16.269948115724727,-85,-85,-85,1350,700,143.91579643134506,7.320395471650327,circular
498,1100,700,332.28794024181303,21.41811930585211,-85,-85,19.91435422725632,1350,700,151.2361919029954,7.320395471650327,circular
499,1100,700,332.28794024181303,23.553218972269416,-85,-85,23.06730250275713,1350,700,158.55658737464572,7.320395471650327,circular
500,1100,700,332.28794024181303,24.92014212493214,-85,-85,24.495315191602927,1350,700,165.87698284629604,7.320395471650327,circular
501,1100,700,332.28794024181303,25.614204328866276,-85,-85,25.36180729449956,1350,700,173.19737831794637,7.320395471650327,circular
502,1100,700,332.28794024181303,25.9816463993744,-85,-85,25.859665714847075,1350,700,180.5177737895967,7.320395471650327,circular
503,1100,700,332.28794024181303,26.074956048612798,-85,-85,26.074956048612798,1350,700,187.83816926124703,7.320395471650327,circular
504,1100,700,332.28794024181303,25.906018829630398,-85,-85,26.011117049096303,1350,700,195.15856473289736,7.320395471650327,circular
505,1100,700,332.28794024181303,25.452908776355446,-85,-85,25.684904084789977,1350,700,202.4789602045477,7.320395471650327,circular
506,1100,700,332.28794024181303,24.495315191602927,-85,-85,24.92014212493214,1350,700,209.79935567619802,7.320395471650327,circular
507,1100,700,332.28794024181303,23.067302502757133,-85,-85,23.769789312347285,1350,700,217.11975114784835,7.320395471650327,circular
508,1100,700,332.28794024181303,20.48098321025059,-85,-85,21.81335663023087,1350,700,224.44014661949868,7.320395471650327,circular
509,1100,700,332.28794024181303,-85,-85,-85,16.269948115724716,1350,700,231.760542091149,7.320395471650327,circular
510,1100,700,332.28794024181303,-85,-85,-85,-85,1350,700,239.08093756279933,7.320395471650327,circular
511,1100,700,332.28794024181303,-85,-85,-85,-85,1350,700,246.40133303444966,7.320395471650327,circular
512,1100,700,332.28794024181303,-85,-85,-85,-85,1350,700,253.7217285061,7.320395471650327,circular
513,1100,700,332.28794024181303,-85,-85,-85,-85,1350,700,261.0421239777503,7.320395471650327,circular
514,1100,700,332.28794024181303,-85,-85,-85,-85,1350,700,268.3625194494006,7.320395471650327,circular
515,1100,700,332.28794024181303,-85,-85,-85,-85,1350,700,275.68291492105095,7.320395471650327,circular
516,1100,700,332.28794024181303,-85,-85,-85,-85,1350,700,283.0033103927013,7.320395471650327,circular
517,1100,700,332.28794024181303,-85,-85,-85,-85,1350,700,290.3237058643516,7.320395471650327,circular
518,1100,700,332.28794024181303,-85,-85,-85,-85,1350,700,297.64410133600194,7.320395471650327,circular
519,1100,700,332.28794024181303,-85,-85,-85,-85,1350,700,304.96449680765227,7.320395471650327,circular
520,1100,700,332.28794024181303,-85,-85,-85,-85,1350,700,312.2848922793026,7.320395471650327,circular
521,1100,700,332.28794024181303,-85,-85,-85,-85,1350,700,319.6052877509529,7.320395471650327,circular
522,1100,700,332.28794024181303,-85,-85,-85,-85,1350,700,326.92568322260325,7.320395471650327,circular
523,1100,700,332.28794024181303,-85,-85,-85,-85,1350,700,334.2460786942536,7.320395471650327,circular
524,1100,700,332.28794024181303,-85,-85,-85,-85,1350,700,341.5664741659039,7.320395471650327,circular
525,1100,700,332.28794024181303,-85,-85,-85,-85,1350,700,348.88686963755424,7.320395471650327,circular
526,1100,700,332.28794024181303,-85,-85,-85,-85,1350,700,356.20726510920457,7.320395471650327,circular
527,1100,700,332.28794024181303,-85,-85,-85,-85,1350,700,3.5276605808548993,7.320395471650327,circular
528,1100,700,332.28794024181303,-85,-85,-85,-85,1350,700,10.848056052505227,7.320395471650327,circular
529,1100,700,332.28794024181303,-85,-85,-85,-85,1350,700,18.168451524155554,7.320395471650327,circular
530,1100,700,332.28794024181303,-85,-85,-85,-85,1350,700,25.48884699580588,7.320395471650327,circular
531,1100,700,332.28794024181303,-85,-85,-85,-85,1350,700,32.80924246745621,7.320395471650327,circular
532,1100,700,332.28794024181303,-85,-85,-85,-85,1350,700,40.12963793910654,7.320395471650327,circular
533,1100,700,332.28794024181303,-85,-85,-85,-85,1350,700,47.450033410756866,7.320395471650327,circular
534,1100,700,332.28794024181303,-85,-85,-85,-85,1350,700,54.770428882407195,7.320395471650327,circular
535,1100,700,332.28794024181303,-85,-85,-85,-85,1350,700,62.090824354057524,7.320395471650327,circular
536,1100,700,332.28794024181303,-85,-85,-85,-85,1350,700,69.41121982570785,7.320395471650327,circular
537,1100,700,332.28794024181303,-85,-85,-85,-85,1350,700,76.73161529735818,7.320395471650327,circular
538,1100,700,332.28794024181303,-85,-85,-85,-85,1350,700,84.0520107690085,7.320395471650327,circular
539,1100,700,332.28794024181303,-85,-85,-85,-85,1350,700,91.37240624065883,7.320395471650327,circular
540,1100,700,332.28794024181303,-85,-85,-85,-85,1350,700,98.69280171230916,7.320395471650327,circular
541,1100,700,332.28794024181303,-85,-85,-85,-85,1350,700,106.01319718395949,7.320395471650327,circular
542,1100,700,332.28794024181303,-85,-85,-85,-85,1350,700,113.33359265560982,7.320395471650327,circular
543,1100,700,332.28794024181303,-85,-85,-85,-85,1350,700,120.65398812726015,7.320395471650327,circular
544,1100,700,332.28794024181303,-85,-85,-85,-85,1350,700,127.97438359891048,7.320395471650327,circular
545,1100,700,332.28794024181303,-85,-85,-85,-85,1350,700,135.2947790705608,7.320395471650327,circular
546,1100,700,332.28794024181303,14.513447644213304,-85,-85,-85,1350,700,142.61517454221112,7.320395471650327,circular
547,1100,700,332.28794024181303,20.97742610025734,-85,-85,19.25639156218217,1350,700,149.93557001386145,7.320395471650327,circular
548,1100,700,332.28794024181303,23.31969953712386,-85,-85,22.496022074683278,1350,700,157.25596548551178,7.320395471650327,circular
549,1100,700,332.28794024181303,24.646943359767004,-85,-85,24.33271141113945,1350,700,164.5763609571621,7.320395471650327,circular
550,1100,700,332.28794024181303,25.536951728381826,-85,-85,25.26334459461691,1350,700,171.89675642881244,7.320395471650327,circular
551,1100,700,332.28794024181303,25.946643644493044,-85,-85,25.80746062382631,1350,700,179.21715190046277,7.320395471650327,circular
552,1100,700,332.28794024181303,26.077602459396946,-85,-85,26.067010357935978,1350,700,186.5375473721131,7.320395471650327,circular
553,1100,700,332.28794024181303,25.946643644493044,-85,-85,26.035130213615616,1350,700,193.85794284376342,7.320395471650327,circular
554,1100,700,332.28794024181303,25.536951728381826,-85,-85,25.7492610641292,1350,700,201.17833831541375,7.320395471650327,circular
555,1100,700,332.28794024181303,24.788337040832293,-85,-85,25.157178905256924,1350,700,208.49873378706408,7.320395471650327,circular
556,1100,700,332.28794024181303,23.319699537123853,-85,-85,23.97102224645776,1350,700,215.8191292587144,7.320395471650327,circular
557,1100,700,332.28794024181303,20.97742610025735,-85,-85,22.170735458799452,1350,700,223.13952473036474,7.320395471650327,circular
558,1100,700,332.28794024181303,14.513447644213265,-85,-85,18.474304759512954,1350,700,230.45992020201507,7.320395471650327,circular
559,1100,700,332.28794024181303,-85,-85,-85,-85,1350,700,237.7803156736654,7.320395471650327,circular
560,1100,700,332.28794024181303,-85,-85,-85,-85,1350,700,245.10071114531573,7.320395471650327,circular
561,1100,700,332.28794024181303,-85,-85,-85,-85,1350,700,252.42110661696606,7.320395471650327,circular
562,1100,700,332.28794024181303,-85,-85,-85,-85,1350,700,259.74150208861636,7.320395471650327,circular
563,1100,700,332.28794024181303,-85,-85,-85,-85,1350,700,267.0618975602667,7.320395471650327,circular
564,1100,700,332.28794024181303,-85,-85,-85,-85,1350,700,274.382293031917,7.320395471650327,circular
565,1100,700,332.28794024181303,-85,-85,-85,-85,1350,700,281.70268850356734,7.320395471650327,circular
566,1100,700,332.28794024181303,-85,-85,-85,-85,1350,700,289.0230839752177,7.320395471650327,circular
567,1100,700,332.28794024181303,-85,-85,-85,-85,1350,700,296.343479446868,7.320395471650327,circular
568,1100,700,332.28794024181303,-85,-85,-85,-85,1350,700,303.66387491851833,7.320395471650327,circular
569,1100,700,332.28794024181303,-85,-85,-85,-85,1350,700,310.98427039016866,7.320395471650327,circular
570,1100,700,332.28794024181303,-85,-85,-85,-85,1350,700,318.304665861819,7.320395471650327,circular
571,1100,700,332.28794024181303,-85,-85,-85,-85,1350,700,325.6250613334693,7.320395471650327,circular
572,1100,700,332.28794024181303,-85,-85,-85,-85,1350,700,332.94545680511965,7.320395471650327,circular
573,1100,700,332.28794024181303,-85,-85,-85,-85,1350,700,340.26585227677,7.320395471650327,circular
574,1100,700,332.28794024181303,-85,-85,-85,-85,1350,700,347.5862477484203,7.320395471650327,circular
575,1100,700,332.28794024181303,-85,-85,-85,-85,1350,700,354.90664322007063,7.320395471650327,circular
576,1100,700,332.28794024181303,-85,-85,-85,-85,1350,700,2.2270386917209635,7.320395471650327,circular
577,1100,700,332.28794024181303,-85,-85,-85,-85,1350,700,9.54743416337129,7.320395471650327,circular
578,1100,700,332.28794024181303,-85,-85,-85,-85,1350,700,16.867829635021618,7.320395471650327,circular
579,1100,700,332.28794024181303,-85,-85,-85,-85,1350,700,24.188225106671943,7.320395471650327,circular
580,1100,700,332.28794024181303,-85,-85,-85,-85,1350,700,31.508620578322272,7.320395471650327,circular
581,1100,700,332.28794024181303,-85,-85,-85,-85,1350,700,38.8290160499726,7.320395471650327,circular
582,1100,700,332.28794024181303,-85,-85,-85,-85,1350,700,46.14941152162293,7.320395471650327,circular
583,1100,700,332.28794024181303,-85,-85,-85,-85,1350,700,53.46980699327326,7.320395471650327,circular
584,1100,700,332.28794024181303,-85,-85,-85,-85,1350,700,60.79020246492359,7.320395471650327,circular
585,1100,700,332.28794024181303,-85,-85,-85,-85,1350,700,68.11059793657391,7.320395471650327,circular
586,1100,700,332.28794024181303,-85,-85,-85,-85,1350,700,75.43099340822424,7.320395471650327,circular
587,1100,700,332.28794024181303,-85,-85,-85,-85,1350,700,82.75138887987457,7.320395471650327,circular
588,1100,700,332.28794024181303,-85,-85,-85,-85,1350,700,90.0717843515249,7.320395471650327,circular
589,1100,700,332.28794024181303,-85,-85,-85,-85,1350,700,97.39217982317523,7.320395471650327,circular
590,1100,700,332.28794024181303,-85,-85,-85,-85,1350,700,104.71257529482556,7.320395471650327,circular
591,1100,700,332.28794024181303,-85,-85,-85,-85,1350,700,112.03297076647588,7.320395471650327,circular
592,1100,700,332.28794024181303,-85,-85,-85,-85,1350,700,119.35336623812621,7.320395471650327,circular
593,1100,700,332.28794024181303,-85,-85,-85,-85,1350,700,126.67376170977654,7.320395471650327,circular
594,1100,700,332.28794024181303,-85,-85,-85,-85,1350,700,133.99415718142686,7.320395471650327,circular
595,1100,700,332.28794024181303,-85,-85,-85,-85,1350,700,141.3145526530772,7.320395471650327,circular
596,1100,700,332.28794024181303,20.48098321025059,-85,-85,18.47430475951294,1350,700,148.63494812472752,7.320395471650327,circular
597,1100,700,332.28794024181303,23.06730250275713,-85,-85,22.170735458799452,1350,700,155.95534359637784,7.320395471650327,circular
598,1100,700,332.28794024181303,24.495315191602927,-85,-85,23.971022246457757,1350,700,163.27573906802817,7.320395471650327,circular
599,1100,700,332.28794024181303,25.36180729449956,-85,-85,25.157178905256924,1350,700,170.5961345396785,7.320395471650327,circular
600,1100,700,332.28794024181303,25.906018829630398,-85,-85,25.7492610641292,1350,700,177.91653001132883,7.320395471650327,circular
601,1100,700,332.28794024181303,26.074956048612798,-85,-85,26.035130213615616,1350,700,185.23692548297916,7.320395471650327,circular
602,1100,700,332.28794024181303,26.011117049096303,-85,-85,26.053745949214605,1350,700,192.5573209546295,7.320395471650327,circular
603,1100,700,332.28794024181303,25.614204328866276,-85,-85,25.807460623826316,1350,700,199.87771642627982,7.320395471650327,circular
604,1100,700,332.28794024181303,24.92014212493214,-85,-85,25.263344594616918,1350,700,207.19811189793015,7.320395471650327,circular
605,1100,700,332.28794024181303,23.769789312347285,-85,-85,24.332711411139446,1350,700,214.51850736958048,7.320395471650327,circular
606,1100,700,332.28794024181303,21.418119305852123,-85,-85,22.496022074683278,1350,700,221.8389028412308,7.320395471650327,circular
607,1100,700,332.28794024181303,16.269948115724716,-85,-85,19.25639156218219,1350,700,229.15929831288113,7.320395471650327,circular
608,1100,700,332.28794024181303,-85,-85,-85,-85,1350,700,236.47969378453146,7.320395471650327,circular
609,1100,700,332.28794024181303,-85,-85,-85,-85,1350,700,243.8000892561818,7.320395471650327,circular
610,1100,700,332.28794024181303,-85,-85,-85,-85,1350,700,251.12048472783212,7.320395471650327,circular
611,1100,700,332.28794024181303,-85,-85,-85,-85,1350,700,258.4408801994824,7.320395471650327,circular
612,1100,700,332.28794024181303,-85,-85,-85,-85,1350,700,265.76127567113275,7.320395471650327,circular
613,1100,700,332.28794024181303,-85,-85,-85,-85,1350,700,273.0816711427831,7.320395471650327,circular
614,1100,700,332.28794024181303,-85,-85,-85,-85,1350,700,280.4020666144334,7.320395471650327,circular
615,1100,700,332.28794024181303,-85,-85,-85,-85,1350,700,287.72246208608374,7.320395471650327,circular
616,1100,700,332.28794024181303,-85,-85,-85,-85,1350,700,295.04285755773407,7.320395471650327,circular
617,1100,700,332.28794024181303,-85,-85,-85,-85,1350,700,302.3632530293844,7.320395471650327,circular
618,1100,700,332.28794024181303,-85,-85,-85,-85,1350,700,309.6836485010347,7.320395471650327,circular
619,1100,700,332.28794024181303,-85,-85,-85,-85,1350,700,317.00404397268505,7.320395471650327,circular
620,1100,700,332.28794024181303,-85,-85,-85,-85,1350,700,324.3244394443354,7.320395471650327,circular
621,1100,700,332.28794024181303,-85,-85,-85,-85,1350,700,331.6448349159857,7.320395471650327,circular
622,1100,700,332.28794024181303,-85,-85,-85,-85,1350,700,338.96523038763604,7.320395471650327,circular
623,1100,700,332.28794024181303,-85,-85,-85,-85,1350,700,346.28562585928637,7.320395471650327,circular
624,1100,700,332.28794024181303,-85,-85,-85,-85,1350,700,353.6060213309367,7.320395471650327,circular
625,1100,700,332.28794024181303,-85,-85,-85,-85,1350,700,0.9264168025870276,7.320395471650327,circular
626,1100,700,332.28794024181303,-85,-85,-85,-85,1350,700,8.246812274237355,7.320395471650327,circular
627,1100,700,332.28794024181303,-85,-85,-85,-85,1350,700,15.567207745887682,7.320395471650327,circular
628,1100,700,332.28794024181303,-85,-85,-85,-85,1350,700,22.887603217538008,7.320395471650327,circular
629,1100,700,332.28794024181303,-85,-85,-85,-85,1350,700,30.207998689188337,7.320395471650327,circular
630,1100,700,332.28794024181303,-85,-85,-85,-85,1350,700,37.528394160838666,7.320395471650327,circular
631,1100,700,332.28794024181303,-85,-85,-85,-85,1350,700,44.848789632488995,7.320395471650327,circular
632,1100,700,332.28794024181303,-85,-85,-85,-85,1350,700,52.16918510413932,7.320395471650327,circular
633,1100,700,332.28794024181303,-85,-85,-85,-85,1350,700,59.48958057578965,7.320395471650327,circular
634,1100,700,332.28794024181303,-85,-85,-85,-85,1350,700,66.80997604743997,7.320395471650327,circular
635,1100,700,332.28794024181303,-85,-85,-85,-85,1350,700,74.1303715190903,7.320395471650327,circular
636,1100,700,332.28794024181303,-85,-85,-85,-85,1350,700,81.45076699074063,7.320395471650327,circular
637,1100,700,332.28794024181303,-85,-85,-85,-85,1350,700,88.77116246239096,7.320395471650327,circular
638,1100,700,332.28794024181303,-85,-85,-85,-85,1350,700,96.09155793404129,7.320395471650327,circular
639,1100,700,332.28794024181303,-85,-85,-85,-85,1350,700,103.41195340569162,7.320395471650327,circular
640,1100,700,332.28794024181303,-85,-85,-85,-85,1350,700,110.73234887734195,7.320395471650327,circular
641,1100,700,332.28794024181303,-85,-85,-85,-85,1350,700,118.05274434899228,7.320395471650327,circular
642,1100,700,332.28794024181303,-85,-85,-85,-85,1350,700,125.3731398206426,7.320395471650327,circular
643,1100,700,332.28794024181303,-85,-85,-85,-85,1350,700,132.69353529229292,7.320395471650327,circular
644,1100,700,332.28794024181303,-85,-85,-85,-85,1350,700,140.01393076394325,7.320395471650327,circular
645,1100,700,332.28794024181303,19.25639156218217,-85,-85,16.269948115724727,1350,700,147.33432623559358,7.320395471650327,circular
646,1100,700,332.28794024181303,22.793695368992218,-85,-85,21.813356630230874,1350,700,154.6547217072439,7.320395471650327,circular
647,1100,700,332.28794024181303,24.33271141113945,-85,-85,23.769789312347285,1350,700,161.97511717889424,7.320395471650327,circular
648,1100,700,332.28794024181303,25.26334459461691,-85,-85,24.92014212493214,1350,700,169.29551265054457,7.320395471650327,circular
649,1100,700,332.28794024181303,25.859665714847075,-85,-85,25.684904084789974,1350,700,176.6159081221949,7.320395471650327,circular
650,1100,700,332.28794024181303,26.067010357935978,-85,-85,26.011117049096303,1350,700,183.93630359384522,7.320395471650327,circular
651,1100,700,332.28794024181303,26.035130213615616,-85,-85,26.074956048612798,1350,700,191.25669906549555,7.320395471650327,circular
652,1100,700,332.28794024181303,25.7492610641292,-85,-85,25.859665714847075,1350,700,198.57709453714588,7.320395471650327,circular
653,1100,700,332.28794024181303,25.042923900792417,-85,-85,25.361807294499556,1350,700,205.8974900087962,7.320395471650327,circular
654,1100,700,332.28794024181303,23.97102224645776,-85,-85,24.495315191602927,1350,700,213.21788548044654,7.320395471650327,circular
655,1100,700,332.28794024181303,22.170735458799452,-85,-85,22.793695368992225,1350,700,220.53828095209687,7.320395471650327,circular
656,1100,700,332.28794024181303,17.51315549939211,-85,-85,19.914354227256315,1350,700,227.8586764237472,7.320395471650327,circular
657,1100,700,332.28794024181303,-85,-85,-85,-85,1350,700,235.17907189539753,7.320395471650327,circular
658,1100,700,332.28794024181303,-85,-85,-85,-85,1350,700,242.49946736704786,7.320395471650327,circular
659,1100,700,332.28794024181303,-85,-85,-85,-85,1350,700,249.81986283869819,7.320395471650327,circular
660,1100,700,332.28794024181303,-85,-85,-85,-85,1350,700,257.1402583103485,7.320395471650327,circular
661,1100,700,332.28794024181303,-85,-85,-85,-85,1350,700,264.4606537819988,7.320395471650327,circular
662,1100,700,332.28794024181303,-85,-85,-85,-85,1350,700,271.78104925364914,7.320395471650327,circular
663,1100,700,332.28794024181303,-85,-85,-85,-85,1350,700,279.1014447252995,7.320395471650327,circular
664,1100,700,332.28794024181303,-85,-85,-85,-85,1350,700,286.4218401969498,7.320395471650327,circular
665,1100,700,332.28794024181303,-85,-85,-85,-85,1350,700,293.74223566860013,7.320395471650327,circular
666,1100,700,332.28794024181303,-85,-85,-85,-85,1350,700,301.06263114025046,7.320395471650327,circular
667,1100,700,332.28794024181303,-85,-85,-85,-85,1350,700,308.3830266119008,7.320395471650327,circular
668,1100,700,332.28794024181303,-85,-85,-85,-85,1350,700,315.7034220835511,7.320395471650327,circular
669,1100,700,332.28794024181303,-85,-85,-85,-85,1350,700,323.02381755520145,7.320395471650327,circular
670,1100,700,332.28794024181303,-85,-85,-85,-85,1350,700,330.3442130268518,7.320395471650327,circular
671,1100,700,332.28794024181303,-85,-85,-85,-85,1350,700,337.6646084985021,7.320395471650327,circular
672,1100,700,332.28794024181303,-85,-85,-85,-85,1350,700,344.98500397015243,7.320395471650327,circular
673,1100,700,332.28794024181303,-85,-85,-85,-85,1350,700,352.30539944180276,7.320395471650327,circular
674,1100,700,332.28794024181303,-85,-85,-85,-85,1350,700,359.6257949134531,7.320395471650327,circular
675,1100,700,332.28794024181303,-85,-85,-85,-85,1350,700,6.946190385103421,7.320395471650327,circular
676,1100,700,332.28794024181303,-85,-85,-85,-85,1350,700,14.266585856753748,7.320395471650327,circular
677,1100,700,332.28794024181303,-85,-85,-85,-85,1350,700,21.586981328404075,7.320395471650327,circular
678,1100,700,332.28794024181303,-85,-85,-85,-85,1350,700,28.9073768000544,7.320395471650327,circular
679,1100,700,332.28794024181303,-85,-85,-85,-85,1350,700,36.22777227170473,7.320395471650327,circular
680,1100,700,332.28794024181303,-85,-85,-85,-85,1350,700,43.54816774335506,7.320395471650327,circular
681,1100,700,332.28794024181303,-85,-85,-85,-85,1350,700,50.86856321500539,7.320395471650327,circular
682,1100,700,332.28794024181303,-85,-85,-85,-85,1350,700,58.18895868665572,7.320395471650327,circular
683,1100,700,332.28794024181303,-85,-85,-85,-85,1350,700,65.50935415830604,7.320395471650327,circular
684,1100,700,332.28794024181303,-85,-85,-85,-85,1350,700,72.82974962995637,7.320395471650327,circular
685,1100,700,332.28794024181303,-85,-85,-85,-85,1350,700,80.1501451016067,7.320395471650327,circular
686,1100,700,332.28794024181303,-85,-85,-85,-85,1350,700,87.47054057325703,7.320395471650327,circular
687,1100,700,332.28794024181303,-85,-85,-85,-85,1350,700,94.79093604490735,7.320395471650327,circular
688,1100,700,332.28794024181303,-85,-85,-85,-85,1350,700,102.11133151655768,7.320395471650327,circular
689,1100,700,332.28794024181303,-85,-85,-85,-85,1350,700,109.43172698820801,7.320395471650327,circular
690,1100,700,332.28794024181303,-85,-85,-85,-85,1350,700,116.75212245985834,7.320395471650327,circular
691,1100,700,332.28794024181303,-85,-85,-85,-85,1350,700,124.07251793150867,7.320395471650327,circular
692,1100,700,332.28794024181303,-85,-85,-85,-85,1350,700,131.39291340315899,7.320395471650327,circular
693,1100,700,332.28794024181303,-85,-85,-85,-85,1350,700,138.71330887480931,7.320395471650327,circular
694,1100,700,332.28794024181303,18.47430475951294,-85,-85,14.513447644213304,1350,700,146.03370434645964,7.320395471650327,circular
695,1100,700,332.28794024181303,22.170735458799452,-85,-85,20.97742610025734,1350,700,153.35409981810997,7.320395471650327,circular
696,1100,700,332.28794024181303,24.1582774269213,-85,-85,23.553218972269416,1350,700,160.6744952897603,7.320395471650327,circular
697,1100,700,332.28794024181303,25.157178905256924,-85,-85,24.78833704083229,1350,700,167.99489076141063,7.320395471650327,circular
698,1100,700,332.28794024181303,25.7492610641292,-85,-85,25.536951728381826,1350,700,175.31528623306096,7.320395471650327,circular
699,1100,700,332.28794024181303,26.053745949214605,-85,-85,25.9816463993744,1350,700,182.6356817047113,7.320395471650327,circular
700,1100,700,332.28794024181303,26.053745949214605,-85,-85,26.077602459396946,1350,700,189.95607717636162,7.320395471650327,circular
701,1100,700,332.28794024181303,25.807460623826316,-85,-85,25.946643644493044,1350,700,197.27647264801195,7.320395471650327,circular
702,1100,700,332.28794024181303,25.263344594616918,-85,-85,25.452908776355446,1350,700,204.59686811966228,7.320395471650327,circular
703,1100,700,332.28794024181303,24.1582774269213,-85,-85,24.646943359767004,1350,700,211.9172635913126,7.320395471650327,circular
704,1100,700,332.28794024181303,22.496022074683278,-85,-85,23.319699537123853,1350,700,219.23765906296293,7.320395471650327,circular
705,1100,700,332.28794024181303,19.25639156218219,-85,-85,20.48098321025059,1350,700,226.55805453461326,7.320395471650327,circular
706,1100,700,332.28794024181303,-85,-85,-85,11.50579409835762,1350,700,233.8784500062636,7.320395471650327,circular
707,1100,700,332.28794024181303,-85,-85,-85,-85,1350,700,241.19884547791392,7.320395471650327,circular
708,1100,700,332.28794024181303,-85,-85,-85,-85,1350,700,248.51924094956425,7.320395471650327,circular
709,1100,700,332.28794024181303,-85,-85,-85,-85,1350,700,255.83963642121458,7.320395471650327,circular
710,1100,700,332.28794024181303,-85,-85,-85,-85,1350,700,263.1600318928649,7.320395471650327,circular
711,1100,700,332.28794024181303,-85,-85,-85,-85,1350,700,270.4804273645152,7.320395471650327,circular
712,1100,700,332.28794024181303,-85,-85,-85,-85,1350,700,277.80082283616554,7.320395471650327,circular
713,1100,700,332.28794024181303,-85,-85,-85,-85,1350,700,285.12121830781587,7.320395471650327,circular
714,1100,700,332.28794024181303,-85,-85,-85,-85,1350,700,292.4416137794662,7.320395471650327,circular
715,1100,700,332.28794024181303,-85,-85,-85,-85,1350,700,299.7620092511165,7.320395471650327,circular
716,1100,700,332.28794024181303,-85,-85,-85,-85,1350,700,307.08240472276685,7.320395471650327,circular
717,1100,700,332.28794024181303,-85,-85,-85,-85,1350,700,314.4028001944172,7.320395471650327,circular
718,1100,700,332.28794024181303,-85,-85,-85,-85,1350,700,321.7231956660675,7.320395471650327,circular
719,1100,700,332.28794024181303,-85,-85,-85,-85,1350,700,329.04359113771784,7.320395471650327,circular
720,1100,700,332.28794024181303,-85,-85,-85,-85,1350,700,336.36398660936817,7.320395471650327,circular
721,1100,700,332.28794024181303,-85,-85,-85,-85,1350,700,343.6843820810185,7.320395471650327,circular
722,1100,700,332.28794024181303,-85,-85,-85,-85,1350,700,351.0047775526688,7.320395471650327,circular
723,1100,700,332.28794024181303,-85,-85,-85,-85,1350,700,358.32517302431916,7.320395471650327,circular
724,1100,700,332.28794024181303,-85,-85,-85,-85,1350,700,5.645568495969485,7.320395471650327,circular
725,1100,700,332.28794024181303,-85,-85,-85,-85,1350,700,12.965963967619812,7.320395471650327,circular
726,1100,700,332.28794024181303,-85,-85,-85,-85,1350,700,20.28635943927014,7.320395471650327,circular
727,1100,700,332.28794024181303,-85,-85,-85,-85,1350,700,27.606754910920465,7.320395471650327,circular
728,1100,700,332.28794024181303,-85,-85,-85,-85,1350,700,34.927150382570794,7.320395471650327,circular
729,1100,700,332.28794024181303,-85,-85,-85,-85,1350,700,42.24754585422112,7.320395471650327,circular
730,1100,700,332.28794024181303,-85,-85,-85,-85,1350,700,49.56794132587145,7.320395471650327,circular
731,1100,700,332.28794024181303,-85,-85,-85,-85,1350,700,56.88833679752178,7.320395471650327,circular
732,1100,700,332.28794024181303,-85,-85,-85,-85,1350,700,64.2087322691721,7.320395471650327,circular
733,1100,700,332.28794024181303,-85,-85,-85,-85,1350,700,71.52912774082243,7.320395471650327,circular
734,1100,700,332.28794024181303,-85,-85,-85,-85,1350,700,78.84952321247276,7.320395471650327,circular
735,1100,700,332.28794024181303,-85,-85,-85,-85,1350,700,86.16991868412309,7.320395471650327,circular
736,1100,700,332.28794024181303,-85,-85,-85,-85,1350,700,93.49031415577342,7.320395471650327,circular
737,1100,700,332.28794024181303,-85,-85,-85,-85,1350,700,100.81070962742375,7.320395471650327,circular
738,1100,700,332.28794024181303,-85,-85,-85,-85,1350,700,108.13110509907408,7.320395471650327,circular
739,1100,700,332.28794024181303,-85,-85,-85,-85,1350,700,115.4515005707244,7.320395471650327,circular
740,1100,700,332.28794024181303,-85,-85,-85,-85,1350,700,122.77189604237473,7.320395471650327,circular
741,1100,700,332.28794024181303,-85,-85,-85,-85,1350,700,130.09229151402505,7.320395471650327,circular
742,1100,700,332.28794024181303,-85,-85,-85,-85,1350,700,137.41268698567538,7.320395471650327,circular
743,1100,700,332.28794024181303,17.513155499392102,-85,-85,11.505794098357505,1350,700,144.7330824573257,7.320395471650327,circular
744,1100,700,332.28794024181303,21.813356630230874,-85,-85,20.48098321025059,1350,700,152.05347792897604,7.320395471650327,circular
745,1100,700,332.28794024181303,23.769789312347285,-85,-85,23.06730250275713,1350,700,159.37387340062637,7.320395471650327,circular
746,1100,700,332.28794024181303,25.042923900792417,-85,-85,24.646943359767004,1350,700,166.6942688722767,7.320395471650327,circular
747,1100,700,332.28794024181303,25.684904084789974,-85,-85,25.452908776355446,1350,700,174.01466434392702,7.320395471650327,circular
748,1100,700,332.28794024181303,26.011117049096303,-85,-85,25.906018829630398,1350,700,181.33505981557735,7.320395471650327,circular
749,1100,700,332.28794024181303,26.067010357935978,-85,-85,26.077602459396946,1350,700,188.65545528722768,7.320395471650327,circular
750,1100,700,332.28794024181303,25.859665714847075,-85,-85,25.9816463993744,1350,700,195.975850758878,7.320395471650327,circular
751,1100,700,332.28794024181303,25.361807294499556,-85,-85,25.614204328866276,1350,700,203.29624623052834,7.320395471650327,circular
752,1100,700,332.28794024181303,24.332711411139446,-85,-85,24.788337040832293,1350,700,210.61664170217867,7.320395471650327,circular
753,1100,700,332.28794024181303,22.793695368992225,-85,-85,23.553218972269416,1350,700,217.937037173829,7.320395471650327,circular
754,1100,700,332.28794024181303,19.914354227256315,-85,-85,21.418119305852123,1350,700,225.25743264547933,7.320395471650327,circular
755,1100,700,332.28794024181303,-85,-85,-85,14.513447644213265,1350,700,232.57782811712966,7.320395471650327,circular
756,1100,700,332.28794024181303,-85,-85,-85,-85,1350,700,239.89822358877998,7.320395471650327,circular
757,1100,700,332.28794024181303,-85,-85,-85,-85,1350,700,247.2186190604303,7.320395471650327,circular
758,1100,700,332.28794024181303,-85,-85,-85,-85,1350,700,254.53901453208064,7.320395471650327,circular
759,1100,700,332.28794024181303,-85,-85,-85,-85,1350,700,261.85941000373094,7.320395471650327,circular
760,1100,700,332.28794024181303,-85,-85,-85,-85,1350,700,269.1798054753813,7.320395471650327,circular
761,1100,700,332.28794024181303,-85,-85,-85,-85,1350,700,276.5002009470316,7.320395471650327,circular
762,1100,700,332.28794024181303,-85,-85,-85,-85,1350,700,283.82059641868193,7.320395471650327,circular
763,1100,700,332.28794024181303,-85,-85,-85,-85,1350,700,291.14099189033226,7.320395471650327,circular
764,1100,700,332.28794024181303,-85,-85,-85,-85,1350,700,298.4613873619826,7.320395471650327,circular
765,1100,700,332.28794024181303,-85,-85,-85,-85,1350,700,305.7817828336329,7.320395471650327,circular
766,1100,700,332.28794024181303,-85,-85,-85,-85,1350,700,313.10217830528325,7.320395471650327,circular
767,1100,700,332.28794024181303,-85,-85,-85,-85,1350,700,320.4225737769336,7.320395471650327,circular
768,1100,700,332.28794024181303,-85,-85,-85,-85,1350,700,327.7429692485839,7.320395471650327,circular
769,1100,700,332.28794024181303,-85,-85,-85,-85,1350,700,335.06336472023423,7.320395471650327,circular
770,1100,700,332.28794024181303,-85,-85,-85,-85,1350,700,342.38376019188456,7.320395471650327,circular
771,1100,700,332.28794024181303,-85,-85,-85,-85,1350,700,349.7041556635349,7.320395471650327,circular
772,1100,700,332.28794024181303,-85,-85,-85,-85,1350,700,357.0245511351852,7.320395471650327,circular
773,1100,700,332.28794024181303,-85,-85,-85,-85,1350,700,4.344946606835549,7.320395471650327,circular
774,1100,700,332.28794024181303,-85,-85,-85,-85,1350,700,11.665342078485876,7.320395471650327,circular
775,1100,700,332.28794024181303,-85,-85,-85,-85,1350,700,18.985737550136204,7.320395471650327,circular
776,1100,700,332.28794024181303,-85,-85,-85,-85,1350,700,26.30613302178653,7.320395471650327,circular
777,1100,700,332.28794024181303,-85,-85,-85,-85,1350,700,33.62652849343686,7.320395471650327,circular
778,1100,700,332.28794024181303,-85,-85,-85,-85,1350,700,40.94692396508719,7.320395471650327,circular
779,1100,700,332.28794024181303,-85,-85,-85,-85,1350,700,48.267319436737516,7.320395471650327,circular
780,1100,700,332.28794024181303,-85,-85,-85,-85,1350,700,55.587714908387845,7.320395471650327,circular
781,1100,700,332.28794024181303,-85,-85,-85,-85,1350,700,62.908110380038174,7.320395471650327,circular
782,1100,700,332.28794024181303,-85,-85,-85,-85,1350,700,70.2285058516885,7.320395471650327,circular
783,1100,700,332.28794024181303,-85,-85,-85,-85,1350,700,77.54890132333882,7.320395471650327,circular
784,1100,700,332.28794024181303,-85,-85,-85,-85,1350,700,84.86929679498915,7.320395471650327,circular
785,1100,700,332.28794024181303,-85,-85,-85,-85,1350,700,92.18969226663948,7.320395471650327,circular
786,1100,700,332.28794024181303,-85,-85,-85,-85,1350,700,99.51008773828981,7.320395471650327,circular
787,1100,700,332.28794024181303,-85,-85,-85,-85,1350,700,106.83048320994014,7.320395471650327,circular
788,1100,700,332.28794024181303,-85,-85,-85,-85,1350,700,114.15087868159047,7.320395471650327,circular
789,1100,700,332.28794024181303,-85,-85,-85,-85,1350,700,121.4712741532408,7.320395471650327,circular
790,1100,700,332.28794024181303,-85,-85,-85,-85,1350,700,128.7916696248911,7.320395471650327,circular
791,1100,700,332.28794024181303,-85,-85,-85,-85,1350,700,136.11206509654144,7.320395471650327,circular
792,1100,700,332.28794024181303,14.513447644213304,-85,-85,-85,1350,700,143.43246056819177,7.320395471650327,circular
793,1100,700,332.28794024181303,21.41811930585211,-85,-85,19.91435422725632,1350,700,150.7528560398421,7.320395471650327,circular
794,1100,700,332.28794024181303,23.553218972269416,-85,-85,22.793695368992218,1350,700,158.07325151149243,7.320395471650327,circular
795,1100,700,332.28794024181303,24.78833704083229,-85,-85,24.33271141113945,1350,700,165.39364698314276,7.320395471650327,circular
796,1100,700,332.28794024181303,25.614204328866276,-85,-85,25.36180729449956,1350,700,172.7140424547931,7.320395471650327,circular
797,1100,700,332.28794024181303,25.9816463993744,-85,-85,25.859665714847075,1350,700,180.03443792644342,7.320395471650327,circular
798,1100,700,332.28794024181303,26.077602459396946,-85,-85,26.067010357935978,1350,700,187.35483339809375,7.320395471650327,circular
799,1100,700,332.28794024181303,25.906018829630398,-85,-85,26.011117049096303,1350,700,194.67522886974407,7.320395471650327,circular
800,1100,700,332.28794024181303,25.452908776355446,-85,-85,25.684904084789977,1350,700,201.9956243413944,7.320395471650327,circular
801,1100,700,332.28794024181303,24.646943359767004,-85,-85,25.042923900792417,1350,700,209.31601981304473,7.320395471650327,circular
802,1100,700,332.28794024181303,23.067302502757133,-85,-85,23.769789312347285,1350,700,216.63641528469506,7.320395471650327,circular
803,1100,700,332.28794024181303,20.48098321025059,-85,-85,21.81335663023087,1350,700,223.9568107563454,7.320395471650327,circular
804,1100,700,332.28794024181303,11.50579409835762,-85,-85,17.51315549939211,1350,700,231.27720622799572,7.320395471650327,circular
805,1100,700,332.28794024181303,-85,-85,-85,-85,1350,700,238.59760169964605,7.320395471650327,circular
806,1100,700,332.28794024181303,-85,-85,-85,-85,1350,700,245.91799717129638,7.320395471650327,circular
807,1100,700,332.28794024181303,-85,-85,-85,-85,1350,700,253.2383926429467,7.320395471650327,circular
808,1100,700,332.28794024181303,-85,-85,-85,-85,1350,700,260.558788114597,7.320395471650327,circular
809,1100,700,332.28794024181303,-85,-85,-85,-85,1350,700,267.87918358624734,7.320395471650327,circular
810,1100,700,332.28794024181303,-85,-85,-85,-85,1350,700,275.19957905789767,7.320395471650327,circular
811,1100,700,332.28794024181303,-85,-85,-85,-85,1350,700,282.519974529548,7.320395471650327,circular
812,1100,700,332.28794024181303,-85,-85,-85,-85,1350,700,289.8403700011983,7.320395471650327,circular
813,1100,700,332.28794024181303,-85,-85,-85,-85,1350,700,297.16076547284865,7.320395471650327,circular
814,1100,700,332.28794024181303,-85,-85,-85,-85,1350,700,304.481160944499,7.320395471650327,circular
815,1100,700,332.28794024181303,-85,-85,-85,-85,1350,700,311.8015564161493,7.320395471650327,circular
816,1100,700,332.28794024181303,-85,-85,-85,-85,1350,700,319.12195188779964,7.320395471650327,circular
817,1100,700,332.28794024181303,-85,-85,-85,-85,1350,700,326.44234735944997,7.320395471650327,circular
818,1100,700,332.28794024181303,-85,-85,-85,-85,1350,700,333.7627428311003,7.320395471650327,circular
819,1100,700,332.28794024181303,-85,-85,-85,-85,1350,700,341.0831383027506,7.320395471650327,circular
820,1100,700,332.28794024181303,-85,-85,-85,-85,1350,700,348.40353377440096,7.320395471650327,circular
821,1100,700,332.28794024181303,-85,-85,-85,-85,1350,700,355.7239292460513,7.320395471650327,circular
822,1100,700,332.28794024181303,-85,-85,-85,-85,1350,700,3.0443247177016133,7.320395471650327,circular
823,1100,700,332.28794024181303,-85,-85,-85,-85,1350,700,10.36472018935194,7.320395471650327,circular
824,1100,700,332.28794024181303,-85,-85,-85,-85,1350,700,17.685115661002268,7.320395471650327,circular
825,1100,700,332.28794024181303,-85,-85,-85,-85,1350,700,25.005511132652593,7.320395471650327,circular
826,1100,700,332.28794024181303,-85,-85,-85,-85,1350,700,32.32590660430292,7.320395471650327,circular
827,1100,700,332.28794024181303,-85,-85,-85,-85,1350,700,39.64630207595325,7.320395471650327,circular
828,1100,700,332.28794024181303,-85,-85,-85,-85,1350,700,46.96669754760358,7.320395471650327,circular
829,1100,700,332.28794024181303,-85,-85,-85,-85,1350,700,54.28709301925391,7.320395471650327,circular
830,1100,700,332.28794024181303,-85,-85,-85,-85,1350,700,61.60748849090424,7.320395471650327,circular
831,1100,700,332.28794024181303,-85,-85,-85,-85,1350,700,68.92788396255456,7.320395471650327,circular
832,1100,700,332.28794024181303,-85,-85,-85,-85,1350,700,76.24827943420489,7.320395471650327,circular
833,1100,700,332.28794024181303,-85,-85,-85,-85,1350,700,83.56867490585522,7.320395471650327,circular
834,1100,700,332.28794024181303,-85,-85,-85,-85,1350,700,90.88907037750555,7.320395471650327,circular
835,1100,700,332.28794024181303,-85,-85,-85,-85,1350,700,98.20946584915588,7.320395471650327,circular
836,1100,700,332.28794024181303,-85,-85,-85,-85,1350,700,105.5298613208062,7.320395471650327,circular
837,1100,700,332.28794024181303,-85,-85,-85,-85,1350,700,112.85025679245653,7.320395471650327,circular
838,1100,700,332.28794024181303,-85,-85,-85,-85,1350,700,120.17065226410686,7.320395471650327,circular
839,1100,700,332.28794024181303,-85,-85,-85,-85,1350,700,127.49104773575719,7.320395471650327,circular
840,1100,700,332.28794024181303,-85,-85,-85,-85,1350,700,134.8114432074075,7.320395471650327,circular
841,1100,700,332.28794024181303,11.505794098357505,-85,-85,-85,1350,700,142.13183867905784,7.320395471650327,circular
842,1100,700,332.28794024181303,20.48098321025059,-85,-85,18.47430475951294,1350,700,149.45223415070816,7.320395471650327,circular
843,1100,700,332.28794024181303,23.31969953712386,-85,-85,22.496022074683278,1350,700,156.7726296223585,7.320395471650327,circular
844,1100,700,332.28794024181303,24.646943359767004,-85,-85,24.1582774269213,1350,700,164.09302509400882,7.320395471650327,circular
845,1100,700,332.28794024181303,25.452908776355446,-85,-85,25.157178905256924,1350,700,171.41342056565915,7.320395471650327,circular
846,1100,700,332.28794024181303,25.946643644493044,-85,-85,25.80746062382631,1350,700,178.73381603730948,7.320395471650327,circular
847,1100,700,332.28794024181303,26.077602459396946,-85,-85,26.053745949214605,1350,700,186.0542115089598,7.320395471650327,circular
848,1100,700,332.28794024181303,25.9816463993744,-85,-85,26.053745949214605,1350,700,193.37460698061014,7.320395471650327,circular
849,1100,700,332.28794024181303,25.536951728381826,-85,-85,25.7492610641292,1350,700,200.69500245226047,7.320395471650327,circular
850,1100,700,332.28794024181303,24.788337040832293,-85,-85,25.157178905256924,1350,700,208.0153979239108,7.320395471650327,circular
851,1100,700,332.28794024181303,23.553218972269416,-85,-85,24.1582774269213,1350,700,215.33579339556113,7.320395471650327,circular
852,1100,700,332.28794024181303,20.97742610025735,-85,-85,22.170735458799452,1350,700,222.65618886721145,7.320395471650327,circular
853,1100,700,332.28794024181303,14.513447644213265,-85,-85,18.474304759512954,1350,700,229.97658433886178,7.320395471650327,circular
854,1100,700,332.28794024181303,-85,-85,-85,-85,1350,700,237.2969798105121,7.320395471650327,circular
855,1100,700,332.28794024181303,-85,-85,-85,-85,1350,700,244.61737528216244,7.320395471650327,circular
856,1100,700,332.28794024181303,-85,-85,-85,-85,1350,700,251.93777075381277,7.320395471650327,circular
857,1100,700,332.28794024181303,-85,-85,-85,-85,1350,700,259.25816622546307,7.320395471650327,circular
858,1100,700,332.28794024181303,-85,-85,-85,-85,1350,700,266.5785616971134,7.320395471650327,circular
859,1100,700,332.28794024181303,-85,-85,-85,-85,1350,700,273.89895716876373,7.320395471650327,circular
860,1100,700,332.28794024181303,-85,-85,-85,-85,1350,700,281.21935264041406,7.320395471650327,circular
861,1100,700,332.28794024181303,-85,-85,-85,-85,1350,700,288.5397481120644,7.320395471650327,circular
862,1100,700,332.28794024181303,-85,-85,-85,-85,1350,700,295.8601435837147,7.320395471650327,circular
863,1100,700,332.28794024181303,-85,-85,-85,-85,1350,700,303.18053905536505,7.320395471650327,circular
864,1100,700,332.28794024181303,-85,-85,-85,-85,1350,700,310.5009345270154,7.320395471650327,circular
865,1100,700,332.28794024181303,-85,-85,-85,-85,1350,700,317.8213299986657,7.320395471650327,circular
866,1100,700,332.28794024181303,-85,-85,-85,-85,1350,700,325.14172547031603,7.320395471650327,circular
867,1100,700,332.28794024181303,-85,-85,-85,-85,1350,700,332.46212094196636,7.320395471650327,circular
868,1100,700,332.28794024181303,-85,-85,-85,-85,1350,700,339.7825164136167,7.320395471650327,circular
869,1100,700,332.28794024181303,-85,-85,-85,-85,1350,700,347.102911885267,7.320395471650327,circular
870,1100,700,332.28794024181303,-85,-85,-85,-85,1350,700,354.42330735691735,7.320395471650327,circular
871,1100,700,332.28794024181303,-85,-85,-85,-85,1350,700,1.7437028285676774,7.320395471650327,circular
872,1100,700,332.28794024181303,-85,-85,-85,-85,1350,700,9.064098300218005,7.320395471650327,circular
873,1100,700,332.28794024181303,-85,-85,-85,-85,1350,700,16.384493771868332,7.320395471650327,circular
874,1100,700,332.28794024181303,-85,-85,-85,-85,1350,700,23.704889243518657,7.320395471650327,circular
875,1100,700,332.28794024181303,-85,-85,-85,-85,1350,700,31.025284715168986,7.320395471650327,circular
876,1100,700,332.28794024181303,-85,-85,-85,-85,1350,700,38.345680186819315,7.320395471650327,circular
877,1100,700,332.28794024181303,-85,-85,-85,-85,1350,700,45.666075658469644,7.320395471650327,circular
878,1100,700,332.28794024181303,-85,-85,-85,-85,1350,700,52.98647113011997,7.320395471650327,circular
879,1100,700,332.28794024181303,-85,-85,-85,-85,1350,700,60.3068666017703,7.320395471650327,circular
880,1100,700,332.28794024181303,-85,-85,-85,-85,1350,700,67.62726207342062,7.320395471650327,circular
881,1100,700,332.28794024181303,-85,-85,-85,-85,1350,700,74.94765754507095,7.320395471650327,circular
882,1100,700,332.28794024181303,-85,-85,-85,-85,1350,700,82.26805301672128,7.320395471650327,circular
883,1100,700,332.28794024181303,-85,-85,-85,-85,1350,700,89.58844848837161,7.320395471650327,circular
884,1100,700,332.28794024181303,-85,-85,-85,-85,1350,700,96.90884396002194,7.320395471650327,circular
885,1100,700,332.28794024181303,-85,-85,-85,-85,1350,700,104.22923943167227,7.320395471650327,circular
886,1100,700,332.28794024181303,-85,-85,-85,-85,1350,700,111.5496349033226,7.320395471650327,circular
887,1100,700,332.28794024181303,-85,-85,-85,-85,1350,700,118.87003037497293,7.320395471650327,circular
888,1100,700,332.28794024181303,-85,-85,-85,-85,1350,700,126.19042584662326,7.320395471650327,circular
889,1100,700,332.28794024181303,-85,-85,-85,-85,1350,700,133.51082131827357,7.320395471650327,circular
890,1100,700,332.28794024181303,-85,-85,-85,-85,1350,700,140.8312167899239,7.320395471650327,circular
891,1100,700,332.28794024181303,19.91435422725632,-85,-85,17.513155499392102,1350,700,148.15161226157423,7.320395471650327,circular
892,1100,700,332.28794024181303,22.793695368992218,-85,-85,21.813356630230874,1350,700,155.47200773322456,7.320395471650327,circular
893,1100,700,332.28794024181303,24.495315191602927,-85,-85,23.971022246457757,1350,700,162.7924032048749,7.320395471650327,circular
894,1100,700,332.28794024181303,25.36180729449956,-85,-85,25.042923900792417,1350,700,170.11279867652522,7.320395471650327,circular
895,1100,700,332.28794024181303,25.859665714847075,-85,-85,25.684904084789974,1350,700,177.43319414817555,7.320395471650327,circular
896,1100,700,332.28794024181303,26.074956048612798,-85,-85,26.035130213615616,1350,700,184.75358961982587,7.320395471650327,circular
897,1100,700,332.28794024181303,26.011117049096303,-85,-85,26.067010357935978,1350,700,192.0739850914762,7.320395471650327,circular
898,1100,700,332.28794024181303,25.684904084789977,-85,-85,25.859665714847075,1350,700,199.39438056312653,7.320395471650327,circular
899,1100,700,332.28794024181303,24.92014212493214,-85,-85,25.263344594616918,1350,700,206.71477603477686,7.320395471650327,circular
900,1100,700,332.28794024181303,23.769789312347285,-85,-85,24.332711411139446,1350,700,214.0351715064272,7.320395471650327,circular
901,1100,700,332.28794024181303,21.81335663023087,-85,-85,22.793695368992225,1350,700,221.35556697807752,7.320395471650327,circular
902,1100,700,332.28794024181303,16.269948115724716,-85,-85,19.25639156218219,1350,700,228.67596244972785,7.320395471650327,circular
903,1100,700,332.28794024181303,-85,-85,-85,-85,1350,700,235.99635792137818,7.320395471650327,circular
904,1100,700,332.28794024181303,-85,-85,-85,-85,1350,700,243.3167533930285,7.320395471650327,circular
905,1100,700,332.28794024181303,-85,-85,-85,-85,1350,700,250.63714886467884,7.320395471650327,circular
906,1100,700,332.28794024181303,-85,-85,-85,-85,1350,700,257.95754433632914,7.320395471650327,circular
907,1100,700,332.28794024181303,-85,-85,-85,-85,1350,700,265.27793980797946,7.320395471650327,circular
908,1100,700,332.28794024181303,-85,-85,-85,-85,1350,700,272.5983352796298,7.320395471650327,circular
909,1100,700,332.28794024181303,-85,-85,-85,-85,1350,700,279.9187307512801,7.320395471650327,circular
910,1100,700,332.28794024181303,-85,-85,-85,-85,1350,700,287.23912622293045,7.320395471650327,circular
911,1100,700,332.28794024181303,-85,-85,-85,-85,1350,700,294.5595216945808,7.320395471650327,circular
912,1100,700,332.28794024181303,-85,-85,-85,-85,1350,700,301.8799171662311,7.320395471650327,circular
913,1100,700,332.28794024181303,-85,-85,-85,-85,1350,700,309.20031263788144,7.320395471650327,circular
914,1100,700,332.28794024181303,-85,-85,-85,-85,1350,700,316.52070810953177,7.320395471650327,circular
915,1100,700,332.28794024181303,-85,-85,-85,-85,1350,700,323.8411035811821,7.320395471650327,circular
916,1100,700,332.28794024181303,-85,-85,-85,-85,1350,700,331.1614990528324,7.320395471650327,circular
917,1100,700,332.28794024181303,-85,-85,-85,-85,1350,700,338.48189452448275,7.320395471650327,circular
918,1100,700,332.28794024181303,-85,-85,-85,-85,1350,700,345.8022899961331,7.320395471650327,circular
919,1100,700,332.28794024181303,-85,-85,-85,-85,1350,700,353.1226854677834,7.320395471650327,circular
920,1100,700,332.28794024181303,-85,-85,-85,-85,1350,700,0.4430809394337416,7.320395471650327,circular
921,1100,700,332.28794024181303,-85,-85,-85,-85,1350,700,7.763476411084069,7.320395471650327,circular
922,1100,700,332.28794024181303,-85,-85,-85,-85,1350,700,15.083871882734396,7.320395471650327,circular
923,1100,700,332.28794024181303,-85,-85,-85,-85,1350,700,22.40426735438472,7.320395471650327,circular
924,1100,700,332.28794024181303,-85,-85,-85,-85,1350,700,29.72466282603505,7.320395471650327,circular
925,1100,700,332.28794024181303,-85,-85,-85,-85,1350,700,37.04505829768538,7.320395471650327,circular
926,1100,700,332.28794024181303,-85,-85,-85,-85,1350,700,44.36545376933571,7.320395471650327,circular
927,1100,700,332.28794024181303,-85,-85,-85,-85,1350,700,51.68584924098604,7.320395471650327,circular
928,1100,700,332.28794024181303,-85,-85,-85,-85,1350,700,59.00624471263637,7.320395471650327,circular
929,1100,700,332.28794024181303,-85,-85,-85,-85,1350,700,66.32664018428669,7.320395471650327,circular
930,1100,700,332.28794024181303,-85,-85,-85,-85,1350,700,73.64703565593702,7.320395471650327,circular
931,1100,700,332.28794024181303,-85,-85,-85,-85,1350,700,80.96743112758735,7.320395471650327,circular
932,1100,700,332.28794024181303,-85,-85,-85,-85,1350,700,88.28782659923768,7.320395471650327,circular
933,1100,700,332.28794024181303,-85,-85,-85,-85,1350,700,95.608222070888,7.320395471650327,circular
934,1100,700,332.28794024181303,-85,-85,-85,-85,1350,700,102.92861754253833,7.320395471650327,circular
935,1100,700,332.28794024181303,-85,-85,-85,-85,1350,700,110.24901301418866,7.320395471650327,circular
936,1100,700,332.28794024181303,-85,-85,-85,-85,1350,700,117.56940848583899,7.320395471650327,circular
937,1100,700,332.28794024181303,-85,-85,-85,-85,1350,700,124.88980395748932,7.320395471650327,circular
938,1100,700,332.28794024181303,-85,-85,-85,-85,1350,700,132.21019942913964,7.320395471650327,circular
939,1100,700,332.28794024181303,-85,-85,-85,-85,1350,700,139.53059490078996,7.320395471650327,circular
940,1100,700,332.28794024181303,19.25639156218217,-85,-85,16.269948115724727,1350,700,146.8509903724403,7.320395471650327,circular
941,1100,700,332.28794024181303,22.496022074683278,-85,-85,21.41811930585211,1350,700,154.17138584409062,7.320395471650327,circular
942,1100,700,332.28794024181303,24.1582774269213,-85,-85,23.553218972269416,1350,700,161.49178131574095,7.320395471650327,circular
943,1100,700,332.28794024181303,25.26334459461691,-85,-85,24.92014212493214,1350,700,168.81217678739128,7.320395471650327,circular
944,1100,700,332.28794024181303,25.80746062382631,-85,-85,25.614204328866276,1350,700,176.1325722590416,7.320395471650327,circular
945,1100,700,332.28794024181303,26.053745949214605,-85,-85,25.9816463993744,1350,700,183.45296773069194,7.320395471650327,circular
946,1100,700,332.28794024181303,26.035130213615616,-85,-85,26.074956048612798,1350,700,190.77336320234227,7.320395471650327,circular
947,1100,700,332.28794024181303,25.7492610641292,-85,-85,25.906018829630398,1350,700,198.0937586739926,7.320395471650327,circular
948,1100,700,332.28794024181303,25.157178905256924,-85,-85,25.452908776355446,1350,700,205.41415414564293,7.320395471650327,circular
949,1100,700,332.28794024181303,23.97102224645776,-85,-85,24.495315191602927,1350,700,212.73454961729325,7.320395471650327,circular
950,1100,700,332.28794024181303,22.170735458799452,-85,-85,23.067302502757133,1350,700,220.05494508894358,7.320395471650327,circular
951,1100,700,332.28794024181303,18.474304759512954,-85,-85,20.48098321025059,1350,700,227.3753405605939,7.320395471650327,circular
952,1100,700,332.28794024181303,-85,-85,-85,-85,1350,700,234.69573603224424,7.320395471650327,circular
953,1100,700,332.28794024181303,-85,-85,-85,-85,1350,700,242.01613150389457,7.320395471650327,circular
954,1100,700,332.28794024181303,-85,-85,-85,-85,1350,700,249.3365269755449,7.320395471650327,circular
955,1100,700,332.28794024181303,-85,-85,-85,-85,1350,700,256.6569224471952,7.320395471650327,circular
956,1100,700,332.28794024181303,-85,-85,-85,-85,1350,700,263.97731791884553,7.320395471650327,circular
957,1100,700,332.28794024181303,-85,-85,-85,-85,1350,700,271.29771339049586,7.320395471650327,circular
958,1100,700,332.28794024181303,-85,-85,-85,-85,1350,700,278.6181088621462,7.320395471650327,circular
959,1100,700,332.28794024181303,-85,-85,-85,-85,1350,700,285.9385043337965,7.320395471650327,circular
960,1100,700,332.28794024181303,-85,-85,-85,-85,1350,700,293.25889980544684,7.320395471650327,circular
961,1100,700,332.28794024181303,-85,-85,-85,-85,1350,700,300.5792952770972,7.320395471650327,circular
962,1100,700,332.28794024181303,-85,-85,-85,-85,1350,700,307.8996907487475,7.320395471650327,circular
963,1100,700,332.28794024181303,-85,-85,-85,-85,1350,700,315.22008622039783,7.320395471650327,circular
964,1100,700,332.28794024181303,-85,-85,-85,-85,1350,700,322.54048169204816,7.320395471650327,circular
965,1100,700,332.28794024181303,-85,-85,-85,-85,1350,700,329.8608771636985,7.320395471650327,circular
966,1100,700,332.28794024181303,-85,-85,-85,-85,1350,700,337.1812726353488,7.320395471650327,circular
967,1100,700,332.28794024181303,-85,-85,-85,-85,1350,700,344.50166810699915,7.320395471650327,circular
968,1100,700,332.28794024181303,-85,-85,-85,-85,1350,700,351.8220635786495,7.320395471650327,circular
969,1100,700,332.28794024181303,-85,-85,-85,-85,1350,700,359.1424590502998,7.320395471650327,circular
970,1100,700,332.28794024181303,-85,-85,-85,-85,1350,700,6.462854521950135,7.320395471650327,circular
971,1100,700,332.28794024181303,-85,-85,-85,-85,1350,700,13.783249993600462,7.320395471650327,circular
972,1100,700,332.28794024181303,-85,-85,-85,-85,1350,700,21.10364546525079,7.320395471650327,circular
973,1100,700,332.28794024181303,-85,-85,-85,-85,1350,700,28.424040936901115,7.320395471650327,circular
974,1100,700,332.28794024181303,-85,-85,-85,-85,1350,700,35.744436408551444,7.320395471650327,circular
975,1100,700,332.28794024181303,-85,-85,-85,-85,1350,700,43.06483188020177,7.320395471650327,circular
976,1100,700,332.28794024181303,-85,-85,-85,-85,1350,700,50.3852273518521,7.320395471650327,circular
977,1100,700,332.28794024181303,-85,-85,-85,-85,1350,700,57.70562282350243,7.320395471650327,circular
978,1100,700,332.28794024181303,-85,-85,-85,-85,1350,700,65.02601829515275,7.320395471650327,circular
979,1100,700,332.28794024181303,-85,-85,-85,-85,1350,700,72.34641376680308,7.320395471650327,circular
980,1100,700,332.28794024181303,-85,-85,-85,-85,1350,700,79.66680923845341,7.320395471650327,circular
981,1100,700,332.28794024181303,-85,-85,-85,-85,1350,700,86.98720471010374,7.320395471650327,circular
982,1100,700,332.28794024181303,-85,-85,-85,-85,1350,700,94.30760018175407,7.320395471650327,circular
983,1100,700,332.28794024181303,-85,-85,-85,-85,1350,700,101.6279956534044,7.320395471650327,circular
984,1100,700,332.28794024181303,-85,-85,-85,-85,1350,700,108.94839112505473,7.320395471650327,circular
985,1100,700,332.28794024181303,-85,-85,-85,-85,1350,700,116.26878659670506,7.320395471650327,circular
986,1100,700,332.28794024181303,-85,-85,-85,-85,1350,700,123.58918206835538,7.320395471650327,circular
987,1100,700,332.28794024181303,-85,-85,-85,-85,1350,700,130.9095775400057,7.320395471650327,circular
988,1100,700,332.28794024181303,-85,-85,-85,-85,1350,700,138.22997301165603,7.320395471650327,circular
989,1100,700,332.28794024181303,17.513155499392102,-85,-85,14.513447644213304,1350,700,145.55036848330636,7.320395471650327,circular
990,1100,700,332.28794024181303,22.170735458799452,-85,-85,20.97742610025734,1350,700,152.8707639549567,7.320395471650327,circular
991,1100,700,332.28794024181303,23.971022246457757,-85,-85,23.31969953712386,1350,700,160.19115942660702,7.320395471650327,circular
992,1100,700,332.28794024181303,25.042923900792417,-85,-85,24.646943359767004,1350,700,167.51155489825734,7.320395471650327,circular
993,1100,700,332.28794024181303,25.7492610641292,-85,-85,25.536951728381826,1350,700,174.83195036990767,7.320395471650327,circular
994,1100,700,332.28794024181303,26.035130213615616,-85,-85,25.946643644493044,1350,700,182.152345841558,7.320395471650327,circular
995,1100,700,332.28794024181303,26.067010357935978,-85,-85,26.077602459396946,1350,700,189.47274131320833,7.320395471650327,circular
996,1100,700,332.28794024181303,25.807460623826316,-85,-85,25.946643644493044,1350,700,196.79313678485866,7.320395471650327,circular
997,1100,700,332.28794024181303,25.263344594616918,-85,-85,25.536951728381826,1350,700,204.113532256509,7.320395471650327,circular
998,1100,700,332.28794024181303,24.332711411139446,-85,-85,24.788337040832293,1350,700,211.43392772815932,7.320395471650327,circular
999,1100,700,332.28794024181303,22.496022074683278,-85,-85,23.319699537123853,1350,700,218.75432319980965,7.320395471650327,circular
